=========Notice: Full run mode=========
current_playwright_page_split_num is 1
=======================================
🏊 create_context_pools[first] (5x16): 15.497s
Testing: csp_id=480, page_id=0, browser=Firefox
Testing: csp_id=480, page_id=100, browser=Firefox
Testing: csp_id=480, page_id=200, browser=Firefox
Testing: csp_id=480, page_id=300, browser=Firefox
Testing: csp_id=480, page_id=400, browser=Firefox
Testing: csp_id=480, page_id=500, browser=Firefox
Testing: csp_id=480, page_id=600, browser=Firefox
Testing: csp_id=480, page_id=700, browser=Firefox
Testing: csp_id=480, page_id=800, browser=Firefox
Testing: csp_id=480, page_id=900, browser=Firefox
Testing: csp_id=480, page_id=1000, browser=Firefox
Testing: csp_id=480, page_id=1100, browser=Firefox
Testing: csp_id=480, page_id=1200, browser=Firefox
Testing: csp_id=480, page_id=1300, browser=Firefox
Testing: csp_id=480, page_id=1400, browser=Firefox
Testing: csp_id=480, page_id=1500, browser=Firefox
Testing: csp_id=480, page_id=1600, browser=Firefox
Testing: csp_id=480, page_id=1700, browser=Firefox
Testing: csp_id=480, page_id=1800, browser=Firefox
Testing: csp_id=480, page_id=1900, browser=Firefox
Testing: csp_id=480, page_id=2000, browser=Firefox
Testing: csp_id=480, page_id=2100, browser=Firefox
Testing: csp_id=480, page_id=2200, browser=Firefox
Testing: csp_id=480, page_id=2300, browser=Firefox
Testing: csp_id=480, page_id=2400, browser=Firefox
Testing: csp_id=480, page_id=2500, browser=Firefox
Testing: csp_id=480, page_id=2600, browser=Firefox
Testing: csp_id=480, page_id=2700, browser=Firefox
Testing: csp_id=480, page_id=2800, browser=Firefox
Testing: csp_id=480, page_id=2900, browser=Firefox
Testing: csp_id=480, page_id=3000, browser=Firefox
Testing: csp_id=480, page_id=3100, browser=Firefox
Testing: csp_id=480, page_id=3200, browser=Firefox
Testing: csp_id=480, page_id=3300, browser=Firefox
Testing: csp_id=480, page_id=3400, browser=Firefox
Testing: csp_id=480, page_id=3500, browser=Firefox
Testing: csp_id=480, page_id=3600, browser=Firefox
Testing: csp_id=480, page_id=3700, browser=Firefox
Testing: csp_id=480, page_id=3800, browser=Firefox
Testing: csp_id=480, page_id=3900, browser=Firefox
Testing: csp_id=480, page_id=4000, browser=Firefox
Testing: csp_id=480, page_id=4100, browser=Firefox
Testing: csp_id=480, page_id=4200, browser=Firefox
Testing: csp_id=480, page_id=4300, browser=Firefox
Testing: csp_id=480, page_id=4400, browser=Firefox
Testing: csp_id=480, page_id=4500, browser=Firefox
Testing: csp_id=480, page_id=4600, browser=Firefox
Testing: csp_id=480, page_id=4700, browser=Firefox
Testing: csp_id=480, page_id=4800, browser=Firefox
Testing: csp_id=480, page_id=4900, browser=Firefox
Testing: csp_id=480, page_id=5000, browser=Firefox
Testing: csp_id=480, page_id=5100, browser=Firefox
Testing: csp_id=480, page_id=5200, browser=Firefox
Testing: csp_id=480, page_id=5300, browser=Firefox
Testing: csp_id=480, page_id=5400, browser=Firefox
Testing: csp_id=480, page_id=5500, browser=Firefox
Testing: csp_id=480, page_id=5600, browser=Firefox
Testing: csp_id=480, page_id=5700, browser=Firefox
Testing: csp_id=480, page_id=5800, browser=Firefox
Testing: csp_id=480, page_id=5900, browser=Firefox
Testing: csp_id=480, page_id=6000, browser=Firefox
Testing: csp_id=480, page_id=6100, browser=Firefox
Testing: csp_id=480, page_id=6200, browser=Firefox
Testing: csp_id=480, page_id=6300, browser=Firefox
Testing: csp_id=480, page_id=6400, browser=Firefox
Testing: csp_id=480, page_id=6500, browser=Firefox
Testing: csp_id=480, page_id=6600, browser=Firefox
Testing: csp_id=480, page_id=6700, browser=Firefox
Testing: csp_id=480, page_id=6800, browser=Firefox
Testing: csp_id=480, page_id=6900, browser=Firefox
Testing: csp_id=480, page_id=7000, browser=Firefox
Testing: csp_id=480, page_id=7100, browser=Firefox
Testing: csp_id=480, page_id=7200, browser=Firefox
Testing: csp_id=480, page_id=7300, browser=Firefox
Testing: csp_id=480, page_id=7400, browser=Firefox
Testing: csp_id=480, page_id=7500, browser=Firefox
Testing: csp_id=480, page_id=7600, browser=Firefox
Testing: csp_id=480, page_id=7700, browser=Firefox
Testing: csp_id=480, page_id=7800, browser=Firefox
Testing: csp_id=480, page_id=7900, browser=Firefox
Testing: csp_id=480, page_id=8000, browser=Firefox
Testing: csp_id=480, page_id=8100, browser=Firefox
Testing: csp_id=480, page_id=8200, browser=Firefox
Testing: csp_id=480, page_id=8300, browser=Firefox
Testing: csp_id=480, page_id=8400, browser=Firefox
Testing: csp_id=480, page_id=8500, browser=Firefox
Testing: csp_id=480, page_id=8600, browser=Firefox
Testing: csp_id=480, page_id=8700, browser=Firefox
Testing: csp_id=480, page_id=8800, browser=Firefox
Testing: csp_id=480, page_id=8900, browser=Firefox
Testing: csp_id=480, page_id=9000, browser=Firefox
Testing: csp_id=480, page_id=9100, browser=Firefox
Testing: csp_id=480, page_id=9200, browser=Firefox
Testing: csp_id=480, page_id=9300, browser=Firefox
Testing: csp_id=480, page_id=9400, browser=Firefox
Testing: csp_id=480, page_id=9500, browser=Firefox
Testing: csp_id=480, page_id=9600, browser=Firefox
Testing: csp_id=480, page_id=9700, browser=Firefox
Testing: csp_id=480, page_id=9800, browser=Firefox
Testing: csp_id=480, page_id=9900, browser=Firefox
Testing: csp_id=480, page_id=10000, browser=Firefox
Testing: csp_id=480, page_id=10100, browser=Firefox
Testing: csp_id=480, page_id=10200, browser=Firefox
Testing: csp_id=480, page_id=10300, browser=Firefox
Testing: csp_id=480, page_id=10400, browser=Firefox
Testing: csp_id=480, page_id=10500, browser=Firefox
Testing: csp_id=480, page_id=10600, browser=Firefox
Testing: csp_id=480, page_id=10700, browser=Firefox
Testing: csp_id=480, page_id=10800, browser=Firefox
Testing: csp_id=480, page_id=10900, browser=Firefox
Testing: csp_id=480, page_id=11000, browser=Firefox
Testing: csp_id=480, page_id=11100, browser=Firefox
Testing: csp_id=480, page_id=11200, browser=Firefox
Testing: csp_id=480, page_id=11300, browser=Firefox
Testing: csp_id=480, page_id=11400, browser=Firefox
Testing: csp_id=480, page_id=11500, browser=Firefox
Testing: csp_id=480, page_id=11600, browser=Firefox
Testing: csp_id=480, page_id=11700, browser=Firefox
Testing: csp_id=480, page_id=11800, browser=Firefox
Testing: csp_id=480, page_id=11900, browser=Firefox
Testing: csp_id=480, page_id=12000, browser=Firefox
Testing: csp_id=480, page_id=12100, browser=Firefox
Testing: csp_id=480, page_id=12200, browser=Firefox
Testing: csp_id=480, page_id=12300, browser=Firefox
Testing: csp_id=480, page_id=12400, browser=Firefox
Testing: csp_id=480, page_id=12500, browser=Firefox
Testing: csp_id=480, page_id=12600, browser=Firefox
Testing: csp_id=480, page_id=12700, browser=Firefox
Testing: csp_id=480, page_id=12800, browser=Firefox
Testing: csp_id=480, page_id=12900, browser=Firefox
Testing: csp_id=480, page_id=13000, browser=Firefox
Testing: csp_id=480, page_id=13100, browser=Firefox
Testing: csp_id=480, page_id=13200, browser=Firefox
Testing: csp_id=480, page_id=13300, browser=Firefox
Testing: csp_id=480, page_id=13400, browser=Firefox
Testing: csp_id=480, page_id=13500, browser=Firefox
Testing: csp_id=480, page_id=13600, browser=Firefox
Testing: csp_id=480, page_id=13700, browser=Firefox
Testing: csp_id=480, page_id=13800, browser=Firefox
Testing: csp_id=480, page_id=13900, browser=Firefox
Testing: csp_id=480, page_id=14000, browser=Firefox
Testing: csp_id=480, page_id=14100, browser=Firefox
Testing: csp_id=480, page_id=14200, browser=Firefox
Testing: csp_id=480, page_id=14300, browser=Firefox
Testing: csp_id=480, page_id=14400, browser=Firefox
Testing: csp_id=480, page_id=14500, browser=Firefox
Testing: csp_id=480, page_id=14600, browser=Firefox
Testing: csp_id=480, page_id=14700, browser=Firefox
Testing: csp_id=480, page_id=14800, browser=Firefox
Testing: csp_id=480, page_id=14900, browser=Firefox
Testing: csp_id=480, page_id=15000, browser=Firefox
Testing: csp_id=480, page_id=15100, browser=Firefox
Testing: csp_id=480, page_id=15200, browser=Firefox
Testing: csp_id=480, page_id=15300, browser=Firefox
Testing: csp_id=480, page_id=15400, browser=Firefox
Testing: csp_id=480, page_id=15500, browser=Firefox
Testing: csp_id=480, page_id=15600, browser=Firefox
Testing: csp_id=480, page_id=15700, browser=Firefox
Testing: csp_id=480, page_id=15800, browser=Firefox
Testing: csp_id=480, page_id=15900, browser=Firefox
Testing: csp_id=480, page_id=16000, browser=Firefox
Testing: csp_id=480, page_id=16100, browser=Firefox
Testing: csp_id=480, page_id=16200, browser=Firefox
Testing: csp_id=480, page_id=16300, browser=Firefox
Testing: csp_id=480, page_id=16400, browser=Firefox
Testing: csp_id=480, page_id=16500, browser=Firefox
Testing: csp_id=480, page_id=16600, browser=Firefox
Testing: csp_id=480, page_id=16700, browser=Firefox
Testing: csp_id=480, page_id=16800, browser=Firefox
Testing: csp_id=480, page_id=16900, browser=Firefox
Testing: csp_id=480, page_id=17000, browser=Firefox
Testing: csp_id=480, page_id=17100, browser=Firefox
Testing: csp_id=480, page_id=17200, browser=Firefox
Testing: csp_id=480, page_id=17300, browser=Firefox
Testing: csp_id=480, page_id=17400, browser=Firefox
Testing: csp_id=480, page_id=17500, browser=Firefox
Testing: csp_id=480, page_id=17600, browser=Firefox
Testing: csp_id=480, page_id=17700, browser=Firefox
Testing: csp_id=480, page_id=17800, browser=Firefox
Testing: csp_id=480, page_id=17900, browser=Firefox
Testing: csp_id=480, page_id=18000, browser=Firefox
Testing: csp_id=480, page_id=18100, browser=Firefox
Testing: csp_id=480, page_id=18200, browser=Firefox
Testing: csp_id=480, page_id=18300, browser=Firefox
Testing: csp_id=480, page_id=18400, browser=Firefox
Testing: csp_id=480, page_id=18500, browser=Firefox
Testing: csp_id=480, page_id=18600, browser=Firefox
Testing: csp_id=480, page_id=18700, browser=Firefox
Testing: csp_id=480, page_id=18800, browser=Firefox
Testing: csp_id=480, page_id=18900, browser=Firefox
Testing: csp_id=480, page_id=19000, browser=Firefox
Testing: csp_id=480, page_id=19100, browser=Firefox
Testing: csp_id=480, page_id=19200, browser=Firefox
Testing: csp_id=480, page_id=19300, browser=Firefox
Testing: csp_id=480, page_id=19400, browser=Firefox
Testing: csp_id=480, page_id=19500, browser=Firefox
Testing: csp_id=480, page_id=19600, browser=Firefox
Testing: csp_id=480, page_id=19700, browser=Firefox
Testing: csp_id=480, page_id=19800, browser=Firefox
Testing: csp_id=480, page_id=19900, browser=Firefox
Testing: csp_id=480, page_id=20000, browser=Firefox
Testing: csp_id=480, page_id=20100, browser=Firefox
Testing: csp_id=480, page_id=20200, browser=Firefox
Testing: csp_id=480, page_id=20300, browser=Firefox
Testing: csp_id=480, page_id=20400, browser=Firefox
Testing: csp_id=480, page_id=20500, browser=Firefox
Testing: csp_id=480, page_id=20600, browser=Firefox
Testing: csp_id=480, page_id=20700, browser=Firefox
Testing: csp_id=480, page_id=20800, browser=Firefox
Testing: csp_id=480, page_id=20900, browser=Firefox
Testing: csp_id=480, page_id=21000, browser=Firefox
Testing: csp_id=480, page_id=21100, browser=Firefox
Testing: csp_id=480, page_id=21200, browser=Firefox
Testing: csp_id=480, page_id=21300, browser=Firefox
Testing: csp_id=480, page_id=21400, browser=Firefox
Testing: csp_id=480, page_id=21500, browser=Firefox
Testing: csp_id=480, page_id=21600, browser=Firefox
Testing: csp_id=480, page_id=21700, browser=Firefox
Testing: csp_id=480, page_id=21800, browser=Firefox
Testing: csp_id=480, page_id=21900, browser=Firefox
Testing: csp_id=480, page_id=22000, browser=Firefox
Testing: csp_id=480, page_id=22100, browser=Firefox
Testing: csp_id=480, page_id=22200, browser=Firefox
Testing: csp_id=480, page_id=22300, browser=Firefox
Testing: csp_id=480, page_id=22400, browser=Firefox
Testing: csp_id=480, page_id=22500, browser=Firefox
Testing: csp_id=480, page_id=22600, browser=Firefox
Testing: csp_id=480, page_id=22700, browser=Firefox
Testing: csp_id=480, page_id=22800, browser=Firefox
Testing: csp_id=480, page_id=22900, browser=Firefox
Testing: csp_id=480, page_id=23000, browser=Firefox
Testing: csp_id=480, page_id=23100, browser=Firefox
Testing: csp_id=480, page_id=23200, browser=Firefox
Testing: csp_id=480, page_id=23300, browser=Firefox
Testing: csp_id=480, page_id=23400, browser=Firefox
Testing: csp_id=480, page_id=23500, browser=Firefox
Testing: csp_id=480, page_id=23600, browser=Firefox
Testing: csp_id=480, page_id=23700, browser=Firefox
Testing: csp_id=480, page_id=23800, browser=Firefox
Testing: csp_id=480, page_id=23900, browser=Firefox
Testing: csp_id=480, page_id=24000, browser=Firefox
Testing: csp_id=480, page_id=24100, browser=Firefox
Testing: csp_id=480, page_id=24200, browser=Firefox
Testing: csp_id=480, page_id=24300, browser=Firefox
Testing: csp_id=480, page_id=24400, browser=Firefox
Testing: csp_id=480, page_id=24500, browser=Firefox
Testing: csp_id=480, page_id=24600, browser=Firefox
Testing: csp_id=480, page_id=24700, browser=Firefox
Testing: csp_id=480, page_id=24800, browser=Firefox
Testing: csp_id=480, page_id=24900, browser=Firefox
Testing: csp_id=480, page_id=25000, browser=Firefox
Testing: csp_id=480, page_id=25100, browser=Firefox
Testing: csp_id=480, page_id=25200, browser=Firefox
Testing: csp_id=480, page_id=25300, browser=Firefox
Testing: csp_id=480, page_id=25400, browser=Firefox
Testing: csp_id=480, page_id=25500, browser=Firefox
Testing: csp_id=480, page_id=25600, browser=Firefox
Testing: csp_id=480, page_id=25700, browser=Firefox
Testing: csp_id=480, page_id=25800, browser=Firefox
Testing: csp_id=480, page_id=25900, browser=Firefox
Testing: csp_id=480, page_id=26000, browser=Firefox
Testing: csp_id=480, page_id=26100, browser=Firefox
Testing: csp_id=480, page_id=26200, browser=Firefox
Testing: csp_id=480, page_id=26300, browser=Firefox
Testing: csp_id=480, page_id=26400, browser=Firefox
Testing: csp_id=480, page_id=26500, browser=Firefox
Testing: csp_id=480, page_id=26600, browser=Firefox
Testing: csp_id=480, page_id=26700, browser=Firefox
Testing: csp_id=480, page_id=26800, browser=Firefox
Testing: csp_id=480, page_id=26900, browser=Firefox
Testing: csp_id=480, page_id=27000, browser=Firefox
Testing: csp_id=480, page_id=27100, browser=Firefox
Testing: csp_id=480, page_id=27200, browser=Firefox
Testing: csp_id=480, page_id=27300, browser=Firefox
Testing: csp_id=480, page_id=27400, browser=Firefox
Testing: csp_id=480, page_id=27500, browser=Firefox
Testing: csp_id=480, page_id=27600, browser=Firefox
Testing: csp_id=480, page_id=27700, browser=Firefox
Testing: csp_id=480, page_id=27800, browser=Firefox
Testing: csp_id=480, page_id=27900, browser=Firefox
Testing: csp_id=480, page_id=28000, browser=Firefox
Testing: csp_id=480, page_id=28100, browser=Firefox
Testing: csp_id=480, page_id=28200, browser=Firefox
Testing: csp_id=480, page_id=28300, browser=Firefox
Testing: csp_id=480, page_id=28400, browser=Firefox
Testing: csp_id=480, page_id=28500, browser=Firefox
Testing: csp_id=480, page_id=28600, browser=Firefox
Testing: csp_id=480, page_id=28700, browser=Firefox
Testing: csp_id=480, page_id=28800, browser=Firefox
Testing: csp_id=480, page_id=28900, browser=Firefox
Testing: csp_id=480, page_id=29000, browser=Firefox
Testing: csp_id=480, page_id=29100, browser=Firefox
Testing: csp_id=480, page_id=29200, browser=Firefox
Testing: csp_id=480, page_id=29300, browser=Firefox
Testing: csp_id=480, page_id=29400, browser=Firefox
Testing: csp_id=480, page_id=29500, browser=Firefox
Testing: csp_id=480, page_id=29600, browser=Firefox
Testing: csp_id=480, page_id=29700, browser=Firefox
Testing: csp_id=480, page_id=29800, browser=Firefox
🏊 create_context_pools[first] (5x16): 18.695s
Testing: csp_id=495, page_id=0, browser=Firefox
Testing: csp_id=495, page_id=100, browser=Firefox
Testing: csp_id=495, page_id=200, browser=Firefox
Testing: csp_id=495, page_id=300, browser=Firefox
Testing: csp_id=495, page_id=400, browser=Firefox
Testing: csp_id=495, page_id=500, browser=Firefox
Testing: csp_id=495, page_id=600, browser=Firefox
Testing: csp_id=495, page_id=700, browser=Firefox
Testing: csp_id=495, page_id=800, browser=Firefox
Testing: csp_id=495, page_id=900, browser=Firefox
Testing: csp_id=495, page_id=1000, browser=Firefox
Testing: csp_id=495, page_id=1100, browser=Firefox
Testing: csp_id=495, page_id=1200, browser=Firefox
Testing: csp_id=495, page_id=1300, browser=Firefox
Testing: csp_id=495, page_id=1400, browser=Firefox
Testing: csp_id=495, page_id=1500, browser=Firefox
Testing: csp_id=495, page_id=1600, browser=Firefox
Testing: csp_id=495, page_id=1700, browser=Firefox
Testing: csp_id=495, page_id=1800, browser=Firefox
Testing: csp_id=495, page_id=1900, browser=Firefox
Testing: csp_id=495, page_id=2000, browser=Firefox
Testing: csp_id=495, page_id=2100, browser=Firefox
Testing: csp_id=495, page_id=2200, browser=Firefox
Testing: csp_id=495, page_id=2300, browser=Firefox
Testing: csp_id=495, page_id=2400, browser=Firefox
Testing: csp_id=495, page_id=2500, browser=Firefox
Testing: csp_id=495, page_id=2600, browser=Firefox
Testing: csp_id=495, page_id=2700, browser=Firefox
Testing: csp_id=495, page_id=2800, browser=Firefox
Testing: csp_id=495, page_id=2900, browser=Firefox
Testing: csp_id=495, page_id=3000, browser=Firefox
Testing: csp_id=495, page_id=3100, browser=Firefox
Testing: csp_id=495, page_id=3200, browser=Firefox
Testing: csp_id=495, page_id=3300, browser=Firefox
Testing: csp_id=495, page_id=3400, browser=Firefox
Testing: csp_id=495, page_id=3500, browser=Firefox
Testing: csp_id=495, page_id=3600, browser=Firefox
Testing: csp_id=495, page_id=3700, browser=Firefox
Testing: csp_id=495, page_id=3800, browser=Firefox
Testing: csp_id=495, page_id=3900, browser=Firefox
Testing: csp_id=495, page_id=4000, browser=Firefox
Testing: csp_id=495, page_id=4100, browser=Firefox
Testing: csp_id=495, page_id=4200, browser=Firefox
Testing: csp_id=495, page_id=4300, browser=Firefox
Testing: csp_id=495, page_id=4400, browser=Firefox
Testing: csp_id=495, page_id=4500, browser=Firefox
Testing: csp_id=495, page_id=4600, browser=Firefox
Testing: csp_id=495, page_id=4700, browser=Firefox
Testing: csp_id=495, page_id=4800, browser=Firefox
Testing: csp_id=495, page_id=4900, browser=Firefox
Testing: csp_id=495, page_id=5000, browser=Firefox
Testing: csp_id=495, page_id=5100, browser=Firefox
Testing: csp_id=495, page_id=5200, browser=Firefox
Testing: csp_id=495, page_id=5300, browser=Firefox
Testing: csp_id=495, page_id=5400, browser=Firefox
Testing: csp_id=495, page_id=5500, browser=Firefox
Testing: csp_id=495, page_id=5600, browser=Firefox
Testing: csp_id=495, page_id=5700, browser=Firefox
Testing: csp_id=495, page_id=5800, browser=Firefox
Testing: csp_id=495, page_id=5900, browser=Firefox
Testing: csp_id=495, page_id=6000, browser=Firefox
Testing: csp_id=495, page_id=6100, browser=Firefox
Testing: csp_id=495, page_id=6200, browser=Firefox
Testing: csp_id=495, page_id=6300, browser=Firefox
Testing: csp_id=495, page_id=6400, browser=Firefox
Testing: csp_id=495, page_id=6500, browser=Firefox
Testing: csp_id=495, page_id=6600, browser=Firefox
Testing: csp_id=495, page_id=6700, browser=Firefox
Testing: csp_id=495, page_id=6800, browser=Firefox
Testing: csp_id=495, page_id=6900, browser=Firefox
Testing: csp_id=495, page_id=7000, browser=Firefox
Testing: csp_id=495, page_id=7100, browser=Firefox
Testing: csp_id=495, page_id=7200, browser=Firefox
Testing: csp_id=495, page_id=7300, browser=Firefox
Testing: csp_id=495, page_id=7400, browser=Firefox
Testing: csp_id=495, page_id=7500, browser=Firefox
Testing: csp_id=495, page_id=7600, browser=Firefox
Testing: csp_id=495, page_id=7700, browser=Firefox
Testing: csp_id=495, page_id=7800, browser=Firefox
Testing: csp_id=495, page_id=7900, browser=Firefox
Testing: csp_id=495, page_id=8000, browser=Firefox
Testing: csp_id=495, page_id=8100, browser=Firefox
Testing: csp_id=495, page_id=8200, browser=Firefox
Testing: csp_id=495, page_id=8300, browser=Firefox
Testing: csp_id=495, page_id=8400, browser=Firefox
Testing: csp_id=495, page_id=8500, browser=Firefox
Testing: csp_id=495, page_id=8600, browser=Firefox
Testing: csp_id=495, page_id=8700, browser=Firefox
Testing: csp_id=495, page_id=8800, browser=Firefox
Testing: csp_id=495, page_id=8900, browser=Firefox
Testing: csp_id=495, page_id=9000, browser=Firefox
Testing: csp_id=495, page_id=9100, browser=Firefox
Testing: csp_id=495, page_id=9200, browser=Firefox
Testing: csp_id=495, page_id=9300, browser=Firefox
Testing: csp_id=495, page_id=9400, browser=Firefox
Testing: csp_id=495, page_id=9500, browser=Firefox
Testing: csp_id=495, page_id=9600, browser=Firefox
Testing: csp_id=495, page_id=9700, browser=Firefox
Testing: csp_id=495, page_id=9800, browser=Firefox
Testing: csp_id=495, page_id=9900, browser=Firefox
Testing: csp_id=495, page_id=10000, browser=Firefox
Testing: csp_id=495, page_id=10100, browser=Firefox
Testing: csp_id=495, page_id=10200, browser=Firefox
Testing: csp_id=495, page_id=10300, browser=Firefox
Testing: csp_id=495, page_id=10400, browser=Firefox
Testing: csp_id=495, page_id=10500, browser=Firefox
Testing: csp_id=495, page_id=10600, browser=Firefox
Testing: csp_id=495, page_id=10700, browser=Firefox
Testing: csp_id=495, page_id=10800, browser=Firefox
Testing: csp_id=495, page_id=10900, browser=Firefox
Testing: csp_id=495, page_id=11000, browser=Firefox
Testing: csp_id=495, page_id=11100, browser=Firefox
Testing: csp_id=495, page_id=11200, browser=Firefox
Testing: csp_id=495, page_id=11300, browser=Firefox
Testing: csp_id=495, page_id=11400, browser=Firefox
Testing: csp_id=495, page_id=11500, browser=Firefox
Testing: csp_id=495, page_id=11600, browser=Firefox
Testing: csp_id=495, page_id=11700, browser=Firefox
Testing: csp_id=495, page_id=11800, browser=Firefox
Testing: csp_id=495, page_id=11900, browser=Firefox
Testing: csp_id=495, page_id=12000, browser=Firefox
Testing: csp_id=495, page_id=12100, browser=Firefox
Testing: csp_id=495, page_id=12200, browser=Firefox
Testing: csp_id=495, page_id=12300, browser=Firefox
Testing: csp_id=495, page_id=12400, browser=Firefox
Testing: csp_id=495, page_id=12500, browser=Firefox
Testing: csp_id=495, page_id=12600, browser=Firefox
Testing: csp_id=495, page_id=12700, browser=Firefox
Testing: csp_id=495, page_id=12800, browser=Firefox
Testing: csp_id=495, page_id=12900, browser=Firefox
Testing: csp_id=495, page_id=13000, browser=Firefox
Testing: csp_id=495, page_id=13100, browser=Firefox
Testing: csp_id=495, page_id=13200, browser=Firefox
Testing: csp_id=495, page_id=13300, browser=Firefox
Testing: csp_id=495, page_id=13400, browser=Firefox
Testing: csp_id=495, page_id=13500, browser=Firefox
Testing: csp_id=495, page_id=13600, browser=Firefox
Testing: csp_id=495, page_id=13700, browser=Firefox
Testing: csp_id=495, page_id=13800, browser=Firefox
Testing: csp_id=495, page_id=13900, browser=Firefox
Testing: csp_id=495, page_id=14000, browser=Firefox
Testing: csp_id=495, page_id=14100, browser=Firefox
Testing: csp_id=495, page_id=14200, browser=Firefox
Testing: csp_id=495, page_id=14300, browser=Firefox
Testing: csp_id=495, page_id=14400, browser=Firefox
Testing: csp_id=495, page_id=14500, browser=Firefox
Testing: csp_id=495, page_id=14600, browser=Firefox
Testing: csp_id=495, page_id=14700, browser=Firefox
Testing: csp_id=495, page_id=14800, browser=Firefox
Testing: csp_id=495, page_id=14900, browser=Firefox
Testing: csp_id=495, page_id=15000, browser=Firefox
Testing: csp_id=495, page_id=15100, browser=Firefox
Testing: csp_id=495, page_id=15200, browser=Firefox
Testing: csp_id=495, page_id=15300, browser=Firefox
Testing: csp_id=495, page_id=15400, browser=Firefox
Testing: csp_id=495, page_id=15500, browser=Firefox
Testing: csp_id=495, page_id=15600, browser=Firefox
Testing: csp_id=495, page_id=15700, browser=Firefox
Testing: csp_id=495, page_id=15800, browser=Firefox
Testing: csp_id=495, page_id=15900, browser=Firefox
Testing: csp_id=495, page_id=16000, browser=Firefox
Testing: csp_id=495, page_id=16100, browser=Firefox
Testing: csp_id=495, page_id=16200, browser=Firefox
Testing: csp_id=495, page_id=16300, browser=Firefox
Testing: csp_id=495, page_id=16400, browser=Firefox
Testing: csp_id=495, page_id=16500, browser=Firefox
Testing: csp_id=495, page_id=16600, browser=Firefox
Testing: csp_id=495, page_id=16700, browser=Firefox
Testing: csp_id=495, page_id=16800, browser=Firefox
Testing: csp_id=495, page_id=16900, browser=Firefox
Testing: csp_id=495, page_id=17000, browser=Firefox
Testing: csp_id=495, page_id=17100, browser=Firefox
Testing: csp_id=495, page_id=17200, browser=Firefox
Testing: csp_id=495, page_id=17300, browser=Firefox
Testing: csp_id=495, page_id=17400, browser=Firefox
Testing: csp_id=495, page_id=17500, browser=Firefox
Testing: csp_id=495, page_id=17600, browser=Firefox
Testing: csp_id=495, page_id=17700, browser=Firefox
Testing: csp_id=495, page_id=17800, browser=Firefox
Testing: csp_id=495, page_id=17900, browser=Firefox
Testing: csp_id=495, page_id=18000, browser=Firefox
Testing: csp_id=495, page_id=18100, browser=Firefox
Testing: csp_id=495, page_id=18200, browser=Firefox
Testing: csp_id=495, page_id=18300, browser=Firefox
Testing: csp_id=495, page_id=18400, browser=Firefox
Testing: csp_id=495, page_id=18500, browser=Firefox
Testing: csp_id=495, page_id=18600, browser=Firefox
Testing: csp_id=495, page_id=18700, browser=Firefox
Testing: csp_id=495, page_id=18800, browser=Firefox
Testing: csp_id=495, page_id=18900, browser=Firefox
Testing: csp_id=495, page_id=19000, browser=Firefox
Testing: csp_id=495, page_id=19100, browser=Firefox
Testing: csp_id=495, page_id=19200, browser=Firefox
Testing: csp_id=495, page_id=19300, browser=Firefox
Testing: csp_id=495, page_id=19400, browser=Firefox
Testing: csp_id=495, page_id=19500, browser=Firefox
Testing: csp_id=495, page_id=19600, browser=Firefox
Testing: csp_id=495, page_id=19700, browser=Firefox
Testing: csp_id=495, page_id=19800, browser=Firefox
Testing: csp_id=495, page_id=19900, browser=Firefox
Testing: csp_id=495, page_id=20000, browser=Firefox
Testing: csp_id=495, page_id=20100, browser=Firefox
Testing: csp_id=495, page_id=20200, browser=Firefox
Testing: csp_id=495, page_id=20300, browser=Firefox
Testing: csp_id=495, page_id=20400, browser=Firefox
Testing: csp_id=495, page_id=20500, browser=Firefox
Testing: csp_id=495, page_id=20600, browser=Firefox
Testing: csp_id=495, page_id=20700, browser=Firefox
Testing: csp_id=495, page_id=20800, browser=Firefox
Testing: csp_id=495, page_id=20900, browser=Firefox
Testing: csp_id=495, page_id=21000, browser=Firefox
Testing: csp_id=495, page_id=21100, browser=Firefox
Testing: csp_id=495, page_id=21200, browser=Firefox
Testing: csp_id=495, page_id=21300, browser=Firefox
Testing: csp_id=495, page_id=21400, browser=Firefox
Testing: csp_id=495, page_id=21500, browser=Firefox
Testing: csp_id=495, page_id=21600, browser=Firefox
Testing: csp_id=495, page_id=21700, browser=Firefox
Testing: csp_id=495, page_id=21800, browser=Firefox
Testing: csp_id=495, page_id=21900, browser=Firefox
Testing: csp_id=495, page_id=22000, browser=Firefox
Testing: csp_id=495, page_id=22100, browser=Firefox
Testing: csp_id=495, page_id=22200, browser=Firefox
Testing: csp_id=495, page_id=22300, browser=Firefox
Testing: csp_id=495, page_id=22400, browser=Firefox
Testing: csp_id=495, page_id=22500, browser=Firefox
Testing: csp_id=495, page_id=22600, browser=Firefox
Testing: csp_id=495, page_id=22700, browser=Firefox
Testing: csp_id=495, page_id=22800, browser=Firefox
Testing: csp_id=495, page_id=22900, browser=Firefox
Testing: csp_id=495, page_id=23000, browser=Firefox
Testing: csp_id=495, page_id=23100, browser=Firefox
Testing: csp_id=495, page_id=23200, browser=Firefox
Testing: csp_id=495, page_id=23300, browser=Firefox
Testing: csp_id=495, page_id=23400, browser=Firefox
Testing: csp_id=495, page_id=23500, browser=Firefox
Testing: csp_id=495, page_id=23600, browser=Firefox
Testing: csp_id=495, page_id=23700, browser=Firefox
Testing: csp_id=495, page_id=23800, browser=Firefox
Testing: csp_id=495, page_id=23900, browser=Firefox
Testing: csp_id=495, page_id=24000, browser=Firefox
Testing: csp_id=495, page_id=24100, browser=Firefox
Testing: csp_id=495, page_id=24200, browser=Firefox
Testing: csp_id=495, page_id=24300, browser=Firefox
Testing: csp_id=495, page_id=24400, browser=Firefox
Testing: csp_id=495, page_id=24500, browser=Firefox
Testing: csp_id=495, page_id=24600, browser=Firefox
Testing: csp_id=495, page_id=24700, browser=Firefox
Testing: csp_id=495, page_id=24800, browser=Firefox
Testing: csp_id=495, page_id=24900, browser=Firefox
Testing: csp_id=495, page_id=25000, browser=Firefox
Testing: csp_id=495, page_id=25100, browser=Firefox
Testing: csp_id=495, page_id=25200, browser=Firefox
Testing: csp_id=495, page_id=25300, browser=Firefox
Testing: csp_id=495, page_id=25400, browser=Firefox
Testing: csp_id=495, page_id=25500, browser=Firefox
Testing: csp_id=495, page_id=25600, browser=Firefox
Testing: csp_id=495, page_id=25700, browser=Firefox
Testing: csp_id=495, page_id=25800, browser=Firefox
Testing: csp_id=495, page_id=25900, browser=Firefox
Testing: csp_id=495, page_id=26000, browser=Firefox
Testing: csp_id=495, page_id=26100, browser=Firefox
Testing: csp_id=495, page_id=26200, browser=Firefox
Testing: csp_id=495, page_id=26300, browser=Firefox
Testing: csp_id=495, page_id=26400, browser=Firefox
Testing: csp_id=495, page_id=26500, browser=Firefox
Testing: csp_id=495, page_id=26600, browser=Firefox
Testing: csp_id=495, page_id=26700, browser=Firefox
Testing: csp_id=495, page_id=26800, browser=Firefox
Testing: csp_id=495, page_id=26900, browser=Firefox
Testing: csp_id=495, page_id=27000, browser=Firefox
Testing: csp_id=495, page_id=27100, browser=Firefox
Testing: csp_id=495, page_id=27200, browser=Firefox
Testing: csp_id=495, page_id=27300, browser=Firefox
Testing: csp_id=495, page_id=27400, browser=Firefox
Testing: csp_id=495, page_id=27500, browser=Firefox
Testing: csp_id=495, page_id=27600, browser=Firefox
Testing: csp_id=495, page_id=27700, browser=Firefox
Testing: csp_id=495, page_id=27800, browser=Firefox
Testing: csp_id=495, page_id=27900, browser=Firefox
Testing: csp_id=495, page_id=28000, browser=Firefox
Testing: csp_id=495, page_id=28100, browser=Firefox
Testing: csp_id=495, page_id=28200, browser=Firefox
Testing: csp_id=495, page_id=28300, browser=Firefox
Testing: csp_id=495, page_id=28400, browser=Firefox
Testing: csp_id=495, page_id=28500, browser=Firefox
Testing: csp_id=495, page_id=28600, browser=Firefox
Testing: csp_id=495, page_id=28700, browser=Firefox
Testing: csp_id=495, page_id=28800, browser=Firefox
Testing: csp_id=495, page_id=28900, browser=Firefox
Testing: csp_id=495, page_id=29000, browser=Firefox
Testing: csp_id=495, page_id=29100, browser=Firefox
Testing: csp_id=495, page_id=29200, browser=Firefox
Testing: csp_id=495, page_id=29300, browser=Firefox
Testing: csp_id=495, page_id=29400, browser=Firefox
Testing: csp_id=495, page_id=29500, browser=Firefox
Testing: csp_id=495, page_id=29600, browser=Firefox
Testing: csp_id=495, page_id=29700, browser=Firefox
Testing: csp_id=495, page_id=29800, browser=Firefox
🏊 create_context_pools[first] (5x16): 17.602s
Testing: csp_id=512, page_id=0, browser=Firefox
Testing: csp_id=512, page_id=100, browser=Firefox
Testing: csp_id=512, page_id=200, browser=Firefox
Testing: csp_id=512, page_id=300, browser=Firefox
Testing: csp_id=512, page_id=400, browser=Firefox
Testing: csp_id=512, page_id=500, browser=Firefox
Testing: csp_id=512, page_id=600, browser=Firefox
Testing: csp_id=512, page_id=700, browser=Firefox
Testing: csp_id=512, page_id=800, browser=Firefox
Testing: csp_id=512, page_id=900, browser=Firefox
Testing: csp_id=512, page_id=1000, browser=Firefox
Testing: csp_id=512, page_id=1100, browser=Firefox
Testing: csp_id=512, page_id=1200, browser=Firefox
Testing: csp_id=512, page_id=1300, browser=Firefox
Testing: csp_id=512, page_id=1400, browser=Firefox
Testing: csp_id=512, page_id=1500, browser=Firefox
Testing: csp_id=512, page_id=1600, browser=Firefox
Testing: csp_id=512, page_id=1700, browser=Firefox
Testing: csp_id=512, page_id=1800, browser=Firefox
Testing: csp_id=512, page_id=1900, browser=Firefox
Testing: csp_id=512, page_id=2000, browser=Firefox
Testing: csp_id=512, page_id=2100, browser=Firefox
Testing: csp_id=512, page_id=2200, browser=Firefox
Testing: csp_id=512, page_id=2300, browser=Firefox
Testing: csp_id=512, page_id=2400, browser=Firefox
Testing: csp_id=512, page_id=2500, browser=Firefox
Testing: csp_id=512, page_id=2600, browser=Firefox
Testing: csp_id=512, page_id=2700, browser=Firefox
Testing: csp_id=512, page_id=2800, browser=Firefox
Testing: csp_id=512, page_id=2900, browser=Firefox
Testing: csp_id=512, page_id=3000, browser=Firefox
Testing: csp_id=512, page_id=3100, browser=Firefox
Testing: csp_id=512, page_id=3200, browser=Firefox
Testing: csp_id=512, page_id=3300, browser=Firefox
Testing: csp_id=512, page_id=3400, browser=Firefox
Testing: csp_id=512, page_id=3500, browser=Firefox
Testing: csp_id=512, page_id=3600, browser=Firefox
Testing: csp_id=512, page_id=3700, browser=Firefox
Testing: csp_id=512, page_id=3800, browser=Firefox
Testing: csp_id=512, page_id=3900, browser=Firefox
Testing: csp_id=512, page_id=4000, browser=Firefox
Testing: csp_id=512, page_id=4100, browser=Firefox
Testing: csp_id=512, page_id=4200, browser=Firefox
Testing: csp_id=512, page_id=4300, browser=Firefox
Testing: csp_id=512, page_id=4400, browser=Firefox
Testing: csp_id=512, page_id=4500, browser=Firefox
Testing: csp_id=512, page_id=4600, browser=Firefox
Testing: csp_id=512, page_id=4700, browser=Firefox
Testing: csp_id=512, page_id=4800, browser=Firefox
Testing: csp_id=512, page_id=4900, browser=Firefox
Testing: csp_id=512, page_id=5000, browser=Firefox
Testing: csp_id=512, page_id=5100, browser=Firefox
Testing: csp_id=512, page_id=5200, browser=Firefox
Testing: csp_id=512, page_id=5300, browser=Firefox
Testing: csp_id=512, page_id=5400, browser=Firefox
Testing: csp_id=512, page_id=5500, browser=Firefox
Testing: csp_id=512, page_id=5600, browser=Firefox
Testing: csp_id=512, page_id=5700, browser=Firefox
Testing: csp_id=512, page_id=5800, browser=Firefox
Testing: csp_id=512, page_id=5900, browser=Firefox
Testing: csp_id=512, page_id=6000, browser=Firefox
Testing: csp_id=512, page_id=6100, browser=Firefox
Testing: csp_id=512, page_id=6200, browser=Firefox
Testing: csp_id=512, page_id=6300, browser=Firefox
Testing: csp_id=512, page_id=6400, browser=Firefox
Testing: csp_id=512, page_id=6500, browser=Firefox
Testing: csp_id=512, page_id=6600, browser=Firefox
Testing: csp_id=512, page_id=6700, browser=Firefox
Testing: csp_id=512, page_id=6800, browser=Firefox
Testing: csp_id=512, page_id=6900, browser=Firefox
Testing: csp_id=512, page_id=7000, browser=Firefox
Testing: csp_id=512, page_id=7100, browser=Firefox
Testing: csp_id=512, page_id=7200, browser=Firefox
Testing: csp_id=512, page_id=7300, browser=Firefox
Testing: csp_id=512, page_id=7400, browser=Firefox
Testing: csp_id=512, page_id=7500, browser=Firefox
Testing: csp_id=512, page_id=7600, browser=Firefox
Testing: csp_id=512, page_id=7700, browser=Firefox
Testing: csp_id=512, page_id=7800, browser=Firefox
Testing: csp_id=512, page_id=7900, browser=Firefox
Testing: csp_id=512, page_id=8000, browser=Firefox
Testing: csp_id=512, page_id=8100, browser=Firefox
Testing: csp_id=512, page_id=8200, browser=Firefox
Testing: csp_id=512, page_id=8300, browser=Firefox
Testing: csp_id=512, page_id=8400, browser=Firefox
Testing: csp_id=512, page_id=8500, browser=Firefox
Testing: csp_id=512, page_id=8600, browser=Firefox
Testing: csp_id=512, page_id=8700, browser=Firefox
Testing: csp_id=512, page_id=8800, browser=Firefox
Testing: csp_id=512, page_id=8900, browser=Firefox
Testing: csp_id=512, page_id=9000, browser=Firefox
Testing: csp_id=512, page_id=9100, browser=Firefox
Testing: csp_id=512, page_id=9200, browser=Firefox
Testing: csp_id=512, page_id=9300, browser=Firefox
Testing: csp_id=512, page_id=9400, browser=Firefox
Testing: csp_id=512, page_id=9500, browser=Firefox
Testing: csp_id=512, page_id=9600, browser=Firefox
Testing: csp_id=512, page_id=9700, browser=Firefox
Testing: csp_id=512, page_id=9800, browser=Firefox
Testing: csp_id=512, page_id=9900, browser=Firefox
Testing: csp_id=512, page_id=10000, browser=Firefox
Testing: csp_id=512, page_id=10100, browser=Firefox
Testing: csp_id=512, page_id=10200, browser=Firefox
Testing: csp_id=512, page_id=10300, browser=Firefox
Testing: csp_id=512, page_id=10400, browser=Firefox
Testing: csp_id=512, page_id=10500, browser=Firefox
Testing: csp_id=512, page_id=10600, browser=Firefox
Testing: csp_id=512, page_id=10700, browser=Firefox
Testing: csp_id=512, page_id=10800, browser=Firefox
Testing: csp_id=512, page_id=10900, browser=Firefox
Testing: csp_id=512, page_id=11000, browser=Firefox
Testing: csp_id=512, page_id=11100, browser=Firefox
Testing: csp_id=512, page_id=11200, browser=Firefox
Testing: csp_id=512, page_id=11300, browser=Firefox
Testing: csp_id=512, page_id=11400, browser=Firefox
Testing: csp_id=512, page_id=11500, browser=Firefox
Testing: csp_id=512, page_id=11600, browser=Firefox
Testing: csp_id=512, page_id=11700, browser=Firefox
Testing: csp_id=512, page_id=11800, browser=Firefox
Testing: csp_id=512, page_id=11900, browser=Firefox
Testing: csp_id=512, page_id=12000, browser=Firefox
Testing: csp_id=512, page_id=12100, browser=Firefox
Testing: csp_id=512, page_id=12200, browser=Firefox
Testing: csp_id=512, page_id=12300, browser=Firefox
Testing: csp_id=512, page_id=12400, browser=Firefox
Testing: csp_id=512, page_id=12500, browser=Firefox
Testing: csp_id=512, page_id=12600, browser=Firefox
Testing: csp_id=512, page_id=12700, browser=Firefox
Testing: csp_id=512, page_id=12800, browser=Firefox
Testing: csp_id=512, page_id=12900, browser=Firefox
Testing: csp_id=512, page_id=13000, browser=Firefox
Testing: csp_id=512, page_id=13100, browser=Firefox
Testing: csp_id=512, page_id=13200, browser=Firefox
Testing: csp_id=512, page_id=13300, browser=Firefox
Testing: csp_id=512, page_id=13400, browser=Firefox
Testing: csp_id=512, page_id=13500, browser=Firefox
Testing: csp_id=512, page_id=13600, browser=Firefox
Testing: csp_id=512, page_id=13700, browser=Firefox
Testing: csp_id=512, page_id=13800, browser=Firefox
Testing: csp_id=512, page_id=13900, browser=Firefox
Testing: csp_id=512, page_id=14000, browser=Firefox
Testing: csp_id=512, page_id=14100, browser=Firefox
Testing: csp_id=512, page_id=14200, browser=Firefox
Testing: csp_id=512, page_id=14300, browser=Firefox
Testing: csp_id=512, page_id=14400, browser=Firefox
Testing: csp_id=512, page_id=14500, browser=Firefox
Testing: csp_id=512, page_id=14600, browser=Firefox
Testing: csp_id=512, page_id=14700, browser=Firefox
Testing: csp_id=512, page_id=14800, browser=Firefox
Testing: csp_id=512, page_id=14900, browser=Firefox
Testing: csp_id=512, page_id=15000, browser=Firefox
Testing: csp_id=512, page_id=15100, browser=Firefox
Testing: csp_id=512, page_id=15200, browser=Firefox
Testing: csp_id=512, page_id=15300, browser=Firefox
Testing: csp_id=512, page_id=15400, browser=Firefox
Testing: csp_id=512, page_id=15500, browser=Firefox
Testing: csp_id=512, page_id=15600, browser=Firefox
Testing: csp_id=512, page_id=15700, browser=Firefox
Testing: csp_id=512, page_id=15800, browser=Firefox
Testing: csp_id=512, page_id=15900, browser=Firefox
Testing: csp_id=512, page_id=16000, browser=Firefox
Testing: csp_id=512, page_id=16100, browser=Firefox
Testing: csp_id=512, page_id=16200, browser=Firefox
Testing: csp_id=512, page_id=16300, browser=Firefox
Testing: csp_id=512, page_id=16400, browser=Firefox
Testing: csp_id=512, page_id=16500, browser=Firefox
Testing: csp_id=512, page_id=16600, browser=Firefox
Testing: csp_id=512, page_id=16700, browser=Firefox
Testing: csp_id=512, page_id=16800, browser=Firefox
Testing: csp_id=512, page_id=16900, browser=Firefox
Testing: csp_id=512, page_id=17000, browser=Firefox
Testing: csp_id=512, page_id=17100, browser=Firefox
Testing: csp_id=512, page_id=17200, browser=Firefox
Testing: csp_id=512, page_id=17300, browser=Firefox
Testing: csp_id=512, page_id=17400, browser=Firefox
Testing: csp_id=512, page_id=17500, browser=Firefox
Testing: csp_id=512, page_id=17600, browser=Firefox
Testing: csp_id=512, page_id=17700, browser=Firefox
Testing: csp_id=512, page_id=17800, browser=Firefox
Testing: csp_id=512, page_id=17900, browser=Firefox
Testing: csp_id=512, page_id=18000, browser=Firefox
Testing: csp_id=512, page_id=18100, browser=Firefox
Testing: csp_id=512, page_id=18200, browser=Firefox
Testing: csp_id=512, page_id=18300, browser=Firefox
Testing: csp_id=512, page_id=18400, browser=Firefox
Testing: csp_id=512, page_id=18500, browser=Firefox
Testing: csp_id=512, page_id=18600, browser=Firefox
Testing: csp_id=512, page_id=18700, browser=Firefox
Testing: csp_id=512, page_id=18800, browser=Firefox
Testing: csp_id=512, page_id=18900, browser=Firefox
Testing: csp_id=512, page_id=19000, browser=Firefox
Testing: csp_id=512, page_id=19100, browser=Firefox
Testing: csp_id=512, page_id=19200, browser=Firefox
Testing: csp_id=512, page_id=19300, browser=Firefox
Testing: csp_id=512, page_id=19400, browser=Firefox
Testing: csp_id=512, page_id=19500, browser=Firefox
Testing: csp_id=512, page_id=19600, browser=Firefox
Testing: csp_id=512, page_id=19700, browser=Firefox
Testing: csp_id=512, page_id=19800, browser=Firefox
Testing: csp_id=512, page_id=19900, browser=Firefox
Testing: csp_id=512, page_id=20000, browser=Firefox
Testing: csp_id=512, page_id=20100, browser=Firefox
Testing: csp_id=512, page_id=20200, browser=Firefox
Testing: csp_id=512, page_id=20300, browser=Firefox
Testing: csp_id=512, page_id=20400, browser=Firefox
Testing: csp_id=512, page_id=20500, browser=Firefox
Testing: csp_id=512, page_id=20600, browser=Firefox
Testing: csp_id=512, page_id=20700, browser=Firefox
Testing: csp_id=512, page_id=20800, browser=Firefox
Testing: csp_id=512, page_id=20900, browser=Firefox
Testing: csp_id=512, page_id=21000, browser=Firefox
Testing: csp_id=512, page_id=21100, browser=Firefox
Testing: csp_id=512, page_id=21200, browser=Firefox
Testing: csp_id=512, page_id=21300, browser=Firefox
Testing: csp_id=512, page_id=21400, browser=Firefox
Testing: csp_id=512, page_id=21500, browser=Firefox
Testing: csp_id=512, page_id=21600, browser=Firefox
Testing: csp_id=512, page_id=21700, browser=Firefox
Testing: csp_id=512, page_id=21800, browser=Firefox
Testing: csp_id=512, page_id=21900, browser=Firefox
Testing: csp_id=512, page_id=22000, browser=Firefox
Testing: csp_id=512, page_id=22100, browser=Firefox
Testing: csp_id=512, page_id=22200, browser=Firefox
Testing: csp_id=512, page_id=22300, browser=Firefox
Testing: csp_id=512, page_id=22400, browser=Firefox
Testing: csp_id=512, page_id=22500, browser=Firefox
Testing: csp_id=512, page_id=22600, browser=Firefox
Testing: csp_id=512, page_id=22700, browser=Firefox
Testing: csp_id=512, page_id=22800, browser=Firefox
Testing: csp_id=512, page_id=22900, browser=Firefox
Testing: csp_id=512, page_id=23000, browser=Firefox
Testing: csp_id=512, page_id=23100, browser=Firefox
Testing: csp_id=512, page_id=23200, browser=Firefox
Testing: csp_id=512, page_id=23300, browser=Firefox
Testing: csp_id=512, page_id=23400, browser=Firefox
Testing: csp_id=512, page_id=23500, browser=Firefox
Testing: csp_id=512, page_id=23600, browser=Firefox
Testing: csp_id=512, page_id=23700, browser=Firefox
Testing: csp_id=512, page_id=23800, browser=Firefox
Testing: csp_id=512, page_id=23900, browser=Firefox
Testing: csp_id=512, page_id=24000, browser=Firefox
Testing: csp_id=512, page_id=24100, browser=Firefox
Testing: csp_id=512, page_id=24200, browser=Firefox
Testing: csp_id=512, page_id=24300, browser=Firefox
Testing: csp_id=512, page_id=24400, browser=Firefox
Testing: csp_id=512, page_id=24500, browser=Firefox
Testing: csp_id=512, page_id=24600, browser=Firefox
Testing: csp_id=512, page_id=24700, browser=Firefox
Testing: csp_id=512, page_id=24800, browser=Firefox
Testing: csp_id=512, page_id=24900, browser=Firefox
Testing: csp_id=512, page_id=25000, browser=Firefox
Testing: csp_id=512, page_id=25100, browser=Firefox
Testing: csp_id=512, page_id=25200, browser=Firefox
Testing: csp_id=512, page_id=25300, browser=Firefox
Testing: csp_id=512, page_id=25400, browser=Firefox
Testing: csp_id=512, page_id=25500, browser=Firefox
Testing: csp_id=512, page_id=25600, browser=Firefox
Testing: csp_id=512, page_id=25700, browser=Firefox
Testing: csp_id=512, page_id=25800, browser=Firefox
Testing: csp_id=512, page_id=25900, browser=Firefox
Testing: csp_id=512, page_id=26000, browser=Firefox
Testing: csp_id=512, page_id=26100, browser=Firefox
Testing: csp_id=512, page_id=26200, browser=Firefox
Testing: csp_id=512, page_id=26300, browser=Firefox
Testing: csp_id=512, page_id=26400, browser=Firefox
Testing: csp_id=512, page_id=26500, browser=Firefox
Testing: csp_id=512, page_id=26600, browser=Firefox
Testing: csp_id=512, page_id=26700, browser=Firefox
Testing: csp_id=512, page_id=26800, browser=Firefox
Testing: csp_id=512, page_id=26900, browser=Firefox
Testing: csp_id=512, page_id=27000, browser=Firefox
Testing: csp_id=512, page_id=27100, browser=Firefox
Testing: csp_id=512, page_id=27200, browser=Firefox
Testing: csp_id=512, page_id=27300, browser=Firefox
Testing: csp_id=512, page_id=27400, browser=Firefox
Testing: csp_id=512, page_id=27500, browser=Firefox
Testing: csp_id=512, page_id=27600, browser=Firefox
Testing: csp_id=512, page_id=27700, browser=Firefox
Testing: csp_id=512, page_id=27800, browser=Firefox
Testing: csp_id=512, page_id=27900, browser=Firefox
Testing: csp_id=512, page_id=28000, browser=Firefox
Testing: csp_id=512, page_id=28100, browser=Firefox
Testing: csp_id=512, page_id=28200, browser=Firefox
Testing: csp_id=512, page_id=28300, browser=Firefox
Testing: csp_id=512, page_id=28400, browser=Firefox
Testing: csp_id=512, page_id=28500, browser=Firefox
Testing: csp_id=512, page_id=28600, browser=Firefox
Testing: csp_id=512, page_id=28700, browser=Firefox
Testing: csp_id=512, page_id=28800, browser=Firefox
Testing: csp_id=512, page_id=28900, browser=Firefox
Testing: csp_id=512, page_id=29000, browser=Firefox
Testing: csp_id=512, page_id=29100, browser=Firefox
Testing: csp_id=512, page_id=29200, browser=Firefox
Testing: csp_id=512, page_id=29300, browser=Firefox
Testing: csp_id=512, page_id=29400, browser=Firefox
Testing: csp_id=512, page_id=29500, browser=Firefox
Testing: csp_id=512, page_id=29600, browser=Firefox
Testing: csp_id=512, page_id=29700, browser=Firefox
Testing: csp_id=512, page_id=29800, browser=Firefox
🏊 create_context_pools[first] (5x16): 16.355s
Testing: csp_id=523, page_id=0, browser=Firefox
Testing: csp_id=523, page_id=100, browser=Firefox
Testing: csp_id=523, page_id=200, browser=Firefox
Testing: csp_id=523, page_id=300, browser=Firefox
Testing: csp_id=523, page_id=400, browser=Firefox
Testing: csp_id=523, page_id=500, browser=Firefox
Testing: csp_id=523, page_id=600, browser=Firefox
Testing: csp_id=523, page_id=700, browser=Firefox
Testing: csp_id=523, page_id=800, browser=Firefox
Testing: csp_id=523, page_id=900, browser=Firefox
Testing: csp_id=523, page_id=1000, browser=Firefox
Testing: csp_id=523, page_id=1100, browser=Firefox
Testing: csp_id=523, page_id=1200, browser=Firefox
Testing: csp_id=523, page_id=1300, browser=Firefox
Testing: csp_id=523, page_id=1400, browser=Firefox
Testing: csp_id=523, page_id=1500, browser=Firefox
Testing: csp_id=523, page_id=1600, browser=Firefox
Testing: csp_id=523, page_id=1700, browser=Firefox
Testing: csp_id=523, page_id=1800, browser=Firefox
Testing: csp_id=523, page_id=1900, browser=Firefox
Testing: csp_id=523, page_id=2000, browser=Firefox
Testing: csp_id=523, page_id=2100, browser=Firefox
Testing: csp_id=523, page_id=2200, browser=Firefox
Testing: csp_id=523, page_id=2300, browser=Firefox
Testing: csp_id=523, page_id=2400, browser=Firefox
Testing: csp_id=523, page_id=2500, browser=Firefox
Testing: csp_id=523, page_id=2600, browser=Firefox
Testing: csp_id=523, page_id=2700, browser=Firefox
Testing: csp_id=523, page_id=2800, browser=Firefox
Testing: csp_id=523, page_id=2900, browser=Firefox
Testing: csp_id=523, page_id=3000, browser=Firefox
Testing: csp_id=523, page_id=3100, browser=Firefox
Testing: csp_id=523, page_id=3200, browser=Firefox
Testing: csp_id=523, page_id=3300, browser=Firefox
Testing: csp_id=523, page_id=3400, browser=Firefox
Testing: csp_id=523, page_id=3500, browser=Firefox
Testing: csp_id=523, page_id=3600, browser=Firefox
Testing: csp_id=523, page_id=3700, browser=Firefox
Testing: csp_id=523, page_id=3800, browser=Firefox
Testing: csp_id=523, page_id=3900, browser=Firefox
Testing: csp_id=523, page_id=4000, browser=Firefox
Testing: csp_id=523, page_id=4100, browser=Firefox
Testing: csp_id=523, page_id=4200, browser=Firefox
Testing: csp_id=523, page_id=4300, browser=Firefox
Testing: csp_id=523, page_id=4400, browser=Firefox
Testing: csp_id=523, page_id=4500, browser=Firefox
Testing: csp_id=523, page_id=4600, browser=Firefox
Testing: csp_id=523, page_id=4700, browser=Firefox
Testing: csp_id=523, page_id=4800, browser=Firefox
Testing: csp_id=523, page_id=4900, browser=Firefox
Testing: csp_id=523, page_id=5000, browser=Firefox
Testing: csp_id=523, page_id=5100, browser=Firefox
Testing: csp_id=523, page_id=5200, browser=Firefox
Testing: csp_id=523, page_id=5300, browser=Firefox
Testing: csp_id=523, page_id=5400, browser=Firefox
Testing: csp_id=523, page_id=5500, browser=Firefox
Testing: csp_id=523, page_id=5600, browser=Firefox
Testing: csp_id=523, page_id=5700, browser=Firefox
Testing: csp_id=523, page_id=5800, browser=Firefox
Testing: csp_id=523, page_id=5900, browser=Firefox
Testing: csp_id=523, page_id=6000, browser=Firefox
Testing: csp_id=523, page_id=6100, browser=Firefox
Testing: csp_id=523, page_id=6200, browser=Firefox
Testing: csp_id=523, page_id=6300, browser=Firefox
Testing: csp_id=523, page_id=6400, browser=Firefox
Testing: csp_id=523, page_id=6500, browser=Firefox
Testing: csp_id=523, page_id=6600, browser=Firefox
Testing: csp_id=523, page_id=6700, browser=Firefox
Testing: csp_id=523, page_id=6800, browser=Firefox
Testing: csp_id=523, page_id=6900, browser=Firefox
Testing: csp_id=523, page_id=7000, browser=Firefox
Testing: csp_id=523, page_id=7100, browser=Firefox
Testing: csp_id=523, page_id=7200, browser=Firefox
Testing: csp_id=523, page_id=7300, browser=Firefox
Testing: csp_id=523, page_id=7400, browser=Firefox
Testing: csp_id=523, page_id=7500, browser=Firefox
Testing: csp_id=523, page_id=7600, browser=Firefox
Testing: csp_id=523, page_id=7700, browser=Firefox
Testing: csp_id=523, page_id=7800, browser=Firefox
Testing: csp_id=523, page_id=7900, browser=Firefox
Testing: csp_id=523, page_id=8000, browser=Firefox
Testing: csp_id=523, page_id=8100, browser=Firefox
Testing: csp_id=523, page_id=8200, browser=Firefox
Testing: csp_id=523, page_id=8300, browser=Firefox
Testing: csp_id=523, page_id=8400, browser=Firefox
Testing: csp_id=523, page_id=8500, browser=Firefox
Testing: csp_id=523, page_id=8600, browser=Firefox
Testing: csp_id=523, page_id=8700, browser=Firefox
Testing: csp_id=523, page_id=8800, browser=Firefox
Testing: csp_id=523, page_id=8900, browser=Firefox
Testing: csp_id=523, page_id=9000, browser=Firefox
Testing: csp_id=523, page_id=9100, browser=Firefox
Testing: csp_id=523, page_id=9200, browser=Firefox
Testing: csp_id=523, page_id=9300, browser=Firefox
Testing: csp_id=523, page_id=9400, browser=Firefox
Testing: csp_id=523, page_id=9500, browser=Firefox
Testing: csp_id=523, page_id=9600, browser=Firefox
Testing: csp_id=523, page_id=9700, browser=Firefox
Testing: csp_id=523, page_id=9800, browser=Firefox
Testing: csp_id=523, page_id=9900, browser=Firefox
Testing: csp_id=523, page_id=10000, browser=Firefox
Testing: csp_id=523, page_id=10100, browser=Firefox
Testing: csp_id=523, page_id=10200, browser=Firefox
Testing: csp_id=523, page_id=10300, browser=Firefox
Testing: csp_id=523, page_id=10400, browser=Firefox
Testing: csp_id=523, page_id=10500, browser=Firefox
Testing: csp_id=523, page_id=10600, browser=Firefox
Testing: csp_id=523, page_id=10700, browser=Firefox
Testing: csp_id=523, page_id=10800, browser=Firefox
Testing: csp_id=523, page_id=10900, browser=Firefox
Testing: csp_id=523, page_id=11000, browser=Firefox
Testing: csp_id=523, page_id=11100, browser=Firefox
Testing: csp_id=523, page_id=11200, browser=Firefox
Testing: csp_id=523, page_id=11300, browser=Firefox
Testing: csp_id=523, page_id=11400, browser=Firefox
Testing: csp_id=523, page_id=11500, browser=Firefox
Testing: csp_id=523, page_id=11600, browser=Firefox
Testing: csp_id=523, page_id=11700, browser=Firefox
Testing: csp_id=523, page_id=11800, browser=Firefox
Testing: csp_id=523, page_id=11900, browser=Firefox
Testing: csp_id=523, page_id=12000, browser=Firefox
Testing: csp_id=523, page_id=12100, browser=Firefox
Testing: csp_id=523, page_id=12200, browser=Firefox
Testing: csp_id=523, page_id=12300, browser=Firefox
Testing: csp_id=523, page_id=12400, browser=Firefox
Testing: csp_id=523, page_id=12500, browser=Firefox
Testing: csp_id=523, page_id=12600, browser=Firefox
Testing: csp_id=523, page_id=12700, browser=Firefox
Testing: csp_id=523, page_id=12800, browser=Firefox
Testing: csp_id=523, page_id=12900, browser=Firefox
Testing: csp_id=523, page_id=13000, browser=Firefox
Testing: csp_id=523, page_id=13100, browser=Firefox
Testing: csp_id=523, page_id=13200, browser=Firefox
Testing: csp_id=523, page_id=13300, browser=Firefox
Testing: csp_id=523, page_id=13400, browser=Firefox
Testing: csp_id=523, page_id=13500, browser=Firefox
Testing: csp_id=523, page_id=13600, browser=Firefox
Testing: csp_id=523, page_id=13700, browser=Firefox
Testing: csp_id=523, page_id=13800, browser=Firefox
Testing: csp_id=523, page_id=13900, browser=Firefox
Testing: csp_id=523, page_id=14000, browser=Firefox
Testing: csp_id=523, page_id=14100, browser=Firefox
Testing: csp_id=523, page_id=14200, browser=Firefox
Testing: csp_id=523, page_id=14300, browser=Firefox
Testing: csp_id=523, page_id=14400, browser=Firefox
Testing: csp_id=523, page_id=14500, browser=Firefox
Testing: csp_id=523, page_id=14600, browser=Firefox
Testing: csp_id=523, page_id=14700, browser=Firefox
Testing: csp_id=523, page_id=14800, browser=Firefox
Testing: csp_id=523, page_id=14900, browser=Firefox
Testing: csp_id=523, page_id=15000, browser=Firefox
Testing: csp_id=523, page_id=15100, browser=Firefox
Testing: csp_id=523, page_id=15200, browser=Firefox
Testing: csp_id=523, page_id=15300, browser=Firefox
Testing: csp_id=523, page_id=15400, browser=Firefox
Testing: csp_id=523, page_id=15500, browser=Firefox
Testing: csp_id=523, page_id=15600, browser=Firefox
Testing: csp_id=523, page_id=15700, browser=Firefox
Testing: csp_id=523, page_id=15800, browser=Firefox
Testing: csp_id=523, page_id=15900, browser=Firefox
Testing: csp_id=523, page_id=16000, browser=Firefox
Testing: csp_id=523, page_id=16100, browser=Firefox
Testing: csp_id=523, page_id=16200, browser=Firefox
Testing: csp_id=523, page_id=16300, browser=Firefox
Testing: csp_id=523, page_id=16400, browser=Firefox
Testing: csp_id=523, page_id=16500, browser=Firefox
Testing: csp_id=523, page_id=16600, browser=Firefox
Testing: csp_id=523, page_id=16700, browser=Firefox
Testing: csp_id=523, page_id=16800, browser=Firefox
Testing: csp_id=523, page_id=16900, browser=Firefox
Testing: csp_id=523, page_id=17000, browser=Firefox
Testing: csp_id=523, page_id=17100, browser=Firefox
Testing: csp_id=523, page_id=17200, browser=Firefox
Testing: csp_id=523, page_id=17300, browser=Firefox
Testing: csp_id=523, page_id=17400, browser=Firefox
Testing: csp_id=523, page_id=17500, browser=Firefox
Testing: csp_id=523, page_id=17600, browser=Firefox
Testing: csp_id=523, page_id=17700, browser=Firefox
Testing: csp_id=523, page_id=17800, browser=Firefox
Testing: csp_id=523, page_id=17900, browser=Firefox
Testing: csp_id=523, page_id=18000, browser=Firefox
Testing: csp_id=523, page_id=18100, browser=Firefox
Testing: csp_id=523, page_id=18200, browser=Firefox
Testing: csp_id=523, page_id=18300, browser=Firefox
Testing: csp_id=523, page_id=18400, browser=Firefox
Testing: csp_id=523, page_id=18500, browser=Firefox
Testing: csp_id=523, page_id=18600, browser=Firefox
Testing: csp_id=523, page_id=18700, browser=Firefox
Testing: csp_id=523, page_id=18800, browser=Firefox
Testing: csp_id=523, page_id=18900, browser=Firefox
Testing: csp_id=523, page_id=19000, browser=Firefox
Testing: csp_id=523, page_id=19100, browser=Firefox
Testing: csp_id=523, page_id=19200, browser=Firefox
Testing: csp_id=523, page_id=19300, browser=Firefox
Testing: csp_id=523, page_id=19400, browser=Firefox
Testing: csp_id=523, page_id=19500, browser=Firefox
Testing: csp_id=523, page_id=19600, browser=Firefox
Testing: csp_id=523, page_id=19700, browser=Firefox
Testing: csp_id=523, page_id=19800, browser=Firefox
Testing: csp_id=523, page_id=19900, browser=Firefox
Testing: csp_id=523, page_id=20000, browser=Firefox
Testing: csp_id=523, page_id=20100, browser=Firefox
Testing: csp_id=523, page_id=20200, browser=Firefox
Testing: csp_id=523, page_id=20300, browser=Firefox
Testing: csp_id=523, page_id=20400, browser=Firefox
Testing: csp_id=523, page_id=20500, browser=Firefox
Testing: csp_id=523, page_id=20600, browser=Firefox
Testing: csp_id=523, page_id=20700, browser=Firefox
Testing: csp_id=523, page_id=20800, browser=Firefox
Testing: csp_id=523, page_id=20900, browser=Firefox
Testing: csp_id=523, page_id=21000, browser=Firefox
Testing: csp_id=523, page_id=21100, browser=Firefox
Testing: csp_id=523, page_id=21200, browser=Firefox
Testing: csp_id=523, page_id=21300, browser=Firefox
Testing: csp_id=523, page_id=21400, browser=Firefox
Testing: csp_id=523, page_id=21500, browser=Firefox
Testing: csp_id=523, page_id=21600, browser=Firefox
Testing: csp_id=523, page_id=21700, browser=Firefox
Testing: csp_id=523, page_id=21800, browser=Firefox
Testing: csp_id=523, page_id=21900, browser=Firefox
Testing: csp_id=523, page_id=22000, browser=Firefox
Testing: csp_id=523, page_id=22100, browser=Firefox
Testing: csp_id=523, page_id=22200, browser=Firefox
Testing: csp_id=523, page_id=22300, browser=Firefox
Testing: csp_id=523, page_id=22400, browser=Firefox
Testing: csp_id=523, page_id=22500, browser=Firefox
Testing: csp_id=523, page_id=22600, browser=Firefox
Testing: csp_id=523, page_id=22700, browser=Firefox
Testing: csp_id=523, page_id=22800, browser=Firefox
Testing: csp_id=523, page_id=22900, browser=Firefox
Testing: csp_id=523, page_id=23000, browser=Firefox
Testing: csp_id=523, page_id=23100, browser=Firefox
Testing: csp_id=523, page_id=23200, browser=Firefox
Testing: csp_id=523, page_id=23300, browser=Firefox
Testing: csp_id=523, page_id=23400, browser=Firefox
Testing: csp_id=523, page_id=23500, browser=Firefox
Testing: csp_id=523, page_id=23600, browser=Firefox
Testing: csp_id=523, page_id=23700, browser=Firefox
Testing: csp_id=523, page_id=23800, browser=Firefox
Testing: csp_id=523, page_id=23900, browser=Firefox
Testing: csp_id=523, page_id=24000, browser=Firefox
Testing: csp_id=523, page_id=24100, browser=Firefox
Testing: csp_id=523, page_id=24200, browser=Firefox
Testing: csp_id=523, page_id=24300, browser=Firefox
Testing: csp_id=523, page_id=24400, browser=Firefox
Testing: csp_id=523, page_id=24500, browser=Firefox
Testing: csp_id=523, page_id=24600, browser=Firefox
Testing: csp_id=523, page_id=24700, browser=Firefox
Testing: csp_id=523, page_id=24800, browser=Firefox
Testing: csp_id=523, page_id=24900, browser=Firefox
Testing: csp_id=523, page_id=25000, browser=Firefox
Testing: csp_id=523, page_id=25100, browser=Firefox
Testing: csp_id=523, page_id=25200, browser=Firefox
Testing: csp_id=523, page_id=25300, browser=Firefox
Testing: csp_id=523, page_id=25400, browser=Firefox
Testing: csp_id=523, page_id=25500, browser=Firefox
Testing: csp_id=523, page_id=25600, browser=Firefox
Testing: csp_id=523, page_id=25700, browser=Firefox
Testing: csp_id=523, page_id=25800, browser=Firefox
Testing: csp_id=523, page_id=25900, browser=Firefox
Testing: csp_id=523, page_id=26000, browser=Firefox
Testing: csp_id=523, page_id=26100, browser=Firefox
Testing: csp_id=523, page_id=26200, browser=Firefox
Testing: csp_id=523, page_id=26300, browser=Firefox
Testing: csp_id=523, page_id=26400, browser=Firefox
Testing: csp_id=523, page_id=26500, browser=Firefox
Testing: csp_id=523, page_id=26600, browser=Firefox
Testing: csp_id=523, page_id=26700, browser=Firefox
Testing: csp_id=523, page_id=26800, browser=Firefox
Testing: csp_id=523, page_id=26900, browser=Firefox
Testing: csp_id=523, page_id=27000, browser=Firefox
Testing: csp_id=523, page_id=27100, browser=Firefox
Testing: csp_id=523, page_id=27200, browser=Firefox
Testing: csp_id=523, page_id=27300, browser=Firefox
Testing: csp_id=523, page_id=27400, browser=Firefox
Testing: csp_id=523, page_id=27500, browser=Firefox
Testing: csp_id=523, page_id=27600, browser=Firefox
Testing: csp_id=523, page_id=27700, browser=Firefox
Testing: csp_id=523, page_id=27800, browser=Firefox
Testing: csp_id=523, page_id=27900, browser=Firefox
Testing: csp_id=523, page_id=28000, browser=Firefox
Testing: csp_id=523, page_id=28100, browser=Firefox
Testing: csp_id=523, page_id=28200, browser=Firefox
Testing: csp_id=523, page_id=28300, browser=Firefox
Testing: csp_id=523, page_id=28400, browser=Firefox
Testing: csp_id=523, page_id=28500, browser=Firefox
Testing: csp_id=523, page_id=28600, browser=Firefox
Testing: csp_id=523, page_id=28700, browser=Firefox
Testing: csp_id=523, page_id=28800, browser=Firefox
Testing: csp_id=523, page_id=28900, browser=Firefox
Testing: csp_id=523, page_id=29000, browser=Firefox
Testing: csp_id=523, page_id=29100, browser=Firefox
Testing: csp_id=523, page_id=29200, browser=Firefox
Testing: csp_id=523, page_id=29300, browser=Firefox
Testing: csp_id=523, page_id=29400, browser=Firefox
Testing: csp_id=523, page_id=29500, browser=Firefox
Testing: csp_id=523, page_id=29600, browser=Firefox
Testing: csp_id=523, page_id=29700, browser=Firefox
Testing: csp_id=523, page_id=29800, browser=Firefox
🏊 create_context_pools[first] (5x16): 16.879s
Testing: csp_id=534, page_id=0, browser=Firefox
Testing: csp_id=534, page_id=100, browser=Firefox
Testing: csp_id=534, page_id=200, browser=Firefox
Testing: csp_id=534, page_id=300, browser=Firefox
Testing: csp_id=534, page_id=400, browser=Firefox
Testing: csp_id=534, page_id=500, browser=Firefox
Testing: csp_id=534, page_id=600, browser=Firefox
Testing: csp_id=534, page_id=700, browser=Firefox
Testing: csp_id=534, page_id=800, browser=Firefox
Testing: csp_id=534, page_id=900, browser=Firefox
Testing: csp_id=534, page_id=1000, browser=Firefox
Testing: csp_id=534, page_id=1100, browser=Firefox
Testing: csp_id=534, page_id=1200, browser=Firefox
Testing: csp_id=534, page_id=1300, browser=Firefox
Testing: csp_id=534, page_id=1400, browser=Firefox
Testing: csp_id=534, page_id=1500, browser=Firefox
Testing: csp_id=534, page_id=1600, browser=Firefox
Testing: csp_id=534, page_id=1700, browser=Firefox
Testing: csp_id=534, page_id=1800, browser=Firefox
Testing: csp_id=534, page_id=1900, browser=Firefox
Testing: csp_id=534, page_id=2000, browser=Firefox
Testing: csp_id=534, page_id=2100, browser=Firefox
Testing: csp_id=534, page_id=2200, browser=Firefox
Testing: csp_id=534, page_id=2300, browser=Firefox
Testing: csp_id=534, page_id=2400, browser=Firefox
Testing: csp_id=534, page_id=2500, browser=Firefox
Testing: csp_id=534, page_id=2600, browser=Firefox
Testing: csp_id=534, page_id=2700, browser=Firefox
Testing: csp_id=534, page_id=2800, browser=Firefox
Testing: csp_id=534, page_id=2900, browser=Firefox
Testing: csp_id=534, page_id=3000, browser=Firefox
Testing: csp_id=534, page_id=3100, browser=Firefox
Testing: csp_id=534, page_id=3200, browser=Firefox
Testing: csp_id=534, page_id=3300, browser=Firefox
Testing: csp_id=534, page_id=3400, browser=Firefox
Testing: csp_id=534, page_id=3500, browser=Firefox
Testing: csp_id=534, page_id=3600, browser=Firefox
Testing: csp_id=534, page_id=3700, browser=Firefox
Testing: csp_id=534, page_id=3800, browser=Firefox
Testing: csp_id=534, page_id=3900, browser=Firefox
Testing: csp_id=534, page_id=4000, browser=Firefox
Testing: csp_id=534, page_id=4100, browser=Firefox
Testing: csp_id=534, page_id=4200, browser=Firefox
Testing: csp_id=534, page_id=4300, browser=Firefox
Testing: csp_id=534, page_id=4400, browser=Firefox
Testing: csp_id=534, page_id=4500, browser=Firefox
Testing: csp_id=534, page_id=4600, browser=Firefox
Testing: csp_id=534, page_id=4700, browser=Firefox
Testing: csp_id=534, page_id=4800, browser=Firefox
Testing: csp_id=534, page_id=4900, browser=Firefox
Testing: csp_id=534, page_id=5000, browser=Firefox
Testing: csp_id=534, page_id=5100, browser=Firefox
Testing: csp_id=534, page_id=5200, browser=Firefox
Testing: csp_id=534, page_id=5300, browser=Firefox
Testing: csp_id=534, page_id=5400, browser=Firefox
Testing: csp_id=534, page_id=5500, browser=Firefox
Testing: csp_id=534, page_id=5600, browser=Firefox
Testing: csp_id=534, page_id=5700, browser=Firefox
Testing: csp_id=534, page_id=5800, browser=Firefox
Testing: csp_id=534, page_id=5900, browser=Firefox
Testing: csp_id=534, page_id=6000, browser=Firefox
Testing: csp_id=534, page_id=6100, browser=Firefox
Testing: csp_id=534, page_id=6200, browser=Firefox
Testing: csp_id=534, page_id=6300, browser=Firefox
Testing: csp_id=534, page_id=6400, browser=Firefox
Testing: csp_id=534, page_id=6500, browser=Firefox
Testing: csp_id=534, page_id=6600, browser=Firefox
Testing: csp_id=534, page_id=6700, browser=Firefox
Testing: csp_id=534, page_id=6800, browser=Firefox
Testing: csp_id=534, page_id=6900, browser=Firefox
Testing: csp_id=534, page_id=7000, browser=Firefox
Testing: csp_id=534, page_id=7100, browser=Firefox
Testing: csp_id=534, page_id=7200, browser=Firefox
Testing: csp_id=534, page_id=7300, browser=Firefox
Testing: csp_id=534, page_id=7400, browser=Firefox
Testing: csp_id=534, page_id=7500, browser=Firefox
Testing: csp_id=534, page_id=7600, browser=Firefox
Testing: csp_id=534, page_id=7700, browser=Firefox
Testing: csp_id=534, page_id=7800, browser=Firefox
Testing: csp_id=534, page_id=7900, browser=Firefox
Testing: csp_id=534, page_id=8000, browser=Firefox
Testing: csp_id=534, page_id=8100, browser=Firefox
Testing: csp_id=534, page_id=8200, browser=Firefox
Testing: csp_id=534, page_id=8300, browser=Firefox
Testing: csp_id=534, page_id=8400, browser=Firefox
Testing: csp_id=534, page_id=8500, browser=Firefox
Testing: csp_id=534, page_id=8600, browser=Firefox
Testing: csp_id=534, page_id=8700, browser=Firefox
Testing: csp_id=534, page_id=8800, browser=Firefox
Testing: csp_id=534, page_id=8900, browser=Firefox
Testing: csp_id=534, page_id=9000, browser=Firefox
Testing: csp_id=534, page_id=9100, browser=Firefox
Testing: csp_id=534, page_id=9200, browser=Firefox
Testing: csp_id=534, page_id=9300, browser=Firefox
Testing: csp_id=534, page_id=9400, browser=Firefox
Testing: csp_id=534, page_id=9500, browser=Firefox
Testing: csp_id=534, page_id=9600, browser=Firefox
Testing: csp_id=534, page_id=9700, browser=Firefox
Testing: csp_id=534, page_id=9800, browser=Firefox
Testing: csp_id=534, page_id=9900, browser=Firefox
Testing: csp_id=534, page_id=10000, browser=Firefox
Testing: csp_id=534, page_id=10100, browser=Firefox
Testing: csp_id=534, page_id=10200, browser=Firefox
Testing: csp_id=534, page_id=10300, browser=Firefox
Testing: csp_id=534, page_id=10400, browser=Firefox
Testing: csp_id=534, page_id=10500, browser=Firefox
Testing: csp_id=534, page_id=10600, browser=Firefox
Testing: csp_id=534, page_id=10700, browser=Firefox
Testing: csp_id=534, page_id=10800, browser=Firefox
Testing: csp_id=534, page_id=10900, browser=Firefox
Testing: csp_id=534, page_id=11000, browser=Firefox
Testing: csp_id=534, page_id=11100, browser=Firefox
Testing: csp_id=534, page_id=11200, browser=Firefox
Testing: csp_id=534, page_id=11300, browser=Firefox
Testing: csp_id=534, page_id=11400, browser=Firefox
Testing: csp_id=534, page_id=11500, browser=Firefox
Testing: csp_id=534, page_id=11600, browser=Firefox
Testing: csp_id=534, page_id=11700, browser=Firefox
Testing: csp_id=534, page_id=11800, browser=Firefox
Testing: csp_id=534, page_id=11900, browser=Firefox
Testing: csp_id=534, page_id=12000, browser=Firefox
Testing: csp_id=534, page_id=12100, browser=Firefox
Testing: csp_id=534, page_id=12200, browser=Firefox
Testing: csp_id=534, page_id=12300, browser=Firefox
Testing: csp_id=534, page_id=12400, browser=Firefox
Testing: csp_id=534, page_id=12500, browser=Firefox
Testing: csp_id=534, page_id=12600, browser=Firefox
Testing: csp_id=534, page_id=12700, browser=Firefox
Testing: csp_id=534, page_id=12800, browser=Firefox
Testing: csp_id=534, page_id=12900, browser=Firefox
Testing: csp_id=534, page_id=13000, browser=Firefox
Testing: csp_id=534, page_id=13100, browser=Firefox
Testing: csp_id=534, page_id=13200, browser=Firefox
Testing: csp_id=534, page_id=13300, browser=Firefox
Testing: csp_id=534, page_id=13400, browser=Firefox
Testing: csp_id=534, page_id=13500, browser=Firefox
Testing: csp_id=534, page_id=13600, browser=Firefox
Testing: csp_id=534, page_id=13700, browser=Firefox
Testing: csp_id=534, page_id=13800, browser=Firefox
Testing: csp_id=534, page_id=13900, browser=Firefox
Testing: csp_id=534, page_id=14000, browser=Firefox
Testing: csp_id=534, page_id=14100, browser=Firefox
Testing: csp_id=534, page_id=14200, browser=Firefox
Testing: csp_id=534, page_id=14300, browser=Firefox
Testing: csp_id=534, page_id=14400, browser=Firefox
Testing: csp_id=534, page_id=14500, browser=Firefox
Testing: csp_id=534, page_id=14600, browser=Firefox
Testing: csp_id=534, page_id=14700, browser=Firefox
Testing: csp_id=534, page_id=14800, browser=Firefox
Testing: csp_id=534, page_id=14900, browser=Firefox
Testing: csp_id=534, page_id=15000, browser=Firefox
Testing: csp_id=534, page_id=15100, browser=Firefox
Testing: csp_id=534, page_id=15200, browser=Firefox
Testing: csp_id=534, page_id=15300, browser=Firefox
Testing: csp_id=534, page_id=15400, browser=Firefox
Testing: csp_id=534, page_id=15500, browser=Firefox
Testing: csp_id=534, page_id=15600, browser=Firefox
Testing: csp_id=534, page_id=15700, browser=Firefox
Testing: csp_id=534, page_id=15800, browser=Firefox
Testing: csp_id=534, page_id=15900, browser=Firefox
Testing: csp_id=534, page_id=16000, browser=Firefox
Testing: csp_id=534, page_id=16100, browser=Firefox
Testing: csp_id=534, page_id=16200, browser=Firefox
Testing: csp_id=534, page_id=16300, browser=Firefox
Testing: csp_id=534, page_id=16400, browser=Firefox
Testing: csp_id=534, page_id=16500, browser=Firefox
Testing: csp_id=534, page_id=16600, browser=Firefox
Testing: csp_id=534, page_id=16700, browser=Firefox
Testing: csp_id=534, page_id=16800, browser=Firefox
Testing: csp_id=534, page_id=16900, browser=Firefox
Testing: csp_id=534, page_id=17000, browser=Firefox
Testing: csp_id=534, page_id=17100, browser=Firefox
Testing: csp_id=534, page_id=17200, browser=Firefox
Testing: csp_id=534, page_id=17300, browser=Firefox
Testing: csp_id=534, page_id=17400, browser=Firefox
Testing: csp_id=534, page_id=17500, browser=Firefox
Testing: csp_id=534, page_id=17600, browser=Firefox
Testing: csp_id=534, page_id=17700, browser=Firefox
Testing: csp_id=534, page_id=17800, browser=Firefox
Testing: csp_id=534, page_id=17900, browser=Firefox
Testing: csp_id=534, page_id=18000, browser=Firefox
Testing: csp_id=534, page_id=18100, browser=Firefox
Testing: csp_id=534, page_id=18200, browser=Firefox
Testing: csp_id=534, page_id=18300, browser=Firefox
Testing: csp_id=534, page_id=18400, browser=Firefox
Testing: csp_id=534, page_id=18500, browser=Firefox
Testing: csp_id=534, page_id=18600, browser=Firefox
Testing: csp_id=534, page_id=18700, browser=Firefox
Testing: csp_id=534, page_id=18800, browser=Firefox
Testing: csp_id=534, page_id=18900, browser=Firefox
Testing: csp_id=534, page_id=19000, browser=Firefox
Testing: csp_id=534, page_id=19100, browser=Firefox
Testing: csp_id=534, page_id=19200, browser=Firefox
Testing: csp_id=534, page_id=19300, browser=Firefox
Testing: csp_id=534, page_id=19400, browser=Firefox
Testing: csp_id=534, page_id=19500, browser=Firefox
Testing: csp_id=534, page_id=19600, browser=Firefox
Testing: csp_id=534, page_id=19700, browser=Firefox
Testing: csp_id=534, page_id=19800, browser=Firefox
Testing: csp_id=534, page_id=19900, browser=Firefox
Testing: csp_id=534, page_id=20000, browser=Firefox
Testing: csp_id=534, page_id=20100, browser=Firefox
Testing: csp_id=534, page_id=20200, browser=Firefox
Testing: csp_id=534, page_id=20300, browser=Firefox
Testing: csp_id=534, page_id=20400, browser=Firefox
Testing: csp_id=534, page_id=20500, browser=Firefox
Testing: csp_id=534, page_id=20600, browser=Firefox
Testing: csp_id=534, page_id=20700, browser=Firefox
Testing: csp_id=534, page_id=20800, browser=Firefox
Testing: csp_id=534, page_id=20900, browser=Firefox
Testing: csp_id=534, page_id=21000, browser=Firefox
Testing: csp_id=534, page_id=21100, browser=Firefox
Testing: csp_id=534, page_id=21200, browser=Firefox
Testing: csp_id=534, page_id=21300, browser=Firefox
Testing: csp_id=534, page_id=21400, browser=Firefox
Testing: csp_id=534, page_id=21500, browser=Firefox
Testing: csp_id=534, page_id=21600, browser=Firefox
Testing: csp_id=534, page_id=21700, browser=Firefox
Testing: csp_id=534, page_id=21800, browser=Firefox
Testing: csp_id=534, page_id=21900, browser=Firefox
Testing: csp_id=534, page_id=22000, browser=Firefox
Testing: csp_id=534, page_id=22100, browser=Firefox
Testing: csp_id=534, page_id=22200, browser=Firefox
Testing: csp_id=534, page_id=22300, browser=Firefox
Testing: csp_id=534, page_id=22400, browser=Firefox
Testing: csp_id=534, page_id=22500, browser=Firefox
Testing: csp_id=534, page_id=22600, browser=Firefox
Testing: csp_id=534, page_id=22700, browser=Firefox
Testing: csp_id=534, page_id=22800, browser=Firefox
Testing: csp_id=534, page_id=22900, browser=Firefox
Testing: csp_id=534, page_id=23000, browser=Firefox
Testing: csp_id=534, page_id=23100, browser=Firefox
Testing: csp_id=534, page_id=23200, browser=Firefox
Testing: csp_id=534, page_id=23300, browser=Firefox
Testing: csp_id=534, page_id=23400, browser=Firefox
Testing: csp_id=534, page_id=23500, browser=Firefox
Testing: csp_id=534, page_id=23600, browser=Firefox
Testing: csp_id=534, page_id=23700, browser=Firefox
Testing: csp_id=534, page_id=23800, browser=Firefox
Testing: csp_id=534, page_id=23900, browser=Firefox
Testing: csp_id=534, page_id=24000, browser=Firefox
Testing: csp_id=534, page_id=24100, browser=Firefox
Testing: csp_id=534, page_id=24200, browser=Firefox
Testing: csp_id=534, page_id=24300, browser=Firefox
Testing: csp_id=534, page_id=24400, browser=Firefox
Testing: csp_id=534, page_id=24500, browser=Firefox
Testing: csp_id=534, page_id=24600, browser=Firefox
Testing: csp_id=534, page_id=24700, browser=Firefox
Testing: csp_id=534, page_id=24800, browser=Firefox
Testing: csp_id=534, page_id=24900, browser=Firefox
Testing: csp_id=534, page_id=25000, browser=Firefox
Testing: csp_id=534, page_id=25100, browser=Firefox
Testing: csp_id=534, page_id=25200, browser=Firefox
Testing: csp_id=534, page_id=25300, browser=Firefox
Testing: csp_id=534, page_id=25400, browser=Firefox
Testing: csp_id=534, page_id=25500, browser=Firefox
Testing: csp_id=534, page_id=25600, browser=Firefox
Testing: csp_id=534, page_id=25700, browser=Firefox
Testing: csp_id=534, page_id=25800, browser=Firefox
Testing: csp_id=534, page_id=25900, browser=Firefox
Testing: csp_id=534, page_id=26000, browser=Firefox
Testing: csp_id=534, page_id=26100, browser=Firefox
Testing: csp_id=534, page_id=26200, browser=Firefox
Testing: csp_id=534, page_id=26300, browser=Firefox
Testing: csp_id=534, page_id=26400, browser=Firefox
Testing: csp_id=534, page_id=26500, browser=Firefox
Testing: csp_id=534, page_id=26600, browser=Firefox
Testing: csp_id=534, page_id=26700, browser=Firefox
Testing: csp_id=534, page_id=26800, browser=Firefox
Testing: csp_id=534, page_id=26900, browser=Firefox
Testing: csp_id=534, page_id=27000, browser=Firefox
Testing: csp_id=534, page_id=27100, browser=Firefox
Testing: csp_id=534, page_id=27200, browser=Firefox
Testing: csp_id=534, page_id=27300, browser=Firefox
Testing: csp_id=534, page_id=27400, browser=Firefox
Testing: csp_id=534, page_id=27500, browser=Firefox
Testing: csp_id=534, page_id=27600, browser=Firefox
Testing: csp_id=534, page_id=27700, browser=Firefox
Testing: csp_id=534, page_id=27800, browser=Firefox
Testing: csp_id=534, page_id=27900, browser=Firefox
Testing: csp_id=534, page_id=28000, browser=Firefox
Testing: csp_id=534, page_id=28100, browser=Firefox
Testing: csp_id=534, page_id=28200, browser=Firefox
Testing: csp_id=534, page_id=28300, browser=Firefox
Testing: csp_id=534, page_id=28400, browser=Firefox
Testing: csp_id=534, page_id=28500, browser=Firefox
Testing: csp_id=534, page_id=28600, browser=Firefox
Testing: csp_id=534, page_id=28700, browser=Firefox
Testing: csp_id=534, page_id=28800, browser=Firefox
Testing: csp_id=534, page_id=28900, browser=Firefox
Testing: csp_id=534, page_id=29000, browser=Firefox
Testing: csp_id=534, page_id=29100, browser=Firefox
Testing: csp_id=534, page_id=29200, browser=Firefox
Testing: csp_id=534, page_id=29300, browser=Firefox
Testing: csp_id=534, page_id=29400, browser=Firefox
Testing: csp_id=534, page_id=29500, browser=Firefox
Testing: csp_id=534, page_id=29600, browser=Firefox
Testing: csp_id=534, page_id=29700, browser=Firefox
Testing: csp_id=534, page_id=29800, browser=Firefox
🏊 create_context_pools[first] (5x16): 16.934s
Testing: csp_id=547, page_id=0, browser=Firefox
Testing: csp_id=547, page_id=100, browser=Firefox
Testing: csp_id=547, page_id=200, browser=Firefox
Testing: csp_id=547, page_id=300, browser=Firefox
Testing: csp_id=547, page_id=400, browser=Firefox
Testing: csp_id=547, page_id=500, browser=Firefox
Testing: csp_id=547, page_id=600, browser=Firefox
Testing: csp_id=547, page_id=700, browser=Firefox
Testing: csp_id=547, page_id=800, browser=Firefox
Testing: csp_id=547, page_id=900, browser=Firefox
Testing: csp_id=547, page_id=1000, browser=Firefox
Testing: csp_id=547, page_id=1100, browser=Firefox
Testing: csp_id=547, page_id=1200, browser=Firefox
Testing: csp_id=547, page_id=1300, browser=Firefox
Testing: csp_id=547, page_id=1400, browser=Firefox
Testing: csp_id=547, page_id=1500, browser=Firefox
Testing: csp_id=547, page_id=1600, browser=Firefox
Testing: csp_id=547, page_id=1700, browser=Firefox
Testing: csp_id=547, page_id=1800, browser=Firefox
Testing: csp_id=547, page_id=1900, browser=Firefox
Testing: csp_id=547, page_id=2000, browser=Firefox
Testing: csp_id=547, page_id=2100, browser=Firefox
Testing: csp_id=547, page_id=2200, browser=Firefox
Testing: csp_id=547, page_id=2300, browser=Firefox
Testing: csp_id=547, page_id=2400, browser=Firefox
Testing: csp_id=547, page_id=2500, browser=Firefox
Testing: csp_id=547, page_id=2600, browser=Firefox
Testing: csp_id=547, page_id=2700, browser=Firefox
Testing: csp_id=547, page_id=2800, browser=Firefox
Testing: csp_id=547, page_id=2900, browser=Firefox
Testing: csp_id=547, page_id=3000, browser=Firefox
Testing: csp_id=547, page_id=3100, browser=Firefox
Testing: csp_id=547, page_id=3200, browser=Firefox
Testing: csp_id=547, page_id=3300, browser=Firefox
Testing: csp_id=547, page_id=3400, browser=Firefox
Testing: csp_id=547, page_id=3500, browser=Firefox
Testing: csp_id=547, page_id=3600, browser=Firefox
Testing: csp_id=547, page_id=3700, browser=Firefox
Testing: csp_id=547, page_id=3800, browser=Firefox
Testing: csp_id=547, page_id=3900, browser=Firefox
Testing: csp_id=547, page_id=4000, browser=Firefox
Testing: csp_id=547, page_id=4100, browser=Firefox
Testing: csp_id=547, page_id=4200, browser=Firefox
Testing: csp_id=547, page_id=4300, browser=Firefox
Testing: csp_id=547, page_id=4400, browser=Firefox
Testing: csp_id=547, page_id=4500, browser=Firefox
Testing: csp_id=547, page_id=4600, browser=Firefox
Testing: csp_id=547, page_id=4700, browser=Firefox
Testing: csp_id=547, page_id=4800, browser=Firefox
Testing: csp_id=547, page_id=4900, browser=Firefox
Testing: csp_id=547, page_id=5000, browser=Firefox
Testing: csp_id=547, page_id=5100, browser=Firefox
Testing: csp_id=547, page_id=5200, browser=Firefox
Testing: csp_id=547, page_id=5300, browser=Firefox
Testing: csp_id=547, page_id=5400, browser=Firefox
Testing: csp_id=547, page_id=5500, browser=Firefox
Testing: csp_id=547, page_id=5600, browser=Firefox
Testing: csp_id=547, page_id=5700, browser=Firefox
Testing: csp_id=547, page_id=5800, browser=Firefox
Testing: csp_id=547, page_id=5900, browser=Firefox
Testing: csp_id=547, page_id=6000, browser=Firefox
Testing: csp_id=547, page_id=6100, browser=Firefox
Testing: csp_id=547, page_id=6200, browser=Firefox
Testing: csp_id=547, page_id=6300, browser=Firefox
Testing: csp_id=547, page_id=6400, browser=Firefox
Testing: csp_id=547, page_id=6500, browser=Firefox
Testing: csp_id=547, page_id=6600, browser=Firefox
Testing: csp_id=547, page_id=6700, browser=Firefox
Testing: csp_id=547, page_id=6800, browser=Firefox
Testing: csp_id=547, page_id=6900, browser=Firefox
Testing: csp_id=547, page_id=7000, browser=Firefox
Testing: csp_id=547, page_id=7100, browser=Firefox
Testing: csp_id=547, page_id=7200, browser=Firefox
Testing: csp_id=547, page_id=7300, browser=Firefox
Testing: csp_id=547, page_id=7400, browser=Firefox
Testing: csp_id=547, page_id=7500, browser=Firefox
Testing: csp_id=547, page_id=7600, browser=Firefox
Testing: csp_id=547, page_id=7700, browser=Firefox
Testing: csp_id=547, page_id=7800, browser=Firefox
Testing: csp_id=547, page_id=7900, browser=Firefox
Testing: csp_id=547, page_id=8000, browser=Firefox
Testing: csp_id=547, page_id=8100, browser=Firefox
Testing: csp_id=547, page_id=8200, browser=Firefox
Testing: csp_id=547, page_id=8300, browser=Firefox
Testing: csp_id=547, page_id=8400, browser=Firefox
Testing: csp_id=547, page_id=8500, browser=Firefox
Testing: csp_id=547, page_id=8600, browser=Firefox
Testing: csp_id=547, page_id=8700, browser=Firefox
Testing: csp_id=547, page_id=8800, browser=Firefox
Testing: csp_id=547, page_id=8900, browser=Firefox
Testing: csp_id=547, page_id=9000, browser=Firefox
Testing: csp_id=547, page_id=9100, browser=Firefox
Testing: csp_id=547, page_id=9200, browser=Firefox
Testing: csp_id=547, page_id=9300, browser=Firefox
Testing: csp_id=547, page_id=9400, browser=Firefox
Testing: csp_id=547, page_id=9500, browser=Firefox
Testing: csp_id=547, page_id=9600, browser=Firefox
Testing: csp_id=547, page_id=9700, browser=Firefox
Testing: csp_id=547, page_id=9800, browser=Firefox
Testing: csp_id=547, page_id=9900, browser=Firefox
Testing: csp_id=547, page_id=10000, browser=Firefox
Testing: csp_id=547, page_id=10100, browser=Firefox
Testing: csp_id=547, page_id=10200, browser=Firefox
Testing: csp_id=547, page_id=10300, browser=Firefox
Testing: csp_id=547, page_id=10400, browser=Firefox
Testing: csp_id=547, page_id=10500, browser=Firefox
Testing: csp_id=547, page_id=10600, browser=Firefox
Testing: csp_id=547, page_id=10700, browser=Firefox
Testing: csp_id=547, page_id=10800, browser=Firefox
Testing: csp_id=547, page_id=10900, browser=Firefox
Testing: csp_id=547, page_id=11000, browser=Firefox
Testing: csp_id=547, page_id=11100, browser=Firefox
Testing: csp_id=547, page_id=11200, browser=Firefox
Testing: csp_id=547, page_id=11300, browser=Firefox
Testing: csp_id=547, page_id=11400, browser=Firefox
Testing: csp_id=547, page_id=11500, browser=Firefox
Testing: csp_id=547, page_id=11600, browser=Firefox
Testing: csp_id=547, page_id=11700, browser=Firefox
Testing: csp_id=547, page_id=11800, browser=Firefox
Testing: csp_id=547, page_id=11900, browser=Firefox
Testing: csp_id=547, page_id=12000, browser=Firefox
Testing: csp_id=547, page_id=12100, browser=Firefox
Testing: csp_id=547, page_id=12200, browser=Firefox
Testing: csp_id=547, page_id=12300, browser=Firefox
Testing: csp_id=547, page_id=12400, browser=Firefox
Testing: csp_id=547, page_id=12500, browser=Firefox
Testing: csp_id=547, page_id=12600, browser=Firefox
Testing: csp_id=547, page_id=12700, browser=Firefox
Testing: csp_id=547, page_id=12800, browser=Firefox
Testing: csp_id=547, page_id=12900, browser=Firefox
Testing: csp_id=547, page_id=13000, browser=Firefox
Testing: csp_id=547, page_id=13100, browser=Firefox
Testing: csp_id=547, page_id=13200, browser=Firefox
Testing: csp_id=547, page_id=13300, browser=Firefox
Testing: csp_id=547, page_id=13400, browser=Firefox
Testing: csp_id=547, page_id=13500, browser=Firefox
Testing: csp_id=547, page_id=13600, browser=Firefox
Testing: csp_id=547, page_id=13700, browser=Firefox
Testing: csp_id=547, page_id=13800, browser=Firefox
Testing: csp_id=547, page_id=13900, browser=Firefox
Testing: csp_id=547, page_id=14000, browser=Firefox
Testing: csp_id=547, page_id=14100, browser=Firefox
Testing: csp_id=547, page_id=14200, browser=Firefox
Testing: csp_id=547, page_id=14300, browser=Firefox
Testing: csp_id=547, page_id=14400, browser=Firefox
Testing: csp_id=547, page_id=14500, browser=Firefox
Testing: csp_id=547, page_id=14600, browser=Firefox
Testing: csp_id=547, page_id=14700, browser=Firefox
Testing: csp_id=547, page_id=14800, browser=Firefox
Testing: csp_id=547, page_id=14900, browser=Firefox
Testing: csp_id=547, page_id=15000, browser=Firefox
Testing: csp_id=547, page_id=15100, browser=Firefox
Testing: csp_id=547, page_id=15200, browser=Firefox
Testing: csp_id=547, page_id=15300, browser=Firefox
Testing: csp_id=547, page_id=15400, browser=Firefox
Testing: csp_id=547, page_id=15500, browser=Firefox
Testing: csp_id=547, page_id=15600, browser=Firefox
Testing: csp_id=547, page_id=15700, browser=Firefox
Testing: csp_id=547, page_id=15800, browser=Firefox
Testing: csp_id=547, page_id=15900, browser=Firefox
Testing: csp_id=547, page_id=16000, browser=Firefox
Testing: csp_id=547, page_id=16100, browser=Firefox
Testing: csp_id=547, page_id=16200, browser=Firefox
Testing: csp_id=547, page_id=16300, browser=Firefox
Testing: csp_id=547, page_id=16400, browser=Firefox
Testing: csp_id=547, page_id=16500, browser=Firefox
Testing: csp_id=547, page_id=16600, browser=Firefox
Testing: csp_id=547, page_id=16700, browser=Firefox
Testing: csp_id=547, page_id=16800, browser=Firefox
Testing: csp_id=547, page_id=16900, browser=Firefox
Testing: csp_id=547, page_id=17000, browser=Firefox
Testing: csp_id=547, page_id=17100, browser=Firefox
Testing: csp_id=547, page_id=17200, browser=Firefox
Testing: csp_id=547, page_id=17300, browser=Firefox
Testing: csp_id=547, page_id=17400, browser=Firefox
Testing: csp_id=547, page_id=17500, browser=Firefox
Testing: csp_id=547, page_id=17600, browser=Firefox
Testing: csp_id=547, page_id=17700, browser=Firefox
Testing: csp_id=547, page_id=17800, browser=Firefox
Testing: csp_id=547, page_id=17900, browser=Firefox
Testing: csp_id=547, page_id=18000, browser=Firefox
Testing: csp_id=547, page_id=18100, browser=Firefox
Testing: csp_id=547, page_id=18200, browser=Firefox
Testing: csp_id=547, page_id=18300, browser=Firefox
Testing: csp_id=547, page_id=18400, browser=Firefox
Testing: csp_id=547, page_id=18500, browser=Firefox
Testing: csp_id=547, page_id=18600, browser=Firefox
Testing: csp_id=547, page_id=18700, browser=Firefox
Testing: csp_id=547, page_id=18800, browser=Firefox
Testing: csp_id=547, page_id=18900, browser=Firefox
Testing: csp_id=547, page_id=19000, browser=Firefox
Testing: csp_id=547, page_id=19100, browser=Firefox
Testing: csp_id=547, page_id=19200, browser=Firefox
Testing: csp_id=547, page_id=19300, browser=Firefox
Testing: csp_id=547, page_id=19400, browser=Firefox
Testing: csp_id=547, page_id=19500, browser=Firefox
Testing: csp_id=547, page_id=19600, browser=Firefox
Testing: csp_id=547, page_id=19700, browser=Firefox
Testing: csp_id=547, page_id=19800, browser=Firefox
Testing: csp_id=547, page_id=19900, browser=Firefox
Testing: csp_id=547, page_id=20000, browser=Firefox
Testing: csp_id=547, page_id=20100, browser=Firefox
Testing: csp_id=547, page_id=20200, browser=Firefox
Testing: csp_id=547, page_id=20300, browser=Firefox
Testing: csp_id=547, page_id=20400, browser=Firefox
Testing: csp_id=547, page_id=20500, browser=Firefox
Testing: csp_id=547, page_id=20600, browser=Firefox
Testing: csp_id=547, page_id=20700, browser=Firefox
Testing: csp_id=547, page_id=20800, browser=Firefox
Testing: csp_id=547, page_id=20900, browser=Firefox
Testing: csp_id=547, page_id=21000, browser=Firefox
Testing: csp_id=547, page_id=21100, browser=Firefox
Testing: csp_id=547, page_id=21200, browser=Firefox
Testing: csp_id=547, page_id=21300, browser=Firefox
Testing: csp_id=547, page_id=21400, browser=Firefox
Testing: csp_id=547, page_id=21500, browser=Firefox
Testing: csp_id=547, page_id=21600, browser=Firefox
Testing: csp_id=547, page_id=21700, browser=Firefox
Testing: csp_id=547, page_id=21800, browser=Firefox
Testing: csp_id=547, page_id=21900, browser=Firefox
Testing: csp_id=547, page_id=22000, browser=Firefox
Testing: csp_id=547, page_id=22100, browser=Firefox
Testing: csp_id=547, page_id=22200, browser=Firefox
Testing: csp_id=547, page_id=22300, browser=Firefox
Testing: csp_id=547, page_id=22400, browser=Firefox
Testing: csp_id=547, page_id=22500, browser=Firefox
Testing: csp_id=547, page_id=22600, browser=Firefox
Testing: csp_id=547, page_id=22700, browser=Firefox
Testing: csp_id=547, page_id=22800, browser=Firefox
Testing: csp_id=547, page_id=22900, browser=Firefox
Testing: csp_id=547, page_id=23000, browser=Firefox
Testing: csp_id=547, page_id=23100, browser=Firefox
Testing: csp_id=547, page_id=23200, browser=Firefox
Testing: csp_id=547, page_id=23300, browser=Firefox
Testing: csp_id=547, page_id=23400, browser=Firefox
Testing: csp_id=547, page_id=23500, browser=Firefox
Testing: csp_id=547, page_id=23600, browser=Firefox
Testing: csp_id=547, page_id=23700, browser=Firefox
Testing: csp_id=547, page_id=23800, browser=Firefox
Testing: csp_id=547, page_id=23900, browser=Firefox
Testing: csp_id=547, page_id=24000, browser=Firefox
Testing: csp_id=547, page_id=24100, browser=Firefox
Testing: csp_id=547, page_id=24200, browser=Firefox
Testing: csp_id=547, page_id=24300, browser=Firefox
Testing: csp_id=547, page_id=24400, browser=Firefox
Testing: csp_id=547, page_id=24500, browser=Firefox
Testing: csp_id=547, page_id=24600, browser=Firefox
Testing: csp_id=547, page_id=24700, browser=Firefox
Testing: csp_id=547, page_id=24800, browser=Firefox
Testing: csp_id=547, page_id=24900, browser=Firefox
Testing: csp_id=547, page_id=25000, browser=Firefox
Testing: csp_id=547, page_id=25100, browser=Firefox
Testing: csp_id=547, page_id=25200, browser=Firefox
Testing: csp_id=547, page_id=25300, browser=Firefox
Testing: csp_id=547, page_id=25400, browser=Firefox
Testing: csp_id=547, page_id=25500, browser=Firefox
Testing: csp_id=547, page_id=25600, browser=Firefox
Testing: csp_id=547, page_id=25700, browser=Firefox
Testing: csp_id=547, page_id=25800, browser=Firefox
Testing: csp_id=547, page_id=25900, browser=Firefox
Testing: csp_id=547, page_id=26000, browser=Firefox
Testing: csp_id=547, page_id=26100, browser=Firefox
Testing: csp_id=547, page_id=26200, browser=Firefox
Testing: csp_id=547, page_id=26300, browser=Firefox
Testing: csp_id=547, page_id=26400, browser=Firefox
Testing: csp_id=547, page_id=26500, browser=Firefox
Testing: csp_id=547, page_id=26600, browser=Firefox
Testing: csp_id=547, page_id=26700, browser=Firefox
Testing: csp_id=547, page_id=26800, browser=Firefox
Testing: csp_id=547, page_id=26900, browser=Firefox
Testing: csp_id=547, page_id=27000, browser=Firefox
Testing: csp_id=547, page_id=27100, browser=Firefox
Testing: csp_id=547, page_id=27200, browser=Firefox
Testing: csp_id=547, page_id=27300, browser=Firefox
Testing: csp_id=547, page_id=27400, browser=Firefox
Testing: csp_id=547, page_id=27500, browser=Firefox
Testing: csp_id=547, page_id=27600, browser=Firefox
Testing: csp_id=547, page_id=27700, browser=Firefox
Testing: csp_id=547, page_id=27800, browser=Firefox
Testing: csp_id=547, page_id=27900, browser=Firefox
Testing: csp_id=547, page_id=28000, browser=Firefox
Testing: csp_id=547, page_id=28100, browser=Firefox
Testing: csp_id=547, page_id=28200, browser=Firefox
Testing: csp_id=547, page_id=28300, browser=Firefox
Testing: csp_id=547, page_id=28400, browser=Firefox
Testing: csp_id=547, page_id=28500, browser=Firefox
Testing: csp_id=547, page_id=28600, browser=Firefox
Testing: csp_id=547, page_id=28700, browser=Firefox
Testing: csp_id=547, page_id=28800, browser=Firefox
Testing: csp_id=547, page_id=28900, browser=Firefox
Testing: csp_id=547, page_id=29000, browser=Firefox
Testing: csp_id=547, page_id=29100, browser=Firefox
Testing: csp_id=547, page_id=29200, browser=Firefox
Testing: csp_id=547, page_id=29300, browser=Firefox
Testing: csp_id=547, page_id=29400, browser=Firefox
Testing: csp_id=547, page_id=29500, browser=Firefox
Testing: csp_id=547, page_id=29600, browser=Firefox
Testing: csp_id=547, page_id=29700, browser=Firefox
Testing: csp_id=547, page_id=29800, browser=Firefox
🏊 create_context_pools[first] (5x16): 17.120s
Testing: csp_id=560, page_id=0, browser=Firefox
Testing: csp_id=560, page_id=100, browser=Firefox
Testing: csp_id=560, page_id=200, browser=Firefox
Testing: csp_id=560, page_id=300, browser=Firefox
Testing: csp_id=560, page_id=400, browser=Firefox
Testing: csp_id=560, page_id=500, browser=Firefox
Testing: csp_id=560, page_id=600, browser=Firefox
Testing: csp_id=560, page_id=700, browser=Firefox
Testing: csp_id=560, page_id=800, browser=Firefox
Testing: csp_id=560, page_id=900, browser=Firefox
Testing: csp_id=560, page_id=1000, browser=Firefox
Testing: csp_id=560, page_id=1100, browser=Firefox
Testing: csp_id=560, page_id=1200, browser=Firefox
Testing: csp_id=560, page_id=1300, browser=Firefox
Testing: csp_id=560, page_id=1400, browser=Firefox
Testing: csp_id=560, page_id=1500, browser=Firefox
Testing: csp_id=560, page_id=1600, browser=Firefox
Testing: csp_id=560, page_id=1700, browser=Firefox
Testing: csp_id=560, page_id=1800, browser=Firefox
Testing: csp_id=560, page_id=1900, browser=Firefox
Testing: csp_id=560, page_id=2000, browser=Firefox
Testing: csp_id=560, page_id=2100, browser=Firefox
Testing: csp_id=560, page_id=2200, browser=Firefox
Testing: csp_id=560, page_id=2300, browser=Firefox
Testing: csp_id=560, page_id=2400, browser=Firefox
Testing: csp_id=560, page_id=2500, browser=Firefox
Testing: csp_id=560, page_id=2600, browser=Firefox
Testing: csp_id=560, page_id=2700, browser=Firefox
Testing: csp_id=560, page_id=2800, browser=Firefox
Testing: csp_id=560, page_id=2900, browser=Firefox
Testing: csp_id=560, page_id=3000, browser=Firefox
Testing: csp_id=560, page_id=3100, browser=Firefox
Testing: csp_id=560, page_id=3200, browser=Firefox
Testing: csp_id=560, page_id=3300, browser=Firefox
Testing: csp_id=560, page_id=3400, browser=Firefox
Testing: csp_id=560, page_id=3500, browser=Firefox
Testing: csp_id=560, page_id=3600, browser=Firefox
Testing: csp_id=560, page_id=3700, browser=Firefox
Testing: csp_id=560, page_id=3800, browser=Firefox
Testing: csp_id=560, page_id=3900, browser=Firefox
Testing: csp_id=560, page_id=4000, browser=Firefox
Testing: csp_id=560, page_id=4100, browser=Firefox
Testing: csp_id=560, page_id=4200, browser=Firefox
Testing: csp_id=560, page_id=4300, browser=Firefox
Testing: csp_id=560, page_id=4400, browser=Firefox
Testing: csp_id=560, page_id=4500, browser=Firefox
Testing: csp_id=560, page_id=4600, browser=Firefox
Testing: csp_id=560, page_id=4700, browser=Firefox
Testing: csp_id=560, page_id=4800, browser=Firefox
Testing: csp_id=560, page_id=4900, browser=Firefox
Testing: csp_id=560, page_id=5000, browser=Firefox
Testing: csp_id=560, page_id=5100, browser=Firefox
Testing: csp_id=560, page_id=5200, browser=Firefox
Testing: csp_id=560, page_id=5300, browser=Firefox
Testing: csp_id=560, page_id=5400, browser=Firefox
Testing: csp_id=560, page_id=5500, browser=Firefox
Testing: csp_id=560, page_id=5600, browser=Firefox
Testing: csp_id=560, page_id=5700, browser=Firefox
Testing: csp_id=560, page_id=5800, browser=Firefox
Testing: csp_id=560, page_id=5900, browser=Firefox
Testing: csp_id=560, page_id=6000, browser=Firefox
Testing: csp_id=560, page_id=6100, browser=Firefox
Testing: csp_id=560, page_id=6200, browser=Firefox
Testing: csp_id=560, page_id=6300, browser=Firefox
Testing: csp_id=560, page_id=6400, browser=Firefox
Testing: csp_id=560, page_id=6500, browser=Firefox
Testing: csp_id=560, page_id=6600, browser=Firefox
Testing: csp_id=560, page_id=6700, browser=Firefox
Testing: csp_id=560, page_id=6800, browser=Firefox
Testing: csp_id=560, page_id=6900, browser=Firefox
Testing: csp_id=560, page_id=7000, browser=Firefox
Testing: csp_id=560, page_id=7100, browser=Firefox
Testing: csp_id=560, page_id=7200, browser=Firefox
Testing: csp_id=560, page_id=7300, browser=Firefox
Testing: csp_id=560, page_id=7400, browser=Firefox
Testing: csp_id=560, page_id=7500, browser=Firefox
Testing: csp_id=560, page_id=7600, browser=Firefox
Testing: csp_id=560, page_id=7700, browser=Firefox
Testing: csp_id=560, page_id=7800, browser=Firefox
Testing: csp_id=560, page_id=7900, browser=Firefox
Testing: csp_id=560, page_id=8000, browser=Firefox
Testing: csp_id=560, page_id=8100, browser=Firefox
Testing: csp_id=560, page_id=8200, browser=Firefox
Testing: csp_id=560, page_id=8300, browser=Firefox
Testing: csp_id=560, page_id=8400, browser=Firefox
Testing: csp_id=560, page_id=8500, browser=Firefox
Testing: csp_id=560, page_id=8600, browser=Firefox
Testing: csp_id=560, page_id=8700, browser=Firefox
Testing: csp_id=560, page_id=8800, browser=Firefox
Testing: csp_id=560, page_id=8900, browser=Firefox
Testing: csp_id=560, page_id=9000, browser=Firefox
Testing: csp_id=560, page_id=9100, browser=Firefox
Testing: csp_id=560, page_id=9200, browser=Firefox
Testing: csp_id=560, page_id=9300, browser=Firefox
Testing: csp_id=560, page_id=9400, browser=Firefox
Testing: csp_id=560, page_id=9500, browser=Firefox
Testing: csp_id=560, page_id=9600, browser=Firefox
Testing: csp_id=560, page_id=9700, browser=Firefox
Testing: csp_id=560, page_id=9800, browser=Firefox
Testing: csp_id=560, page_id=9900, browser=Firefox
Testing: csp_id=560, page_id=10000, browser=Firefox
Testing: csp_id=560, page_id=10100, browser=Firefox
Testing: csp_id=560, page_id=10200, browser=Firefox
Testing: csp_id=560, page_id=10300, browser=Firefox
Testing: csp_id=560, page_id=10400, browser=Firefox
Testing: csp_id=560, page_id=10500, browser=Firefox
Testing: csp_id=560, page_id=10600, browser=Firefox
Testing: csp_id=560, page_id=10700, browser=Firefox
Testing: csp_id=560, page_id=10800, browser=Firefox
Testing: csp_id=560, page_id=10900, browser=Firefox
Testing: csp_id=560, page_id=11000, browser=Firefox
Testing: csp_id=560, page_id=11100, browser=Firefox
Testing: csp_id=560, page_id=11200, browser=Firefox
Testing: csp_id=560, page_id=11300, browser=Firefox
Testing: csp_id=560, page_id=11400, browser=Firefox
Testing: csp_id=560, page_id=11500, browser=Firefox
Testing: csp_id=560, page_id=11600, browser=Firefox
Testing: csp_id=560, page_id=11700, browser=Firefox
Testing: csp_id=560, page_id=11800, browser=Firefox
Testing: csp_id=560, page_id=11900, browser=Firefox
Testing: csp_id=560, page_id=12000, browser=Firefox
Testing: csp_id=560, page_id=12100, browser=Firefox
Testing: csp_id=560, page_id=12200, browser=Firefox
Testing: csp_id=560, page_id=12300, browser=Firefox
Testing: csp_id=560, page_id=12400, browser=Firefox
Testing: csp_id=560, page_id=12500, browser=Firefox
Testing: csp_id=560, page_id=12600, browser=Firefox
Testing: csp_id=560, page_id=12700, browser=Firefox
Testing: csp_id=560, page_id=12800, browser=Firefox
Testing: csp_id=560, page_id=12900, browser=Firefox
Testing: csp_id=560, page_id=13000, browser=Firefox
Testing: csp_id=560, page_id=13100, browser=Firefox
Testing: csp_id=560, page_id=13200, browser=Firefox
Testing: csp_id=560, page_id=13300, browser=Firefox
Testing: csp_id=560, page_id=13400, browser=Firefox
Testing: csp_id=560, page_id=13500, browser=Firefox
Testing: csp_id=560, page_id=13600, browser=Firefox
Testing: csp_id=560, page_id=13700, browser=Firefox
Testing: csp_id=560, page_id=13800, browser=Firefox
Testing: csp_id=560, page_id=13900, browser=Firefox
Testing: csp_id=560, page_id=14000, browser=Firefox
Testing: csp_id=560, page_id=14100, browser=Firefox
Testing: csp_id=560, page_id=14200, browser=Firefox
Testing: csp_id=560, page_id=14300, browser=Firefox
Testing: csp_id=560, page_id=14400, browser=Firefox
Testing: csp_id=560, page_id=14500, browser=Firefox
Testing: csp_id=560, page_id=14600, browser=Firefox
Testing: csp_id=560, page_id=14700, browser=Firefox
Testing: csp_id=560, page_id=14800, browser=Firefox
Testing: csp_id=560, page_id=14900, browser=Firefox
Testing: csp_id=560, page_id=15000, browser=Firefox
Testing: csp_id=560, page_id=15100, browser=Firefox
Testing: csp_id=560, page_id=15200, browser=Firefox
Testing: csp_id=560, page_id=15300, browser=Firefox
Testing: csp_id=560, page_id=15400, browser=Firefox
Testing: csp_id=560, page_id=15500, browser=Firefox
Testing: csp_id=560, page_id=15600, browser=Firefox
Testing: csp_id=560, page_id=15700, browser=Firefox
Testing: csp_id=560, page_id=15800, browser=Firefox
Testing: csp_id=560, page_id=15900, browser=Firefox
Testing: csp_id=560, page_id=16000, browser=Firefox
Testing: csp_id=560, page_id=16100, browser=Firefox
Testing: csp_id=560, page_id=16200, browser=Firefox
Testing: csp_id=560, page_id=16300, browser=Firefox
Testing: csp_id=560, page_id=16400, browser=Firefox
Testing: csp_id=560, page_id=16500, browser=Firefox
Testing: csp_id=560, page_id=16600, browser=Firefox
Testing: csp_id=560, page_id=16700, browser=Firefox
Testing: csp_id=560, page_id=16800, browser=Firefox
Testing: csp_id=560, page_id=16900, browser=Firefox
Testing: csp_id=560, page_id=17000, browser=Firefox
Testing: csp_id=560, page_id=17100, browser=Firefox
Testing: csp_id=560, page_id=17200, browser=Firefox
Testing: csp_id=560, page_id=17300, browser=Firefox
Testing: csp_id=560, page_id=17400, browser=Firefox
Testing: csp_id=560, page_id=17500, browser=Firefox
Testing: csp_id=560, page_id=17600, browser=Firefox
Testing: csp_id=560, page_id=17700, browser=Firefox
Testing: csp_id=560, page_id=17800, browser=Firefox
Testing: csp_id=560, page_id=17900, browser=Firefox
Testing: csp_id=560, page_id=18000, browser=Firefox
Testing: csp_id=560, page_id=18100, browser=Firefox
Testing: csp_id=560, page_id=18200, browser=Firefox
Testing: csp_id=560, page_id=18300, browser=Firefox
Testing: csp_id=560, page_id=18400, browser=Firefox
Testing: csp_id=560, page_id=18500, browser=Firefox
Testing: csp_id=560, page_id=18600, browser=Firefox
Testing: csp_id=560, page_id=18700, browser=Firefox
Testing: csp_id=560, page_id=18800, browser=Firefox
Testing: csp_id=560, page_id=18900, browser=Firefox
Testing: csp_id=560, page_id=19000, browser=Firefox
Testing: csp_id=560, page_id=19100, browser=Firefox
Testing: csp_id=560, page_id=19200, browser=Firefox
Testing: csp_id=560, page_id=19300, browser=Firefox
Testing: csp_id=560, page_id=19400, browser=Firefox
Testing: csp_id=560, page_id=19500, browser=Firefox
Testing: csp_id=560, page_id=19600, browser=Firefox
Testing: csp_id=560, page_id=19700, browser=Firefox
Testing: csp_id=560, page_id=19800, browser=Firefox
Testing: csp_id=560, page_id=19900, browser=Firefox
Testing: csp_id=560, page_id=20000, browser=Firefox
Testing: csp_id=560, page_id=20100, browser=Firefox
Testing: csp_id=560, page_id=20200, browser=Firefox
Testing: csp_id=560, page_id=20300, browser=Firefox
Testing: csp_id=560, page_id=20400, browser=Firefox
Testing: csp_id=560, page_id=20500, browser=Firefox
Testing: csp_id=560, page_id=20600, browser=Firefox
Testing: csp_id=560, page_id=20700, browser=Firefox
Testing: csp_id=560, page_id=20800, browser=Firefox
Testing: csp_id=560, page_id=20900, browser=Firefox
Testing: csp_id=560, page_id=21000, browser=Firefox
Testing: csp_id=560, page_id=21100, browser=Firefox
Testing: csp_id=560, page_id=21200, browser=Firefox
Testing: csp_id=560, page_id=21300, browser=Firefox
Testing: csp_id=560, page_id=21400, browser=Firefox
Testing: csp_id=560, page_id=21500, browser=Firefox
Testing: csp_id=560, page_id=21600, browser=Firefox
Testing: csp_id=560, page_id=21700, browser=Firefox
Testing: csp_id=560, page_id=21800, browser=Firefox
Testing: csp_id=560, page_id=21900, browser=Firefox
Testing: csp_id=560, page_id=22000, browser=Firefox
Testing: csp_id=560, page_id=22100, browser=Firefox
Testing: csp_id=560, page_id=22200, browser=Firefox
Testing: csp_id=560, page_id=22300, browser=Firefox
Testing: csp_id=560, page_id=22400, browser=Firefox
Testing: csp_id=560, page_id=22500, browser=Firefox
Testing: csp_id=560, page_id=22600, browser=Firefox
Testing: csp_id=560, page_id=22700, browser=Firefox
Testing: csp_id=560, page_id=22800, browser=Firefox
Testing: csp_id=560, page_id=22900, browser=Firefox
Testing: csp_id=560, page_id=23000, browser=Firefox
Testing: csp_id=560, page_id=23100, browser=Firefox
Testing: csp_id=560, page_id=23200, browser=Firefox
Testing: csp_id=560, page_id=23300, browser=Firefox
Testing: csp_id=560, page_id=23400, browser=Firefox
Testing: csp_id=560, page_id=23500, browser=Firefox
Testing: csp_id=560, page_id=23600, browser=Firefox
Testing: csp_id=560, page_id=23700, browser=Firefox
Testing: csp_id=560, page_id=23800, browser=Firefox
Testing: csp_id=560, page_id=23900, browser=Firefox
Testing: csp_id=560, page_id=24000, browser=Firefox
Testing: csp_id=560, page_id=24100, browser=Firefox
Testing: csp_id=560, page_id=24200, browser=Firefox
Testing: csp_id=560, page_id=24300, browser=Firefox
Testing: csp_id=560, page_id=24400, browser=Firefox
Testing: csp_id=560, page_id=24500, browser=Firefox
Testing: csp_id=560, page_id=24600, browser=Firefox
Testing: csp_id=560, page_id=24700, browser=Firefox
Testing: csp_id=560, page_id=24800, browser=Firefox
Testing: csp_id=560, page_id=24900, browser=Firefox
Testing: csp_id=560, page_id=25000, browser=Firefox
Testing: csp_id=560, page_id=25100, browser=Firefox
Testing: csp_id=560, page_id=25200, browser=Firefox
Testing: csp_id=560, page_id=25300, browser=Firefox
Testing: csp_id=560, page_id=25400, browser=Firefox
Testing: csp_id=560, page_id=25500, browser=Firefox
Testing: csp_id=560, page_id=25600, browser=Firefox
Testing: csp_id=560, page_id=25700, browser=Firefox
Testing: csp_id=560, page_id=25800, browser=Firefox
Testing: csp_id=560, page_id=25900, browser=Firefox
Testing: csp_id=560, page_id=26000, browser=Firefox
Testing: csp_id=560, page_id=26100, browser=Firefox
Testing: csp_id=560, page_id=26200, browser=Firefox
Testing: csp_id=560, page_id=26300, browser=Firefox
Testing: csp_id=560, page_id=26400, browser=Firefox
Testing: csp_id=560, page_id=26500, browser=Firefox
Testing: csp_id=560, page_id=26600, browser=Firefox
Testing: csp_id=560, page_id=26700, browser=Firefox
Testing: csp_id=560, page_id=26800, browser=Firefox
Testing: csp_id=560, page_id=26900, browser=Firefox
Testing: csp_id=560, page_id=27000, browser=Firefox
Testing: csp_id=560, page_id=27100, browser=Firefox
Testing: csp_id=560, page_id=27200, browser=Firefox
Testing: csp_id=560, page_id=27300, browser=Firefox
Testing: csp_id=560, page_id=27400, browser=Firefox
Testing: csp_id=560, page_id=27500, browser=Firefox
Testing: csp_id=560, page_id=27600, browser=Firefox
Testing: csp_id=560, page_id=27700, browser=Firefox
Testing: csp_id=560, page_id=27800, browser=Firefox
Testing: csp_id=560, page_id=27900, browser=Firefox
Testing: csp_id=560, page_id=28000, browser=Firefox
Testing: csp_id=560, page_id=28100, browser=Firefox
Testing: csp_id=560, page_id=28200, browser=Firefox
Testing: csp_id=560, page_id=28300, browser=Firefox
Testing: csp_id=560, page_id=28400, browser=Firefox
Testing: csp_id=560, page_id=28500, browser=Firefox
Testing: csp_id=560, page_id=28600, browser=Firefox
Testing: csp_id=560, page_id=28700, browser=Firefox
Testing: csp_id=560, page_id=28800, browser=Firefox
Testing: csp_id=560, page_id=28900, browser=Firefox
Testing: csp_id=560, page_id=29000, browser=Firefox
Testing: csp_id=560, page_id=29100, browser=Firefox
Testing: csp_id=560, page_id=29200, browser=Firefox
Testing: csp_id=560, page_id=29300, browser=Firefox
Testing: csp_id=560, page_id=29400, browser=Firefox
Testing: csp_id=560, page_id=29500, browser=Firefox
Testing: csp_id=560, page_id=29600, browser=Firefox
Testing: csp_id=560, page_id=29700, browser=Firefox
Testing: csp_id=560, page_id=29800, browser=Firefox
🏊 create_context_pools[first] (5x16): 17.964s
Testing: csp_id=572, page_id=0, browser=Firefox
Testing: csp_id=572, page_id=100, browser=Firefox
Testing: csp_id=572, page_id=200, browser=Firefox
Testing: csp_id=572, page_id=300, browser=Firefox
Testing: csp_id=572, page_id=400, browser=Firefox
Testing: csp_id=572, page_id=500, browser=Firefox
Testing: csp_id=572, page_id=600, browser=Firefox
Testing: csp_id=572, page_id=700, browser=Firefox
Testing: csp_id=572, page_id=800, browser=Firefox
Testing: csp_id=572, page_id=900, browser=Firefox
Testing: csp_id=572, page_id=1000, browser=Firefox
Testing: csp_id=572, page_id=1100, browser=Firefox
Testing: csp_id=572, page_id=1200, browser=Firefox
Testing: csp_id=572, page_id=1300, browser=Firefox
Testing: csp_id=572, page_id=1400, browser=Firefox
Testing: csp_id=572, page_id=1500, browser=Firefox
Testing: csp_id=572, page_id=1600, browser=Firefox
Testing: csp_id=572, page_id=1700, browser=Firefox
Testing: csp_id=572, page_id=1800, browser=Firefox
Testing: csp_id=572, page_id=1900, browser=Firefox
Testing: csp_id=572, page_id=2000, browser=Firefox
Testing: csp_id=572, page_id=2100, browser=Firefox
Testing: csp_id=572, page_id=2200, browser=Firefox
Testing: csp_id=572, page_id=2300, browser=Firefox
Testing: csp_id=572, page_id=2400, browser=Firefox
Testing: csp_id=572, page_id=2500, browser=Firefox
Testing: csp_id=572, page_id=2600, browser=Firefox
Testing: csp_id=572, page_id=2700, browser=Firefox
Testing: csp_id=572, page_id=2800, browser=Firefox
Testing: csp_id=572, page_id=2900, browser=Firefox
Testing: csp_id=572, page_id=3000, browser=Firefox
Testing: csp_id=572, page_id=3100, browser=Firefox
Testing: csp_id=572, page_id=3200, browser=Firefox
Testing: csp_id=572, page_id=3300, browser=Firefox
Testing: csp_id=572, page_id=3400, browser=Firefox
Testing: csp_id=572, page_id=3500, browser=Firefox
Testing: csp_id=572, page_id=3600, browser=Firefox
Testing: csp_id=572, page_id=3700, browser=Firefox
Testing: csp_id=572, page_id=3800, browser=Firefox
Testing: csp_id=572, page_id=3900, browser=Firefox
Testing: csp_id=572, page_id=4000, browser=Firefox
Testing: csp_id=572, page_id=4100, browser=Firefox
Testing: csp_id=572, page_id=4200, browser=Firefox
Testing: csp_id=572, page_id=4300, browser=Firefox
Testing: csp_id=572, page_id=4400, browser=Firefox
Testing: csp_id=572, page_id=4500, browser=Firefox
Testing: csp_id=572, page_id=4600, browser=Firefox
Testing: csp_id=572, page_id=4700, browser=Firefox
Testing: csp_id=572, page_id=4800, browser=Firefox
Testing: csp_id=572, page_id=4900, browser=Firefox
Testing: csp_id=572, page_id=5000, browser=Firefox
Testing: csp_id=572, page_id=5100, browser=Firefox
Testing: csp_id=572, page_id=5200, browser=Firefox
Testing: csp_id=572, page_id=5300, browser=Firefox
Testing: csp_id=572, page_id=5400, browser=Firefox
Testing: csp_id=572, page_id=5500, browser=Firefox
Testing: csp_id=572, page_id=5600, browser=Firefox
Testing: csp_id=572, page_id=5700, browser=Firefox
Testing: csp_id=572, page_id=5800, browser=Firefox
Testing: csp_id=572, page_id=5900, browser=Firefox
Testing: csp_id=572, page_id=6000, browser=Firefox
Testing: csp_id=572, page_id=6100, browser=Firefox
Testing: csp_id=572, page_id=6200, browser=Firefox
Testing: csp_id=572, page_id=6300, browser=Firefox
Testing: csp_id=572, page_id=6400, browser=Firefox
Testing: csp_id=572, page_id=6500, browser=Firefox
Testing: csp_id=572, page_id=6600, browser=Firefox
Testing: csp_id=572, page_id=6700, browser=Firefox
Testing: csp_id=572, page_id=6800, browser=Firefox
Testing: csp_id=572, page_id=6900, browser=Firefox
Testing: csp_id=572, page_id=7000, browser=Firefox
Testing: csp_id=572, page_id=7100, browser=Firefox
Testing: csp_id=572, page_id=7200, browser=Firefox
Testing: csp_id=572, page_id=7300, browser=Firefox
Testing: csp_id=572, page_id=7400, browser=Firefox
Testing: csp_id=572, page_id=7500, browser=Firefox
Testing: csp_id=572, page_id=7600, browser=Firefox
Testing: csp_id=572, page_id=7700, browser=Firefox
Testing: csp_id=572, page_id=7800, browser=Firefox
Testing: csp_id=572, page_id=7900, browser=Firefox
Testing: csp_id=572, page_id=8000, browser=Firefox
Testing: csp_id=572, page_id=8100, browser=Firefox
Testing: csp_id=572, page_id=8200, browser=Firefox
Testing: csp_id=572, page_id=8300, browser=Firefox
Testing: csp_id=572, page_id=8400, browser=Firefox
Testing: csp_id=572, page_id=8500, browser=Firefox
Testing: csp_id=572, page_id=8600, browser=Firefox
Testing: csp_id=572, page_id=8700, browser=Firefox
Testing: csp_id=572, page_id=8800, browser=Firefox
Testing: csp_id=572, page_id=8900, browser=Firefox
Testing: csp_id=572, page_id=9000, browser=Firefox
Testing: csp_id=572, page_id=9100, browser=Firefox
Testing: csp_id=572, page_id=9200, browser=Firefox
Testing: csp_id=572, page_id=9300, browser=Firefox
Testing: csp_id=572, page_id=9400, browser=Firefox
Testing: csp_id=572, page_id=9500, browser=Firefox
Testing: csp_id=572, page_id=9600, browser=Firefox
Testing: csp_id=572, page_id=9700, browser=Firefox
Testing: csp_id=572, page_id=9800, browser=Firefox
Testing: csp_id=572, page_id=9900, browser=Firefox
Testing: csp_id=572, page_id=10000, browser=Firefox
Testing: csp_id=572, page_id=10100, browser=Firefox
Testing: csp_id=572, page_id=10200, browser=Firefox
Testing: csp_id=572, page_id=10300, browser=Firefox
Testing: csp_id=572, page_id=10400, browser=Firefox
Testing: csp_id=572, page_id=10500, browser=Firefox
Testing: csp_id=572, page_id=10600, browser=Firefox
Testing: csp_id=572, page_id=10700, browser=Firefox
Testing: csp_id=572, page_id=10800, browser=Firefox
Testing: csp_id=572, page_id=10900, browser=Firefox
Testing: csp_id=572, page_id=11000, browser=Firefox
Testing: csp_id=572, page_id=11100, browser=Firefox
Testing: csp_id=572, page_id=11200, browser=Firefox
Testing: csp_id=572, page_id=11300, browser=Firefox
Testing: csp_id=572, page_id=11400, browser=Firefox
Testing: csp_id=572, page_id=11500, browser=Firefox
Testing: csp_id=572, page_id=11600, browser=Firefox
Testing: csp_id=572, page_id=11700, browser=Firefox
Testing: csp_id=572, page_id=11800, browser=Firefox
Testing: csp_id=572, page_id=11900, browser=Firefox
Testing: csp_id=572, page_id=12000, browser=Firefox
Testing: csp_id=572, page_id=12100, browser=Firefox
Testing: csp_id=572, page_id=12200, browser=Firefox
Testing: csp_id=572, page_id=12300, browser=Firefox
Testing: csp_id=572, page_id=12400, browser=Firefox
Testing: csp_id=572, page_id=12500, browser=Firefox
Testing: csp_id=572, page_id=12600, browser=Firefox
Testing: csp_id=572, page_id=12700, browser=Firefox
Testing: csp_id=572, page_id=12800, browser=Firefox
Testing: csp_id=572, page_id=12900, browser=Firefox
Testing: csp_id=572, page_id=13000, browser=Firefox
Testing: csp_id=572, page_id=13100, browser=Firefox
Testing: csp_id=572, page_id=13200, browser=Firefox
Testing: csp_id=572, page_id=13300, browser=Firefox
Testing: csp_id=572, page_id=13400, browser=Firefox
Testing: csp_id=572, page_id=13500, browser=Firefox
Testing: csp_id=572, page_id=13600, browser=Firefox
Testing: csp_id=572, page_id=13700, browser=Firefox
Testing: csp_id=572, page_id=13800, browser=Firefox
Testing: csp_id=572, page_id=13900, browser=Firefox
Testing: csp_id=572, page_id=14000, browser=Firefox
Testing: csp_id=572, page_id=14100, browser=Firefox
Testing: csp_id=572, page_id=14200, browser=Firefox
Testing: csp_id=572, page_id=14300, browser=Firefox
Testing: csp_id=572, page_id=14400, browser=Firefox
Testing: csp_id=572, page_id=14500, browser=Firefox
Testing: csp_id=572, page_id=14600, browser=Firefox
Testing: csp_id=572, page_id=14700, browser=Firefox
Testing: csp_id=572, page_id=14800, browser=Firefox
Testing: csp_id=572, page_id=14900, browser=Firefox
Testing: csp_id=572, page_id=15000, browser=Firefox
Testing: csp_id=572, page_id=15100, browser=Firefox
Testing: csp_id=572, page_id=15200, browser=Firefox
Testing: csp_id=572, page_id=15300, browser=Firefox
Testing: csp_id=572, page_id=15400, browser=Firefox
Testing: csp_id=572, page_id=15500, browser=Firefox
Testing: csp_id=572, page_id=15600, browser=Firefox
Testing: csp_id=572, page_id=15700, browser=Firefox
Testing: csp_id=572, page_id=15800, browser=Firefox
Testing: csp_id=572, page_id=15900, browser=Firefox
Testing: csp_id=572, page_id=16000, browser=Firefox
Testing: csp_id=572, page_id=16100, browser=Firefox
Testing: csp_id=572, page_id=16200, browser=Firefox
Testing: csp_id=572, page_id=16300, browser=Firefox
Testing: csp_id=572, page_id=16400, browser=Firefox
Testing: csp_id=572, page_id=16500, browser=Firefox
Testing: csp_id=572, page_id=16600, browser=Firefox
Testing: csp_id=572, page_id=16700, browser=Firefox
Testing: csp_id=572, page_id=16800, browser=Firefox
Testing: csp_id=572, page_id=16900, browser=Firefox
Testing: csp_id=572, page_id=17000, browser=Firefox
Testing: csp_id=572, page_id=17100, browser=Firefox
Testing: csp_id=572, page_id=17200, browser=Firefox
Testing: csp_id=572, page_id=17300, browser=Firefox
Testing: csp_id=572, page_id=17400, browser=Firefox
Testing: csp_id=572, page_id=17500, browser=Firefox
Testing: csp_id=572, page_id=17600, browser=Firefox
Testing: csp_id=572, page_id=17700, browser=Firefox
Testing: csp_id=572, page_id=17800, browser=Firefox
Testing: csp_id=572, page_id=17900, browser=Firefox
Testing: csp_id=572, page_id=18000, browser=Firefox
Testing: csp_id=572, page_id=18100, browser=Firefox
Testing: csp_id=572, page_id=18200, browser=Firefox
Testing: csp_id=572, page_id=18300, browser=Firefox
Testing: csp_id=572, page_id=18400, browser=Firefox
Testing: csp_id=572, page_id=18500, browser=Firefox
Testing: csp_id=572, page_id=18600, browser=Firefox
Testing: csp_id=572, page_id=18700, browser=Firefox
Testing: csp_id=572, page_id=18800, browser=Firefox
Testing: csp_id=572, page_id=18900, browser=Firefox
Testing: csp_id=572, page_id=19000, browser=Firefox
Testing: csp_id=572, page_id=19100, browser=Firefox
Testing: csp_id=572, page_id=19200, browser=Firefox
Testing: csp_id=572, page_id=19300, browser=Firefox
Testing: csp_id=572, page_id=19400, browser=Firefox
Testing: csp_id=572, page_id=19500, browser=Firefox
Testing: csp_id=572, page_id=19600, browser=Firefox
Testing: csp_id=572, page_id=19700, browser=Firefox
Testing: csp_id=572, page_id=19800, browser=Firefox
Testing: csp_id=572, page_id=19900, browser=Firefox
Testing: csp_id=572, page_id=20000, browser=Firefox
Testing: csp_id=572, page_id=20100, browser=Firefox
Testing: csp_id=572, page_id=20200, browser=Firefox
Testing: csp_id=572, page_id=20300, browser=Firefox
Testing: csp_id=572, page_id=20400, browser=Firefox
Testing: csp_id=572, page_id=20500, browser=Firefox
Testing: csp_id=572, page_id=20600, browser=Firefox
Testing: csp_id=572, page_id=20700, browser=Firefox
Testing: csp_id=572, page_id=20800, browser=Firefox
Testing: csp_id=572, page_id=20900, browser=Firefox
Testing: csp_id=572, page_id=21000, browser=Firefox
Testing: csp_id=572, page_id=21100, browser=Firefox
Testing: csp_id=572, page_id=21200, browser=Firefox
Testing: csp_id=572, page_id=21300, browser=Firefox
Testing: csp_id=572, page_id=21400, browser=Firefox
Testing: csp_id=572, page_id=21500, browser=Firefox
Testing: csp_id=572, page_id=21600, browser=Firefox
Testing: csp_id=572, page_id=21700, browser=Firefox
Testing: csp_id=572, page_id=21800, browser=Firefox
Testing: csp_id=572, page_id=21900, browser=Firefox
Testing: csp_id=572, page_id=22000, browser=Firefox
Testing: csp_id=572, page_id=22100, browser=Firefox
Testing: csp_id=572, page_id=22200, browser=Firefox
Testing: csp_id=572, page_id=22300, browser=Firefox
Testing: csp_id=572, page_id=22400, browser=Firefox
Testing: csp_id=572, page_id=22500, browser=Firefox
Testing: csp_id=572, page_id=22600, browser=Firefox
Testing: csp_id=572, page_id=22700, browser=Firefox
Testing: csp_id=572, page_id=22800, browser=Firefox
Testing: csp_id=572, page_id=22900, browser=Firefox
Testing: csp_id=572, page_id=23000, browser=Firefox
Testing: csp_id=572, page_id=23100, browser=Firefox
Testing: csp_id=572, page_id=23200, browser=Firefox
Testing: csp_id=572, page_id=23300, browser=Firefox
Testing: csp_id=572, page_id=23400, browser=Firefox
Testing: csp_id=572, page_id=23500, browser=Firefox
Testing: csp_id=572, page_id=23600, browser=Firefox
Testing: csp_id=572, page_id=23700, browser=Firefox
Testing: csp_id=572, page_id=23800, browser=Firefox
Testing: csp_id=572, page_id=23900, browser=Firefox
Testing: csp_id=572, page_id=24000, browser=Firefox
Testing: csp_id=572, page_id=24100, browser=Firefox
Testing: csp_id=572, page_id=24200, browser=Firefox
Testing: csp_id=572, page_id=24300, browser=Firefox
Testing: csp_id=572, page_id=24400, browser=Firefox
Testing: csp_id=572, page_id=24500, browser=Firefox
Testing: csp_id=572, page_id=24600, browser=Firefox
Testing: csp_id=572, page_id=24700, browser=Firefox
Testing: csp_id=572, page_id=24800, browser=Firefox
Testing: csp_id=572, page_id=24900, browser=Firefox
Testing: csp_id=572, page_id=25000, browser=Firefox
Testing: csp_id=572, page_id=25100, browser=Firefox
Testing: csp_id=572, page_id=25200, browser=Firefox
Testing: csp_id=572, page_id=25300, browser=Firefox
Testing: csp_id=572, page_id=25400, browser=Firefox
Testing: csp_id=572, page_id=25500, browser=Firefox
Testing: csp_id=572, page_id=25600, browser=Firefox
Testing: csp_id=572, page_id=25700, browser=Firefox
Testing: csp_id=572, page_id=25800, browser=Firefox
Testing: csp_id=572, page_id=25900, browser=Firefox
Testing: csp_id=572, page_id=26000, browser=Firefox
Testing: csp_id=572, page_id=26100, browser=Firefox
Testing: csp_id=572, page_id=26200, browser=Firefox
Testing: csp_id=572, page_id=26300, browser=Firefox
Testing: csp_id=572, page_id=26400, browser=Firefox
Testing: csp_id=572, page_id=26500, browser=Firefox
Testing: csp_id=572, page_id=26600, browser=Firefox
Testing: csp_id=572, page_id=26700, browser=Firefox
Testing: csp_id=572, page_id=26800, browser=Firefox
Testing: csp_id=572, page_id=26900, browser=Firefox
Testing: csp_id=572, page_id=27000, browser=Firefox
Testing: csp_id=572, page_id=27100, browser=Firefox
Testing: csp_id=572, page_id=27200, browser=Firefox
Testing: csp_id=572, page_id=27300, browser=Firefox
Testing: csp_id=572, page_id=27400, browser=Firefox
Testing: csp_id=572, page_id=27500, browser=Firefox
Testing: csp_id=572, page_id=27600, browser=Firefox
Testing: csp_id=572, page_id=27700, browser=Firefox
Testing: csp_id=572, page_id=27800, browser=Firefox
Testing: csp_id=572, page_id=27900, browser=Firefox
Testing: csp_id=572, page_id=28000, browser=Firefox
Testing: csp_id=572, page_id=28100, browser=Firefox
Testing: csp_id=572, page_id=28200, browser=Firefox
Testing: csp_id=572, page_id=28300, browser=Firefox
Testing: csp_id=572, page_id=28400, browser=Firefox
Testing: csp_id=572, page_id=28500, browser=Firefox
Testing: csp_id=572, page_id=28600, browser=Firefox
Testing: csp_id=572, page_id=28700, browser=Firefox
Testing: csp_id=572, page_id=28800, browser=Firefox
Testing: csp_id=572, page_id=28900, browser=Firefox
Testing: csp_id=572, page_id=29000, browser=Firefox
Testing: csp_id=572, page_id=29100, browser=Firefox
Testing: csp_id=572, page_id=29200, browser=Firefox
Testing: csp_id=572, page_id=29300, browser=Firefox
Testing: csp_id=572, page_id=29400, browser=Firefox
Testing: csp_id=572, page_id=29500, browser=Firefox
Testing: csp_id=572, page_id=29600, browser=Firefox
Testing: csp_id=572, page_id=29700, browser=Firefox
Testing: csp_id=572, page_id=29800, browser=Firefox
🏊 create_context_pools[first] (5x16): 17.052s
Testing: csp_id=584, page_id=0, browser=Firefox
Testing: csp_id=584, page_id=100, browser=Firefox
Testing: csp_id=584, page_id=200, browser=Firefox
Testing: csp_id=584, page_id=300, browser=Firefox
Testing: csp_id=584, page_id=400, browser=Firefox
Testing: csp_id=584, page_id=500, browser=Firefox
Testing: csp_id=584, page_id=600, browser=Firefox
Testing: csp_id=584, page_id=700, browser=Firefox
Testing: csp_id=584, page_id=800, browser=Firefox
Testing: csp_id=584, page_id=900, browser=Firefox
Testing: csp_id=584, page_id=1000, browser=Firefox
Testing: csp_id=584, page_id=1100, browser=Firefox
Testing: csp_id=584, page_id=1200, browser=Firefox
Testing: csp_id=584, page_id=1300, browser=Firefox
Testing: csp_id=584, page_id=1400, browser=Firefox
Testing: csp_id=584, page_id=1500, browser=Firefox
Testing: csp_id=584, page_id=1600, browser=Firefox
Testing: csp_id=584, page_id=1700, browser=Firefox
Testing: csp_id=584, page_id=1800, browser=Firefox
Testing: csp_id=584, page_id=1900, browser=Firefox
Testing: csp_id=584, page_id=2000, browser=Firefox
Testing: csp_id=584, page_id=2100, browser=Firefox
Testing: csp_id=584, page_id=2200, browser=Firefox
Testing: csp_id=584, page_id=2300, browser=Firefox
Testing: csp_id=584, page_id=2400, browser=Firefox
Testing: csp_id=584, page_id=2500, browser=Firefox
Testing: csp_id=584, page_id=2600, browser=Firefox
Testing: csp_id=584, page_id=2700, browser=Firefox
Testing: csp_id=584, page_id=2800, browser=Firefox
Testing: csp_id=584, page_id=2900, browser=Firefox
Testing: csp_id=584, page_id=3000, browser=Firefox
Testing: csp_id=584, page_id=3100, browser=Firefox
Testing: csp_id=584, page_id=3200, browser=Firefox
Testing: csp_id=584, page_id=3300, browser=Firefox
Testing: csp_id=584, page_id=3400, browser=Firefox
Testing: csp_id=584, page_id=3500, browser=Firefox
Testing: csp_id=584, page_id=3600, browser=Firefox
Testing: csp_id=584, page_id=3700, browser=Firefox
Testing: csp_id=584, page_id=3800, browser=Firefox
Testing: csp_id=584, page_id=3900, browser=Firefox
Testing: csp_id=584, page_id=4000, browser=Firefox
Testing: csp_id=584, page_id=4100, browser=Firefox
Testing: csp_id=584, page_id=4200, browser=Firefox
Testing: csp_id=584, page_id=4300, browser=Firefox
Testing: csp_id=584, page_id=4400, browser=Firefox
Testing: csp_id=584, page_id=4500, browser=Firefox
Testing: csp_id=584, page_id=4600, browser=Firefox
Testing: csp_id=584, page_id=4700, browser=Firefox
Testing: csp_id=584, page_id=4800, browser=Firefox
Testing: csp_id=584, page_id=4900, browser=Firefox
Testing: csp_id=584, page_id=5000, browser=Firefox
Testing: csp_id=584, page_id=5100, browser=Firefox
Testing: csp_id=584, page_id=5200, browser=Firefox
Testing: csp_id=584, page_id=5300, browser=Firefox
Testing: csp_id=584, page_id=5400, browser=Firefox
Testing: csp_id=584, page_id=5500, browser=Firefox
Testing: csp_id=584, page_id=5600, browser=Firefox
Testing: csp_id=584, page_id=5700, browser=Firefox
Testing: csp_id=584, page_id=5800, browser=Firefox
Testing: csp_id=584, page_id=5900, browser=Firefox
Testing: csp_id=584, page_id=6000, browser=Firefox
Testing: csp_id=584, page_id=6100, browser=Firefox
Testing: csp_id=584, page_id=6200, browser=Firefox
Testing: csp_id=584, page_id=6300, browser=Firefox
Testing: csp_id=584, page_id=6400, browser=Firefox
Testing: csp_id=584, page_id=6500, browser=Firefox
Testing: csp_id=584, page_id=6600, browser=Firefox
Testing: csp_id=584, page_id=6700, browser=Firefox
Testing: csp_id=584, page_id=6800, browser=Firefox
Testing: csp_id=584, page_id=6900, browser=Firefox
Testing: csp_id=584, page_id=7000, browser=Firefox
Testing: csp_id=584, page_id=7100, browser=Firefox
Testing: csp_id=584, page_id=7200, browser=Firefox
Testing: csp_id=584, page_id=7300, browser=Firefox
Testing: csp_id=584, page_id=7400, browser=Firefox
Testing: csp_id=584, page_id=7500, browser=Firefox
Testing: csp_id=584, page_id=7600, browser=Firefox
Testing: csp_id=584, page_id=7700, browser=Firefox
Testing: csp_id=584, page_id=7800, browser=Firefox
Testing: csp_id=584, page_id=7900, browser=Firefox
Testing: csp_id=584, page_id=8000, browser=Firefox
Testing: csp_id=584, page_id=8100, browser=Firefox
Testing: csp_id=584, page_id=8200, browser=Firefox
Testing: csp_id=584, page_id=8300, browser=Firefox
Testing: csp_id=584, page_id=8400, browser=Firefox
Testing: csp_id=584, page_id=8500, browser=Firefox
Testing: csp_id=584, page_id=8600, browser=Firefox
Testing: csp_id=584, page_id=8700, browser=Firefox
Testing: csp_id=584, page_id=8800, browser=Firefox
Testing: csp_id=584, page_id=8900, browser=Firefox
Testing: csp_id=584, page_id=9000, browser=Firefox
Testing: csp_id=584, page_id=9100, browser=Firefox
Testing: csp_id=584, page_id=9200, browser=Firefox
Testing: csp_id=584, page_id=9300, browser=Firefox
Testing: csp_id=584, page_id=9400, browser=Firefox
Testing: csp_id=584, page_id=9500, browser=Firefox
Testing: csp_id=584, page_id=9600, browser=Firefox
Testing: csp_id=584, page_id=9700, browser=Firefox
Testing: csp_id=584, page_id=9800, browser=Firefox
Testing: csp_id=584, page_id=9900, browser=Firefox
Testing: csp_id=584, page_id=10000, browser=Firefox
Testing: csp_id=584, page_id=10100, browser=Firefox
Testing: csp_id=584, page_id=10200, browser=Firefox
Testing: csp_id=584, page_id=10300, browser=Firefox
Testing: csp_id=584, page_id=10400, browser=Firefox
Testing: csp_id=584, page_id=10500, browser=Firefox
Testing: csp_id=584, page_id=10600, browser=Firefox
Testing: csp_id=584, page_id=10700, browser=Firefox
Testing: csp_id=584, page_id=10800, browser=Firefox
Testing: csp_id=584, page_id=10900, browser=Firefox
Testing: csp_id=584, page_id=11000, browser=Firefox
Testing: csp_id=584, page_id=11100, browser=Firefox
Testing: csp_id=584, page_id=11200, browser=Firefox
Testing: csp_id=584, page_id=11300, browser=Firefox
Testing: csp_id=584, page_id=11400, browser=Firefox
Testing: csp_id=584, page_id=11500, browser=Firefox
Testing: csp_id=584, page_id=11600, browser=Firefox
Testing: csp_id=584, page_id=11700, browser=Firefox
Testing: csp_id=584, page_id=11800, browser=Firefox
Testing: csp_id=584, page_id=11900, browser=Firefox
Testing: csp_id=584, page_id=12000, browser=Firefox
Testing: csp_id=584, page_id=12100, browser=Firefox
Testing: csp_id=584, page_id=12200, browser=Firefox
Testing: csp_id=584, page_id=12300, browser=Firefox
Testing: csp_id=584, page_id=12400, browser=Firefox
Testing: csp_id=584, page_id=12500, browser=Firefox
Testing: csp_id=584, page_id=12600, browser=Firefox
Testing: csp_id=584, page_id=12700, browser=Firefox
Testing: csp_id=584, page_id=12800, browser=Firefox
Testing: csp_id=584, page_id=12900, browser=Firefox
Testing: csp_id=584, page_id=13000, browser=Firefox
Testing: csp_id=584, page_id=13100, browser=Firefox
Testing: csp_id=584, page_id=13200, browser=Firefox
Testing: csp_id=584, page_id=13300, browser=Firefox
Testing: csp_id=584, page_id=13400, browser=Firefox
Testing: csp_id=584, page_id=13500, browser=Firefox
Testing: csp_id=584, page_id=13600, browser=Firefox
Testing: csp_id=584, page_id=13700, browser=Firefox
Testing: csp_id=584, page_id=13800, browser=Firefox
Testing: csp_id=584, page_id=13900, browser=Firefox
Testing: csp_id=584, page_id=14000, browser=Firefox
Testing: csp_id=584, page_id=14100, browser=Firefox
Testing: csp_id=584, page_id=14200, browser=Firefox
Testing: csp_id=584, page_id=14300, browser=Firefox
Testing: csp_id=584, page_id=14400, browser=Firefox
Testing: csp_id=584, page_id=14500, browser=Firefox
Testing: csp_id=584, page_id=14600, browser=Firefox
Testing: csp_id=584, page_id=14700, browser=Firefox
Testing: csp_id=584, page_id=14800, browser=Firefox
Testing: csp_id=584, page_id=14900, browser=Firefox
Testing: csp_id=584, page_id=15000, browser=Firefox
Testing: csp_id=584, page_id=15100, browser=Firefox
Testing: csp_id=584, page_id=15200, browser=Firefox
Testing: csp_id=584, page_id=15300, browser=Firefox
Testing: csp_id=584, page_id=15400, browser=Firefox
Testing: csp_id=584, page_id=15500, browser=Firefox
Testing: csp_id=584, page_id=15600, browser=Firefox
Testing: csp_id=584, page_id=15700, browser=Firefox
Testing: csp_id=584, page_id=15800, browser=Firefox
Testing: csp_id=584, page_id=15900, browser=Firefox
Testing: csp_id=584, page_id=16000, browser=Firefox
Testing: csp_id=584, page_id=16100, browser=Firefox
Testing: csp_id=584, page_id=16200, browser=Firefox
Testing: csp_id=584, page_id=16300, browser=Firefox
Testing: csp_id=584, page_id=16400, browser=Firefox
Testing: csp_id=584, page_id=16500, browser=Firefox
Testing: csp_id=584, page_id=16600, browser=Firefox
Testing: csp_id=584, page_id=16700, browser=Firefox
Testing: csp_id=584, page_id=16800, browser=Firefox
Testing: csp_id=584, page_id=16900, browser=Firefox
Testing: csp_id=584, page_id=17000, browser=Firefox
Testing: csp_id=584, page_id=17100, browser=Firefox
Testing: csp_id=584, page_id=17200, browser=Firefox
Testing: csp_id=584, page_id=17300, browser=Firefox
Testing: csp_id=584, page_id=17400, browser=Firefox
Testing: csp_id=584, page_id=17500, browser=Firefox
Testing: csp_id=584, page_id=17600, browser=Firefox
Testing: csp_id=584, page_id=17700, browser=Firefox
Testing: csp_id=584, page_id=17800, browser=Firefox
Testing: csp_id=584, page_id=17900, browser=Firefox
Testing: csp_id=584, page_id=18000, browser=Firefox
Testing: csp_id=584, page_id=18100, browser=Firefox
Testing: csp_id=584, page_id=18200, browser=Firefox
Testing: csp_id=584, page_id=18300, browser=Firefox
Testing: csp_id=584, page_id=18400, browser=Firefox
Testing: csp_id=584, page_id=18500, browser=Firefox
Testing: csp_id=584, page_id=18600, browser=Firefox
Testing: csp_id=584, page_id=18700, browser=Firefox
Testing: csp_id=584, page_id=18800, browser=Firefox
Testing: csp_id=584, page_id=18900, browser=Firefox
Testing: csp_id=584, page_id=19000, browser=Firefox
Testing: csp_id=584, page_id=19100, browser=Firefox
Testing: csp_id=584, page_id=19200, browser=Firefox
Testing: csp_id=584, page_id=19300, browser=Firefox
Testing: csp_id=584, page_id=19400, browser=Firefox
Testing: csp_id=584, page_id=19500, browser=Firefox
Testing: csp_id=584, page_id=19600, browser=Firefox
Testing: csp_id=584, page_id=19700, browser=Firefox
Testing: csp_id=584, page_id=19800, browser=Firefox
Testing: csp_id=584, page_id=19900, browser=Firefox
Testing: csp_id=584, page_id=20000, browser=Firefox
Testing: csp_id=584, page_id=20100, browser=Firefox
Testing: csp_id=584, page_id=20200, browser=Firefox
Testing: csp_id=584, page_id=20300, browser=Firefox
Testing: csp_id=584, page_id=20400, browser=Firefox
Testing: csp_id=584, page_id=20500, browser=Firefox
Testing: csp_id=584, page_id=20600, browser=Firefox
Testing: csp_id=584, page_id=20700, browser=Firefox
Testing: csp_id=584, page_id=20800, browser=Firefox
Testing: csp_id=584, page_id=20900, browser=Firefox
Testing: csp_id=584, page_id=21000, browser=Firefox
Testing: csp_id=584, page_id=21100, browser=Firefox
Testing: csp_id=584, page_id=21200, browser=Firefox
Testing: csp_id=584, page_id=21300, browser=Firefox
Testing: csp_id=584, page_id=21400, browser=Firefox
Testing: csp_id=584, page_id=21500, browser=Firefox
Testing: csp_id=584, page_id=21600, browser=Firefox
Testing: csp_id=584, page_id=21700, browser=Firefox
Testing: csp_id=584, page_id=21800, browser=Firefox
Testing: csp_id=584, page_id=21900, browser=Firefox
Testing: csp_id=584, page_id=22000, browser=Firefox
Testing: csp_id=584, page_id=22100, browser=Firefox
Testing: csp_id=584, page_id=22200, browser=Firefox
Testing: csp_id=584, page_id=22300, browser=Firefox
Testing: csp_id=584, page_id=22400, browser=Firefox
Testing: csp_id=584, page_id=22500, browser=Firefox
Testing: csp_id=584, page_id=22600, browser=Firefox
Testing: csp_id=584, page_id=22700, browser=Firefox
Testing: csp_id=584, page_id=22800, browser=Firefox
Testing: csp_id=584, page_id=22900, browser=Firefox
Testing: csp_id=584, page_id=23000, browser=Firefox
Testing: csp_id=584, page_id=23100, browser=Firefox
Testing: csp_id=584, page_id=23200, browser=Firefox
Testing: csp_id=584, page_id=23300, browser=Firefox
Testing: csp_id=584, page_id=23400, browser=Firefox
Testing: csp_id=584, page_id=23500, browser=Firefox
Testing: csp_id=584, page_id=23600, browser=Firefox
Testing: csp_id=584, page_id=23700, browser=Firefox
Testing: csp_id=584, page_id=23800, browser=Firefox
Testing: csp_id=584, page_id=23900, browser=Firefox
Testing: csp_id=584, page_id=24000, browser=Firefox
Testing: csp_id=584, page_id=24100, browser=Firefox
Testing: csp_id=584, page_id=24200, browser=Firefox
Testing: csp_id=584, page_id=24300, browser=Firefox
Testing: csp_id=584, page_id=24400, browser=Firefox
Testing: csp_id=584, page_id=24500, browser=Firefox
Testing: csp_id=584, page_id=24600, browser=Firefox
Testing: csp_id=584, page_id=24700, browser=Firefox
Testing: csp_id=584, page_id=24800, browser=Firefox
Testing: csp_id=584, page_id=24900, browser=Firefox
Testing: csp_id=584, page_id=25000, browser=Firefox
Testing: csp_id=584, page_id=25100, browser=Firefox
Testing: csp_id=584, page_id=25200, browser=Firefox
Testing: csp_id=584, page_id=25300, browser=Firefox
Testing: csp_id=584, page_id=25400, browser=Firefox
Testing: csp_id=584, page_id=25500, browser=Firefox
Testing: csp_id=584, page_id=25600, browser=Firefox
Testing: csp_id=584, page_id=25700, browser=Firefox
Testing: csp_id=584, page_id=25800, browser=Firefox
Testing: csp_id=584, page_id=25900, browser=Firefox
Testing: csp_id=584, page_id=26000, browser=Firefox
Testing: csp_id=584, page_id=26100, browser=Firefox
Testing: csp_id=584, page_id=26200, browser=Firefox
Testing: csp_id=584, page_id=26300, browser=Firefox
Testing: csp_id=584, page_id=26400, browser=Firefox
Testing: csp_id=584, page_id=26500, browser=Firefox
Testing: csp_id=584, page_id=26600, browser=Firefox
Testing: csp_id=584, page_id=26700, browser=Firefox
Testing: csp_id=584, page_id=26800, browser=Firefox
Testing: csp_id=584, page_id=26900, browser=Firefox
Testing: csp_id=584, page_id=27000, browser=Firefox
Testing: csp_id=584, page_id=27100, browser=Firefox
Testing: csp_id=584, page_id=27200, browser=Firefox
Testing: csp_id=584, page_id=27300, browser=Firefox
Testing: csp_id=584, page_id=27400, browser=Firefox
Testing: csp_id=584, page_id=27500, browser=Firefox
Testing: csp_id=584, page_id=27600, browser=Firefox
Testing: csp_id=584, page_id=27700, browser=Firefox
Testing: csp_id=584, page_id=27800, browser=Firefox
Testing: csp_id=584, page_id=27900, browser=Firefox
Testing: csp_id=584, page_id=28000, browser=Firefox
Testing: csp_id=584, page_id=28100, browser=Firefox
Testing: csp_id=584, page_id=28200, browser=Firefox
Testing: csp_id=584, page_id=28300, browser=Firefox
Testing: csp_id=584, page_id=28400, browser=Firefox
Testing: csp_id=584, page_id=28500, browser=Firefox
Testing: csp_id=584, page_id=28600, browser=Firefox
Testing: csp_id=584, page_id=28700, browser=Firefox
Testing: csp_id=584, page_id=28800, browser=Firefox
Testing: csp_id=584, page_id=28900, browser=Firefox
Testing: csp_id=584, page_id=29000, browser=Firefox
Testing: csp_id=584, page_id=29100, browser=Firefox
Testing: csp_id=584, page_id=29200, browser=Firefox
Testing: csp_id=584, page_id=29300, browser=Firefox
Testing: csp_id=584, page_id=29400, browser=Firefox
Testing: csp_id=584, page_id=29500, browser=Firefox
Testing: csp_id=584, page_id=29600, browser=Firefox
Testing: csp_id=584, page_id=29700, browser=Firefox
Testing: csp_id=584, page_id=29800, browser=Firefox
🏊 create_context_pools[first] (5x16): 17.157s
Testing: csp_id=599, page_id=0, browser=Firefox
Testing: csp_id=599, page_id=100, browser=Firefox
Testing: csp_id=599, page_id=200, browser=Firefox
Testing: csp_id=599, page_id=300, browser=Firefox
Testing: csp_id=599, page_id=400, browser=Firefox
Testing: csp_id=599, page_id=500, browser=Firefox
Testing: csp_id=599, page_id=600, browser=Firefox
Testing: csp_id=599, page_id=700, browser=Firefox
Testing: csp_id=599, page_id=800, browser=Firefox
Testing: csp_id=599, page_id=900, browser=Firefox
Testing: csp_id=599, page_id=1000, browser=Firefox
Testing: csp_id=599, page_id=1100, browser=Firefox
Testing: csp_id=599, page_id=1200, browser=Firefox
Testing: csp_id=599, page_id=1300, browser=Firefox
Testing: csp_id=599, page_id=1400, browser=Firefox
Testing: csp_id=599, page_id=1500, browser=Firefox
Testing: csp_id=599, page_id=1600, browser=Firefox
Testing: csp_id=599, page_id=1700, browser=Firefox
Testing: csp_id=599, page_id=1800, browser=Firefox
Testing: csp_id=599, page_id=1900, browser=Firefox
Testing: csp_id=599, page_id=2000, browser=Firefox
Testing: csp_id=599, page_id=2100, browser=Firefox
Testing: csp_id=599, page_id=2200, browser=Firefox
Testing: csp_id=599, page_id=2300, browser=Firefox
Testing: csp_id=599, page_id=2400, browser=Firefox
Testing: csp_id=599, page_id=2500, browser=Firefox
Testing: csp_id=599, page_id=2600, browser=Firefox
Testing: csp_id=599, page_id=2700, browser=Firefox
Testing: csp_id=599, page_id=2800, browser=Firefox
Testing: csp_id=599, page_id=2900, browser=Firefox
Testing: csp_id=599, page_id=3000, browser=Firefox
Testing: csp_id=599, page_id=3100, browser=Firefox
Testing: csp_id=599, page_id=3200, browser=Firefox
Testing: csp_id=599, page_id=3300, browser=Firefox
Testing: csp_id=599, page_id=3400, browser=Firefox
Testing: csp_id=599, page_id=3500, browser=Firefox
Testing: csp_id=599, page_id=3600, browser=Firefox
Testing: csp_id=599, page_id=3700, browser=Firefox
Testing: csp_id=599, page_id=3800, browser=Firefox
Testing: csp_id=599, page_id=3900, browser=Firefox
Testing: csp_id=599, page_id=4000, browser=Firefox
Testing: csp_id=599, page_id=4100, browser=Firefox
Testing: csp_id=599, page_id=4200, browser=Firefox
Testing: csp_id=599, page_id=4300, browser=Firefox
Testing: csp_id=599, page_id=4400, browser=Firefox
Testing: csp_id=599, page_id=4500, browser=Firefox
Testing: csp_id=599, page_id=4600, browser=Firefox
Testing: csp_id=599, page_id=4700, browser=Firefox
Testing: csp_id=599, page_id=4800, browser=Firefox
Testing: csp_id=599, page_id=4900, browser=Firefox
Testing: csp_id=599, page_id=5000, browser=Firefox
Testing: csp_id=599, page_id=5100, browser=Firefox
Testing: csp_id=599, page_id=5200, browser=Firefox
Testing: csp_id=599, page_id=5300, browser=Firefox
Testing: csp_id=599, page_id=5400, browser=Firefox
Testing: csp_id=599, page_id=5500, browser=Firefox
Testing: csp_id=599, page_id=5600, browser=Firefox
Testing: csp_id=599, page_id=5700, browser=Firefox
Testing: csp_id=599, page_id=5800, browser=Firefox
Testing: csp_id=599, page_id=5900, browser=Firefox
Testing: csp_id=599, page_id=6000, browser=Firefox
Testing: csp_id=599, page_id=6100, browser=Firefox
Testing: csp_id=599, page_id=6200, browser=Firefox
Testing: csp_id=599, page_id=6300, browser=Firefox
Testing: csp_id=599, page_id=6400, browser=Firefox
Testing: csp_id=599, page_id=6500, browser=Firefox
Testing: csp_id=599, page_id=6600, browser=Firefox
Testing: csp_id=599, page_id=6700, browser=Firefox
Testing: csp_id=599, page_id=6800, browser=Firefox
Testing: csp_id=599, page_id=6900, browser=Firefox
Testing: csp_id=599, page_id=7000, browser=Firefox
Testing: csp_id=599, page_id=7100, browser=Firefox
Testing: csp_id=599, page_id=7200, browser=Firefox
Testing: csp_id=599, page_id=7300, browser=Firefox
Testing: csp_id=599, page_id=7400, browser=Firefox
Testing: csp_id=599, page_id=7500, browser=Firefox
Testing: csp_id=599, page_id=7600, browser=Firefox
Testing: csp_id=599, page_id=7700, browser=Firefox
Testing: csp_id=599, page_id=7800, browser=Firefox
Testing: csp_id=599, page_id=7900, browser=Firefox
Testing: csp_id=599, page_id=8000, browser=Firefox
Testing: csp_id=599, page_id=8100, browser=Firefox
Testing: csp_id=599, page_id=8200, browser=Firefox
Testing: csp_id=599, page_id=8300, browser=Firefox
Testing: csp_id=599, page_id=8400, browser=Firefox
Testing: csp_id=599, page_id=8500, browser=Firefox
Testing: csp_id=599, page_id=8600, browser=Firefox
Testing: csp_id=599, page_id=8700, browser=Firefox
Testing: csp_id=599, page_id=8800, browser=Firefox
Testing: csp_id=599, page_id=8900, browser=Firefox
Testing: csp_id=599, page_id=9000, browser=Firefox
Testing: csp_id=599, page_id=9100, browser=Firefox
Testing: csp_id=599, page_id=9200, browser=Firefox
Testing: csp_id=599, page_id=9300, browser=Firefox
Testing: csp_id=599, page_id=9400, browser=Firefox
Testing: csp_id=599, page_id=9500, browser=Firefox
Testing: csp_id=599, page_id=9600, browser=Firefox
Testing: csp_id=599, page_id=9700, browser=Firefox
Testing: csp_id=599, page_id=9800, browser=Firefox
Testing: csp_id=599, page_id=9900, browser=Firefox
Testing: csp_id=599, page_id=10000, browser=Firefox
Testing: csp_id=599, page_id=10100, browser=Firefox
Testing: csp_id=599, page_id=10200, browser=Firefox
Testing: csp_id=599, page_id=10300, browser=Firefox
Testing: csp_id=599, page_id=10400, browser=Firefox
Testing: csp_id=599, page_id=10500, browser=Firefox
Testing: csp_id=599, page_id=10600, browser=Firefox
Testing: csp_id=599, page_id=10700, browser=Firefox
Testing: csp_id=599, page_id=10800, browser=Firefox
Testing: csp_id=599, page_id=10900, browser=Firefox
Testing: csp_id=599, page_id=11000, browser=Firefox
Testing: csp_id=599, page_id=11100, browser=Firefox
Testing: csp_id=599, page_id=11200, browser=Firefox
Testing: csp_id=599, page_id=11300, browser=Firefox
Testing: csp_id=599, page_id=11400, browser=Firefox
Testing: csp_id=599, page_id=11500, browser=Firefox
Testing: csp_id=599, page_id=11600, browser=Firefox
Testing: csp_id=599, page_id=11700, browser=Firefox
Testing: csp_id=599, page_id=11800, browser=Firefox
Testing: csp_id=599, page_id=11900, browser=Firefox
Testing: csp_id=599, page_id=12000, browser=Firefox
Testing: csp_id=599, page_id=12100, browser=Firefox
Testing: csp_id=599, page_id=12200, browser=Firefox
Testing: csp_id=599, page_id=12300, browser=Firefox
Testing: csp_id=599, page_id=12400, browser=Firefox
Testing: csp_id=599, page_id=12500, browser=Firefox
Testing: csp_id=599, page_id=12600, browser=Firefox
Testing: csp_id=599, page_id=12700, browser=Firefox
Testing: csp_id=599, page_id=12800, browser=Firefox
Testing: csp_id=599, page_id=12900, browser=Firefox
Testing: csp_id=599, page_id=13000, browser=Firefox
Testing: csp_id=599, page_id=13100, browser=Firefox
Testing: csp_id=599, page_id=13200, browser=Firefox
Testing: csp_id=599, page_id=13300, browser=Firefox
Testing: csp_id=599, page_id=13400, browser=Firefox
Testing: csp_id=599, page_id=13500, browser=Firefox
Testing: csp_id=599, page_id=13600, browser=Firefox
Testing: csp_id=599, page_id=13700, browser=Firefox
Testing: csp_id=599, page_id=13800, browser=Firefox
Testing: csp_id=599, page_id=13900, browser=Firefox
Testing: csp_id=599, page_id=14000, browser=Firefox
Testing: csp_id=599, page_id=14100, browser=Firefox
Testing: csp_id=599, page_id=14200, browser=Firefox
Testing: csp_id=599, page_id=14300, browser=Firefox
Testing: csp_id=599, page_id=14400, browser=Firefox
Testing: csp_id=599, page_id=14500, browser=Firefox
Testing: csp_id=599, page_id=14600, browser=Firefox
Testing: csp_id=599, page_id=14700, browser=Firefox
Testing: csp_id=599, page_id=14800, browser=Firefox
Testing: csp_id=599, page_id=14900, browser=Firefox
Testing: csp_id=599, page_id=15000, browser=Firefox
Testing: csp_id=599, page_id=15100, browser=Firefox
Testing: csp_id=599, page_id=15200, browser=Firefox
Testing: csp_id=599, page_id=15300, browser=Firefox
Testing: csp_id=599, page_id=15400, browser=Firefox
Testing: csp_id=599, page_id=15500, browser=Firefox
Testing: csp_id=599, page_id=15600, browser=Firefox
Testing: csp_id=599, page_id=15700, browser=Firefox
Testing: csp_id=599, page_id=15800, browser=Firefox
Testing: csp_id=599, page_id=15900, browser=Firefox
Testing: csp_id=599, page_id=16000, browser=Firefox
Testing: csp_id=599, page_id=16100, browser=Firefox
Testing: csp_id=599, page_id=16200, browser=Firefox
Testing: csp_id=599, page_id=16300, browser=Firefox
Testing: csp_id=599, page_id=16400, browser=Firefox
Testing: csp_id=599, page_id=16500, browser=Firefox
Testing: csp_id=599, page_id=16600, browser=Firefox
Testing: csp_id=599, page_id=16700, browser=Firefox
Testing: csp_id=599, page_id=16800, browser=Firefox
Testing: csp_id=599, page_id=16900, browser=Firefox
Testing: csp_id=599, page_id=17000, browser=Firefox
Testing: csp_id=599, page_id=17100, browser=Firefox
Testing: csp_id=599, page_id=17200, browser=Firefox
Testing: csp_id=599, page_id=17300, browser=Firefox
Testing: csp_id=599, page_id=17400, browser=Firefox
Testing: csp_id=599, page_id=17500, browser=Firefox
Testing: csp_id=599, page_id=17600, browser=Firefox
Testing: csp_id=599, page_id=17700, browser=Firefox
Testing: csp_id=599, page_id=17800, browser=Firefox
Testing: csp_id=599, page_id=17900, browser=Firefox
Testing: csp_id=599, page_id=18000, browser=Firefox
Testing: csp_id=599, page_id=18100, browser=Firefox
Testing: csp_id=599, page_id=18200, browser=Firefox
Testing: csp_id=599, page_id=18300, browser=Firefox
Testing: csp_id=599, page_id=18400, browser=Firefox
Testing: csp_id=599, page_id=18500, browser=Firefox
Testing: csp_id=599, page_id=18600, browser=Firefox
Testing: csp_id=599, page_id=18700, browser=Firefox
Testing: csp_id=599, page_id=18800, browser=Firefox
Testing: csp_id=599, page_id=18900, browser=Firefox
Testing: csp_id=599, page_id=19000, browser=Firefox
Testing: csp_id=599, page_id=19100, browser=Firefox
Testing: csp_id=599, page_id=19200, browser=Firefox
Testing: csp_id=599, page_id=19300, browser=Firefox
Testing: csp_id=599, page_id=19400, browser=Firefox
Testing: csp_id=599, page_id=19500, browser=Firefox
Testing: csp_id=599, page_id=19600, browser=Firefox
Testing: csp_id=599, page_id=19700, browser=Firefox
Testing: csp_id=599, page_id=19800, browser=Firefox
Testing: csp_id=599, page_id=19900, browser=Firefox
Testing: csp_id=599, page_id=20000, browser=Firefox
Testing: csp_id=599, page_id=20100, browser=Firefox
Testing: csp_id=599, page_id=20200, browser=Firefox
Testing: csp_id=599, page_id=20300, browser=Firefox
Testing: csp_id=599, page_id=20400, browser=Firefox
Testing: csp_id=599, page_id=20500, browser=Firefox
Testing: csp_id=599, page_id=20600, browser=Firefox
Testing: csp_id=599, page_id=20700, browser=Firefox
Testing: csp_id=599, page_id=20800, browser=Firefox
Testing: csp_id=599, page_id=20900, browser=Firefox
Testing: csp_id=599, page_id=21000, browser=Firefox
Testing: csp_id=599, page_id=21100, browser=Firefox
Testing: csp_id=599, page_id=21200, browser=Firefox
Testing: csp_id=599, page_id=21300, browser=Firefox
Testing: csp_id=599, page_id=21400, browser=Firefox
Testing: csp_id=599, page_id=21500, browser=Firefox
Testing: csp_id=599, page_id=21600, browser=Firefox
Testing: csp_id=599, page_id=21700, browser=Firefox
Testing: csp_id=599, page_id=21800, browser=Firefox
Testing: csp_id=599, page_id=21900, browser=Firefox
Testing: csp_id=599, page_id=22000, browser=Firefox
Testing: csp_id=599, page_id=22100, browser=Firefox
Testing: csp_id=599, page_id=22200, browser=Firefox
Testing: csp_id=599, page_id=22300, browser=Firefox
Testing: csp_id=599, page_id=22400, browser=Firefox
Testing: csp_id=599, page_id=22500, browser=Firefox
Testing: csp_id=599, page_id=22600, browser=Firefox
Testing: csp_id=599, page_id=22700, browser=Firefox
Testing: csp_id=599, page_id=22800, browser=Firefox
Testing: csp_id=599, page_id=22900, browser=Firefox
Testing: csp_id=599, page_id=23000, browser=Firefox
Testing: csp_id=599, page_id=23100, browser=Firefox
Testing: csp_id=599, page_id=23200, browser=Firefox
Testing: csp_id=599, page_id=23300, browser=Firefox
Testing: csp_id=599, page_id=23400, browser=Firefox
Testing: csp_id=599, page_id=23500, browser=Firefox
Testing: csp_id=599, page_id=23600, browser=Firefox
Testing: csp_id=599, page_id=23700, browser=Firefox
Testing: csp_id=599, page_id=23800, browser=Firefox
Testing: csp_id=599, page_id=23900, browser=Firefox
Testing: csp_id=599, page_id=24000, browser=Firefox
Testing: csp_id=599, page_id=24100, browser=Firefox
Testing: csp_id=599, page_id=24200, browser=Firefox
Testing: csp_id=599, page_id=24300, browser=Firefox
Testing: csp_id=599, page_id=24400, browser=Firefox
Testing: csp_id=599, page_id=24500, browser=Firefox
Testing: csp_id=599, page_id=24600, browser=Firefox
Testing: csp_id=599, page_id=24700, browser=Firefox
Testing: csp_id=599, page_id=24800, browser=Firefox
Testing: csp_id=599, page_id=24900, browser=Firefox
Testing: csp_id=599, page_id=25000, browser=Firefox
Testing: csp_id=599, page_id=25100, browser=Firefox
Testing: csp_id=599, page_id=25200, browser=Firefox
Testing: csp_id=599, page_id=25300, browser=Firefox
Testing: csp_id=599, page_id=25400, browser=Firefox
Testing: csp_id=599, page_id=25500, browser=Firefox
Testing: csp_id=599, page_id=25600, browser=Firefox
Testing: csp_id=599, page_id=25700, browser=Firefox
Testing: csp_id=599, page_id=25800, browser=Firefox
Testing: csp_id=599, page_id=25900, browser=Firefox
Testing: csp_id=599, page_id=26000, browser=Firefox
Testing: csp_id=599, page_id=26100, browser=Firefox
Testing: csp_id=599, page_id=26200, browser=Firefox
Testing: csp_id=599, page_id=26300, browser=Firefox
Testing: csp_id=599, page_id=26400, browser=Firefox
Testing: csp_id=599, page_id=26500, browser=Firefox
Testing: csp_id=599, page_id=26600, browser=Firefox
Testing: csp_id=599, page_id=26700, browser=Firefox
Testing: csp_id=599, page_id=26800, browser=Firefox
Testing: csp_id=599, page_id=26900, browser=Firefox
Testing: csp_id=599, page_id=27000, browser=Firefox
Testing: csp_id=599, page_id=27100, browser=Firefox
Testing: csp_id=599, page_id=27200, browser=Firefox
Testing: csp_id=599, page_id=27300, browser=Firefox
Testing: csp_id=599, page_id=27400, browser=Firefox
Testing: csp_id=599, page_id=27500, browser=Firefox
Testing: csp_id=599, page_id=27600, browser=Firefox
Testing: csp_id=599, page_id=27700, browser=Firefox
Testing: csp_id=599, page_id=27800, browser=Firefox
Testing: csp_id=599, page_id=27900, browser=Firefox
Testing: csp_id=599, page_id=28000, browser=Firefox
Testing: csp_id=599, page_id=28100, browser=Firefox
Testing: csp_id=599, page_id=28200, browser=Firefox
Testing: csp_id=599, page_id=28300, browser=Firefox
Testing: csp_id=599, page_id=28400, browser=Firefox
Testing: csp_id=599, page_id=28500, browser=Firefox
Testing: csp_id=599, page_id=28600, browser=Firefox
Testing: csp_id=599, page_id=28700, browser=Firefox
Testing: csp_id=599, page_id=28800, browser=Firefox
Testing: csp_id=599, page_id=28900, browser=Firefox
Testing: csp_id=599, page_id=29000, browser=Firefox
Testing: csp_id=599, page_id=29100, browser=Firefox
Testing: csp_id=599, page_id=29200, browser=Firefox
Testing: csp_id=599, page_id=29300, browser=Firefox
Testing: csp_id=599, page_id=29400, browser=Firefox
Testing: csp_id=599, page_id=29500, browser=Firefox
Testing: csp_id=599, page_id=29600, browser=Firefox
Testing: csp_id=599, page_id=29700, browser=Firefox
Testing: csp_id=599, page_id=29800, browser=Firefox
🏊 create_context_pools[first] (5x16): 18.069s
Testing: csp_id=611, page_id=0, browser=Firefox
Testing: csp_id=611, page_id=100, browser=Firefox
Testing: csp_id=611, page_id=200, browser=Firefox
Testing: csp_id=611, page_id=300, browser=Firefox
Testing: csp_id=611, page_id=400, browser=Firefox
Testing: csp_id=611, page_id=500, browser=Firefox
Testing: csp_id=611, page_id=600, browser=Firefox
Testing: csp_id=611, page_id=700, browser=Firefox
Testing: csp_id=611, page_id=800, browser=Firefox
Testing: csp_id=611, page_id=900, browser=Firefox
Testing: csp_id=611, page_id=1000, browser=Firefox
Testing: csp_id=611, page_id=1100, browser=Firefox
Testing: csp_id=611, page_id=1200, browser=Firefox
Testing: csp_id=611, page_id=1300, browser=Firefox
Testing: csp_id=611, page_id=1400, browser=Firefox
Testing: csp_id=611, page_id=1500, browser=Firefox
Testing: csp_id=611, page_id=1600, browser=Firefox
Testing: csp_id=611, page_id=1700, browser=Firefox
Testing: csp_id=611, page_id=1800, browser=Firefox
Testing: csp_id=611, page_id=1900, browser=Firefox
Testing: csp_id=611, page_id=2000, browser=Firefox
Testing: csp_id=611, page_id=2100, browser=Firefox
Testing: csp_id=611, page_id=2200, browser=Firefox
Testing: csp_id=611, page_id=2300, browser=Firefox
Testing: csp_id=611, page_id=2400, browser=Firefox
Testing: csp_id=611, page_id=2500, browser=Firefox
Testing: csp_id=611, page_id=2600, browser=Firefox
Testing: csp_id=611, page_id=2700, browser=Firefox
Testing: csp_id=611, page_id=2800, browser=Firefox
Testing: csp_id=611, page_id=2900, browser=Firefox
Testing: csp_id=611, page_id=3000, browser=Firefox
Testing: csp_id=611, page_id=3100, browser=Firefox
Testing: csp_id=611, page_id=3200, browser=Firefox
Testing: csp_id=611, page_id=3300, browser=Firefox
Testing: csp_id=611, page_id=3400, browser=Firefox
Testing: csp_id=611, page_id=3500, browser=Firefox
Testing: csp_id=611, page_id=3600, browser=Firefox
Testing: csp_id=611, page_id=3700, browser=Firefox
Testing: csp_id=611, page_id=3800, browser=Firefox
Testing: csp_id=611, page_id=3900, browser=Firefox
Testing: csp_id=611, page_id=4000, browser=Firefox
Testing: csp_id=611, page_id=4100, browser=Firefox
Testing: csp_id=611, page_id=4200, browser=Firefox
Testing: csp_id=611, page_id=4300, browser=Firefox
Testing: csp_id=611, page_id=4400, browser=Firefox
Testing: csp_id=611, page_id=4500, browser=Firefox
Testing: csp_id=611, page_id=4600, browser=Firefox
Testing: csp_id=611, page_id=4700, browser=Firefox
Testing: csp_id=611, page_id=4800, browser=Firefox
Testing: csp_id=611, page_id=4900, browser=Firefox
Testing: csp_id=611, page_id=5000, browser=Firefox
Testing: csp_id=611, page_id=5100, browser=Firefox
Testing: csp_id=611, page_id=5200, browser=Firefox
Testing: csp_id=611, page_id=5300, browser=Firefox
Testing: csp_id=611, page_id=5400, browser=Firefox
Testing: csp_id=611, page_id=5500, browser=Firefox
Testing: csp_id=611, page_id=5600, browser=Firefox
Testing: csp_id=611, page_id=5700, browser=Firefox
Testing: csp_id=611, page_id=5800, browser=Firefox
Testing: csp_id=611, page_id=5900, browser=Firefox
Testing: csp_id=611, page_id=6000, browser=Firefox
Testing: csp_id=611, page_id=6100, browser=Firefox
Testing: csp_id=611, page_id=6200, browser=Firefox
Testing: csp_id=611, page_id=6300, browser=Firefox
Testing: csp_id=611, page_id=6400, browser=Firefox
Testing: csp_id=611, page_id=6500, browser=Firefox
Testing: csp_id=611, page_id=6600, browser=Firefox
Testing: csp_id=611, page_id=6700, browser=Firefox
Testing: csp_id=611, page_id=6800, browser=Firefox
Testing: csp_id=611, page_id=6900, browser=Firefox
Testing: csp_id=611, page_id=7000, browser=Firefox
Testing: csp_id=611, page_id=7100, browser=Firefox
Testing: csp_id=611, page_id=7200, browser=Firefox
Testing: csp_id=611, page_id=7300, browser=Firefox
Testing: csp_id=611, page_id=7400, browser=Firefox
Testing: csp_id=611, page_id=7500, browser=Firefox
Testing: csp_id=611, page_id=7600, browser=Firefox
Testing: csp_id=611, page_id=7700, browser=Firefox
Testing: csp_id=611, page_id=7800, browser=Firefox
Testing: csp_id=611, page_id=7900, browser=Firefox
Testing: csp_id=611, page_id=8000, browser=Firefox
Testing: csp_id=611, page_id=8100, browser=Firefox
Testing: csp_id=611, page_id=8200, browser=Firefox
Testing: csp_id=611, page_id=8300, browser=Firefox
Testing: csp_id=611, page_id=8400, browser=Firefox
Testing: csp_id=611, page_id=8500, browser=Firefox
Testing: csp_id=611, page_id=8600, browser=Firefox
Testing: csp_id=611, page_id=8700, browser=Firefox
Testing: csp_id=611, page_id=8800, browser=Firefox
Testing: csp_id=611, page_id=8900, browser=Firefox
Testing: csp_id=611, page_id=9000, browser=Firefox
Testing: csp_id=611, page_id=9100, browser=Firefox
Testing: csp_id=611, page_id=9200, browser=Firefox
Testing: csp_id=611, page_id=9300, browser=Firefox
Testing: csp_id=611, page_id=9400, browser=Firefox
Testing: csp_id=611, page_id=9500, browser=Firefox
Testing: csp_id=611, page_id=9600, browser=Firefox
Testing: csp_id=611, page_id=9700, browser=Firefox
Testing: csp_id=611, page_id=9800, browser=Firefox
Testing: csp_id=611, page_id=9900, browser=Firefox
Testing: csp_id=611, page_id=10000, browser=Firefox
Testing: csp_id=611, page_id=10100, browser=Firefox
Testing: csp_id=611, page_id=10200, browser=Firefox
Testing: csp_id=611, page_id=10300, browser=Firefox
Testing: csp_id=611, page_id=10400, browser=Firefox
Testing: csp_id=611, page_id=10500, browser=Firefox
Testing: csp_id=611, page_id=10600, browser=Firefox
Testing: csp_id=611, page_id=10700, browser=Firefox
Testing: csp_id=611, page_id=10800, browser=Firefox
Testing: csp_id=611, page_id=10900, browser=Firefox
Testing: csp_id=611, page_id=11000, browser=Firefox
Testing: csp_id=611, page_id=11100, browser=Firefox
Testing: csp_id=611, page_id=11200, browser=Firefox
Testing: csp_id=611, page_id=11300, browser=Firefox
Testing: csp_id=611, page_id=11400, browser=Firefox
Testing: csp_id=611, page_id=11500, browser=Firefox
Testing: csp_id=611, page_id=11600, browser=Firefox
Testing: csp_id=611, page_id=11700, browser=Firefox
Testing: csp_id=611, page_id=11800, browser=Firefox
Testing: csp_id=611, page_id=11900, browser=Firefox
Testing: csp_id=611, page_id=12000, browser=Firefox
Testing: csp_id=611, page_id=12100, browser=Firefox
Testing: csp_id=611, page_id=12200, browser=Firefox
Testing: csp_id=611, page_id=12300, browser=Firefox
Testing: csp_id=611, page_id=12400, browser=Firefox
Testing: csp_id=611, page_id=12500, browser=Firefox
Testing: csp_id=611, page_id=12600, browser=Firefox
Testing: csp_id=611, page_id=12700, browser=Firefox
Testing: csp_id=611, page_id=12800, browser=Firefox
Testing: csp_id=611, page_id=12900, browser=Firefox
Testing: csp_id=611, page_id=13000, browser=Firefox
Testing: csp_id=611, page_id=13100, browser=Firefox
Testing: csp_id=611, page_id=13200, browser=Firefox
Testing: csp_id=611, page_id=13300, browser=Firefox
Testing: csp_id=611, page_id=13400, browser=Firefox
Testing: csp_id=611, page_id=13500, browser=Firefox
Testing: csp_id=611, page_id=13600, browser=Firefox
Testing: csp_id=611, page_id=13700, browser=Firefox
Testing: csp_id=611, page_id=13800, browser=Firefox
Testing: csp_id=611, page_id=13900, browser=Firefox
Testing: csp_id=611, page_id=14000, browser=Firefox
Testing: csp_id=611, page_id=14100, browser=Firefox
Testing: csp_id=611, page_id=14200, browser=Firefox
Testing: csp_id=611, page_id=14300, browser=Firefox
Testing: csp_id=611, page_id=14400, browser=Firefox
Testing: csp_id=611, page_id=14500, browser=Firefox
Testing: csp_id=611, page_id=14600, browser=Firefox
Testing: csp_id=611, page_id=14700, browser=Firefox
Testing: csp_id=611, page_id=14800, browser=Firefox
Testing: csp_id=611, page_id=14900, browser=Firefox
Testing: csp_id=611, page_id=15000, browser=Firefox
Testing: csp_id=611, page_id=15100, browser=Firefox
Testing: csp_id=611, page_id=15200, browser=Firefox
Testing: csp_id=611, page_id=15300, browser=Firefox
Testing: csp_id=611, page_id=15400, browser=Firefox
Testing: csp_id=611, page_id=15500, browser=Firefox
Testing: csp_id=611, page_id=15600, browser=Firefox
Testing: csp_id=611, page_id=15700, browser=Firefox
Testing: csp_id=611, page_id=15800, browser=Firefox
Testing: csp_id=611, page_id=15900, browser=Firefox
Testing: csp_id=611, page_id=16000, browser=Firefox
Testing: csp_id=611, page_id=16100, browser=Firefox
Testing: csp_id=611, page_id=16200, browser=Firefox
Testing: csp_id=611, page_id=16300, browser=Firefox
Testing: csp_id=611, page_id=16400, browser=Firefox
Testing: csp_id=611, page_id=16500, browser=Firefox
Testing: csp_id=611, page_id=16600, browser=Firefox
Testing: csp_id=611, page_id=16700, browser=Firefox
Testing: csp_id=611, page_id=16800, browser=Firefox
Testing: csp_id=611, page_id=16900, browser=Firefox
Testing: csp_id=611, page_id=17000, browser=Firefox
Testing: csp_id=611, page_id=17100, browser=Firefox
Testing: csp_id=611, page_id=17200, browser=Firefox
Testing: csp_id=611, page_id=17300, browser=Firefox
Testing: csp_id=611, page_id=17400, browser=Firefox
Testing: csp_id=611, page_id=17500, browser=Firefox
Testing: csp_id=611, page_id=17600, browser=Firefox
Testing: csp_id=611, page_id=17700, browser=Firefox
Testing: csp_id=611, page_id=17800, browser=Firefox
Testing: csp_id=611, page_id=17900, browser=Firefox
Testing: csp_id=611, page_id=18000, browser=Firefox
Testing: csp_id=611, page_id=18100, browser=Firefox
Testing: csp_id=611, page_id=18200, browser=Firefox
Testing: csp_id=611, page_id=18300, browser=Firefox
Testing: csp_id=611, page_id=18400, browser=Firefox
Testing: csp_id=611, page_id=18500, browser=Firefox
Testing: csp_id=611, page_id=18600, browser=Firefox
Testing: csp_id=611, page_id=18700, browser=Firefox
Testing: csp_id=611, page_id=18800, browser=Firefox
Testing: csp_id=611, page_id=18900, browser=Firefox
Testing: csp_id=611, page_id=19000, browser=Firefox
Testing: csp_id=611, page_id=19100, browser=Firefox
Testing: csp_id=611, page_id=19200, browser=Firefox
Testing: csp_id=611, page_id=19300, browser=Firefox
Testing: csp_id=611, page_id=19400, browser=Firefox
Testing: csp_id=611, page_id=19500, browser=Firefox
Testing: csp_id=611, page_id=19600, browser=Firefox
Testing: csp_id=611, page_id=19700, browser=Firefox
Testing: csp_id=611, page_id=19800, browser=Firefox
Testing: csp_id=611, page_id=19900, browser=Firefox
Testing: csp_id=611, page_id=20000, browser=Firefox
Testing: csp_id=611, page_id=20100, browser=Firefox
Testing: csp_id=611, page_id=20200, browser=Firefox
Testing: csp_id=611, page_id=20300, browser=Firefox
Testing: csp_id=611, page_id=20400, browser=Firefox
Testing: csp_id=611, page_id=20500, browser=Firefox
Testing: csp_id=611, page_id=20600, browser=Firefox
Testing: csp_id=611, page_id=20700, browser=Firefox
Testing: csp_id=611, page_id=20800, browser=Firefox
Testing: csp_id=611, page_id=20900, browser=Firefox
Testing: csp_id=611, page_id=21000, browser=Firefox
Testing: csp_id=611, page_id=21100, browser=Firefox
Testing: csp_id=611, page_id=21200, browser=Firefox
Testing: csp_id=611, page_id=21300, browser=Firefox
Testing: csp_id=611, page_id=21400, browser=Firefox
Testing: csp_id=611, page_id=21500, browser=Firefox
Testing: csp_id=611, page_id=21600, browser=Firefox
Testing: csp_id=611, page_id=21700, browser=Firefox
Testing: csp_id=611, page_id=21800, browser=Firefox
Testing: csp_id=611, page_id=21900, browser=Firefox
Testing: csp_id=611, page_id=22000, browser=Firefox
Testing: csp_id=611, page_id=22100, browser=Firefox
Testing: csp_id=611, page_id=22200, browser=Firefox
Testing: csp_id=611, page_id=22300, browser=Firefox
Testing: csp_id=611, page_id=22400, browser=Firefox
Testing: csp_id=611, page_id=22500, browser=Firefox
Testing: csp_id=611, page_id=22600, browser=Firefox
Testing: csp_id=611, page_id=22700, browser=Firefox
Testing: csp_id=611, page_id=22800, browser=Firefox
Testing: csp_id=611, page_id=22900, browser=Firefox
Testing: csp_id=611, page_id=23000, browser=Firefox
Testing: csp_id=611, page_id=23100, browser=Firefox
Testing: csp_id=611, page_id=23200, browser=Firefox
Testing: csp_id=611, page_id=23300, browser=Firefox
Testing: csp_id=611, page_id=23400, browser=Firefox
Testing: csp_id=611, page_id=23500, browser=Firefox
Testing: csp_id=611, page_id=23600, browser=Firefox
Testing: csp_id=611, page_id=23700, browser=Firefox
Testing: csp_id=611, page_id=23800, browser=Firefox
Testing: csp_id=611, page_id=23900, browser=Firefox
Testing: csp_id=611, page_id=24000, browser=Firefox
Testing: csp_id=611, page_id=24100, browser=Firefox
Testing: csp_id=611, page_id=24200, browser=Firefox
Testing: csp_id=611, page_id=24300, browser=Firefox
Testing: csp_id=611, page_id=24400, browser=Firefox
Testing: csp_id=611, page_id=24500, browser=Firefox
Testing: csp_id=611, page_id=24600, browser=Firefox
Testing: csp_id=611, page_id=24700, browser=Firefox
Testing: csp_id=611, page_id=24800, browser=Firefox
Testing: csp_id=611, page_id=24900, browser=Firefox
Testing: csp_id=611, page_id=25000, browser=Firefox
Testing: csp_id=611, page_id=25100, browser=Firefox
Testing: csp_id=611, page_id=25200, browser=Firefox
Testing: csp_id=611, page_id=25300, browser=Firefox
Testing: csp_id=611, page_id=25400, browser=Firefox
Testing: csp_id=611, page_id=25500, browser=Firefox
Testing: csp_id=611, page_id=25600, browser=Firefox
Testing: csp_id=611, page_id=25700, browser=Firefox
Testing: csp_id=611, page_id=25800, browser=Firefox
Testing: csp_id=611, page_id=25900, browser=Firefox
Testing: csp_id=611, page_id=26000, browser=Firefox
Testing: csp_id=611, page_id=26100, browser=Firefox
Testing: csp_id=611, page_id=26200, browser=Firefox
Testing: csp_id=611, page_id=26300, browser=Firefox
Testing: csp_id=611, page_id=26400, browser=Firefox
Testing: csp_id=611, page_id=26500, browser=Firefox
Testing: csp_id=611, page_id=26600, browser=Firefox
Testing: csp_id=611, page_id=26700, browser=Firefox
Testing: csp_id=611, page_id=26800, browser=Firefox
Testing: csp_id=611, page_id=26900, browser=Firefox
Testing: csp_id=611, page_id=27000, browser=Firefox
Testing: csp_id=611, page_id=27100, browser=Firefox
Testing: csp_id=611, page_id=27200, browser=Firefox
Testing: csp_id=611, page_id=27300, browser=Firefox
Testing: csp_id=611, page_id=27400, browser=Firefox
Testing: csp_id=611, page_id=27500, browser=Firefox
Testing: csp_id=611, page_id=27600, browser=Firefox
Testing: csp_id=611, page_id=27700, browser=Firefox
Testing: csp_id=611, page_id=27800, browser=Firefox
Testing: csp_id=611, page_id=27900, browser=Firefox
Testing: csp_id=611, page_id=28000, browser=Firefox
Testing: csp_id=611, page_id=28100, browser=Firefox
Testing: csp_id=611, page_id=28200, browser=Firefox
Testing: csp_id=611, page_id=28300, browser=Firefox
Testing: csp_id=611, page_id=28400, browser=Firefox
Testing: csp_id=611, page_id=28500, browser=Firefox
Testing: csp_id=611, page_id=28600, browser=Firefox
Testing: csp_id=611, page_id=28700, browser=Firefox
Testing: csp_id=611, page_id=28800, browser=Firefox
Testing: csp_id=611, page_id=28900, browser=Firefox
Testing: csp_id=611, page_id=29000, browser=Firefox
Testing: csp_id=611, page_id=29100, browser=Firefox
Testing: csp_id=611, page_id=29200, browser=Firefox
Testing: csp_id=611, page_id=29300, browser=Firefox
Testing: csp_id=611, page_id=29400, browser=Firefox
Testing: csp_id=611, page_id=29500, browser=Firefox
Testing: csp_id=611, page_id=29600, browser=Firefox
Testing: csp_id=611, page_id=29700, browser=Firefox
Testing: csp_id=611, page_id=29800, browser=Firefox
🏊 create_context_pools[first] (5x16): 17.323s
Testing: csp_id=623, page_id=0, browser=Firefox
Testing: csp_id=623, page_id=100, browser=Firefox
Testing: csp_id=623, page_id=200, browser=Firefox
Testing: csp_id=623, page_id=300, browser=Firefox
Testing: csp_id=623, page_id=400, browser=Firefox
Testing: csp_id=623, page_id=500, browser=Firefox
Testing: csp_id=623, page_id=600, browser=Firefox
Testing: csp_id=623, page_id=700, browser=Firefox
Testing: csp_id=623, page_id=800, browser=Firefox
Testing: csp_id=623, page_id=900, browser=Firefox
Testing: csp_id=623, page_id=1000, browser=Firefox
Testing: csp_id=623, page_id=1100, browser=Firefox
Testing: csp_id=623, page_id=1200, browser=Firefox
Testing: csp_id=623, page_id=1300, browser=Firefox
Testing: csp_id=623, page_id=1400, browser=Firefox
Testing: csp_id=623, page_id=1500, browser=Firefox
Testing: csp_id=623, page_id=1600, browser=Firefox
Testing: csp_id=623, page_id=1700, browser=Firefox
Testing: csp_id=623, page_id=1800, browser=Firefox
Testing: csp_id=623, page_id=1900, browser=Firefox
Testing: csp_id=623, page_id=2000, browser=Firefox
Testing: csp_id=623, page_id=2100, browser=Firefox
Testing: csp_id=623, page_id=2200, browser=Firefox
Testing: csp_id=623, page_id=2300, browser=Firefox
Testing: csp_id=623, page_id=2400, browser=Firefox
Testing: csp_id=623, page_id=2500, browser=Firefox
Testing: csp_id=623, page_id=2600, browser=Firefox
Testing: csp_id=623, page_id=2700, browser=Firefox
Testing: csp_id=623, page_id=2800, browser=Firefox
Testing: csp_id=623, page_id=2900, browser=Firefox
Testing: csp_id=623, page_id=3000, browser=Firefox
Testing: csp_id=623, page_id=3100, browser=Firefox
Testing: csp_id=623, page_id=3200, browser=Firefox
Testing: csp_id=623, page_id=3300, browser=Firefox
Testing: csp_id=623, page_id=3400, browser=Firefox
Testing: csp_id=623, page_id=3500, browser=Firefox
Testing: csp_id=623, page_id=3600, browser=Firefox
Testing: csp_id=623, page_id=3700, browser=Firefox
Testing: csp_id=623, page_id=3800, browser=Firefox
Testing: csp_id=623, page_id=3900, browser=Firefox
Testing: csp_id=623, page_id=4000, browser=Firefox
Testing: csp_id=623, page_id=4100, browser=Firefox
Testing: csp_id=623, page_id=4200, browser=Firefox
Testing: csp_id=623, page_id=4300, browser=Firefox
Testing: csp_id=623, page_id=4400, browser=Firefox
Testing: csp_id=623, page_id=4500, browser=Firefox
Testing: csp_id=623, page_id=4600, browser=Firefox
Testing: csp_id=623, page_id=4700, browser=Firefox
Testing: csp_id=623, page_id=4800, browser=Firefox
Testing: csp_id=623, page_id=4900, browser=Firefox
Testing: csp_id=623, page_id=5000, browser=Firefox
Testing: csp_id=623, page_id=5100, browser=Firefox
Testing: csp_id=623, page_id=5200, browser=Firefox
Testing: csp_id=623, page_id=5300, browser=Firefox
Testing: csp_id=623, page_id=5400, browser=Firefox
Testing: csp_id=623, page_id=5500, browser=Firefox
Testing: csp_id=623, page_id=5600, browser=Firefox
Testing: csp_id=623, page_id=5700, browser=Firefox
Testing: csp_id=623, page_id=5800, browser=Firefox
Testing: csp_id=623, page_id=5900, browser=Firefox
Testing: csp_id=623, page_id=6000, browser=Firefox
Testing: csp_id=623, page_id=6100, browser=Firefox
Testing: csp_id=623, page_id=6200, browser=Firefox
Testing: csp_id=623, page_id=6300, browser=Firefox
Testing: csp_id=623, page_id=6400, browser=Firefox
Testing: csp_id=623, page_id=6500, browser=Firefox
Testing: csp_id=623, page_id=6600, browser=Firefox
Testing: csp_id=623, page_id=6700, browser=Firefox
Testing: csp_id=623, page_id=6800, browser=Firefox
Testing: csp_id=623, page_id=6900, browser=Firefox
Testing: csp_id=623, page_id=7000, browser=Firefox
Testing: csp_id=623, page_id=7100, browser=Firefox
Testing: csp_id=623, page_id=7200, browser=Firefox
Testing: csp_id=623, page_id=7300, browser=Firefox
Testing: csp_id=623, page_id=7400, browser=Firefox
Testing: csp_id=623, page_id=7500, browser=Firefox
Testing: csp_id=623, page_id=7600, browser=Firefox
Testing: csp_id=623, page_id=7700, browser=Firefox
Testing: csp_id=623, page_id=7800, browser=Firefox
Testing: csp_id=623, page_id=7900, browser=Firefox
Testing: csp_id=623, page_id=8000, browser=Firefox
Testing: csp_id=623, page_id=8100, browser=Firefox
Testing: csp_id=623, page_id=8200, browser=Firefox
Testing: csp_id=623, page_id=8300, browser=Firefox
Testing: csp_id=623, page_id=8400, browser=Firefox
Testing: csp_id=623, page_id=8500, browser=Firefox
Testing: csp_id=623, page_id=8600, browser=Firefox
Testing: csp_id=623, page_id=8700, browser=Firefox
Testing: csp_id=623, page_id=8800, browser=Firefox
Testing: csp_id=623, page_id=8900, browser=Firefox
Testing: csp_id=623, page_id=9000, browser=Firefox
Testing: csp_id=623, page_id=9100, browser=Firefox
Testing: csp_id=623, page_id=9200, browser=Firefox
Testing: csp_id=623, page_id=9300, browser=Firefox
Testing: csp_id=623, page_id=9400, browser=Firefox
Testing: csp_id=623, page_id=9500, browser=Firefox
Testing: csp_id=623, page_id=9600, browser=Firefox
Testing: csp_id=623, page_id=9700, browser=Firefox
Testing: csp_id=623, page_id=9800, browser=Firefox
Testing: csp_id=623, page_id=9900, browser=Firefox
Testing: csp_id=623, page_id=10000, browser=Firefox
Testing: csp_id=623, page_id=10100, browser=Firefox
Testing: csp_id=623, page_id=10200, browser=Firefox
Testing: csp_id=623, page_id=10300, browser=Firefox
Testing: csp_id=623, page_id=10400, browser=Firefox
Testing: csp_id=623, page_id=10500, browser=Firefox
Testing: csp_id=623, page_id=10600, browser=Firefox
Testing: csp_id=623, page_id=10700, browser=Firefox
Testing: csp_id=623, page_id=10800, browser=Firefox
Testing: csp_id=623, page_id=10900, browser=Firefox
Testing: csp_id=623, page_id=11000, browser=Firefox
Testing: csp_id=623, page_id=11100, browser=Firefox
Testing: csp_id=623, page_id=11200, browser=Firefox
Testing: csp_id=623, page_id=11300, browser=Firefox
Testing: csp_id=623, page_id=11400, browser=Firefox
Testing: csp_id=623, page_id=11500, browser=Firefox
Testing: csp_id=623, page_id=11600, browser=Firefox
Testing: csp_id=623, page_id=11700, browser=Firefox
Testing: csp_id=623, page_id=11800, browser=Firefox
Testing: csp_id=623, page_id=11900, browser=Firefox
Testing: csp_id=623, page_id=12000, browser=Firefox
Testing: csp_id=623, page_id=12100, browser=Firefox
Testing: csp_id=623, page_id=12200, browser=Firefox
Testing: csp_id=623, page_id=12300, browser=Firefox
Testing: csp_id=623, page_id=12400, browser=Firefox
Testing: csp_id=623, page_id=12500, browser=Firefox
Testing: csp_id=623, page_id=12600, browser=Firefox
Testing: csp_id=623, page_id=12700, browser=Firefox
Testing: csp_id=623, page_id=12800, browser=Firefox
Testing: csp_id=623, page_id=12900, browser=Firefox
Testing: csp_id=623, page_id=13000, browser=Firefox
Testing: csp_id=623, page_id=13100, browser=Firefox
Testing: csp_id=623, page_id=13200, browser=Firefox
Testing: csp_id=623, page_id=13300, browser=Firefox
Testing: csp_id=623, page_id=13400, browser=Firefox
Testing: csp_id=623, page_id=13500, browser=Firefox
Testing: csp_id=623, page_id=13600, browser=Firefox
Testing: csp_id=623, page_id=13700, browser=Firefox
Testing: csp_id=623, page_id=13800, browser=Firefox
Testing: csp_id=623, page_id=13900, browser=Firefox
Testing: csp_id=623, page_id=14000, browser=Firefox
Testing: csp_id=623, page_id=14100, browser=Firefox
Testing: csp_id=623, page_id=14200, browser=Firefox
Testing: csp_id=623, page_id=14300, browser=Firefox
Testing: csp_id=623, page_id=14400, browser=Firefox
Testing: csp_id=623, page_id=14500, browser=Firefox
Testing: csp_id=623, page_id=14600, browser=Firefox
Testing: csp_id=623, page_id=14700, browser=Firefox
Testing: csp_id=623, page_id=14800, browser=Firefox
Testing: csp_id=623, page_id=14900, browser=Firefox
Testing: csp_id=623, page_id=15000, browser=Firefox
Testing: csp_id=623, page_id=15100, browser=Firefox
Testing: csp_id=623, page_id=15200, browser=Firefox
Testing: csp_id=623, page_id=15300, browser=Firefox
Testing: csp_id=623, page_id=15400, browser=Firefox
Testing: csp_id=623, page_id=15500, browser=Firefox
Testing: csp_id=623, page_id=15600, browser=Firefox
Testing: csp_id=623, page_id=15700, browser=Firefox
Testing: csp_id=623, page_id=15800, browser=Firefox
Testing: csp_id=623, page_id=15900, browser=Firefox
Testing: csp_id=623, page_id=16000, browser=Firefox
Testing: csp_id=623, page_id=16100, browser=Firefox
Testing: csp_id=623, page_id=16200, browser=Firefox
Testing: csp_id=623, page_id=16300, browser=Firefox
Testing: csp_id=623, page_id=16400, browser=Firefox
Testing: csp_id=623, page_id=16500, browser=Firefox
Testing: csp_id=623, page_id=16600, browser=Firefox
Testing: csp_id=623, page_id=16700, browser=Firefox
Testing: csp_id=623, page_id=16800, browser=Firefox
Testing: csp_id=623, page_id=16900, browser=Firefox
Testing: csp_id=623, page_id=17000, browser=Firefox
Testing: csp_id=623, page_id=17100, browser=Firefox
Testing: csp_id=623, page_id=17200, browser=Firefox
Testing: csp_id=623, page_id=17300, browser=Firefox
Testing: csp_id=623, page_id=17400, browser=Firefox
Testing: csp_id=623, page_id=17500, browser=Firefox
Testing: csp_id=623, page_id=17600, browser=Firefox
Testing: csp_id=623, page_id=17700, browser=Firefox
Testing: csp_id=623, page_id=17800, browser=Firefox
Testing: csp_id=623, page_id=17900, browser=Firefox
Testing: csp_id=623, page_id=18000, browser=Firefox
Testing: csp_id=623, page_id=18100, browser=Firefox
Testing: csp_id=623, page_id=18200, browser=Firefox
Testing: csp_id=623, page_id=18300, browser=Firefox
Testing: csp_id=623, page_id=18400, browser=Firefox
Testing: csp_id=623, page_id=18500, browser=Firefox
Testing: csp_id=623, page_id=18600, browser=Firefox
Testing: csp_id=623, page_id=18700, browser=Firefox
Testing: csp_id=623, page_id=18800, browser=Firefox
Testing: csp_id=623, page_id=18900, browser=Firefox
Testing: csp_id=623, page_id=19000, browser=Firefox
Testing: csp_id=623, page_id=19100, browser=Firefox
Testing: csp_id=623, page_id=19200, browser=Firefox
Testing: csp_id=623, page_id=19300, browser=Firefox
Testing: csp_id=623, page_id=19400, browser=Firefox
Testing: csp_id=623, page_id=19500, browser=Firefox
Testing: csp_id=623, page_id=19600, browser=Firefox
Testing: csp_id=623, page_id=19700, browser=Firefox
Testing: csp_id=623, page_id=19800, browser=Firefox
Testing: csp_id=623, page_id=19900, browser=Firefox
Testing: csp_id=623, page_id=20000, browser=Firefox
Testing: csp_id=623, page_id=20100, browser=Firefox
Testing: csp_id=623, page_id=20200, browser=Firefox
Testing: csp_id=623, page_id=20300, browser=Firefox
Testing: csp_id=623, page_id=20400, browser=Firefox
Testing: csp_id=623, page_id=20500, browser=Firefox
Testing: csp_id=623, page_id=20600, browser=Firefox
Testing: csp_id=623, page_id=20700, browser=Firefox
Testing: csp_id=623, page_id=20800, browser=Firefox
Testing: csp_id=623, page_id=20900, browser=Firefox
Testing: csp_id=623, page_id=21000, browser=Firefox
Testing: csp_id=623, page_id=21100, browser=Firefox
Testing: csp_id=623, page_id=21200, browser=Firefox
Testing: csp_id=623, page_id=21300, browser=Firefox
Testing: csp_id=623, page_id=21400, browser=Firefox
Testing: csp_id=623, page_id=21500, browser=Firefox
Testing: csp_id=623, page_id=21600, browser=Firefox
Testing: csp_id=623, page_id=21700, browser=Firefox
Testing: csp_id=623, page_id=21800, browser=Firefox
Testing: csp_id=623, page_id=21900, browser=Firefox
Testing: csp_id=623, page_id=22000, browser=Firefox
Testing: csp_id=623, page_id=22100, browser=Firefox
Testing: csp_id=623, page_id=22200, browser=Firefox
Testing: csp_id=623, page_id=22300, browser=Firefox
Testing: csp_id=623, page_id=22400, browser=Firefox
Testing: csp_id=623, page_id=22500, browser=Firefox
Testing: csp_id=623, page_id=22600, browser=Firefox
Testing: csp_id=623, page_id=22700, browser=Firefox
Testing: csp_id=623, page_id=22800, browser=Firefox
Testing: csp_id=623, page_id=22900, browser=Firefox
Testing: csp_id=623, page_id=23000, browser=Firefox
Testing: csp_id=623, page_id=23100, browser=Firefox
Testing: csp_id=623, page_id=23200, browser=Firefox
Testing: csp_id=623, page_id=23300, browser=Firefox
Testing: csp_id=623, page_id=23400, browser=Firefox
Testing: csp_id=623, page_id=23500, browser=Firefox
Testing: csp_id=623, page_id=23600, browser=Firefox
Testing: csp_id=623, page_id=23700, browser=Firefox
Testing: csp_id=623, page_id=23800, browser=Firefox
Testing: csp_id=623, page_id=23900, browser=Firefox
Testing: csp_id=623, page_id=24000, browser=Firefox
Testing: csp_id=623, page_id=24100, browser=Firefox
Testing: csp_id=623, page_id=24200, browser=Firefox
Testing: csp_id=623, page_id=24300, browser=Firefox
Testing: csp_id=623, page_id=24400, browser=Firefox
Testing: csp_id=623, page_id=24500, browser=Firefox
Testing: csp_id=623, page_id=24600, browser=Firefox
Testing: csp_id=623, page_id=24700, browser=Firefox
Testing: csp_id=623, page_id=24800, browser=Firefox
Testing: csp_id=623, page_id=24900, browser=Firefox
Testing: csp_id=623, page_id=25000, browser=Firefox
Testing: csp_id=623, page_id=25100, browser=Firefox
Testing: csp_id=623, page_id=25200, browser=Firefox
Testing: csp_id=623, page_id=25300, browser=Firefox
Testing: csp_id=623, page_id=25400, browser=Firefox
Testing: csp_id=623, page_id=25500, browser=Firefox
Testing: csp_id=623, page_id=25600, browser=Firefox
Testing: csp_id=623, page_id=25700, browser=Firefox
Testing: csp_id=623, page_id=25800, browser=Firefox
Testing: csp_id=623, page_id=25900, browser=Firefox
Testing: csp_id=623, page_id=26000, browser=Firefox
Testing: csp_id=623, page_id=26100, browser=Firefox
Testing: csp_id=623, page_id=26200, browser=Firefox
Testing: csp_id=623, page_id=26300, browser=Firefox
Testing: csp_id=623, page_id=26400, browser=Firefox
Testing: csp_id=623, page_id=26500, browser=Firefox
Testing: csp_id=623, page_id=26600, browser=Firefox
Testing: csp_id=623, page_id=26700, browser=Firefox
Testing: csp_id=623, page_id=26800, browser=Firefox
Testing: csp_id=623, page_id=26900, browser=Firefox
Testing: csp_id=623, page_id=27000, browser=Firefox
Testing: csp_id=623, page_id=27100, browser=Firefox
Testing: csp_id=623, page_id=27200, browser=Firefox
Testing: csp_id=623, page_id=27300, browser=Firefox
Testing: csp_id=623, page_id=27400, browser=Firefox
Testing: csp_id=623, page_id=27500, browser=Firefox
Testing: csp_id=623, page_id=27600, browser=Firefox
Testing: csp_id=623, page_id=27700, browser=Firefox
Testing: csp_id=623, page_id=27800, browser=Firefox
Testing: csp_id=623, page_id=27900, browser=Firefox
Testing: csp_id=623, page_id=28000, browser=Firefox
Testing: csp_id=623, page_id=28100, browser=Firefox
Testing: csp_id=623, page_id=28200, browser=Firefox
Testing: csp_id=623, page_id=28300, browser=Firefox
Testing: csp_id=623, page_id=28400, browser=Firefox
Testing: csp_id=623, page_id=28500, browser=Firefox
Testing: csp_id=623, page_id=28600, browser=Firefox
Testing: csp_id=623, page_id=28700, browser=Firefox
Testing: csp_id=623, page_id=28800, browser=Firefox
Testing: csp_id=623, page_id=28900, browser=Firefox
Testing: csp_id=623, page_id=29000, browser=Firefox
Testing: csp_id=623, page_id=29100, browser=Firefox
Testing: csp_id=623, page_id=29200, browser=Firefox
Testing: csp_id=623, page_id=29300, browser=Firefox
Testing: csp_id=623, page_id=29400, browser=Firefox
Testing: csp_id=623, page_id=29500, browser=Firefox
Testing: csp_id=623, page_id=29600, browser=Firefox
Testing: csp_id=623, page_id=29700, browser=Firefox
Testing: csp_id=623, page_id=29800, browser=Firefox
🏊 create_context_pools[first] (5x16): 17.864s
Testing: csp_id=634, page_id=0, browser=Firefox
Testing: csp_id=634, page_id=100, browser=Firefox
Testing: csp_id=634, page_id=200, browser=Firefox
Testing: csp_id=634, page_id=300, browser=Firefox
Testing: csp_id=634, page_id=400, browser=Firefox
Testing: csp_id=634, page_id=500, browser=Firefox
Testing: csp_id=634, page_id=600, browser=Firefox
Testing: csp_id=634, page_id=700, browser=Firefox
Testing: csp_id=634, page_id=800, browser=Firefox
Testing: csp_id=634, page_id=900, browser=Firefox
Testing: csp_id=634, page_id=1000, browser=Firefox
Testing: csp_id=634, page_id=1100, browser=Firefox
Testing: csp_id=634, page_id=1200, browser=Firefox
Testing: csp_id=634, page_id=1300, browser=Firefox
Testing: csp_id=634, page_id=1400, browser=Firefox
Testing: csp_id=634, page_id=1500, browser=Firefox
Testing: csp_id=634, page_id=1600, browser=Firefox
Testing: csp_id=634, page_id=1700, browser=Firefox
Testing: csp_id=634, page_id=1800, browser=Firefox
Testing: csp_id=634, page_id=1900, browser=Firefox
Testing: csp_id=634, page_id=2000, browser=Firefox
Testing: csp_id=634, page_id=2100, browser=Firefox
Testing: csp_id=634, page_id=2200, browser=Firefox
Testing: csp_id=634, page_id=2300, browser=Firefox
Testing: csp_id=634, page_id=2400, browser=Firefox
Testing: csp_id=634, page_id=2500, browser=Firefox
Testing: csp_id=634, page_id=2600, browser=Firefox
Testing: csp_id=634, page_id=2700, browser=Firefox
Testing: csp_id=634, page_id=2800, browser=Firefox
Testing: csp_id=634, page_id=2900, browser=Firefox
Testing: csp_id=634, page_id=3000, browser=Firefox
Testing: csp_id=634, page_id=3100, browser=Firefox
Testing: csp_id=634, page_id=3200, browser=Firefox
Testing: csp_id=634, page_id=3300, browser=Firefox
Testing: csp_id=634, page_id=3400, browser=Firefox
Testing: csp_id=634, page_id=3500, browser=Firefox
Testing: csp_id=634, page_id=3600, browser=Firefox
Testing: csp_id=634, page_id=3700, browser=Firefox
Testing: csp_id=634, page_id=3800, browser=Firefox
Testing: csp_id=634, page_id=3900, browser=Firefox
Testing: csp_id=634, page_id=4000, browser=Firefox
Testing: csp_id=634, page_id=4100, browser=Firefox
Testing: csp_id=634, page_id=4200, browser=Firefox
Testing: csp_id=634, page_id=4300, browser=Firefox
Testing: csp_id=634, page_id=4400, browser=Firefox
Testing: csp_id=634, page_id=4500, browser=Firefox
Testing: csp_id=634, page_id=4600, browser=Firefox
Testing: csp_id=634, page_id=4700, browser=Firefox
Testing: csp_id=634, page_id=4800, browser=Firefox
Testing: csp_id=634, page_id=4900, browser=Firefox
Testing: csp_id=634, page_id=5000, browser=Firefox
Testing: csp_id=634, page_id=5100, browser=Firefox
Testing: csp_id=634, page_id=5200, browser=Firefox
Testing: csp_id=634, page_id=5300, browser=Firefox
Testing: csp_id=634, page_id=5400, browser=Firefox
Testing: csp_id=634, page_id=5500, browser=Firefox
Testing: csp_id=634, page_id=5600, browser=Firefox
Testing: csp_id=634, page_id=5700, browser=Firefox
Testing: csp_id=634, page_id=5800, browser=Firefox
Testing: csp_id=634, page_id=5900, browser=Firefox
Testing: csp_id=634, page_id=6000, browser=Firefox
Testing: csp_id=634, page_id=6100, browser=Firefox
Testing: csp_id=634, page_id=6200, browser=Firefox
Testing: csp_id=634, page_id=6300, browser=Firefox
Testing: csp_id=634, page_id=6400, browser=Firefox
Testing: csp_id=634, page_id=6500, browser=Firefox
Testing: csp_id=634, page_id=6600, browser=Firefox
Testing: csp_id=634, page_id=6700, browser=Firefox
Testing: csp_id=634, page_id=6800, browser=Firefox
Testing: csp_id=634, page_id=6900, browser=Firefox
Testing: csp_id=634, page_id=7000, browser=Firefox
Testing: csp_id=634, page_id=7100, browser=Firefox
Testing: csp_id=634, page_id=7200, browser=Firefox
Testing: csp_id=634, page_id=7300, browser=Firefox
Testing: csp_id=634, page_id=7400, browser=Firefox
Testing: csp_id=634, page_id=7500, browser=Firefox
Testing: csp_id=634, page_id=7600, browser=Firefox
Testing: csp_id=634, page_id=7700, browser=Firefox
Testing: csp_id=634, page_id=7800, browser=Firefox
Testing: csp_id=634, page_id=7900, browser=Firefox
Testing: csp_id=634, page_id=8000, browser=Firefox
Testing: csp_id=634, page_id=8100, browser=Firefox
Testing: csp_id=634, page_id=8200, browser=Firefox
Testing: csp_id=634, page_id=8300, browser=Firefox
Testing: csp_id=634, page_id=8400, browser=Firefox
Testing: csp_id=634, page_id=8500, browser=Firefox
Testing: csp_id=634, page_id=8600, browser=Firefox
Testing: csp_id=634, page_id=8700, browser=Firefox
Testing: csp_id=634, page_id=8800, browser=Firefox
Testing: csp_id=634, page_id=8900, browser=Firefox
Testing: csp_id=634, page_id=9000, browser=Firefox
Testing: csp_id=634, page_id=9100, browser=Firefox
Testing: csp_id=634, page_id=9200, browser=Firefox
Testing: csp_id=634, page_id=9300, browser=Firefox
Testing: csp_id=634, page_id=9400, browser=Firefox
Testing: csp_id=634, page_id=9500, browser=Firefox
Testing: csp_id=634, page_id=9600, browser=Firefox
Testing: csp_id=634, page_id=9700, browser=Firefox
Testing: csp_id=634, page_id=9800, browser=Firefox
Testing: csp_id=634, page_id=9900, browser=Firefox
Testing: csp_id=634, page_id=10000, browser=Firefox
Testing: csp_id=634, page_id=10100, browser=Firefox
Testing: csp_id=634, page_id=10200, browser=Firefox
Testing: csp_id=634, page_id=10300, browser=Firefox
Testing: csp_id=634, page_id=10400, browser=Firefox
Testing: csp_id=634, page_id=10500, browser=Firefox
Testing: csp_id=634, page_id=10600, browser=Firefox
Testing: csp_id=634, page_id=10700, browser=Firefox
Testing: csp_id=634, page_id=10800, browser=Firefox
Testing: csp_id=634, page_id=10900, browser=Firefox
Testing: csp_id=634, page_id=11000, browser=Firefox
Testing: csp_id=634, page_id=11100, browser=Firefox
Testing: csp_id=634, page_id=11200, browser=Firefox
Testing: csp_id=634, page_id=11300, browser=Firefox
Testing: csp_id=634, page_id=11400, browser=Firefox
Testing: csp_id=634, page_id=11500, browser=Firefox
Testing: csp_id=634, page_id=11600, browser=Firefox
Testing: csp_id=634, page_id=11700, browser=Firefox
Testing: csp_id=634, page_id=11800, browser=Firefox
Testing: csp_id=634, page_id=11900, browser=Firefox
Testing: csp_id=634, page_id=12000, browser=Firefox
Testing: csp_id=634, page_id=12100, browser=Firefox
Testing: csp_id=634, page_id=12200, browser=Firefox
Testing: csp_id=634, page_id=12300, browser=Firefox
Testing: csp_id=634, page_id=12400, browser=Firefox
Testing: csp_id=634, page_id=12500, browser=Firefox
Testing: csp_id=634, page_id=12600, browser=Firefox
Testing: csp_id=634, page_id=12700, browser=Firefox
Testing: csp_id=634, page_id=12800, browser=Firefox
Testing: csp_id=634, page_id=12900, browser=Firefox
Testing: csp_id=634, page_id=13000, browser=Firefox
Testing: csp_id=634, page_id=13100, browser=Firefox
Testing: csp_id=634, page_id=13200, browser=Firefox
Testing: csp_id=634, page_id=13300, browser=Firefox
Testing: csp_id=634, page_id=13400, browser=Firefox
Testing: csp_id=634, page_id=13500, browser=Firefox
Testing: csp_id=634, page_id=13600, browser=Firefox
Testing: csp_id=634, page_id=13700, browser=Firefox
Testing: csp_id=634, page_id=13800, browser=Firefox
Testing: csp_id=634, page_id=13900, browser=Firefox
Testing: csp_id=634, page_id=14000, browser=Firefox
Testing: csp_id=634, page_id=14100, browser=Firefox
Testing: csp_id=634, page_id=14200, browser=Firefox
Testing: csp_id=634, page_id=14300, browser=Firefox
Testing: csp_id=634, page_id=14400, browser=Firefox
Testing: csp_id=634, page_id=14500, browser=Firefox
Testing: csp_id=634, page_id=14600, browser=Firefox
Testing: csp_id=634, page_id=14700, browser=Firefox
Testing: csp_id=634, page_id=14800, browser=Firefox
Testing: csp_id=634, page_id=14900, browser=Firefox
Testing: csp_id=634, page_id=15000, browser=Firefox
Testing: csp_id=634, page_id=15100, browser=Firefox
Testing: csp_id=634, page_id=15200, browser=Firefox
Testing: csp_id=634, page_id=15300, browser=Firefox
Testing: csp_id=634, page_id=15400, browser=Firefox
Testing: csp_id=634, page_id=15500, browser=Firefox
Testing: csp_id=634, page_id=15600, browser=Firefox
Testing: csp_id=634, page_id=15700, browser=Firefox
Testing: csp_id=634, page_id=15800, browser=Firefox
Testing: csp_id=634, page_id=15900, browser=Firefox
Testing: csp_id=634, page_id=16000, browser=Firefox
Testing: csp_id=634, page_id=16100, browser=Firefox
Testing: csp_id=634, page_id=16200, browser=Firefox
Testing: csp_id=634, page_id=16300, browser=Firefox
Testing: csp_id=634, page_id=16400, browser=Firefox
Testing: csp_id=634, page_id=16500, browser=Firefox
Testing: csp_id=634, page_id=16600, browser=Firefox
Testing: csp_id=634, page_id=16700, browser=Firefox
Testing: csp_id=634, page_id=16800, browser=Firefox
Testing: csp_id=634, page_id=16900, browser=Firefox
Testing: csp_id=634, page_id=17000, browser=Firefox
Testing: csp_id=634, page_id=17100, browser=Firefox
Testing: csp_id=634, page_id=17200, browser=Firefox
Testing: csp_id=634, page_id=17300, browser=Firefox
Testing: csp_id=634, page_id=17400, browser=Firefox
Testing: csp_id=634, page_id=17500, browser=Firefox
Testing: csp_id=634, page_id=17600, browser=Firefox
Testing: csp_id=634, page_id=17700, browser=Firefox
Testing: csp_id=634, page_id=17800, browser=Firefox
Testing: csp_id=634, page_id=17900, browser=Firefox
Testing: csp_id=634, page_id=18000, browser=Firefox
Testing: csp_id=634, page_id=18100, browser=Firefox
Testing: csp_id=634, page_id=18200, browser=Firefox
Testing: csp_id=634, page_id=18300, browser=Firefox
Testing: csp_id=634, page_id=18400, browser=Firefox
Testing: csp_id=634, page_id=18500, browser=Firefox
Testing: csp_id=634, page_id=18600, browser=Firefox
Testing: csp_id=634, page_id=18700, browser=Firefox
Testing: csp_id=634, page_id=18800, browser=Firefox
Testing: csp_id=634, page_id=18900, browser=Firefox
Testing: csp_id=634, page_id=19000, browser=Firefox
Testing: csp_id=634, page_id=19100, browser=Firefox
Testing: csp_id=634, page_id=19200, browser=Firefox
Testing: csp_id=634, page_id=19300, browser=Firefox
Testing: csp_id=634, page_id=19400, browser=Firefox
Testing: csp_id=634, page_id=19500, browser=Firefox
Testing: csp_id=634, page_id=19600, browser=Firefox
Testing: csp_id=634, page_id=19700, browser=Firefox
Testing: csp_id=634, page_id=19800, browser=Firefox
Testing: csp_id=634, page_id=19900, browser=Firefox
Testing: csp_id=634, page_id=20000, browser=Firefox
Testing: csp_id=634, page_id=20100, browser=Firefox
Testing: csp_id=634, page_id=20200, browser=Firefox
Testing: csp_id=634, page_id=20300, browser=Firefox
Testing: csp_id=634, page_id=20400, browser=Firefox
Testing: csp_id=634, page_id=20500, browser=Firefox
Testing: csp_id=634, page_id=20600, browser=Firefox
Testing: csp_id=634, page_id=20700, browser=Firefox
Testing: csp_id=634, page_id=20800, browser=Firefox
Testing: csp_id=634, page_id=20900, browser=Firefox
Testing: csp_id=634, page_id=21000, browser=Firefox
Testing: csp_id=634, page_id=21100, browser=Firefox
Testing: csp_id=634, page_id=21200, browser=Firefox
Testing: csp_id=634, page_id=21300, browser=Firefox
Testing: csp_id=634, page_id=21400, browser=Firefox
Testing: csp_id=634, page_id=21500, browser=Firefox
Testing: csp_id=634, page_id=21600, browser=Firefox
Testing: csp_id=634, page_id=21700, browser=Firefox
Testing: csp_id=634, page_id=21800, browser=Firefox
Testing: csp_id=634, page_id=21900, browser=Firefox
Testing: csp_id=634, page_id=22000, browser=Firefox
Testing: csp_id=634, page_id=22100, browser=Firefox
Testing: csp_id=634, page_id=22200, browser=Firefox
Testing: csp_id=634, page_id=22300, browser=Firefox
Testing: csp_id=634, page_id=22400, browser=Firefox
Testing: csp_id=634, page_id=22500, browser=Firefox
Testing: csp_id=634, page_id=22600, browser=Firefox
Testing: csp_id=634, page_id=22700, browser=Firefox
Testing: csp_id=634, page_id=22800, browser=Firefox
Testing: csp_id=634, page_id=22900, browser=Firefox
Testing: csp_id=634, page_id=23000, browser=Firefox
Testing: csp_id=634, page_id=23100, browser=Firefox
Testing: csp_id=634, page_id=23200, browser=Firefox
Testing: csp_id=634, page_id=23300, browser=Firefox
Testing: csp_id=634, page_id=23400, browser=Firefox
Testing: csp_id=634, page_id=23500, browser=Firefox
Testing: csp_id=634, page_id=23600, browser=Firefox
Testing: csp_id=634, page_id=23700, browser=Firefox
Testing: csp_id=634, page_id=23800, browser=Firefox
Testing: csp_id=634, page_id=23900, browser=Firefox
Testing: csp_id=634, page_id=24000, browser=Firefox
Testing: csp_id=634, page_id=24100, browser=Firefox
Testing: csp_id=634, page_id=24200, browser=Firefox
Testing: csp_id=634, page_id=24300, browser=Firefox
Testing: csp_id=634, page_id=24400, browser=Firefox
Testing: csp_id=634, page_id=24500, browser=Firefox
Testing: csp_id=634, page_id=24600, browser=Firefox
Testing: csp_id=634, page_id=24700, browser=Firefox
Testing: csp_id=634, page_id=24800, browser=Firefox
Testing: csp_id=634, page_id=24900, browser=Firefox
Testing: csp_id=634, page_id=25000, browser=Firefox
Testing: csp_id=634, page_id=25100, browser=Firefox
Testing: csp_id=634, page_id=25200, browser=Firefox
Testing: csp_id=634, page_id=25300, browser=Firefox
Testing: csp_id=634, page_id=25400, browser=Firefox
Testing: csp_id=634, page_id=25500, browser=Firefox
Testing: csp_id=634, page_id=25600, browser=Firefox
Testing: csp_id=634, page_id=25700, browser=Firefox
Testing: csp_id=634, page_id=25800, browser=Firefox
Testing: csp_id=634, page_id=25900, browser=Firefox
Testing: csp_id=634, page_id=26000, browser=Firefox
Testing: csp_id=634, page_id=26100, browser=Firefox
Testing: csp_id=634, page_id=26200, browser=Firefox
Testing: csp_id=634, page_id=26300, browser=Firefox
Testing: csp_id=634, page_id=26400, browser=Firefox
Testing: csp_id=634, page_id=26500, browser=Firefox
Testing: csp_id=634, page_id=26600, browser=Firefox
Testing: csp_id=634, page_id=26700, browser=Firefox
Testing: csp_id=634, page_id=26800, browser=Firefox
Testing: csp_id=634, page_id=26900, browser=Firefox
Testing: csp_id=634, page_id=27000, browser=Firefox
Testing: csp_id=634, page_id=27100, browser=Firefox
Testing: csp_id=634, page_id=27200, browser=Firefox
Testing: csp_id=634, page_id=27300, browser=Firefox
Testing: csp_id=634, page_id=27400, browser=Firefox
Testing: csp_id=634, page_id=27500, browser=Firefox
Testing: csp_id=634, page_id=27600, browser=Firefox
Testing: csp_id=634, page_id=27700, browser=Firefox
Testing: csp_id=634, page_id=27800, browser=Firefox
Testing: csp_id=634, page_id=27900, browser=Firefox
Testing: csp_id=634, page_id=28000, browser=Firefox
Testing: csp_id=634, page_id=28100, browser=Firefox
Testing: csp_id=634, page_id=28200, browser=Firefox
Testing: csp_id=634, page_id=28300, browser=Firefox
Testing: csp_id=634, page_id=28400, browser=Firefox
Testing: csp_id=634, page_id=28500, browser=Firefox
Testing: csp_id=634, page_id=28600, browser=Firefox
Testing: csp_id=634, page_id=28700, browser=Firefox
Testing: csp_id=634, page_id=28800, browser=Firefox
Testing: csp_id=634, page_id=28900, browser=Firefox
Testing: csp_id=634, page_id=29000, browser=Firefox
Testing: csp_id=634, page_id=29100, browser=Firefox
Testing: csp_id=634, page_id=29200, browser=Firefox
Testing: csp_id=634, page_id=29300, browser=Firefox
Testing: csp_id=634, page_id=29400, browser=Firefox
Testing: csp_id=634, page_id=29500, browser=Firefox
Testing: csp_id=634, page_id=29600, browser=Firefox
Testing: csp_id=634, page_id=29700, browser=Firefox
Testing: csp_id=634, page_id=29800, browser=Firefox
🏊 create_context_pools[first] (5x16): 17.377s
Testing: csp_id=646, page_id=0, browser=Firefox
Testing: csp_id=646, page_id=100, browser=Firefox
Testing: csp_id=646, page_id=200, browser=Firefox
Testing: csp_id=646, page_id=300, browser=Firefox
Testing: csp_id=646, page_id=400, browser=Firefox
Testing: csp_id=646, page_id=500, browser=Firefox
Testing: csp_id=646, page_id=600, browser=Firefox
Testing: csp_id=646, page_id=700, browser=Firefox
Testing: csp_id=646, page_id=800, browser=Firefox
Testing: csp_id=646, page_id=900, browser=Firefox
Testing: csp_id=646, page_id=1000, browser=Firefox
Testing: csp_id=646, page_id=1100, browser=Firefox
Testing: csp_id=646, page_id=1200, browser=Firefox
Testing: csp_id=646, page_id=1300, browser=Firefox
Testing: csp_id=646, page_id=1400, browser=Firefox
Testing: csp_id=646, page_id=1500, browser=Firefox
Testing: csp_id=646, page_id=1600, browser=Firefox
Testing: csp_id=646, page_id=1700, browser=Firefox
Testing: csp_id=646, page_id=1800, browser=Firefox
Testing: csp_id=646, page_id=1900, browser=Firefox
Testing: csp_id=646, page_id=2000, browser=Firefox
Testing: csp_id=646, page_id=2100, browser=Firefox
Testing: csp_id=646, page_id=2200, browser=Firefox
Testing: csp_id=646, page_id=2300, browser=Firefox
Testing: csp_id=646, page_id=2400, browser=Firefox
Testing: csp_id=646, page_id=2500, browser=Firefox
Testing: csp_id=646, page_id=2600, browser=Firefox
Testing: csp_id=646, page_id=2700, browser=Firefox
Testing: csp_id=646, page_id=2800, browser=Firefox
Testing: csp_id=646, page_id=2900, browser=Firefox
Testing: csp_id=646, page_id=3000, browser=Firefox
Testing: csp_id=646, page_id=3100, browser=Firefox
Testing: csp_id=646, page_id=3200, browser=Firefox
Testing: csp_id=646, page_id=3300, browser=Firefox
Testing: csp_id=646, page_id=3400, browser=Firefox
Testing: csp_id=646, page_id=3500, browser=Firefox
Testing: csp_id=646, page_id=3600, browser=Firefox
Testing: csp_id=646, page_id=3700, browser=Firefox
Testing: csp_id=646, page_id=3800, browser=Firefox
Testing: csp_id=646, page_id=3900, browser=Firefox
Testing: csp_id=646, page_id=4000, browser=Firefox
Testing: csp_id=646, page_id=4100, browser=Firefox
Testing: csp_id=646, page_id=4200, browser=Firefox
Testing: csp_id=646, page_id=4300, browser=Firefox
Testing: csp_id=646, page_id=4400, browser=Firefox
Testing: csp_id=646, page_id=4500, browser=Firefox
Testing: csp_id=646, page_id=4600, browser=Firefox
Testing: csp_id=646, page_id=4700, browser=Firefox
Testing: csp_id=646, page_id=4800, browser=Firefox
Testing: csp_id=646, page_id=4900, browser=Firefox
Testing: csp_id=646, page_id=5000, browser=Firefox
Testing: csp_id=646, page_id=5100, browser=Firefox
Testing: csp_id=646, page_id=5200, browser=Firefox
Testing: csp_id=646, page_id=5300, browser=Firefox
Testing: csp_id=646, page_id=5400, browser=Firefox
Testing: csp_id=646, page_id=5500, browser=Firefox
Testing: csp_id=646, page_id=5600, browser=Firefox
Testing: csp_id=646, page_id=5700, browser=Firefox
Testing: csp_id=646, page_id=5800, browser=Firefox
Testing: csp_id=646, page_id=5900, browser=Firefox
Testing: csp_id=646, page_id=6000, browser=Firefox
Testing: csp_id=646, page_id=6100, browser=Firefox
Testing: csp_id=646, page_id=6200, browser=Firefox
Testing: csp_id=646, page_id=6300, browser=Firefox
Testing: csp_id=646, page_id=6400, browser=Firefox
Testing: csp_id=646, page_id=6500, browser=Firefox
Testing: csp_id=646, page_id=6600, browser=Firefox
Testing: csp_id=646, page_id=6700, browser=Firefox
Testing: csp_id=646, page_id=6800, browser=Firefox
Testing: csp_id=646, page_id=6900, browser=Firefox
Testing: csp_id=646, page_id=7000, browser=Firefox
Testing: csp_id=646, page_id=7100, browser=Firefox
Testing: csp_id=646, page_id=7200, browser=Firefox
Testing: csp_id=646, page_id=7300, browser=Firefox
Testing: csp_id=646, page_id=7400, browser=Firefox
Testing: csp_id=646, page_id=7500, browser=Firefox
Testing: csp_id=646, page_id=7600, browser=Firefox
Testing: csp_id=646, page_id=7700, browser=Firefox
Testing: csp_id=646, page_id=7800, browser=Firefox
Testing: csp_id=646, page_id=7900, browser=Firefox
Testing: csp_id=646, page_id=8000, browser=Firefox
Testing: csp_id=646, page_id=8100, browser=Firefox
Testing: csp_id=646, page_id=8200, browser=Firefox
Testing: csp_id=646, page_id=8300, browser=Firefox
Testing: csp_id=646, page_id=8400, browser=Firefox
Testing: csp_id=646, page_id=8500, browser=Firefox
Testing: csp_id=646, page_id=8600, browser=Firefox
Testing: csp_id=646, page_id=8700, browser=Firefox
Testing: csp_id=646, page_id=8800, browser=Firefox
Testing: csp_id=646, page_id=8900, browser=Firefox
Testing: csp_id=646, page_id=9000, browser=Firefox
Testing: csp_id=646, page_id=9100, browser=Firefox
Testing: csp_id=646, page_id=9200, browser=Firefox
Testing: csp_id=646, page_id=9300, browser=Firefox
Testing: csp_id=646, page_id=9400, browser=Firefox
Testing: csp_id=646, page_id=9500, browser=Firefox
Testing: csp_id=646, page_id=9600, browser=Firefox
Testing: csp_id=646, page_id=9700, browser=Firefox
Testing: csp_id=646, page_id=9800, browser=Firefox
Testing: csp_id=646, page_id=9900, browser=Firefox
Testing: csp_id=646, page_id=10000, browser=Firefox
Testing: csp_id=646, page_id=10100, browser=Firefox
Testing: csp_id=646, page_id=10200, browser=Firefox
Testing: csp_id=646, page_id=10300, browser=Firefox
Testing: csp_id=646, page_id=10400, browser=Firefox
Testing: csp_id=646, page_id=10500, browser=Firefox
Testing: csp_id=646, page_id=10600, browser=Firefox
Testing: csp_id=646, page_id=10700, browser=Firefox
Testing: csp_id=646, page_id=10800, browser=Firefox
Testing: csp_id=646, page_id=10900, browser=Firefox
Testing: csp_id=646, page_id=11000, browser=Firefox
Testing: csp_id=646, page_id=11100, browser=Firefox
Testing: csp_id=646, page_id=11200, browser=Firefox
Testing: csp_id=646, page_id=11300, browser=Firefox
Testing: csp_id=646, page_id=11400, browser=Firefox
Testing: csp_id=646, page_id=11500, browser=Firefox
Testing: csp_id=646, page_id=11600, browser=Firefox
Testing: csp_id=646, page_id=11700, browser=Firefox
Testing: csp_id=646, page_id=11800, browser=Firefox
Testing: csp_id=646, page_id=11900, browser=Firefox
Testing: csp_id=646, page_id=12000, browser=Firefox
Testing: csp_id=646, page_id=12100, browser=Firefox
Testing: csp_id=646, page_id=12200, browser=Firefox
Testing: csp_id=646, page_id=12300, browser=Firefox
Testing: csp_id=646, page_id=12400, browser=Firefox
Testing: csp_id=646, page_id=12500, browser=Firefox
Testing: csp_id=646, page_id=12600, browser=Firefox
Testing: csp_id=646, page_id=12700, browser=Firefox
Testing: csp_id=646, page_id=12800, browser=Firefox
Testing: csp_id=646, page_id=12900, browser=Firefox
Testing: csp_id=646, page_id=13000, browser=Firefox
Testing: csp_id=646, page_id=13100, browser=Firefox
Testing: csp_id=646, page_id=13200, browser=Firefox
Testing: csp_id=646, page_id=13300, browser=Firefox
Testing: csp_id=646, page_id=13400, browser=Firefox
Testing: csp_id=646, page_id=13500, browser=Firefox
Testing: csp_id=646, page_id=13600, browser=Firefox
Testing: csp_id=646, page_id=13700, browser=Firefox
Testing: csp_id=646, page_id=13800, browser=Firefox
Testing: csp_id=646, page_id=13900, browser=Firefox
Testing: csp_id=646, page_id=14000, browser=Firefox
Testing: csp_id=646, page_id=14100, browser=Firefox
Testing: csp_id=646, page_id=14200, browser=Firefox
Testing: csp_id=646, page_id=14300, browser=Firefox
Testing: csp_id=646, page_id=14400, browser=Firefox
Testing: csp_id=646, page_id=14500, browser=Firefox
Testing: csp_id=646, page_id=14600, browser=Firefox
Testing: csp_id=646, page_id=14700, browser=Firefox
Testing: csp_id=646, page_id=14800, browser=Firefox
Testing: csp_id=646, page_id=14900, browser=Firefox
Testing: csp_id=646, page_id=15000, browser=Firefox
Testing: csp_id=646, page_id=15100, browser=Firefox
Testing: csp_id=646, page_id=15200, browser=Firefox
Testing: csp_id=646, page_id=15300, browser=Firefox
Testing: csp_id=646, page_id=15400, browser=Firefox
Testing: csp_id=646, page_id=15500, browser=Firefox
Testing: csp_id=646, page_id=15600, browser=Firefox
Testing: csp_id=646, page_id=15700, browser=Firefox
Testing: csp_id=646, page_id=15800, browser=Firefox
Testing: csp_id=646, page_id=15900, browser=Firefox
Testing: csp_id=646, page_id=16000, browser=Firefox
Testing: csp_id=646, page_id=16100, browser=Firefox
Testing: csp_id=646, page_id=16200, browser=Firefox
Testing: csp_id=646, page_id=16300, browser=Firefox
Testing: csp_id=646, page_id=16400, browser=Firefox
Testing: csp_id=646, page_id=16500, browser=Firefox
Testing: csp_id=646, page_id=16600, browser=Firefox
Testing: csp_id=646, page_id=16700, browser=Firefox
Testing: csp_id=646, page_id=16800, browser=Firefox
Testing: csp_id=646, page_id=16900, browser=Firefox
Testing: csp_id=646, page_id=17000, browser=Firefox
Testing: csp_id=646, page_id=17100, browser=Firefox
Testing: csp_id=646, page_id=17200, browser=Firefox
Testing: csp_id=646, page_id=17300, browser=Firefox
Testing: csp_id=646, page_id=17400, browser=Firefox
Testing: csp_id=646, page_id=17500, browser=Firefox
Testing: csp_id=646, page_id=17600, browser=Firefox
Testing: csp_id=646, page_id=17700, browser=Firefox
Testing: csp_id=646, page_id=17800, browser=Firefox
Testing: csp_id=646, page_id=17900, browser=Firefox
Testing: csp_id=646, page_id=18000, browser=Firefox
Testing: csp_id=646, page_id=18100, browser=Firefox
Testing: csp_id=646, page_id=18200, browser=Firefox
Testing: csp_id=646, page_id=18300, browser=Firefox
Testing: csp_id=646, page_id=18400, browser=Firefox
Testing: csp_id=646, page_id=18500, browser=Firefox
Testing: csp_id=646, page_id=18600, browser=Firefox
Testing: csp_id=646, page_id=18700, browser=Firefox
Testing: csp_id=646, page_id=18800, browser=Firefox
Testing: csp_id=646, page_id=18900, browser=Firefox
Testing: csp_id=646, page_id=19000, browser=Firefox
Testing: csp_id=646, page_id=19100, browser=Firefox
Testing: csp_id=646, page_id=19200, browser=Firefox
Testing: csp_id=646, page_id=19300, browser=Firefox
Testing: csp_id=646, page_id=19400, browser=Firefox
Testing: csp_id=646, page_id=19500, browser=Firefox
Testing: csp_id=646, page_id=19600, browser=Firefox
Testing: csp_id=646, page_id=19700, browser=Firefox
Testing: csp_id=646, page_id=19800, browser=Firefox
Testing: csp_id=646, page_id=19900, browser=Firefox
Testing: csp_id=646, page_id=20000, browser=Firefox
Testing: csp_id=646, page_id=20100, browser=Firefox
Testing: csp_id=646, page_id=20200, browser=Firefox
Testing: csp_id=646, page_id=20300, browser=Firefox
Testing: csp_id=646, page_id=20400, browser=Firefox
Testing: csp_id=646, page_id=20500, browser=Firefox
Testing: csp_id=646, page_id=20600, browser=Firefox
Testing: csp_id=646, page_id=20700, browser=Firefox
Testing: csp_id=646, page_id=20800, browser=Firefox
Testing: csp_id=646, page_id=20900, browser=Firefox
Testing: csp_id=646, page_id=21000, browser=Firefox
Testing: csp_id=646, page_id=21100, browser=Firefox
Testing: csp_id=646, page_id=21200, browser=Firefox
Testing: csp_id=646, page_id=21300, browser=Firefox
Testing: csp_id=646, page_id=21400, browser=Firefox
Testing: csp_id=646, page_id=21500, browser=Firefox
Testing: csp_id=646, page_id=21600, browser=Firefox
Testing: csp_id=646, page_id=21700, browser=Firefox
Testing: csp_id=646, page_id=21800, browser=Firefox
Testing: csp_id=646, page_id=21900, browser=Firefox
Testing: csp_id=646, page_id=22000, browser=Firefox
Testing: csp_id=646, page_id=22100, browser=Firefox
Testing: csp_id=646, page_id=22200, browser=Firefox
Testing: csp_id=646, page_id=22300, browser=Firefox
Testing: csp_id=646, page_id=22400, browser=Firefox
Testing: csp_id=646, page_id=22500, browser=Firefox
Testing: csp_id=646, page_id=22600, browser=Firefox
Testing: csp_id=646, page_id=22700, browser=Firefox
Testing: csp_id=646, page_id=22800, browser=Firefox
Testing: csp_id=646, page_id=22900, browser=Firefox
Testing: csp_id=646, page_id=23000, browser=Firefox
Testing: csp_id=646, page_id=23100, browser=Firefox
Testing: csp_id=646, page_id=23200, browser=Firefox
Testing: csp_id=646, page_id=23300, browser=Firefox
Testing: csp_id=646, page_id=23400, browser=Firefox
Testing: csp_id=646, page_id=23500, browser=Firefox
Testing: csp_id=646, page_id=23600, browser=Firefox
Testing: csp_id=646, page_id=23700, browser=Firefox
Testing: csp_id=646, page_id=23800, browser=Firefox
Testing: csp_id=646, page_id=23900, browser=Firefox
Testing: csp_id=646, page_id=24000, browser=Firefox
Testing: csp_id=646, page_id=24100, browser=Firefox
Testing: csp_id=646, page_id=24200, browser=Firefox
Testing: csp_id=646, page_id=24300, browser=Firefox
Testing: csp_id=646, page_id=24400, browser=Firefox
Testing: csp_id=646, page_id=24500, browser=Firefox
Testing: csp_id=646, page_id=24600, browser=Firefox
Testing: csp_id=646, page_id=24700, browser=Firefox
Testing: csp_id=646, page_id=24800, browser=Firefox
Testing: csp_id=646, page_id=24900, browser=Firefox
Testing: csp_id=646, page_id=25000, browser=Firefox
Testing: csp_id=646, page_id=25100, browser=Firefox
Testing: csp_id=646, page_id=25200, browser=Firefox
Testing: csp_id=646, page_id=25300, browser=Firefox
Testing: csp_id=646, page_id=25400, browser=Firefox
Testing: csp_id=646, page_id=25500, browser=Firefox
Testing: csp_id=646, page_id=25600, browser=Firefox
Testing: csp_id=646, page_id=25700, browser=Firefox
Testing: csp_id=646, page_id=25800, browser=Firefox
Testing: csp_id=646, page_id=25900, browser=Firefox
Testing: csp_id=646, page_id=26000, browser=Firefox
Testing: csp_id=646, page_id=26100, browser=Firefox
Testing: csp_id=646, page_id=26200, browser=Firefox
Testing: csp_id=646, page_id=26300, browser=Firefox
Testing: csp_id=646, page_id=26400, browser=Firefox
Testing: csp_id=646, page_id=26500, browser=Firefox
Testing: csp_id=646, page_id=26600, browser=Firefox
Testing: csp_id=646, page_id=26700, browser=Firefox
Testing: csp_id=646, page_id=26800, browser=Firefox
Testing: csp_id=646, page_id=26900, browser=Firefox
Testing: csp_id=646, page_id=27000, browser=Firefox
Testing: csp_id=646, page_id=27100, browser=Firefox
Testing: csp_id=646, page_id=27200, browser=Firefox
Testing: csp_id=646, page_id=27300, browser=Firefox
Testing: csp_id=646, page_id=27400, browser=Firefox
Testing: csp_id=646, page_id=27500, browser=Firefox
Testing: csp_id=646, page_id=27600, browser=Firefox
Testing: csp_id=646, page_id=27700, browser=Firefox
Testing: csp_id=646, page_id=27800, browser=Firefox
Testing: csp_id=646, page_id=27900, browser=Firefox
Testing: csp_id=646, page_id=28000, browser=Firefox
Testing: csp_id=646, page_id=28100, browser=Firefox
Testing: csp_id=646, page_id=28200, browser=Firefox
Testing: csp_id=646, page_id=28300, browser=Firefox
Testing: csp_id=646, page_id=28400, browser=Firefox
Testing: csp_id=646, page_id=28500, browser=Firefox
Testing: csp_id=646, page_id=28600, browser=Firefox
Testing: csp_id=646, page_id=28700, browser=Firefox
Testing: csp_id=646, page_id=28800, browser=Firefox
Testing: csp_id=646, page_id=28900, browser=Firefox
Testing: csp_id=646, page_id=29000, browser=Firefox
Testing: csp_id=646, page_id=29100, browser=Firefox
Testing: csp_id=646, page_id=29200, browser=Firefox
Testing: csp_id=646, page_id=29300, browser=Firefox
Testing: csp_id=646, page_id=29400, browser=Firefox
Testing: csp_id=646, page_id=29500, browser=Firefox
Testing: csp_id=646, page_id=29600, browser=Firefox
Testing: csp_id=646, page_id=29700, browser=Firefox
Testing: csp_id=646, page_id=29800, browser=Firefox
🏊 create_context_pools[first] (5x16): 17.654s
Testing: csp_id=659, page_id=0, browser=Firefox
Testing: csp_id=659, page_id=100, browser=Firefox
Testing: csp_id=659, page_id=200, browser=Firefox
Testing: csp_id=659, page_id=300, browser=Firefox
Testing: csp_id=659, page_id=400, browser=Firefox
Testing: csp_id=659, page_id=500, browser=Firefox
Testing: csp_id=659, page_id=600, browser=Firefox
Testing: csp_id=659, page_id=700, browser=Firefox
Testing: csp_id=659, page_id=800, browser=Firefox
Testing: csp_id=659, page_id=900, browser=Firefox
Testing: csp_id=659, page_id=1000, browser=Firefox
Testing: csp_id=659, page_id=1100, browser=Firefox
Testing: csp_id=659, page_id=1200, browser=Firefox
Testing: csp_id=659, page_id=1300, browser=Firefox
Testing: csp_id=659, page_id=1400, browser=Firefox
Testing: csp_id=659, page_id=1500, browser=Firefox
Testing: csp_id=659, page_id=1600, browser=Firefox
Testing: csp_id=659, page_id=1700, browser=Firefox
Testing: csp_id=659, page_id=1800, browser=Firefox
Testing: csp_id=659, page_id=1900, browser=Firefox
Testing: csp_id=659, page_id=2000, browser=Firefox
Testing: csp_id=659, page_id=2100, browser=Firefox
Testing: csp_id=659, page_id=2200, browser=Firefox
Testing: csp_id=659, page_id=2300, browser=Firefox
Testing: csp_id=659, page_id=2400, browser=Firefox
Testing: csp_id=659, page_id=2500, browser=Firefox
Testing: csp_id=659, page_id=2600, browser=Firefox
Testing: csp_id=659, page_id=2700, browser=Firefox
Testing: csp_id=659, page_id=2800, browser=Firefox
Testing: csp_id=659, page_id=2900, browser=Firefox
Testing: csp_id=659, page_id=3000, browser=Firefox
Testing: csp_id=659, page_id=3100, browser=Firefox
Testing: csp_id=659, page_id=3200, browser=Firefox
Testing: csp_id=659, page_id=3300, browser=Firefox
Testing: csp_id=659, page_id=3400, browser=Firefox
Testing: csp_id=659, page_id=3500, browser=Firefox
Testing: csp_id=659, page_id=3600, browser=Firefox
Testing: csp_id=659, page_id=3700, browser=Firefox
Testing: csp_id=659, page_id=3800, browser=Firefox
Testing: csp_id=659, page_id=3900, browser=Firefox
Testing: csp_id=659, page_id=4000, browser=Firefox
Testing: csp_id=659, page_id=4100, browser=Firefox
Testing: csp_id=659, page_id=4200, browser=Firefox
Testing: csp_id=659, page_id=4300, browser=Firefox
Testing: csp_id=659, page_id=4400, browser=Firefox
Testing: csp_id=659, page_id=4500, browser=Firefox
Testing: csp_id=659, page_id=4600, browser=Firefox
Testing: csp_id=659, page_id=4700, browser=Firefox
Testing: csp_id=659, page_id=4800, browser=Firefox
Testing: csp_id=659, page_id=4900, browser=Firefox
Testing: csp_id=659, page_id=5000, browser=Firefox
Testing: csp_id=659, page_id=5100, browser=Firefox
Testing: csp_id=659, page_id=5200, browser=Firefox
Testing: csp_id=659, page_id=5300, browser=Firefox
Testing: csp_id=659, page_id=5400, browser=Firefox
Testing: csp_id=659, page_id=5500, browser=Firefox
Testing: csp_id=659, page_id=5600, browser=Firefox
Testing: csp_id=659, page_id=5700, browser=Firefox
Testing: csp_id=659, page_id=5800, browser=Firefox
Testing: csp_id=659, page_id=5900, browser=Firefox
Testing: csp_id=659, page_id=6000, browser=Firefox
Testing: csp_id=659, page_id=6100, browser=Firefox
Testing: csp_id=659, page_id=6200, browser=Firefox
Testing: csp_id=659, page_id=6300, browser=Firefox
Testing: csp_id=659, page_id=6400, browser=Firefox
Testing: csp_id=659, page_id=6500, browser=Firefox
Testing: csp_id=659, page_id=6600, browser=Firefox
Testing: csp_id=659, page_id=6700, browser=Firefox
Testing: csp_id=659, page_id=6800, browser=Firefox
Testing: csp_id=659, page_id=6900, browser=Firefox
Testing: csp_id=659, page_id=7000, browser=Firefox
Testing: csp_id=659, page_id=7100, browser=Firefox
Testing: csp_id=659, page_id=7200, browser=Firefox
Testing: csp_id=659, page_id=7300, browser=Firefox
Testing: csp_id=659, page_id=7400, browser=Firefox
Testing: csp_id=659, page_id=7500, browser=Firefox
Testing: csp_id=659, page_id=7600, browser=Firefox
Testing: csp_id=659, page_id=7700, browser=Firefox
Testing: csp_id=659, page_id=7800, browser=Firefox
Testing: csp_id=659, page_id=7900, browser=Firefox
Testing: csp_id=659, page_id=8000, browser=Firefox
Testing: csp_id=659, page_id=8100, browser=Firefox
Testing: csp_id=659, page_id=8200, browser=Firefox
Testing: csp_id=659, page_id=8300, browser=Firefox
Testing: csp_id=659, page_id=8400, browser=Firefox
Testing: csp_id=659, page_id=8500, browser=Firefox
Testing: csp_id=659, page_id=8600, browser=Firefox
Testing: csp_id=659, page_id=8700, browser=Firefox
Testing: csp_id=659, page_id=8800, browser=Firefox
Testing: csp_id=659, page_id=8900, browser=Firefox
Testing: csp_id=659, page_id=9000, browser=Firefox
Testing: csp_id=659, page_id=9100, browser=Firefox
Testing: csp_id=659, page_id=9200, browser=Firefox
Testing: csp_id=659, page_id=9300, browser=Firefox
Testing: csp_id=659, page_id=9400, browser=Firefox
Testing: csp_id=659, page_id=9500, browser=Firefox
Testing: csp_id=659, page_id=9600, browser=Firefox
Testing: csp_id=659, page_id=9700, browser=Firefox
Testing: csp_id=659, page_id=9800, browser=Firefox
Testing: csp_id=659, page_id=9900, browser=Firefox
Testing: csp_id=659, page_id=10000, browser=Firefox
Testing: csp_id=659, page_id=10100, browser=Firefox
Testing: csp_id=659, page_id=10200, browser=Firefox
Testing: csp_id=659, page_id=10300, browser=Firefox
Testing: csp_id=659, page_id=10400, browser=Firefox
Testing: csp_id=659, page_id=10500, browser=Firefox
Testing: csp_id=659, page_id=10600, browser=Firefox
Testing: csp_id=659, page_id=10700, browser=Firefox
Testing: csp_id=659, page_id=10800, browser=Firefox
Testing: csp_id=659, page_id=10900, browser=Firefox
Testing: csp_id=659, page_id=11000, browser=Firefox
Testing: csp_id=659, page_id=11100, browser=Firefox
Testing: csp_id=659, page_id=11200, browser=Firefox
Testing: csp_id=659, page_id=11300, browser=Firefox
Testing: csp_id=659, page_id=11400, browser=Firefox
Testing: csp_id=659, page_id=11500, browser=Firefox
Testing: csp_id=659, page_id=11600, browser=Firefox
Testing: csp_id=659, page_id=11700, browser=Firefox
Testing: csp_id=659, page_id=11800, browser=Firefox
Testing: csp_id=659, page_id=11900, browser=Firefox
Testing: csp_id=659, page_id=12000, browser=Firefox
Testing: csp_id=659, page_id=12100, browser=Firefox
Testing: csp_id=659, page_id=12200, browser=Firefox
Testing: csp_id=659, page_id=12300, browser=Firefox
Testing: csp_id=659, page_id=12400, browser=Firefox
Testing: csp_id=659, page_id=12500, browser=Firefox
Testing: csp_id=659, page_id=12600, browser=Firefox
Testing: csp_id=659, page_id=12700, browser=Firefox
Testing: csp_id=659, page_id=12800, browser=Firefox
Testing: csp_id=659, page_id=12900, browser=Firefox
Testing: csp_id=659, page_id=13000, browser=Firefox
Testing: csp_id=659, page_id=13100, browser=Firefox
Testing: csp_id=659, page_id=13200, browser=Firefox
Testing: csp_id=659, page_id=13300, browser=Firefox
Testing: csp_id=659, page_id=13400, browser=Firefox
Testing: csp_id=659, page_id=13500, browser=Firefox
Testing: csp_id=659, page_id=13600, browser=Firefox
Testing: csp_id=659, page_id=13700, browser=Firefox
Testing: csp_id=659, page_id=13800, browser=Firefox
Testing: csp_id=659, page_id=13900, browser=Firefox
Testing: csp_id=659, page_id=14000, browser=Firefox
Testing: csp_id=659, page_id=14100, browser=Firefox
Testing: csp_id=659, page_id=14200, browser=Firefox
Testing: csp_id=659, page_id=14300, browser=Firefox
Testing: csp_id=659, page_id=14400, browser=Firefox
Testing: csp_id=659, page_id=14500, browser=Firefox
Testing: csp_id=659, page_id=14600, browser=Firefox
Testing: csp_id=659, page_id=14700, browser=Firefox
Testing: csp_id=659, page_id=14800, browser=Firefox
Testing: csp_id=659, page_id=14900, browser=Firefox
Testing: csp_id=659, page_id=15000, browser=Firefox
Testing: csp_id=659, page_id=15100, browser=Firefox
Testing: csp_id=659, page_id=15200, browser=Firefox
Testing: csp_id=659, page_id=15300, browser=Firefox
Testing: csp_id=659, page_id=15400, browser=Firefox
Testing: csp_id=659, page_id=15500, browser=Firefox
Testing: csp_id=659, page_id=15600, browser=Firefox
Testing: csp_id=659, page_id=15700, browser=Firefox
Testing: csp_id=659, page_id=15800, browser=Firefox
Testing: csp_id=659, page_id=15900, browser=Firefox
Testing: csp_id=659, page_id=16000, browser=Firefox
Testing: csp_id=659, page_id=16100, browser=Firefox
Testing: csp_id=659, page_id=16200, browser=Firefox
Testing: csp_id=659, page_id=16300, browser=Firefox
Testing: csp_id=659, page_id=16400, browser=Firefox
Testing: csp_id=659, page_id=16500, browser=Firefox
Testing: csp_id=659, page_id=16600, browser=Firefox
Testing: csp_id=659, page_id=16700, browser=Firefox
Testing: csp_id=659, page_id=16800, browser=Firefox
Testing: csp_id=659, page_id=16900, browser=Firefox
Testing: csp_id=659, page_id=17000, browser=Firefox
Testing: csp_id=659, page_id=17100, browser=Firefox
Testing: csp_id=659, page_id=17200, browser=Firefox
Testing: csp_id=659, page_id=17300, browser=Firefox
Testing: csp_id=659, page_id=17400, browser=Firefox
Testing: csp_id=659, page_id=17500, browser=Firefox
Testing: csp_id=659, page_id=17600, browser=Firefox
Testing: csp_id=659, page_id=17700, browser=Firefox
Testing: csp_id=659, page_id=17800, browser=Firefox
Testing: csp_id=659, page_id=17900, browser=Firefox
Testing: csp_id=659, page_id=18000, browser=Firefox
Testing: csp_id=659, page_id=18100, browser=Firefox
Testing: csp_id=659, page_id=18200, browser=Firefox
Testing: csp_id=659, page_id=18300, browser=Firefox
Testing: csp_id=659, page_id=18400, browser=Firefox
Testing: csp_id=659, page_id=18500, browser=Firefox
Testing: csp_id=659, page_id=18600, browser=Firefox
Testing: csp_id=659, page_id=18700, browser=Firefox
Testing: csp_id=659, page_id=18800, browser=Firefox
Testing: csp_id=659, page_id=18900, browser=Firefox
Testing: csp_id=659, page_id=19000, browser=Firefox
Testing: csp_id=659, page_id=19100, browser=Firefox
Testing: csp_id=659, page_id=19200, browser=Firefox
Testing: csp_id=659, page_id=19300, browser=Firefox
Testing: csp_id=659, page_id=19400, browser=Firefox
Testing: csp_id=659, page_id=19500, browser=Firefox
Testing: csp_id=659, page_id=19600, browser=Firefox
[ERROR] page_id=19664 csp_id=659, Page.goto: Connection closed while reading from the driver
[ERROR] page_id=19665 csp_id=659, Page.goto: Connection closed while reading from the driver
[ERROR] page_id=19666 csp_id=659, Page.goto: Connection closed while reading from the driver
[ERROR] page_id=19667 csp_id=659, Page.goto: Connection closed while reading from the driver
[ERROR] page_id=19668 csp_id=659, Page.goto: Connection closed while reading from the driver
[ERROR] page_id=19669 csp_id=659, Page.goto: Connection closed while reading from the driver
[ERROR] page_id=19670 csp_id=659, Page.goto: Connection closed while reading from the driver
[ERROR] page_id=19671 csp_id=659, Page.goto: Connection closed while reading from the driver
[ERROR] page_id=19672 csp_id=659, Page.goto: Connection closed while reading from the driver
[ERROR] page_id=19673 csp_id=659, Page.goto: Connection closed while reading from the driver
[ERROR] page_id=19674 csp_id=659, Page.goto: Connection closed while reading from the driver
[ERROR] page_id=19675 csp_id=659, Page.goto: Connection closed while reading from the driver
[ERROR] page_id=19676 csp_id=659, Page.goto: Connection closed while reading from the driver
[ERROR] page_id=19677 csp_id=659, Page.goto: Connection closed while reading from the driver
[ERROR] page_id=19678 csp_id=659, Page.goto: Connection closed while reading from the driver
[ERROR] page_id=19679 csp_id=659, Page.goto: Connection closed while reading from the driver
pipe closed by peer or os.write(pipe, data) raised exception.
pipe closed by peer or os.write(pipe, data) raised exception.
pipe closed by peer or os.write(pipe, data) raised exception.
pipe closed by peer or os.write(pipe, data) raised exception.
pipe closed by peer or os.write(pipe, data) raised exception.
pipe closed by peer or os.write(pipe, data) raised exception.
pipe closed by peer or os.write(pipe, data) raised exception.
pipe closed by peer or os.write(pipe, data) raised exception.
pipe closed by peer or os.write(pipe, data) raised exception.
pipe closed by peer or os.write(pipe, data) raised exception.
pipe closed by peer or os.write(pipe, data) raised exception.
[ERROR] page_id=19680 csp_id=659, Page.goto: Connection closed while reading from the driver
[ERROR] page_id=19681 csp_id=659, Page.goto: Connection closed while reading from the driver
[ERROR] page_id=19682 csp_id=659, Page.goto: Connection closed while reading from the driver
[ERROR] page_id=19683 csp_id=659, Page.goto: Connection closed while reading from the driver
[ERROR] page_id=19684 csp_id=659, Page.goto: Connection closed while reading from the driver
[ERROR] page_id=19685 csp_id=659, Page.goto: Connection closed while reading from the driver
[ERROR] page_id=19686 csp_id=659, Page.goto: Connection closed while reading from the driver
[ERROR] page_id=19687 csp_id=659, Page.goto: Connection closed while reading from the driver
[ERROR] page_id=19688 csp_id=659, Page.goto: Connection closed while reading from the driver
[ERROR] page_id=19689 csp_id=659, Page.goto: Connection closed while reading from the driver
[ERROR] page_id=19690 csp_id=659, Page.goto: Connection closed while reading from the driver
[ERROR] page_id=19691 csp_id=659, Page.goto: Connection closed while reading from the driver
[ERROR] page_id=19692 csp_id=659, Page.goto: Connection closed while reading from the driver
[ERROR] page_id=19693 csp_id=659, Page.goto: Connection closed while reading from the driver
[ERROR] page_id=19694 csp_id=659, Page.goto: Connection closed while reading from the driver
[ERROR] page_id=19695 csp_id=659, Page.goto: Connection closed while reading from the driver
Testing: csp_id=659, page_id=19700, browser=Firefox
pipe closed by peer or os.write(pipe, data) raised exception.
pipe closed by peer or os.write(pipe, data) raised exception.
pipe closed by peer or os.write(pipe, data) raised exception.
pipe closed by peer or os.write(pipe, data) raised exception.
pipe closed by peer or os.write(pipe, data) raised exception.
pipe closed by peer or os.write(pipe, data) raised exception.
pipe closed by peer or os.write(pipe, data) raised exception.
pipe closed by peer or os.write(pipe, data) raised exception.
pipe closed by peer or os.write(pipe, data) raised exception.
pipe closed by peer or os.write(pipe, data) raised exception.
pipe closed by peer or os.write(pipe, data) raised exception.
pipe closed by peer or os.write(pipe, data) raised exception.
pipe closed by peer or os.write(pipe, data) raised exception.
pipe closed by peer or os.write(pipe, data) raised exception.
pipe closed by peer or os.write(pipe, data) raised exception.
pipe closed by peer or os.write(pipe, data) raised exception.
[ERROR] page_id=19696 csp_id=659, Page.goto: Connection closed while reading from the driver
[ERROR] page_id=19697 csp_id=659, Page.goto: Connection closed while reading from the driver
[ERROR] page_id=19698 csp_id=659, Page.goto: Connection closed while reading from the driver
[ERROR] page_id=19699 csp_id=659, Page.goto: Connection closed while reading from the driver
[ERROR] page_id=19700 csp_id=659, Page.goto: Connection closed while reading from the driver
[ERROR] page_id=19701 csp_id=659, Page.goto: Connection closed while reading from the driver
[ERROR] page_id=19702 csp_id=659, Page.goto: Connection closed while reading from the driver
[ERROR] page_id=19703 csp_id=659, Page.goto: Connection closed while reading from the driver
[ERROR] page_id=19704 csp_id=659, Page.goto: Connection closed while reading from the driver
[ERROR] page_id=19705 csp_id=659, Page.goto: Connection closed while reading from the driver
[ERROR] page_id=19706 csp_id=659, Page.goto: Connection closed while reading from the driver
[ERROR] page_id=19707 csp_id=659, Page.goto: Connection closed while reading from the driver
[ERROR] page_id=19708 csp_id=659, Page.goto: Connection closed while reading from the driver
[ERROR] page_id=19709 csp_id=659, Page.goto: Connection closed while reading from the driver
[ERROR] page_id=19710 csp_id=659, Page.goto: Connection closed while reading from the driver
[ERROR] page_id=19711 csp_id=659, Page.goto: Connection closed while reading from the driver
pipe closed by peer or os.write(pipe, data) raised exception.
pipe closed by peer or os.write(pipe, data) raised exception.
pipe closed by peer or os.write(pipe, data) raised exception.
pipe closed by peer or os.write(pipe, data) raised exception.
pipe closed by peer or os.write(pipe, data) raised exception.
pipe closed by peer or os.write(pipe, data) raised exception.
pipe closed by peer or os.write(pipe, data) raised exception.
pipe closed by peer or os.write(pipe, data) raised exception.
pipe closed by peer or os.write(pipe, data) raised exception.
pipe closed by peer or os.write(pipe, data) raised exception.
pipe closed by peer or os.write(pipe, data) raised exception.
pipe closed by peer or os.write(pipe, data) raised exception.
pipe closed by peer or os.write(pipe, data) raised exception.
pipe closed by peer or os.write(pipe, data) raised exception.
pipe closed by peer or os.write(pipe, data) raised exception.
pipe closed by peer or os.write(pipe, data) raised exception.
[ERROR] page_id=19712 csp_id=659, Page.goto: Connection closed while reading from the driver
[ERROR] page_id=19713 csp_id=659, Page.goto: Connection closed while reading from the driver
[ERROR] page_id=19714 csp_id=659, Page.goto: Connection closed while reading from the driver
[ERROR] page_id=19715 csp_id=659, Page.goto: Connection closed while reading from the driver
[ERROR] page_id=19716 csp_id=659, Page.goto: Connection closed while reading from the driver
[ERROR] page_id=19717 csp_id=659, Page.goto: Connection closed while reading from the driver
[ERROR] page_id=19718 csp_id=659, Page.goto: Connection closed while reading from the driver
[ERROR] page_id=19719 csp_id=659, Page.goto: Connection closed while reading from the driver
[ERROR] page_id=19720 csp_id=659, Page.goto: Connection closed while reading from the driver
[ERROR] page_id=19721 csp_id=659, Page.goto: Connection closed while reading from the driver
[ERROR] page_id=19722 csp_id=659, Page.goto: Connection closed while reading from the driver
[ERROR] page_id=19723 csp_id=659, Page.goto: Connection closed while reading from the driver
[ERROR] page_id=19724 csp_id=659, Page.goto: Connection closed while reading from the driver
[ERROR] page_id=19725 csp_id=659, Page.goto: Connection closed while reading from the driver
[ERROR] page_id=19726 csp_id=659, Page.goto: Connection closed while reading from the driver
[ERROR] page_id=19727 csp_id=659, Page.goto: Connection closed while reading from the driver
pipe closed by peer or os.write(pipe, data) raised exception.
pipe closed by peer or os.write(pipe, data) raised exception.
pipe closed by peer or os.write(pipe, data) raised exception.
pipe closed by peer or os.write(pipe, data) raised exception.
pipe closed by peer or os.write(pipe, data) raised exception.
pipe closed by peer or os.write(pipe, data) raised exception.
pipe closed by peer or os.write(pipe, data) raised exception.
pipe closed by peer or os.write(pipe, data) raised exception.
pipe closed by peer or os.write(pipe, data) raised exception.
pipe closed by peer or os.write(pipe, data) raised exception.
pipe closed by peer or os.write(pipe, data) raised exception.
pipe closed by peer or os.write(pipe, data) raised exception.
pipe closed by peer or os.write(pipe, data) raised exception.
pipe closed by peer or os.write(pipe, data) raised exception.
pipe closed by peer or os.write(pipe, data) raised exception.
pipe closed by peer or os.write(pipe, data) raised exception.
[ERROR] page_id=19728 csp_id=659, Page.goto: Connection closed while reading from the driver
[ERROR] page_id=19729 csp_id=659, Page.goto: Connection closed while reading from the driver
[ERROR] page_id=19730 csp_id=659, Page.goto: Connection closed while reading from the driver
[ERROR] page_id=19731 csp_id=659, Page.goto: Connection closed while reading from the driver
[ERROR] page_id=19732 csp_id=659, Page.goto: Connection closed while reading from the driver
[ERROR] page_id=19733 csp_id=659, Page.goto: Connection closed while reading from the driver
[ERROR] page_id=19734 csp_id=659, Page.goto: Connection closed while reading from the driver
[ERROR] page_id=19735 csp_id=659, Page.goto: Connection closed while reading from the driver
[ERROR] page_id=19736 csp_id=659, Page.goto: Connection closed while reading from the driver
[ERROR] page_id=19737 csp_id=659, Page.goto: Connection closed while reading from the driver
[ERROR] page_id=19738 csp_id=659, Page.goto: Connection closed while reading from the driver
[ERROR] page_id=19739 csp_id=659, Page.goto: Connection closed while reading from the driver
[ERROR] page_id=19740 csp_id=659, Page.goto: Connection closed while reading from the driver
[ERROR] page_id=19741 csp_id=659, Page.goto: Connection closed while reading from the driver
[ERROR] page_id=19742 csp_id=659, Page.goto: Connection closed while reading from the driver
[ERROR] page_id=19743 csp_id=659, Page.goto: Connection closed while reading from the driver
pipe closed by peer or os.write(pipe, data) raised exception.
pipe closed by peer or os.write(pipe, data) raised exception.
pipe closed by peer or os.write(pipe, data) raised exception.
pipe closed by peer or os.write(pipe, data) raised exception.
pipe closed by peer or os.write(pipe, data) raised exception.
pipe closed by peer or os.write(pipe, data) raised exception.
pipe closed by peer or os.write(pipe, data) raised exception.
pipe closed by peer or os.write(pipe, data) raised exception.
pipe closed by peer or os.write(pipe, data) raised exception.
pipe closed by peer or os.write(pipe, data) raised exception.
pipe closed by peer or os.write(pipe, data) raised exception.
pipe closed by peer or os.write(pipe, data) raised exception.
pipe closed by peer or os.write(pipe, data) raised exception.
pipe closed by peer or os.write(pipe, data) raised exception.
pipe closed by peer or os.write(pipe, data) raised exception.
pipe closed by peer or os.write(pipe, data) raised exception.
[ERROR] page_id=19744 csp_id=659, Page.goto: Connection closed while reading from the driver
[ERROR] page_id=19745 csp_id=659, Page.goto: Connection closed while reading from the driver
[ERROR] page_id=19746 csp_id=659, Page.goto: Connection closed while reading from the driver
[ERROR] page_id=19747 csp_id=659, Page.goto: Connection closed while reading from the driver
[ERROR] page_id=19748 csp_id=659, Page.goto: Connection closed while reading from the driver
[ERROR] page_id=19749 csp_id=659, Page.goto: Connection closed while reading from the driver
[ERROR] page_id=19750 csp_id=659, Page.goto: Connection closed while reading from the driver
[ERROR] page_id=19751 csp_id=659, Page.goto: Connection closed while reading from the driver
[ERROR] page_id=19752 csp_id=659, Page.goto: Connection closed while reading from the driver
[ERROR] page_id=19753 csp_id=659, Page.goto: Connection closed while reading from the driver
[ERROR] page_id=19754 csp_id=659, Page.goto: Connection closed while reading from the driver
[ERROR] page_id=19755 csp_id=659, Page.goto: Connection closed while reading from the driver
[ERROR] page_id=19756 csp_id=659, Page.goto: Connection closed while reading from the driver
[ERROR] page_id=19757 csp_id=659, Page.goto: Connection closed while reading from the driver
[ERROR] page_id=19758 csp_id=659, Page.goto: Connection closed while reading from the driver
[ERROR] page_id=19759 csp_id=659, Page.goto: Connection closed while reading from the driver
pipe closed by peer or os.write(pipe, data) raised exception.
pipe closed by peer or os.write(pipe, data) raised exception.
pipe closed by peer or os.write(pipe, data) raised exception.
pipe closed by peer or os.write(pipe, data) raised exception.
pipe closed by peer or os.write(pipe, data) raised exception.
pipe closed by peer or os.write(pipe, data) raised exception.
pipe closed by peer or os.write(pipe, data) raised exception.
pipe closed by peer or os.write(pipe, data) raised exception.
pipe closed by peer or os.write(pipe, data) raised exception.
pipe closed by peer or os.write(pipe, data) raised exception.
pipe closed by peer or os.write(pipe, data) raised exception.
pipe closed by peer or os.write(pipe, data) raised exception.
pipe closed by peer or os.write(pipe, data) raised exception.
pipe closed by peer or os.write(pipe, data) raised exception.
pipe closed by peer or os.write(pipe, data) raised exception.
pipe closed by peer or os.write(pipe, data) raised exception.
[ERROR] page_id=19760 csp_id=659, Page.goto: Connection closed while reading from the driver
[ERROR] page_id=19761 csp_id=659, Page.goto: Connection closed while reading from the driver
[ERROR] page_id=19762 csp_id=659, Page.goto: Connection closed while reading from the driver
[ERROR] page_id=19763 csp_id=659, Page.goto: Connection closed while reading from the driver
[ERROR] page_id=19764 csp_id=659, Page.goto: Connection closed while reading from the driver
[ERROR] page_id=19765 csp_id=659, Page.goto: Connection closed while reading from the driver
[ERROR] page_id=19766 csp_id=659, Page.goto: Connection closed while reading from the driver
[ERROR] page_id=19767 csp_id=659, Page.goto: Connection closed while reading from the driver
[ERROR] page_id=19768 csp_id=659, Page.goto: Connection closed while reading from the driver
[ERROR] page_id=19769 csp_id=659, Page.goto: Connection closed while reading from the driver
[ERROR] page_id=19770 csp_id=659, Page.goto: Connection closed while reading from the driver
[ERROR] page_id=19771 csp_id=659, Page.goto: Connection closed while reading from the driver
[ERROR] page_id=19772 csp_id=659, Page.goto: Connection closed while reading from the driver
[ERROR] page_id=19773 csp_id=659, Page.goto: Connection closed while reading from the driver
[ERROR] page_id=19774 csp_id=659, Page.goto: Connection closed while reading from the driver
[ERROR] page_id=19775 csp_id=659, Page.goto: Connection closed while reading from the driver
