=========Notice: Full run mode=========
current_playwright_page_split_num is 1
=======================================
🏊 create_context_pools[first] (5x16): 18.857s
Testing: csp_id=603, page_id=0, browser=Firefox
Testing: csp_id=603, page_id=100, browser=Firefox
Testing: csp_id=603, page_id=200, browser=Firefox
Testing: csp_id=603, page_id=300, browser=Firefox
Testing: csp_id=603, page_id=400, browser=Firefox
Testing: csp_id=603, page_id=500, browser=Firefox
Testing: csp_id=603, page_id=600, browser=Firefox
Testing: csp_id=603, page_id=700, browser=Firefox
Testing: csp_id=603, page_id=800, browser=Firefox
Testing: csp_id=603, page_id=900, browser=Firefox
Testing: csp_id=603, page_id=1000, browser=Firefox
Testing: csp_id=603, page_id=1100, browser=Firefox
Testing: csp_id=603, page_id=1200, browser=Firefox
Testing: csp_id=603, page_id=1300, browser=Firefox
Testing: csp_id=603, page_id=1400, browser=Firefox
Testing: csp_id=603, page_id=1500, browser=Firefox
Testing: csp_id=603, page_id=1600, browser=Firefox
Testing: csp_id=603, page_id=1700, browser=Firefox
Testing: csp_id=603, page_id=1800, browser=Firefox
Testing: csp_id=603, page_id=1900, browser=Firefox
Testing: csp_id=603, page_id=2000, browser=Firefox
Testing: csp_id=603, page_id=2100, browser=Firefox
Testing: csp_id=603, page_id=2200, browser=Firefox
Testing: csp_id=603, page_id=2300, browser=Firefox
Testing: csp_id=603, page_id=2400, browser=Firefox
Testing: csp_id=603, page_id=2500, browser=Firefox
Testing: csp_id=603, page_id=2600, browser=Firefox
Testing: csp_id=603, page_id=2700, browser=Firefox
Testing: csp_id=603, page_id=2800, browser=Firefox
Testing: csp_id=603, page_id=2900, browser=Firefox
Testing: csp_id=603, page_id=3000, browser=Firefox
Testing: csp_id=603, page_id=3100, browser=Firefox
Testing: csp_id=603, page_id=3200, browser=Firefox
Testing: csp_id=603, page_id=3300, browser=Firefox
Testing: csp_id=603, page_id=3400, browser=Firefox
Testing: csp_id=603, page_id=3500, browser=Firefox
Testing: csp_id=603, page_id=3600, browser=Firefox
Testing: csp_id=603, page_id=3700, browser=Firefox
Testing: csp_id=603, page_id=3800, browser=Firefox
Testing: csp_id=603, page_id=3900, browser=Firefox
Testing: csp_id=603, page_id=4000, browser=Firefox
Testing: csp_id=603, page_id=4100, browser=Firefox
Testing: csp_id=603, page_id=4200, browser=Firefox
Testing: csp_id=603, page_id=4300, browser=Firefox
Testing: csp_id=603, page_id=4400, browser=Firefox
Testing: csp_id=603, page_id=4500, browser=Firefox
Testing: csp_id=603, page_id=4600, browser=Firefox
Testing: csp_id=603, page_id=4700, browser=Firefox
Testing: csp_id=603, page_id=4800, browser=Firefox
Testing: csp_id=603, page_id=4900, browser=Firefox
Testing: csp_id=603, page_id=5000, browser=Firefox
Testing: csp_id=603, page_id=5100, browser=Firefox
Testing: csp_id=603, page_id=5200, browser=Firefox
Testing: csp_id=603, page_id=5300, browser=Firefox
Testing: csp_id=603, page_id=5400, browser=Firefox
Testing: csp_id=603, page_id=5500, browser=Firefox
Testing: csp_id=603, page_id=5600, browser=Firefox
Testing: csp_id=603, page_id=5700, browser=Firefox
Testing: csp_id=603, page_id=5800, browser=Firefox
Testing: csp_id=603, page_id=5900, browser=Firefox
Testing: csp_id=603, page_id=6000, browser=Firefox
Testing: csp_id=603, page_id=6100, browser=Firefox
Testing: csp_id=603, page_id=6200, browser=Firefox
Testing: csp_id=603, page_id=6300, browser=Firefox
Testing: csp_id=603, page_id=6400, browser=Firefox
Testing: csp_id=603, page_id=6500, browser=Firefox
Testing: csp_id=603, page_id=6600, browser=Firefox
Testing: csp_id=603, page_id=6700, browser=Firefox
Testing: csp_id=603, page_id=6800, browser=Firefox
Testing: csp_id=603, page_id=6900, browser=Firefox
Testing: csp_id=603, page_id=7000, browser=Firefox
Testing: csp_id=603, page_id=7100, browser=Firefox
Testing: csp_id=603, page_id=7200, browser=Firefox
Testing: csp_id=603, page_id=7300, browser=Firefox
Testing: csp_id=603, page_id=7400, browser=Firefox
Testing: csp_id=603, page_id=7500, browser=Firefox
Testing: csp_id=603, page_id=7600, browser=Firefox
Testing: csp_id=603, page_id=7700, browser=Firefox
Testing: csp_id=603, page_id=7800, browser=Firefox
Testing: csp_id=603, page_id=7900, browser=Firefox
Testing: csp_id=603, page_id=8000, browser=Firefox
Testing: csp_id=603, page_id=8100, browser=Firefox
Testing: csp_id=603, page_id=8200, browser=Firefox
Testing: csp_id=603, page_id=8300, browser=Firefox
Testing: csp_id=603, page_id=8400, browser=Firefox
Testing: csp_id=603, page_id=8500, browser=Firefox
Testing: csp_id=603, page_id=8600, browser=Firefox
Testing: csp_id=603, page_id=8700, browser=Firefox
Testing: csp_id=603, page_id=8800, browser=Firefox
Testing: csp_id=603, page_id=8900, browser=Firefox
Testing: csp_id=603, page_id=9000, browser=Firefox
Testing: csp_id=603, page_id=9100, browser=Firefox
Testing: csp_id=603, page_id=9200, browser=Firefox
Testing: csp_id=603, page_id=9300, browser=Firefox
Testing: csp_id=603, page_id=9400, browser=Firefox
Testing: csp_id=603, page_id=9500, browser=Firefox
Testing: csp_id=603, page_id=9600, browser=Firefox
Testing: csp_id=603, page_id=9700, browser=Firefox
Testing: csp_id=603, page_id=9800, browser=Firefox
Testing: csp_id=603, page_id=9900, browser=Firefox
Testing: csp_id=603, page_id=10000, browser=Firefox
Testing: csp_id=603, page_id=10100, browser=Firefox
Testing: csp_id=603, page_id=10200, browser=Firefox
Testing: csp_id=603, page_id=10300, browser=Firefox
Testing: csp_id=603, page_id=10400, browser=Firefox
Testing: csp_id=603, page_id=10500, browser=Firefox
Testing: csp_id=603, page_id=10600, browser=Firefox
Testing: csp_id=603, page_id=10700, browser=Firefox
Testing: csp_id=603, page_id=10800, browser=Firefox
Testing: csp_id=603, page_id=10900, browser=Firefox
Testing: csp_id=603, page_id=11000, browser=Firefox
Testing: csp_id=603, page_id=11100, browser=Firefox
Testing: csp_id=603, page_id=11200, browser=Firefox
Testing: csp_id=603, page_id=11300, browser=Firefox
Testing: csp_id=603, page_id=11400, browser=Firefox
Testing: csp_id=603, page_id=11500, browser=Firefox
Testing: csp_id=603, page_id=11600, browser=Firefox
Testing: csp_id=603, page_id=11700, browser=Firefox
Testing: csp_id=603, page_id=11800, browser=Firefox
Testing: csp_id=603, page_id=11900, browser=Firefox
Testing: csp_id=603, page_id=12000, browser=Firefox
Testing: csp_id=603, page_id=12100, browser=Firefox
Testing: csp_id=603, page_id=12200, browser=Firefox
Testing: csp_id=603, page_id=12300, browser=Firefox
Testing: csp_id=603, page_id=12400, browser=Firefox
Testing: csp_id=603, page_id=12500, browser=Firefox
Testing: csp_id=603, page_id=12600, browser=Firefox
Testing: csp_id=603, page_id=12700, browser=Firefox
Testing: csp_id=603, page_id=12800, browser=Firefox
Testing: csp_id=603, page_id=12900, browser=Firefox
Testing: csp_id=603, page_id=13000, browser=Firefox
Testing: csp_id=603, page_id=13100, browser=Firefox
Testing: csp_id=603, page_id=13200, browser=Firefox
Testing: csp_id=603, page_id=13300, browser=Firefox
Testing: csp_id=603, page_id=13400, browser=Firefox
Testing: csp_id=603, page_id=13500, browser=Firefox
Testing: csp_id=603, page_id=13600, browser=Firefox
Testing: csp_id=603, page_id=13700, browser=Firefox
Testing: csp_id=603, page_id=13800, browser=Firefox
Testing: csp_id=603, page_id=13900, browser=Firefox
Testing: csp_id=603, page_id=14000, browser=Firefox
Testing: csp_id=603, page_id=14100, browser=Firefox
Testing: csp_id=603, page_id=14200, browser=Firefox
Testing: csp_id=603, page_id=14300, browser=Firefox
Testing: csp_id=603, page_id=14400, browser=Firefox
Testing: csp_id=603, page_id=14500, browser=Firefox
Testing: csp_id=603, page_id=14600, browser=Firefox
Testing: csp_id=603, page_id=14700, browser=Firefox
Testing: csp_id=603, page_id=14800, browser=Firefox
Testing: csp_id=603, page_id=14900, browser=Firefox
Testing: csp_id=603, page_id=15000, browser=Firefox
Testing: csp_id=603, page_id=15100, browser=Firefox
Testing: csp_id=603, page_id=15200, browser=Firefox
Testing: csp_id=603, page_id=15300, browser=Firefox
Testing: csp_id=603, page_id=15400, browser=Firefox
Testing: csp_id=603, page_id=15500, browser=Firefox
Testing: csp_id=603, page_id=15600, browser=Firefox
Testing: csp_id=603, page_id=15700, browser=Firefox
Testing: csp_id=603, page_id=15800, browser=Firefox
Testing: csp_id=603, page_id=15900, browser=Firefox
Testing: csp_id=603, page_id=16000, browser=Firefox
Testing: csp_id=603, page_id=16100, browser=Firefox
Testing: csp_id=603, page_id=16200, browser=Firefox
Testing: csp_id=603, page_id=16300, browser=Firefox
Testing: csp_id=603, page_id=16400, browser=Firefox
Testing: csp_id=603, page_id=16500, browser=Firefox
Testing: csp_id=603, page_id=16600, browser=Firefox
Testing: csp_id=603, page_id=16700, browser=Firefox
Testing: csp_id=603, page_id=16800, browser=Firefox
Testing: csp_id=603, page_id=16900, browser=Firefox
Testing: csp_id=603, page_id=17000, browser=Firefox
Testing: csp_id=603, page_id=17100, browser=Firefox
Testing: csp_id=603, page_id=17200, browser=Firefox
Testing: csp_id=603, page_id=17300, browser=Firefox
Testing: csp_id=603, page_id=17400, browser=Firefox
Testing: csp_id=603, page_id=17500, browser=Firefox
Testing: csp_id=603, page_id=17600, browser=Firefox
Testing: csp_id=603, page_id=17700, browser=Firefox
Testing: csp_id=603, page_id=17800, browser=Firefox
Testing: csp_id=603, page_id=17900, browser=Firefox
Testing: csp_id=603, page_id=18000, browser=Firefox
Testing: csp_id=603, page_id=18100, browser=Firefox
Testing: csp_id=603, page_id=18200, browser=Firefox
Testing: csp_id=603, page_id=18300, browser=Firefox
Testing: csp_id=603, page_id=18400, browser=Firefox
Testing: csp_id=603, page_id=18500, browser=Firefox
Testing: csp_id=603, page_id=18600, browser=Firefox
Testing: csp_id=603, page_id=18700, browser=Firefox
Testing: csp_id=603, page_id=18800, browser=Firefox
Testing: csp_id=603, page_id=18900, browser=Firefox
Testing: csp_id=603, page_id=19000, browser=Firefox
Testing: csp_id=603, page_id=19100, browser=Firefox
Testing: csp_id=603, page_id=19200, browser=Firefox
Testing: csp_id=603, page_id=19300, browser=Firefox
Testing: csp_id=603, page_id=19400, browser=Firefox
Testing: csp_id=603, page_id=19500, browser=Firefox
Testing: csp_id=603, page_id=19600, browser=Firefox
Testing: csp_id=603, page_id=19700, browser=Firefox
Testing: csp_id=603, page_id=19800, browser=Firefox
Testing: csp_id=603, page_id=19900, browser=Firefox
Testing: csp_id=603, page_id=20000, browser=Firefox
Testing: csp_id=603, page_id=20100, browser=Firefox
Testing: csp_id=603, page_id=20200, browser=Firefox
Testing: csp_id=603, page_id=20300, browser=Firefox
Testing: csp_id=603, page_id=20400, browser=Firefox
Testing: csp_id=603, page_id=20500, browser=Firefox
Testing: csp_id=603, page_id=20600, browser=Firefox
Testing: csp_id=603, page_id=20700, browser=Firefox
Testing: csp_id=603, page_id=20800, browser=Firefox
Testing: csp_id=603, page_id=20900, browser=Firefox
Testing: csp_id=603, page_id=21000, browser=Firefox
Testing: csp_id=603, page_id=21100, browser=Firefox
Testing: csp_id=603, page_id=21200, browser=Firefox
Testing: csp_id=603, page_id=21300, browser=Firefox
Testing: csp_id=603, page_id=21400, browser=Firefox
Testing: csp_id=603, page_id=21500, browser=Firefox
Testing: csp_id=603, page_id=21600, browser=Firefox
Testing: csp_id=603, page_id=21700, browser=Firefox
Testing: csp_id=603, page_id=21800, browser=Firefox
Testing: csp_id=603, page_id=21900, browser=Firefox
Testing: csp_id=603, page_id=22000, browser=Firefox
Testing: csp_id=603, page_id=22100, browser=Firefox
Testing: csp_id=603, page_id=22200, browser=Firefox
Testing: csp_id=603, page_id=22300, browser=Firefox
Testing: csp_id=603, page_id=22400, browser=Firefox
Testing: csp_id=603, page_id=22500, browser=Firefox
Testing: csp_id=603, page_id=22600, browser=Firefox
Testing: csp_id=603, page_id=22700, browser=Firefox
Testing: csp_id=603, page_id=22800, browser=Firefox
Testing: csp_id=603, page_id=22900, browser=Firefox
Testing: csp_id=603, page_id=23000, browser=Firefox
Testing: csp_id=603, page_id=23100, browser=Firefox
Testing: csp_id=603, page_id=23200, browser=Firefox
Testing: csp_id=603, page_id=23300, browser=Firefox
Testing: csp_id=603, page_id=23400, browser=Firefox
Testing: csp_id=603, page_id=23500, browser=Firefox
Testing: csp_id=603, page_id=23600, browser=Firefox
Testing: csp_id=603, page_id=23700, browser=Firefox
Testing: csp_id=603, page_id=23800, browser=Firefox
Testing: csp_id=603, page_id=23900, browser=Firefox
Testing: csp_id=603, page_id=24000, browser=Firefox
Testing: csp_id=603, page_id=24100, browser=Firefox
Testing: csp_id=603, page_id=24200, browser=Firefox
Testing: csp_id=603, page_id=24300, browser=Firefox
Testing: csp_id=603, page_id=24400, browser=Firefox
Testing: csp_id=603, page_id=24500, browser=Firefox
Testing: csp_id=603, page_id=24600, browser=Firefox
Testing: csp_id=603, page_id=24700, browser=Firefox
Testing: csp_id=603, page_id=24800, browser=Firefox
Testing: csp_id=603, page_id=24900, browser=Firefox
Testing: csp_id=603, page_id=25000, browser=Firefox
Testing: csp_id=603, page_id=25100, browser=Firefox
Testing: csp_id=603, page_id=25200, browser=Firefox
Testing: csp_id=603, page_id=25300, browser=Firefox
Testing: csp_id=603, page_id=25400, browser=Firefox
Testing: csp_id=603, page_id=25500, browser=Firefox
Testing: csp_id=603, page_id=25600, browser=Firefox
Testing: csp_id=603, page_id=25700, browser=Firefox
Testing: csp_id=603, page_id=25800, browser=Firefox
Testing: csp_id=603, page_id=25900, browser=Firefox
Testing: csp_id=603, page_id=26000, browser=Firefox
Testing: csp_id=603, page_id=26100, browser=Firefox
Testing: csp_id=603, page_id=26200, browser=Firefox
Testing: csp_id=603, page_id=26300, browser=Firefox
Testing: csp_id=603, page_id=26400, browser=Firefox
Testing: csp_id=603, page_id=26500, browser=Firefox
Testing: csp_id=603, page_id=26600, browser=Firefox
Testing: csp_id=603, page_id=26700, browser=Firefox
Testing: csp_id=603, page_id=26800, browser=Firefox
Testing: csp_id=603, page_id=26900, browser=Firefox
Testing: csp_id=603, page_id=27000, browser=Firefox
Testing: csp_id=603, page_id=27100, browser=Firefox
Testing: csp_id=603, page_id=27200, browser=Firefox
Testing: csp_id=603, page_id=27300, browser=Firefox
Testing: csp_id=603, page_id=27400, browser=Firefox
Testing: csp_id=603, page_id=27500, browser=Firefox
Testing: csp_id=603, page_id=27600, browser=Firefox
Testing: csp_id=603, page_id=27700, browser=Firefox
Testing: csp_id=603, page_id=27800, browser=Firefox
Testing: csp_id=603, page_id=27900, browser=Firefox
Testing: csp_id=603, page_id=28000, browser=Firefox
Testing: csp_id=603, page_id=28100, browser=Firefox
Testing: csp_id=603, page_id=28200, browser=Firefox
Testing: csp_id=603, page_id=28300, browser=Firefox
Testing: csp_id=603, page_id=28400, browser=Firefox
Testing: csp_id=603, page_id=28500, browser=Firefox
Testing: csp_id=603, page_id=28600, browser=Firefox
Testing: csp_id=603, page_id=28700, browser=Firefox
Testing: csp_id=603, page_id=28800, browser=Firefox
Testing: csp_id=603, page_id=28900, browser=Firefox
Testing: csp_id=603, page_id=29000, browser=Firefox
Testing: csp_id=603, page_id=29100, browser=Firefox
Testing: csp_id=603, page_id=29200, browser=Firefox
Testing: csp_id=603, page_id=29300, browser=Firefox
Testing: csp_id=603, page_id=29400, browser=Firefox
Testing: csp_id=603, page_id=29500, browser=Firefox
Testing: csp_id=603, page_id=29600, browser=Firefox
Testing: csp_id=603, page_id=29700, browser=Firefox
Testing: csp_id=603, page_id=29800, browser=Firefox
🏊 create_context_pools[first] (5x16): 26.186s
Testing: csp_id=617, page_id=0, browser=Firefox
Testing: csp_id=617, page_id=100, browser=Firefox
Testing: csp_id=617, page_id=200, browser=Firefox
Testing: csp_id=617, page_id=300, browser=Firefox
Testing: csp_id=617, page_id=400, browser=Firefox
Testing: csp_id=617, page_id=500, browser=Firefox
Testing: csp_id=617, page_id=600, browser=Firefox
Testing: csp_id=617, page_id=700, browser=Firefox
Testing: csp_id=617, page_id=800, browser=Firefox
Testing: csp_id=617, page_id=900, browser=Firefox
Testing: csp_id=617, page_id=1000, browser=Firefox
Testing: csp_id=617, page_id=1100, browser=Firefox
Testing: csp_id=617, page_id=1200, browser=Firefox
Testing: csp_id=617, page_id=1300, browser=Firefox
Testing: csp_id=617, page_id=1400, browser=Firefox
Testing: csp_id=617, page_id=1500, browser=Firefox
Testing: csp_id=617, page_id=1600, browser=Firefox
Testing: csp_id=617, page_id=1700, browser=Firefox
Testing: csp_id=617, page_id=1800, browser=Firefox
Testing: csp_id=617, page_id=1900, browser=Firefox
Testing: csp_id=617, page_id=2000, browser=Firefox
Testing: csp_id=617, page_id=2100, browser=Firefox
Testing: csp_id=617, page_id=2200, browser=Firefox
Testing: csp_id=617, page_id=2300, browser=Firefox
Testing: csp_id=617, page_id=2400, browser=Firefox
Testing: csp_id=617, page_id=2500, browser=Firefox
Testing: csp_id=617, page_id=2600, browser=Firefox
Testing: csp_id=617, page_id=2700, browser=Firefox
Testing: csp_id=617, page_id=2800, browser=Firefox
Testing: csp_id=617, page_id=2900, browser=Firefox
Testing: csp_id=617, page_id=3000, browser=Firefox
Testing: csp_id=617, page_id=3100, browser=Firefox
Testing: csp_id=617, page_id=3200, browser=Firefox
Testing: csp_id=617, page_id=3300, browser=Firefox
Testing: csp_id=617, page_id=3400, browser=Firefox
Testing: csp_id=617, page_id=3500, browser=Firefox
Testing: csp_id=617, page_id=3600, browser=Firefox
Testing: csp_id=617, page_id=3700, browser=Firefox
Testing: csp_id=617, page_id=3800, browser=Firefox
Testing: csp_id=617, page_id=3900, browser=Firefox
Testing: csp_id=617, page_id=4000, browser=Firefox
Testing: csp_id=617, page_id=4100, browser=Firefox
Testing: csp_id=617, page_id=4200, browser=Firefox
Testing: csp_id=617, page_id=4300, browser=Firefox
Testing: csp_id=617, page_id=4400, browser=Firefox
Testing: csp_id=617, page_id=4500, browser=Firefox
Testing: csp_id=617, page_id=4600, browser=Firefox
Testing: csp_id=617, page_id=4700, browser=Firefox
Testing: csp_id=617, page_id=4800, browser=Firefox
Testing: csp_id=617, page_id=4900, browser=Firefox
Testing: csp_id=617, page_id=5000, browser=Firefox
Testing: csp_id=617, page_id=5100, browser=Firefox
Testing: csp_id=617, page_id=5200, browser=Firefox
Testing: csp_id=617, page_id=5300, browser=Firefox
Testing: csp_id=617, page_id=5400, browser=Firefox
Testing: csp_id=617, page_id=5500, browser=Firefox
Testing: csp_id=617, page_id=5600, browser=Firefox
Testing: csp_id=617, page_id=5700, browser=Firefox
Testing: csp_id=617, page_id=5800, browser=Firefox
Testing: csp_id=617, page_id=5900, browser=Firefox
Testing: csp_id=617, page_id=6000, browser=Firefox
Testing: csp_id=617, page_id=6100, browser=Firefox
Testing: csp_id=617, page_id=6200, browser=Firefox
Testing: csp_id=617, page_id=6300, browser=Firefox
Testing: csp_id=617, page_id=6400, browser=Firefox
Testing: csp_id=617, page_id=6500, browser=Firefox
Testing: csp_id=617, page_id=6600, browser=Firefox
Testing: csp_id=617, page_id=6700, browser=Firefox
Testing: csp_id=617, page_id=6800, browser=Firefox
Testing: csp_id=617, page_id=6900, browser=Firefox
Testing: csp_id=617, page_id=7000, browser=Firefox
Testing: csp_id=617, page_id=7100, browser=Firefox
Testing: csp_id=617, page_id=7200, browser=Firefox
Testing: csp_id=617, page_id=7300, browser=Firefox
Testing: csp_id=617, page_id=7400, browser=Firefox
Testing: csp_id=617, page_id=7500, browser=Firefox
Testing: csp_id=617, page_id=7600, browser=Firefox
Testing: csp_id=617, page_id=7700, browser=Firefox
Testing: csp_id=617, page_id=7800, browser=Firefox
Testing: csp_id=617, page_id=7900, browser=Firefox
Testing: csp_id=617, page_id=8000, browser=Firefox
Testing: csp_id=617, page_id=8100, browser=Firefox
Testing: csp_id=617, page_id=8200, browser=Firefox
Testing: csp_id=617, page_id=8300, browser=Firefox
Testing: csp_id=617, page_id=8400, browser=Firefox
Testing: csp_id=617, page_id=8500, browser=Firefox
Testing: csp_id=617, page_id=8600, browser=Firefox
Testing: csp_id=617, page_id=8700, browser=Firefox
Testing: csp_id=617, page_id=8800, browser=Firefox
Testing: csp_id=617, page_id=8900, browser=Firefox
Testing: csp_id=617, page_id=9000, browser=Firefox
Testing: csp_id=617, page_id=9100, browser=Firefox
Testing: csp_id=617, page_id=9200, browser=Firefox
Testing: csp_id=617, page_id=9300, browser=Firefox
Testing: csp_id=617, page_id=9400, browser=Firefox
Testing: csp_id=617, page_id=9500, browser=Firefox
Testing: csp_id=617, page_id=9600, browser=Firefox
Testing: csp_id=617, page_id=9700, browser=Firefox
Testing: csp_id=617, page_id=9800, browser=Firefox
Testing: csp_id=617, page_id=9900, browser=Firefox
Testing: csp_id=617, page_id=10000, browser=Firefox
Testing: csp_id=617, page_id=10100, browser=Firefox
Testing: csp_id=617, page_id=10200, browser=Firefox
Testing: csp_id=617, page_id=10300, browser=Firefox
Testing: csp_id=617, page_id=10400, browser=Firefox
Testing: csp_id=617, page_id=10500, browser=Firefox
Testing: csp_id=617, page_id=10600, browser=Firefox
Testing: csp_id=617, page_id=10700, browser=Firefox
Testing: csp_id=617, page_id=10800, browser=Firefox
Testing: csp_id=617, page_id=10900, browser=Firefox
Testing: csp_id=617, page_id=11000, browser=Firefox
Testing: csp_id=617, page_id=11100, browser=Firefox
Testing: csp_id=617, page_id=11200, browser=Firefox
Testing: csp_id=617, page_id=11300, browser=Firefox
Testing: csp_id=617, page_id=11400, browser=Firefox
Testing: csp_id=617, page_id=11500, browser=Firefox
Testing: csp_id=617, page_id=11600, browser=Firefox
Testing: csp_id=617, page_id=11700, browser=Firefox
Testing: csp_id=617, page_id=11800, browser=Firefox
Testing: csp_id=617, page_id=11900, browser=Firefox
Testing: csp_id=617, page_id=12000, browser=Firefox
Testing: csp_id=617, page_id=12100, browser=Firefox
Testing: csp_id=617, page_id=12200, browser=Firefox
Testing: csp_id=617, page_id=12300, browser=Firefox
Testing: csp_id=617, page_id=12400, browser=Firefox
Testing: csp_id=617, page_id=12500, browser=Firefox
Testing: csp_id=617, page_id=12600, browser=Firefox
Testing: csp_id=617, page_id=12700, browser=Firefox
Testing: csp_id=617, page_id=12800, browser=Firefox
Testing: csp_id=617, page_id=12900, browser=Firefox
Testing: csp_id=617, page_id=13000, browser=Firefox
Testing: csp_id=617, page_id=13100, browser=Firefox
Testing: csp_id=617, page_id=13200, browser=Firefox
Testing: csp_id=617, page_id=13300, browser=Firefox
Testing: csp_id=617, page_id=13400, browser=Firefox
Testing: csp_id=617, page_id=13500, browser=Firefox
Testing: csp_id=617, page_id=13600, browser=Firefox
Testing: csp_id=617, page_id=13700, browser=Firefox
Testing: csp_id=617, page_id=13800, browser=Firefox
Testing: csp_id=617, page_id=13900, browser=Firefox
Testing: csp_id=617, page_id=14000, browser=Firefox
Testing: csp_id=617, page_id=14100, browser=Firefox
Testing: csp_id=617, page_id=14200, browser=Firefox
Testing: csp_id=617, page_id=14300, browser=Firefox
Testing: csp_id=617, page_id=14400, browser=Firefox
Testing: csp_id=617, page_id=14500, browser=Firefox
Testing: csp_id=617, page_id=14600, browser=Firefox
Testing: csp_id=617, page_id=14700, browser=Firefox
Testing: csp_id=617, page_id=14800, browser=Firefox
Testing: csp_id=617, page_id=14900, browser=Firefox
Testing: csp_id=617, page_id=15000, browser=Firefox
Testing: csp_id=617, page_id=15100, browser=Firefox
Testing: csp_id=617, page_id=15200, browser=Firefox
Testing: csp_id=617, page_id=15300, browser=Firefox
Testing: csp_id=617, page_id=15400, browser=Firefox
Testing: csp_id=617, page_id=15500, browser=Firefox
Testing: csp_id=617, page_id=15600, browser=Firefox
Testing: csp_id=617, page_id=15700, browser=Firefox
Testing: csp_id=617, page_id=15800, browser=Firefox
Testing: csp_id=617, page_id=15900, browser=Firefox
Testing: csp_id=617, page_id=16000, browser=Firefox
Testing: csp_id=617, page_id=16100, browser=Firefox
Testing: csp_id=617, page_id=16200, browser=Firefox
Testing: csp_id=617, page_id=16300, browser=Firefox
Testing: csp_id=617, page_id=16400, browser=Firefox
Testing: csp_id=617, page_id=16500, browser=Firefox
Testing: csp_id=617, page_id=16600, browser=Firefox
Testing: csp_id=617, page_id=16700, browser=Firefox
Testing: csp_id=617, page_id=16800, browser=Firefox
Testing: csp_id=617, page_id=16900, browser=Firefox
Testing: csp_id=617, page_id=17000, browser=Firefox
Testing: csp_id=617, page_id=17100, browser=Firefox
Testing: csp_id=617, page_id=17200, browser=Firefox
Testing: csp_id=617, page_id=17300, browser=Firefox
Testing: csp_id=617, page_id=17400, browser=Firefox
Testing: csp_id=617, page_id=17500, browser=Firefox
Testing: csp_id=617, page_id=17600, browser=Firefox
Testing: csp_id=617, page_id=17700, browser=Firefox
Testing: csp_id=617, page_id=17800, browser=Firefox
Testing: csp_id=617, page_id=17900, browser=Firefox
Testing: csp_id=617, page_id=18000, browser=Firefox
Testing: csp_id=617, page_id=18100, browser=Firefox
Testing: csp_id=617, page_id=18200, browser=Firefox
Testing: csp_id=617, page_id=18300, browser=Firefox
Testing: csp_id=617, page_id=18400, browser=Firefox
Testing: csp_id=617, page_id=18500, browser=Firefox
Testing: csp_id=617, page_id=18600, browser=Firefox
Testing: csp_id=617, page_id=18700, browser=Firefox
Testing: csp_id=617, page_id=18800, browser=Firefox
Testing: csp_id=617, page_id=18900, browser=Firefox
Testing: csp_id=617, page_id=19000, browser=Firefox
Testing: csp_id=617, page_id=19100, browser=Firefox
Testing: csp_id=617, page_id=19200, browser=Firefox
Testing: csp_id=617, page_id=19300, browser=Firefox
Testing: csp_id=617, page_id=19400, browser=Firefox
Testing: csp_id=617, page_id=19500, browser=Firefox
Testing: csp_id=617, page_id=19600, browser=Firefox
Testing: csp_id=617, page_id=19700, browser=Firefox
Testing: csp_id=617, page_id=19800, browser=Firefox
Testing: csp_id=617, page_id=19900, browser=Firefox
Testing: csp_id=617, page_id=20000, browser=Firefox
Testing: csp_id=617, page_id=20100, browser=Firefox
Testing: csp_id=617, page_id=20200, browser=Firefox
Testing: csp_id=617, page_id=20300, browser=Firefox
Testing: csp_id=617, page_id=20400, browser=Firefox
Testing: csp_id=617, page_id=20500, browser=Firefox
Testing: csp_id=617, page_id=20600, browser=Firefox
Testing: csp_id=617, page_id=20700, browser=Firefox
Testing: csp_id=617, page_id=20800, browser=Firefox
Testing: csp_id=617, page_id=20900, browser=Firefox
Testing: csp_id=617, page_id=21000, browser=Firefox
Testing: csp_id=617, page_id=21100, browser=Firefox
Testing: csp_id=617, page_id=21200, browser=Firefox
Testing: csp_id=617, page_id=21300, browser=Firefox
Testing: csp_id=617, page_id=21400, browser=Firefox
Testing: csp_id=617, page_id=21500, browser=Firefox
Testing: csp_id=617, page_id=21600, browser=Firefox
Testing: csp_id=617, page_id=21700, browser=Firefox
Testing: csp_id=617, page_id=21800, browser=Firefox
Testing: csp_id=617, page_id=21900, browser=Firefox
Testing: csp_id=617, page_id=22000, browser=Firefox
Testing: csp_id=617, page_id=22100, browser=Firefox
Testing: csp_id=617, page_id=22200, browser=Firefox
Testing: csp_id=617, page_id=22300, browser=Firefox
Testing: csp_id=617, page_id=22400, browser=Firefox
Testing: csp_id=617, page_id=22500, browser=Firefox
Testing: csp_id=617, page_id=22600, browser=Firefox
Testing: csp_id=617, page_id=22700, browser=Firefox
Testing: csp_id=617, page_id=22800, browser=Firefox
Testing: csp_id=617, page_id=22900, browser=Firefox
Testing: csp_id=617, page_id=23000, browser=Firefox
Testing: csp_id=617, page_id=23100, browser=Firefox
Testing: csp_id=617, page_id=23200, browser=Firefox
Testing: csp_id=617, page_id=23300, browser=Firefox
Testing: csp_id=617, page_id=23400, browser=Firefox
Testing: csp_id=617, page_id=23500, browser=Firefox
Testing: csp_id=617, page_id=23600, browser=Firefox
Testing: csp_id=617, page_id=23700, browser=Firefox
Testing: csp_id=617, page_id=23800, browser=Firefox
Testing: csp_id=617, page_id=23900, browser=Firefox
Testing: csp_id=617, page_id=24000, browser=Firefox
Testing: csp_id=617, page_id=24100, browser=Firefox
Testing: csp_id=617, page_id=24200, browser=Firefox
Testing: csp_id=617, page_id=24300, browser=Firefox
Testing: csp_id=617, page_id=24400, browser=Firefox
Testing: csp_id=617, page_id=24500, browser=Firefox
Testing: csp_id=617, page_id=24600, browser=Firefox
Testing: csp_id=617, page_id=24700, browser=Firefox
Testing: csp_id=617, page_id=24800, browser=Firefox
Testing: csp_id=617, page_id=24900, browser=Firefox
Testing: csp_id=617, page_id=25000, browser=Firefox
Testing: csp_id=617, page_id=25100, browser=Firefox
Testing: csp_id=617, page_id=25200, browser=Firefox
Testing: csp_id=617, page_id=25300, browser=Firefox
Testing: csp_id=617, page_id=25400, browser=Firefox
Testing: csp_id=617, page_id=25500, browser=Firefox
Testing: csp_id=617, page_id=25600, browser=Firefox
Testing: csp_id=617, page_id=25700, browser=Firefox
Testing: csp_id=617, page_id=25800, browser=Firefox
Testing: csp_id=617, page_id=25900, browser=Firefox
Testing: csp_id=617, page_id=26000, browser=Firefox
Testing: csp_id=617, page_id=26100, browser=Firefox
Testing: csp_id=617, page_id=26200, browser=Firefox
Testing: csp_id=617, page_id=26300, browser=Firefox
Testing: csp_id=617, page_id=26400, browser=Firefox
Testing: csp_id=617, page_id=26500, browser=Firefox
Testing: csp_id=617, page_id=26600, browser=Firefox
Testing: csp_id=617, page_id=26700, browser=Firefox
Testing: csp_id=617, page_id=26800, browser=Firefox
Testing: csp_id=617, page_id=26900, browser=Firefox
Testing: csp_id=617, page_id=27000, browser=Firefox
Testing: csp_id=617, page_id=27100, browser=Firefox
Testing: csp_id=617, page_id=27200, browser=Firefox
Testing: csp_id=617, page_id=27300, browser=Firefox
Testing: csp_id=617, page_id=27400, browser=Firefox
Testing: csp_id=617, page_id=27500, browser=Firefox
Testing: csp_id=617, page_id=27600, browser=Firefox
Testing: csp_id=617, page_id=27700, browser=Firefox
Testing: csp_id=617, page_id=27800, browser=Firefox
Testing: csp_id=617, page_id=27900, browser=Firefox
Testing: csp_id=617, page_id=28000, browser=Firefox
Testing: csp_id=617, page_id=28100, browser=Firefox
Testing: csp_id=617, page_id=28200, browser=Firefox
Testing: csp_id=617, page_id=28300, browser=Firefox
Testing: csp_id=617, page_id=28400, browser=Firefox
Testing: csp_id=617, page_id=28500, browser=Firefox
Testing: csp_id=617, page_id=28600, browser=Firefox
Testing: csp_id=617, page_id=28700, browser=Firefox
Testing: csp_id=617, page_id=28800, browser=Firefox
Testing: csp_id=617, page_id=28900, browser=Firefox
Testing: csp_id=617, page_id=29000, browser=Firefox
Testing: csp_id=617, page_id=29100, browser=Firefox
Testing: csp_id=617, page_id=29200, browser=Firefox
Testing: csp_id=617, page_id=29300, browser=Firefox
Testing: csp_id=617, page_id=29400, browser=Firefox
Testing: csp_id=617, page_id=29500, browser=Firefox
Testing: csp_id=617, page_id=29600, browser=Firefox
Testing: csp_id=617, page_id=29700, browser=Firefox
Testing: csp_id=617, page_id=29800, browser=Firefox
🏊 create_context_pools[first] (5x16): 27.455s
Testing: csp_id=635, page_id=0, browser=Firefox
Testing: csp_id=635, page_id=100, browser=Firefox
Testing: csp_id=635, page_id=200, browser=Firefox
Testing: csp_id=635, page_id=300, browser=Firefox
Testing: csp_id=635, page_id=400, browser=Firefox
Testing: csp_id=635, page_id=500, browser=Firefox
Testing: csp_id=635, page_id=600, browser=Firefox
Testing: csp_id=635, page_id=700, browser=Firefox
Testing: csp_id=635, page_id=800, browser=Firefox
Testing: csp_id=635, page_id=900, browser=Firefox
Testing: csp_id=635, page_id=1000, browser=Firefox
Testing: csp_id=635, page_id=1100, browser=Firefox
Testing: csp_id=635, page_id=1200, browser=Firefox
Testing: csp_id=635, page_id=1300, browser=Firefox
Testing: csp_id=635, page_id=1400, browser=Firefox
Testing: csp_id=635, page_id=1500, browser=Firefox
Testing: csp_id=635, page_id=1600, browser=Firefox
Testing: csp_id=635, page_id=1700, browser=Firefox
Testing: csp_id=635, page_id=1800, browser=Firefox
Testing: csp_id=635, page_id=1900, browser=Firefox
Testing: csp_id=635, page_id=2000, browser=Firefox
Testing: csp_id=635, page_id=2100, browser=Firefox
Testing: csp_id=635, page_id=2200, browser=Firefox
Testing: csp_id=635, page_id=2300, browser=Firefox
Testing: csp_id=635, page_id=2400, browser=Firefox
Testing: csp_id=635, page_id=2500, browser=Firefox
Testing: csp_id=635, page_id=2600, browser=Firefox
Testing: csp_id=635, page_id=2700, browser=Firefox
Testing: csp_id=635, page_id=2800, browser=Firefox
Testing: csp_id=635, page_id=2900, browser=Firefox
Testing: csp_id=635, page_id=3000, browser=Firefox
Testing: csp_id=635, page_id=3100, browser=Firefox
Testing: csp_id=635, page_id=3200, browser=Firefox
Testing: csp_id=635, page_id=3300, browser=Firefox
Testing: csp_id=635, page_id=3400, browser=Firefox
Testing: csp_id=635, page_id=3500, browser=Firefox
Testing: csp_id=635, page_id=3600, browser=Firefox
Testing: csp_id=635, page_id=3700, browser=Firefox
Testing: csp_id=635, page_id=3800, browser=Firefox
Testing: csp_id=635, page_id=3900, browser=Firefox
Testing: csp_id=635, page_id=4000, browser=Firefox
Testing: csp_id=635, page_id=4100, browser=Firefox
Testing: csp_id=635, page_id=4200, browser=Firefox
Testing: csp_id=635, page_id=4300, browser=Firefox
Testing: csp_id=635, page_id=4400, browser=Firefox
Testing: csp_id=635, page_id=4500, browser=Firefox
Testing: csp_id=635, page_id=4600, browser=Firefox
Testing: csp_id=635, page_id=4700, browser=Firefox
Testing: csp_id=635, page_id=4800, browser=Firefox
Testing: csp_id=635, page_id=4900, browser=Firefox
Testing: csp_id=635, page_id=5000, browser=Firefox
Testing: csp_id=635, page_id=5100, browser=Firefox
Testing: csp_id=635, page_id=5200, browser=Firefox
Testing: csp_id=635, page_id=5300, browser=Firefox
Testing: csp_id=635, page_id=5400, browser=Firefox
Testing: csp_id=635, page_id=5500, browser=Firefox
Testing: csp_id=635, page_id=5600, browser=Firefox
Testing: csp_id=635, page_id=5700, browser=Firefox
Testing: csp_id=635, page_id=5800, browser=Firefox
Testing: csp_id=635, page_id=5900, browser=Firefox
Testing: csp_id=635, page_id=6000, browser=Firefox
Testing: csp_id=635, page_id=6100, browser=Firefox
Testing: csp_id=635, page_id=6200, browser=Firefox
Testing: csp_id=635, page_id=6300, browser=Firefox
Testing: csp_id=635, page_id=6400, browser=Firefox
Testing: csp_id=635, page_id=6500, browser=Firefox
Testing: csp_id=635, page_id=6600, browser=Firefox
Testing: csp_id=635, page_id=6700, browser=Firefox
Testing: csp_id=635, page_id=6800, browser=Firefox
Testing: csp_id=635, page_id=6900, browser=Firefox
Testing: csp_id=635, page_id=7000, browser=Firefox
Testing: csp_id=635, page_id=7100, browser=Firefox
Testing: csp_id=635, page_id=7200, browser=Firefox
Testing: csp_id=635, page_id=7300, browser=Firefox
Testing: csp_id=635, page_id=7400, browser=Firefox
Testing: csp_id=635, page_id=7500, browser=Firefox
Testing: csp_id=635, page_id=7600, browser=Firefox
Testing: csp_id=635, page_id=7700, browser=Firefox
Testing: csp_id=635, page_id=7800, browser=Firefox
Testing: csp_id=635, page_id=7900, browser=Firefox
Testing: csp_id=635, page_id=8000, browser=Firefox
Testing: csp_id=635, page_id=8100, browser=Firefox
Testing: csp_id=635, page_id=8200, browser=Firefox
Testing: csp_id=635, page_id=8300, browser=Firefox
Testing: csp_id=635, page_id=8400, browser=Firefox
Testing: csp_id=635, page_id=8500, browser=Firefox
Testing: csp_id=635, page_id=8600, browser=Firefox
Testing: csp_id=635, page_id=8700, browser=Firefox
Testing: csp_id=635, page_id=8800, browser=Firefox
Testing: csp_id=635, page_id=8900, browser=Firefox
Testing: csp_id=635, page_id=9000, browser=Firefox
Testing: csp_id=635, page_id=9100, browser=Firefox
Testing: csp_id=635, page_id=9200, browser=Firefox
Testing: csp_id=635, page_id=9300, browser=Firefox
Testing: csp_id=635, page_id=9400, browser=Firefox
Testing: csp_id=635, page_id=9500, browser=Firefox
Testing: csp_id=635, page_id=9600, browser=Firefox
Testing: csp_id=635, page_id=9700, browser=Firefox
Testing: csp_id=635, page_id=9800, browser=Firefox
Testing: csp_id=635, page_id=9900, browser=Firefox
Testing: csp_id=635, page_id=10000, browser=Firefox
Testing: csp_id=635, page_id=10100, browser=Firefox
Testing: csp_id=635, page_id=10200, browser=Firefox
Testing: csp_id=635, page_id=10300, browser=Firefox
Testing: csp_id=635, page_id=10400, browser=Firefox
Testing: csp_id=635, page_id=10500, browser=Firefox
Testing: csp_id=635, page_id=10600, browser=Firefox
Testing: csp_id=635, page_id=10700, browser=Firefox
Testing: csp_id=635, page_id=10800, browser=Firefox
Testing: csp_id=635, page_id=10900, browser=Firefox
Testing: csp_id=635, page_id=11000, browser=Firefox
Testing: csp_id=635, page_id=11100, browser=Firefox
Testing: csp_id=635, page_id=11200, browser=Firefox
Testing: csp_id=635, page_id=11300, browser=Firefox
Testing: csp_id=635, page_id=11400, browser=Firefox
Testing: csp_id=635, page_id=11500, browser=Firefox
Testing: csp_id=635, page_id=11600, browser=Firefox
Testing: csp_id=635, page_id=11700, browser=Firefox
Testing: csp_id=635, page_id=11800, browser=Firefox
Testing: csp_id=635, page_id=11900, browser=Firefox
Testing: csp_id=635, page_id=12000, browser=Firefox
Testing: csp_id=635, page_id=12100, browser=Firefox
Testing: csp_id=635, page_id=12200, browser=Firefox
Testing: csp_id=635, page_id=12300, browser=Firefox
Testing: csp_id=635, page_id=12400, browser=Firefox
Testing: csp_id=635, page_id=12500, browser=Firefox
Testing: csp_id=635, page_id=12600, browser=Firefox
Testing: csp_id=635, page_id=12700, browser=Firefox
Testing: csp_id=635, page_id=12800, browser=Firefox
Testing: csp_id=635, page_id=12900, browser=Firefox
Testing: csp_id=635, page_id=13000, browser=Firefox
Testing: csp_id=635, page_id=13100, browser=Firefox
Testing: csp_id=635, page_id=13200, browser=Firefox
Testing: csp_id=635, page_id=13300, browser=Firefox
Testing: csp_id=635, page_id=13400, browser=Firefox
Testing: csp_id=635, page_id=13500, browser=Firefox
Testing: csp_id=635, page_id=13600, browser=Firefox
Testing: csp_id=635, page_id=13700, browser=Firefox
Testing: csp_id=635, page_id=13800, browser=Firefox
Testing: csp_id=635, page_id=13900, browser=Firefox
Testing: csp_id=635, page_id=14000, browser=Firefox
Testing: csp_id=635, page_id=14100, browser=Firefox
Testing: csp_id=635, page_id=14200, browser=Firefox
Testing: csp_id=635, page_id=14300, browser=Firefox
Testing: csp_id=635, page_id=14400, browser=Firefox
Testing: csp_id=635, page_id=14500, browser=Firefox
Testing: csp_id=635, page_id=14600, browser=Firefox
Testing: csp_id=635, page_id=14700, browser=Firefox
Testing: csp_id=635, page_id=14800, browser=Firefox
Testing: csp_id=635, page_id=14900, browser=Firefox
Testing: csp_id=635, page_id=15000, browser=Firefox
Testing: csp_id=635, page_id=15100, browser=Firefox
Testing: csp_id=635, page_id=15200, browser=Firefox
Testing: csp_id=635, page_id=15300, browser=Firefox
Testing: csp_id=635, page_id=15400, browser=Firefox
Testing: csp_id=635, page_id=15500, browser=Firefox
Testing: csp_id=635, page_id=15600, browser=Firefox
Testing: csp_id=635, page_id=15700, browser=Firefox
Testing: csp_id=635, page_id=15800, browser=Firefox
Testing: csp_id=635, page_id=15900, browser=Firefox
Testing: csp_id=635, page_id=16000, browser=Firefox
Testing: csp_id=635, page_id=16100, browser=Firefox
Testing: csp_id=635, page_id=16200, browser=Firefox
Testing: csp_id=635, page_id=16300, browser=Firefox
Testing: csp_id=635, page_id=16400, browser=Firefox
Testing: csp_id=635, page_id=16500, browser=Firefox
Testing: csp_id=635, page_id=16600, browser=Firefox
Testing: csp_id=635, page_id=16700, browser=Firefox
Testing: csp_id=635, page_id=16800, browser=Firefox
Testing: csp_id=635, page_id=16900, browser=Firefox
Testing: csp_id=635, page_id=17000, browser=Firefox
Testing: csp_id=635, page_id=17100, browser=Firefox
Testing: csp_id=635, page_id=17200, browser=Firefox
Testing: csp_id=635, page_id=17300, browser=Firefox
Testing: csp_id=635, page_id=17400, browser=Firefox
Testing: csp_id=635, page_id=17500, browser=Firefox
Testing: csp_id=635, page_id=17600, browser=Firefox
Testing: csp_id=635, page_id=17700, browser=Firefox
Testing: csp_id=635, page_id=17800, browser=Firefox
Testing: csp_id=635, page_id=17900, browser=Firefox
Testing: csp_id=635, page_id=18000, browser=Firefox
Testing: csp_id=635, page_id=18100, browser=Firefox
Testing: csp_id=635, page_id=18200, browser=Firefox
Testing: csp_id=635, page_id=18300, browser=Firefox
Testing: csp_id=635, page_id=18400, browser=Firefox
Testing: csp_id=635, page_id=18500, browser=Firefox
Testing: csp_id=635, page_id=18600, browser=Firefox
Testing: csp_id=635, page_id=18700, browser=Firefox
Testing: csp_id=635, page_id=18800, browser=Firefox
Testing: csp_id=635, page_id=18900, browser=Firefox
Testing: csp_id=635, page_id=19000, browser=Firefox
Testing: csp_id=635, page_id=19100, browser=Firefox
Testing: csp_id=635, page_id=19200, browser=Firefox
Testing: csp_id=635, page_id=19300, browser=Firefox
Testing: csp_id=635, page_id=19400, browser=Firefox
Testing: csp_id=635, page_id=19500, browser=Firefox
Testing: csp_id=635, page_id=19600, browser=Firefox
Testing: csp_id=635, page_id=19700, browser=Firefox
Testing: csp_id=635, page_id=19800, browser=Firefox
Testing: csp_id=635, page_id=19900, browser=Firefox
Testing: csp_id=635, page_id=20000, browser=Firefox
Testing: csp_id=635, page_id=20100, browser=Firefox
Testing: csp_id=635, page_id=20200, browser=Firefox
Testing: csp_id=635, page_id=20300, browser=Firefox
Testing: csp_id=635, page_id=20400, browser=Firefox
Testing: csp_id=635, page_id=20500, browser=Firefox
Testing: csp_id=635, page_id=20600, browser=Firefox
Testing: csp_id=635, page_id=20700, browser=Firefox
Testing: csp_id=635, page_id=20800, browser=Firefox
Testing: csp_id=635, page_id=20900, browser=Firefox
Testing: csp_id=635, page_id=21000, browser=Firefox
Testing: csp_id=635, page_id=21100, browser=Firefox
Testing: csp_id=635, page_id=21200, browser=Firefox
Testing: csp_id=635, page_id=21300, browser=Firefox
Testing: csp_id=635, page_id=21400, browser=Firefox
Testing: csp_id=635, page_id=21500, browser=Firefox
Testing: csp_id=635, page_id=21600, browser=Firefox
Testing: csp_id=635, page_id=21700, browser=Firefox
Testing: csp_id=635, page_id=21800, browser=Firefox
Testing: csp_id=635, page_id=21900, browser=Firefox
Testing: csp_id=635, page_id=22000, browser=Firefox
Testing: csp_id=635, page_id=22100, browser=Firefox
Testing: csp_id=635, page_id=22200, browser=Firefox
Testing: csp_id=635, page_id=22300, browser=Firefox
Testing: csp_id=635, page_id=22400, browser=Firefox
Testing: csp_id=635, page_id=22500, browser=Firefox
Testing: csp_id=635, page_id=22600, browser=Firefox
Testing: csp_id=635, page_id=22700, browser=Firefox
Testing: csp_id=635, page_id=22800, browser=Firefox
Testing: csp_id=635, page_id=22900, browser=Firefox
Testing: csp_id=635, page_id=23000, browser=Firefox
Testing: csp_id=635, page_id=23100, browser=Firefox
Testing: csp_id=635, page_id=23200, browser=Firefox
Testing: csp_id=635, page_id=23300, browser=Firefox
Testing: csp_id=635, page_id=23400, browser=Firefox
Testing: csp_id=635, page_id=23500, browser=Firefox
Testing: csp_id=635, page_id=23600, browser=Firefox
Testing: csp_id=635, page_id=23700, browser=Firefox
Testing: csp_id=635, page_id=23800, browser=Firefox
Testing: csp_id=635, page_id=23900, browser=Firefox
Testing: csp_id=635, page_id=24000, browser=Firefox
Testing: csp_id=635, page_id=24100, browser=Firefox
Testing: csp_id=635, page_id=24200, browser=Firefox
Testing: csp_id=635, page_id=24300, browser=Firefox
Testing: csp_id=635, page_id=24400, browser=Firefox
Testing: csp_id=635, page_id=24500, browser=Firefox
Testing: csp_id=635, page_id=24600, browser=Firefox
Testing: csp_id=635, page_id=24700, browser=Firefox
Testing: csp_id=635, page_id=24800, browser=Firefox
Testing: csp_id=635, page_id=24900, browser=Firefox
Testing: csp_id=635, page_id=25000, browser=Firefox
Testing: csp_id=635, page_id=25100, browser=Firefox
Testing: csp_id=635, page_id=25200, browser=Firefox
Testing: csp_id=635, page_id=25300, browser=Firefox
Testing: csp_id=635, page_id=25400, browser=Firefox
Testing: csp_id=635, page_id=25500, browser=Firefox
Testing: csp_id=635, page_id=25600, browser=Firefox
Testing: csp_id=635, page_id=25700, browser=Firefox
Testing: csp_id=635, page_id=25800, browser=Firefox
Testing: csp_id=635, page_id=25900, browser=Firefox
Testing: csp_id=635, page_id=26000, browser=Firefox
Testing: csp_id=635, page_id=26100, browser=Firefox
Testing: csp_id=635, page_id=26200, browser=Firefox
Testing: csp_id=635, page_id=26300, browser=Firefox
Testing: csp_id=635, page_id=26400, browser=Firefox
Testing: csp_id=635, page_id=26500, browser=Firefox
Testing: csp_id=635, page_id=26600, browser=Firefox
Testing: csp_id=635, page_id=26700, browser=Firefox
Testing: csp_id=635, page_id=26800, browser=Firefox
Testing: csp_id=635, page_id=26900, browser=Firefox
Testing: csp_id=635, page_id=27000, browser=Firefox
Testing: csp_id=635, page_id=27100, browser=Firefox
Testing: csp_id=635, page_id=27200, browser=Firefox
Testing: csp_id=635, page_id=27300, browser=Firefox
Testing: csp_id=635, page_id=27400, browser=Firefox
Testing: csp_id=635, page_id=27500, browser=Firefox
Testing: csp_id=635, page_id=27600, browser=Firefox
Testing: csp_id=635, page_id=27700, browser=Firefox
Testing: csp_id=635, page_id=27800, browser=Firefox
Testing: csp_id=635, page_id=27900, browser=Firefox
Testing: csp_id=635, page_id=28000, browser=Firefox
Testing: csp_id=635, page_id=28100, browser=Firefox
Testing: csp_id=635, page_id=28200, browser=Firefox
Testing: csp_id=635, page_id=28300, browser=Firefox
Testing: csp_id=635, page_id=28400, browser=Firefox
Testing: csp_id=635, page_id=28500, browser=Firefox
Testing: csp_id=635, page_id=28600, browser=Firefox
Testing: csp_id=635, page_id=28700, browser=Firefox
Testing: csp_id=635, page_id=28800, browser=Firefox
Testing: csp_id=635, page_id=28900, browser=Firefox
Testing: csp_id=635, page_id=29000, browser=Firefox
Testing: csp_id=635, page_id=29100, browser=Firefox
Testing: csp_id=635, page_id=29200, browser=Firefox
Testing: csp_id=635, page_id=29300, browser=Firefox
Testing: csp_id=635, page_id=29400, browser=Firefox
Testing: csp_id=635, page_id=29500, browser=Firefox
Testing: csp_id=635, page_id=29600, browser=Firefox
Testing: csp_id=635, page_id=29700, browser=Firefox
Testing: csp_id=635, page_id=29800, browser=Firefox
🏊 create_context_pools[first] (5x16): 28.650s
Testing: csp_id=647, page_id=0, browser=Firefox
Testing: csp_id=647, page_id=100, browser=Firefox
Testing: csp_id=647, page_id=200, browser=Firefox
Testing: csp_id=647, page_id=300, browser=Firefox
Testing: csp_id=647, page_id=400, browser=Firefox
Testing: csp_id=647, page_id=500, browser=Firefox
Testing: csp_id=647, page_id=600, browser=Firefox
Testing: csp_id=647, page_id=700, browser=Firefox
Testing: csp_id=647, page_id=800, browser=Firefox
Testing: csp_id=647, page_id=900, browser=Firefox
Testing: csp_id=647, page_id=1000, browser=Firefox
Testing: csp_id=647, page_id=1100, browser=Firefox
Testing: csp_id=647, page_id=1200, browser=Firefox
Testing: csp_id=647, page_id=1300, browser=Firefox
Testing: csp_id=647, page_id=1400, browser=Firefox
Testing: csp_id=647, page_id=1500, browser=Firefox
Testing: csp_id=647, page_id=1600, browser=Firefox
Testing: csp_id=647, page_id=1700, browser=Firefox
Testing: csp_id=647, page_id=1800, browser=Firefox
Testing: csp_id=647, page_id=1900, browser=Firefox
Testing: csp_id=647, page_id=2000, browser=Firefox
Testing: csp_id=647, page_id=2100, browser=Firefox
Testing: csp_id=647, page_id=2200, browser=Firefox
Testing: csp_id=647, page_id=2300, browser=Firefox
Testing: csp_id=647, page_id=2400, browser=Firefox
Testing: csp_id=647, page_id=2500, browser=Firefox
Testing: csp_id=647, page_id=2600, browser=Firefox
Testing: csp_id=647, page_id=2700, browser=Firefox
Testing: csp_id=647, page_id=2800, browser=Firefox
Testing: csp_id=647, page_id=2900, browser=Firefox
Testing: csp_id=647, page_id=3000, browser=Firefox
Testing: csp_id=647, page_id=3100, browser=Firefox
Testing: csp_id=647, page_id=3200, browser=Firefox
Testing: csp_id=647, page_id=3300, browser=Firefox
Testing: csp_id=647, page_id=3400, browser=Firefox
Testing: csp_id=647, page_id=3500, browser=Firefox
Testing: csp_id=647, page_id=3600, browser=Firefox
Testing: csp_id=647, page_id=3700, browser=Firefox
Testing: csp_id=647, page_id=3800, browser=Firefox
Testing: csp_id=647, page_id=3900, browser=Firefox
Testing: csp_id=647, page_id=4000, browser=Firefox
Testing: csp_id=647, page_id=4100, browser=Firefox
Testing: csp_id=647, page_id=4200, browser=Firefox
Testing: csp_id=647, page_id=4300, browser=Firefox
Testing: csp_id=647, page_id=4400, browser=Firefox
Testing: csp_id=647, page_id=4500, browser=Firefox
Testing: csp_id=647, page_id=4600, browser=Firefox
Testing: csp_id=647, page_id=4700, browser=Firefox
Testing: csp_id=647, page_id=4800, browser=Firefox
Testing: csp_id=647, page_id=4900, browser=Firefox
Testing: csp_id=647, page_id=5000, browser=Firefox
Testing: csp_id=647, page_id=5100, browser=Firefox
Testing: csp_id=647, page_id=5200, browser=Firefox
Testing: csp_id=647, page_id=5300, browser=Firefox
Testing: csp_id=647, page_id=5400, browser=Firefox
Testing: csp_id=647, page_id=5500, browser=Firefox
Testing: csp_id=647, page_id=5600, browser=Firefox
Testing: csp_id=647, page_id=5700, browser=Firefox
Testing: csp_id=647, page_id=5800, browser=Firefox
Testing: csp_id=647, page_id=5900, browser=Firefox
Testing: csp_id=647, page_id=6000, browser=Firefox
Testing: csp_id=647, page_id=6100, browser=Firefox
Testing: csp_id=647, page_id=6200, browser=Firefox
Testing: csp_id=647, page_id=6300, browser=Firefox
Testing: csp_id=647, page_id=6400, browser=Firefox
Testing: csp_id=647, page_id=6500, browser=Firefox
Testing: csp_id=647, page_id=6600, browser=Firefox
Testing: csp_id=647, page_id=6700, browser=Firefox
Testing: csp_id=647, page_id=6800, browser=Firefox
Testing: csp_id=647, page_id=6900, browser=Firefox
Testing: csp_id=647, page_id=7000, browser=Firefox
Testing: csp_id=647, page_id=7100, browser=Firefox
Testing: csp_id=647, page_id=7200, browser=Firefox
Testing: csp_id=647, page_id=7300, browser=Firefox
Testing: csp_id=647, page_id=7400, browser=Firefox
Testing: csp_id=647, page_id=7500, browser=Firefox
Testing: csp_id=647, page_id=7600, browser=Firefox
Testing: csp_id=647, page_id=7700, browser=Firefox
Testing: csp_id=647, page_id=7800, browser=Firefox
Testing: csp_id=647, page_id=7900, browser=Firefox
Testing: csp_id=647, page_id=8000, browser=Firefox
Testing: csp_id=647, page_id=8100, browser=Firefox
Testing: csp_id=647, page_id=8200, browser=Firefox
Testing: csp_id=647, page_id=8300, browser=Firefox
Testing: csp_id=647, page_id=8400, browser=Firefox
Testing: csp_id=647, page_id=8500, browser=Firefox
Testing: csp_id=647, page_id=8600, browser=Firefox
Testing: csp_id=647, page_id=8700, browser=Firefox
Testing: csp_id=647, page_id=8800, browser=Firefox
Testing: csp_id=647, page_id=8900, browser=Firefox
Testing: csp_id=647, page_id=9000, browser=Firefox
Testing: csp_id=647, page_id=9100, browser=Firefox
Testing: csp_id=647, page_id=9200, browser=Firefox
Testing: csp_id=647, page_id=9300, browser=Firefox
Testing: csp_id=647, page_id=9400, browser=Firefox
Testing: csp_id=647, page_id=9500, browser=Firefox
Testing: csp_id=647, page_id=9600, browser=Firefox
Testing: csp_id=647, page_id=9700, browser=Firefox
Testing: csp_id=647, page_id=9800, browser=Firefox
Testing: csp_id=647, page_id=9900, browser=Firefox
Testing: csp_id=647, page_id=10000, browser=Firefox
Testing: csp_id=647, page_id=10100, browser=Firefox
Testing: csp_id=647, page_id=10200, browser=Firefox
Testing: csp_id=647, page_id=10300, browser=Firefox
Testing: csp_id=647, page_id=10400, browser=Firefox
Testing: csp_id=647, page_id=10500, browser=Firefox
Testing: csp_id=647, page_id=10600, browser=Firefox
Testing: csp_id=647, page_id=10700, browser=Firefox
Testing: csp_id=647, page_id=10800, browser=Firefox
Testing: csp_id=647, page_id=10900, browser=Firefox
Testing: csp_id=647, page_id=11000, browser=Firefox
Testing: csp_id=647, page_id=11100, browser=Firefox
Testing: csp_id=647, page_id=11200, browser=Firefox
Testing: csp_id=647, page_id=11300, browser=Firefox
Testing: csp_id=647, page_id=11400, browser=Firefox
Testing: csp_id=647, page_id=11500, browser=Firefox
Testing: csp_id=647, page_id=11600, browser=Firefox
Testing: csp_id=647, page_id=11700, browser=Firefox
Testing: csp_id=647, page_id=11800, browser=Firefox
Testing: csp_id=647, page_id=11900, browser=Firefox
Testing: csp_id=647, page_id=12000, browser=Firefox
Testing: csp_id=647, page_id=12100, browser=Firefox
Testing: csp_id=647, page_id=12200, browser=Firefox
Testing: csp_id=647, page_id=12300, browser=Firefox
Testing: csp_id=647, page_id=12400, browser=Firefox
Testing: csp_id=647, page_id=12500, browser=Firefox
Testing: csp_id=647, page_id=12600, browser=Firefox
Testing: csp_id=647, page_id=12700, browser=Firefox
Testing: csp_id=647, page_id=12800, browser=Firefox
Testing: csp_id=647, page_id=12900, browser=Firefox
Testing: csp_id=647, page_id=13000, browser=Firefox
Testing: csp_id=647, page_id=13100, browser=Firefox
Testing: csp_id=647, page_id=13200, browser=Firefox
Testing: csp_id=647, page_id=13300, browser=Firefox
Testing: csp_id=647, page_id=13400, browser=Firefox
Testing: csp_id=647, page_id=13500, browser=Firefox
Testing: csp_id=647, page_id=13600, browser=Firefox
Testing: csp_id=647, page_id=13700, browser=Firefox
Testing: csp_id=647, page_id=13800, browser=Firefox
Testing: csp_id=647, page_id=13900, browser=Firefox
Testing: csp_id=647, page_id=14000, browser=Firefox
Testing: csp_id=647, page_id=14100, browser=Firefox
Testing: csp_id=647, page_id=14200, browser=Firefox
Testing: csp_id=647, page_id=14300, browser=Firefox
Testing: csp_id=647, page_id=14400, browser=Firefox
Testing: csp_id=647, page_id=14500, browser=Firefox
Testing: csp_id=647, page_id=14600, browser=Firefox
Testing: csp_id=647, page_id=14700, browser=Firefox
Testing: csp_id=647, page_id=14800, browser=Firefox
Testing: csp_id=647, page_id=14900, browser=Firefox
Testing: csp_id=647, page_id=15000, browser=Firefox
Testing: csp_id=647, page_id=15100, browser=Firefox
Testing: csp_id=647, page_id=15200, browser=Firefox
Testing: csp_id=647, page_id=15300, browser=Firefox
Testing: csp_id=647, page_id=15400, browser=Firefox
Testing: csp_id=647, page_id=15500, browser=Firefox
Testing: csp_id=647, page_id=15600, browser=Firefox
Testing: csp_id=647, page_id=15700, browser=Firefox
Testing: csp_id=647, page_id=15800, browser=Firefox
Testing: csp_id=647, page_id=15900, browser=Firefox
Testing: csp_id=647, page_id=16000, browser=Firefox
Testing: csp_id=647, page_id=16100, browser=Firefox
Testing: csp_id=647, page_id=16200, browser=Firefox
Testing: csp_id=647, page_id=16300, browser=Firefox
Testing: csp_id=647, page_id=16400, browser=Firefox
Testing: csp_id=647, page_id=16500, browser=Firefox
Testing: csp_id=647, page_id=16600, browser=Firefox
Testing: csp_id=647, page_id=16700, browser=Firefox
Testing: csp_id=647, page_id=16800, browser=Firefox
Testing: csp_id=647, page_id=16900, browser=Firefox
Testing: csp_id=647, page_id=17000, browser=Firefox
Testing: csp_id=647, page_id=17100, browser=Firefox
Testing: csp_id=647, page_id=17200, browser=Firefox
Testing: csp_id=647, page_id=17300, browser=Firefox
Testing: csp_id=647, page_id=17400, browser=Firefox
Testing: csp_id=647, page_id=17500, browser=Firefox
Testing: csp_id=647, page_id=17600, browser=Firefox
Testing: csp_id=647, page_id=17700, browser=Firefox
Testing: csp_id=647, page_id=17800, browser=Firefox
Testing: csp_id=647, page_id=17900, browser=Firefox
Testing: csp_id=647, page_id=18000, browser=Firefox
Testing: csp_id=647, page_id=18100, browser=Firefox
Testing: csp_id=647, page_id=18200, browser=Firefox
Testing: csp_id=647, page_id=18300, browser=Firefox
Testing: csp_id=647, page_id=18400, browser=Firefox
Testing: csp_id=647, page_id=18500, browser=Firefox
Testing: csp_id=647, page_id=18600, browser=Firefox
Testing: csp_id=647, page_id=18700, browser=Firefox
Testing: csp_id=647, page_id=18800, browser=Firefox
Testing: csp_id=647, page_id=18900, browser=Firefox
Testing: csp_id=647, page_id=19000, browser=Firefox
Testing: csp_id=647, page_id=19100, browser=Firefox
Testing: csp_id=647, page_id=19200, browser=Firefox
Testing: csp_id=647, page_id=19300, browser=Firefox
Testing: csp_id=647, page_id=19400, browser=Firefox
Testing: csp_id=647, page_id=19500, browser=Firefox
Testing: csp_id=647, page_id=19600, browser=Firefox
Testing: csp_id=647, page_id=19700, browser=Firefox
Testing: csp_id=647, page_id=19800, browser=Firefox
Testing: csp_id=647, page_id=19900, browser=Firefox
Testing: csp_id=647, page_id=20000, browser=Firefox
Testing: csp_id=647, page_id=20100, browser=Firefox
Testing: csp_id=647, page_id=20200, browser=Firefox
Testing: csp_id=647, page_id=20300, browser=Firefox
Testing: csp_id=647, page_id=20400, browser=Firefox
Testing: csp_id=647, page_id=20500, browser=Firefox
Testing: csp_id=647, page_id=20600, browser=Firefox
Testing: csp_id=647, page_id=20700, browser=Firefox
Testing: csp_id=647, page_id=20800, browser=Firefox
Testing: csp_id=647, page_id=20900, browser=Firefox
Testing: csp_id=647, page_id=21000, browser=Firefox
Testing: csp_id=647, page_id=21100, browser=Firefox
Testing: csp_id=647, page_id=21200, browser=Firefox
Testing: csp_id=647, page_id=21300, browser=Firefox
Testing: csp_id=647, page_id=21400, browser=Firefox
Testing: csp_id=647, page_id=21500, browser=Firefox
Testing: csp_id=647, page_id=21600, browser=Firefox
Testing: csp_id=647, page_id=21700, browser=Firefox
Testing: csp_id=647, page_id=21800, browser=Firefox
Testing: csp_id=647, page_id=21900, browser=Firefox
Testing: csp_id=647, page_id=22000, browser=Firefox
Testing: csp_id=647, page_id=22100, browser=Firefox
Testing: csp_id=647, page_id=22200, browser=Firefox
Testing: csp_id=647, page_id=22300, browser=Firefox
Testing: csp_id=647, page_id=22400, browser=Firefox
Testing: csp_id=647, page_id=22500, browser=Firefox
Testing: csp_id=647, page_id=22600, browser=Firefox
Testing: csp_id=647, page_id=22700, browser=Firefox
Testing: csp_id=647, page_id=22800, browser=Firefox
Testing: csp_id=647, page_id=22900, browser=Firefox
Testing: csp_id=647, page_id=23000, browser=Firefox
Testing: csp_id=647, page_id=23100, browser=Firefox
Testing: csp_id=647, page_id=23200, browser=Firefox
Testing: csp_id=647, page_id=23300, browser=Firefox
Testing: csp_id=647, page_id=23400, browser=Firefox
Testing: csp_id=647, page_id=23500, browser=Firefox
Testing: csp_id=647, page_id=23600, browser=Firefox
Testing: csp_id=647, page_id=23700, browser=Firefox
Testing: csp_id=647, page_id=23800, browser=Firefox
Testing: csp_id=647, page_id=23900, browser=Firefox
Testing: csp_id=647, page_id=24000, browser=Firefox
Testing: csp_id=647, page_id=24100, browser=Firefox
Testing: csp_id=647, page_id=24200, browser=Firefox
Testing: csp_id=647, page_id=24300, browser=Firefox
Testing: csp_id=647, page_id=24400, browser=Firefox
Testing: csp_id=647, page_id=24500, browser=Firefox
Testing: csp_id=647, page_id=24600, browser=Firefox
Testing: csp_id=647, page_id=24700, browser=Firefox
Testing: csp_id=647, page_id=24800, browser=Firefox
Testing: csp_id=647, page_id=24900, browser=Firefox
Testing: csp_id=647, page_id=25000, browser=Firefox
Testing: csp_id=647, page_id=25100, browser=Firefox
Testing: csp_id=647, page_id=25200, browser=Firefox
Testing: csp_id=647, page_id=25300, browser=Firefox
Testing: csp_id=647, page_id=25400, browser=Firefox
Testing: csp_id=647, page_id=25500, browser=Firefox
Testing: csp_id=647, page_id=25600, browser=Firefox
Testing: csp_id=647, page_id=25700, browser=Firefox
Testing: csp_id=647, page_id=25800, browser=Firefox
Testing: csp_id=647, page_id=25900, browser=Firefox
Testing: csp_id=647, page_id=26000, browser=Firefox
Testing: csp_id=647, page_id=26100, browser=Firefox
Testing: csp_id=647, page_id=26200, browser=Firefox
Testing: csp_id=647, page_id=26300, browser=Firefox
Testing: csp_id=647, page_id=26400, browser=Firefox
Testing: csp_id=647, page_id=26500, browser=Firefox
Testing: csp_id=647, page_id=26600, browser=Firefox
Testing: csp_id=647, page_id=26700, browser=Firefox
Testing: csp_id=647, page_id=26800, browser=Firefox
Testing: csp_id=647, page_id=26900, browser=Firefox
Testing: csp_id=647, page_id=27000, browser=Firefox
Testing: csp_id=647, page_id=27100, browser=Firefox
Testing: csp_id=647, page_id=27200, browser=Firefox
Testing: csp_id=647, page_id=27300, browser=Firefox
Testing: csp_id=647, page_id=27400, browser=Firefox
Testing: csp_id=647, page_id=27500, browser=Firefox
Testing: csp_id=647, page_id=27600, browser=Firefox
Testing: csp_id=647, page_id=27700, browser=Firefox
Testing: csp_id=647, page_id=27800, browser=Firefox
Testing: csp_id=647, page_id=27900, browser=Firefox
Testing: csp_id=647, page_id=28000, browser=Firefox
Testing: csp_id=647, page_id=28100, browser=Firefox
Testing: csp_id=647, page_id=28200, browser=Firefox
Testing: csp_id=647, page_id=28300, browser=Firefox
Testing: csp_id=647, page_id=28400, browser=Firefox
Testing: csp_id=647, page_id=28500, browser=Firefox
Testing: csp_id=647, page_id=28600, browser=Firefox
Testing: csp_id=647, page_id=28700, browser=Firefox
Testing: csp_id=647, page_id=28800, browser=Firefox
Testing: csp_id=647, page_id=28900, browser=Firefox
Testing: csp_id=647, page_id=29000, browser=Firefox
Testing: csp_id=647, page_id=29100, browser=Firefox
Testing: csp_id=647, page_id=29200, browser=Firefox
Testing: csp_id=647, page_id=29300, browser=Firefox
Testing: csp_id=647, page_id=29400, browser=Firefox
Testing: csp_id=647, page_id=29500, browser=Firefox
Testing: csp_id=647, page_id=29600, browser=Firefox
Testing: csp_id=647, page_id=29700, browser=Firefox
Testing: csp_id=647, page_id=29800, browser=Firefox
🏊 create_context_pools[first] (5x16): 27.483s
Testing: csp_id=659, page_id=0, browser=Firefox
Testing: csp_id=659, page_id=100, browser=Firefox
Testing: csp_id=659, page_id=200, browser=Firefox
Testing: csp_id=659, page_id=300, browser=Firefox
Testing: csp_id=659, page_id=400, browser=Firefox
Testing: csp_id=659, page_id=500, browser=Firefox
Testing: csp_id=659, page_id=600, browser=Firefox
Testing: csp_id=659, page_id=700, browser=Firefox
Testing: csp_id=659, page_id=800, browser=Firefox
Testing: csp_id=659, page_id=900, browser=Firefox
Testing: csp_id=659, page_id=1000, browser=Firefox
Testing: csp_id=659, page_id=1100, browser=Firefox
Testing: csp_id=659, page_id=1200, browser=Firefox
Testing: csp_id=659, page_id=1300, browser=Firefox
Testing: csp_id=659, page_id=1400, browser=Firefox
Testing: csp_id=659, page_id=1500, browser=Firefox
Testing: csp_id=659, page_id=1600, browser=Firefox
Testing: csp_id=659, page_id=1700, browser=Firefox
Testing: csp_id=659, page_id=1800, browser=Firefox
Testing: csp_id=659, page_id=1900, browser=Firefox
Testing: csp_id=659, page_id=2000, browser=Firefox
Testing: csp_id=659, page_id=2100, browser=Firefox
Testing: csp_id=659, page_id=2200, browser=Firefox
Testing: csp_id=659, page_id=2300, browser=Firefox
Testing: csp_id=659, page_id=2400, browser=Firefox
Testing: csp_id=659, page_id=2500, browser=Firefox
Testing: csp_id=659, page_id=2600, browser=Firefox
Testing: csp_id=659, page_id=2700, browser=Firefox
Testing: csp_id=659, page_id=2800, browser=Firefox
Testing: csp_id=659, page_id=2900, browser=Firefox
Testing: csp_id=659, page_id=3000, browser=Firefox
Testing: csp_id=659, page_id=3100, browser=Firefox
Testing: csp_id=659, page_id=3200, browser=Firefox
Testing: csp_id=659, page_id=3300, browser=Firefox
Testing: csp_id=659, page_id=3400, browser=Firefox
Testing: csp_id=659, page_id=3500, browser=Firefox
Testing: csp_id=659, page_id=3600, browser=Firefox
Testing: csp_id=659, page_id=3700, browser=Firefox
Testing: csp_id=659, page_id=3800, browser=Firefox
Testing: csp_id=659, page_id=3900, browser=Firefox
Testing: csp_id=659, page_id=4000, browser=Firefox
Testing: csp_id=659, page_id=4100, browser=Firefox
Testing: csp_id=659, page_id=4200, browser=Firefox
Testing: csp_id=659, page_id=4300, browser=Firefox
Testing: csp_id=659, page_id=4400, browser=Firefox
Testing: csp_id=659, page_id=4500, browser=Firefox
Testing: csp_id=659, page_id=4600, browser=Firefox
Testing: csp_id=659, page_id=4700, browser=Firefox
Testing: csp_id=659, page_id=4800, browser=Firefox
Testing: csp_id=659, page_id=4900, browser=Firefox
Testing: csp_id=659, page_id=5000, browser=Firefox
Testing: csp_id=659, page_id=5100, browser=Firefox
Testing: csp_id=659, page_id=5200, browser=Firefox
Testing: csp_id=659, page_id=5300, browser=Firefox
Testing: csp_id=659, page_id=5400, browser=Firefox
Testing: csp_id=659, page_id=5500, browser=Firefox
Testing: csp_id=659, page_id=5600, browser=Firefox
Testing: csp_id=659, page_id=5700, browser=Firefox
Testing: csp_id=659, page_id=5800, browser=Firefox
Testing: csp_id=659, page_id=5900, browser=Firefox
Testing: csp_id=659, page_id=6000, browser=Firefox
Testing: csp_id=659, page_id=6100, browser=Firefox
Testing: csp_id=659, page_id=6200, browser=Firefox
Testing: csp_id=659, page_id=6300, browser=Firefox
Testing: csp_id=659, page_id=6400, browser=Firefox
Testing: csp_id=659, page_id=6500, browser=Firefox
Testing: csp_id=659, page_id=6600, browser=Firefox
Testing: csp_id=659, page_id=6700, browser=Firefox
Testing: csp_id=659, page_id=6800, browser=Firefox
Testing: csp_id=659, page_id=6900, browser=Firefox
Testing: csp_id=659, page_id=7000, browser=Firefox
Testing: csp_id=659, page_id=7100, browser=Firefox
Testing: csp_id=659, page_id=7200, browser=Firefox
Testing: csp_id=659, page_id=7300, browser=Firefox
Testing: csp_id=659, page_id=7400, browser=Firefox
Testing: csp_id=659, page_id=7500, browser=Firefox
Testing: csp_id=659, page_id=7600, browser=Firefox
Testing: csp_id=659, page_id=7700, browser=Firefox
Testing: csp_id=659, page_id=7800, browser=Firefox
Testing: csp_id=659, page_id=7900, browser=Firefox
Testing: csp_id=659, page_id=8000, browser=Firefox
Testing: csp_id=659, page_id=8100, browser=Firefox
Testing: csp_id=659, page_id=8200, browser=Firefox
Testing: csp_id=659, page_id=8300, browser=Firefox
Testing: csp_id=659, page_id=8400, browser=Firefox
Testing: csp_id=659, page_id=8500, browser=Firefox
Testing: csp_id=659, page_id=8600, browser=Firefox
Testing: csp_id=659, page_id=8700, browser=Firefox
Testing: csp_id=659, page_id=8800, browser=Firefox
Testing: csp_id=659, page_id=8900, browser=Firefox
Testing: csp_id=659, page_id=9000, browser=Firefox
Testing: csp_id=659, page_id=9100, browser=Firefox
Testing: csp_id=659, page_id=9200, browser=Firefox
Testing: csp_id=659, page_id=9300, browser=Firefox
Testing: csp_id=659, page_id=9400, browser=Firefox
Testing: csp_id=659, page_id=9500, browser=Firefox
Testing: csp_id=659, page_id=9600, browser=Firefox
Testing: csp_id=659, page_id=9700, browser=Firefox
Testing: csp_id=659, page_id=9800, browser=Firefox
Testing: csp_id=659, page_id=9900, browser=Firefox
Testing: csp_id=659, page_id=10000, browser=Firefox
Testing: csp_id=659, page_id=10100, browser=Firefox
Testing: csp_id=659, page_id=10200, browser=Firefox
Testing: csp_id=659, page_id=10300, browser=Firefox
Testing: csp_id=659, page_id=10400, browser=Firefox
Testing: csp_id=659, page_id=10500, browser=Firefox
Testing: csp_id=659, page_id=10600, browser=Firefox
Testing: csp_id=659, page_id=10700, browser=Firefox
Testing: csp_id=659, page_id=10800, browser=Firefox
Testing: csp_id=659, page_id=10900, browser=Firefox
Testing: csp_id=659, page_id=11000, browser=Firefox
Testing: csp_id=659, page_id=11100, browser=Firefox
Testing: csp_id=659, page_id=11200, browser=Firefox
Testing: csp_id=659, page_id=11300, browser=Firefox
Testing: csp_id=659, page_id=11400, browser=Firefox
Testing: csp_id=659, page_id=11500, browser=Firefox
Testing: csp_id=659, page_id=11600, browser=Firefox
Testing: csp_id=659, page_id=11700, browser=Firefox
Testing: csp_id=659, page_id=11800, browser=Firefox
Testing: csp_id=659, page_id=11900, browser=Firefox
Testing: csp_id=659, page_id=12000, browser=Firefox
Testing: csp_id=659, page_id=12100, browser=Firefox
Testing: csp_id=659, page_id=12200, browser=Firefox
Testing: csp_id=659, page_id=12300, browser=Firefox
Testing: csp_id=659, page_id=12400, browser=Firefox
Testing: csp_id=659, page_id=12500, browser=Firefox
Testing: csp_id=659, page_id=12600, browser=Firefox
Testing: csp_id=659, page_id=12700, browser=Firefox
Testing: csp_id=659, page_id=12800, browser=Firefox
Testing: csp_id=659, page_id=12900, browser=Firefox
Testing: csp_id=659, page_id=13000, browser=Firefox
Testing: csp_id=659, page_id=13100, browser=Firefox
Testing: csp_id=659, page_id=13200, browser=Firefox
Testing: csp_id=659, page_id=13300, browser=Firefox
Testing: csp_id=659, page_id=13400, browser=Firefox
Testing: csp_id=659, page_id=13500, browser=Firefox
Testing: csp_id=659, page_id=13600, browser=Firefox
Testing: csp_id=659, page_id=13700, browser=Firefox
Testing: csp_id=659, page_id=13800, browser=Firefox
Testing: csp_id=659, page_id=13900, browser=Firefox
Testing: csp_id=659, page_id=14000, browser=Firefox
Testing: csp_id=659, page_id=14100, browser=Firefox
Testing: csp_id=659, page_id=14200, browser=Firefox
Testing: csp_id=659, page_id=14300, browser=Firefox
Testing: csp_id=659, page_id=14400, browser=Firefox
Testing: csp_id=659, page_id=14500, browser=Firefox
Testing: csp_id=659, page_id=14600, browser=Firefox
Testing: csp_id=659, page_id=14700, browser=Firefox
Testing: csp_id=659, page_id=14800, browser=Firefox
Testing: csp_id=659, page_id=14900, browser=Firefox
Testing: csp_id=659, page_id=15000, browser=Firefox
Testing: csp_id=659, page_id=15100, browser=Firefox
Testing: csp_id=659, page_id=15200, browser=Firefox
Testing: csp_id=659, page_id=15300, browser=Firefox
Testing: csp_id=659, page_id=15400, browser=Firefox
Testing: csp_id=659, page_id=15500, browser=Firefox
Testing: csp_id=659, page_id=15600, browser=Firefox
Testing: csp_id=659, page_id=15700, browser=Firefox
Testing: csp_id=659, page_id=15800, browser=Firefox
Testing: csp_id=659, page_id=15900, browser=Firefox
Testing: csp_id=659, page_id=16000, browser=Firefox
Testing: csp_id=659, page_id=16100, browser=Firefox
Testing: csp_id=659, page_id=16200, browser=Firefox
Testing: csp_id=659, page_id=16300, browser=Firefox
Testing: csp_id=659, page_id=16400, browser=Firefox
Testing: csp_id=659, page_id=16500, browser=Firefox
Testing: csp_id=659, page_id=16600, browser=Firefox
Testing: csp_id=659, page_id=16700, browser=Firefox
Testing: csp_id=659, page_id=16800, browser=Firefox
Testing: csp_id=659, page_id=16900, browser=Firefox
Testing: csp_id=659, page_id=17000, browser=Firefox
Testing: csp_id=659, page_id=17100, browser=Firefox
Testing: csp_id=659, page_id=17200, browser=Firefox
Testing: csp_id=659, page_id=17300, browser=Firefox
Testing: csp_id=659, page_id=17400, browser=Firefox
Testing: csp_id=659, page_id=17500, browser=Firefox
Testing: csp_id=659, page_id=17600, browser=Firefox
Testing: csp_id=659, page_id=17700, browser=Firefox
Testing: csp_id=659, page_id=17800, browser=Firefox
Testing: csp_id=659, page_id=17900, browser=Firefox
Testing: csp_id=659, page_id=18000, browser=Firefox
Testing: csp_id=659, page_id=18100, browser=Firefox
Testing: csp_id=659, page_id=18200, browser=Firefox
Testing: csp_id=659, page_id=18300, browser=Firefox
Testing: csp_id=659, page_id=18400, browser=Firefox
Testing: csp_id=659, page_id=18500, browser=Firefox
Testing: csp_id=659, page_id=18600, browser=Firefox
Testing: csp_id=659, page_id=18700, browser=Firefox
Testing: csp_id=659, page_id=18800, browser=Firefox
Testing: csp_id=659, page_id=18900, browser=Firefox
Testing: csp_id=659, page_id=19000, browser=Firefox
Testing: csp_id=659, page_id=19100, browser=Firefox
Testing: csp_id=659, page_id=19200, browser=Firefox
Testing: csp_id=659, page_id=19300, browser=Firefox
Testing: csp_id=659, page_id=19400, browser=Firefox
Testing: csp_id=659, page_id=19500, browser=Firefox
Testing: csp_id=659, page_id=19600, browser=Firefox
Testing: csp_id=659, page_id=19700, browser=Firefox
Testing: csp_id=659, page_id=19800, browser=Firefox
Testing: csp_id=659, page_id=19900, browser=Firefox
Testing: csp_id=659, page_id=20000, browser=Firefox
Testing: csp_id=659, page_id=20100, browser=Firefox
Testing: csp_id=659, page_id=20200, browser=Firefox
Testing: csp_id=659, page_id=20300, browser=Firefox
Testing: csp_id=659, page_id=20400, browser=Firefox
Testing: csp_id=659, page_id=20500, browser=Firefox
Testing: csp_id=659, page_id=20600, browser=Firefox
Testing: csp_id=659, page_id=20700, browser=Firefox
Testing: csp_id=659, page_id=20800, browser=Firefox
Testing: csp_id=659, page_id=20900, browser=Firefox
Testing: csp_id=659, page_id=21000, browser=Firefox
Testing: csp_id=659, page_id=21100, browser=Firefox
Testing: csp_id=659, page_id=21200, browser=Firefox
Testing: csp_id=659, page_id=21300, browser=Firefox
Testing: csp_id=659, page_id=21400, browser=Firefox
Testing: csp_id=659, page_id=21500, browser=Firefox
Testing: csp_id=659, page_id=21600, browser=Firefox
Testing: csp_id=659, page_id=21700, browser=Firefox
Testing: csp_id=659, page_id=21800, browser=Firefox
Testing: csp_id=659, page_id=21900, browser=Firefox
Testing: csp_id=659, page_id=22000, browser=Firefox
Testing: csp_id=659, page_id=22100, browser=Firefox
Testing: csp_id=659, page_id=22200, browser=Firefox
Testing: csp_id=659, page_id=22300, browser=Firefox
Testing: csp_id=659, page_id=22400, browser=Firefox
Testing: csp_id=659, page_id=22500, browser=Firefox
Testing: csp_id=659, page_id=22600, browser=Firefox
Testing: csp_id=659, page_id=22700, browser=Firefox
Testing: csp_id=659, page_id=22800, browser=Firefox
Testing: csp_id=659, page_id=22900, browser=Firefox
Testing: csp_id=659, page_id=23000, browser=Firefox
Testing: csp_id=659, page_id=23100, browser=Firefox
Testing: csp_id=659, page_id=23200, browser=Firefox
Testing: csp_id=659, page_id=23300, browser=Firefox
Testing: csp_id=659, page_id=23400, browser=Firefox
Testing: csp_id=659, page_id=23500, browser=Firefox
Testing: csp_id=659, page_id=23600, browser=Firefox
Testing: csp_id=659, page_id=23700, browser=Firefox
Testing: csp_id=659, page_id=23800, browser=Firefox
Testing: csp_id=659, page_id=23900, browser=Firefox
Testing: csp_id=659, page_id=24000, browser=Firefox
Testing: csp_id=659, page_id=24100, browser=Firefox
Testing: csp_id=659, page_id=24200, browser=Firefox
Testing: csp_id=659, page_id=24300, browser=Firefox
Testing: csp_id=659, page_id=24400, browser=Firefox
Testing: csp_id=659, page_id=24500, browser=Firefox
Testing: csp_id=659, page_id=24600, browser=Firefox
Testing: csp_id=659, page_id=24700, browser=Firefox
Testing: csp_id=659, page_id=24800, browser=Firefox
Testing: csp_id=659, page_id=24900, browser=Firefox
Testing: csp_id=659, page_id=25000, browser=Firefox
Testing: csp_id=659, page_id=25100, browser=Firefox
Testing: csp_id=659, page_id=25200, browser=Firefox
Testing: csp_id=659, page_id=25300, browser=Firefox
Testing: csp_id=659, page_id=25400, browser=Firefox
Testing: csp_id=659, page_id=25500, browser=Firefox
Testing: csp_id=659, page_id=25600, browser=Firefox
Testing: csp_id=659, page_id=25700, browser=Firefox
Testing: csp_id=659, page_id=25800, browser=Firefox
Testing: csp_id=659, page_id=25900, browser=Firefox
Testing: csp_id=659, page_id=26000, browser=Firefox
Testing: csp_id=659, page_id=26100, browser=Firefox
Testing: csp_id=659, page_id=26200, browser=Firefox
Testing: csp_id=659, page_id=26300, browser=Firefox
Testing: csp_id=659, page_id=26400, browser=Firefox
Testing: csp_id=659, page_id=26500, browser=Firefox
Testing: csp_id=659, page_id=26600, browser=Firefox
Testing: csp_id=659, page_id=26700, browser=Firefox
Testing: csp_id=659, page_id=26800, browser=Firefox
Testing: csp_id=659, page_id=26900, browser=Firefox
Testing: csp_id=659, page_id=27000, browser=Firefox
Testing: csp_id=659, page_id=27100, browser=Firefox
Testing: csp_id=659, page_id=27200, browser=Firefox
Testing: csp_id=659, page_id=27300, browser=Firefox
Testing: csp_id=659, page_id=27400, browser=Firefox
Testing: csp_id=659, page_id=27500, browser=Firefox
Testing: csp_id=659, page_id=27600, browser=Firefox
Testing: csp_id=659, page_id=27700, browser=Firefox
Testing: csp_id=659, page_id=27800, browser=Firefox
Testing: csp_id=659, page_id=27900, browser=Firefox
Testing: csp_id=659, page_id=28000, browser=Firefox
Testing: csp_id=659, page_id=28100, browser=Firefox
Testing: csp_id=659, page_id=28200, browser=Firefox
Testing: csp_id=659, page_id=28300, browser=Firefox
Testing: csp_id=659, page_id=28400, browser=Firefox
Testing: csp_id=659, page_id=28500, browser=Firefox
Testing: csp_id=659, page_id=28600, browser=Firefox
Testing: csp_id=659, page_id=28700, browser=Firefox
Testing: csp_id=659, page_id=28800, browser=Firefox
Testing: csp_id=659, page_id=28900, browser=Firefox
Testing: csp_id=659, page_id=29000, browser=Firefox
Testing: csp_id=659, page_id=29100, browser=Firefox
Testing: csp_id=659, page_id=29200, browser=Firefox
Testing: csp_id=659, page_id=29300, browser=Firefox
Testing: csp_id=659, page_id=29400, browser=Firefox
Testing: csp_id=659, page_id=29500, browser=Firefox
Testing: csp_id=659, page_id=29600, browser=Firefox
Testing: csp_id=659, page_id=29700, browser=Firefox
Testing: csp_id=659, page_id=29800, browser=Firefox
🏊 create_context_pools[first] (5x16): 26.514s
Testing: csp_id=670, page_id=0, browser=Firefox
Testing: csp_id=670, page_id=100, browser=Firefox
Testing: csp_id=670, page_id=200, browser=Firefox
Testing: csp_id=670, page_id=300, browser=Firefox
Testing: csp_id=670, page_id=400, browser=Firefox
Testing: csp_id=670, page_id=500, browser=Firefox
Testing: csp_id=670, page_id=600, browser=Firefox
Testing: csp_id=670, page_id=700, browser=Firefox
Testing: csp_id=670, page_id=800, browser=Firefox
Testing: csp_id=670, page_id=900, browser=Firefox
Testing: csp_id=670, page_id=1000, browser=Firefox
Testing: csp_id=670, page_id=1100, browser=Firefox
Testing: csp_id=670, page_id=1200, browser=Firefox
Testing: csp_id=670, page_id=1300, browser=Firefox
Testing: csp_id=670, page_id=1400, browser=Firefox
Testing: csp_id=670, page_id=1500, browser=Firefox
Testing: csp_id=670, page_id=1600, browser=Firefox
Testing: csp_id=670, page_id=1700, browser=Firefox
Testing: csp_id=670, page_id=1800, browser=Firefox
Testing: csp_id=670, page_id=1900, browser=Firefox
Testing: csp_id=670, page_id=2000, browser=Firefox
Testing: csp_id=670, page_id=2100, browser=Firefox
Testing: csp_id=670, page_id=2200, browser=Firefox
Testing: csp_id=670, page_id=2300, browser=Firefox
Testing: csp_id=670, page_id=2400, browser=Firefox
Testing: csp_id=670, page_id=2500, browser=Firefox
Testing: csp_id=670, page_id=2600, browser=Firefox
Testing: csp_id=670, page_id=2700, browser=Firefox
Testing: csp_id=670, page_id=2800, browser=Firefox
Testing: csp_id=670, page_id=2900, browser=Firefox
Testing: csp_id=670, page_id=3000, browser=Firefox
Testing: csp_id=670, page_id=3100, browser=Firefox
Testing: csp_id=670, page_id=3200, browser=Firefox
Testing: csp_id=670, page_id=3300, browser=Firefox
Testing: csp_id=670, page_id=3400, browser=Firefox
Testing: csp_id=670, page_id=3500, browser=Firefox
Testing: csp_id=670, page_id=3600, browser=Firefox
Testing: csp_id=670, page_id=3700, browser=Firefox
Testing: csp_id=670, page_id=3800, browser=Firefox
Testing: csp_id=670, page_id=3900, browser=Firefox
Testing: csp_id=670, page_id=4000, browser=Firefox
Testing: csp_id=670, page_id=4100, browser=Firefox
Testing: csp_id=670, page_id=4200, browser=Firefox
Testing: csp_id=670, page_id=4300, browser=Firefox
Testing: csp_id=670, page_id=4400, browser=Firefox
Testing: csp_id=670, page_id=4500, browser=Firefox
Testing: csp_id=670, page_id=4600, browser=Firefox
Testing: csp_id=670, page_id=4700, browser=Firefox
Testing: csp_id=670, page_id=4800, browser=Firefox
Testing: csp_id=670, page_id=4900, browser=Firefox
Testing: csp_id=670, page_id=5000, browser=Firefox
Testing: csp_id=670, page_id=5100, browser=Firefox
Testing: csp_id=670, page_id=5200, browser=Firefox
Testing: csp_id=670, page_id=5300, browser=Firefox
Testing: csp_id=670, page_id=5400, browser=Firefox
Testing: csp_id=670, page_id=5500, browser=Firefox
Testing: csp_id=670, page_id=5600, browser=Firefox
Testing: csp_id=670, page_id=5700, browser=Firefox
Testing: csp_id=670, page_id=5800, browser=Firefox
Testing: csp_id=670, page_id=5900, browser=Firefox
Testing: csp_id=670, page_id=6000, browser=Firefox
Testing: csp_id=670, page_id=6100, browser=Firefox
Testing: csp_id=670, page_id=6200, browser=Firefox
Testing: csp_id=670, page_id=6300, browser=Firefox
Testing: csp_id=670, page_id=6400, browser=Firefox
Testing: csp_id=670, page_id=6500, browser=Firefox
Testing: csp_id=670, page_id=6600, browser=Firefox
Testing: csp_id=670, page_id=6700, browser=Firefox
Testing: csp_id=670, page_id=6800, browser=Firefox
Testing: csp_id=670, page_id=6900, browser=Firefox
Testing: csp_id=670, page_id=7000, browser=Firefox
Testing: csp_id=670, page_id=7100, browser=Firefox
Testing: csp_id=670, page_id=7200, browser=Firefox
Testing: csp_id=670, page_id=7300, browser=Firefox
Testing: csp_id=670, page_id=7400, browser=Firefox
Testing: csp_id=670, page_id=7500, browser=Firefox
Testing: csp_id=670, page_id=7600, browser=Firefox
Testing: csp_id=670, page_id=7700, browser=Firefox
Testing: csp_id=670, page_id=7800, browser=Firefox
Testing: csp_id=670, page_id=7900, browser=Firefox
Testing: csp_id=670, page_id=8000, browser=Firefox
Testing: csp_id=670, page_id=8100, browser=Firefox
Testing: csp_id=670, page_id=8200, browser=Firefox
Testing: csp_id=670, page_id=8300, browser=Firefox
Testing: csp_id=670, page_id=8400, browser=Firefox
Testing: csp_id=670, page_id=8500, browser=Firefox
Testing: csp_id=670, page_id=8600, browser=Firefox
Testing: csp_id=670, page_id=8700, browser=Firefox
Testing: csp_id=670, page_id=8800, browser=Firefox
Testing: csp_id=670, page_id=8900, browser=Firefox
Testing: csp_id=670, page_id=9000, browser=Firefox
Testing: csp_id=670, page_id=9100, browser=Firefox
Testing: csp_id=670, page_id=9200, browser=Firefox
Testing: csp_id=670, page_id=9300, browser=Firefox
Testing: csp_id=670, page_id=9400, browser=Firefox
Testing: csp_id=670, page_id=9500, browser=Firefox
Testing: csp_id=670, page_id=9600, browser=Firefox
Testing: csp_id=670, page_id=9700, browser=Firefox
Testing: csp_id=670, page_id=9800, browser=Firefox
Testing: csp_id=670, page_id=9900, browser=Firefox
Testing: csp_id=670, page_id=10000, browser=Firefox
Testing: csp_id=670, page_id=10100, browser=Firefox
Testing: csp_id=670, page_id=10200, browser=Firefox
Testing: csp_id=670, page_id=10300, browser=Firefox
Testing: csp_id=670, page_id=10400, browser=Firefox
Testing: csp_id=670, page_id=10500, browser=Firefox
Testing: csp_id=670, page_id=10600, browser=Firefox
Testing: csp_id=670, page_id=10700, browser=Firefox
Testing: csp_id=670, page_id=10800, browser=Firefox
Testing: csp_id=670, page_id=10900, browser=Firefox
Testing: csp_id=670, page_id=11000, browser=Firefox
Testing: csp_id=670, page_id=11100, browser=Firefox
Testing: csp_id=670, page_id=11200, browser=Firefox
Testing: csp_id=670, page_id=11300, browser=Firefox
Testing: csp_id=670, page_id=11400, browser=Firefox
Testing: csp_id=670, page_id=11500, browser=Firefox
Testing: csp_id=670, page_id=11600, browser=Firefox
Testing: csp_id=670, page_id=11700, browser=Firefox
Testing: csp_id=670, page_id=11800, browser=Firefox
Testing: csp_id=670, page_id=11900, browser=Firefox
Testing: csp_id=670, page_id=12000, browser=Firefox
Testing: csp_id=670, page_id=12100, browser=Firefox
Testing: csp_id=670, page_id=12200, browser=Firefox
Testing: csp_id=670, page_id=12300, browser=Firefox
Testing: csp_id=670, page_id=12400, browser=Firefox
Testing: csp_id=670, page_id=12500, browser=Firefox
Testing: csp_id=670, page_id=12600, browser=Firefox
Testing: csp_id=670, page_id=12700, browser=Firefox
Testing: csp_id=670, page_id=12800, browser=Firefox
Testing: csp_id=670, page_id=12900, browser=Firefox
Testing: csp_id=670, page_id=13000, browser=Firefox
Testing: csp_id=670, page_id=13100, browser=Firefox
Testing: csp_id=670, page_id=13200, browser=Firefox
Testing: csp_id=670, page_id=13300, browser=Firefox
Testing: csp_id=670, page_id=13400, browser=Firefox
Testing: csp_id=670, page_id=13500, browser=Firefox
Testing: csp_id=670, page_id=13600, browser=Firefox
Testing: csp_id=670, page_id=13700, browser=Firefox
Testing: csp_id=670, page_id=13800, browser=Firefox
Testing: csp_id=670, page_id=13900, browser=Firefox
Testing: csp_id=670, page_id=14000, browser=Firefox
Testing: csp_id=670, page_id=14100, browser=Firefox
Testing: csp_id=670, page_id=14200, browser=Firefox
Testing: csp_id=670, page_id=14300, browser=Firefox
Testing: csp_id=670, page_id=14400, browser=Firefox
Testing: csp_id=670, page_id=14500, browser=Firefox
Testing: csp_id=670, page_id=14600, browser=Firefox
Testing: csp_id=670, page_id=14700, browser=Firefox
Testing: csp_id=670, page_id=14800, browser=Firefox
Testing: csp_id=670, page_id=14900, browser=Firefox
Testing: csp_id=670, page_id=15000, browser=Firefox
Testing: csp_id=670, page_id=15100, browser=Firefox
Testing: csp_id=670, page_id=15200, browser=Firefox
Testing: csp_id=670, page_id=15300, browser=Firefox
Testing: csp_id=670, page_id=15400, browser=Firefox
Testing: csp_id=670, page_id=15500, browser=Firefox
Testing: csp_id=670, page_id=15600, browser=Firefox
Testing: csp_id=670, page_id=15700, browser=Firefox
Testing: csp_id=670, page_id=15800, browser=Firefox
Testing: csp_id=670, page_id=15900, browser=Firefox
Testing: csp_id=670, page_id=16000, browser=Firefox
Testing: csp_id=670, page_id=16100, browser=Firefox
Testing: csp_id=670, page_id=16200, browser=Firefox
Testing: csp_id=670, page_id=16300, browser=Firefox
Testing: csp_id=670, page_id=16400, browser=Firefox
Testing: csp_id=670, page_id=16500, browser=Firefox
Testing: csp_id=670, page_id=16600, browser=Firefox
Testing: csp_id=670, page_id=16700, browser=Firefox
Testing: csp_id=670, page_id=16800, browser=Firefox
Testing: csp_id=670, page_id=16900, browser=Firefox
Testing: csp_id=670, page_id=17000, browser=Firefox
Testing: csp_id=670, page_id=17100, browser=Firefox
Testing: csp_id=670, page_id=17200, browser=Firefox
Testing: csp_id=670, page_id=17300, browser=Firefox
Testing: csp_id=670, page_id=17400, browser=Firefox
Testing: csp_id=670, page_id=17500, browser=Firefox
Testing: csp_id=670, page_id=17600, browser=Firefox
Testing: csp_id=670, page_id=17700, browser=Firefox
Testing: csp_id=670, page_id=17800, browser=Firefox
Testing: csp_id=670, page_id=17900, browser=Firefox
Testing: csp_id=670, page_id=18000, browser=Firefox
Testing: csp_id=670, page_id=18100, browser=Firefox
Testing: csp_id=670, page_id=18200, browser=Firefox
Testing: csp_id=670, page_id=18300, browser=Firefox
Testing: csp_id=670, page_id=18400, browser=Firefox
Testing: csp_id=670, page_id=18500, browser=Firefox
Testing: csp_id=670, page_id=18600, browser=Firefox
Testing: csp_id=670, page_id=18700, browser=Firefox
Testing: csp_id=670, page_id=18800, browser=Firefox
Testing: csp_id=670, page_id=18900, browser=Firefox
Testing: csp_id=670, page_id=19000, browser=Firefox
Testing: csp_id=670, page_id=19100, browser=Firefox
Testing: csp_id=670, page_id=19200, browser=Firefox
Testing: csp_id=670, page_id=19300, browser=Firefox
Testing: csp_id=670, page_id=19400, browser=Firefox
Testing: csp_id=670, page_id=19500, browser=Firefox
Testing: csp_id=670, page_id=19600, browser=Firefox
Testing: csp_id=670, page_id=19700, browser=Firefox
Testing: csp_id=670, page_id=19800, browser=Firefox
Testing: csp_id=670, page_id=19900, browser=Firefox
Testing: csp_id=670, page_id=20000, browser=Firefox
Testing: csp_id=670, page_id=20100, browser=Firefox
Testing: csp_id=670, page_id=20200, browser=Firefox
Testing: csp_id=670, page_id=20300, browser=Firefox
Testing: csp_id=670, page_id=20400, browser=Firefox
Testing: csp_id=670, page_id=20500, browser=Firefox
Testing: csp_id=670, page_id=20600, browser=Firefox
Testing: csp_id=670, page_id=20700, browser=Firefox
Testing: csp_id=670, page_id=20800, browser=Firefox
Testing: csp_id=670, page_id=20900, browser=Firefox
Testing: csp_id=670, page_id=21000, browser=Firefox
Testing: csp_id=670, page_id=21100, browser=Firefox
Testing: csp_id=670, page_id=21200, browser=Firefox
Testing: csp_id=670, page_id=21300, browser=Firefox
Testing: csp_id=670, page_id=21400, browser=Firefox
Testing: csp_id=670, page_id=21500, browser=Firefox
Testing: csp_id=670, page_id=21600, browser=Firefox
Testing: csp_id=670, page_id=21700, browser=Firefox
Testing: csp_id=670, page_id=21800, browser=Firefox
Testing: csp_id=670, page_id=21900, browser=Firefox
Testing: csp_id=670, page_id=22000, browser=Firefox
Testing: csp_id=670, page_id=22100, browser=Firefox
Testing: csp_id=670, page_id=22200, browser=Firefox
Testing: csp_id=670, page_id=22300, browser=Firefox
Testing: csp_id=670, page_id=22400, browser=Firefox
Testing: csp_id=670, page_id=22500, browser=Firefox
Testing: csp_id=670, page_id=22600, browser=Firefox
Testing: csp_id=670, page_id=22700, browser=Firefox
Testing: csp_id=670, page_id=22800, browser=Firefox
Testing: csp_id=670, page_id=22900, browser=Firefox
Testing: csp_id=670, page_id=23000, browser=Firefox
Testing: csp_id=670, page_id=23100, browser=Firefox
Testing: csp_id=670, page_id=23200, browser=Firefox
Testing: csp_id=670, page_id=23300, browser=Firefox
Testing: csp_id=670, page_id=23400, browser=Firefox
Testing: csp_id=670, page_id=23500, browser=Firefox
Testing: csp_id=670, page_id=23600, browser=Firefox
Testing: csp_id=670, page_id=23700, browser=Firefox
Testing: csp_id=670, page_id=23800, browser=Firefox
Testing: csp_id=670, page_id=23900, browser=Firefox
Testing: csp_id=670, page_id=24000, browser=Firefox
Testing: csp_id=670, page_id=24100, browser=Firefox
Testing: csp_id=670, page_id=24200, browser=Firefox
Testing: csp_id=670, page_id=24300, browser=Firefox
Testing: csp_id=670, page_id=24400, browser=Firefox
Testing: csp_id=670, page_id=24500, browser=Firefox
Testing: csp_id=670, page_id=24600, browser=Firefox
Testing: csp_id=670, page_id=24700, browser=Firefox
Testing: csp_id=670, page_id=24800, browser=Firefox
Testing: csp_id=670, page_id=24900, browser=Firefox
Testing: csp_id=670, page_id=25000, browser=Firefox
Testing: csp_id=670, page_id=25100, browser=Firefox
Testing: csp_id=670, page_id=25200, browser=Firefox
Testing: csp_id=670, page_id=25300, browser=Firefox
Testing: csp_id=670, page_id=25400, browser=Firefox
Testing: csp_id=670, page_id=25500, browser=Firefox
Testing: csp_id=670, page_id=25600, browser=Firefox
Testing: csp_id=670, page_id=25700, browser=Firefox
Testing: csp_id=670, page_id=25800, browser=Firefox
Testing: csp_id=670, page_id=25900, browser=Firefox
Testing: csp_id=670, page_id=26000, browser=Firefox
Testing: csp_id=670, page_id=26100, browser=Firefox
Testing: csp_id=670, page_id=26200, browser=Firefox
Testing: csp_id=670, page_id=26300, browser=Firefox
Testing: csp_id=670, page_id=26400, browser=Firefox
Testing: csp_id=670, page_id=26500, browser=Firefox
Testing: csp_id=670, page_id=26600, browser=Firefox
Testing: csp_id=670, page_id=26700, browser=Firefox
Testing: csp_id=670, page_id=26800, browser=Firefox
Testing: csp_id=670, page_id=26900, browser=Firefox
Testing: csp_id=670, page_id=27000, browser=Firefox
Testing: csp_id=670, page_id=27100, browser=Firefox
Testing: csp_id=670, page_id=27200, browser=Firefox
Testing: csp_id=670, page_id=27300, browser=Firefox
Testing: csp_id=670, page_id=27400, browser=Firefox
Testing: csp_id=670, page_id=27500, browser=Firefox
Testing: csp_id=670, page_id=27600, browser=Firefox
Testing: csp_id=670, page_id=27700, browser=Firefox
Testing: csp_id=670, page_id=27800, browser=Firefox
Testing: csp_id=670, page_id=27900, browser=Firefox
Testing: csp_id=670, page_id=28000, browser=Firefox
Testing: csp_id=670, page_id=28100, browser=Firefox
Testing: csp_id=670, page_id=28200, browser=Firefox
Testing: csp_id=670, page_id=28300, browser=Firefox
Testing: csp_id=670, page_id=28400, browser=Firefox
Testing: csp_id=670, page_id=28500, browser=Firefox
Testing: csp_id=670, page_id=28600, browser=Firefox
Testing: csp_id=670, page_id=28700, browser=Firefox
Testing: csp_id=670, page_id=28800, browser=Firefox
Testing: csp_id=670, page_id=28900, browser=Firefox
Testing: csp_id=670, page_id=29000, browser=Firefox
Testing: csp_id=670, page_id=29100, browser=Firefox
Testing: csp_id=670, page_id=29200, browser=Firefox
Testing: csp_id=670, page_id=29300, browser=Firefox
Testing: csp_id=670, page_id=29400, browser=Firefox
Testing: csp_id=670, page_id=29500, browser=Firefox
Testing: csp_id=670, page_id=29600, browser=Firefox
Testing: csp_id=670, page_id=29700, browser=Firefox
Testing: csp_id=670, page_id=29800, browser=Firefox
🏊 create_context_pools[first] (5x16): 25.982s
Testing: csp_id=681, page_id=0, browser=Firefox
Testing: csp_id=681, page_id=100, browser=Firefox
Testing: csp_id=681, page_id=200, browser=Firefox
Testing: csp_id=681, page_id=300, browser=Firefox
Testing: csp_id=681, page_id=400, browser=Firefox
Testing: csp_id=681, page_id=500, browser=Firefox
Testing: csp_id=681, page_id=600, browser=Firefox
Testing: csp_id=681, page_id=700, browser=Firefox
Testing: csp_id=681, page_id=800, browser=Firefox
Testing: csp_id=681, page_id=900, browser=Firefox
Testing: csp_id=681, page_id=1000, browser=Firefox
Testing: csp_id=681, page_id=1100, browser=Firefox
Testing: csp_id=681, page_id=1200, browser=Firefox
Testing: csp_id=681, page_id=1300, browser=Firefox
Testing: csp_id=681, page_id=1400, browser=Firefox
Testing: csp_id=681, page_id=1500, browser=Firefox
Testing: csp_id=681, page_id=1600, browser=Firefox
Testing: csp_id=681, page_id=1700, browser=Firefox
Testing: csp_id=681, page_id=1800, browser=Firefox
Testing: csp_id=681, page_id=1900, browser=Firefox
Testing: csp_id=681, page_id=2000, browser=Firefox
Testing: csp_id=681, page_id=2100, browser=Firefox
Testing: csp_id=681, page_id=2200, browser=Firefox
Testing: csp_id=681, page_id=2300, browser=Firefox
Testing: csp_id=681, page_id=2400, browser=Firefox
Testing: csp_id=681, page_id=2500, browser=Firefox
Testing: csp_id=681, page_id=2600, browser=Firefox
Testing: csp_id=681, page_id=2700, browser=Firefox
Testing: csp_id=681, page_id=2800, browser=Firefox
Testing: csp_id=681, page_id=2900, browser=Firefox
Testing: csp_id=681, page_id=3000, browser=Firefox
Testing: csp_id=681, page_id=3100, browser=Firefox
Testing: csp_id=681, page_id=3200, browser=Firefox
Testing: csp_id=681, page_id=3300, browser=Firefox
Testing: csp_id=681, page_id=3400, browser=Firefox
Testing: csp_id=681, page_id=3500, browser=Firefox
Testing: csp_id=681, page_id=3600, browser=Firefox
Testing: csp_id=681, page_id=3700, browser=Firefox
Testing: csp_id=681, page_id=3800, browser=Firefox
Testing: csp_id=681, page_id=3900, browser=Firefox
Testing: csp_id=681, page_id=4000, browser=Firefox
Testing: csp_id=681, page_id=4100, browser=Firefox
Testing: csp_id=681, page_id=4200, browser=Firefox
Testing: csp_id=681, page_id=4300, browser=Firefox
Testing: csp_id=681, page_id=4400, browser=Firefox
Testing: csp_id=681, page_id=4500, browser=Firefox
Testing: csp_id=681, page_id=4600, browser=Firefox
Testing: csp_id=681, page_id=4700, browser=Firefox
Testing: csp_id=681, page_id=4800, browser=Firefox
Testing: csp_id=681, page_id=4900, browser=Firefox
Testing: csp_id=681, page_id=5000, browser=Firefox
Testing: csp_id=681, page_id=5100, browser=Firefox
Testing: csp_id=681, page_id=5200, browser=Firefox
Testing: csp_id=681, page_id=5300, browser=Firefox
Testing: csp_id=681, page_id=5400, browser=Firefox
Testing: csp_id=681, page_id=5500, browser=Firefox
Testing: csp_id=681, page_id=5600, browser=Firefox
Testing: csp_id=681, page_id=5700, browser=Firefox
Testing: csp_id=681, page_id=5800, browser=Firefox
Testing: csp_id=681, page_id=5900, browser=Firefox
Testing: csp_id=681, page_id=6000, browser=Firefox
Testing: csp_id=681, page_id=6100, browser=Firefox
Testing: csp_id=681, page_id=6200, browser=Firefox
Testing: csp_id=681, page_id=6300, browser=Firefox
Testing: csp_id=681, page_id=6400, browser=Firefox
Testing: csp_id=681, page_id=6500, browser=Firefox
Testing: csp_id=681, page_id=6600, browser=Firefox
Testing: csp_id=681, page_id=6700, browser=Firefox
Testing: csp_id=681, page_id=6800, browser=Firefox
Testing: csp_id=681, page_id=6900, browser=Firefox
Testing: csp_id=681, page_id=7000, browser=Firefox
Testing: csp_id=681, page_id=7100, browser=Firefox
Testing: csp_id=681, page_id=7200, browser=Firefox
Testing: csp_id=681, page_id=7300, browser=Firefox
Testing: csp_id=681, page_id=7400, browser=Firefox
Testing: csp_id=681, page_id=7500, browser=Firefox
Testing: csp_id=681, page_id=7600, browser=Firefox
Testing: csp_id=681, page_id=7700, browser=Firefox
Testing: csp_id=681, page_id=7800, browser=Firefox
Testing: csp_id=681, page_id=7900, browser=Firefox
Testing: csp_id=681, page_id=8000, browser=Firefox
Testing: csp_id=681, page_id=8100, browser=Firefox
Testing: csp_id=681, page_id=8200, browser=Firefox
Testing: csp_id=681, page_id=8300, browser=Firefox
Testing: csp_id=681, page_id=8400, browser=Firefox
Testing: csp_id=681, page_id=8500, browser=Firefox
Testing: csp_id=681, page_id=8600, browser=Firefox
Testing: csp_id=681, page_id=8700, browser=Firefox
Testing: csp_id=681, page_id=8800, browser=Firefox
Testing: csp_id=681, page_id=8900, browser=Firefox
Testing: csp_id=681, page_id=9000, browser=Firefox
Testing: csp_id=681, page_id=9100, browser=Firefox
Testing: csp_id=681, page_id=9200, browser=Firefox
Testing: csp_id=681, page_id=9300, browser=Firefox
Testing: csp_id=681, page_id=9400, browser=Firefox
Testing: csp_id=681, page_id=9500, browser=Firefox
Testing: csp_id=681, page_id=9600, browser=Firefox
Testing: csp_id=681, page_id=9700, browser=Firefox
Testing: csp_id=681, page_id=9800, browser=Firefox
Testing: csp_id=681, page_id=9900, browser=Firefox
Testing: csp_id=681, page_id=10000, browser=Firefox
Testing: csp_id=681, page_id=10100, browser=Firefox
Testing: csp_id=681, page_id=10200, browser=Firefox
Testing: csp_id=681, page_id=10300, browser=Firefox
Testing: csp_id=681, page_id=10400, browser=Firefox
Testing: csp_id=681, page_id=10500, browser=Firefox
Testing: csp_id=681, page_id=10600, browser=Firefox
Testing: csp_id=681, page_id=10700, browser=Firefox
Testing: csp_id=681, page_id=10800, browser=Firefox
Testing: csp_id=681, page_id=10900, browser=Firefox
Testing: csp_id=681, page_id=11000, browser=Firefox
Testing: csp_id=681, page_id=11100, browser=Firefox
Testing: csp_id=681, page_id=11200, browser=Firefox
Testing: csp_id=681, page_id=11300, browser=Firefox
Testing: csp_id=681, page_id=11400, browser=Firefox
Testing: csp_id=681, page_id=11500, browser=Firefox
Testing: csp_id=681, page_id=11600, browser=Firefox
Testing: csp_id=681, page_id=11700, browser=Firefox
Testing: csp_id=681, page_id=11800, browser=Firefox
Testing: csp_id=681, page_id=11900, browser=Firefox
Testing: csp_id=681, page_id=12000, browser=Firefox
Testing: csp_id=681, page_id=12100, browser=Firefox
Testing: csp_id=681, page_id=12200, browser=Firefox
Testing: csp_id=681, page_id=12300, browser=Firefox
Testing: csp_id=681, page_id=12400, browser=Firefox
Testing: csp_id=681, page_id=12500, browser=Firefox
Testing: csp_id=681, page_id=12600, browser=Firefox
Testing: csp_id=681, page_id=12700, browser=Firefox
Testing: csp_id=681, page_id=12800, browser=Firefox
Testing: csp_id=681, page_id=12900, browser=Firefox
Testing: csp_id=681, page_id=13000, browser=Firefox
Testing: csp_id=681, page_id=13100, browser=Firefox
Testing: csp_id=681, page_id=13200, browser=Firefox
Testing: csp_id=681, page_id=13300, browser=Firefox
Testing: csp_id=681, page_id=13400, browser=Firefox
Testing: csp_id=681, page_id=13500, browser=Firefox
Testing: csp_id=681, page_id=13600, browser=Firefox
Testing: csp_id=681, page_id=13700, browser=Firefox
Testing: csp_id=681, page_id=13800, browser=Firefox
Testing: csp_id=681, page_id=13900, browser=Firefox
Testing: csp_id=681, page_id=14000, browser=Firefox
Testing: csp_id=681, page_id=14100, browser=Firefox
Testing: csp_id=681, page_id=14200, browser=Firefox
Testing: csp_id=681, page_id=14300, browser=Firefox
Testing: csp_id=681, page_id=14400, browser=Firefox
Testing: csp_id=681, page_id=14500, browser=Firefox
Testing: csp_id=681, page_id=14600, browser=Firefox
Testing: csp_id=681, page_id=14700, browser=Firefox
Testing: csp_id=681, page_id=14800, browser=Firefox
Testing: csp_id=681, page_id=14900, browser=Firefox
Testing: csp_id=681, page_id=15000, browser=Firefox
Testing: csp_id=681, page_id=15100, browser=Firefox
Testing: csp_id=681, page_id=15200, browser=Firefox
Testing: csp_id=681, page_id=15300, browser=Firefox
Testing: csp_id=681, page_id=15400, browser=Firefox
Testing: csp_id=681, page_id=15500, browser=Firefox
Testing: csp_id=681, page_id=15600, browser=Firefox
Testing: csp_id=681, page_id=15700, browser=Firefox
Testing: csp_id=681, page_id=15800, browser=Firefox
Testing: csp_id=681, page_id=15900, browser=Firefox
Testing: csp_id=681, page_id=16000, browser=Firefox
Testing: csp_id=681, page_id=16100, browser=Firefox
Testing: csp_id=681, page_id=16200, browser=Firefox
Testing: csp_id=681, page_id=16300, browser=Firefox
Testing: csp_id=681, page_id=16400, browser=Firefox
Testing: csp_id=681, page_id=16500, browser=Firefox
Testing: csp_id=681, page_id=16600, browser=Firefox
Testing: csp_id=681, page_id=16700, browser=Firefox
Testing: csp_id=681, page_id=16800, browser=Firefox
Testing: csp_id=681, page_id=16900, browser=Firefox
Testing: csp_id=681, page_id=17000, browser=Firefox
Testing: csp_id=681, page_id=17100, browser=Firefox
Testing: csp_id=681, page_id=17200, browser=Firefox
Testing: csp_id=681, page_id=17300, browser=Firefox
Testing: csp_id=681, page_id=17400, browser=Firefox
Testing: csp_id=681, page_id=17500, browser=Firefox
Testing: csp_id=681, page_id=17600, browser=Firefox
Testing: csp_id=681, page_id=17700, browser=Firefox
Testing: csp_id=681, page_id=17800, browser=Firefox
Testing: csp_id=681, page_id=17900, browser=Firefox
Testing: csp_id=681, page_id=18000, browser=Firefox
Testing: csp_id=681, page_id=18100, browser=Firefox
Testing: csp_id=681, page_id=18200, browser=Firefox
Testing: csp_id=681, page_id=18300, browser=Firefox
Testing: csp_id=681, page_id=18400, browser=Firefox
Testing: csp_id=681, page_id=18500, browser=Firefox
Testing: csp_id=681, page_id=18600, browser=Firefox
Testing: csp_id=681, page_id=18700, browser=Firefox
Testing: csp_id=681, page_id=18800, browser=Firefox
Testing: csp_id=681, page_id=18900, browser=Firefox
Testing: csp_id=681, page_id=19000, browser=Firefox
Testing: csp_id=681, page_id=19100, browser=Firefox
Testing: csp_id=681, page_id=19200, browser=Firefox
Testing: csp_id=681, page_id=19300, browser=Firefox
Testing: csp_id=681, page_id=19400, browser=Firefox
Testing: csp_id=681, page_id=19500, browser=Firefox
Testing: csp_id=681, page_id=19600, browser=Firefox
Testing: csp_id=681, page_id=19700, browser=Firefox
Testing: csp_id=681, page_id=19800, browser=Firefox
Testing: csp_id=681, page_id=19900, browser=Firefox
Testing: csp_id=681, page_id=20000, browser=Firefox
Testing: csp_id=681, page_id=20100, browser=Firefox
Testing: csp_id=681, page_id=20200, browser=Firefox
Testing: csp_id=681, page_id=20300, browser=Firefox
Testing: csp_id=681, page_id=20400, browser=Firefox
Testing: csp_id=681, page_id=20500, browser=Firefox
Testing: csp_id=681, page_id=20600, browser=Firefox
Testing: csp_id=681, page_id=20700, browser=Firefox
Testing: csp_id=681, page_id=20800, browser=Firefox
Testing: csp_id=681, page_id=20900, browser=Firefox
Testing: csp_id=681, page_id=21000, browser=Firefox
Testing: csp_id=681, page_id=21100, browser=Firefox
Testing: csp_id=681, page_id=21200, browser=Firefox
Testing: csp_id=681, page_id=21300, browser=Firefox
Testing: csp_id=681, page_id=21400, browser=Firefox
Testing: csp_id=681, page_id=21500, browser=Firefox
Testing: csp_id=681, page_id=21600, browser=Firefox
Testing: csp_id=681, page_id=21700, browser=Firefox
Testing: csp_id=681, page_id=21800, browser=Firefox
Testing: csp_id=681, page_id=21900, browser=Firefox
Testing: csp_id=681, page_id=22000, browser=Firefox
Testing: csp_id=681, page_id=22100, browser=Firefox
Testing: csp_id=681, page_id=22200, browser=Firefox
Testing: csp_id=681, page_id=22300, browser=Firefox
Testing: csp_id=681, page_id=22400, browser=Firefox
Testing: csp_id=681, page_id=22500, browser=Firefox
Testing: csp_id=681, page_id=22600, browser=Firefox
Testing: csp_id=681, page_id=22700, browser=Firefox
Testing: csp_id=681, page_id=22800, browser=Firefox
Testing: csp_id=681, page_id=22900, browser=Firefox
Testing: csp_id=681, page_id=23000, browser=Firefox
Testing: csp_id=681, page_id=23100, browser=Firefox
Testing: csp_id=681, page_id=23200, browser=Firefox
Testing: csp_id=681, page_id=23300, browser=Firefox
Testing: csp_id=681, page_id=23400, browser=Firefox
Testing: csp_id=681, page_id=23500, browser=Firefox
Testing: csp_id=681, page_id=23600, browser=Firefox
Testing: csp_id=681, page_id=23700, browser=Firefox
Testing: csp_id=681, page_id=23800, browser=Firefox
Testing: csp_id=681, page_id=23900, browser=Firefox
Testing: csp_id=681, page_id=24000, browser=Firefox
Testing: csp_id=681, page_id=24100, browser=Firefox
Testing: csp_id=681, page_id=24200, browser=Firefox
Testing: csp_id=681, page_id=24300, browser=Firefox
Testing: csp_id=681, page_id=24400, browser=Firefox
Testing: csp_id=681, page_id=24500, browser=Firefox
Testing: csp_id=681, page_id=24600, browser=Firefox
Testing: csp_id=681, page_id=24700, browser=Firefox
Testing: csp_id=681, page_id=24800, browser=Firefox
Testing: csp_id=681, page_id=24900, browser=Firefox
Testing: csp_id=681, page_id=25000, browser=Firefox
Testing: csp_id=681, page_id=25100, browser=Firefox
Testing: csp_id=681, page_id=25200, browser=Firefox
Testing: csp_id=681, page_id=25300, browser=Firefox
Testing: csp_id=681, page_id=25400, browser=Firefox
Testing: csp_id=681, page_id=25500, browser=Firefox
Testing: csp_id=681, page_id=25600, browser=Firefox
Testing: csp_id=681, page_id=25700, browser=Firefox
Testing: csp_id=681, page_id=25800, browser=Firefox
Testing: csp_id=681, page_id=25900, browser=Firefox
Testing: csp_id=681, page_id=26000, browser=Firefox
Testing: csp_id=681, page_id=26100, browser=Firefox
Testing: csp_id=681, page_id=26200, browser=Firefox
Testing: csp_id=681, page_id=26300, browser=Firefox
Testing: csp_id=681, page_id=26400, browser=Firefox
Testing: csp_id=681, page_id=26500, browser=Firefox
Testing: csp_id=681, page_id=26600, browser=Firefox
Testing: csp_id=681, page_id=26700, browser=Firefox
Testing: csp_id=681, page_id=26800, browser=Firefox
Testing: csp_id=681, page_id=26900, browser=Firefox
Testing: csp_id=681, page_id=27000, browser=Firefox
Testing: csp_id=681, page_id=27100, browser=Firefox
Testing: csp_id=681, page_id=27200, browser=Firefox
Testing: csp_id=681, page_id=27300, browser=Firefox
Testing: csp_id=681, page_id=27400, browser=Firefox
Testing: csp_id=681, page_id=27500, browser=Firefox
Testing: csp_id=681, page_id=27600, browser=Firefox
Testing: csp_id=681, page_id=27700, browser=Firefox
Testing: csp_id=681, page_id=27800, browser=Firefox
Testing: csp_id=681, page_id=27900, browser=Firefox
Testing: csp_id=681, page_id=28000, browser=Firefox
Testing: csp_id=681, page_id=28100, browser=Firefox
Testing: csp_id=681, page_id=28200, browser=Firefox
Testing: csp_id=681, page_id=28300, browser=Firefox
Testing: csp_id=681, page_id=28400, browser=Firefox
Testing: csp_id=681, page_id=28500, browser=Firefox
Testing: csp_id=681, page_id=28600, browser=Firefox
Testing: csp_id=681, page_id=28700, browser=Firefox
Testing: csp_id=681, page_id=28800, browser=Firefox
Testing: csp_id=681, page_id=28900, browser=Firefox
Testing: csp_id=681, page_id=29000, browser=Firefox
Testing: csp_id=681, page_id=29100, browser=Firefox
Testing: csp_id=681, page_id=29200, browser=Firefox
Testing: csp_id=681, page_id=29300, browser=Firefox
Testing: csp_id=681, page_id=29400, browser=Firefox
Testing: csp_id=681, page_id=29500, browser=Firefox
Testing: csp_id=681, page_id=29600, browser=Firefox
Testing: csp_id=681, page_id=29700, browser=Firefox
Testing: csp_id=681, page_id=29800, browser=Firefox
🏊 create_context_pools[first] (5x16): 26.215s
Testing: csp_id=694, page_id=0, browser=Firefox
Testing: csp_id=694, page_id=100, browser=Firefox
Testing: csp_id=694, page_id=200, browser=Firefox
Testing: csp_id=694, page_id=300, browser=Firefox
Testing: csp_id=694, page_id=400, browser=Firefox
Testing: csp_id=694, page_id=500, browser=Firefox
Testing: csp_id=694, page_id=600, browser=Firefox
Testing: csp_id=694, page_id=700, browser=Firefox
Testing: csp_id=694, page_id=800, browser=Firefox
Testing: csp_id=694, page_id=900, browser=Firefox
Testing: csp_id=694, page_id=1000, browser=Firefox
Testing: csp_id=694, page_id=1100, browser=Firefox
Testing: csp_id=694, page_id=1200, browser=Firefox
Testing: csp_id=694, page_id=1300, browser=Firefox
Testing: csp_id=694, page_id=1400, browser=Firefox
Testing: csp_id=694, page_id=1500, browser=Firefox
Testing: csp_id=694, page_id=1600, browser=Firefox
Testing: csp_id=694, page_id=1700, browser=Firefox
Testing: csp_id=694, page_id=1800, browser=Firefox
Testing: csp_id=694, page_id=1900, browser=Firefox
Testing: csp_id=694, page_id=2000, browser=Firefox
Testing: csp_id=694, page_id=2100, browser=Firefox
Testing: csp_id=694, page_id=2200, browser=Firefox
Testing: csp_id=694, page_id=2300, browser=Firefox
Testing: csp_id=694, page_id=2400, browser=Firefox
Testing: csp_id=694, page_id=2500, browser=Firefox
Testing: csp_id=694, page_id=2600, browser=Firefox
Testing: csp_id=694, page_id=2700, browser=Firefox
Testing: csp_id=694, page_id=2800, browser=Firefox
Testing: csp_id=694, page_id=2900, browser=Firefox
Testing: csp_id=694, page_id=3000, browser=Firefox
Testing: csp_id=694, page_id=3100, browser=Firefox
Testing: csp_id=694, page_id=3200, browser=Firefox
Testing: csp_id=694, page_id=3300, browser=Firefox
Testing: csp_id=694, page_id=3400, browser=Firefox
Testing: csp_id=694, page_id=3500, browser=Firefox
Testing: csp_id=694, page_id=3600, browser=Firefox
Testing: csp_id=694, page_id=3700, browser=Firefox
Testing: csp_id=694, page_id=3800, browser=Firefox
Testing: csp_id=694, page_id=3900, browser=Firefox
Testing: csp_id=694, page_id=4000, browser=Firefox
Testing: csp_id=694, page_id=4100, browser=Firefox
Testing: csp_id=694, page_id=4200, browser=Firefox
Testing: csp_id=694, page_id=4300, browser=Firefox
Testing: csp_id=694, page_id=4400, browser=Firefox
Testing: csp_id=694, page_id=4500, browser=Firefox
Testing: csp_id=694, page_id=4600, browser=Firefox
Testing: csp_id=694, page_id=4700, browser=Firefox
Testing: csp_id=694, page_id=4800, browser=Firefox
Testing: csp_id=694, page_id=4900, browser=Firefox
Testing: csp_id=694, page_id=5000, browser=Firefox
Testing: csp_id=694, page_id=5100, browser=Firefox
Testing: csp_id=694, page_id=5200, browser=Firefox
Testing: csp_id=694, page_id=5300, browser=Firefox
Testing: csp_id=694, page_id=5400, browser=Firefox
Testing: csp_id=694, page_id=5500, browser=Firefox
Testing: csp_id=694, page_id=5600, browser=Firefox
Testing: csp_id=694, page_id=5700, browser=Firefox
Testing: csp_id=694, page_id=5800, browser=Firefox
Testing: csp_id=694, page_id=5900, browser=Firefox
Testing: csp_id=694, page_id=6000, browser=Firefox
Testing: csp_id=694, page_id=6100, browser=Firefox
Testing: csp_id=694, page_id=6200, browser=Firefox
Testing: csp_id=694, page_id=6300, browser=Firefox
Testing: csp_id=694, page_id=6400, browser=Firefox
Testing: csp_id=694, page_id=6500, browser=Firefox
Testing: csp_id=694, page_id=6600, browser=Firefox
Testing: csp_id=694, page_id=6700, browser=Firefox
Testing: csp_id=694, page_id=6800, browser=Firefox
Testing: csp_id=694, page_id=6900, browser=Firefox
Testing: csp_id=694, page_id=7000, browser=Firefox
Testing: csp_id=694, page_id=7100, browser=Firefox
Testing: csp_id=694, page_id=7200, browser=Firefox
Testing: csp_id=694, page_id=7300, browser=Firefox
Testing: csp_id=694, page_id=7400, browser=Firefox
Testing: csp_id=694, page_id=7500, browser=Firefox
Testing: csp_id=694, page_id=7600, browser=Firefox
Testing: csp_id=694, page_id=7700, browser=Firefox
Testing: csp_id=694, page_id=7800, browser=Firefox
Testing: csp_id=694, page_id=7900, browser=Firefox
Testing: csp_id=694, page_id=8000, browser=Firefox
Testing: csp_id=694, page_id=8100, browser=Firefox
Testing: csp_id=694, page_id=8200, browser=Firefox
Testing: csp_id=694, page_id=8300, browser=Firefox
Testing: csp_id=694, page_id=8400, browser=Firefox
Testing: csp_id=694, page_id=8500, browser=Firefox
Testing: csp_id=694, page_id=8600, browser=Firefox
Testing: csp_id=694, page_id=8700, browser=Firefox
Testing: csp_id=694, page_id=8800, browser=Firefox
Testing: csp_id=694, page_id=8900, browser=Firefox
Testing: csp_id=694, page_id=9000, browser=Firefox
Testing: csp_id=694, page_id=9100, browser=Firefox
Testing: csp_id=694, page_id=9200, browser=Firefox
Testing: csp_id=694, page_id=9300, browser=Firefox
Testing: csp_id=694, page_id=9400, browser=Firefox
Testing: csp_id=694, page_id=9500, browser=Firefox
Testing: csp_id=694, page_id=9600, browser=Firefox
Testing: csp_id=694, page_id=9700, browser=Firefox
Testing: csp_id=694, page_id=9800, browser=Firefox
Testing: csp_id=694, page_id=9900, browser=Firefox
Testing: csp_id=694, page_id=10000, browser=Firefox
Testing: csp_id=694, page_id=10100, browser=Firefox
Testing: csp_id=694, page_id=10200, browser=Firefox
Testing: csp_id=694, page_id=10300, browser=Firefox
Testing: csp_id=694, page_id=10400, browser=Firefox
Testing: csp_id=694, page_id=10500, browser=Firefox
Testing: csp_id=694, page_id=10600, browser=Firefox
Testing: csp_id=694, page_id=10700, browser=Firefox
Testing: csp_id=694, page_id=10800, browser=Firefox
Testing: csp_id=694, page_id=10900, browser=Firefox
Testing: csp_id=694, page_id=11000, browser=Firefox
Testing: csp_id=694, page_id=11100, browser=Firefox
Testing: csp_id=694, page_id=11200, browser=Firefox
Testing: csp_id=694, page_id=11300, browser=Firefox
Testing: csp_id=694, page_id=11400, browser=Firefox
Testing: csp_id=694, page_id=11500, browser=Firefox
Testing: csp_id=694, page_id=11600, browser=Firefox
Testing: csp_id=694, page_id=11700, browser=Firefox
Testing: csp_id=694, page_id=11800, browser=Firefox
Testing: csp_id=694, page_id=11900, browser=Firefox
Testing: csp_id=694, page_id=12000, browser=Firefox
Testing: csp_id=694, page_id=12100, browser=Firefox
Testing: csp_id=694, page_id=12200, browser=Firefox
Testing: csp_id=694, page_id=12300, browser=Firefox
Testing: csp_id=694, page_id=12400, browser=Firefox
Testing: csp_id=694, page_id=12500, browser=Firefox
Testing: csp_id=694, page_id=12600, browser=Firefox
Testing: csp_id=694, page_id=12700, browser=Firefox
Testing: csp_id=694, page_id=12800, browser=Firefox
Testing: csp_id=694, page_id=12900, browser=Firefox
Testing: csp_id=694, page_id=13000, browser=Firefox
Testing: csp_id=694, page_id=13100, browser=Firefox
Testing: csp_id=694, page_id=13200, browser=Firefox
Testing: csp_id=694, page_id=13300, browser=Firefox
Testing: csp_id=694, page_id=13400, browser=Firefox
Testing: csp_id=694, page_id=13500, browser=Firefox
Testing: csp_id=694, page_id=13600, browser=Firefox
Testing: csp_id=694, page_id=13700, browser=Firefox
Testing: csp_id=694, page_id=13800, browser=Firefox
Testing: csp_id=694, page_id=13900, browser=Firefox
Testing: csp_id=694, page_id=14000, browser=Firefox
Testing: csp_id=694, page_id=14100, browser=Firefox
Testing: csp_id=694, page_id=14200, browser=Firefox
Testing: csp_id=694, page_id=14300, browser=Firefox
Testing: csp_id=694, page_id=14400, browser=Firefox
Testing: csp_id=694, page_id=14500, browser=Firefox
Testing: csp_id=694, page_id=14600, browser=Firefox
Testing: csp_id=694, page_id=14700, browser=Firefox
Testing: csp_id=694, page_id=14800, browser=Firefox
Testing: csp_id=694, page_id=14900, browser=Firefox
Testing: csp_id=694, page_id=15000, browser=Firefox
Testing: csp_id=694, page_id=15100, browser=Firefox
Testing: csp_id=694, page_id=15200, browser=Firefox
Testing: csp_id=694, page_id=15300, browser=Firefox
Testing: csp_id=694, page_id=15400, browser=Firefox
Testing: csp_id=694, page_id=15500, browser=Firefox
Testing: csp_id=694, page_id=15600, browser=Firefox
Testing: csp_id=694, page_id=15700, browser=Firefox
Testing: csp_id=694, page_id=15800, browser=Firefox
Testing: csp_id=694, page_id=15900, browser=Firefox
Testing: csp_id=694, page_id=16000, browser=Firefox
Testing: csp_id=694, page_id=16100, browser=Firefox
Testing: csp_id=694, page_id=16200, browser=Firefox
Testing: csp_id=694, page_id=16300, browser=Firefox
Testing: csp_id=694, page_id=16400, browser=Firefox
Testing: csp_id=694, page_id=16500, browser=Firefox
Testing: csp_id=694, page_id=16600, browser=Firefox
Testing: csp_id=694, page_id=16700, browser=Firefox
Testing: csp_id=694, page_id=16800, browser=Firefox
Testing: csp_id=694, page_id=16900, browser=Firefox
Testing: csp_id=694, page_id=17000, browser=Firefox
Testing: csp_id=694, page_id=17100, browser=Firefox
Testing: csp_id=694, page_id=17200, browser=Firefox
Testing: csp_id=694, page_id=17300, browser=Firefox
Testing: csp_id=694, page_id=17400, browser=Firefox
Testing: csp_id=694, page_id=17500, browser=Firefox
Testing: csp_id=694, page_id=17600, browser=Firefox
Testing: csp_id=694, page_id=17700, browser=Firefox
Testing: csp_id=694, page_id=17800, browser=Firefox
Testing: csp_id=694, page_id=17900, browser=Firefox
Testing: csp_id=694, page_id=18000, browser=Firefox
Testing: csp_id=694, page_id=18100, browser=Firefox
Testing: csp_id=694, page_id=18200, browser=Firefox
Testing: csp_id=694, page_id=18300, browser=Firefox
Testing: csp_id=694, page_id=18400, browser=Firefox
Testing: csp_id=694, page_id=18500, browser=Firefox
Testing: csp_id=694, page_id=18600, browser=Firefox
Testing: csp_id=694, page_id=18700, browser=Firefox
Testing: csp_id=694, page_id=18800, browser=Firefox
Testing: csp_id=694, page_id=18900, browser=Firefox
Testing: csp_id=694, page_id=19000, browser=Firefox
Testing: csp_id=694, page_id=19100, browser=Firefox
Testing: csp_id=694, page_id=19200, browser=Firefox
Testing: csp_id=694, page_id=19300, browser=Firefox
Testing: csp_id=694, page_id=19400, browser=Firefox
Testing: csp_id=694, page_id=19500, browser=Firefox
Testing: csp_id=694, page_id=19600, browser=Firefox
Testing: csp_id=694, page_id=19700, browser=Firefox
Testing: csp_id=694, page_id=19800, browser=Firefox
Testing: csp_id=694, page_id=19900, browser=Firefox
Testing: csp_id=694, page_id=20000, browser=Firefox
Testing: csp_id=694, page_id=20100, browser=Firefox
Testing: csp_id=694, page_id=20200, browser=Firefox
Testing: csp_id=694, page_id=20300, browser=Firefox
Testing: csp_id=694, page_id=20400, browser=Firefox
Testing: csp_id=694, page_id=20500, browser=Firefox
Testing: csp_id=694, page_id=20600, browser=Firefox
Testing: csp_id=694, page_id=20700, browser=Firefox
Testing: csp_id=694, page_id=20800, browser=Firefox
Testing: csp_id=694, page_id=20900, browser=Firefox
Testing: csp_id=694, page_id=21000, browser=Firefox
Testing: csp_id=694, page_id=21100, browser=Firefox
Testing: csp_id=694, page_id=21200, browser=Firefox
Testing: csp_id=694, page_id=21300, browser=Firefox
Testing: csp_id=694, page_id=21400, browser=Firefox
Testing: csp_id=694, page_id=21500, browser=Firefox
Testing: csp_id=694, page_id=21600, browser=Firefox
Testing: csp_id=694, page_id=21700, browser=Firefox
Testing: csp_id=694, page_id=21800, browser=Firefox
Testing: csp_id=694, page_id=21900, browser=Firefox
Testing: csp_id=694, page_id=22000, browser=Firefox
Testing: csp_id=694, page_id=22100, browser=Firefox
Testing: csp_id=694, page_id=22200, browser=Firefox
Testing: csp_id=694, page_id=22300, browser=Firefox
Testing: csp_id=694, page_id=22400, browser=Firefox
Testing: csp_id=694, page_id=22500, browser=Firefox
Testing: csp_id=694, page_id=22600, browser=Firefox
Testing: csp_id=694, page_id=22700, browser=Firefox
Testing: csp_id=694, page_id=22800, browser=Firefox
Testing: csp_id=694, page_id=22900, browser=Firefox
Testing: csp_id=694, page_id=23000, browser=Firefox
Testing: csp_id=694, page_id=23100, browser=Firefox
Testing: csp_id=694, page_id=23200, browser=Firefox
Testing: csp_id=694, page_id=23300, browser=Firefox
Testing: csp_id=694, page_id=23400, browser=Firefox
Testing: csp_id=694, page_id=23500, browser=Firefox
Testing: csp_id=694, page_id=23600, browser=Firefox
Testing: csp_id=694, page_id=23700, browser=Firefox
Testing: csp_id=694, page_id=23800, browser=Firefox
Testing: csp_id=694, page_id=23900, browser=Firefox
Testing: csp_id=694, page_id=24000, browser=Firefox
Testing: csp_id=694, page_id=24100, browser=Firefox
Testing: csp_id=694, page_id=24200, browser=Firefox
Testing: csp_id=694, page_id=24300, browser=Firefox
Testing: csp_id=694, page_id=24400, browser=Firefox
Testing: csp_id=694, page_id=24500, browser=Firefox
Testing: csp_id=694, page_id=24600, browser=Firefox
Testing: csp_id=694, page_id=24700, browser=Firefox
Testing: csp_id=694, page_id=24800, browser=Firefox
Testing: csp_id=694, page_id=24900, browser=Firefox
Testing: csp_id=694, page_id=25000, browser=Firefox
Testing: csp_id=694, page_id=25100, browser=Firefox
Testing: csp_id=694, page_id=25200, browser=Firefox
Testing: csp_id=694, page_id=25300, browser=Firefox
Testing: csp_id=694, page_id=25400, browser=Firefox
Testing: csp_id=694, page_id=25500, browser=Firefox
Testing: csp_id=694, page_id=25600, browser=Firefox
Testing: csp_id=694, page_id=25700, browser=Firefox
Testing: csp_id=694, page_id=25800, browser=Firefox
Testing: csp_id=694, page_id=25900, browser=Firefox
Testing: csp_id=694, page_id=26000, browser=Firefox
Testing: csp_id=694, page_id=26100, browser=Firefox
Testing: csp_id=694, page_id=26200, browser=Firefox
Testing: csp_id=694, page_id=26300, browser=Firefox
Testing: csp_id=694, page_id=26400, browser=Firefox
Testing: csp_id=694, page_id=26500, browser=Firefox
Testing: csp_id=694, page_id=26600, browser=Firefox
Testing: csp_id=694, page_id=26700, browser=Firefox
Testing: csp_id=694, page_id=26800, browser=Firefox
Testing: csp_id=694, page_id=26900, browser=Firefox
Testing: csp_id=694, page_id=27000, browser=Firefox
Testing: csp_id=694, page_id=27100, browser=Firefox
Testing: csp_id=694, page_id=27200, browser=Firefox
Testing: csp_id=694, page_id=27300, browser=Firefox
Testing: csp_id=694, page_id=27400, browser=Firefox
Testing: csp_id=694, page_id=27500, browser=Firefox
Testing: csp_id=694, page_id=27600, browser=Firefox
Testing: csp_id=694, page_id=27700, browser=Firefox
Testing: csp_id=694, page_id=27800, browser=Firefox
Testing: csp_id=694, page_id=27900, browser=Firefox
Testing: csp_id=694, page_id=28000, browser=Firefox
Testing: csp_id=694, page_id=28100, browser=Firefox
Testing: csp_id=694, page_id=28200, browser=Firefox
Testing: csp_id=694, page_id=28300, browser=Firefox
Testing: csp_id=694, page_id=28400, browser=Firefox
Testing: csp_id=694, page_id=28500, browser=Firefox
Testing: csp_id=694, page_id=28600, browser=Firefox
Testing: csp_id=694, page_id=28700, browser=Firefox
Testing: csp_id=694, page_id=28800, browser=Firefox
Testing: csp_id=694, page_id=28900, browser=Firefox
Testing: csp_id=694, page_id=29000, browser=Firefox
Testing: csp_id=694, page_id=29100, browser=Firefox
Testing: csp_id=694, page_id=29200, browser=Firefox
Testing: csp_id=694, page_id=29300, browser=Firefox
Testing: csp_id=694, page_id=29400, browser=Firefox
Testing: csp_id=694, page_id=29500, browser=Firefox
Testing: csp_id=694, page_id=29600, browser=Firefox
Testing: csp_id=694, page_id=29700, browser=Firefox
Testing: csp_id=694, page_id=29800, browser=Firefox
🏊 create_context_pools[first] (5x16): 25.425s
Testing: csp_id=706, page_id=0, browser=Firefox
Testing: csp_id=706, page_id=100, browser=Firefox
Testing: csp_id=706, page_id=200, browser=Firefox
Testing: csp_id=706, page_id=300, browser=Firefox
Testing: csp_id=706, page_id=400, browser=Firefox
Testing: csp_id=706, page_id=500, browser=Firefox
Testing: csp_id=706, page_id=600, browser=Firefox
Testing: csp_id=706, page_id=700, browser=Firefox
Testing: csp_id=706, page_id=800, browser=Firefox
Testing: csp_id=706, page_id=900, browser=Firefox
Testing: csp_id=706, page_id=1000, browser=Firefox
Testing: csp_id=706, page_id=1100, browser=Firefox
Testing: csp_id=706, page_id=1200, browser=Firefox
Testing: csp_id=706, page_id=1300, browser=Firefox
Testing: csp_id=706, page_id=1400, browser=Firefox
Testing: csp_id=706, page_id=1500, browser=Firefox
Testing: csp_id=706, page_id=1600, browser=Firefox
Testing: csp_id=706, page_id=1700, browser=Firefox
Testing: csp_id=706, page_id=1800, browser=Firefox
Testing: csp_id=706, page_id=1900, browser=Firefox
Testing: csp_id=706, page_id=2000, browser=Firefox
Testing: csp_id=706, page_id=2100, browser=Firefox
Testing: csp_id=706, page_id=2200, browser=Firefox
Testing: csp_id=706, page_id=2300, browser=Firefox
Testing: csp_id=706, page_id=2400, browser=Firefox
Testing: csp_id=706, page_id=2500, browser=Firefox
Testing: csp_id=706, page_id=2600, browser=Firefox
Testing: csp_id=706, page_id=2700, browser=Firefox
Testing: csp_id=706, page_id=2800, browser=Firefox
Testing: csp_id=706, page_id=2900, browser=Firefox
Testing: csp_id=706, page_id=3000, browser=Firefox
Testing: csp_id=706, page_id=3100, browser=Firefox
Testing: csp_id=706, page_id=3200, browser=Firefox
Testing: csp_id=706, page_id=3300, browser=Firefox
Testing: csp_id=706, page_id=3400, browser=Firefox
Testing: csp_id=706, page_id=3500, browser=Firefox
Testing: csp_id=706, page_id=3600, browser=Firefox
Testing: csp_id=706, page_id=3700, browser=Firefox
Testing: csp_id=706, page_id=3800, browser=Firefox
Testing: csp_id=706, page_id=3900, browser=Firefox
Testing: csp_id=706, page_id=4000, browser=Firefox
Testing: csp_id=706, page_id=4100, browser=Firefox
Testing: csp_id=706, page_id=4200, browser=Firefox
Testing: csp_id=706, page_id=4300, browser=Firefox
Testing: csp_id=706, page_id=4400, browser=Firefox
Testing: csp_id=706, page_id=4500, browser=Firefox
Testing: csp_id=706, page_id=4600, browser=Firefox
Testing: csp_id=706, page_id=4700, browser=Firefox
Testing: csp_id=706, page_id=4800, browser=Firefox
Testing: csp_id=706, page_id=4900, browser=Firefox
Testing: csp_id=706, page_id=5000, browser=Firefox
Testing: csp_id=706, page_id=5100, browser=Firefox
Testing: csp_id=706, page_id=5200, browser=Firefox
Testing: csp_id=706, page_id=5300, browser=Firefox
Testing: csp_id=706, page_id=5400, browser=Firefox
Testing: csp_id=706, page_id=5500, browser=Firefox
Testing: csp_id=706, page_id=5600, browser=Firefox
Testing: csp_id=706, page_id=5700, browser=Firefox
Testing: csp_id=706, page_id=5800, browser=Firefox
Testing: csp_id=706, page_id=5900, browser=Firefox
Testing: csp_id=706, page_id=6000, browser=Firefox
Testing: csp_id=706, page_id=6100, browser=Firefox
Testing: csp_id=706, page_id=6200, browser=Firefox
Testing: csp_id=706, page_id=6300, browser=Firefox
Testing: csp_id=706, page_id=6400, browser=Firefox
Testing: csp_id=706, page_id=6500, browser=Firefox
Testing: csp_id=706, page_id=6600, browser=Firefox
Testing: csp_id=706, page_id=6700, browser=Firefox
Testing: csp_id=706, page_id=6800, browser=Firefox
Testing: csp_id=706, page_id=6900, browser=Firefox
Testing: csp_id=706, page_id=7000, browser=Firefox
Testing: csp_id=706, page_id=7100, browser=Firefox
Testing: csp_id=706, page_id=7200, browser=Firefox
Testing: csp_id=706, page_id=7300, browser=Firefox
Testing: csp_id=706, page_id=7400, browser=Firefox
Testing: csp_id=706, page_id=7500, browser=Firefox
Testing: csp_id=706, page_id=7600, browser=Firefox
Testing: csp_id=706, page_id=7700, browser=Firefox
Testing: csp_id=706, page_id=7800, browser=Firefox
Testing: csp_id=706, page_id=7900, browser=Firefox
Testing: csp_id=706, page_id=8000, browser=Firefox
Testing: csp_id=706, page_id=8100, browser=Firefox
Testing: csp_id=706, page_id=8200, browser=Firefox
Testing: csp_id=706, page_id=8300, browser=Firefox
Testing: csp_id=706, page_id=8400, browser=Firefox
Testing: csp_id=706, page_id=8500, browser=Firefox
Testing: csp_id=706, page_id=8600, browser=Firefox
Testing: csp_id=706, page_id=8700, browser=Firefox
Testing: csp_id=706, page_id=8800, browser=Firefox
Testing: csp_id=706, page_id=8900, browser=Firefox
Testing: csp_id=706, page_id=9000, browser=Firefox
Testing: csp_id=706, page_id=9100, browser=Firefox
Testing: csp_id=706, page_id=9200, browser=Firefox
Testing: csp_id=706, page_id=9300, browser=Firefox
Testing: csp_id=706, page_id=9400, browser=Firefox
Testing: csp_id=706, page_id=9500, browser=Firefox
Testing: csp_id=706, page_id=9600, browser=Firefox
Testing: csp_id=706, page_id=9700, browser=Firefox
Testing: csp_id=706, page_id=9800, browser=Firefox
Testing: csp_id=706, page_id=9900, browser=Firefox
Testing: csp_id=706, page_id=10000, browser=Firefox
Testing: csp_id=706, page_id=10100, browser=Firefox
Testing: csp_id=706, page_id=10200, browser=Firefox
Testing: csp_id=706, page_id=10300, browser=Firefox
Testing: csp_id=706, page_id=10400, browser=Firefox
Testing: csp_id=706, page_id=10500, browser=Firefox
Testing: csp_id=706, page_id=10600, browser=Firefox
Testing: csp_id=706, page_id=10700, browser=Firefox
Testing: csp_id=706, page_id=10800, browser=Firefox
Testing: csp_id=706, page_id=10900, browser=Firefox
Testing: csp_id=706, page_id=11000, browser=Firefox
Testing: csp_id=706, page_id=11100, browser=Firefox
Testing: csp_id=706, page_id=11200, browser=Firefox
Testing: csp_id=706, page_id=11300, browser=Firefox
Testing: csp_id=706, page_id=11400, browser=Firefox
Testing: csp_id=706, page_id=11500, browser=Firefox
Testing: csp_id=706, page_id=11600, browser=Firefox
Testing: csp_id=706, page_id=11700, browser=Firefox
Testing: csp_id=706, page_id=11800, browser=Firefox
Testing: csp_id=706, page_id=11900, browser=Firefox
Testing: csp_id=706, page_id=12000, browser=Firefox
Testing: csp_id=706, page_id=12100, browser=Firefox
Testing: csp_id=706, page_id=12200, browser=Firefox
Testing: csp_id=706, page_id=12300, browser=Firefox
Testing: csp_id=706, page_id=12400, browser=Firefox
Testing: csp_id=706, page_id=12500, browser=Firefox
Testing: csp_id=706, page_id=12600, browser=Firefox
Testing: csp_id=706, page_id=12700, browser=Firefox
Testing: csp_id=706, page_id=12800, browser=Firefox
Testing: csp_id=706, page_id=12900, browser=Firefox
Testing: csp_id=706, page_id=13000, browser=Firefox
Testing: csp_id=706, page_id=13100, browser=Firefox
Testing: csp_id=706, page_id=13200, browser=Firefox
Testing: csp_id=706, page_id=13300, browser=Firefox
Testing: csp_id=706, page_id=13400, browser=Firefox
Testing: csp_id=706, page_id=13500, browser=Firefox
Testing: csp_id=706, page_id=13600, browser=Firefox
Testing: csp_id=706, page_id=13700, browser=Firefox
Testing: csp_id=706, page_id=13800, browser=Firefox
Testing: csp_id=706, page_id=13900, browser=Firefox
Testing: csp_id=706, page_id=14000, browser=Firefox
Testing: csp_id=706, page_id=14100, browser=Firefox
Testing: csp_id=706, page_id=14200, browser=Firefox
Testing: csp_id=706, page_id=14300, browser=Firefox
Testing: csp_id=706, page_id=14400, browser=Firefox
Testing: csp_id=706, page_id=14500, browser=Firefox
Testing: csp_id=706, page_id=14600, browser=Firefox
Testing: csp_id=706, page_id=14700, browser=Firefox
Testing: csp_id=706, page_id=14800, browser=Firefox
Testing: csp_id=706, page_id=14900, browser=Firefox
Testing: csp_id=706, page_id=15000, browser=Firefox
Testing: csp_id=706, page_id=15100, browser=Firefox
Testing: csp_id=706, page_id=15200, browser=Firefox
Testing: csp_id=706, page_id=15300, browser=Firefox
Testing: csp_id=706, page_id=15400, browser=Firefox
Testing: csp_id=706, page_id=15500, browser=Firefox
Testing: csp_id=706, page_id=15600, browser=Firefox
Testing: csp_id=706, page_id=15700, browser=Firefox
Testing: csp_id=706, page_id=15800, browser=Firefox
Testing: csp_id=706, page_id=15900, browser=Firefox
Testing: csp_id=706, page_id=16000, browser=Firefox
Testing: csp_id=706, page_id=16100, browser=Firefox
Testing: csp_id=706, page_id=16200, browser=Firefox
Testing: csp_id=706, page_id=16300, browser=Firefox
Testing: csp_id=706, page_id=16400, browser=Firefox
Testing: csp_id=706, page_id=16500, browser=Firefox
Testing: csp_id=706, page_id=16600, browser=Firefox
Testing: csp_id=706, page_id=16700, browser=Firefox
Testing: csp_id=706, page_id=16800, browser=Firefox
Testing: csp_id=706, page_id=16900, browser=Firefox
Testing: csp_id=706, page_id=17000, browser=Firefox
Testing: csp_id=706, page_id=17100, browser=Firefox
Testing: csp_id=706, page_id=17200, browser=Firefox
Testing: csp_id=706, page_id=17300, browser=Firefox
Testing: csp_id=706, page_id=17400, browser=Firefox
Testing: csp_id=706, page_id=17500, browser=Firefox
Testing: csp_id=706, page_id=17600, browser=Firefox
Testing: csp_id=706, page_id=17700, browser=Firefox
Testing: csp_id=706, page_id=17800, browser=Firefox
Testing: csp_id=706, page_id=17900, browser=Firefox
Testing: csp_id=706, page_id=18000, browser=Firefox
Testing: csp_id=706, page_id=18100, browser=Firefox
Testing: csp_id=706, page_id=18200, browser=Firefox
Testing: csp_id=706, page_id=18300, browser=Firefox
Testing: csp_id=706, page_id=18400, browser=Firefox
Testing: csp_id=706, page_id=18500, browser=Firefox
Testing: csp_id=706, page_id=18600, browser=Firefox
Testing: csp_id=706, page_id=18700, browser=Firefox
Testing: csp_id=706, page_id=18800, browser=Firefox
Testing: csp_id=706, page_id=18900, browser=Firefox
Testing: csp_id=706, page_id=19000, browser=Firefox
Testing: csp_id=706, page_id=19100, browser=Firefox
Testing: csp_id=706, page_id=19200, browser=Firefox
Testing: csp_id=706, page_id=19300, browser=Firefox
Testing: csp_id=706, page_id=19400, browser=Firefox
Testing: csp_id=706, page_id=19500, browser=Firefox
Testing: csp_id=706, page_id=19600, browser=Firefox
Testing: csp_id=706, page_id=19700, browser=Firefox
Testing: csp_id=706, page_id=19800, browser=Firefox
Testing: csp_id=706, page_id=19900, browser=Firefox
Testing: csp_id=706, page_id=20000, browser=Firefox
Testing: csp_id=706, page_id=20100, browser=Firefox
Testing: csp_id=706, page_id=20200, browser=Firefox
Testing: csp_id=706, page_id=20300, browser=Firefox
Testing: csp_id=706, page_id=20400, browser=Firefox
Testing: csp_id=706, page_id=20500, browser=Firefox
Testing: csp_id=706, page_id=20600, browser=Firefox
Testing: csp_id=706, page_id=20700, browser=Firefox
Testing: csp_id=706, page_id=20800, browser=Firefox
Testing: csp_id=706, page_id=20900, browser=Firefox
Testing: csp_id=706, page_id=21000, browser=Firefox
Testing: csp_id=706, page_id=21100, browser=Firefox
Testing: csp_id=706, page_id=21200, browser=Firefox
Testing: csp_id=706, page_id=21300, browser=Firefox
Testing: csp_id=706, page_id=21400, browser=Firefox
Testing: csp_id=706, page_id=21500, browser=Firefox
Testing: csp_id=706, page_id=21600, browser=Firefox
Testing: csp_id=706, page_id=21700, browser=Firefox
Testing: csp_id=706, page_id=21800, browser=Firefox
Testing: csp_id=706, page_id=21900, browser=Firefox
Testing: csp_id=706, page_id=22000, browser=Firefox
Testing: csp_id=706, page_id=22100, browser=Firefox
Testing: csp_id=706, page_id=22200, browser=Firefox
Testing: csp_id=706, page_id=22300, browser=Firefox
Testing: csp_id=706, page_id=22400, browser=Firefox
Testing: csp_id=706, page_id=22500, browser=Firefox
Testing: csp_id=706, page_id=22600, browser=Firefox
Testing: csp_id=706, page_id=22700, browser=Firefox
Testing: csp_id=706, page_id=22800, browser=Firefox
Testing: csp_id=706, page_id=22900, browser=Firefox
Testing: csp_id=706, page_id=23000, browser=Firefox
Testing: csp_id=706, page_id=23100, browser=Firefox
Testing: csp_id=706, page_id=23200, browser=Firefox
Testing: csp_id=706, page_id=23300, browser=Firefox
Testing: csp_id=706, page_id=23400, browser=Firefox
Testing: csp_id=706, page_id=23500, browser=Firefox
Testing: csp_id=706, page_id=23600, browser=Firefox
Testing: csp_id=706, page_id=23700, browser=Firefox
Testing: csp_id=706, page_id=23800, browser=Firefox
Testing: csp_id=706, page_id=23900, browser=Firefox
Testing: csp_id=706, page_id=24000, browser=Firefox
Testing: csp_id=706, page_id=24100, browser=Firefox
Testing: csp_id=706, page_id=24200, browser=Firefox
Testing: csp_id=706, page_id=24300, browser=Firefox
Testing: csp_id=706, page_id=24400, browser=Firefox
Testing: csp_id=706, page_id=24500, browser=Firefox
Testing: csp_id=706, page_id=24600, browser=Firefox
Testing: csp_id=706, page_id=24700, browser=Firefox
Testing: csp_id=706, page_id=24800, browser=Firefox
Testing: csp_id=706, page_id=24900, browser=Firefox
Testing: csp_id=706, page_id=25000, browser=Firefox
Testing: csp_id=706, page_id=25100, browser=Firefox
Testing: csp_id=706, page_id=25200, browser=Firefox
Testing: csp_id=706, page_id=25300, browser=Firefox
Testing: csp_id=706, page_id=25400, browser=Firefox
Testing: csp_id=706, page_id=25500, browser=Firefox
Testing: csp_id=706, page_id=25600, browser=Firefox
Testing: csp_id=706, page_id=25700, browser=Firefox
Testing: csp_id=706, page_id=25800, browser=Firefox
Testing: csp_id=706, page_id=25900, browser=Firefox
Testing: csp_id=706, page_id=26000, browser=Firefox
Testing: csp_id=706, page_id=26100, browser=Firefox
Testing: csp_id=706, page_id=26200, browser=Firefox
Testing: csp_id=706, page_id=26300, browser=Firefox
Testing: csp_id=706, page_id=26400, browser=Firefox
Testing: csp_id=706, page_id=26500, browser=Firefox
Testing: csp_id=706, page_id=26600, browser=Firefox
Testing: csp_id=706, page_id=26700, browser=Firefox
Testing: csp_id=706, page_id=26800, browser=Firefox
Testing: csp_id=706, page_id=26900, browser=Firefox
Testing: csp_id=706, page_id=27000, browser=Firefox
Testing: csp_id=706, page_id=27100, browser=Firefox
Testing: csp_id=706, page_id=27200, browser=Firefox
Testing: csp_id=706, page_id=27300, browser=Firefox
Testing: csp_id=706, page_id=27400, browser=Firefox
Testing: csp_id=706, page_id=27500, browser=Firefox
Testing: csp_id=706, page_id=27600, browser=Firefox
Testing: csp_id=706, page_id=27700, browser=Firefox
Testing: csp_id=706, page_id=27800, browser=Firefox
Testing: csp_id=706, page_id=27900, browser=Firefox
Testing: csp_id=706, page_id=28000, browser=Firefox
Testing: csp_id=706, page_id=28100, browser=Firefox
Testing: csp_id=706, page_id=28200, browser=Firefox
Testing: csp_id=706, page_id=28300, browser=Firefox
Testing: csp_id=706, page_id=28400, browser=Firefox
Testing: csp_id=706, page_id=28500, browser=Firefox
Testing: csp_id=706, page_id=28600, browser=Firefox
Testing: csp_id=706, page_id=28700, browser=Firefox
Testing: csp_id=706, page_id=28800, browser=Firefox
Testing: csp_id=706, page_id=28900, browser=Firefox
Testing: csp_id=706, page_id=29000, browser=Firefox
Testing: csp_id=706, page_id=29100, browser=Firefox
Testing: csp_id=706, page_id=29200, browser=Firefox
Testing: csp_id=706, page_id=29300, browser=Firefox
Testing: csp_id=706, page_id=29400, browser=Firefox
Testing: csp_id=706, page_id=29500, browser=Firefox
Testing: csp_id=706, page_id=29600, browser=Firefox
Testing: csp_id=706, page_id=29700, browser=Firefox
Testing: csp_id=706, page_id=29800, browser=Firefox
🏊 create_context_pools[first] (5x16): 26.785s
Testing: csp_id=717, page_id=0, browser=Firefox
Testing: csp_id=717, page_id=100, browser=Firefox
Testing: csp_id=717, page_id=200, browser=Firefox
Testing: csp_id=717, page_id=300, browser=Firefox
Testing: csp_id=717, page_id=400, browser=Firefox
Testing: csp_id=717, page_id=500, browser=Firefox
Testing: csp_id=717, page_id=600, browser=Firefox
Testing: csp_id=717, page_id=700, browser=Firefox
Testing: csp_id=717, page_id=800, browser=Firefox
Testing: csp_id=717, page_id=900, browser=Firefox
Testing: csp_id=717, page_id=1000, browser=Firefox
Testing: csp_id=717, page_id=1100, browser=Firefox
Testing: csp_id=717, page_id=1200, browser=Firefox
Testing: csp_id=717, page_id=1300, browser=Firefox
Testing: csp_id=717, page_id=1400, browser=Firefox
Testing: csp_id=717, page_id=1500, browser=Firefox
Testing: csp_id=717, page_id=1600, browser=Firefox
Testing: csp_id=717, page_id=1700, browser=Firefox
Testing: csp_id=717, page_id=1800, browser=Firefox
Testing: csp_id=717, page_id=1900, browser=Firefox
Testing: csp_id=717, page_id=2000, browser=Firefox
Testing: csp_id=717, page_id=2100, browser=Firefox
Testing: csp_id=717, page_id=2200, browser=Firefox
Testing: csp_id=717, page_id=2300, browser=Firefox
Testing: csp_id=717, page_id=2400, browser=Firefox
Testing: csp_id=717, page_id=2500, browser=Firefox
Testing: csp_id=717, page_id=2600, browser=Firefox
Testing: csp_id=717, page_id=2700, browser=Firefox
Testing: csp_id=717, page_id=2800, browser=Firefox
Testing: csp_id=717, page_id=2900, browser=Firefox
Testing: csp_id=717, page_id=3000, browser=Firefox
Testing: csp_id=717, page_id=3100, browser=Firefox
Testing: csp_id=717, page_id=3200, browser=Firefox
Testing: csp_id=717, page_id=3300, browser=Firefox
Testing: csp_id=717, page_id=3400, browser=Firefox
Testing: csp_id=717, page_id=3500, browser=Firefox
Testing: csp_id=717, page_id=3600, browser=Firefox
Testing: csp_id=717, page_id=3700, browser=Firefox
Testing: csp_id=717, page_id=3800, browser=Firefox
Testing: csp_id=717, page_id=3900, browser=Firefox
Testing: csp_id=717, page_id=4000, browser=Firefox
Testing: csp_id=717, page_id=4100, browser=Firefox
Testing: csp_id=717, page_id=4200, browser=Firefox
Testing: csp_id=717, page_id=4300, browser=Firefox
Testing: csp_id=717, page_id=4400, browser=Firefox
Testing: csp_id=717, page_id=4500, browser=Firefox
Testing: csp_id=717, page_id=4600, browser=Firefox
Testing: csp_id=717, page_id=4700, browser=Firefox
Testing: csp_id=717, page_id=4800, browser=Firefox
Testing: csp_id=717, page_id=4900, browser=Firefox
Testing: csp_id=717, page_id=5000, browser=Firefox
Testing: csp_id=717, page_id=5100, browser=Firefox
Testing: csp_id=717, page_id=5200, browser=Firefox
Testing: csp_id=717, page_id=5300, browser=Firefox
Testing: csp_id=717, page_id=5400, browser=Firefox
Testing: csp_id=717, page_id=5500, browser=Firefox
Testing: csp_id=717, page_id=5600, browser=Firefox
Testing: csp_id=717, page_id=5700, browser=Firefox
Testing: csp_id=717, page_id=5800, browser=Firefox
Testing: csp_id=717, page_id=5900, browser=Firefox
Testing: csp_id=717, page_id=6000, browser=Firefox
Testing: csp_id=717, page_id=6100, browser=Firefox
Testing: csp_id=717, page_id=6200, browser=Firefox
Testing: csp_id=717, page_id=6300, browser=Firefox
Testing: csp_id=717, page_id=6400, browser=Firefox
Testing: csp_id=717, page_id=6500, browser=Firefox
Testing: csp_id=717, page_id=6600, browser=Firefox
Testing: csp_id=717, page_id=6700, browser=Firefox
Testing: csp_id=717, page_id=6800, browser=Firefox
Testing: csp_id=717, page_id=6900, browser=Firefox
Testing: csp_id=717, page_id=7000, browser=Firefox
Testing: csp_id=717, page_id=7100, browser=Firefox
Testing: csp_id=717, page_id=7200, browser=Firefox
Testing: csp_id=717, page_id=7300, browser=Firefox
Testing: csp_id=717, page_id=7400, browser=Firefox
Testing: csp_id=717, page_id=7500, browser=Firefox
Testing: csp_id=717, page_id=7600, browser=Firefox
Testing: csp_id=717, page_id=7700, browser=Firefox
Testing: csp_id=717, page_id=7800, browser=Firefox
Testing: csp_id=717, page_id=7900, browser=Firefox
Testing: csp_id=717, page_id=8000, browser=Firefox
Testing: csp_id=717, page_id=8100, browser=Firefox
Testing: csp_id=717, page_id=8200, browser=Firefox
Testing: csp_id=717, page_id=8300, browser=Firefox
Testing: csp_id=717, page_id=8400, browser=Firefox
Testing: csp_id=717, page_id=8500, browser=Firefox
Testing: csp_id=717, page_id=8600, browser=Firefox
Testing: csp_id=717, page_id=8700, browser=Firefox
Testing: csp_id=717, page_id=8800, browser=Firefox
Testing: csp_id=717, page_id=8900, browser=Firefox
Testing: csp_id=717, page_id=9000, browser=Firefox
Testing: csp_id=717, page_id=9100, browser=Firefox
Testing: csp_id=717, page_id=9200, browser=Firefox
Testing: csp_id=717, page_id=9300, browser=Firefox
Testing: csp_id=717, page_id=9400, browser=Firefox
Testing: csp_id=717, page_id=9500, browser=Firefox
Testing: csp_id=717, page_id=9600, browser=Firefox
Testing: csp_id=717, page_id=9700, browser=Firefox
Testing: csp_id=717, page_id=9800, browser=Firefox
Testing: csp_id=717, page_id=9900, browser=Firefox
Testing: csp_id=717, page_id=10000, browser=Firefox
Testing: csp_id=717, page_id=10100, browser=Firefox
Testing: csp_id=717, page_id=10200, browser=Firefox
Testing: csp_id=717, page_id=10300, browser=Firefox
Testing: csp_id=717, page_id=10400, browser=Firefox
Testing: csp_id=717, page_id=10500, browser=Firefox
Testing: csp_id=717, page_id=10600, browser=Firefox
Testing: csp_id=717, page_id=10700, browser=Firefox
Testing: csp_id=717, page_id=10800, browser=Firefox
Testing: csp_id=717, page_id=10900, browser=Firefox
Testing: csp_id=717, page_id=11000, browser=Firefox
Testing: csp_id=717, page_id=11100, browser=Firefox
Testing: csp_id=717, page_id=11200, browser=Firefox
Testing: csp_id=717, page_id=11300, browser=Firefox
Testing: csp_id=717, page_id=11400, browser=Firefox
Testing: csp_id=717, page_id=11500, browser=Firefox
Testing: csp_id=717, page_id=11600, browser=Firefox
Testing: csp_id=717, page_id=11700, browser=Firefox
Testing: csp_id=717, page_id=11800, browser=Firefox
Testing: csp_id=717, page_id=11900, browser=Firefox
Testing: csp_id=717, page_id=12000, browser=Firefox
Testing: csp_id=717, page_id=12100, browser=Firefox
Testing: csp_id=717, page_id=12200, browser=Firefox
Testing: csp_id=717, page_id=12300, browser=Firefox
Testing: csp_id=717, page_id=12400, browser=Firefox
Testing: csp_id=717, page_id=12500, browser=Firefox
Testing: csp_id=717, page_id=12600, browser=Firefox
Testing: csp_id=717, page_id=12700, browser=Firefox
Testing: csp_id=717, page_id=12800, browser=Firefox
Testing: csp_id=717, page_id=12900, browser=Firefox
Testing: csp_id=717, page_id=13000, browser=Firefox
Testing: csp_id=717, page_id=13100, browser=Firefox
Testing: csp_id=717, page_id=13200, browser=Firefox
Testing: csp_id=717, page_id=13300, browser=Firefox
Testing: csp_id=717, page_id=13400, browser=Firefox
Testing: csp_id=717, page_id=13500, browser=Firefox
Testing: csp_id=717, page_id=13600, browser=Firefox
Testing: csp_id=717, page_id=13700, browser=Firefox
Testing: csp_id=717, page_id=13800, browser=Firefox
Testing: csp_id=717, page_id=13900, browser=Firefox
Testing: csp_id=717, page_id=14000, browser=Firefox
Testing: csp_id=717, page_id=14100, browser=Firefox
Testing: csp_id=717, page_id=14200, browser=Firefox
Testing: csp_id=717, page_id=14300, browser=Firefox
Testing: csp_id=717, page_id=14400, browser=Firefox
Testing: csp_id=717, page_id=14500, browser=Firefox
Testing: csp_id=717, page_id=14600, browser=Firefox
Testing: csp_id=717, page_id=14700, browser=Firefox
Testing: csp_id=717, page_id=14800, browser=Firefox
Testing: csp_id=717, page_id=14900, browser=Firefox
Testing: csp_id=717, page_id=15000, browser=Firefox
Testing: csp_id=717, page_id=15100, browser=Firefox
Testing: csp_id=717, page_id=15200, browser=Firefox
Testing: csp_id=717, page_id=15300, browser=Firefox
Testing: csp_id=717, page_id=15400, browser=Firefox
Testing: csp_id=717, page_id=15500, browser=Firefox
Testing: csp_id=717, page_id=15600, browser=Firefox
Testing: csp_id=717, page_id=15700, browser=Firefox
Testing: csp_id=717, page_id=15800, browser=Firefox
Testing: csp_id=717, page_id=15900, browser=Firefox
Testing: csp_id=717, page_id=16000, browser=Firefox
Testing: csp_id=717, page_id=16100, browser=Firefox
Testing: csp_id=717, page_id=16200, browser=Firefox
Testing: csp_id=717, page_id=16300, browser=Firefox
Testing: csp_id=717, page_id=16400, browser=Firefox
Testing: csp_id=717, page_id=16500, browser=Firefox
Testing: csp_id=717, page_id=16600, browser=Firefox
Testing: csp_id=717, page_id=16700, browser=Firefox
Testing: csp_id=717, page_id=16800, browser=Firefox
Testing: csp_id=717, page_id=16900, browser=Firefox
Testing: csp_id=717, page_id=17000, browser=Firefox
Testing: csp_id=717, page_id=17100, browser=Firefox
Testing: csp_id=717, page_id=17200, browser=Firefox
Testing: csp_id=717, page_id=17300, browser=Firefox
Testing: csp_id=717, page_id=17400, browser=Firefox
Testing: csp_id=717, page_id=17500, browser=Firefox
Testing: csp_id=717, page_id=17600, browser=Firefox
Testing: csp_id=717, page_id=17700, browser=Firefox
Testing: csp_id=717, page_id=17800, browser=Firefox
Testing: csp_id=717, page_id=17900, browser=Firefox
Testing: csp_id=717, page_id=18000, browser=Firefox
Testing: csp_id=717, page_id=18100, browser=Firefox
Testing: csp_id=717, page_id=18200, browser=Firefox
Testing: csp_id=717, page_id=18300, browser=Firefox
Testing: csp_id=717, page_id=18400, browser=Firefox
Testing: csp_id=717, page_id=18500, browser=Firefox
Testing: csp_id=717, page_id=18600, browser=Firefox
Testing: csp_id=717, page_id=18700, browser=Firefox
Testing: csp_id=717, page_id=18800, browser=Firefox
Testing: csp_id=717, page_id=18900, browser=Firefox
Testing: csp_id=717, page_id=19000, browser=Firefox
Testing: csp_id=717, page_id=19100, browser=Firefox
Testing: csp_id=717, page_id=19200, browser=Firefox
Testing: csp_id=717, page_id=19300, browser=Firefox
Testing: csp_id=717, page_id=19400, browser=Firefox
Testing: csp_id=717, page_id=19500, browser=Firefox
Testing: csp_id=717, page_id=19600, browser=Firefox
Testing: csp_id=717, page_id=19700, browser=Firefox
Testing: csp_id=717, page_id=19800, browser=Firefox
Testing: csp_id=717, page_id=19900, browser=Firefox
Testing: csp_id=717, page_id=20000, browser=Firefox
Testing: csp_id=717, page_id=20100, browser=Firefox
Testing: csp_id=717, page_id=20200, browser=Firefox
Testing: csp_id=717, page_id=20300, browser=Firefox
Testing: csp_id=717, page_id=20400, browser=Firefox
Testing: csp_id=717, page_id=20500, browser=Firefox
Testing: csp_id=717, page_id=20600, browser=Firefox
Testing: csp_id=717, page_id=20700, browser=Firefox
Testing: csp_id=717, page_id=20800, browser=Firefox
Testing: csp_id=717, page_id=20900, browser=Firefox
Testing: csp_id=717, page_id=21000, browser=Firefox
Testing: csp_id=717, page_id=21100, browser=Firefox
Testing: csp_id=717, page_id=21200, browser=Firefox
Testing: csp_id=717, page_id=21300, browser=Firefox
Testing: csp_id=717, page_id=21400, browser=Firefox
Testing: csp_id=717, page_id=21500, browser=Firefox
Testing: csp_id=717, page_id=21600, browser=Firefox
Testing: csp_id=717, page_id=21700, browser=Firefox
Testing: csp_id=717, page_id=21800, browser=Firefox
Testing: csp_id=717, page_id=21900, browser=Firefox
Testing: csp_id=717, page_id=22000, browser=Firefox
Testing: csp_id=717, page_id=22100, browser=Firefox
Testing: csp_id=717, page_id=22200, browser=Firefox
Testing: csp_id=717, page_id=22300, browser=Firefox
Testing: csp_id=717, page_id=22400, browser=Firefox
Testing: csp_id=717, page_id=22500, browser=Firefox
Testing: csp_id=717, page_id=22600, browser=Firefox
Testing: csp_id=717, page_id=22700, browser=Firefox
Testing: csp_id=717, page_id=22800, browser=Firefox
Testing: csp_id=717, page_id=22900, browser=Firefox
Testing: csp_id=717, page_id=23000, browser=Firefox
Testing: csp_id=717, page_id=23100, browser=Firefox
Testing: csp_id=717, page_id=23200, browser=Firefox
Testing: csp_id=717, page_id=23300, browser=Firefox
Testing: csp_id=717, page_id=23400, browser=Firefox
Testing: csp_id=717, page_id=23500, browser=Firefox
Testing: csp_id=717, page_id=23600, browser=Firefox
Testing: csp_id=717, page_id=23700, browser=Firefox
Testing: csp_id=717, page_id=23800, browser=Firefox
Testing: csp_id=717, page_id=23900, browser=Firefox
Testing: csp_id=717, page_id=24000, browser=Firefox
Testing: csp_id=717, page_id=24100, browser=Firefox
Testing: csp_id=717, page_id=24200, browser=Firefox
Testing: csp_id=717, page_id=24300, browser=Firefox
Testing: csp_id=717, page_id=24400, browser=Firefox
Testing: csp_id=717, page_id=24500, browser=Firefox
Testing: csp_id=717, page_id=24600, browser=Firefox
Testing: csp_id=717, page_id=24700, browser=Firefox
Testing: csp_id=717, page_id=24800, browser=Firefox
Testing: csp_id=717, page_id=24900, browser=Firefox
Testing: csp_id=717, page_id=25000, browser=Firefox
Testing: csp_id=717, page_id=25100, browser=Firefox
Testing: csp_id=717, page_id=25200, browser=Firefox
Testing: csp_id=717, page_id=25300, browser=Firefox
Testing: csp_id=717, page_id=25400, browser=Firefox
Testing: csp_id=717, page_id=25500, browser=Firefox
Testing: csp_id=717, page_id=25600, browser=Firefox
Testing: csp_id=717, page_id=25700, browser=Firefox
Testing: csp_id=717, page_id=25800, browser=Firefox
Testing: csp_id=717, page_id=25900, browser=Firefox
Testing: csp_id=717, page_id=26000, browser=Firefox
Testing: csp_id=717, page_id=26100, browser=Firefox
Testing: csp_id=717, page_id=26200, browser=Firefox
Testing: csp_id=717, page_id=26300, browser=Firefox
Testing: csp_id=717, page_id=26400, browser=Firefox
Testing: csp_id=717, page_id=26500, browser=Firefox
Testing: csp_id=717, page_id=26600, browser=Firefox
Testing: csp_id=717, page_id=26700, browser=Firefox
Testing: csp_id=717, page_id=26800, browser=Firefox
Testing: csp_id=717, page_id=26900, browser=Firefox
Testing: csp_id=717, page_id=27000, browser=Firefox
Testing: csp_id=717, page_id=27100, browser=Firefox
Testing: csp_id=717, page_id=27200, browser=Firefox
Testing: csp_id=717, page_id=27300, browser=Firefox
Testing: csp_id=717, page_id=27400, browser=Firefox
Testing: csp_id=717, page_id=27500, browser=Firefox
Testing: csp_id=717, page_id=27600, browser=Firefox
Testing: csp_id=717, page_id=27700, browser=Firefox
Testing: csp_id=717, page_id=27800, browser=Firefox
Testing: csp_id=717, page_id=27900, browser=Firefox
Testing: csp_id=717, page_id=28000, browser=Firefox
Testing: csp_id=717, page_id=28100, browser=Firefox
Testing: csp_id=717, page_id=28200, browser=Firefox
Testing: csp_id=717, page_id=28300, browser=Firefox
Testing: csp_id=717, page_id=28400, browser=Firefox
Testing: csp_id=717, page_id=28500, browser=Firefox
Testing: csp_id=717, page_id=28600, browser=Firefox
Testing: csp_id=717, page_id=28700, browser=Firefox
Testing: csp_id=717, page_id=28800, browser=Firefox
Testing: csp_id=717, page_id=28900, browser=Firefox
Testing: csp_id=717, page_id=29000, browser=Firefox
Testing: csp_id=717, page_id=29100, browser=Firefox
Testing: csp_id=717, page_id=29200, browser=Firefox
Testing: csp_id=717, page_id=29300, browser=Firefox
Testing: csp_id=717, page_id=29400, browser=Firefox
Testing: csp_id=717, page_id=29500, browser=Firefox
Testing: csp_id=717, page_id=29600, browser=Firefox
Testing: csp_id=717, page_id=29700, browser=Firefox
Testing: csp_id=717, page_id=29800, browser=Firefox
🏊 create_context_pools[first] (5x16): 27.349s
Testing: csp_id=729, page_id=0, browser=Firefox
Testing: csp_id=729, page_id=100, browser=Firefox
Testing: csp_id=729, page_id=200, browser=Firefox
Testing: csp_id=729, page_id=300, browser=Firefox
Testing: csp_id=729, page_id=400, browser=Firefox
Testing: csp_id=729, page_id=500, browser=Firefox
Testing: csp_id=729, page_id=600, browser=Firefox
Testing: csp_id=729, page_id=700, browser=Firefox
Testing: csp_id=729, page_id=800, browser=Firefox
Testing: csp_id=729, page_id=900, browser=Firefox
Testing: csp_id=729, page_id=1000, browser=Firefox
Testing: csp_id=729, page_id=1100, browser=Firefox
Testing: csp_id=729, page_id=1200, browser=Firefox
Testing: csp_id=729, page_id=1300, browser=Firefox
Testing: csp_id=729, page_id=1400, browser=Firefox
Testing: csp_id=729, page_id=1500, browser=Firefox
Testing: csp_id=729, page_id=1600, browser=Firefox
Testing: csp_id=729, page_id=1700, browser=Firefox
Testing: csp_id=729, page_id=1800, browser=Firefox
Testing: csp_id=729, page_id=1900, browser=Firefox
Testing: csp_id=729, page_id=2000, browser=Firefox
Testing: csp_id=729, page_id=2100, browser=Firefox
Testing: csp_id=729, page_id=2200, browser=Firefox
Testing: csp_id=729, page_id=2300, browser=Firefox
Testing: csp_id=729, page_id=2400, browser=Firefox
Testing: csp_id=729, page_id=2500, browser=Firefox
Testing: csp_id=729, page_id=2600, browser=Firefox
Testing: csp_id=729, page_id=2700, browser=Firefox
Testing: csp_id=729, page_id=2800, browser=Firefox
Testing: csp_id=729, page_id=2900, browser=Firefox
Testing: csp_id=729, page_id=3000, browser=Firefox
Testing: csp_id=729, page_id=3100, browser=Firefox
Testing: csp_id=729, page_id=3200, browser=Firefox
Testing: csp_id=729, page_id=3300, browser=Firefox
Testing: csp_id=729, page_id=3400, browser=Firefox
Testing: csp_id=729, page_id=3500, browser=Firefox
Testing: csp_id=729, page_id=3600, browser=Firefox
Testing: csp_id=729, page_id=3700, browser=Firefox
Testing: csp_id=729, page_id=3800, browser=Firefox
Testing: csp_id=729, page_id=3900, browser=Firefox
Testing: csp_id=729, page_id=4000, browser=Firefox
Testing: csp_id=729, page_id=4100, browser=Firefox
Testing: csp_id=729, page_id=4200, browser=Firefox
Testing: csp_id=729, page_id=4300, browser=Firefox
Testing: csp_id=729, page_id=4400, browser=Firefox
Testing: csp_id=729, page_id=4500, browser=Firefox
Testing: csp_id=729, page_id=4600, browser=Firefox
Testing: csp_id=729, page_id=4700, browser=Firefox
Testing: csp_id=729, page_id=4800, browser=Firefox
Testing: csp_id=729, page_id=4900, browser=Firefox
Testing: csp_id=729, page_id=5000, browser=Firefox
Testing: csp_id=729, page_id=5100, browser=Firefox
Testing: csp_id=729, page_id=5200, browser=Firefox
Testing: csp_id=729, page_id=5300, browser=Firefox
Testing: csp_id=729, page_id=5400, browser=Firefox
Testing: csp_id=729, page_id=5500, browser=Firefox
Testing: csp_id=729, page_id=5600, browser=Firefox
Testing: csp_id=729, page_id=5700, browser=Firefox
Testing: csp_id=729, page_id=5800, browser=Firefox
Testing: csp_id=729, page_id=5900, browser=Firefox
Testing: csp_id=729, page_id=6000, browser=Firefox
Testing: csp_id=729, page_id=6100, browser=Firefox
Testing: csp_id=729, page_id=6200, browser=Firefox
Testing: csp_id=729, page_id=6300, browser=Firefox
Testing: csp_id=729, page_id=6400, browser=Firefox
Testing: csp_id=729, page_id=6500, browser=Firefox
Testing: csp_id=729, page_id=6600, browser=Firefox
Testing: csp_id=729, page_id=6700, browser=Firefox
Testing: csp_id=729, page_id=6800, browser=Firefox
Testing: csp_id=729, page_id=6900, browser=Firefox
Testing: csp_id=729, page_id=7000, browser=Firefox
Testing: csp_id=729, page_id=7100, browser=Firefox
Testing: csp_id=729, page_id=7200, browser=Firefox
Testing: csp_id=729, page_id=7300, browser=Firefox
Testing: csp_id=729, page_id=7400, browser=Firefox
Testing: csp_id=729, page_id=7500, browser=Firefox
Testing: csp_id=729, page_id=7600, browser=Firefox
Testing: csp_id=729, page_id=7700, browser=Firefox
Testing: csp_id=729, page_id=7800, browser=Firefox
Testing: csp_id=729, page_id=7900, browser=Firefox
Testing: csp_id=729, page_id=8000, browser=Firefox
Testing: csp_id=729, page_id=8100, browser=Firefox
Testing: csp_id=729, page_id=8200, browser=Firefox
Testing: csp_id=729, page_id=8300, browser=Firefox
Testing: csp_id=729, page_id=8400, browser=Firefox
Testing: csp_id=729, page_id=8500, browser=Firefox
Testing: csp_id=729, page_id=8600, browser=Firefox
Testing: csp_id=729, page_id=8700, browser=Firefox
Testing: csp_id=729, page_id=8800, browser=Firefox
Testing: csp_id=729, page_id=8900, browser=Firefox
Testing: csp_id=729, page_id=9000, browser=Firefox
Testing: csp_id=729, page_id=9100, browser=Firefox
Testing: csp_id=729, page_id=9200, browser=Firefox
Testing: csp_id=729, page_id=9300, browser=Firefox
Testing: csp_id=729, page_id=9400, browser=Firefox
Testing: csp_id=729, page_id=9500, browser=Firefox
Testing: csp_id=729, page_id=9600, browser=Firefox
Testing: csp_id=729, page_id=9700, browser=Firefox
Testing: csp_id=729, page_id=9800, browser=Firefox
Testing: csp_id=729, page_id=9900, browser=Firefox
Testing: csp_id=729, page_id=10000, browser=Firefox
Testing: csp_id=729, page_id=10100, browser=Firefox
Testing: csp_id=729, page_id=10200, browser=Firefox
Testing: csp_id=729, page_id=10300, browser=Firefox
Testing: csp_id=729, page_id=10400, browser=Firefox
Testing: csp_id=729, page_id=10500, browser=Firefox
Testing: csp_id=729, page_id=10600, browser=Firefox
Testing: csp_id=729, page_id=10700, browser=Firefox
Testing: csp_id=729, page_id=10800, browser=Firefox
Testing: csp_id=729, page_id=10900, browser=Firefox
Testing: csp_id=729, page_id=11000, browser=Firefox
Testing: csp_id=729, page_id=11100, browser=Firefox
Testing: csp_id=729, page_id=11200, browser=Firefox
Testing: csp_id=729, page_id=11300, browser=Firefox
Testing: csp_id=729, page_id=11400, browser=Firefox
Testing: csp_id=729, page_id=11500, browser=Firefox
Testing: csp_id=729, page_id=11600, browser=Firefox
Testing: csp_id=729, page_id=11700, browser=Firefox
Testing: csp_id=729, page_id=11800, browser=Firefox
Testing: csp_id=729, page_id=11900, browser=Firefox
Testing: csp_id=729, page_id=12000, browser=Firefox
Testing: csp_id=729, page_id=12100, browser=Firefox
Testing: csp_id=729, page_id=12200, browser=Firefox
Testing: csp_id=729, page_id=12300, browser=Firefox
Testing: csp_id=729, page_id=12400, browser=Firefox
Testing: csp_id=729, page_id=12500, browser=Firefox
Testing: csp_id=729, page_id=12600, browser=Firefox
Testing: csp_id=729, page_id=12700, browser=Firefox
Testing: csp_id=729, page_id=12800, browser=Firefox
Testing: csp_id=729, page_id=12900, browser=Firefox
Testing: csp_id=729, page_id=13000, browser=Firefox
Testing: csp_id=729, page_id=13100, browser=Firefox
Testing: csp_id=729, page_id=13200, browser=Firefox
Testing: csp_id=729, page_id=13300, browser=Firefox
Testing: csp_id=729, page_id=13400, browser=Firefox
Testing: csp_id=729, page_id=13500, browser=Firefox
Testing: csp_id=729, page_id=13600, browser=Firefox
Testing: csp_id=729, page_id=13700, browser=Firefox
Testing: csp_id=729, page_id=13800, browser=Firefox
Testing: csp_id=729, page_id=13900, browser=Firefox
Testing: csp_id=729, page_id=14000, browser=Firefox
Testing: csp_id=729, page_id=14100, browser=Firefox
Testing: csp_id=729, page_id=14200, browser=Firefox
Testing: csp_id=729, page_id=14300, browser=Firefox
Testing: csp_id=729, page_id=14400, browser=Firefox
Testing: csp_id=729, page_id=14500, browser=Firefox
Testing: csp_id=729, page_id=14600, browser=Firefox
Testing: csp_id=729, page_id=14700, browser=Firefox
Testing: csp_id=729, page_id=14800, browser=Firefox
Testing: csp_id=729, page_id=14900, browser=Firefox
Testing: csp_id=729, page_id=15000, browser=Firefox
Testing: csp_id=729, page_id=15100, browser=Firefox
Testing: csp_id=729, page_id=15200, browser=Firefox
Testing: csp_id=729, page_id=15300, browser=Firefox
Testing: csp_id=729, page_id=15400, browser=Firefox
Testing: csp_id=729, page_id=15500, browser=Firefox
Testing: csp_id=729, page_id=15600, browser=Firefox
Testing: csp_id=729, page_id=15700, browser=Firefox
Testing: csp_id=729, page_id=15800, browser=Firefox
Testing: csp_id=729, page_id=15900, browser=Firefox
Testing: csp_id=729, page_id=16000, browser=Firefox
Testing: csp_id=729, page_id=16100, browser=Firefox
Testing: csp_id=729, page_id=16200, browser=Firefox
Testing: csp_id=729, page_id=16300, browser=Firefox
Testing: csp_id=729, page_id=16400, browser=Firefox
Testing: csp_id=729, page_id=16500, browser=Firefox
Testing: csp_id=729, page_id=16600, browser=Firefox
Testing: csp_id=729, page_id=16700, browser=Firefox
Testing: csp_id=729, page_id=16800, browser=Firefox
Testing: csp_id=729, page_id=16900, browser=Firefox
Testing: csp_id=729, page_id=17000, browser=Firefox
Testing: csp_id=729, page_id=17100, browser=Firefox
Testing: csp_id=729, page_id=17200, browser=Firefox
Testing: csp_id=729, page_id=17300, browser=Firefox
Testing: csp_id=729, page_id=17400, browser=Firefox
Testing: csp_id=729, page_id=17500, browser=Firefox
Testing: csp_id=729, page_id=17600, browser=Firefox
Testing: csp_id=729, page_id=17700, browser=Firefox
Testing: csp_id=729, page_id=17800, browser=Firefox
Testing: csp_id=729, page_id=17900, browser=Firefox
Testing: csp_id=729, page_id=18000, browser=Firefox
Testing: csp_id=729, page_id=18100, browser=Firefox
Testing: csp_id=729, page_id=18200, browser=Firefox
Testing: csp_id=729, page_id=18300, browser=Firefox
Testing: csp_id=729, page_id=18400, browser=Firefox
Testing: csp_id=729, page_id=18500, browser=Firefox
Testing: csp_id=729, page_id=18600, browser=Firefox
Testing: csp_id=729, page_id=18700, browser=Firefox
Testing: csp_id=729, page_id=18800, browser=Firefox
Testing: csp_id=729, page_id=18900, browser=Firefox
Testing: csp_id=729, page_id=19000, browser=Firefox
Testing: csp_id=729, page_id=19100, browser=Firefox
Testing: csp_id=729, page_id=19200, browser=Firefox
Testing: csp_id=729, page_id=19300, browser=Firefox
Testing: csp_id=729, page_id=19400, browser=Firefox
Testing: csp_id=729, page_id=19500, browser=Firefox
Testing: csp_id=729, page_id=19600, browser=Firefox
Testing: csp_id=729, page_id=19700, browser=Firefox
Testing: csp_id=729, page_id=19800, browser=Firefox
Testing: csp_id=729, page_id=19900, browser=Firefox
Testing: csp_id=729, page_id=20000, browser=Firefox
Testing: csp_id=729, page_id=20100, browser=Firefox
Testing: csp_id=729, page_id=20200, browser=Firefox
Testing: csp_id=729, page_id=20300, browser=Firefox
Testing: csp_id=729, page_id=20400, browser=Firefox
Testing: csp_id=729, page_id=20500, browser=Firefox
Testing: csp_id=729, page_id=20600, browser=Firefox
Testing: csp_id=729, page_id=20700, browser=Firefox
Testing: csp_id=729, page_id=20800, browser=Firefox
Testing: csp_id=729, page_id=20900, browser=Firefox
Testing: csp_id=729, page_id=21000, browser=Firefox
Testing: csp_id=729, page_id=21100, browser=Firefox
Testing: csp_id=729, page_id=21200, browser=Firefox
Testing: csp_id=729, page_id=21300, browser=Firefox
Testing: csp_id=729, page_id=21400, browser=Firefox
Testing: csp_id=729, page_id=21500, browser=Firefox
Testing: csp_id=729, page_id=21600, browser=Firefox
Testing: csp_id=729, page_id=21700, browser=Firefox
Testing: csp_id=729, page_id=21800, browser=Firefox
Testing: csp_id=729, page_id=21900, browser=Firefox
Testing: csp_id=729, page_id=22000, browser=Firefox
Testing: csp_id=729, page_id=22100, browser=Firefox
Testing: csp_id=729, page_id=22200, browser=Firefox
Testing: csp_id=729, page_id=22300, browser=Firefox
Testing: csp_id=729, page_id=22400, browser=Firefox
Testing: csp_id=729, page_id=22500, browser=Firefox
Testing: csp_id=729, page_id=22600, browser=Firefox
Testing: csp_id=729, page_id=22700, browser=Firefox
Testing: csp_id=729, page_id=22800, browser=Firefox
Testing: csp_id=729, page_id=22900, browser=Firefox
Testing: csp_id=729, page_id=23000, browser=Firefox
Testing: csp_id=729, page_id=23100, browser=Firefox
Testing: csp_id=729, page_id=23200, browser=Firefox
Testing: csp_id=729, page_id=23300, browser=Firefox
Testing: csp_id=729, page_id=23400, browser=Firefox
Testing: csp_id=729, page_id=23500, browser=Firefox
Testing: csp_id=729, page_id=23600, browser=Firefox
Testing: csp_id=729, page_id=23700, browser=Firefox
Testing: csp_id=729, page_id=23800, browser=Firefox
Testing: csp_id=729, page_id=23900, browser=Firefox
Testing: csp_id=729, page_id=24000, browser=Firefox
Testing: csp_id=729, page_id=24100, browser=Firefox
Testing: csp_id=729, page_id=24200, browser=Firefox
Testing: csp_id=729, page_id=24300, browser=Firefox
Testing: csp_id=729, page_id=24400, browser=Firefox
Testing: csp_id=729, page_id=24500, browser=Firefox
Testing: csp_id=729, page_id=24600, browser=Firefox
Testing: csp_id=729, page_id=24700, browser=Firefox
Testing: csp_id=729, page_id=24800, browser=Firefox
Testing: csp_id=729, page_id=24900, browser=Firefox
Testing: csp_id=729, page_id=25000, browser=Firefox
Testing: csp_id=729, page_id=25100, browser=Firefox
Testing: csp_id=729, page_id=25200, browser=Firefox
Testing: csp_id=729, page_id=25300, browser=Firefox
Testing: csp_id=729, page_id=25400, browser=Firefox
Testing: csp_id=729, page_id=25500, browser=Firefox
Testing: csp_id=729, page_id=25600, browser=Firefox
Testing: csp_id=729, page_id=25700, browser=Firefox
Testing: csp_id=729, page_id=25800, browser=Firefox
Testing: csp_id=729, page_id=25900, browser=Firefox
Testing: csp_id=729, page_id=26000, browser=Firefox
Testing: csp_id=729, page_id=26100, browser=Firefox
Testing: csp_id=729, page_id=26200, browser=Firefox
Testing: csp_id=729, page_id=26300, browser=Firefox
Testing: csp_id=729, page_id=26400, browser=Firefox
Testing: csp_id=729, page_id=26500, browser=Firefox
Testing: csp_id=729, page_id=26600, browser=Firefox
Testing: csp_id=729, page_id=26700, browser=Firefox
Testing: csp_id=729, page_id=26800, browser=Firefox
Testing: csp_id=729, page_id=26900, browser=Firefox
Testing: csp_id=729, page_id=27000, browser=Firefox
Testing: csp_id=729, page_id=27100, browser=Firefox
Testing: csp_id=729, page_id=27200, browser=Firefox
Testing: csp_id=729, page_id=27300, browser=Firefox
Testing: csp_id=729, page_id=27400, browser=Firefox
Testing: csp_id=729, page_id=27500, browser=Firefox
Testing: csp_id=729, page_id=27600, browser=Firefox
Testing: csp_id=729, page_id=27700, browser=Firefox
Testing: csp_id=729, page_id=27800, browser=Firefox
Testing: csp_id=729, page_id=27900, browser=Firefox
Testing: csp_id=729, page_id=28000, browser=Firefox
Testing: csp_id=729, page_id=28100, browser=Firefox
Testing: csp_id=729, page_id=28200, browser=Firefox
Testing: csp_id=729, page_id=28300, browser=Firefox
Testing: csp_id=729, page_id=28400, browser=Firefox
Testing: csp_id=729, page_id=28500, browser=Firefox
Testing: csp_id=729, page_id=28600, browser=Firefox
Testing: csp_id=729, page_id=28700, browser=Firefox
Testing: csp_id=729, page_id=28800, browser=Firefox
Testing: csp_id=729, page_id=28900, browser=Firefox
Testing: csp_id=729, page_id=29000, browser=Firefox
Testing: csp_id=729, page_id=29100, browser=Firefox
Testing: csp_id=729, page_id=29200, browser=Firefox
Testing: csp_id=729, page_id=29300, browser=Firefox
Testing: csp_id=729, page_id=29400, browser=Firefox
Testing: csp_id=729, page_id=29500, browser=Firefox
Testing: csp_id=729, page_id=29600, browser=Firefox
Testing: csp_id=729, page_id=29700, browser=Firefox
Testing: csp_id=729, page_id=29800, browser=Firefox
🏊 create_context_pools[first] (5x16): 26.700s
Testing: csp_id=741, page_id=0, browser=Firefox
Testing: csp_id=741, page_id=100, browser=Firefox
Testing: csp_id=741, page_id=200, browser=Firefox
Testing: csp_id=741, page_id=300, browser=Firefox
Testing: csp_id=741, page_id=400, browser=Firefox
Testing: csp_id=741, page_id=500, browser=Firefox
Testing: csp_id=741, page_id=600, browser=Firefox
Testing: csp_id=741, page_id=700, browser=Firefox
Testing: csp_id=741, page_id=800, browser=Firefox
Testing: csp_id=741, page_id=900, browser=Firefox
Testing: csp_id=741, page_id=1000, browser=Firefox
Testing: csp_id=741, page_id=1100, browser=Firefox
Testing: csp_id=741, page_id=1200, browser=Firefox
Testing: csp_id=741, page_id=1300, browser=Firefox
Testing: csp_id=741, page_id=1400, browser=Firefox
Testing: csp_id=741, page_id=1500, browser=Firefox
Testing: csp_id=741, page_id=1600, browser=Firefox
Testing: csp_id=741, page_id=1700, browser=Firefox
Testing: csp_id=741, page_id=1800, browser=Firefox
Testing: csp_id=741, page_id=1900, browser=Firefox
Testing: csp_id=741, page_id=2000, browser=Firefox
Testing: csp_id=741, page_id=2100, browser=Firefox
Testing: csp_id=741, page_id=2200, browser=Firefox
Testing: csp_id=741, page_id=2300, browser=Firefox
Testing: csp_id=741, page_id=2400, browser=Firefox
Testing: csp_id=741, page_id=2500, browser=Firefox
Testing: csp_id=741, page_id=2600, browser=Firefox
Testing: csp_id=741, page_id=2700, browser=Firefox
Testing: csp_id=741, page_id=2800, browser=Firefox
Testing: csp_id=741, page_id=2900, browser=Firefox
Testing: csp_id=741, page_id=3000, browser=Firefox
Testing: csp_id=741, page_id=3100, browser=Firefox
Testing: csp_id=741, page_id=3200, browser=Firefox
Testing: csp_id=741, page_id=3300, browser=Firefox
Testing: csp_id=741, page_id=3400, browser=Firefox
Testing: csp_id=741, page_id=3500, browser=Firefox
Testing: csp_id=741, page_id=3600, browser=Firefox
Testing: csp_id=741, page_id=3700, browser=Firefox
Testing: csp_id=741, page_id=3800, browser=Firefox
Testing: csp_id=741, page_id=3900, browser=Firefox
Testing: csp_id=741, page_id=4000, browser=Firefox
Testing: csp_id=741, page_id=4100, browser=Firefox
Testing: csp_id=741, page_id=4200, browser=Firefox
Testing: csp_id=741, page_id=4300, browser=Firefox
Testing: csp_id=741, page_id=4400, browser=Firefox
Testing: csp_id=741, page_id=4500, browser=Firefox
Testing: csp_id=741, page_id=4600, browser=Firefox
Testing: csp_id=741, page_id=4700, browser=Firefox
Testing: csp_id=741, page_id=4800, browser=Firefox
Testing: csp_id=741, page_id=4900, browser=Firefox
Testing: csp_id=741, page_id=5000, browser=Firefox
Testing: csp_id=741, page_id=5100, browser=Firefox
Testing: csp_id=741, page_id=5200, browser=Firefox
Testing: csp_id=741, page_id=5300, browser=Firefox
Testing: csp_id=741, page_id=5400, browser=Firefox
Testing: csp_id=741, page_id=5500, browser=Firefox
Testing: csp_id=741, page_id=5600, browser=Firefox
Testing: csp_id=741, page_id=5700, browser=Firefox
Testing: csp_id=741, page_id=5800, browser=Firefox
Testing: csp_id=741, page_id=5900, browser=Firefox
Testing: csp_id=741, page_id=6000, browser=Firefox
Testing: csp_id=741, page_id=6100, browser=Firefox
Testing: csp_id=741, page_id=6200, browser=Firefox
Testing: csp_id=741, page_id=6300, browser=Firefox
Testing: csp_id=741, page_id=6400, browser=Firefox
Testing: csp_id=741, page_id=6500, browser=Firefox
Testing: csp_id=741, page_id=6600, browser=Firefox
Testing: csp_id=741, page_id=6700, browser=Firefox
Testing: csp_id=741, page_id=6800, browser=Firefox
Testing: csp_id=741, page_id=6900, browser=Firefox
Testing: csp_id=741, page_id=7000, browser=Firefox
Testing: csp_id=741, page_id=7100, browser=Firefox
Testing: csp_id=741, page_id=7200, browser=Firefox
Testing: csp_id=741, page_id=7300, browser=Firefox
Testing: csp_id=741, page_id=7400, browser=Firefox
Testing: csp_id=741, page_id=7500, browser=Firefox
Testing: csp_id=741, page_id=7600, browser=Firefox
Testing: csp_id=741, page_id=7700, browser=Firefox
Testing: csp_id=741, page_id=7800, browser=Firefox
Testing: csp_id=741, page_id=7900, browser=Firefox
Testing: csp_id=741, page_id=8000, browser=Firefox
Testing: csp_id=741, page_id=8100, browser=Firefox
Testing: csp_id=741, page_id=8200, browser=Firefox
Testing: csp_id=741, page_id=8300, browser=Firefox
Testing: csp_id=741, page_id=8400, browser=Firefox
Testing: csp_id=741, page_id=8500, browser=Firefox
Testing: csp_id=741, page_id=8600, browser=Firefox
Testing: csp_id=741, page_id=8700, browser=Firefox
Testing: csp_id=741, page_id=8800, browser=Firefox
Testing: csp_id=741, page_id=8900, browser=Firefox
Testing: csp_id=741, page_id=9000, browser=Firefox
Testing: csp_id=741, page_id=9100, browser=Firefox
Testing: csp_id=741, page_id=9200, browser=Firefox
Testing: csp_id=741, page_id=9300, browser=Firefox
Testing: csp_id=741, page_id=9400, browser=Firefox
Testing: csp_id=741, page_id=9500, browser=Firefox
Testing: csp_id=741, page_id=9600, browser=Firefox
Testing: csp_id=741, page_id=9700, browser=Firefox
Testing: csp_id=741, page_id=9800, browser=Firefox
Testing: csp_id=741, page_id=9900, browser=Firefox
Testing: csp_id=741, page_id=10000, browser=Firefox
Testing: csp_id=741, page_id=10100, browser=Firefox
Testing: csp_id=741, page_id=10200, browser=Firefox
Testing: csp_id=741, page_id=10300, browser=Firefox
Testing: csp_id=741, page_id=10400, browser=Firefox
Testing: csp_id=741, page_id=10500, browser=Firefox
Testing: csp_id=741, page_id=10600, browser=Firefox
Testing: csp_id=741, page_id=10700, browser=Firefox
Testing: csp_id=741, page_id=10800, browser=Firefox
Testing: csp_id=741, page_id=10900, browser=Firefox
Testing: csp_id=741, page_id=11000, browser=Firefox
Testing: csp_id=741, page_id=11100, browser=Firefox
Testing: csp_id=741, page_id=11200, browser=Firefox
Testing: csp_id=741, page_id=11300, browser=Firefox
Testing: csp_id=741, page_id=11400, browser=Firefox
Testing: csp_id=741, page_id=11500, browser=Firefox
Testing: csp_id=741, page_id=11600, browser=Firefox
Testing: csp_id=741, page_id=11700, browser=Firefox
Testing: csp_id=741, page_id=11800, browser=Firefox
Testing: csp_id=741, page_id=11900, browser=Firefox
Testing: csp_id=741, page_id=12000, browser=Firefox
Testing: csp_id=741, page_id=12100, browser=Firefox
Testing: csp_id=741, page_id=12200, browser=Firefox
Testing: csp_id=741, page_id=12300, browser=Firefox
Testing: csp_id=741, page_id=12400, browser=Firefox
Testing: csp_id=741, page_id=12500, browser=Firefox
Testing: csp_id=741, page_id=12600, browser=Firefox
Testing: csp_id=741, page_id=12700, browser=Firefox
Testing: csp_id=741, page_id=12800, browser=Firefox
Testing: csp_id=741, page_id=12900, browser=Firefox
Testing: csp_id=741, page_id=13000, browser=Firefox
Testing: csp_id=741, page_id=13100, browser=Firefox
Testing: csp_id=741, page_id=13200, browser=Firefox
Testing: csp_id=741, page_id=13300, browser=Firefox
Testing: csp_id=741, page_id=13400, browser=Firefox
Testing: csp_id=741, page_id=13500, browser=Firefox
Testing: csp_id=741, page_id=13600, browser=Firefox
Testing: csp_id=741, page_id=13700, browser=Firefox
Testing: csp_id=741, page_id=13800, browser=Firefox
Testing: csp_id=741, page_id=13900, browser=Firefox
Testing: csp_id=741, page_id=14000, browser=Firefox
Testing: csp_id=741, page_id=14100, browser=Firefox
Testing: csp_id=741, page_id=14200, browser=Firefox
Testing: csp_id=741, page_id=14300, browser=Firefox
Testing: csp_id=741, page_id=14400, browser=Firefox
Testing: csp_id=741, page_id=14500, browser=Firefox
Testing: csp_id=741, page_id=14600, browser=Firefox
Testing: csp_id=741, page_id=14700, browser=Firefox
Testing: csp_id=741, page_id=14800, browser=Firefox
Testing: csp_id=741, page_id=14900, browser=Firefox
Testing: csp_id=741, page_id=15000, browser=Firefox
Testing: csp_id=741, page_id=15100, browser=Firefox
Testing: csp_id=741, page_id=15200, browser=Firefox
Testing: csp_id=741, page_id=15300, browser=Firefox
Testing: csp_id=741, page_id=15400, browser=Firefox
Testing: csp_id=741, page_id=15500, browser=Firefox
Testing: csp_id=741, page_id=15600, browser=Firefox
Testing: csp_id=741, page_id=15700, browser=Firefox
Testing: csp_id=741, page_id=15800, browser=Firefox
Testing: csp_id=741, page_id=15900, browser=Firefox
Testing: csp_id=741, page_id=16000, browser=Firefox
Testing: csp_id=741, page_id=16100, browser=Firefox
Testing: csp_id=741, page_id=16200, browser=Firefox
Testing: csp_id=741, page_id=16300, browser=Firefox
Testing: csp_id=741, page_id=16400, browser=Firefox
Testing: csp_id=741, page_id=16500, browser=Firefox
Testing: csp_id=741, page_id=16600, browser=Firefox
Testing: csp_id=741, page_id=16700, browser=Firefox
Testing: csp_id=741, page_id=16800, browser=Firefox
Testing: csp_id=741, page_id=16900, browser=Firefox
Testing: csp_id=741, page_id=17000, browser=Firefox
Testing: csp_id=741, page_id=17100, browser=Firefox
Testing: csp_id=741, page_id=17200, browser=Firefox
Testing: csp_id=741, page_id=17300, browser=Firefox
Testing: csp_id=741, page_id=17400, browser=Firefox
Testing: csp_id=741, page_id=17500, browser=Firefox
Testing: csp_id=741, page_id=17600, browser=Firefox
Testing: csp_id=741, page_id=17700, browser=Firefox
Testing: csp_id=741, page_id=17800, browser=Firefox
Testing: csp_id=741, page_id=17900, browser=Firefox
Testing: csp_id=741, page_id=18000, browser=Firefox
Testing: csp_id=741, page_id=18100, browser=Firefox
Testing: csp_id=741, page_id=18200, browser=Firefox
Testing: csp_id=741, page_id=18300, browser=Firefox
Testing: csp_id=741, page_id=18400, browser=Firefox
Testing: csp_id=741, page_id=18500, browser=Firefox
Testing: csp_id=741, page_id=18600, browser=Firefox
Testing: csp_id=741, page_id=18700, browser=Firefox
Testing: csp_id=741, page_id=18800, browser=Firefox
Testing: csp_id=741, page_id=18900, browser=Firefox
Testing: csp_id=741, page_id=19000, browser=Firefox
Testing: csp_id=741, page_id=19100, browser=Firefox
Testing: csp_id=741, page_id=19200, browser=Firefox
Testing: csp_id=741, page_id=19300, browser=Firefox
Testing: csp_id=741, page_id=19400, browser=Firefox
Testing: csp_id=741, page_id=19500, browser=Firefox
Testing: csp_id=741, page_id=19600, browser=Firefox
Testing: csp_id=741, page_id=19700, browser=Firefox
Testing: csp_id=741, page_id=19800, browser=Firefox
Testing: csp_id=741, page_id=19900, browser=Firefox
Testing: csp_id=741, page_id=20000, browser=Firefox
Testing: csp_id=741, page_id=20100, browser=Firefox
Testing: csp_id=741, page_id=20200, browser=Firefox
Testing: csp_id=741, page_id=20300, browser=Firefox
Testing: csp_id=741, page_id=20400, browser=Firefox
Testing: csp_id=741, page_id=20500, browser=Firefox
Testing: csp_id=741, page_id=20600, browser=Firefox
Testing: csp_id=741, page_id=20700, browser=Firefox
Testing: csp_id=741, page_id=20800, browser=Firefox
Testing: csp_id=741, page_id=20900, browser=Firefox
Testing: csp_id=741, page_id=21000, browser=Firefox
Testing: csp_id=741, page_id=21100, browser=Firefox
Testing: csp_id=741, page_id=21200, browser=Firefox
Testing: csp_id=741, page_id=21300, browser=Firefox
Testing: csp_id=741, page_id=21400, browser=Firefox
Testing: csp_id=741, page_id=21500, browser=Firefox
Testing: csp_id=741, page_id=21600, browser=Firefox
Testing: csp_id=741, page_id=21700, browser=Firefox
Testing: csp_id=741, page_id=21800, browser=Firefox
Testing: csp_id=741, page_id=21900, browser=Firefox
Testing: csp_id=741, page_id=22000, browser=Firefox
Testing: csp_id=741, page_id=22100, browser=Firefox
Testing: csp_id=741, page_id=22200, browser=Firefox
Testing: csp_id=741, page_id=22300, browser=Firefox
Testing: csp_id=741, page_id=22400, browser=Firefox
Testing: csp_id=741, page_id=22500, browser=Firefox
Testing: csp_id=741, page_id=22600, browser=Firefox
Testing: csp_id=741, page_id=22700, browser=Firefox
Testing: csp_id=741, page_id=22800, browser=Firefox
Testing: csp_id=741, page_id=22900, browser=Firefox
Testing: csp_id=741, page_id=23000, browser=Firefox
Testing: csp_id=741, page_id=23100, browser=Firefox
Testing: csp_id=741, page_id=23200, browser=Firefox
Testing: csp_id=741, page_id=23300, browser=Firefox
Testing: csp_id=741, page_id=23400, browser=Firefox
Testing: csp_id=741, page_id=23500, browser=Firefox
Testing: csp_id=741, page_id=23600, browser=Firefox
Testing: csp_id=741, page_id=23700, browser=Firefox
Testing: csp_id=741, page_id=23800, browser=Firefox
Testing: csp_id=741, page_id=23900, browser=Firefox
Testing: csp_id=741, page_id=24000, browser=Firefox
Testing: csp_id=741, page_id=24100, browser=Firefox
Testing: csp_id=741, page_id=24200, browser=Firefox
Testing: csp_id=741, page_id=24300, browser=Firefox
Testing: csp_id=741, page_id=24400, browser=Firefox
Testing: csp_id=741, page_id=24500, browser=Firefox
Testing: csp_id=741, page_id=24600, browser=Firefox
Testing: csp_id=741, page_id=24700, browser=Firefox
Testing: csp_id=741, page_id=24800, browser=Firefox
Testing: csp_id=741, page_id=24900, browser=Firefox
Testing: csp_id=741, page_id=25000, browser=Firefox
Testing: csp_id=741, page_id=25100, browser=Firefox
Testing: csp_id=741, page_id=25200, browser=Firefox
Testing: csp_id=741, page_id=25300, browser=Firefox
Testing: csp_id=741, page_id=25400, browser=Firefox
Testing: csp_id=741, page_id=25500, browser=Firefox
Testing: csp_id=741, page_id=25600, browser=Firefox
Testing: csp_id=741, page_id=25700, browser=Firefox
Testing: csp_id=741, page_id=25800, browser=Firefox
Testing: csp_id=741, page_id=25900, browser=Firefox
Testing: csp_id=741, page_id=26000, browser=Firefox
Testing: csp_id=741, page_id=26100, browser=Firefox
Testing: csp_id=741, page_id=26200, browser=Firefox
Testing: csp_id=741, page_id=26300, browser=Firefox
Testing: csp_id=741, page_id=26400, browser=Firefox
Testing: csp_id=741, page_id=26500, browser=Firefox
Testing: csp_id=741, page_id=26600, browser=Firefox
Testing: csp_id=741, page_id=26700, browser=Firefox
Testing: csp_id=741, page_id=26800, browser=Firefox
Testing: csp_id=741, page_id=26900, browser=Firefox
Testing: csp_id=741, page_id=27000, browser=Firefox
Testing: csp_id=741, page_id=27100, browser=Firefox
Testing: csp_id=741, page_id=27200, browser=Firefox
Testing: csp_id=741, page_id=27300, browser=Firefox
Testing: csp_id=741, page_id=27400, browser=Firefox
Testing: csp_id=741, page_id=27500, browser=Firefox
Testing: csp_id=741, page_id=27600, browser=Firefox
Testing: csp_id=741, page_id=27700, browser=Firefox
Testing: csp_id=741, page_id=27800, browser=Firefox
Testing: csp_id=741, page_id=27900, browser=Firefox
Testing: csp_id=741, page_id=28000, browser=Firefox
Testing: csp_id=741, page_id=28100, browser=Firefox
Testing: csp_id=741, page_id=28200, browser=Firefox
Testing: csp_id=741, page_id=28300, browser=Firefox
Testing: csp_id=741, page_id=28400, browser=Firefox
Testing: csp_id=741, page_id=28500, browser=Firefox
Testing: csp_id=741, page_id=28600, browser=Firefox
Testing: csp_id=741, page_id=28700, browser=Firefox
Testing: csp_id=741, page_id=28800, browser=Firefox
Testing: csp_id=741, page_id=28900, browser=Firefox
Testing: csp_id=741, page_id=29000, browser=Firefox
Testing: csp_id=741, page_id=29100, browser=Firefox
Testing: csp_id=741, page_id=29200, browser=Firefox
Testing: csp_id=741, page_id=29300, browser=Firefox
Testing: csp_id=741, page_id=29400, browser=Firefox
Testing: csp_id=741, page_id=29500, browser=Firefox
Testing: csp_id=741, page_id=29600, browser=Firefox
Testing: csp_id=741, page_id=29700, browser=Firefox
Testing: csp_id=741, page_id=29800, browser=Firefox
🏊 create_context_pools[first] (5x16): 28.813s
Testing: csp_id=752, page_id=0, browser=Firefox
Testing: csp_id=752, page_id=100, browser=Firefox
Testing: csp_id=752, page_id=200, browser=Firefox
Testing: csp_id=752, page_id=300, browser=Firefox
Testing: csp_id=752, page_id=400, browser=Firefox
Testing: csp_id=752, page_id=500, browser=Firefox
Testing: csp_id=752, page_id=600, browser=Firefox
Testing: csp_id=752, page_id=700, browser=Firefox
Testing: csp_id=752, page_id=800, browser=Firefox
Testing: csp_id=752, page_id=900, browser=Firefox
Testing: csp_id=752, page_id=1000, browser=Firefox
Testing: csp_id=752, page_id=1100, browser=Firefox
Testing: csp_id=752, page_id=1200, browser=Firefox
Testing: csp_id=752, page_id=1300, browser=Firefox
Testing: csp_id=752, page_id=1400, browser=Firefox
Testing: csp_id=752, page_id=1500, browser=Firefox
Testing: csp_id=752, page_id=1600, browser=Firefox
Testing: csp_id=752, page_id=1700, browser=Firefox
Testing: csp_id=752, page_id=1800, browser=Firefox
Testing: csp_id=752, page_id=1900, browser=Firefox
Testing: csp_id=752, page_id=2000, browser=Firefox
Testing: csp_id=752, page_id=2100, browser=Firefox
Testing: csp_id=752, page_id=2200, browser=Firefox
Testing: csp_id=752, page_id=2300, browser=Firefox
Testing: csp_id=752, page_id=2400, browser=Firefox
Testing: csp_id=752, page_id=2500, browser=Firefox
Testing: csp_id=752, page_id=2600, browser=Firefox
Testing: csp_id=752, page_id=2700, browser=Firefox
Testing: csp_id=752, page_id=2800, browser=Firefox
Testing: csp_id=752, page_id=2900, browser=Firefox
Testing: csp_id=752, page_id=3000, browser=Firefox
Testing: csp_id=752, page_id=3100, browser=Firefox
Testing: csp_id=752, page_id=3200, browser=Firefox
Testing: csp_id=752, page_id=3300, browser=Firefox
Testing: csp_id=752, page_id=3400, browser=Firefox
Testing: csp_id=752, page_id=3500, browser=Firefox
Testing: csp_id=752, page_id=3600, browser=Firefox
Testing: csp_id=752, page_id=3700, browser=Firefox
Testing: csp_id=752, page_id=3800, browser=Firefox
Testing: csp_id=752, page_id=3900, browser=Firefox
Testing: csp_id=752, page_id=4000, browser=Firefox
Testing: csp_id=752, page_id=4100, browser=Firefox
Testing: csp_id=752, page_id=4200, browser=Firefox
Testing: csp_id=752, page_id=4300, browser=Firefox
Testing: csp_id=752, page_id=4400, browser=Firefox
Testing: csp_id=752, page_id=4500, browser=Firefox
Testing: csp_id=752, page_id=4600, browser=Firefox
Testing: csp_id=752, page_id=4700, browser=Firefox
Testing: csp_id=752, page_id=4800, browser=Firefox
Testing: csp_id=752, page_id=4900, browser=Firefox
Testing: csp_id=752, page_id=5000, browser=Firefox
Testing: csp_id=752, page_id=5100, browser=Firefox
Testing: csp_id=752, page_id=5200, browser=Firefox
Testing: csp_id=752, page_id=5300, browser=Firefox
Testing: csp_id=752, page_id=5400, browser=Firefox
Testing: csp_id=752, page_id=5500, browser=Firefox
Testing: csp_id=752, page_id=5600, browser=Firefox
Testing: csp_id=752, page_id=5700, browser=Firefox
Testing: csp_id=752, page_id=5800, browser=Firefox
Testing: csp_id=752, page_id=5900, browser=Firefox
Testing: csp_id=752, page_id=6000, browser=Firefox
Testing: csp_id=752, page_id=6100, browser=Firefox
Testing: csp_id=752, page_id=6200, browser=Firefox
Testing: csp_id=752, page_id=6300, browser=Firefox
Testing: csp_id=752, page_id=6400, browser=Firefox
Testing: csp_id=752, page_id=6500, browser=Firefox
Testing: csp_id=752, page_id=6600, browser=Firefox
Testing: csp_id=752, page_id=6700, browser=Firefox
Testing: csp_id=752, page_id=6800, browser=Firefox
Testing: csp_id=752, page_id=6900, browser=Firefox
Testing: csp_id=752, page_id=7000, browser=Firefox
Testing: csp_id=752, page_id=7100, browser=Firefox
Testing: csp_id=752, page_id=7200, browser=Firefox
Testing: csp_id=752, page_id=7300, browser=Firefox
Testing: csp_id=752, page_id=7400, browser=Firefox
Testing: csp_id=752, page_id=7500, browser=Firefox
Testing: csp_id=752, page_id=7600, browser=Firefox
Testing: csp_id=752, page_id=7700, browser=Firefox
Testing: csp_id=752, page_id=7800, browser=Firefox
Testing: csp_id=752, page_id=7900, browser=Firefox
Testing: csp_id=752, page_id=8000, browser=Firefox
Testing: csp_id=752, page_id=8100, browser=Firefox
Testing: csp_id=752, page_id=8200, browser=Firefox
Testing: csp_id=752, page_id=8300, browser=Firefox
Testing: csp_id=752, page_id=8400, browser=Firefox
Testing: csp_id=752, page_id=8500, browser=Firefox
Testing: csp_id=752, page_id=8600, browser=Firefox
Testing: csp_id=752, page_id=8700, browser=Firefox
Testing: csp_id=752, page_id=8800, browser=Firefox
Testing: csp_id=752, page_id=8900, browser=Firefox
Testing: csp_id=752, page_id=9000, browser=Firefox
Testing: csp_id=752, page_id=9100, browser=Firefox
Testing: csp_id=752, page_id=9200, browser=Firefox
Testing: csp_id=752, page_id=9300, browser=Firefox
Testing: csp_id=752, page_id=9400, browser=Firefox
Testing: csp_id=752, page_id=9500, browser=Firefox
Testing: csp_id=752, page_id=9600, browser=Firefox
Testing: csp_id=752, page_id=9700, browser=Firefox
Testing: csp_id=752, page_id=9800, browser=Firefox
Testing: csp_id=752, page_id=9900, browser=Firefox
Testing: csp_id=752, page_id=10000, browser=Firefox
Testing: csp_id=752, page_id=10100, browser=Firefox
Testing: csp_id=752, page_id=10200, browser=Firefox
Testing: csp_id=752, page_id=10300, browser=Firefox
Testing: csp_id=752, page_id=10400, browser=Firefox
Testing: csp_id=752, page_id=10500, browser=Firefox
Testing: csp_id=752, page_id=10600, browser=Firefox
Testing: csp_id=752, page_id=10700, browser=Firefox
Testing: csp_id=752, page_id=10800, browser=Firefox
Testing: csp_id=752, page_id=10900, browser=Firefox
Testing: csp_id=752, page_id=11000, browser=Firefox
Testing: csp_id=752, page_id=11100, browser=Firefox
Testing: csp_id=752, page_id=11200, browser=Firefox
Testing: csp_id=752, page_id=11300, browser=Firefox
Testing: csp_id=752, page_id=11400, browser=Firefox
Testing: csp_id=752, page_id=11500, browser=Firefox
Testing: csp_id=752, page_id=11600, browser=Firefox
Testing: csp_id=752, page_id=11700, browser=Firefox
Testing: csp_id=752, page_id=11800, browser=Firefox
Testing: csp_id=752, page_id=11900, browser=Firefox
Testing: csp_id=752, page_id=12000, browser=Firefox
Testing: csp_id=752, page_id=12100, browser=Firefox
Testing: csp_id=752, page_id=12200, browser=Firefox
Testing: csp_id=752, page_id=12300, browser=Firefox
Testing: csp_id=752, page_id=12400, browser=Firefox
Testing: csp_id=752, page_id=12500, browser=Firefox
Testing: csp_id=752, page_id=12600, browser=Firefox
Testing: csp_id=752, page_id=12700, browser=Firefox
Testing: csp_id=752, page_id=12800, browser=Firefox
Testing: csp_id=752, page_id=12900, browser=Firefox
Testing: csp_id=752, page_id=13000, browser=Firefox
Testing: csp_id=752, page_id=13100, browser=Firefox
Testing: csp_id=752, page_id=13200, browser=Firefox
Testing: csp_id=752, page_id=13300, browser=Firefox
Testing: csp_id=752, page_id=13400, browser=Firefox
Testing: csp_id=752, page_id=13500, browser=Firefox
Testing: csp_id=752, page_id=13600, browser=Firefox
Testing: csp_id=752, page_id=13700, browser=Firefox
Testing: csp_id=752, page_id=13800, browser=Firefox
Testing: csp_id=752, page_id=13900, browser=Firefox
Testing: csp_id=752, page_id=14000, browser=Firefox
Testing: csp_id=752, page_id=14100, browser=Firefox
Testing: csp_id=752, page_id=14200, browser=Firefox
Testing: csp_id=752, page_id=14300, browser=Firefox
Testing: csp_id=752, page_id=14400, browser=Firefox
Testing: csp_id=752, page_id=14500, browser=Firefox
Testing: csp_id=752, page_id=14600, browser=Firefox
Testing: csp_id=752, page_id=14700, browser=Firefox
Testing: csp_id=752, page_id=14800, browser=Firefox
Testing: csp_id=752, page_id=14900, browser=Firefox
Testing: csp_id=752, page_id=15000, browser=Firefox
Testing: csp_id=752, page_id=15100, browser=Firefox
Testing: csp_id=752, page_id=15200, browser=Firefox
Testing: csp_id=752, page_id=15300, browser=Firefox
Testing: csp_id=752, page_id=15400, browser=Firefox
Testing: csp_id=752, page_id=15500, browser=Firefox
Testing: csp_id=752, page_id=15600, browser=Firefox
Testing: csp_id=752, page_id=15700, browser=Firefox
Testing: csp_id=752, page_id=15800, browser=Firefox
Testing: csp_id=752, page_id=15900, browser=Firefox
Testing: csp_id=752, page_id=16000, browser=Firefox
Testing: csp_id=752, page_id=16100, browser=Firefox
Testing: csp_id=752, page_id=16200, browser=Firefox
Testing: csp_id=752, page_id=16300, browser=Firefox
Testing: csp_id=752, page_id=16400, browser=Firefox
Testing: csp_id=752, page_id=16500, browser=Firefox
Testing: csp_id=752, page_id=16600, browser=Firefox
Testing: csp_id=752, page_id=16700, browser=Firefox
Testing: csp_id=752, page_id=16800, browser=Firefox
Testing: csp_id=752, page_id=16900, browser=Firefox
Testing: csp_id=752, page_id=17000, browser=Firefox
Testing: csp_id=752, page_id=17100, browser=Firefox
Testing: csp_id=752, page_id=17200, browser=Firefox
Testing: csp_id=752, page_id=17300, browser=Firefox
Testing: csp_id=752, page_id=17400, browser=Firefox
Testing: csp_id=752, page_id=17500, browser=Firefox
Testing: csp_id=752, page_id=17600, browser=Firefox
Testing: csp_id=752, page_id=17700, browser=Firefox
Testing: csp_id=752, page_id=17800, browser=Firefox
Testing: csp_id=752, page_id=17900, browser=Firefox
Testing: csp_id=752, page_id=18000, browser=Firefox
Testing: csp_id=752, page_id=18100, browser=Firefox
Testing: csp_id=752, page_id=18200, browser=Firefox
Testing: csp_id=752, page_id=18300, browser=Firefox
Testing: csp_id=752, page_id=18400, browser=Firefox
Testing: csp_id=752, page_id=18500, browser=Firefox
Testing: csp_id=752, page_id=18600, browser=Firefox
Testing: csp_id=752, page_id=18700, browser=Firefox
Testing: csp_id=752, page_id=18800, browser=Firefox
Testing: csp_id=752, page_id=18900, browser=Firefox
Testing: csp_id=752, page_id=19000, browser=Firefox
Testing: csp_id=752, page_id=19100, browser=Firefox
Testing: csp_id=752, page_id=19200, browser=Firefox
Testing: csp_id=752, page_id=19300, browser=Firefox
Testing: csp_id=752, page_id=19400, browser=Firefox
Testing: csp_id=752, page_id=19500, browser=Firefox
Testing: csp_id=752, page_id=19600, browser=Firefox
Testing: csp_id=752, page_id=19700, browser=Firefox
Testing: csp_id=752, page_id=19800, browser=Firefox
Testing: csp_id=752, page_id=19900, browser=Firefox
Testing: csp_id=752, page_id=20000, browser=Firefox
Testing: csp_id=752, page_id=20100, browser=Firefox
Testing: csp_id=752, page_id=20200, browser=Firefox
Testing: csp_id=752, page_id=20300, browser=Firefox
Testing: csp_id=752, page_id=20400, browser=Firefox
Testing: csp_id=752, page_id=20500, browser=Firefox
Testing: csp_id=752, page_id=20600, browser=Firefox
Testing: csp_id=752, page_id=20700, browser=Firefox
Testing: csp_id=752, page_id=20800, browser=Firefox
Testing: csp_id=752, page_id=20900, browser=Firefox
Testing: csp_id=752, page_id=21000, browser=Firefox
Testing: csp_id=752, page_id=21100, browser=Firefox
Testing: csp_id=752, page_id=21200, browser=Firefox
Testing: csp_id=752, page_id=21300, browser=Firefox
Testing: csp_id=752, page_id=21400, browser=Firefox
Testing: csp_id=752, page_id=21500, browser=Firefox
Testing: csp_id=752, page_id=21600, browser=Firefox
Testing: csp_id=752, page_id=21700, browser=Firefox
Testing: csp_id=752, page_id=21800, browser=Firefox
Testing: csp_id=752, page_id=21900, browser=Firefox
Testing: csp_id=752, page_id=22000, browser=Firefox
Testing: csp_id=752, page_id=22100, browser=Firefox
Testing: csp_id=752, page_id=22200, browser=Firefox
Testing: csp_id=752, page_id=22300, browser=Firefox
Testing: csp_id=752, page_id=22400, browser=Firefox
Testing: csp_id=752, page_id=22500, browser=Firefox
Testing: csp_id=752, page_id=22600, browser=Firefox
Testing: csp_id=752, page_id=22700, browser=Firefox
Testing: csp_id=752, page_id=22800, browser=Firefox
Testing: csp_id=752, page_id=22900, browser=Firefox
Testing: csp_id=752, page_id=23000, browser=Firefox
Testing: csp_id=752, page_id=23100, browser=Firefox
Testing: csp_id=752, page_id=23200, browser=Firefox
Testing: csp_id=752, page_id=23300, browser=Firefox
Testing: csp_id=752, page_id=23400, browser=Firefox
Testing: csp_id=752, page_id=23500, browser=Firefox
Testing: csp_id=752, page_id=23600, browser=Firefox
Testing: csp_id=752, page_id=23700, browser=Firefox
Testing: csp_id=752, page_id=23800, browser=Firefox
Testing: csp_id=752, page_id=23900, browser=Firefox
Testing: csp_id=752, page_id=24000, browser=Firefox
Testing: csp_id=752, page_id=24100, browser=Firefox
Testing: csp_id=752, page_id=24200, browser=Firefox
Testing: csp_id=752, page_id=24300, browser=Firefox
Testing: csp_id=752, page_id=24400, browser=Firefox
Testing: csp_id=752, page_id=24500, browser=Firefox
Testing: csp_id=752, page_id=24600, browser=Firefox
Testing: csp_id=752, page_id=24700, browser=Firefox
Testing: csp_id=752, page_id=24800, browser=Firefox
Testing: csp_id=752, page_id=24900, browser=Firefox
Testing: csp_id=752, page_id=25000, browser=Firefox
Testing: csp_id=752, page_id=25100, browser=Firefox
Testing: csp_id=752, page_id=25200, browser=Firefox
Testing: csp_id=752, page_id=25300, browser=Firefox
Testing: csp_id=752, page_id=25400, browser=Firefox
Testing: csp_id=752, page_id=25500, browser=Firefox
Testing: csp_id=752, page_id=25600, browser=Firefox
Testing: csp_id=752, page_id=25700, browser=Firefox
Testing: csp_id=752, page_id=25800, browser=Firefox
Testing: csp_id=752, page_id=25900, browser=Firefox
Testing: csp_id=752, page_id=26000, browser=Firefox
Testing: csp_id=752, page_id=26100, browser=Firefox
Testing: csp_id=752, page_id=26200, browser=Firefox
Testing: csp_id=752, page_id=26300, browser=Firefox
Testing: csp_id=752, page_id=26400, browser=Firefox
Testing: csp_id=752, page_id=26500, browser=Firefox
Testing: csp_id=752, page_id=26600, browser=Firefox
Testing: csp_id=752, page_id=26700, browser=Firefox
Testing: csp_id=752, page_id=26800, browser=Firefox
Testing: csp_id=752, page_id=26900, browser=Firefox
Testing: csp_id=752, page_id=27000, browser=Firefox
Testing: csp_id=752, page_id=27100, browser=Firefox
Testing: csp_id=752, page_id=27200, browser=Firefox
Testing: csp_id=752, page_id=27300, browser=Firefox
Testing: csp_id=752, page_id=27400, browser=Firefox
Testing: csp_id=752, page_id=27500, browser=Firefox
Testing: csp_id=752, page_id=27600, browser=Firefox
Testing: csp_id=752, page_id=27700, browser=Firefox
Testing: csp_id=752, page_id=27800, browser=Firefox
Testing: csp_id=752, page_id=27900, browser=Firefox
Testing: csp_id=752, page_id=28000, browser=Firefox
Testing: csp_id=752, page_id=28100, browser=Firefox
Testing: csp_id=752, page_id=28200, browser=Firefox
Testing: csp_id=752, page_id=28300, browser=Firefox
Testing: csp_id=752, page_id=28400, browser=Firefox
Testing: csp_id=752, page_id=28500, browser=Firefox
Testing: csp_id=752, page_id=28600, browser=Firefox
Testing: csp_id=752, page_id=28700, browser=Firefox
Testing: csp_id=752, page_id=28800, browser=Firefox
Testing: csp_id=752, page_id=28900, browser=Firefox
Testing: csp_id=752, page_id=29000, browser=Firefox
Testing: csp_id=752, page_id=29100, browser=Firefox
Testing: csp_id=752, page_id=29200, browser=Firefox
Testing: csp_id=752, page_id=29300, browser=Firefox
Testing: csp_id=752, page_id=29400, browser=Firefox
Testing: csp_id=752, page_id=29500, browser=Firefox
Testing: csp_id=752, page_id=29600, browser=Firefox
Testing: csp_id=752, page_id=29700, browser=Firefox
Testing: csp_id=752, page_id=29800, browser=Firefox
🏊 create_context_pools[first] (5x16): 27.403s
Testing: csp_id=765, page_id=0, browser=Firefox
Testing: csp_id=765, page_id=100, browser=Firefox
Testing: csp_id=765, page_id=200, browser=Firefox
Testing: csp_id=765, page_id=300, browser=Firefox
Testing: csp_id=765, page_id=400, browser=Firefox
Testing: csp_id=765, page_id=500, browser=Firefox
Testing: csp_id=765, page_id=600, browser=Firefox
Testing: csp_id=765, page_id=700, browser=Firefox
Testing: csp_id=765, page_id=800, browser=Firefox
Testing: csp_id=765, page_id=900, browser=Firefox
Testing: csp_id=765, page_id=1000, browser=Firefox
Testing: csp_id=765, page_id=1100, browser=Firefox
Testing: csp_id=765, page_id=1200, browser=Firefox
Testing: csp_id=765, page_id=1300, browser=Firefox
Testing: csp_id=765, page_id=1400, browser=Firefox
Testing: csp_id=765, page_id=1500, browser=Firefox
Testing: csp_id=765, page_id=1600, browser=Firefox
Testing: csp_id=765, page_id=1700, browser=Firefox
Testing: csp_id=765, page_id=1800, browser=Firefox
Testing: csp_id=765, page_id=1900, browser=Firefox
Testing: csp_id=765, page_id=2000, browser=Firefox
Testing: csp_id=765, page_id=2100, browser=Firefox
Testing: csp_id=765, page_id=2200, browser=Firefox
Testing: csp_id=765, page_id=2300, browser=Firefox
Testing: csp_id=765, page_id=2400, browser=Firefox
Testing: csp_id=765, page_id=2500, browser=Firefox
Testing: csp_id=765, page_id=2600, browser=Firefox
Testing: csp_id=765, page_id=2700, browser=Firefox
Testing: csp_id=765, page_id=2800, browser=Firefox
Testing: csp_id=765, page_id=2900, browser=Firefox
Testing: csp_id=765, page_id=3000, browser=Firefox
Testing: csp_id=765, page_id=3100, browser=Firefox
Testing: csp_id=765, page_id=3200, browser=Firefox
Testing: csp_id=765, page_id=3300, browser=Firefox
Testing: csp_id=765, page_id=3400, browser=Firefox
Testing: csp_id=765, page_id=3500, browser=Firefox
Testing: csp_id=765, page_id=3600, browser=Firefox
Testing: csp_id=765, page_id=3700, browser=Firefox
Testing: csp_id=765, page_id=3800, browser=Firefox
Testing: csp_id=765, page_id=3900, browser=Firefox
Testing: csp_id=765, page_id=4000, browser=Firefox
Testing: csp_id=765, page_id=4100, browser=Firefox
Testing: csp_id=765, page_id=4200, browser=Firefox
Testing: csp_id=765, page_id=4300, browser=Firefox
Testing: csp_id=765, page_id=4400, browser=Firefox
Testing: csp_id=765, page_id=4500, browser=Firefox
Testing: csp_id=765, page_id=4600, browser=Firefox
Testing: csp_id=765, page_id=4700, browser=Firefox
Testing: csp_id=765, page_id=4800, browser=Firefox
Testing: csp_id=765, page_id=4900, browser=Firefox
Testing: csp_id=765, page_id=5000, browser=Firefox
Testing: csp_id=765, page_id=5100, browser=Firefox
Testing: csp_id=765, page_id=5200, browser=Firefox
Testing: csp_id=765, page_id=5300, browser=Firefox
Testing: csp_id=765, page_id=5400, browser=Firefox
Testing: csp_id=765, page_id=5500, browser=Firefox
Testing: csp_id=765, page_id=5600, browser=Firefox
Testing: csp_id=765, page_id=5700, browser=Firefox
Testing: csp_id=765, page_id=5800, browser=Firefox
Testing: csp_id=765, page_id=5900, browser=Firefox
Testing: csp_id=765, page_id=6000, browser=Firefox
Testing: csp_id=765, page_id=6100, browser=Firefox
Testing: csp_id=765, page_id=6200, browser=Firefox
Testing: csp_id=765, page_id=6300, browser=Firefox
Testing: csp_id=765, page_id=6400, browser=Firefox
Testing: csp_id=765, page_id=6500, browser=Firefox
Testing: csp_id=765, page_id=6600, browser=Firefox
Testing: csp_id=765, page_id=6700, browser=Firefox
Testing: csp_id=765, page_id=6800, browser=Firefox
Testing: csp_id=765, page_id=6900, browser=Firefox
Testing: csp_id=765, page_id=7000, browser=Firefox
Testing: csp_id=765, page_id=7100, browser=Firefox
Testing: csp_id=765, page_id=7200, browser=Firefox
Testing: csp_id=765, page_id=7300, browser=Firefox
Testing: csp_id=765, page_id=7400, browser=Firefox
Testing: csp_id=765, page_id=7500, browser=Firefox
Testing: csp_id=765, page_id=7600, browser=Firefox
Testing: csp_id=765, page_id=7700, browser=Firefox
Testing: csp_id=765, page_id=7800, browser=Firefox
Testing: csp_id=765, page_id=7900, browser=Firefox
Testing: csp_id=765, page_id=8000, browser=Firefox
Testing: csp_id=765, page_id=8100, browser=Firefox
Testing: csp_id=765, page_id=8200, browser=Firefox
Testing: csp_id=765, page_id=8300, browser=Firefox
Testing: csp_id=765, page_id=8400, browser=Firefox
Testing: csp_id=765, page_id=8500, browser=Firefox
Testing: csp_id=765, page_id=8600, browser=Firefox
Testing: csp_id=765, page_id=8700, browser=Firefox
Testing: csp_id=765, page_id=8800, browser=Firefox
Testing: csp_id=765, page_id=8900, browser=Firefox
Testing: csp_id=765, page_id=9000, browser=Firefox
Testing: csp_id=765, page_id=9100, browser=Firefox
Testing: csp_id=765, page_id=9200, browser=Firefox
Testing: csp_id=765, page_id=9300, browser=Firefox
Testing: csp_id=765, page_id=9400, browser=Firefox
Testing: csp_id=765, page_id=9500, browser=Firefox
Testing: csp_id=765, page_id=9600, browser=Firefox
Testing: csp_id=765, page_id=9700, browser=Firefox
Testing: csp_id=765, page_id=9800, browser=Firefox
Testing: csp_id=765, page_id=9900, browser=Firefox
Testing: csp_id=765, page_id=10000, browser=Firefox
Testing: csp_id=765, page_id=10100, browser=Firefox
Testing: csp_id=765, page_id=10200, browser=Firefox
Testing: csp_id=765, page_id=10300, browser=Firefox
Testing: csp_id=765, page_id=10400, browser=Firefox
Testing: csp_id=765, page_id=10500, browser=Firefox
Testing: csp_id=765, page_id=10600, browser=Firefox
Testing: csp_id=765, page_id=10700, browser=Firefox
Testing: csp_id=765, page_id=10800, browser=Firefox
Testing: csp_id=765, page_id=10900, browser=Firefox
Testing: csp_id=765, page_id=11000, browser=Firefox
Testing: csp_id=765, page_id=11100, browser=Firefox
Testing: csp_id=765, page_id=11200, browser=Firefox
Testing: csp_id=765, page_id=11300, browser=Firefox
Testing: csp_id=765, page_id=11400, browser=Firefox
Testing: csp_id=765, page_id=11500, browser=Firefox
Testing: csp_id=765, page_id=11600, browser=Firefox
Testing: csp_id=765, page_id=11700, browser=Firefox
Testing: csp_id=765, page_id=11800, browser=Firefox
Testing: csp_id=765, page_id=11900, browser=Firefox
Testing: csp_id=765, page_id=12000, browser=Firefox
Testing: csp_id=765, page_id=12100, browser=Firefox
Testing: csp_id=765, page_id=12200, browser=Firefox
Testing: csp_id=765, page_id=12300, browser=Firefox
Testing: csp_id=765, page_id=12400, browser=Firefox
Testing: csp_id=765, page_id=12500, browser=Firefox
Testing: csp_id=765, page_id=12600, browser=Firefox
Testing: csp_id=765, page_id=12700, browser=Firefox
Testing: csp_id=765, page_id=12800, browser=Firefox
Testing: csp_id=765, page_id=12900, browser=Firefox
Testing: csp_id=765, page_id=13000, browser=Firefox
Testing: csp_id=765, page_id=13100, browser=Firefox
Testing: csp_id=765, page_id=13200, browser=Firefox
Testing: csp_id=765, page_id=13300, browser=Firefox
Testing: csp_id=765, page_id=13400, browser=Firefox
Testing: csp_id=765, page_id=13500, browser=Firefox
Testing: csp_id=765, page_id=13600, browser=Firefox
Testing: csp_id=765, page_id=13700, browser=Firefox
Testing: csp_id=765, page_id=13800, browser=Firefox
Testing: csp_id=765, page_id=13900, browser=Firefox
Testing: csp_id=765, page_id=14000, browser=Firefox
Testing: csp_id=765, page_id=14100, browser=Firefox
Testing: csp_id=765, page_id=14200, browser=Firefox
Testing: csp_id=765, page_id=14300, browser=Firefox
Testing: csp_id=765, page_id=14400, browser=Firefox
Testing: csp_id=765, page_id=14500, browser=Firefox
Testing: csp_id=765, page_id=14600, browser=Firefox
Testing: csp_id=765, page_id=14700, browser=Firefox
Testing: csp_id=765, page_id=14800, browser=Firefox
Testing: csp_id=765, page_id=14900, browser=Firefox
Testing: csp_id=765, page_id=15000, browser=Firefox
Testing: csp_id=765, page_id=15100, browser=Firefox
Testing: csp_id=765, page_id=15200, browser=Firefox
Testing: csp_id=765, page_id=15300, browser=Firefox
Testing: csp_id=765, page_id=15400, browser=Firefox
Testing: csp_id=765, page_id=15500, browser=Firefox
Testing: csp_id=765, page_id=15600, browser=Firefox
Testing: csp_id=765, page_id=15700, browser=Firefox
Testing: csp_id=765, page_id=15800, browser=Firefox
Testing: csp_id=765, page_id=15900, browser=Firefox
Testing: csp_id=765, page_id=16000, browser=Firefox
Testing: csp_id=765, page_id=16100, browser=Firefox
Testing: csp_id=765, page_id=16200, browser=Firefox
Testing: csp_id=765, page_id=16300, browser=Firefox
Testing: csp_id=765, page_id=16400, browser=Firefox
Testing: csp_id=765, page_id=16500, browser=Firefox
Testing: csp_id=765, page_id=16600, browser=Firefox
Testing: csp_id=765, page_id=16700, browser=Firefox
Testing: csp_id=765, page_id=16800, browser=Firefox
Testing: csp_id=765, page_id=16900, browser=Firefox
Testing: csp_id=765, page_id=17000, browser=Firefox
Testing: csp_id=765, page_id=17100, browser=Firefox
Testing: csp_id=765, page_id=17200, browser=Firefox
Testing: csp_id=765, page_id=17300, browser=Firefox
Testing: csp_id=765, page_id=17400, browser=Firefox
Testing: csp_id=765, page_id=17500, browser=Firefox
Testing: csp_id=765, page_id=17600, browser=Firefox
Testing: csp_id=765, page_id=17700, browser=Firefox
Testing: csp_id=765, page_id=17800, browser=Firefox
Testing: csp_id=765, page_id=17900, browser=Firefox
Testing: csp_id=765, page_id=18000, browser=Firefox
Testing: csp_id=765, page_id=18100, browser=Firefox
Testing: csp_id=765, page_id=18200, browser=Firefox
Testing: csp_id=765, page_id=18300, browser=Firefox
Testing: csp_id=765, page_id=18400, browser=Firefox
Testing: csp_id=765, page_id=18500, browser=Firefox
Testing: csp_id=765, page_id=18600, browser=Firefox
Testing: csp_id=765, page_id=18700, browser=Firefox
Testing: csp_id=765, page_id=18800, browser=Firefox
Testing: csp_id=765, page_id=18900, browser=Firefox
Testing: csp_id=765, page_id=19000, browser=Firefox
Testing: csp_id=765, page_id=19100, browser=Firefox
Testing: csp_id=765, page_id=19200, browser=Firefox
Testing: csp_id=765, page_id=19300, browser=Firefox
Testing: csp_id=765, page_id=19400, browser=Firefox
Testing: csp_id=765, page_id=19500, browser=Firefox
Testing: csp_id=765, page_id=19600, browser=Firefox
Testing: csp_id=765, page_id=19700, browser=Firefox
Testing: csp_id=765, page_id=19800, browser=Firefox
Testing: csp_id=765, page_id=19900, browser=Firefox
Testing: csp_id=765, page_id=20000, browser=Firefox
Testing: csp_id=765, page_id=20100, browser=Firefox
Testing: csp_id=765, page_id=20200, browser=Firefox
Testing: csp_id=765, page_id=20300, browser=Firefox
Testing: csp_id=765, page_id=20400, browser=Firefox
Testing: csp_id=765, page_id=20500, browser=Firefox
Testing: csp_id=765, page_id=20600, browser=Firefox
Testing: csp_id=765, page_id=20700, browser=Firefox
Testing: csp_id=765, page_id=20800, browser=Firefox
Testing: csp_id=765, page_id=20900, browser=Firefox
Testing: csp_id=765, page_id=21000, browser=Firefox
Testing: csp_id=765, page_id=21100, browser=Firefox
Testing: csp_id=765, page_id=21200, browser=Firefox
Testing: csp_id=765, page_id=21300, browser=Firefox
Testing: csp_id=765, page_id=21400, browser=Firefox
Testing: csp_id=765, page_id=21500, browser=Firefox
Testing: csp_id=765, page_id=21600, browser=Firefox
Testing: csp_id=765, page_id=21700, browser=Firefox
Testing: csp_id=765, page_id=21800, browser=Firefox
Testing: csp_id=765, page_id=21900, browser=Firefox
Testing: csp_id=765, page_id=22000, browser=Firefox
Testing: csp_id=765, page_id=22100, browser=Firefox
Testing: csp_id=765, page_id=22200, browser=Firefox
Testing: csp_id=765, page_id=22300, browser=Firefox
Testing: csp_id=765, page_id=22400, browser=Firefox
Testing: csp_id=765, page_id=22500, browser=Firefox
Testing: csp_id=765, page_id=22600, browser=Firefox
Testing: csp_id=765, page_id=22700, browser=Firefox
Testing: csp_id=765, page_id=22800, browser=Firefox
Testing: csp_id=765, page_id=22900, browser=Firefox
Testing: csp_id=765, page_id=23000, browser=Firefox
Testing: csp_id=765, page_id=23100, browser=Firefox
Testing: csp_id=765, page_id=23200, browser=Firefox
Testing: csp_id=765, page_id=23300, browser=Firefox
Testing: csp_id=765, page_id=23400, browser=Firefox
Testing: csp_id=765, page_id=23500, browser=Firefox
Testing: csp_id=765, page_id=23600, browser=Firefox
Testing: csp_id=765, page_id=23700, browser=Firefox
Testing: csp_id=765, page_id=23800, browser=Firefox
Testing: csp_id=765, page_id=23900, browser=Firefox
Testing: csp_id=765, page_id=24000, browser=Firefox
Testing: csp_id=765, page_id=24100, browser=Firefox
Testing: csp_id=765, page_id=24200, browser=Firefox
Testing: csp_id=765, page_id=24300, browser=Firefox
Testing: csp_id=765, page_id=24400, browser=Firefox
Testing: csp_id=765, page_id=24500, browser=Firefox
Testing: csp_id=765, page_id=24600, browser=Firefox
Testing: csp_id=765, page_id=24700, browser=Firefox
Testing: csp_id=765, page_id=24800, browser=Firefox
Testing: csp_id=765, page_id=24900, browser=Firefox
Testing: csp_id=765, page_id=25000, browser=Firefox
Testing: csp_id=765, page_id=25100, browser=Firefox
Testing: csp_id=765, page_id=25200, browser=Firefox
Testing: csp_id=765, page_id=25300, browser=Firefox
Testing: csp_id=765, page_id=25400, browser=Firefox
Testing: csp_id=765, page_id=25500, browser=Firefox
Testing: csp_id=765, page_id=25600, browser=Firefox
Testing: csp_id=765, page_id=25700, browser=Firefox
Testing: csp_id=765, page_id=25800, browser=Firefox
Testing: csp_id=765, page_id=25900, browser=Firefox
Testing: csp_id=765, page_id=26000, browser=Firefox
Testing: csp_id=765, page_id=26100, browser=Firefox
Testing: csp_id=765, page_id=26200, browser=Firefox
Testing: csp_id=765, page_id=26300, browser=Firefox
Testing: csp_id=765, page_id=26400, browser=Firefox
Testing: csp_id=765, page_id=26500, browser=Firefox
Testing: csp_id=765, page_id=26600, browser=Firefox
Testing: csp_id=765, page_id=26700, browser=Firefox
Testing: csp_id=765, page_id=26800, browser=Firefox
Testing: csp_id=765, page_id=26900, browser=Firefox
Testing: csp_id=765, page_id=27000, browser=Firefox
Testing: csp_id=765, page_id=27100, browser=Firefox
Testing: csp_id=765, page_id=27200, browser=Firefox
Testing: csp_id=765, page_id=27300, browser=Firefox
Testing: csp_id=765, page_id=27400, browser=Firefox
Testing: csp_id=765, page_id=27500, browser=Firefox
Testing: csp_id=765, page_id=27600, browser=Firefox
Testing: csp_id=765, page_id=27700, browser=Firefox
Testing: csp_id=765, page_id=27800, browser=Firefox
Testing: csp_id=765, page_id=27900, browser=Firefox
Testing: csp_id=765, page_id=28000, browser=Firefox
Testing: csp_id=765, page_id=28100, browser=Firefox
Testing: csp_id=765, page_id=28200, browser=Firefox
Testing: csp_id=765, page_id=28300, browser=Firefox
Testing: csp_id=765, page_id=28400, browser=Firefox
Testing: csp_id=765, page_id=28500, browser=Firefox
Testing: csp_id=765, page_id=28600, browser=Firefox
Testing: csp_id=765, page_id=28700, browser=Firefox
Testing: csp_id=765, page_id=28800, browser=Firefox
Testing: csp_id=765, page_id=28900, browser=Firefox
Testing: csp_id=765, page_id=29000, browser=Firefox
Testing: csp_id=765, page_id=29100, browser=Firefox
Testing: csp_id=765, page_id=29200, browser=Firefox
Testing: csp_id=765, page_id=29300, browser=Firefox
Testing: csp_id=765, page_id=29400, browser=Firefox
Testing: csp_id=765, page_id=29500, browser=Firefox
Testing: csp_id=765, page_id=29600, browser=Firefox
Testing: csp_id=765, page_id=29700, browser=Firefox
Testing: csp_id=765, page_id=29800, browser=Firefox
🏊 create_context_pools[first] (5x16): 28.182s
Testing: csp_id=776, page_id=0, browser=Firefox
Testing: csp_id=776, page_id=100, browser=Firefox
Testing: csp_id=776, page_id=200, browser=Firefox
Testing: csp_id=776, page_id=300, browser=Firefox
Testing: csp_id=776, page_id=400, browser=Firefox
Testing: csp_id=776, page_id=500, browser=Firefox
Testing: csp_id=776, page_id=600, browser=Firefox
Testing: csp_id=776, page_id=700, browser=Firefox
Testing: csp_id=776, page_id=800, browser=Firefox
Testing: csp_id=776, page_id=900, browser=Firefox
Testing: csp_id=776, page_id=1000, browser=Firefox
Testing: csp_id=776, page_id=1100, browser=Firefox
Testing: csp_id=776, page_id=1200, browser=Firefox
Testing: csp_id=776, page_id=1300, browser=Firefox
Testing: csp_id=776, page_id=1400, browser=Firefox
Testing: csp_id=776, page_id=1500, browser=Firefox
Testing: csp_id=776, page_id=1600, browser=Firefox
Testing: csp_id=776, page_id=1700, browser=Firefox
Testing: csp_id=776, page_id=1800, browser=Firefox
Testing: csp_id=776, page_id=1900, browser=Firefox
Testing: csp_id=776, page_id=2000, browser=Firefox
Testing: csp_id=776, page_id=2100, browser=Firefox
Testing: csp_id=776, page_id=2200, browser=Firefox
Testing: csp_id=776, page_id=2300, browser=Firefox
Testing: csp_id=776, page_id=2400, browser=Firefox
Testing: csp_id=776, page_id=2500, browser=Firefox
Testing: csp_id=776, page_id=2600, browser=Firefox
Testing: csp_id=776, page_id=2700, browser=Firefox
Testing: csp_id=776, page_id=2800, browser=Firefox
Testing: csp_id=776, page_id=2900, browser=Firefox
Testing: csp_id=776, page_id=3000, browser=Firefox
Testing: csp_id=776, page_id=3100, browser=Firefox
Testing: csp_id=776, page_id=3200, browser=Firefox
Testing: csp_id=776, page_id=3300, browser=Firefox
Testing: csp_id=776, page_id=3400, browser=Firefox
Testing: csp_id=776, page_id=3500, browser=Firefox
Testing: csp_id=776, page_id=3600, browser=Firefox
Testing: csp_id=776, page_id=3700, browser=Firefox
Testing: csp_id=776, page_id=3800, browser=Firefox
Testing: csp_id=776, page_id=3900, browser=Firefox
Testing: csp_id=776, page_id=4000, browser=Firefox
Testing: csp_id=776, page_id=4100, browser=Firefox
Testing: csp_id=776, page_id=4200, browser=Firefox
Testing: csp_id=776, page_id=4300, browser=Firefox
Testing: csp_id=776, page_id=4400, browser=Firefox
Testing: csp_id=776, page_id=4500, browser=Firefox
Testing: csp_id=776, page_id=4600, browser=Firefox
Testing: csp_id=776, page_id=4700, browser=Firefox
Testing: csp_id=776, page_id=4800, browser=Firefox
Testing: csp_id=776, page_id=4900, browser=Firefox
Testing: csp_id=776, page_id=5000, browser=Firefox
Testing: csp_id=776, page_id=5100, browser=Firefox
Testing: csp_id=776, page_id=5200, browser=Firefox
Testing: csp_id=776, page_id=5300, browser=Firefox
Testing: csp_id=776, page_id=5400, browser=Firefox
Testing: csp_id=776, page_id=5500, browser=Firefox
Testing: csp_id=776, page_id=5600, browser=Firefox
Testing: csp_id=776, page_id=5700, browser=Firefox
Testing: csp_id=776, page_id=5800, browser=Firefox
Testing: csp_id=776, page_id=5900, browser=Firefox
Testing: csp_id=776, page_id=6000, browser=Firefox
Testing: csp_id=776, page_id=6100, browser=Firefox
Testing: csp_id=776, page_id=6200, browser=Firefox
Testing: csp_id=776, page_id=6300, browser=Firefox
Testing: csp_id=776, page_id=6400, browser=Firefox
Testing: csp_id=776, page_id=6500, browser=Firefox
Testing: csp_id=776, page_id=6600, browser=Firefox
Testing: csp_id=776, page_id=6700, browser=Firefox
Testing: csp_id=776, page_id=6800, browser=Firefox
Testing: csp_id=776, page_id=6900, browser=Firefox
Testing: csp_id=776, page_id=7000, browser=Firefox
Testing: csp_id=776, page_id=7100, browser=Firefox
Testing: csp_id=776, page_id=7200, browser=Firefox
Testing: csp_id=776, page_id=7300, browser=Firefox
Testing: csp_id=776, page_id=7400, browser=Firefox
Testing: csp_id=776, page_id=7500, browser=Firefox
Testing: csp_id=776, page_id=7600, browser=Firefox
Testing: csp_id=776, page_id=7700, browser=Firefox
Testing: csp_id=776, page_id=7800, browser=Firefox
Testing: csp_id=776, page_id=7900, browser=Firefox
Testing: csp_id=776, page_id=8000, browser=Firefox
Testing: csp_id=776, page_id=8100, browser=Firefox
Testing: csp_id=776, page_id=8200, browser=Firefox
Testing: csp_id=776, page_id=8300, browser=Firefox
Testing: csp_id=776, page_id=8400, browser=Firefox
Testing: csp_id=776, page_id=8500, browser=Firefox
Testing: csp_id=776, page_id=8600, browser=Firefox
Testing: csp_id=776, page_id=8700, browser=Firefox
Testing: csp_id=776, page_id=8800, browser=Firefox
Testing: csp_id=776, page_id=8900, browser=Firefox
Testing: csp_id=776, page_id=9000, browser=Firefox
Testing: csp_id=776, page_id=9100, browser=Firefox
Testing: csp_id=776, page_id=9200, browser=Firefox
Testing: csp_id=776, page_id=9300, browser=Firefox
Testing: csp_id=776, page_id=9400, browser=Firefox
Testing: csp_id=776, page_id=9500, browser=Firefox
Testing: csp_id=776, page_id=9600, browser=Firefox
Testing: csp_id=776, page_id=9700, browser=Firefox
Testing: csp_id=776, page_id=9800, browser=Firefox
Testing: csp_id=776, page_id=9900, browser=Firefox
Testing: csp_id=776, page_id=10000, browser=Firefox
Testing: csp_id=776, page_id=10100, browser=Firefox
Testing: csp_id=776, page_id=10200, browser=Firefox
Testing: csp_id=776, page_id=10300, browser=Firefox
Testing: csp_id=776, page_id=10400, browser=Firefox
Testing: csp_id=776, page_id=10500, browser=Firefox
Testing: csp_id=776, page_id=10600, browser=Firefox
Testing: csp_id=776, page_id=10700, browser=Firefox
Testing: csp_id=776, page_id=10800, browser=Firefox
Testing: csp_id=776, page_id=10900, browser=Firefox
Testing: csp_id=776, page_id=11000, browser=Firefox
Testing: csp_id=776, page_id=11100, browser=Firefox
Testing: csp_id=776, page_id=11200, browser=Firefox
Testing: csp_id=776, page_id=11300, browser=Firefox
Testing: csp_id=776, page_id=11400, browser=Firefox
Testing: csp_id=776, page_id=11500, browser=Firefox
Testing: csp_id=776, page_id=11600, browser=Firefox
Testing: csp_id=776, page_id=11700, browser=Firefox
Testing: csp_id=776, page_id=11800, browser=Firefox
Testing: csp_id=776, page_id=11900, browser=Firefox
Testing: csp_id=776, page_id=12000, browser=Firefox
Testing: csp_id=776, page_id=12100, browser=Firefox
Testing: csp_id=776, page_id=12200, browser=Firefox
Testing: csp_id=776, page_id=12300, browser=Firefox
Testing: csp_id=776, page_id=12400, browser=Firefox
Testing: csp_id=776, page_id=12500, browser=Firefox
Testing: csp_id=776, page_id=12600, browser=Firefox
Testing: csp_id=776, page_id=12700, browser=Firefox
Testing: csp_id=776, page_id=12800, browser=Firefox
Testing: csp_id=776, page_id=12900, browser=Firefox
Testing: csp_id=776, page_id=13000, browser=Firefox
Testing: csp_id=776, page_id=13100, browser=Firefox
Testing: csp_id=776, page_id=13200, browser=Firefox
Testing: csp_id=776, page_id=13300, browser=Firefox
Testing: csp_id=776, page_id=13400, browser=Firefox
Testing: csp_id=776, page_id=13500, browser=Firefox
Testing: csp_id=776, page_id=13600, browser=Firefox
Testing: csp_id=776, page_id=13700, browser=Firefox
Testing: csp_id=776, page_id=13800, browser=Firefox
Testing: csp_id=776, page_id=13900, browser=Firefox
Testing: csp_id=776, page_id=14000, browser=Firefox
Testing: csp_id=776, page_id=14100, browser=Firefox
Testing: csp_id=776, page_id=14200, browser=Firefox
Testing: csp_id=776, page_id=14300, browser=Firefox
Testing: csp_id=776, page_id=14400, browser=Firefox
Testing: csp_id=776, page_id=14500, browser=Firefox
Testing: csp_id=776, page_id=14600, browser=Firefox
Testing: csp_id=776, page_id=14700, browser=Firefox
Testing: csp_id=776, page_id=14800, browser=Firefox
Testing: csp_id=776, page_id=14900, browser=Firefox
Testing: csp_id=776, page_id=15000, browser=Firefox
Testing: csp_id=776, page_id=15100, browser=Firefox
Testing: csp_id=776, page_id=15200, browser=Firefox
Testing: csp_id=776, page_id=15300, browser=Firefox
Testing: csp_id=776, page_id=15400, browser=Firefox
Testing: csp_id=776, page_id=15500, browser=Firefox
Testing: csp_id=776, page_id=15600, browser=Firefox
Testing: csp_id=776, page_id=15700, browser=Firefox
Testing: csp_id=776, page_id=15800, browser=Firefox
Testing: csp_id=776, page_id=15900, browser=Firefox
Testing: csp_id=776, page_id=16000, browser=Firefox
Testing: csp_id=776, page_id=16100, browser=Firefox
Testing: csp_id=776, page_id=16200, browser=Firefox
Testing: csp_id=776, page_id=16300, browser=Firefox
Testing: csp_id=776, page_id=16400, browser=Firefox
Testing: csp_id=776, page_id=16500, browser=Firefox
Testing: csp_id=776, page_id=16600, browser=Firefox
Testing: csp_id=776, page_id=16700, browser=Firefox
Testing: csp_id=776, page_id=16800, browser=Firefox
Testing: csp_id=776, page_id=16900, browser=Firefox
Testing: csp_id=776, page_id=17000, browser=Firefox
Testing: csp_id=776, page_id=17100, browser=Firefox
Testing: csp_id=776, page_id=17200, browser=Firefox
Testing: csp_id=776, page_id=17300, browser=Firefox
Testing: csp_id=776, page_id=17400, browser=Firefox
Testing: csp_id=776, page_id=17500, browser=Firefox
Testing: csp_id=776, page_id=17600, browser=Firefox
Testing: csp_id=776, page_id=17700, browser=Firefox
Testing: csp_id=776, page_id=17800, browser=Firefox
Testing: csp_id=776, page_id=17900, browser=Firefox
Testing: csp_id=776, page_id=18000, browser=Firefox
Testing: csp_id=776, page_id=18100, browser=Firefox
Testing: csp_id=776, page_id=18200, browser=Firefox
Testing: csp_id=776, page_id=18300, browser=Firefox
Testing: csp_id=776, page_id=18400, browser=Firefox
Testing: csp_id=776, page_id=18500, browser=Firefox
Testing: csp_id=776, page_id=18600, browser=Firefox
Testing: csp_id=776, page_id=18700, browser=Firefox
Testing: csp_id=776, page_id=18800, browser=Firefox
Testing: csp_id=776, page_id=18900, browser=Firefox
Testing: csp_id=776, page_id=19000, browser=Firefox
Testing: csp_id=776, page_id=19100, browser=Firefox
Testing: csp_id=776, page_id=19200, browser=Firefox
Testing: csp_id=776, page_id=19300, browser=Firefox
Testing: csp_id=776, page_id=19400, browser=Firefox
Testing: csp_id=776, page_id=19500, browser=Firefox
Testing: csp_id=776, page_id=19600, browser=Firefox
Testing: csp_id=776, page_id=19700, browser=Firefox
Testing: csp_id=776, page_id=19800, browser=Firefox
Testing: csp_id=776, page_id=19900, browser=Firefox
Testing: csp_id=776, page_id=20000, browser=Firefox
Testing: csp_id=776, page_id=20100, browser=Firefox
Testing: csp_id=776, page_id=20200, browser=Firefox
Testing: csp_id=776, page_id=20300, browser=Firefox
Testing: csp_id=776, page_id=20400, browser=Firefox
Testing: csp_id=776, page_id=20500, browser=Firefox
Testing: csp_id=776, page_id=20600, browser=Firefox
Testing: csp_id=776, page_id=20700, browser=Firefox
Testing: csp_id=776, page_id=20800, browser=Firefox
Testing: csp_id=776, page_id=20900, browser=Firefox
Testing: csp_id=776, page_id=21000, browser=Firefox
Testing: csp_id=776, page_id=21100, browser=Firefox
Testing: csp_id=776, page_id=21200, browser=Firefox
Testing: csp_id=776, page_id=21300, browser=Firefox
Testing: csp_id=776, page_id=21400, browser=Firefox
Testing: csp_id=776, page_id=21500, browser=Firefox
Testing: csp_id=776, page_id=21600, browser=Firefox
Testing: csp_id=776, page_id=21700, browser=Firefox
Testing: csp_id=776, page_id=21800, browser=Firefox
Testing: csp_id=776, page_id=21900, browser=Firefox
Testing: csp_id=776, page_id=22000, browser=Firefox
Testing: csp_id=776, page_id=22100, browser=Firefox
Testing: csp_id=776, page_id=22200, browser=Firefox
Testing: csp_id=776, page_id=22300, browser=Firefox
Testing: csp_id=776, page_id=22400, browser=Firefox
Testing: csp_id=776, page_id=22500, browser=Firefox
Testing: csp_id=776, page_id=22600, browser=Firefox
Testing: csp_id=776, page_id=22700, browser=Firefox
Testing: csp_id=776, page_id=22800, browser=Firefox
Testing: csp_id=776, page_id=22900, browser=Firefox
Testing: csp_id=776, page_id=23000, browser=Firefox
Testing: csp_id=776, page_id=23100, browser=Firefox
Testing: csp_id=776, page_id=23200, browser=Firefox
Testing: csp_id=776, page_id=23300, browser=Firefox
Testing: csp_id=776, page_id=23400, browser=Firefox
Testing: csp_id=776, page_id=23500, browser=Firefox
Testing: csp_id=776, page_id=23600, browser=Firefox
Testing: csp_id=776, page_id=23700, browser=Firefox
Testing: csp_id=776, page_id=23800, browser=Firefox
Testing: csp_id=776, page_id=23900, browser=Firefox
Testing: csp_id=776, page_id=24000, browser=Firefox
Testing: csp_id=776, page_id=24100, browser=Firefox
Testing: csp_id=776, page_id=24200, browser=Firefox
Testing: csp_id=776, page_id=24300, browser=Firefox
Testing: csp_id=776, page_id=24400, browser=Firefox
Testing: csp_id=776, page_id=24500, browser=Firefox
Testing: csp_id=776, page_id=24600, browser=Firefox
Testing: csp_id=776, page_id=24700, browser=Firefox
Testing: csp_id=776, page_id=24800, browser=Firefox
Testing: csp_id=776, page_id=24900, browser=Firefox
Testing: csp_id=776, page_id=25000, browser=Firefox
Testing: csp_id=776, page_id=25100, browser=Firefox
Testing: csp_id=776, page_id=25200, browser=Firefox
Testing: csp_id=776, page_id=25300, browser=Firefox
Testing: csp_id=776, page_id=25400, browser=Firefox
Testing: csp_id=776, page_id=25500, browser=Firefox
Testing: csp_id=776, page_id=25600, browser=Firefox
Testing: csp_id=776, page_id=25700, browser=Firefox
Testing: csp_id=776, page_id=25800, browser=Firefox
Testing: csp_id=776, page_id=25900, browser=Firefox
Testing: csp_id=776, page_id=26000, browser=Firefox
Testing: csp_id=776, page_id=26100, browser=Firefox
Testing: csp_id=776, page_id=26200, browser=Firefox
Testing: csp_id=776, page_id=26300, browser=Firefox
Testing: csp_id=776, page_id=26400, browser=Firefox
Testing: csp_id=776, page_id=26500, browser=Firefox
Testing: csp_id=776, page_id=26600, browser=Firefox
Testing: csp_id=776, page_id=26700, browser=Firefox
Testing: csp_id=776, page_id=26800, browser=Firefox
Testing: csp_id=776, page_id=26900, browser=Firefox
Testing: csp_id=776, page_id=27000, browser=Firefox
Testing: csp_id=776, page_id=27100, browser=Firefox
Testing: csp_id=776, page_id=27200, browser=Firefox
Testing: csp_id=776, page_id=27300, browser=Firefox
Testing: csp_id=776, page_id=27400, browser=Firefox
Testing: csp_id=776, page_id=27500, browser=Firefox
Testing: csp_id=776, page_id=27600, browser=Firefox
Testing: csp_id=776, page_id=27700, browser=Firefox
Testing: csp_id=776, page_id=27800, browser=Firefox
Testing: csp_id=776, page_id=27900, browser=Firefox
Testing: csp_id=776, page_id=28000, browser=Firefox
Testing: csp_id=776, page_id=28100, browser=Firefox
Testing: csp_id=776, page_id=28200, browser=Firefox
Testing: csp_id=776, page_id=28300, browser=Firefox
Testing: csp_id=776, page_id=28400, browser=Firefox
Testing: csp_id=776, page_id=28500, browser=Firefox
Testing: csp_id=776, page_id=28600, browser=Firefox
Testing: csp_id=776, page_id=28700, browser=Firefox
Testing: csp_id=776, page_id=28800, browser=Firefox
Testing: csp_id=776, page_id=28900, browser=Firefox
Testing: csp_id=776, page_id=29000, browser=Firefox
Testing: csp_id=776, page_id=29100, browser=Firefox
Testing: csp_id=776, page_id=29200, browser=Firefox
Testing: csp_id=776, page_id=29300, browser=Firefox
Testing: csp_id=776, page_id=29400, browser=Firefox
Testing: csp_id=776, page_id=29500, browser=Firefox
Testing: csp_id=776, page_id=29600, browser=Firefox
Testing: csp_id=776, page_id=29700, browser=Firefox
Testing: csp_id=776, page_id=29800, browser=Firefox
🏊 create_context_pools[first] (5x16): 24.890s
Testing: csp_id=780, page_id=0, browser=Firefox
Testing: csp_id=780, page_id=100, browser=Firefox
Testing: csp_id=780, page_id=200, browser=Firefox
Testing: csp_id=780, page_id=300, browser=Firefox
Testing: csp_id=780, page_id=400, browser=Firefox
Testing: csp_id=780, page_id=500, browser=Firefox
Testing: csp_id=780, page_id=600, browser=Firefox
Testing: csp_id=780, page_id=700, browser=Firefox
Testing: csp_id=780, page_id=800, browser=Firefox
Testing: csp_id=780, page_id=900, browser=Firefox
Testing: csp_id=780, page_id=1000, browser=Firefox
Testing: csp_id=780, page_id=1100, browser=Firefox
Testing: csp_id=780, page_id=1200, browser=Firefox
Testing: csp_id=780, page_id=1300, browser=Firefox
Testing: csp_id=780, page_id=1400, browser=Firefox
Testing: csp_id=780, page_id=1500, browser=Firefox
Testing: csp_id=780, page_id=1600, browser=Firefox
Testing: csp_id=780, page_id=1700, browser=Firefox
Testing: csp_id=780, page_id=1800, browser=Firefox
Testing: csp_id=780, page_id=1900, browser=Firefox
Testing: csp_id=780, page_id=2000, browser=Firefox
Testing: csp_id=780, page_id=2100, browser=Firefox
Testing: csp_id=780, page_id=2200, browser=Firefox
Testing: csp_id=780, page_id=2300, browser=Firefox
Testing: csp_id=780, page_id=2400, browser=Firefox
Testing: csp_id=780, page_id=2500, browser=Firefox
Testing: csp_id=780, page_id=2600, browser=Firefox
Testing: csp_id=780, page_id=2700, browser=Firefox
Testing: csp_id=780, page_id=2800, browser=Firefox
Testing: csp_id=780, page_id=2900, browser=Firefox
Testing: csp_id=780, page_id=3000, browser=Firefox
Testing: csp_id=780, page_id=3100, browser=Firefox
Testing: csp_id=780, page_id=3200, browser=Firefox
Testing: csp_id=780, page_id=3300, browser=Firefox
Testing: csp_id=780, page_id=3400, browser=Firefox
Testing: csp_id=780, page_id=3500, browser=Firefox
Testing: csp_id=780, page_id=3600, browser=Firefox
Testing: csp_id=780, page_id=3700, browser=Firefox
Testing: csp_id=780, page_id=3800, browser=Firefox
Testing: csp_id=780, page_id=3900, browser=Firefox
Testing: csp_id=780, page_id=4000, browser=Firefox
Testing: csp_id=780, page_id=4100, browser=Firefox
Testing: csp_id=780, page_id=4200, browser=Firefox
Testing: csp_id=780, page_id=4300, browser=Firefox
Testing: csp_id=780, page_id=4400, browser=Firefox
Testing: csp_id=780, page_id=4500, browser=Firefox
Testing: csp_id=780, page_id=4600, browser=Firefox
Testing: csp_id=780, page_id=4700, browser=Firefox
Testing: csp_id=780, page_id=4800, browser=Firefox
Testing: csp_id=780, page_id=4900, browser=Firefox
Testing: csp_id=780, page_id=5000, browser=Firefox
Testing: csp_id=780, page_id=5100, browser=Firefox
Testing: csp_id=780, page_id=5200, browser=Firefox
Testing: csp_id=780, page_id=5300, browser=Firefox
Testing: csp_id=780, page_id=5400, browser=Firefox
Testing: csp_id=780, page_id=5500, browser=Firefox
Testing: csp_id=780, page_id=5600, browser=Firefox
Testing: csp_id=780, page_id=5700, browser=Firefox
Testing: csp_id=780, page_id=5800, browser=Firefox
Testing: csp_id=780, page_id=5900, browser=Firefox
Testing: csp_id=780, page_id=6000, browser=Firefox
Testing: csp_id=780, page_id=6100, browser=Firefox
Testing: csp_id=780, page_id=6200, browser=Firefox
Testing: csp_id=780, page_id=6300, browser=Firefox
Testing: csp_id=780, page_id=6400, browser=Firefox
Testing: csp_id=780, page_id=6500, browser=Firefox
Testing: csp_id=780, page_id=6600, browser=Firefox
Testing: csp_id=780, page_id=6700, browser=Firefox
Testing: csp_id=780, page_id=6800, browser=Firefox
Testing: csp_id=780, page_id=6900, browser=Firefox
Testing: csp_id=780, page_id=7000, browser=Firefox
Testing: csp_id=780, page_id=7100, browser=Firefox
Testing: csp_id=780, page_id=7200, browser=Firefox
Testing: csp_id=780, page_id=7300, browser=Firefox
Testing: csp_id=780, page_id=7400, browser=Firefox
Testing: csp_id=780, page_id=7500, browser=Firefox
Testing: csp_id=780, page_id=7600, browser=Firefox
Testing: csp_id=780, page_id=7700, browser=Firefox
Testing: csp_id=780, page_id=7800, browser=Firefox
Testing: csp_id=780, page_id=7900, browser=Firefox
Testing: csp_id=780, page_id=8000, browser=Firefox
Testing: csp_id=780, page_id=8100, browser=Firefox
Testing: csp_id=780, page_id=8200, browser=Firefox
Testing: csp_id=780, page_id=8300, browser=Firefox
Testing: csp_id=780, page_id=8400, browser=Firefox
Testing: csp_id=780, page_id=8500, browser=Firefox
Testing: csp_id=780, page_id=8600, browser=Firefox
Testing: csp_id=780, page_id=8700, browser=Firefox
Testing: csp_id=780, page_id=8800, browser=Firefox
Testing: csp_id=780, page_id=8900, browser=Firefox
Testing: csp_id=780, page_id=9000, browser=Firefox
Testing: csp_id=780, page_id=9100, browser=Firefox
Testing: csp_id=780, page_id=9200, browser=Firefox
Testing: csp_id=780, page_id=9300, browser=Firefox
Testing: csp_id=780, page_id=9400, browser=Firefox
Testing: csp_id=780, page_id=9500, browser=Firefox
Testing: csp_id=780, page_id=9600, browser=Firefox
Testing: csp_id=780, page_id=9700, browser=Firefox
Testing: csp_id=780, page_id=9800, browser=Firefox
Testing: csp_id=780, page_id=9900, browser=Firefox
Testing: csp_id=780, page_id=10000, browser=Firefox
Testing: csp_id=780, page_id=10100, browser=Firefox
Testing: csp_id=780, page_id=10200, browser=Firefox
Testing: csp_id=780, page_id=10300, browser=Firefox
Testing: csp_id=780, page_id=10400, browser=Firefox
Testing: csp_id=780, page_id=10500, browser=Firefox
Testing: csp_id=780, page_id=10600, browser=Firefox
Testing: csp_id=780, page_id=10700, browser=Firefox
Testing: csp_id=780, page_id=10800, browser=Firefox
Testing: csp_id=780, page_id=10900, browser=Firefox
Testing: csp_id=780, page_id=11000, browser=Firefox
Testing: csp_id=780, page_id=11100, browser=Firefox
Testing: csp_id=780, page_id=11200, browser=Firefox
Testing: csp_id=780, page_id=11300, browser=Firefox
Testing: csp_id=780, page_id=11400, browser=Firefox
Testing: csp_id=780, page_id=11500, browser=Firefox
Testing: csp_id=780, page_id=11600, browser=Firefox
Testing: csp_id=780, page_id=11700, browser=Firefox
Testing: csp_id=780, page_id=11800, browser=Firefox
Testing: csp_id=780, page_id=11900, browser=Firefox
Testing: csp_id=780, page_id=12000, browser=Firefox
Testing: csp_id=780, page_id=12100, browser=Firefox
Testing: csp_id=780, page_id=12200, browser=Firefox
Testing: csp_id=780, page_id=12300, browser=Firefox
Testing: csp_id=780, page_id=12400, browser=Firefox
Testing: csp_id=780, page_id=12500, browser=Firefox
Testing: csp_id=780, page_id=12600, browser=Firefox
Testing: csp_id=780, page_id=12700, browser=Firefox
Testing: csp_id=780, page_id=12800, browser=Firefox
Testing: csp_id=780, page_id=12900, browser=Firefox
Testing: csp_id=780, page_id=13000, browser=Firefox
Testing: csp_id=780, page_id=13100, browser=Firefox
Testing: csp_id=780, page_id=13200, browser=Firefox
Testing: csp_id=780, page_id=13300, browser=Firefox
Testing: csp_id=780, page_id=13400, browser=Firefox
Testing: csp_id=780, page_id=13500, browser=Firefox
Testing: csp_id=780, page_id=13600, browser=Firefox
Testing: csp_id=780, page_id=13700, browser=Firefox
Testing: csp_id=780, page_id=13800, browser=Firefox
Testing: csp_id=780, page_id=13900, browser=Firefox
Testing: csp_id=780, page_id=14000, browser=Firefox
Testing: csp_id=780, page_id=14100, browser=Firefox
Testing: csp_id=780, page_id=14200, browser=Firefox
Testing: csp_id=780, page_id=14300, browser=Firefox
Testing: csp_id=780, page_id=14400, browser=Firefox
Testing: csp_id=780, page_id=14500, browser=Firefox
Testing: csp_id=780, page_id=14600, browser=Firefox
Testing: csp_id=780, page_id=14700, browser=Firefox
Testing: csp_id=780, page_id=14800, browser=Firefox
Testing: csp_id=780, page_id=14900, browser=Firefox
Testing: csp_id=780, page_id=15000, browser=Firefox
Testing: csp_id=780, page_id=15100, browser=Firefox
Testing: csp_id=780, page_id=15200, browser=Firefox
Testing: csp_id=780, page_id=15300, browser=Firefox
Testing: csp_id=780, page_id=15400, browser=Firefox
Testing: csp_id=780, page_id=15500, browser=Firefox
Testing: csp_id=780, page_id=15600, browser=Firefox
Testing: csp_id=780, page_id=15700, browser=Firefox
Testing: csp_id=780, page_id=15800, browser=Firefox
Testing: csp_id=780, page_id=15900, browser=Firefox
Testing: csp_id=780, page_id=16000, browser=Firefox
Testing: csp_id=780, page_id=16100, browser=Firefox
Testing: csp_id=780, page_id=16200, browser=Firefox
Testing: csp_id=780, page_id=16300, browser=Firefox
Testing: csp_id=780, page_id=16400, browser=Firefox
Testing: csp_id=780, page_id=16500, browser=Firefox
Testing: csp_id=780, page_id=16600, browser=Firefox
Testing: csp_id=780, page_id=16700, browser=Firefox
Testing: csp_id=780, page_id=16800, browser=Firefox
Testing: csp_id=780, page_id=16900, browser=Firefox
Testing: csp_id=780, page_id=17000, browser=Firefox
Testing: csp_id=780, page_id=17100, browser=Firefox
Testing: csp_id=780, page_id=17200, browser=Firefox
Testing: csp_id=780, page_id=17300, browser=Firefox
Testing: csp_id=780, page_id=17400, browser=Firefox
Testing: csp_id=780, page_id=17500, browser=Firefox
Testing: csp_id=780, page_id=17600, browser=Firefox
Testing: csp_id=780, page_id=17700, browser=Firefox
Testing: csp_id=780, page_id=17800, browser=Firefox
Testing: csp_id=780, page_id=17900, browser=Firefox
Testing: csp_id=780, page_id=18000, browser=Firefox
Testing: csp_id=780, page_id=18100, browser=Firefox
Testing: csp_id=780, page_id=18200, browser=Firefox
Testing: csp_id=780, page_id=18300, browser=Firefox
Testing: csp_id=780, page_id=18400, browser=Firefox
Testing: csp_id=780, page_id=18500, browser=Firefox
Testing: csp_id=780, page_id=18600, browser=Firefox
Testing: csp_id=780, page_id=18700, browser=Firefox
Testing: csp_id=780, page_id=18800, browser=Firefox
Testing: csp_id=780, page_id=18900, browser=Firefox
Testing: csp_id=780, page_id=19000, browser=Firefox
Testing: csp_id=780, page_id=19100, browser=Firefox
Testing: csp_id=780, page_id=19200, browser=Firefox
Testing: csp_id=780, page_id=19300, browser=Firefox
Testing: csp_id=780, page_id=19400, browser=Firefox
Testing: csp_id=780, page_id=19500, browser=Firefox
Testing: csp_id=780, page_id=19600, browser=Firefox
Testing: csp_id=780, page_id=19700, browser=Firefox
Testing: csp_id=780, page_id=19800, browser=Firefox
Testing: csp_id=780, page_id=19900, browser=Firefox
Testing: csp_id=780, page_id=20000, browser=Firefox
Testing: csp_id=780, page_id=20100, browser=Firefox
Testing: csp_id=780, page_id=20200, browser=Firefox
Testing: csp_id=780, page_id=20300, browser=Firefox
Testing: csp_id=780, page_id=20400, browser=Firefox
Testing: csp_id=780, page_id=20500, browser=Firefox
Testing: csp_id=780, page_id=20600, browser=Firefox
Testing: csp_id=780, page_id=20700, browser=Firefox
Testing: csp_id=780, page_id=20800, browser=Firefox
Testing: csp_id=780, page_id=20900, browser=Firefox
Testing: csp_id=780, page_id=21000, browser=Firefox
Testing: csp_id=780, page_id=21100, browser=Firefox
Testing: csp_id=780, page_id=21200, browser=Firefox
Testing: csp_id=780, page_id=21300, browser=Firefox
Testing: csp_id=780, page_id=21400, browser=Firefox
Testing: csp_id=780, page_id=21500, browser=Firefox
Testing: csp_id=780, page_id=21600, browser=Firefox
Testing: csp_id=780, page_id=21700, browser=Firefox
Testing: csp_id=780, page_id=21800, browser=Firefox
Testing: csp_id=780, page_id=21900, browser=Firefox
Testing: csp_id=780, page_id=22000, browser=Firefox
Testing: csp_id=780, page_id=22100, browser=Firefox
Testing: csp_id=780, page_id=22200, browser=Firefox
Testing: csp_id=780, page_id=22300, browser=Firefox
Testing: csp_id=780, page_id=22400, browser=Firefox
Testing: csp_id=780, page_id=22500, browser=Firefox
Testing: csp_id=780, page_id=22600, browser=Firefox
Testing: csp_id=780, page_id=22700, browser=Firefox
Testing: csp_id=780, page_id=22800, browser=Firefox
Testing: csp_id=780, page_id=22900, browser=Firefox
Testing: csp_id=780, page_id=23000, browser=Firefox
Testing: csp_id=780, page_id=23100, browser=Firefox
Testing: csp_id=780, page_id=23200, browser=Firefox
Testing: csp_id=780, page_id=23300, browser=Firefox
Testing: csp_id=780, page_id=23400, browser=Firefox
Testing: csp_id=780, page_id=23500, browser=Firefox
Testing: csp_id=780, page_id=23600, browser=Firefox
Testing: csp_id=780, page_id=23700, browser=Firefox
Testing: csp_id=780, page_id=23800, browser=Firefox
Testing: csp_id=780, page_id=23900, browser=Firefox
Testing: csp_id=780, page_id=24000, browser=Firefox
Testing: csp_id=780, page_id=24100, browser=Firefox
Testing: csp_id=780, page_id=24200, browser=Firefox
Testing: csp_id=780, page_id=24300, browser=Firefox
Testing: csp_id=780, page_id=24400, browser=Firefox
Testing: csp_id=780, page_id=24500, browser=Firefox
Testing: csp_id=780, page_id=24600, browser=Firefox
Testing: csp_id=780, page_id=24700, browser=Firefox
Testing: csp_id=780, page_id=24800, browser=Firefox
Testing: csp_id=780, page_id=24900, browser=Firefox
Testing: csp_id=780, page_id=25000, browser=Firefox
Testing: csp_id=780, page_id=25100, browser=Firefox
Testing: csp_id=780, page_id=25200, browser=Firefox
Testing: csp_id=780, page_id=25300, browser=Firefox
Testing: csp_id=780, page_id=25400, browser=Firefox
Testing: csp_id=780, page_id=25500, browser=Firefox
Testing: csp_id=780, page_id=25600, browser=Firefox
Testing: csp_id=780, page_id=25700, browser=Firefox
Testing: csp_id=780, page_id=25800, browser=Firefox
Testing: csp_id=780, page_id=25900, browser=Firefox
Testing: csp_id=780, page_id=26000, browser=Firefox
Testing: csp_id=780, page_id=26100, browser=Firefox
Testing: csp_id=780, page_id=26200, browser=Firefox
Testing: csp_id=780, page_id=26300, browser=Firefox
Testing: csp_id=780, page_id=26400, browser=Firefox
Testing: csp_id=780, page_id=26500, browser=Firefox
Testing: csp_id=780, page_id=26600, browser=Firefox
Testing: csp_id=780, page_id=26700, browser=Firefox
Testing: csp_id=780, page_id=26800, browser=Firefox
Testing: csp_id=780, page_id=26900, browser=Firefox
Testing: csp_id=780, page_id=27000, browser=Firefox
Testing: csp_id=780, page_id=27100, browser=Firefox
Testing: csp_id=780, page_id=27200, browser=Firefox
Testing: csp_id=780, page_id=27300, browser=Firefox
Testing: csp_id=780, page_id=27400, browser=Firefox
Testing: csp_id=780, page_id=27500, browser=Firefox
Testing: csp_id=780, page_id=27600, browser=Firefox
Testing: csp_id=780, page_id=27700, browser=Firefox
Testing: csp_id=780, page_id=27800, browser=Firefox
Testing: csp_id=780, page_id=27900, browser=Firefox
Testing: csp_id=780, page_id=28000, browser=Firefox
Testing: csp_id=780, page_id=28100, browser=Firefox
Testing: csp_id=780, page_id=28200, browser=Firefox
Testing: csp_id=780, page_id=28300, browser=Firefox
Testing: csp_id=780, page_id=28400, browser=Firefox
Testing: csp_id=780, page_id=28500, browser=Firefox
Testing: csp_id=780, page_id=28600, browser=Firefox
Testing: csp_id=780, page_id=28700, browser=Firefox
Testing: csp_id=780, page_id=28800, browser=Firefox
Testing: csp_id=780, page_id=28900, browser=Firefox
Testing: csp_id=780, page_id=29000, browser=Firefox
Testing: csp_id=780, page_id=29100, browser=Firefox
Testing: csp_id=780, page_id=29200, browser=Firefox
Testing: csp_id=780, page_id=29300, browser=Firefox
Testing: csp_id=780, page_id=29400, browser=Firefox
Testing: csp_id=780, page_id=29500, browser=Firefox
Testing: csp_id=780, page_id=29600, browser=Firefox
Testing: csp_id=780, page_id=29700, browser=Firefox
Testing: csp_id=780, page_id=29800, browser=Firefox
🏊 create_context_pools[first] (5x16): 26.306s
Testing: csp_id=800, page_id=0, browser=Firefox
Testing: csp_id=800, page_id=100, browser=Firefox
Testing: csp_id=800, page_id=200, browser=Firefox
Testing: csp_id=800, page_id=300, browser=Firefox
Testing: csp_id=800, page_id=400, browser=Firefox
Testing: csp_id=800, page_id=500, browser=Firefox
Testing: csp_id=800, page_id=600, browser=Firefox
Testing: csp_id=800, page_id=700, browser=Firefox
Testing: csp_id=800, page_id=800, browser=Firefox
Testing: csp_id=800, page_id=900, browser=Firefox
Testing: csp_id=800, page_id=1000, browser=Firefox
Testing: csp_id=800, page_id=1100, browser=Firefox
Testing: csp_id=800, page_id=1200, browser=Firefox
Testing: csp_id=800, page_id=1300, browser=Firefox
Testing: csp_id=800, page_id=1400, browser=Firefox
Testing: csp_id=800, page_id=1500, browser=Firefox
Testing: csp_id=800, page_id=1600, browser=Firefox
Testing: csp_id=800, page_id=1700, browser=Firefox
Testing: csp_id=800, page_id=1800, browser=Firefox
Testing: csp_id=800, page_id=1900, browser=Firefox
Testing: csp_id=800, page_id=2000, browser=Firefox
Testing: csp_id=800, page_id=2100, browser=Firefox
Testing: csp_id=800, page_id=2200, browser=Firefox
Testing: csp_id=800, page_id=2300, browser=Firefox
Testing: csp_id=800, page_id=2400, browser=Firefox
Testing: csp_id=800, page_id=2500, browser=Firefox
Testing: csp_id=800, page_id=2600, browser=Firefox
Testing: csp_id=800, page_id=2700, browser=Firefox
Testing: csp_id=800, page_id=2800, browser=Firefox
Testing: csp_id=800, page_id=2900, browser=Firefox
Testing: csp_id=800, page_id=3000, browser=Firefox
Testing: csp_id=800, page_id=3100, browser=Firefox
Testing: csp_id=800, page_id=3200, browser=Firefox
Testing: csp_id=800, page_id=3300, browser=Firefox
Testing: csp_id=800, page_id=3400, browser=Firefox
Testing: csp_id=800, page_id=3500, browser=Firefox
Testing: csp_id=800, page_id=3600, browser=Firefox
Testing: csp_id=800, page_id=3700, browser=Firefox
Testing: csp_id=800, page_id=3800, browser=Firefox
Testing: csp_id=800, page_id=3900, browser=Firefox
Testing: csp_id=800, page_id=4000, browser=Firefox
Testing: csp_id=800, page_id=4100, browser=Firefox
Testing: csp_id=800, page_id=4200, browser=Firefox
Testing: csp_id=800, page_id=4300, browser=Firefox
Testing: csp_id=800, page_id=4400, browser=Firefox
Testing: csp_id=800, page_id=4500, browser=Firefox
Testing: csp_id=800, page_id=4600, browser=Firefox
Testing: csp_id=800, page_id=4700, browser=Firefox
Testing: csp_id=800, page_id=4800, browser=Firefox
Testing: csp_id=800, page_id=4900, browser=Firefox
Testing: csp_id=800, page_id=5000, browser=Firefox
Testing: csp_id=800, page_id=5100, browser=Firefox
Testing: csp_id=800, page_id=5200, browser=Firefox
Testing: csp_id=800, page_id=5300, browser=Firefox
Testing: csp_id=800, page_id=5400, browser=Firefox
Testing: csp_id=800, page_id=5500, browser=Firefox
Testing: csp_id=800, page_id=5600, browser=Firefox
Testing: csp_id=800, page_id=5700, browser=Firefox
Testing: csp_id=800, page_id=5800, browser=Firefox
Testing: csp_id=800, page_id=5900, browser=Firefox
Testing: csp_id=800, page_id=6000, browser=Firefox
Testing: csp_id=800, page_id=6100, browser=Firefox
Testing: csp_id=800, page_id=6200, browser=Firefox
Testing: csp_id=800, page_id=6300, browser=Firefox
Testing: csp_id=800, page_id=6400, browser=Firefox
Testing: csp_id=800, page_id=6500, browser=Firefox
Testing: csp_id=800, page_id=6600, browser=Firefox
Testing: csp_id=800, page_id=6700, browser=Firefox
Testing: csp_id=800, page_id=6800, browser=Firefox
Testing: csp_id=800, page_id=6900, browser=Firefox
Testing: csp_id=800, page_id=7000, browser=Firefox
Testing: csp_id=800, page_id=7100, browser=Firefox
Testing: csp_id=800, page_id=7200, browser=Firefox
Testing: csp_id=800, page_id=7300, browser=Firefox
Testing: csp_id=800, page_id=7400, browser=Firefox
Testing: csp_id=800, page_id=7500, browser=Firefox
Testing: csp_id=800, page_id=7600, browser=Firefox
Testing: csp_id=800, page_id=7700, browser=Firefox
Testing: csp_id=800, page_id=7800, browser=Firefox
Testing: csp_id=800, page_id=7900, browser=Firefox
Testing: csp_id=800, page_id=8000, browser=Firefox
Testing: csp_id=800, page_id=8100, browser=Firefox
Testing: csp_id=800, page_id=8200, browser=Firefox
Testing: csp_id=800, page_id=8300, browser=Firefox
Testing: csp_id=800, page_id=8400, browser=Firefox
Testing: csp_id=800, page_id=8500, browser=Firefox
Testing: csp_id=800, page_id=8600, browser=Firefox
Testing: csp_id=800, page_id=8700, browser=Firefox
Testing: csp_id=800, page_id=8800, browser=Firefox
Testing: csp_id=800, page_id=8900, browser=Firefox
Testing: csp_id=800, page_id=9000, browser=Firefox
Testing: csp_id=800, page_id=9100, browser=Firefox
Testing: csp_id=800, page_id=9200, browser=Firefox
Testing: csp_id=800, page_id=9300, browser=Firefox
Testing: csp_id=800, page_id=9400, browser=Firefox
Testing: csp_id=800, page_id=9500, browser=Firefox
Testing: csp_id=800, page_id=9600, browser=Firefox
Testing: csp_id=800, page_id=9700, browser=Firefox
Testing: csp_id=800, page_id=9800, browser=Firefox
Testing: csp_id=800, page_id=9900, browser=Firefox
Testing: csp_id=800, page_id=10000, browser=Firefox
Testing: csp_id=800, page_id=10100, browser=Firefox
Testing: csp_id=800, page_id=10200, browser=Firefox
Testing: csp_id=800, page_id=10300, browser=Firefox
Testing: csp_id=800, page_id=10400, browser=Firefox
Testing: csp_id=800, page_id=10500, browser=Firefox
Testing: csp_id=800, page_id=10600, browser=Firefox
Testing: csp_id=800, page_id=10700, browser=Firefox
Testing: csp_id=800, page_id=10800, browser=Firefox
Testing: csp_id=800, page_id=10900, browser=Firefox
Testing: csp_id=800, page_id=11000, browser=Firefox
Testing: csp_id=800, page_id=11100, browser=Firefox
Testing: csp_id=800, page_id=11200, browser=Firefox
Testing: csp_id=800, page_id=11300, browser=Firefox
Testing: csp_id=800, page_id=11400, browser=Firefox
Testing: csp_id=800, page_id=11500, browser=Firefox
Testing: csp_id=800, page_id=11600, browser=Firefox
Testing: csp_id=800, page_id=11700, browser=Firefox
Testing: csp_id=800, page_id=11800, browser=Firefox
Testing: csp_id=800, page_id=11900, browser=Firefox
Testing: csp_id=800, page_id=12000, browser=Firefox
Testing: csp_id=800, page_id=12100, browser=Firefox
Testing: csp_id=800, page_id=12200, browser=Firefox
Testing: csp_id=800, page_id=12300, browser=Firefox
Testing: csp_id=800, page_id=12400, browser=Firefox
Testing: csp_id=800, page_id=12500, browser=Firefox
Testing: csp_id=800, page_id=12600, browser=Firefox
Testing: csp_id=800, page_id=12700, browser=Firefox
Testing: csp_id=800, page_id=12800, browser=Firefox
Testing: csp_id=800, page_id=12900, browser=Firefox
Testing: csp_id=800, page_id=13000, browser=Firefox
Testing: csp_id=800, page_id=13100, browser=Firefox
Testing: csp_id=800, page_id=13200, browser=Firefox
Testing: csp_id=800, page_id=13300, browser=Firefox
Testing: csp_id=800, page_id=13400, browser=Firefox
Testing: csp_id=800, page_id=13500, browser=Firefox
Testing: csp_id=800, page_id=13600, browser=Firefox
Testing: csp_id=800, page_id=13700, browser=Firefox
Testing: csp_id=800, page_id=13800, browser=Firefox
Testing: csp_id=800, page_id=13900, browser=Firefox
Testing: csp_id=800, page_id=14000, browser=Firefox
Testing: csp_id=800, page_id=14100, browser=Firefox
Testing: csp_id=800, page_id=14200, browser=Firefox
Testing: csp_id=800, page_id=14300, browser=Firefox
Testing: csp_id=800, page_id=14400, browser=Firefox
Testing: csp_id=800, page_id=14500, browser=Firefox
Testing: csp_id=800, page_id=14600, browser=Firefox
Testing: csp_id=800, page_id=14700, browser=Firefox
Testing: csp_id=800, page_id=14800, browser=Firefox
Testing: csp_id=800, page_id=14900, browser=Firefox
Testing: csp_id=800, page_id=15000, browser=Firefox
Testing: csp_id=800, page_id=15100, browser=Firefox
Testing: csp_id=800, page_id=15200, browser=Firefox
Testing: csp_id=800, page_id=15300, browser=Firefox
Testing: csp_id=800, page_id=15400, browser=Firefox
Testing: csp_id=800, page_id=15500, browser=Firefox
Testing: csp_id=800, page_id=15600, browser=Firefox
Testing: csp_id=800, page_id=15700, browser=Firefox
Testing: csp_id=800, page_id=15800, browser=Firefox
Testing: csp_id=800, page_id=15900, browser=Firefox
Testing: csp_id=800, page_id=16000, browser=Firefox
Testing: csp_id=800, page_id=16100, browser=Firefox
Testing: csp_id=800, page_id=16200, browser=Firefox
Testing: csp_id=800, page_id=16300, browser=Firefox
Testing: csp_id=800, page_id=16400, browser=Firefox
Testing: csp_id=800, page_id=16500, browser=Firefox
Testing: csp_id=800, page_id=16600, browser=Firefox
Testing: csp_id=800, page_id=16700, browser=Firefox
Testing: csp_id=800, page_id=16800, browser=Firefox
Testing: csp_id=800, page_id=16900, browser=Firefox
Testing: csp_id=800, page_id=17000, browser=Firefox
Testing: csp_id=800, page_id=17100, browser=Firefox
Testing: csp_id=800, page_id=17200, browser=Firefox
Testing: csp_id=800, page_id=17300, browser=Firefox
Testing: csp_id=800, page_id=17400, browser=Firefox
Testing: csp_id=800, page_id=17500, browser=Firefox
Testing: csp_id=800, page_id=17600, browser=Firefox
Testing: csp_id=800, page_id=17700, browser=Firefox
Testing: csp_id=800, page_id=17800, browser=Firefox
Testing: csp_id=800, page_id=17900, browser=Firefox
Testing: csp_id=800, page_id=18000, browser=Firefox
Testing: csp_id=800, page_id=18100, browser=Firefox
Testing: csp_id=800, page_id=18200, browser=Firefox
Testing: csp_id=800, page_id=18300, browser=Firefox
Testing: csp_id=800, page_id=18400, browser=Firefox
Testing: csp_id=800, page_id=18500, browser=Firefox
Testing: csp_id=800, page_id=18600, browser=Firefox
Testing: csp_id=800, page_id=18700, browser=Firefox
Testing: csp_id=800, page_id=18800, browser=Firefox
Testing: csp_id=800, page_id=18900, browser=Firefox
Testing: csp_id=800, page_id=19000, browser=Firefox
Testing: csp_id=800, page_id=19100, browser=Firefox
Testing: csp_id=800, page_id=19200, browser=Firefox
Testing: csp_id=800, page_id=19300, browser=Firefox
Testing: csp_id=800, page_id=19400, browser=Firefox
Testing: csp_id=800, page_id=19500, browser=Firefox
Testing: csp_id=800, page_id=19600, browser=Firefox
Testing: csp_id=800, page_id=19700, browser=Firefox
Testing: csp_id=800, page_id=19800, browser=Firefox
Testing: csp_id=800, page_id=19900, browser=Firefox
Testing: csp_id=800, page_id=20000, browser=Firefox
Testing: csp_id=800, page_id=20100, browser=Firefox
Testing: csp_id=800, page_id=20200, browser=Firefox
Testing: csp_id=800, page_id=20300, browser=Firefox
Testing: csp_id=800, page_id=20400, browser=Firefox
Testing: csp_id=800, page_id=20500, browser=Firefox
Testing: csp_id=800, page_id=20600, browser=Firefox
Testing: csp_id=800, page_id=20700, browser=Firefox
Testing: csp_id=800, page_id=20800, browser=Firefox
Testing: csp_id=800, page_id=20900, browser=Firefox
Testing: csp_id=800, page_id=21000, browser=Firefox
Testing: csp_id=800, page_id=21100, browser=Firefox
Testing: csp_id=800, page_id=21200, browser=Firefox
Testing: csp_id=800, page_id=21300, browser=Firefox
Testing: csp_id=800, page_id=21400, browser=Firefox
Testing: csp_id=800, page_id=21500, browser=Firefox
Testing: csp_id=800, page_id=21600, browser=Firefox
Testing: csp_id=800, page_id=21700, browser=Firefox
Testing: csp_id=800, page_id=21800, browser=Firefox
Testing: csp_id=800, page_id=21900, browser=Firefox
Testing: csp_id=800, page_id=22000, browser=Firefox
Testing: csp_id=800, page_id=22100, browser=Firefox
Testing: csp_id=800, page_id=22200, browser=Firefox
Testing: csp_id=800, page_id=22300, browser=Firefox
Testing: csp_id=800, page_id=22400, browser=Firefox
Testing: csp_id=800, page_id=22500, browser=Firefox
Testing: csp_id=800, page_id=22600, browser=Firefox
Testing: csp_id=800, page_id=22700, browser=Firefox
Testing: csp_id=800, page_id=22800, browser=Firefox
Testing: csp_id=800, page_id=22900, browser=Firefox
Testing: csp_id=800, page_id=23000, browser=Firefox
Testing: csp_id=800, page_id=23100, browser=Firefox
Testing: csp_id=800, page_id=23200, browser=Firefox
Testing: csp_id=800, page_id=23300, browser=Firefox
Testing: csp_id=800, page_id=23400, browser=Firefox
Testing: csp_id=800, page_id=23500, browser=Firefox
Testing: csp_id=800, page_id=23600, browser=Firefox
Testing: csp_id=800, page_id=23700, browser=Firefox
Testing: csp_id=800, page_id=23800, browser=Firefox
Testing: csp_id=800, page_id=23900, browser=Firefox
Testing: csp_id=800, page_id=24000, browser=Firefox
Testing: csp_id=800, page_id=24100, browser=Firefox
Testing: csp_id=800, page_id=24200, browser=Firefox
Testing: csp_id=800, page_id=24300, browser=Firefox
Testing: csp_id=800, page_id=24400, browser=Firefox
Testing: csp_id=800, page_id=24500, browser=Firefox
Testing: csp_id=800, page_id=24600, browser=Firefox
Testing: csp_id=800, page_id=24700, browser=Firefox
Testing: csp_id=800, page_id=24800, browser=Firefox
Testing: csp_id=800, page_id=24900, browser=Firefox
Testing: csp_id=800, page_id=25000, browser=Firefox
Testing: csp_id=800, page_id=25100, browser=Firefox
Testing: csp_id=800, page_id=25200, browser=Firefox
Testing: csp_id=800, page_id=25300, browser=Firefox
Testing: csp_id=800, page_id=25400, browser=Firefox
Testing: csp_id=800, page_id=25500, browser=Firefox
Testing: csp_id=800, page_id=25600, browser=Firefox
Testing: csp_id=800, page_id=25700, browser=Firefox
Testing: csp_id=800, page_id=25800, browser=Firefox
Testing: csp_id=800, page_id=25900, browser=Firefox
Testing: csp_id=800, page_id=26000, browser=Firefox
Testing: csp_id=800, page_id=26100, browser=Firefox
Testing: csp_id=800, page_id=26200, browser=Firefox
Testing: csp_id=800, page_id=26300, browser=Firefox
Testing: csp_id=800, page_id=26400, browser=Firefox
Testing: csp_id=800, page_id=26500, browser=Firefox
Testing: csp_id=800, page_id=26600, browser=Firefox
Testing: csp_id=800, page_id=26700, browser=Firefox
Testing: csp_id=800, page_id=26800, browser=Firefox
Testing: csp_id=800, page_id=26900, browser=Firefox
Testing: csp_id=800, page_id=27000, browser=Firefox
Testing: csp_id=800, page_id=27100, browser=Firefox
Testing: csp_id=800, page_id=27200, browser=Firefox
Testing: csp_id=800, page_id=27300, browser=Firefox
Testing: csp_id=800, page_id=27400, browser=Firefox
Testing: csp_id=800, page_id=27500, browser=Firefox
Testing: csp_id=800, page_id=27600, browser=Firefox
Testing: csp_id=800, page_id=27700, browser=Firefox
Testing: csp_id=800, page_id=27800, browser=Firefox
Testing: csp_id=800, page_id=27900, browser=Firefox
Testing: csp_id=800, page_id=28000, browser=Firefox
Testing: csp_id=800, page_id=28100, browser=Firefox
Testing: csp_id=800, page_id=28200, browser=Firefox
Testing: csp_id=800, page_id=28300, browser=Firefox
Testing: csp_id=800, page_id=28400, browser=Firefox
Testing: csp_id=800, page_id=28500, browser=Firefox
Testing: csp_id=800, page_id=28600, browser=Firefox
Testing: csp_id=800, page_id=28700, browser=Firefox
Testing: csp_id=800, page_id=28800, browser=Firefox
Testing: csp_id=800, page_id=28900, browser=Firefox
Testing: csp_id=800, page_id=29000, browser=Firefox
Testing: csp_id=800, page_id=29100, browser=Firefox
Testing: csp_id=800, page_id=29200, browser=Firefox
Testing: csp_id=800, page_id=29300, browser=Firefox
Testing: csp_id=800, page_id=29400, browser=Firefox
Testing: csp_id=800, page_id=29500, browser=Firefox
Testing: csp_id=800, page_id=29600, browser=Firefox
Testing: csp_id=800, page_id=29700, browser=Firefox
Testing: csp_id=800, page_id=29800, browser=Firefox
🏊 create_context_pools[first] (5x16): 26.600s
Testing: csp_id=811, page_id=0, browser=Firefox
Testing: csp_id=811, page_id=100, browser=Firefox
Testing: csp_id=811, page_id=200, browser=Firefox
Testing: csp_id=811, page_id=300, browser=Firefox
Testing: csp_id=811, page_id=400, browser=Firefox
Testing: csp_id=811, page_id=500, browser=Firefox
Testing: csp_id=811, page_id=600, browser=Firefox
Testing: csp_id=811, page_id=700, browser=Firefox
Testing: csp_id=811, page_id=800, browser=Firefox
Testing: csp_id=811, page_id=900, browser=Firefox
Testing: csp_id=811, page_id=1000, browser=Firefox
Testing: csp_id=811, page_id=1100, browser=Firefox
Testing: csp_id=811, page_id=1200, browser=Firefox
Testing: csp_id=811, page_id=1300, browser=Firefox
Testing: csp_id=811, page_id=1400, browser=Firefox
Testing: csp_id=811, page_id=1500, browser=Firefox
Testing: csp_id=811, page_id=1600, browser=Firefox
Testing: csp_id=811, page_id=1700, browser=Firefox
Testing: csp_id=811, page_id=1800, browser=Firefox
Testing: csp_id=811, page_id=1900, browser=Firefox
Testing: csp_id=811, page_id=2000, browser=Firefox
Testing: csp_id=811, page_id=2100, browser=Firefox
Testing: csp_id=811, page_id=2200, browser=Firefox
Testing: csp_id=811, page_id=2300, browser=Firefox
Testing: csp_id=811, page_id=2400, browser=Firefox
Testing: csp_id=811, page_id=2500, browser=Firefox
Testing: csp_id=811, page_id=2600, browser=Firefox
Testing: csp_id=811, page_id=2700, browser=Firefox
Testing: csp_id=811, page_id=2800, browser=Firefox
Testing: csp_id=811, page_id=2900, browser=Firefox
Testing: csp_id=811, page_id=3000, browser=Firefox
Testing: csp_id=811, page_id=3100, browser=Firefox
Testing: csp_id=811, page_id=3200, browser=Firefox
Testing: csp_id=811, page_id=3300, browser=Firefox
Testing: csp_id=811, page_id=3400, browser=Firefox
Testing: csp_id=811, page_id=3500, browser=Firefox
Testing: csp_id=811, page_id=3600, browser=Firefox
Testing: csp_id=811, page_id=3700, browser=Firefox
Testing: csp_id=811, page_id=3800, browser=Firefox
Testing: csp_id=811, page_id=3900, browser=Firefox
Testing: csp_id=811, page_id=4000, browser=Firefox
Testing: csp_id=811, page_id=4100, browser=Firefox
Testing: csp_id=811, page_id=4200, browser=Firefox
Testing: csp_id=811, page_id=4300, browser=Firefox
Testing: csp_id=811, page_id=4400, browser=Firefox
Testing: csp_id=811, page_id=4500, browser=Firefox
Testing: csp_id=811, page_id=4600, browser=Firefox
Testing: csp_id=811, page_id=4700, browser=Firefox
Testing: csp_id=811, page_id=4800, browser=Firefox
Testing: csp_id=811, page_id=4900, browser=Firefox
Testing: csp_id=811, page_id=5000, browser=Firefox
Testing: csp_id=811, page_id=5100, browser=Firefox
Testing: csp_id=811, page_id=5200, browser=Firefox
Testing: csp_id=811, page_id=5300, browser=Firefox
Testing: csp_id=811, page_id=5400, browser=Firefox
Testing: csp_id=811, page_id=5500, browser=Firefox
Testing: csp_id=811, page_id=5600, browser=Firefox
Testing: csp_id=811, page_id=5700, browser=Firefox
Testing: csp_id=811, page_id=5800, browser=Firefox
Testing: csp_id=811, page_id=5900, browser=Firefox
Testing: csp_id=811, page_id=6000, browser=Firefox
Testing: csp_id=811, page_id=6100, browser=Firefox
Testing: csp_id=811, page_id=6200, browser=Firefox
Testing: csp_id=811, page_id=6300, browser=Firefox
Testing: csp_id=811, page_id=6400, browser=Firefox
Testing: csp_id=811, page_id=6500, browser=Firefox
Testing: csp_id=811, page_id=6600, browser=Firefox
Testing: csp_id=811, page_id=6700, browser=Firefox
Testing: csp_id=811, page_id=6800, browser=Firefox
Testing: csp_id=811, page_id=6900, browser=Firefox
Testing: csp_id=811, page_id=7000, browser=Firefox
Testing: csp_id=811, page_id=7100, browser=Firefox
Testing: csp_id=811, page_id=7200, browser=Firefox
Testing: csp_id=811, page_id=7300, browser=Firefox
Testing: csp_id=811, page_id=7400, browser=Firefox
Testing: csp_id=811, page_id=7500, browser=Firefox
Testing: csp_id=811, page_id=7600, browser=Firefox
Testing: csp_id=811, page_id=7700, browser=Firefox
Testing: csp_id=811, page_id=7800, browser=Firefox
Testing: csp_id=811, page_id=7900, browser=Firefox
Testing: csp_id=811, page_id=8000, browser=Firefox
Testing: csp_id=811, page_id=8100, browser=Firefox
Testing: csp_id=811, page_id=8200, browser=Firefox
Testing: csp_id=811, page_id=8300, browser=Firefox
Testing: csp_id=811, page_id=8400, browser=Firefox
Testing: csp_id=811, page_id=8500, browser=Firefox
Testing: csp_id=811, page_id=8600, browser=Firefox
Testing: csp_id=811, page_id=8700, browser=Firefox
Testing: csp_id=811, page_id=8800, browser=Firefox
Testing: csp_id=811, page_id=8900, browser=Firefox
Testing: csp_id=811, page_id=9000, browser=Firefox
Testing: csp_id=811, page_id=9100, browser=Firefox
Testing: csp_id=811, page_id=9200, browser=Firefox
Testing: csp_id=811, page_id=9300, browser=Firefox
Testing: csp_id=811, page_id=9400, browser=Firefox
Testing: csp_id=811, page_id=9500, browser=Firefox
Testing: csp_id=811, page_id=9600, browser=Firefox
Testing: csp_id=811, page_id=9700, browser=Firefox
Testing: csp_id=811, page_id=9800, browser=Firefox
Testing: csp_id=811, page_id=9900, browser=Firefox
Testing: csp_id=811, page_id=10000, browser=Firefox
Testing: csp_id=811, page_id=10100, browser=Firefox
Testing: csp_id=811, page_id=10200, browser=Firefox
Testing: csp_id=811, page_id=10300, browser=Firefox
Testing: csp_id=811, page_id=10400, browser=Firefox
Testing: csp_id=811, page_id=10500, browser=Firefox
Testing: csp_id=811, page_id=10600, browser=Firefox
Testing: csp_id=811, page_id=10700, browser=Firefox
Testing: csp_id=811, page_id=10800, browser=Firefox
Testing: csp_id=811, page_id=10900, browser=Firefox
Testing: csp_id=811, page_id=11000, browser=Firefox
Testing: csp_id=811, page_id=11100, browser=Firefox
Testing: csp_id=811, page_id=11200, browser=Firefox
Testing: csp_id=811, page_id=11300, browser=Firefox
Testing: csp_id=811, page_id=11400, browser=Firefox
Testing: csp_id=811, page_id=11500, browser=Firefox
Testing: csp_id=811, page_id=11600, browser=Firefox
Testing: csp_id=811, page_id=11700, browser=Firefox
Testing: csp_id=811, page_id=11800, browser=Firefox
Testing: csp_id=811, page_id=11900, browser=Firefox
Testing: csp_id=811, page_id=12000, browser=Firefox
Testing: csp_id=811, page_id=12100, browser=Firefox
Testing: csp_id=811, page_id=12200, browser=Firefox
Testing: csp_id=811, page_id=12300, browser=Firefox
Testing: csp_id=811, page_id=12400, browser=Firefox
Testing: csp_id=811, page_id=12500, browser=Firefox
Testing: csp_id=811, page_id=12600, browser=Firefox
Testing: csp_id=811, page_id=12700, browser=Firefox
Testing: csp_id=811, page_id=12800, browser=Firefox
Testing: csp_id=811, page_id=12900, browser=Firefox
Testing: csp_id=811, page_id=13000, browser=Firefox
Testing: csp_id=811, page_id=13100, browser=Firefox
Testing: csp_id=811, page_id=13200, browser=Firefox
Testing: csp_id=811, page_id=13300, browser=Firefox
Testing: csp_id=811, page_id=13400, browser=Firefox
Testing: csp_id=811, page_id=13500, browser=Firefox
Testing: csp_id=811, page_id=13600, browser=Firefox
Testing: csp_id=811, page_id=13700, browser=Firefox
Testing: csp_id=811, page_id=13800, browser=Firefox
Testing: csp_id=811, page_id=13900, browser=Firefox
Testing: csp_id=811, page_id=14000, browser=Firefox
Testing: csp_id=811, page_id=14100, browser=Firefox
Testing: csp_id=811, page_id=14200, browser=Firefox
Testing: csp_id=811, page_id=14300, browser=Firefox
Testing: csp_id=811, page_id=14400, browser=Firefox
Testing: csp_id=811, page_id=14500, browser=Firefox
Testing: csp_id=811, page_id=14600, browser=Firefox
Testing: csp_id=811, page_id=14700, browser=Firefox
Testing: csp_id=811, page_id=14800, browser=Firefox
Testing: csp_id=811, page_id=14900, browser=Firefox
Testing: csp_id=811, page_id=15000, browser=Firefox
Testing: csp_id=811, page_id=15100, browser=Firefox
Testing: csp_id=811, page_id=15200, browser=Firefox
Testing: csp_id=811, page_id=15300, browser=Firefox
Testing: csp_id=811, page_id=15400, browser=Firefox
Testing: csp_id=811, page_id=15500, browser=Firefox
Testing: csp_id=811, page_id=15600, browser=Firefox
Testing: csp_id=811, page_id=15700, browser=Firefox
Testing: csp_id=811, page_id=15800, browser=Firefox
Testing: csp_id=811, page_id=15900, browser=Firefox
Testing: csp_id=811, page_id=16000, browser=Firefox
Testing: csp_id=811, page_id=16100, browser=Firefox
Testing: csp_id=811, page_id=16200, browser=Firefox
Testing: csp_id=811, page_id=16300, browser=Firefox
Testing: csp_id=811, page_id=16400, browser=Firefox
Testing: csp_id=811, page_id=16500, browser=Firefox
Testing: csp_id=811, page_id=16600, browser=Firefox
Testing: csp_id=811, page_id=16700, browser=Firefox
Testing: csp_id=811, page_id=16800, browser=Firefox
Testing: csp_id=811, page_id=16900, browser=Firefox
Testing: csp_id=811, page_id=17000, browser=Firefox
Testing: csp_id=811, page_id=17100, browser=Firefox
Testing: csp_id=811, page_id=17200, browser=Firefox
Testing: csp_id=811, page_id=17300, browser=Firefox
Testing: csp_id=811, page_id=17400, browser=Firefox
Testing: csp_id=811, page_id=17500, browser=Firefox
Testing: csp_id=811, page_id=17600, browser=Firefox
Testing: csp_id=811, page_id=17700, browser=Firefox
Testing: csp_id=811, page_id=17800, browser=Firefox
Testing: csp_id=811, page_id=17900, browser=Firefox
Testing: csp_id=811, page_id=18000, browser=Firefox
Testing: csp_id=811, page_id=18100, browser=Firefox
Testing: csp_id=811, page_id=18200, browser=Firefox
Testing: csp_id=811, page_id=18300, browser=Firefox
Testing: csp_id=811, page_id=18400, browser=Firefox
Testing: csp_id=811, page_id=18500, browser=Firefox
Testing: csp_id=811, page_id=18600, browser=Firefox
Testing: csp_id=811, page_id=18700, browser=Firefox
Testing: csp_id=811, page_id=18800, browser=Firefox
Testing: csp_id=811, page_id=18900, browser=Firefox
Testing: csp_id=811, page_id=19000, browser=Firefox
Testing: csp_id=811, page_id=19100, browser=Firefox
Testing: csp_id=811, page_id=19200, browser=Firefox
Testing: csp_id=811, page_id=19300, browser=Firefox
Testing: csp_id=811, page_id=19400, browser=Firefox
Testing: csp_id=811, page_id=19500, browser=Firefox
Testing: csp_id=811, page_id=19600, browser=Firefox
Testing: csp_id=811, page_id=19700, browser=Firefox
Testing: csp_id=811, page_id=19800, browser=Firefox
Testing: csp_id=811, page_id=19900, browser=Firefox
Testing: csp_id=811, page_id=20000, browser=Firefox
Testing: csp_id=811, page_id=20100, browser=Firefox
Testing: csp_id=811, page_id=20200, browser=Firefox
Testing: csp_id=811, page_id=20300, browser=Firefox
Testing: csp_id=811, page_id=20400, browser=Firefox
Testing: csp_id=811, page_id=20500, browser=Firefox
Testing: csp_id=811, page_id=20600, browser=Firefox
Testing: csp_id=811, page_id=20700, browser=Firefox
Testing: csp_id=811, page_id=20800, browser=Firefox
Testing: csp_id=811, page_id=20900, browser=Firefox
Testing: csp_id=811, page_id=21000, browser=Firefox
Testing: csp_id=811, page_id=21100, browser=Firefox
Testing: csp_id=811, page_id=21200, browser=Firefox
Testing: csp_id=811, page_id=21300, browser=Firefox
Testing: csp_id=811, page_id=21400, browser=Firefox
Testing: csp_id=811, page_id=21500, browser=Firefox
Testing: csp_id=811, page_id=21600, browser=Firefox
Testing: csp_id=811, page_id=21700, browser=Firefox
Testing: csp_id=811, page_id=21800, browser=Firefox
Testing: csp_id=811, page_id=21900, browser=Firefox
Testing: csp_id=811, page_id=22000, browser=Firefox
Testing: csp_id=811, page_id=22100, browser=Firefox
Testing: csp_id=811, page_id=22200, browser=Firefox
Testing: csp_id=811, page_id=22300, browser=Firefox
Testing: csp_id=811, page_id=22400, browser=Firefox
Testing: csp_id=811, page_id=22500, browser=Firefox
Testing: csp_id=811, page_id=22600, browser=Firefox
Testing: csp_id=811, page_id=22700, browser=Firefox
Testing: csp_id=811, page_id=22800, browser=Firefox
Testing: csp_id=811, page_id=22900, browser=Firefox
Testing: csp_id=811, page_id=23000, browser=Firefox
Testing: csp_id=811, page_id=23100, browser=Firefox
Testing: csp_id=811, page_id=23200, browser=Firefox
Testing: csp_id=811, page_id=23300, browser=Firefox
Testing: csp_id=811, page_id=23400, browser=Firefox
Testing: csp_id=811, page_id=23500, browser=Firefox
Testing: csp_id=811, page_id=23600, browser=Firefox
Testing: csp_id=811, page_id=23700, browser=Firefox
Testing: csp_id=811, page_id=23800, browser=Firefox
Testing: csp_id=811, page_id=23900, browser=Firefox
Testing: csp_id=811, page_id=24000, browser=Firefox
Testing: csp_id=811, page_id=24100, browser=Firefox
Testing: csp_id=811, page_id=24200, browser=Firefox
Testing: csp_id=811, page_id=24300, browser=Firefox
Testing: csp_id=811, page_id=24400, browser=Firefox
Testing: csp_id=811, page_id=24500, browser=Firefox
Testing: csp_id=811, page_id=24600, browser=Firefox
Testing: csp_id=811, page_id=24700, browser=Firefox
Testing: csp_id=811, page_id=24800, browser=Firefox
Testing: csp_id=811, page_id=24900, browser=Firefox
Testing: csp_id=811, page_id=25000, browser=Firefox
Testing: csp_id=811, page_id=25100, browser=Firefox
Testing: csp_id=811, page_id=25200, browser=Firefox
Testing: csp_id=811, page_id=25300, browser=Firefox
Testing: csp_id=811, page_id=25400, browser=Firefox
Testing: csp_id=811, page_id=25500, browser=Firefox
Testing: csp_id=811, page_id=25600, browser=Firefox
Testing: csp_id=811, page_id=25700, browser=Firefox
Testing: csp_id=811, page_id=25800, browser=Firefox
Testing: csp_id=811, page_id=25900, browser=Firefox
Testing: csp_id=811, page_id=26000, browser=Firefox
Testing: csp_id=811, page_id=26100, browser=Firefox
Testing: csp_id=811, page_id=26200, browser=Firefox
Testing: csp_id=811, page_id=26300, browser=Firefox
Testing: csp_id=811, page_id=26400, browser=Firefox
Testing: csp_id=811, page_id=26500, browser=Firefox
Testing: csp_id=811, page_id=26600, browser=Firefox
Testing: csp_id=811, page_id=26700, browser=Firefox
Testing: csp_id=811, page_id=26800, browser=Firefox
Testing: csp_id=811, page_id=26900, browser=Firefox
Testing: csp_id=811, page_id=27000, browser=Firefox
Testing: csp_id=811, page_id=27100, browser=Firefox
Testing: csp_id=811, page_id=27200, browser=Firefox
Testing: csp_id=811, page_id=27300, browser=Firefox
Testing: csp_id=811, page_id=27400, browser=Firefox
Testing: csp_id=811, page_id=27500, browser=Firefox
Testing: csp_id=811, page_id=27600, browser=Firefox
Testing: csp_id=811, page_id=27700, browser=Firefox
Testing: csp_id=811, page_id=27800, browser=Firefox
Testing: csp_id=811, page_id=27900, browser=Firefox
Testing: csp_id=811, page_id=28000, browser=Firefox
Testing: csp_id=811, page_id=28100, browser=Firefox
Testing: csp_id=811, page_id=28200, browser=Firefox
Testing: csp_id=811, page_id=28300, browser=Firefox
Testing: csp_id=811, page_id=28400, browser=Firefox
Testing: csp_id=811, page_id=28500, browser=Firefox
Testing: csp_id=811, page_id=28600, browser=Firefox
Testing: csp_id=811, page_id=28700, browser=Firefox
Testing: csp_id=811, page_id=28800, browser=Firefox
Testing: csp_id=811, page_id=28900, browser=Firefox
Testing: csp_id=811, page_id=29000, browser=Firefox
Testing: csp_id=811, page_id=29100, browser=Firefox
Testing: csp_id=811, page_id=29200, browser=Firefox
Testing: csp_id=811, page_id=29300, browser=Firefox
Testing: csp_id=811, page_id=29400, browser=Firefox
Testing: csp_id=811, page_id=29500, browser=Firefox
Testing: csp_id=811, page_id=29600, browser=Firefox
Testing: csp_id=811, page_id=29700, browser=Firefox
Testing: csp_id=811, page_id=29800, browser=Firefox
🏊 create_context_pools[first] (5x16): 26.317s
Testing: csp_id=823, page_id=0, browser=Firefox
Testing: csp_id=823, page_id=100, browser=Firefox
Testing: csp_id=823, page_id=200, browser=Firefox
Testing: csp_id=823, page_id=300, browser=Firefox
Testing: csp_id=823, page_id=400, browser=Firefox
Testing: csp_id=823, page_id=500, browser=Firefox
Testing: csp_id=823, page_id=600, browser=Firefox
Testing: csp_id=823, page_id=700, browser=Firefox
Testing: csp_id=823, page_id=800, browser=Firefox
Testing: csp_id=823, page_id=900, browser=Firefox
Testing: csp_id=823, page_id=1000, browser=Firefox
Testing: csp_id=823, page_id=1100, browser=Firefox
Testing: csp_id=823, page_id=1200, browser=Firefox
Testing: csp_id=823, page_id=1300, browser=Firefox
Testing: csp_id=823, page_id=1400, browser=Firefox
Testing: csp_id=823, page_id=1500, browser=Firefox
Testing: csp_id=823, page_id=1600, browser=Firefox
Testing: csp_id=823, page_id=1700, browser=Firefox
Testing: csp_id=823, page_id=1800, browser=Firefox
Testing: csp_id=823, page_id=1900, browser=Firefox
Testing: csp_id=823, page_id=2000, browser=Firefox
Testing: csp_id=823, page_id=2100, browser=Firefox
Testing: csp_id=823, page_id=2200, browser=Firefox
Testing: csp_id=823, page_id=2300, browser=Firefox
Testing: csp_id=823, page_id=2400, browser=Firefox
Testing: csp_id=823, page_id=2500, browser=Firefox
Testing: csp_id=823, page_id=2600, browser=Firefox
Testing: csp_id=823, page_id=2700, browser=Firefox
Testing: csp_id=823, page_id=2800, browser=Firefox
Testing: csp_id=823, page_id=2900, browser=Firefox
Testing: csp_id=823, page_id=3000, browser=Firefox
Testing: csp_id=823, page_id=3100, browser=Firefox
Testing: csp_id=823, page_id=3200, browser=Firefox
Testing: csp_id=823, page_id=3300, browser=Firefox
Testing: csp_id=823, page_id=3400, browser=Firefox
Testing: csp_id=823, page_id=3500, browser=Firefox
Testing: csp_id=823, page_id=3600, browser=Firefox
Testing: csp_id=823, page_id=3700, browser=Firefox
Testing: csp_id=823, page_id=3800, browser=Firefox
Testing: csp_id=823, page_id=3900, browser=Firefox
Testing: csp_id=823, page_id=4000, browser=Firefox
Testing: csp_id=823, page_id=4100, browser=Firefox
Testing: csp_id=823, page_id=4200, browser=Firefox
Testing: csp_id=823, page_id=4300, browser=Firefox
Testing: csp_id=823, page_id=4400, browser=Firefox
Testing: csp_id=823, page_id=4500, browser=Firefox
Testing: csp_id=823, page_id=4600, browser=Firefox
Testing: csp_id=823, page_id=4700, browser=Firefox
Testing: csp_id=823, page_id=4800, browser=Firefox
Testing: csp_id=823, page_id=4900, browser=Firefox
Testing: csp_id=823, page_id=5000, browser=Firefox
Testing: csp_id=823, page_id=5100, browser=Firefox
Testing: csp_id=823, page_id=5200, browser=Firefox
Testing: csp_id=823, page_id=5300, browser=Firefox
Testing: csp_id=823, page_id=5400, browser=Firefox
Testing: csp_id=823, page_id=5500, browser=Firefox
Testing: csp_id=823, page_id=5600, browser=Firefox
Testing: csp_id=823, page_id=5700, browser=Firefox
Testing: csp_id=823, page_id=5800, browser=Firefox
Testing: csp_id=823, page_id=5900, browser=Firefox
Testing: csp_id=823, page_id=6000, browser=Firefox
Testing: csp_id=823, page_id=6100, browser=Firefox
Testing: csp_id=823, page_id=6200, browser=Firefox
Testing: csp_id=823, page_id=6300, browser=Firefox
Testing: csp_id=823, page_id=6400, browser=Firefox
Testing: csp_id=823, page_id=6500, browser=Firefox
Testing: csp_id=823, page_id=6600, browser=Firefox
Testing: csp_id=823, page_id=6700, browser=Firefox
Testing: csp_id=823, page_id=6800, browser=Firefox
Testing: csp_id=823, page_id=6900, browser=Firefox
Testing: csp_id=823, page_id=7000, browser=Firefox
Testing: csp_id=823, page_id=7100, browser=Firefox
Testing: csp_id=823, page_id=7200, browser=Firefox
Testing: csp_id=823, page_id=7300, browser=Firefox
Testing: csp_id=823, page_id=7400, browser=Firefox
Testing: csp_id=823, page_id=7500, browser=Firefox
Testing: csp_id=823, page_id=7600, browser=Firefox
Testing: csp_id=823, page_id=7700, browser=Firefox
Testing: csp_id=823, page_id=7800, browser=Firefox
Testing: csp_id=823, page_id=7900, browser=Firefox
Testing: csp_id=823, page_id=8000, browser=Firefox
Testing: csp_id=823, page_id=8100, browser=Firefox
Testing: csp_id=823, page_id=8200, browser=Firefox
Testing: csp_id=823, page_id=8300, browser=Firefox
Testing: csp_id=823, page_id=8400, browser=Firefox
Testing: csp_id=823, page_id=8500, browser=Firefox
Testing: csp_id=823, page_id=8600, browser=Firefox
Testing: csp_id=823, page_id=8700, browser=Firefox
Testing: csp_id=823, page_id=8800, browser=Firefox
Testing: csp_id=823, page_id=8900, browser=Firefox
Testing: csp_id=823, page_id=9000, browser=Firefox
Testing: csp_id=823, page_id=9100, browser=Firefox
Testing: csp_id=823, page_id=9200, browser=Firefox
Testing: csp_id=823, page_id=9300, browser=Firefox
Testing: csp_id=823, page_id=9400, browser=Firefox
Testing: csp_id=823, page_id=9500, browser=Firefox
Testing: csp_id=823, page_id=9600, browser=Firefox
Testing: csp_id=823, page_id=9700, browser=Firefox
Testing: csp_id=823, page_id=9800, browser=Firefox
Testing: csp_id=823, page_id=9900, browser=Firefox
Testing: csp_id=823, page_id=10000, browser=Firefox
Testing: csp_id=823, page_id=10100, browser=Firefox
Testing: csp_id=823, page_id=10200, browser=Firefox
Testing: csp_id=823, page_id=10300, browser=Firefox
Testing: csp_id=823, page_id=10400, browser=Firefox
Testing: csp_id=823, page_id=10500, browser=Firefox
Testing: csp_id=823, page_id=10600, browser=Firefox
Testing: csp_id=823, page_id=10700, browser=Firefox
Testing: csp_id=823, page_id=10800, browser=Firefox
Testing: csp_id=823, page_id=10900, browser=Firefox
Testing: csp_id=823, page_id=11000, browser=Firefox
Testing: csp_id=823, page_id=11100, browser=Firefox
Testing: csp_id=823, page_id=11200, browser=Firefox
Testing: csp_id=823, page_id=11300, browser=Firefox
Testing: csp_id=823, page_id=11400, browser=Firefox
Testing: csp_id=823, page_id=11500, browser=Firefox
Testing: csp_id=823, page_id=11600, browser=Firefox
Testing: csp_id=823, page_id=11700, browser=Firefox
Testing: csp_id=823, page_id=11800, browser=Firefox
Testing: csp_id=823, page_id=11900, browser=Firefox
Testing: csp_id=823, page_id=12000, browser=Firefox
Testing: csp_id=823, page_id=12100, browser=Firefox
Testing: csp_id=823, page_id=12200, browser=Firefox
Testing: csp_id=823, page_id=12300, browser=Firefox
Testing: csp_id=823, page_id=12400, browser=Firefox
Testing: csp_id=823, page_id=12500, browser=Firefox
Testing: csp_id=823, page_id=12600, browser=Firefox
Testing: csp_id=823, page_id=12700, browser=Firefox
Testing: csp_id=823, page_id=12800, browser=Firefox
Testing: csp_id=823, page_id=12900, browser=Firefox
Testing: csp_id=823, page_id=13000, browser=Firefox
Testing: csp_id=823, page_id=13100, browser=Firefox
Testing: csp_id=823, page_id=13200, browser=Firefox
Testing: csp_id=823, page_id=13300, browser=Firefox
Testing: csp_id=823, page_id=13400, browser=Firefox
Testing: csp_id=823, page_id=13500, browser=Firefox
Testing: csp_id=823, page_id=13600, browser=Firefox
Testing: csp_id=823, page_id=13700, browser=Firefox
Testing: csp_id=823, page_id=13800, browser=Firefox
Testing: csp_id=823, page_id=13900, browser=Firefox
Testing: csp_id=823, page_id=14000, browser=Firefox
Testing: csp_id=823, page_id=14100, browser=Firefox
Testing: csp_id=823, page_id=14200, browser=Firefox
Testing: csp_id=823, page_id=14300, browser=Firefox
Testing: csp_id=823, page_id=14400, browser=Firefox
Testing: csp_id=823, page_id=14500, browser=Firefox
Testing: csp_id=823, page_id=14600, browser=Firefox
Testing: csp_id=823, page_id=14700, browser=Firefox
Testing: csp_id=823, page_id=14800, browser=Firefox
Testing: csp_id=823, page_id=14900, browser=Firefox
Testing: csp_id=823, page_id=15000, browser=Firefox
Testing: csp_id=823, page_id=15100, browser=Firefox
Testing: csp_id=823, page_id=15200, browser=Firefox
Testing: csp_id=823, page_id=15300, browser=Firefox
Testing: csp_id=823, page_id=15400, browser=Firefox
Testing: csp_id=823, page_id=15500, browser=Firefox
Testing: csp_id=823, page_id=15600, browser=Firefox
Testing: csp_id=823, page_id=15700, browser=Firefox
Testing: csp_id=823, page_id=15800, browser=Firefox
Testing: csp_id=823, page_id=15900, browser=Firefox
Testing: csp_id=823, page_id=16000, browser=Firefox
Testing: csp_id=823, page_id=16100, browser=Firefox
Testing: csp_id=823, page_id=16200, browser=Firefox
Testing: csp_id=823, page_id=16300, browser=Firefox
Testing: csp_id=823, page_id=16400, browser=Firefox
Testing: csp_id=823, page_id=16500, browser=Firefox
Testing: csp_id=823, page_id=16600, browser=Firefox
Testing: csp_id=823, page_id=16700, browser=Firefox
Testing: csp_id=823, page_id=16800, browser=Firefox
Testing: csp_id=823, page_id=16900, browser=Firefox
Testing: csp_id=823, page_id=17000, browser=Firefox
Testing: csp_id=823, page_id=17100, browser=Firefox
Testing: csp_id=823, page_id=17200, browser=Firefox
Testing: csp_id=823, page_id=17300, browser=Firefox
Testing: csp_id=823, page_id=17400, browser=Firefox
Testing: csp_id=823, page_id=17500, browser=Firefox
Testing: csp_id=823, page_id=17600, browser=Firefox
Testing: csp_id=823, page_id=17700, browser=Firefox
Testing: csp_id=823, page_id=17800, browser=Firefox
Testing: csp_id=823, page_id=17900, browser=Firefox
Testing: csp_id=823, page_id=18000, browser=Firefox
Testing: csp_id=823, page_id=18100, browser=Firefox
Testing: csp_id=823, page_id=18200, browser=Firefox
Testing: csp_id=823, page_id=18300, browser=Firefox
Testing: csp_id=823, page_id=18400, browser=Firefox
Testing: csp_id=823, page_id=18500, browser=Firefox
Testing: csp_id=823, page_id=18600, browser=Firefox
Testing: csp_id=823, page_id=18700, browser=Firefox
Testing: csp_id=823, page_id=18800, browser=Firefox
Testing: csp_id=823, page_id=18900, browser=Firefox
Testing: csp_id=823, page_id=19000, browser=Firefox
Testing: csp_id=823, page_id=19100, browser=Firefox
Testing: csp_id=823, page_id=19200, browser=Firefox
Testing: csp_id=823, page_id=19300, browser=Firefox
Testing: csp_id=823, page_id=19400, browser=Firefox
Testing: csp_id=823, page_id=19500, browser=Firefox
Testing: csp_id=823, page_id=19600, browser=Firefox
Testing: csp_id=823, page_id=19700, browser=Firefox
Testing: csp_id=823, page_id=19800, browser=Firefox
Testing: csp_id=823, page_id=19900, browser=Firefox
Testing: csp_id=823, page_id=20000, browser=Firefox
Testing: csp_id=823, page_id=20100, browser=Firefox
Testing: csp_id=823, page_id=20200, browser=Firefox
Testing: csp_id=823, page_id=20300, browser=Firefox
Testing: csp_id=823, page_id=20400, browser=Firefox
Testing: csp_id=823, page_id=20500, browser=Firefox
Testing: csp_id=823, page_id=20600, browser=Firefox
Testing: csp_id=823, page_id=20700, browser=Firefox
Testing: csp_id=823, page_id=20800, browser=Firefox
Testing: csp_id=823, page_id=20900, browser=Firefox
Testing: csp_id=823, page_id=21000, browser=Firefox
Testing: csp_id=823, page_id=21100, browser=Firefox
Testing: csp_id=823, page_id=21200, browser=Firefox
Testing: csp_id=823, page_id=21300, browser=Firefox
Testing: csp_id=823, page_id=21400, browser=Firefox
Testing: csp_id=823, page_id=21500, browser=Firefox
Testing: csp_id=823, page_id=21600, browser=Firefox
Testing: csp_id=823, page_id=21700, browser=Firefox
Testing: csp_id=823, page_id=21800, browser=Firefox
Testing: csp_id=823, page_id=21900, browser=Firefox
Testing: csp_id=823, page_id=22000, browser=Firefox
Testing: csp_id=823, page_id=22100, browser=Firefox
Testing: csp_id=823, page_id=22200, browser=Firefox
Testing: csp_id=823, page_id=22300, browser=Firefox
Testing: csp_id=823, page_id=22400, browser=Firefox
Testing: csp_id=823, page_id=22500, browser=Firefox
Testing: csp_id=823, page_id=22600, browser=Firefox
Testing: csp_id=823, page_id=22700, browser=Firefox
Testing: csp_id=823, page_id=22800, browser=Firefox
Testing: csp_id=823, page_id=22900, browser=Firefox
Testing: csp_id=823, page_id=23000, browser=Firefox
Testing: csp_id=823, page_id=23100, browser=Firefox
Testing: csp_id=823, page_id=23200, browser=Firefox
Testing: csp_id=823, page_id=23300, browser=Firefox
Testing: csp_id=823, page_id=23400, browser=Firefox
Testing: csp_id=823, page_id=23500, browser=Firefox
Testing: csp_id=823, page_id=23600, browser=Firefox
Testing: csp_id=823, page_id=23700, browser=Firefox
Testing: csp_id=823, page_id=23800, browser=Firefox
Testing: csp_id=823, page_id=23900, browser=Firefox
Testing: csp_id=823, page_id=24000, browser=Firefox
Testing: csp_id=823, page_id=24100, browser=Firefox
Testing: csp_id=823, page_id=24200, browser=Firefox
Testing: csp_id=823, page_id=24300, browser=Firefox
Testing: csp_id=823, page_id=24400, browser=Firefox
Testing: csp_id=823, page_id=24500, browser=Firefox
Testing: csp_id=823, page_id=24600, browser=Firefox
Testing: csp_id=823, page_id=24700, browser=Firefox
Testing: csp_id=823, page_id=24800, browser=Firefox
Testing: csp_id=823, page_id=24900, browser=Firefox
Testing: csp_id=823, page_id=25000, browser=Firefox
Testing: csp_id=823, page_id=25100, browser=Firefox
Testing: csp_id=823, page_id=25200, browser=Firefox
Testing: csp_id=823, page_id=25300, browser=Firefox
Testing: csp_id=823, page_id=25400, browser=Firefox
Testing: csp_id=823, page_id=25500, browser=Firefox
Testing: csp_id=823, page_id=25600, browser=Firefox
Testing: csp_id=823, page_id=25700, browser=Firefox
Testing: csp_id=823, page_id=25800, browser=Firefox
Testing: csp_id=823, page_id=25900, browser=Firefox
Testing: csp_id=823, page_id=26000, browser=Firefox
Testing: csp_id=823, page_id=26100, browser=Firefox
Testing: csp_id=823, page_id=26200, browser=Firefox
Testing: csp_id=823, page_id=26300, browser=Firefox
Testing: csp_id=823, page_id=26400, browser=Firefox
Testing: csp_id=823, page_id=26500, browser=Firefox
Testing: csp_id=823, page_id=26600, browser=Firefox
Testing: csp_id=823, page_id=26700, browser=Firefox
Testing: csp_id=823, page_id=26800, browser=Firefox
Testing: csp_id=823, page_id=26900, browser=Firefox
Testing: csp_id=823, page_id=27000, browser=Firefox
Testing: csp_id=823, page_id=27100, browser=Firefox
Testing: csp_id=823, page_id=27200, browser=Firefox
Testing: csp_id=823, page_id=27300, browser=Firefox
Testing: csp_id=823, page_id=27400, browser=Firefox
Testing: csp_id=823, page_id=27500, browser=Firefox
Testing: csp_id=823, page_id=27600, browser=Firefox
Testing: csp_id=823, page_id=27700, browser=Firefox
Testing: csp_id=823, page_id=27800, browser=Firefox
Testing: csp_id=823, page_id=27900, browser=Firefox
Testing: csp_id=823, page_id=28000, browser=Firefox
Testing: csp_id=823, page_id=28100, browser=Firefox
Testing: csp_id=823, page_id=28200, browser=Firefox
Testing: csp_id=823, page_id=28300, browser=Firefox
Testing: csp_id=823, page_id=28400, browser=Firefox
Testing: csp_id=823, page_id=28500, browser=Firefox
Testing: csp_id=823, page_id=28600, browser=Firefox
Testing: csp_id=823, page_id=28700, browser=Firefox
Testing: csp_id=823, page_id=28800, browser=Firefox
Testing: csp_id=823, page_id=28900, browser=Firefox
Testing: csp_id=823, page_id=29000, browser=Firefox
Testing: csp_id=823, page_id=29100, browser=Firefox
Testing: csp_id=823, page_id=29200, browser=Firefox
Testing: csp_id=823, page_id=29300, browser=Firefox
Testing: csp_id=823, page_id=29400, browser=Firefox
Testing: csp_id=823, page_id=29500, browser=Firefox
Testing: csp_id=823, page_id=29600, browser=Firefox
Testing: csp_id=823, page_id=29700, browser=Firefox
Testing: csp_id=823, page_id=29800, browser=Firefox
🏊 create_context_pools[first] (5x16): 26.877s
Testing: csp_id=835, page_id=0, browser=Firefox
Testing: csp_id=835, page_id=100, browser=Firefox
Testing: csp_id=835, page_id=200, browser=Firefox
Testing: csp_id=835, page_id=300, browser=Firefox
Testing: csp_id=835, page_id=400, browser=Firefox
Testing: csp_id=835, page_id=500, browser=Firefox
Testing: csp_id=835, page_id=600, browser=Firefox
Testing: csp_id=835, page_id=700, browser=Firefox
Testing: csp_id=835, page_id=800, browser=Firefox
Testing: csp_id=835, page_id=900, browser=Firefox
Testing: csp_id=835, page_id=1000, browser=Firefox
Testing: csp_id=835, page_id=1100, browser=Firefox
Testing: csp_id=835, page_id=1200, browser=Firefox
Testing: csp_id=835, page_id=1300, browser=Firefox
Testing: csp_id=835, page_id=1400, browser=Firefox
Testing: csp_id=835, page_id=1500, browser=Firefox
Testing: csp_id=835, page_id=1600, browser=Firefox
Testing: csp_id=835, page_id=1700, browser=Firefox
Testing: csp_id=835, page_id=1800, browser=Firefox
Testing: csp_id=835, page_id=1900, browser=Firefox
Testing: csp_id=835, page_id=2000, browser=Firefox
Testing: csp_id=835, page_id=2100, browser=Firefox
Testing: csp_id=835, page_id=2200, browser=Firefox
Testing: csp_id=835, page_id=2300, browser=Firefox
Testing: csp_id=835, page_id=2400, browser=Firefox
Testing: csp_id=835, page_id=2500, browser=Firefox
Testing: csp_id=835, page_id=2600, browser=Firefox
Testing: csp_id=835, page_id=2700, browser=Firefox
Testing: csp_id=835, page_id=2800, browser=Firefox
Testing: csp_id=835, page_id=2900, browser=Firefox
Testing: csp_id=835, page_id=3000, browser=Firefox
Testing: csp_id=835, page_id=3100, browser=Firefox
Testing: csp_id=835, page_id=3200, browser=Firefox
Testing: csp_id=835, page_id=3300, browser=Firefox
Testing: csp_id=835, page_id=3400, browser=Firefox
Testing: csp_id=835, page_id=3500, browser=Firefox
Testing: csp_id=835, page_id=3600, browser=Firefox
Testing: csp_id=835, page_id=3700, browser=Firefox
Testing: csp_id=835, page_id=3800, browser=Firefox
Testing: csp_id=835, page_id=3900, browser=Firefox
Testing: csp_id=835, page_id=4000, browser=Firefox
Testing: csp_id=835, page_id=4100, browser=Firefox
Testing: csp_id=835, page_id=4200, browser=Firefox
Testing: csp_id=835, page_id=4300, browser=Firefox
Testing: csp_id=835, page_id=4400, browser=Firefox
Testing: csp_id=835, page_id=4500, browser=Firefox
Testing: csp_id=835, page_id=4600, browser=Firefox
Testing: csp_id=835, page_id=4700, browser=Firefox
Testing: csp_id=835, page_id=4800, browser=Firefox
Testing: csp_id=835, page_id=4900, browser=Firefox
Testing: csp_id=835, page_id=5000, browser=Firefox
Testing: csp_id=835, page_id=5100, browser=Firefox
Testing: csp_id=835, page_id=5200, browser=Firefox
Testing: csp_id=835, page_id=5300, browser=Firefox
Testing: csp_id=835, page_id=5400, browser=Firefox
Testing: csp_id=835, page_id=5500, browser=Firefox
Testing: csp_id=835, page_id=5600, browser=Firefox
Testing: csp_id=835, page_id=5700, browser=Firefox
Testing: csp_id=835, page_id=5800, browser=Firefox
Testing: csp_id=835, page_id=5900, browser=Firefox
Testing: csp_id=835, page_id=6000, browser=Firefox
Testing: csp_id=835, page_id=6100, browser=Firefox
Testing: csp_id=835, page_id=6200, browser=Firefox
Testing: csp_id=835, page_id=6300, browser=Firefox
Testing: csp_id=835, page_id=6400, browser=Firefox
Testing: csp_id=835, page_id=6500, browser=Firefox
Testing: csp_id=835, page_id=6600, browser=Firefox
Testing: csp_id=835, page_id=6700, browser=Firefox
Testing: csp_id=835, page_id=6800, browser=Firefox
Testing: csp_id=835, page_id=6900, browser=Firefox
Testing: csp_id=835, page_id=7000, browser=Firefox
Testing: csp_id=835, page_id=7100, browser=Firefox
Testing: csp_id=835, page_id=7200, browser=Firefox
Testing: csp_id=835, page_id=7300, browser=Firefox
Testing: csp_id=835, page_id=7400, browser=Firefox
Testing: csp_id=835, page_id=7500, browser=Firefox
Testing: csp_id=835, page_id=7600, browser=Firefox
Testing: csp_id=835, page_id=7700, browser=Firefox
Testing: csp_id=835, page_id=7800, browser=Firefox
Testing: csp_id=835, page_id=7900, browser=Firefox
Testing: csp_id=835, page_id=8000, browser=Firefox
Testing: csp_id=835, page_id=8100, browser=Firefox
Testing: csp_id=835, page_id=8200, browser=Firefox
Testing: csp_id=835, page_id=8300, browser=Firefox
Testing: csp_id=835, page_id=8400, browser=Firefox
Testing: csp_id=835, page_id=8500, browser=Firefox
Testing: csp_id=835, page_id=8600, browser=Firefox
Testing: csp_id=835, page_id=8700, browser=Firefox
Testing: csp_id=835, page_id=8800, browser=Firefox
Testing: csp_id=835, page_id=8900, browser=Firefox
Testing: csp_id=835, page_id=9000, browser=Firefox
Testing: csp_id=835, page_id=9100, browser=Firefox
Testing: csp_id=835, page_id=9200, browser=Firefox
Testing: csp_id=835, page_id=9300, browser=Firefox
Testing: csp_id=835, page_id=9400, browser=Firefox
Testing: csp_id=835, page_id=9500, browser=Firefox
Testing: csp_id=835, page_id=9600, browser=Firefox
Testing: csp_id=835, page_id=9700, browser=Firefox
Testing: csp_id=835, page_id=9800, browser=Firefox
Testing: csp_id=835, page_id=9900, browser=Firefox
Testing: csp_id=835, page_id=10000, browser=Firefox
Testing: csp_id=835, page_id=10100, browser=Firefox
Testing: csp_id=835, page_id=10200, browser=Firefox
Testing: csp_id=835, page_id=10300, browser=Firefox
Testing: csp_id=835, page_id=10400, browser=Firefox
Testing: csp_id=835, page_id=10500, browser=Firefox
Testing: csp_id=835, page_id=10600, browser=Firefox
Testing: csp_id=835, page_id=10700, browser=Firefox
Testing: csp_id=835, page_id=10800, browser=Firefox
Testing: csp_id=835, page_id=10900, browser=Firefox
Testing: csp_id=835, page_id=11000, browser=Firefox
Testing: csp_id=835, page_id=11100, browser=Firefox
Testing: csp_id=835, page_id=11200, browser=Firefox
Testing: csp_id=835, page_id=11300, browser=Firefox
Testing: csp_id=835, page_id=11400, browser=Firefox
Testing: csp_id=835, page_id=11500, browser=Firefox
Testing: csp_id=835, page_id=11600, browser=Firefox
Testing: csp_id=835, page_id=11700, browser=Firefox
Testing: csp_id=835, page_id=11800, browser=Firefox
Testing: csp_id=835, page_id=11900, browser=Firefox
Testing: csp_id=835, page_id=12000, browser=Firefox
Testing: csp_id=835, page_id=12100, browser=Firefox
Testing: csp_id=835, page_id=12200, browser=Firefox
Testing: csp_id=835, page_id=12300, browser=Firefox
Testing: csp_id=835, page_id=12400, browser=Firefox
Testing: csp_id=835, page_id=12500, browser=Firefox
Testing: csp_id=835, page_id=12600, browser=Firefox
Testing: csp_id=835, page_id=12700, browser=Firefox
Testing: csp_id=835, page_id=12800, browser=Firefox
Testing: csp_id=835, page_id=12900, browser=Firefox
Testing: csp_id=835, page_id=13000, browser=Firefox
Testing: csp_id=835, page_id=13100, browser=Firefox
Testing: csp_id=835, page_id=13200, browser=Firefox
Testing: csp_id=835, page_id=13300, browser=Firefox
Testing: csp_id=835, page_id=13400, browser=Firefox
Testing: csp_id=835, page_id=13500, browser=Firefox
Testing: csp_id=835, page_id=13600, browser=Firefox
Testing: csp_id=835, page_id=13700, browser=Firefox
Testing: csp_id=835, page_id=13800, browser=Firefox
Testing: csp_id=835, page_id=13900, browser=Firefox
Testing: csp_id=835, page_id=14000, browser=Firefox
Testing: csp_id=835, page_id=14100, browser=Firefox
Testing: csp_id=835, page_id=14200, browser=Firefox
Testing: csp_id=835, page_id=14300, browser=Firefox
Testing: csp_id=835, page_id=14400, browser=Firefox
Testing: csp_id=835, page_id=14500, browser=Firefox
Testing: csp_id=835, page_id=14600, browser=Firefox
Testing: csp_id=835, page_id=14700, browser=Firefox
Testing: csp_id=835, page_id=14800, browser=Firefox
Testing: csp_id=835, page_id=14900, browser=Firefox
Testing: csp_id=835, page_id=15000, browser=Firefox
Testing: csp_id=835, page_id=15100, browser=Firefox
Testing: csp_id=835, page_id=15200, browser=Firefox
Testing: csp_id=835, page_id=15300, browser=Firefox
Testing: csp_id=835, page_id=15400, browser=Firefox
Testing: csp_id=835, page_id=15500, browser=Firefox
Testing: csp_id=835, page_id=15600, browser=Firefox
Testing: csp_id=835, page_id=15700, browser=Firefox
Testing: csp_id=835, page_id=15800, browser=Firefox
Testing: csp_id=835, page_id=15900, browser=Firefox
Testing: csp_id=835, page_id=16000, browser=Firefox
Testing: csp_id=835, page_id=16100, browser=Firefox
Testing: csp_id=835, page_id=16200, browser=Firefox
Testing: csp_id=835, page_id=16300, browser=Firefox
Testing: csp_id=835, page_id=16400, browser=Firefox
Testing: csp_id=835, page_id=16500, browser=Firefox
Testing: csp_id=835, page_id=16600, browser=Firefox
Testing: csp_id=835, page_id=16700, browser=Firefox
Testing: csp_id=835, page_id=16800, browser=Firefox
Testing: csp_id=835, page_id=16900, browser=Firefox
Testing: csp_id=835, page_id=17000, browser=Firefox
Testing: csp_id=835, page_id=17100, browser=Firefox
Testing: csp_id=835, page_id=17200, browser=Firefox
Testing: csp_id=835, page_id=17300, browser=Firefox
Testing: csp_id=835, page_id=17400, browser=Firefox
Testing: csp_id=835, page_id=17500, browser=Firefox
Testing: csp_id=835, page_id=17600, browser=Firefox
Testing: csp_id=835, page_id=17700, browser=Firefox
Testing: csp_id=835, page_id=17800, browser=Firefox
Testing: csp_id=835, page_id=17900, browser=Firefox
Testing: csp_id=835, page_id=18000, browser=Firefox
Testing: csp_id=835, page_id=18100, browser=Firefox
Testing: csp_id=835, page_id=18200, browser=Firefox
Testing: csp_id=835, page_id=18300, browser=Firefox
Testing: csp_id=835, page_id=18400, browser=Firefox
Testing: csp_id=835, page_id=18500, browser=Firefox
Testing: csp_id=835, page_id=18600, browser=Firefox
Testing: csp_id=835, page_id=18700, browser=Firefox
Testing: csp_id=835, page_id=18800, browser=Firefox
Testing: csp_id=835, page_id=18900, browser=Firefox
Testing: csp_id=835, page_id=19000, browser=Firefox
Testing: csp_id=835, page_id=19100, browser=Firefox
Testing: csp_id=835, page_id=19200, browser=Firefox
Testing: csp_id=835, page_id=19300, browser=Firefox
Testing: csp_id=835, page_id=19400, browser=Firefox
Testing: csp_id=835, page_id=19500, browser=Firefox
Testing: csp_id=835, page_id=19600, browser=Firefox
Testing: csp_id=835, page_id=19700, browser=Firefox
Testing: csp_id=835, page_id=19800, browser=Firefox
Testing: csp_id=835, page_id=19900, browser=Firefox
Testing: csp_id=835, page_id=20000, browser=Firefox
Testing: csp_id=835, page_id=20100, browser=Firefox
Testing: csp_id=835, page_id=20200, browser=Firefox
Testing: csp_id=835, page_id=20300, browser=Firefox
Testing: csp_id=835, page_id=20400, browser=Firefox
Testing: csp_id=835, page_id=20500, browser=Firefox
Testing: csp_id=835, page_id=20600, browser=Firefox
Testing: csp_id=835, page_id=20700, browser=Firefox
Testing: csp_id=835, page_id=20800, browser=Firefox
Testing: csp_id=835, page_id=20900, browser=Firefox
Testing: csp_id=835, page_id=21000, browser=Firefox
Testing: csp_id=835, page_id=21100, browser=Firefox
Testing: csp_id=835, page_id=21200, browser=Firefox
Testing: csp_id=835, page_id=21300, browser=Firefox
Testing: csp_id=835, page_id=21400, browser=Firefox
Testing: csp_id=835, page_id=21500, browser=Firefox
Testing: csp_id=835, page_id=21600, browser=Firefox
Testing: csp_id=835, page_id=21700, browser=Firefox
Testing: csp_id=835, page_id=21800, browser=Firefox
Testing: csp_id=835, page_id=21900, browser=Firefox
Testing: csp_id=835, page_id=22000, browser=Firefox
Testing: csp_id=835, page_id=22100, browser=Firefox
Testing: csp_id=835, page_id=22200, browser=Firefox
Testing: csp_id=835, page_id=22300, browser=Firefox
Testing: csp_id=835, page_id=22400, browser=Firefox
Testing: csp_id=835, page_id=22500, browser=Firefox
Testing: csp_id=835, page_id=22600, browser=Firefox
Testing: csp_id=835, page_id=22700, browser=Firefox
Testing: csp_id=835, page_id=22800, browser=Firefox
Testing: csp_id=835, page_id=22900, browser=Firefox
Testing: csp_id=835, page_id=23000, browser=Firefox
Testing: csp_id=835, page_id=23100, browser=Firefox
Testing: csp_id=835, page_id=23200, browser=Firefox
Testing: csp_id=835, page_id=23300, browser=Firefox
Testing: csp_id=835, page_id=23400, browser=Firefox
Testing: csp_id=835, page_id=23500, browser=Firefox
Testing: csp_id=835, page_id=23600, browser=Firefox
Testing: csp_id=835, page_id=23700, browser=Firefox
Testing: csp_id=835, page_id=23800, browser=Firefox
Testing: csp_id=835, page_id=23900, browser=Firefox
Testing: csp_id=835, page_id=24000, browser=Firefox
Testing: csp_id=835, page_id=24100, browser=Firefox
Testing: csp_id=835, page_id=24200, browser=Firefox
Testing: csp_id=835, page_id=24300, browser=Firefox
Testing: csp_id=835, page_id=24400, browser=Firefox
Testing: csp_id=835, page_id=24500, browser=Firefox
Testing: csp_id=835, page_id=24600, browser=Firefox
Testing: csp_id=835, page_id=24700, browser=Firefox
Testing: csp_id=835, page_id=24800, browser=Firefox
Testing: csp_id=835, page_id=24900, browser=Firefox
Testing: csp_id=835, page_id=25000, browser=Firefox
Testing: csp_id=835, page_id=25100, browser=Firefox
Testing: csp_id=835, page_id=25200, browser=Firefox
Testing: csp_id=835, page_id=25300, browser=Firefox
Testing: csp_id=835, page_id=25400, browser=Firefox
Testing: csp_id=835, page_id=25500, browser=Firefox
Testing: csp_id=835, page_id=25600, browser=Firefox
Testing: csp_id=835, page_id=25700, browser=Firefox
Testing: csp_id=835, page_id=25800, browser=Firefox
Testing: csp_id=835, page_id=25900, browser=Firefox
Testing: csp_id=835, page_id=26000, browser=Firefox
Testing: csp_id=835, page_id=26100, browser=Firefox
Testing: csp_id=835, page_id=26200, browser=Firefox
Testing: csp_id=835, page_id=26300, browser=Firefox
Testing: csp_id=835, page_id=26400, browser=Firefox
Testing: csp_id=835, page_id=26500, browser=Firefox
Testing: csp_id=835, page_id=26600, browser=Firefox
Testing: csp_id=835, page_id=26700, browser=Firefox
Testing: csp_id=835, page_id=26800, browser=Firefox
Testing: csp_id=835, page_id=26900, browser=Firefox
Testing: csp_id=835, page_id=27000, browser=Firefox
Testing: csp_id=835, page_id=27100, browser=Firefox
Testing: csp_id=835, page_id=27200, browser=Firefox
Testing: csp_id=835, page_id=27300, browser=Firefox
Testing: csp_id=835, page_id=27400, browser=Firefox
Testing: csp_id=835, page_id=27500, browser=Firefox
Testing: csp_id=835, page_id=27600, browser=Firefox
Testing: csp_id=835, page_id=27700, browser=Firefox
Testing: csp_id=835, page_id=27800, browser=Firefox
Testing: csp_id=835, page_id=27900, browser=Firefox
Testing: csp_id=835, page_id=28000, browser=Firefox
Testing: csp_id=835, page_id=28100, browser=Firefox
Testing: csp_id=835, page_id=28200, browser=Firefox
Testing: csp_id=835, page_id=28300, browser=Firefox
Testing: csp_id=835, page_id=28400, browser=Firefox
Testing: csp_id=835, page_id=28500, browser=Firefox
Testing: csp_id=835, page_id=28600, browser=Firefox
Testing: csp_id=835, page_id=28700, browser=Firefox
Testing: csp_id=835, page_id=28800, browser=Firefox
Testing: csp_id=835, page_id=28900, browser=Firefox
Testing: csp_id=835, page_id=29000, browser=Firefox
Testing: csp_id=835, page_id=29100, browser=Firefox
Testing: csp_id=835, page_id=29200, browser=Firefox
Testing: csp_id=835, page_id=29300, browser=Firefox
Testing: csp_id=835, page_id=29400, browser=Firefox
Testing: csp_id=835, page_id=29500, browser=Firefox
Testing: csp_id=835, page_id=29600, browser=Firefox
Testing: csp_id=835, page_id=29700, browser=Firefox
Testing: csp_id=835, page_id=29800, browser=Firefox
🏊 create_context_pools[first] (5x16): 26.065s
Testing: csp_id=847, page_id=0, browser=Firefox
Testing: csp_id=847, page_id=100, browser=Firefox
Testing: csp_id=847, page_id=200, browser=Firefox
Testing: csp_id=847, page_id=300, browser=Firefox
Testing: csp_id=847, page_id=400, browser=Firefox
Testing: csp_id=847, page_id=500, browser=Firefox
Testing: csp_id=847, page_id=600, browser=Firefox
Testing: csp_id=847, page_id=700, browser=Firefox
Testing: csp_id=847, page_id=800, browser=Firefox
Testing: csp_id=847, page_id=900, browser=Firefox
Testing: csp_id=847, page_id=1000, browser=Firefox
Testing: csp_id=847, page_id=1100, browser=Firefox
Testing: csp_id=847, page_id=1200, browser=Firefox
Testing: csp_id=847, page_id=1300, browser=Firefox
Testing: csp_id=847, page_id=1400, browser=Firefox
Testing: csp_id=847, page_id=1500, browser=Firefox
Testing: csp_id=847, page_id=1600, browser=Firefox
Testing: csp_id=847, page_id=1700, browser=Firefox
Testing: csp_id=847, page_id=1800, browser=Firefox
Testing: csp_id=847, page_id=1900, browser=Firefox
Testing: csp_id=847, page_id=2000, browser=Firefox
Testing: csp_id=847, page_id=2100, browser=Firefox
Testing: csp_id=847, page_id=2200, browser=Firefox
Testing: csp_id=847, page_id=2300, browser=Firefox
Testing: csp_id=847, page_id=2400, browser=Firefox
Testing: csp_id=847, page_id=2500, browser=Firefox
Testing: csp_id=847, page_id=2600, browser=Firefox
Testing: csp_id=847, page_id=2700, browser=Firefox
Testing: csp_id=847, page_id=2800, browser=Firefox
Testing: csp_id=847, page_id=2900, browser=Firefox
Testing: csp_id=847, page_id=3000, browser=Firefox
Testing: csp_id=847, page_id=3100, browser=Firefox
Testing: csp_id=847, page_id=3200, browser=Firefox
Testing: csp_id=847, page_id=3300, browser=Firefox
Testing: csp_id=847, page_id=3400, browser=Firefox
Testing: csp_id=847, page_id=3500, browser=Firefox
Testing: csp_id=847, page_id=3600, browser=Firefox
Testing: csp_id=847, page_id=3700, browser=Firefox
Testing: csp_id=847, page_id=3800, browser=Firefox
Testing: csp_id=847, page_id=3900, browser=Firefox
Testing: csp_id=847, page_id=4000, browser=Firefox
Testing: csp_id=847, page_id=4100, browser=Firefox
Testing: csp_id=847, page_id=4200, browser=Firefox
Testing: csp_id=847, page_id=4300, browser=Firefox
Testing: csp_id=847, page_id=4400, browser=Firefox
Testing: csp_id=847, page_id=4500, browser=Firefox
Testing: csp_id=847, page_id=4600, browser=Firefox
Testing: csp_id=847, page_id=4700, browser=Firefox
Testing: csp_id=847, page_id=4800, browser=Firefox
Testing: csp_id=847, page_id=4900, browser=Firefox
Testing: csp_id=847, page_id=5000, browser=Firefox
Testing: csp_id=847, page_id=5100, browser=Firefox
Testing: csp_id=847, page_id=5200, browser=Firefox
Testing: csp_id=847, page_id=5300, browser=Firefox
Testing: csp_id=847, page_id=5400, browser=Firefox
Testing: csp_id=847, page_id=5500, browser=Firefox
Testing: csp_id=847, page_id=5600, browser=Firefox
Testing: csp_id=847, page_id=5700, browser=Firefox
Testing: csp_id=847, page_id=5800, browser=Firefox
Testing: csp_id=847, page_id=5900, browser=Firefox
Testing: csp_id=847, page_id=6000, browser=Firefox
Testing: csp_id=847, page_id=6100, browser=Firefox
Testing: csp_id=847, page_id=6200, browser=Firefox
Testing: csp_id=847, page_id=6300, browser=Firefox
Testing: csp_id=847, page_id=6400, browser=Firefox
Testing: csp_id=847, page_id=6500, browser=Firefox
Testing: csp_id=847, page_id=6600, browser=Firefox
Testing: csp_id=847, page_id=6700, browser=Firefox
Testing: csp_id=847, page_id=6800, browser=Firefox
Testing: csp_id=847, page_id=6900, browser=Firefox
Testing: csp_id=847, page_id=7000, browser=Firefox
Testing: csp_id=847, page_id=7100, browser=Firefox
Testing: csp_id=847, page_id=7200, browser=Firefox
Testing: csp_id=847, page_id=7300, browser=Firefox
Testing: csp_id=847, page_id=7400, browser=Firefox
Testing: csp_id=847, page_id=7500, browser=Firefox
Testing: csp_id=847, page_id=7600, browser=Firefox
Testing: csp_id=847, page_id=7700, browser=Firefox
Testing: csp_id=847, page_id=7800, browser=Firefox
Testing: csp_id=847, page_id=7900, browser=Firefox
Testing: csp_id=847, page_id=8000, browser=Firefox
Testing: csp_id=847, page_id=8100, browser=Firefox
Testing: csp_id=847, page_id=8200, browser=Firefox
Testing: csp_id=847, page_id=8300, browser=Firefox
Testing: csp_id=847, page_id=8400, browser=Firefox
Testing: csp_id=847, page_id=8500, browser=Firefox
Testing: csp_id=847, page_id=8600, browser=Firefox
Testing: csp_id=847, page_id=8700, browser=Firefox
Testing: csp_id=847, page_id=8800, browser=Firefox
Testing: csp_id=847, page_id=8900, browser=Firefox
Testing: csp_id=847, page_id=9000, browser=Firefox
Testing: csp_id=847, page_id=9100, browser=Firefox
Testing: csp_id=847, page_id=9200, browser=Firefox
Testing: csp_id=847, page_id=9300, browser=Firefox
Testing: csp_id=847, page_id=9400, browser=Firefox
Testing: csp_id=847, page_id=9500, browser=Firefox
Testing: csp_id=847, page_id=9600, browser=Firefox
Testing: csp_id=847, page_id=9700, browser=Firefox
Testing: csp_id=847, page_id=9800, browser=Firefox
Testing: csp_id=847, page_id=9900, browser=Firefox
Testing: csp_id=847, page_id=10000, browser=Firefox
Testing: csp_id=847, page_id=10100, browser=Firefox
Testing: csp_id=847, page_id=10200, browser=Firefox
Testing: csp_id=847, page_id=10300, browser=Firefox
Testing: csp_id=847, page_id=10400, browser=Firefox
Testing: csp_id=847, page_id=10500, browser=Firefox
Testing: csp_id=847, page_id=10600, browser=Firefox
Testing: csp_id=847, page_id=10700, browser=Firefox
Testing: csp_id=847, page_id=10800, browser=Firefox
Testing: csp_id=847, page_id=10900, browser=Firefox
Testing: csp_id=847, page_id=11000, browser=Firefox
Testing: csp_id=847, page_id=11100, browser=Firefox
Testing: csp_id=847, page_id=11200, browser=Firefox
Testing: csp_id=847, page_id=11300, browser=Firefox
Testing: csp_id=847, page_id=11400, browser=Firefox
Testing: csp_id=847, page_id=11500, browser=Firefox
Testing: csp_id=847, page_id=11600, browser=Firefox
Testing: csp_id=847, page_id=11700, browser=Firefox
Testing: csp_id=847, page_id=11800, browser=Firefox
Testing: csp_id=847, page_id=11900, browser=Firefox
Testing: csp_id=847, page_id=12000, browser=Firefox
Testing: csp_id=847, page_id=12100, browser=Firefox
Testing: csp_id=847, page_id=12200, browser=Firefox
Testing: csp_id=847, page_id=12300, browser=Firefox
Testing: csp_id=847, page_id=12400, browser=Firefox
Testing: csp_id=847, page_id=12500, browser=Firefox
Testing: csp_id=847, page_id=12600, browser=Firefox
Testing: csp_id=847, page_id=12700, browser=Firefox
Testing: csp_id=847, page_id=12800, browser=Firefox
Testing: csp_id=847, page_id=12900, browser=Firefox
Testing: csp_id=847, page_id=13000, browser=Firefox
Testing: csp_id=847, page_id=13100, browser=Firefox
Testing: csp_id=847, page_id=13200, browser=Firefox
Testing: csp_id=847, page_id=13300, browser=Firefox
Testing: csp_id=847, page_id=13400, browser=Firefox
Testing: csp_id=847, page_id=13500, browser=Firefox
Testing: csp_id=847, page_id=13600, browser=Firefox
Testing: csp_id=847, page_id=13700, browser=Firefox
Testing: csp_id=847, page_id=13800, browser=Firefox
Testing: csp_id=847, page_id=13900, browser=Firefox
Testing: csp_id=847, page_id=14000, browser=Firefox
Testing: csp_id=847, page_id=14100, browser=Firefox
Testing: csp_id=847, page_id=14200, browser=Firefox
Testing: csp_id=847, page_id=14300, browser=Firefox
Testing: csp_id=847, page_id=14400, browser=Firefox
Testing: csp_id=847, page_id=14500, browser=Firefox
Testing: csp_id=847, page_id=14600, browser=Firefox
Testing: csp_id=847, page_id=14700, browser=Firefox
Testing: csp_id=847, page_id=14800, browser=Firefox
Testing: csp_id=847, page_id=14900, browser=Firefox
Testing: csp_id=847, page_id=15000, browser=Firefox
Testing: csp_id=847, page_id=15100, browser=Firefox
Testing: csp_id=847, page_id=15200, browser=Firefox
Testing: csp_id=847, page_id=15300, browser=Firefox
Testing: csp_id=847, page_id=15400, browser=Firefox
Testing: csp_id=847, page_id=15500, browser=Firefox
Testing: csp_id=847, page_id=15600, browser=Firefox
Testing: csp_id=847, page_id=15700, browser=Firefox
Testing: csp_id=847, page_id=15800, browser=Firefox
Testing: csp_id=847, page_id=15900, browser=Firefox
Testing: csp_id=847, page_id=16000, browser=Firefox
Testing: csp_id=847, page_id=16100, browser=Firefox
Testing: csp_id=847, page_id=16200, browser=Firefox
Testing: csp_id=847, page_id=16300, browser=Firefox
Testing: csp_id=847, page_id=16400, browser=Firefox
Testing: csp_id=847, page_id=16500, browser=Firefox
Testing: csp_id=847, page_id=16600, browser=Firefox
Testing: csp_id=847, page_id=16700, browser=Firefox
Testing: csp_id=847, page_id=16800, browser=Firefox
Testing: csp_id=847, page_id=16900, browser=Firefox
Testing: csp_id=847, page_id=17000, browser=Firefox
Testing: csp_id=847, page_id=17100, browser=Firefox
Testing: csp_id=847, page_id=17200, browser=Firefox
Testing: csp_id=847, page_id=17300, browser=Firefox
Testing: csp_id=847, page_id=17400, browser=Firefox
Testing: csp_id=847, page_id=17500, browser=Firefox
Testing: csp_id=847, page_id=17600, browser=Firefox
Testing: csp_id=847, page_id=17700, browser=Firefox
Testing: csp_id=847, page_id=17800, browser=Firefox
Testing: csp_id=847, page_id=17900, browser=Firefox
Testing: csp_id=847, page_id=18000, browser=Firefox
Testing: csp_id=847, page_id=18100, browser=Firefox
Testing: csp_id=847, page_id=18200, browser=Firefox
Testing: csp_id=847, page_id=18300, browser=Firefox
Testing: csp_id=847, page_id=18400, browser=Firefox
Testing: csp_id=847, page_id=18500, browser=Firefox
Testing: csp_id=847, page_id=18600, browser=Firefox
Testing: csp_id=847, page_id=18700, browser=Firefox
Testing: csp_id=847, page_id=18800, browser=Firefox
Testing: csp_id=847, page_id=18900, browser=Firefox
Testing: csp_id=847, page_id=19000, browser=Firefox
Testing: csp_id=847, page_id=19100, browser=Firefox
Testing: csp_id=847, page_id=19200, browser=Firefox
Testing: csp_id=847, page_id=19300, browser=Firefox
Testing: csp_id=847, page_id=19400, browser=Firefox
Testing: csp_id=847, page_id=19500, browser=Firefox
Testing: csp_id=847, page_id=19600, browser=Firefox
Testing: csp_id=847, page_id=19700, browser=Firefox
Testing: csp_id=847, page_id=19800, browser=Firefox
Testing: csp_id=847, page_id=19900, browser=Firefox
Testing: csp_id=847, page_id=20000, browser=Firefox
Testing: csp_id=847, page_id=20100, browser=Firefox
Testing: csp_id=847, page_id=20200, browser=Firefox
Testing: csp_id=847, page_id=20300, browser=Firefox
Testing: csp_id=847, page_id=20400, browser=Firefox
Testing: csp_id=847, page_id=20500, browser=Firefox
Testing: csp_id=847, page_id=20600, browser=Firefox
Testing: csp_id=847, page_id=20700, browser=Firefox
Testing: csp_id=847, page_id=20800, browser=Firefox
Testing: csp_id=847, page_id=20900, browser=Firefox
Testing: csp_id=847, page_id=21000, browser=Firefox
Testing: csp_id=847, page_id=21100, browser=Firefox
Testing: csp_id=847, page_id=21200, browser=Firefox
Testing: csp_id=847, page_id=21300, browser=Firefox
Testing: csp_id=847, page_id=21400, browser=Firefox
Testing: csp_id=847, page_id=21500, browser=Firefox
Testing: csp_id=847, page_id=21600, browser=Firefox
Testing: csp_id=847, page_id=21700, browser=Firefox
Testing: csp_id=847, page_id=21800, browser=Firefox
Testing: csp_id=847, page_id=21900, browser=Firefox
Testing: csp_id=847, page_id=22000, browser=Firefox
Testing: csp_id=847, page_id=22100, browser=Firefox
Testing: csp_id=847, page_id=22200, browser=Firefox
Testing: csp_id=847, page_id=22300, browser=Firefox
Testing: csp_id=847, page_id=22400, browser=Firefox
Testing: csp_id=847, page_id=22500, browser=Firefox
Testing: csp_id=847, page_id=22600, browser=Firefox
Testing: csp_id=847, page_id=22700, browser=Firefox
Testing: csp_id=847, page_id=22800, browser=Firefox
Testing: csp_id=847, page_id=22900, browser=Firefox
Testing: csp_id=847, page_id=23000, browser=Firefox
Testing: csp_id=847, page_id=23100, browser=Firefox
Testing: csp_id=847, page_id=23200, browser=Firefox
Testing: csp_id=847, page_id=23300, browser=Firefox
Testing: csp_id=847, page_id=23400, browser=Firefox
Testing: csp_id=847, page_id=23500, browser=Firefox
Testing: csp_id=847, page_id=23600, browser=Firefox
Testing: csp_id=847, page_id=23700, browser=Firefox
Testing: csp_id=847, page_id=23800, browser=Firefox
Testing: csp_id=847, page_id=23900, browser=Firefox
Testing: csp_id=847, page_id=24000, browser=Firefox
Testing: csp_id=847, page_id=24100, browser=Firefox
Testing: csp_id=847, page_id=24200, browser=Firefox
Testing: csp_id=847, page_id=24300, browser=Firefox
Testing: csp_id=847, page_id=24400, browser=Firefox
Testing: csp_id=847, page_id=24500, browser=Firefox
Testing: csp_id=847, page_id=24600, browser=Firefox
Testing: csp_id=847, page_id=24700, browser=Firefox
Testing: csp_id=847, page_id=24800, browser=Firefox
Testing: csp_id=847, page_id=24900, browser=Firefox
Testing: csp_id=847, page_id=25000, browser=Firefox
Testing: csp_id=847, page_id=25100, browser=Firefox
Testing: csp_id=847, page_id=25200, browser=Firefox
Testing: csp_id=847, page_id=25300, browser=Firefox
Testing: csp_id=847, page_id=25400, browser=Firefox
Testing: csp_id=847, page_id=25500, browser=Firefox
Testing: csp_id=847, page_id=25600, browser=Firefox
Testing: csp_id=847, page_id=25700, browser=Firefox
Testing: csp_id=847, page_id=25800, browser=Firefox
Testing: csp_id=847, page_id=25900, browser=Firefox
Testing: csp_id=847, page_id=26000, browser=Firefox
Testing: csp_id=847, page_id=26100, browser=Firefox
Testing: csp_id=847, page_id=26200, browser=Firefox
Testing: csp_id=847, page_id=26300, browser=Firefox
Testing: csp_id=847, page_id=26400, browser=Firefox
Testing: csp_id=847, page_id=26500, browser=Firefox
Testing: csp_id=847, page_id=26600, browser=Firefox
Testing: csp_id=847, page_id=26700, browser=Firefox
Testing: csp_id=847, page_id=26800, browser=Firefox
Testing: csp_id=847, page_id=26900, browser=Firefox
Testing: csp_id=847, page_id=27000, browser=Firefox
Testing: csp_id=847, page_id=27100, browser=Firefox
Testing: csp_id=847, page_id=27200, browser=Firefox
Testing: csp_id=847, page_id=27300, browser=Firefox
Testing: csp_id=847, page_id=27400, browser=Firefox
Testing: csp_id=847, page_id=27500, browser=Firefox
Testing: csp_id=847, page_id=27600, browser=Firefox
Testing: csp_id=847, page_id=27700, browser=Firefox
Testing: csp_id=847, page_id=27800, browser=Firefox
Testing: csp_id=847, page_id=27900, browser=Firefox
Testing: csp_id=847, page_id=28000, browser=Firefox
Testing: csp_id=847, page_id=28100, browser=Firefox
Testing: csp_id=847, page_id=28200, browser=Firefox
Testing: csp_id=847, page_id=28300, browser=Firefox
Testing: csp_id=847, page_id=28400, browser=Firefox
Testing: csp_id=847, page_id=28500, browser=Firefox
Testing: csp_id=847, page_id=28600, browser=Firefox
Testing: csp_id=847, page_id=28700, browser=Firefox
Testing: csp_id=847, page_id=28800, browser=Firefox
Testing: csp_id=847, page_id=28900, browser=Firefox
Testing: csp_id=847, page_id=29000, browser=Firefox
Testing: csp_id=847, page_id=29100, browser=Firefox
Testing: csp_id=847, page_id=29200, browser=Firefox
Testing: csp_id=847, page_id=29300, browser=Firefox
Testing: csp_id=847, page_id=29400, browser=Firefox
Testing: csp_id=847, page_id=29500, browser=Firefox
Testing: csp_id=847, page_id=29600, browser=Firefox
Testing: csp_id=847, page_id=29700, browser=Firefox
Testing: csp_id=847, page_id=29800, browser=Firefox
🏊 create_context_pools[first] (5x16): 26.997s
Testing: csp_id=859, page_id=0, browser=Firefox
Testing: csp_id=859, page_id=100, browser=Firefox
Testing: csp_id=859, page_id=200, browser=Firefox
Testing: csp_id=859, page_id=300, browser=Firefox
Testing: csp_id=859, page_id=400, browser=Firefox
Testing: csp_id=859, page_id=500, browser=Firefox
Testing: csp_id=859, page_id=600, browser=Firefox
Testing: csp_id=859, page_id=700, browser=Firefox
Testing: csp_id=859, page_id=800, browser=Firefox
Testing: csp_id=859, page_id=900, browser=Firefox
Testing: csp_id=859, page_id=1000, browser=Firefox
Testing: csp_id=859, page_id=1100, browser=Firefox
Testing: csp_id=859, page_id=1200, browser=Firefox
Testing: csp_id=859, page_id=1300, browser=Firefox
Testing: csp_id=859, page_id=1400, browser=Firefox
Testing: csp_id=859, page_id=1500, browser=Firefox
Testing: csp_id=859, page_id=1600, browser=Firefox
Testing: csp_id=859, page_id=1700, browser=Firefox
Testing: csp_id=859, page_id=1800, browser=Firefox
Testing: csp_id=859, page_id=1900, browser=Firefox
Testing: csp_id=859, page_id=2000, browser=Firefox
Testing: csp_id=859, page_id=2100, browser=Firefox
Testing: csp_id=859, page_id=2200, browser=Firefox
Testing: csp_id=859, page_id=2300, browser=Firefox
Testing: csp_id=859, page_id=2400, browser=Firefox
Testing: csp_id=859, page_id=2500, browser=Firefox
Testing: csp_id=859, page_id=2600, browser=Firefox
Testing: csp_id=859, page_id=2700, browser=Firefox
Testing: csp_id=859, page_id=2800, browser=Firefox
Testing: csp_id=859, page_id=2900, browser=Firefox
Testing: csp_id=859, page_id=3000, browser=Firefox
Testing: csp_id=859, page_id=3100, browser=Firefox
Testing: csp_id=859, page_id=3200, browser=Firefox
Testing: csp_id=859, page_id=3300, browser=Firefox
Testing: csp_id=859, page_id=3400, browser=Firefox
Testing: csp_id=859, page_id=3500, browser=Firefox
Testing: csp_id=859, page_id=3600, browser=Firefox
Testing: csp_id=859, page_id=3700, browser=Firefox
Testing: csp_id=859, page_id=3800, browser=Firefox
Testing: csp_id=859, page_id=3900, browser=Firefox
Testing: csp_id=859, page_id=4000, browser=Firefox
Testing: csp_id=859, page_id=4100, browser=Firefox
Testing: csp_id=859, page_id=4200, browser=Firefox
Testing: csp_id=859, page_id=4300, browser=Firefox
Testing: csp_id=859, page_id=4400, browser=Firefox
Testing: csp_id=859, page_id=4500, browser=Firefox
Testing: csp_id=859, page_id=4600, browser=Firefox
Testing: csp_id=859, page_id=4700, browser=Firefox
Testing: csp_id=859, page_id=4800, browser=Firefox
Testing: csp_id=859, page_id=4900, browser=Firefox
Testing: csp_id=859, page_id=5000, browser=Firefox
Testing: csp_id=859, page_id=5100, browser=Firefox
Testing: csp_id=859, page_id=5200, browser=Firefox
Testing: csp_id=859, page_id=5300, browser=Firefox
Testing: csp_id=859, page_id=5400, browser=Firefox
Testing: csp_id=859, page_id=5500, browser=Firefox
Testing: csp_id=859, page_id=5600, browser=Firefox
Testing: csp_id=859, page_id=5700, browser=Firefox
Testing: csp_id=859, page_id=5800, browser=Firefox
Testing: csp_id=859, page_id=5900, browser=Firefox
Testing: csp_id=859, page_id=6000, browser=Firefox
Testing: csp_id=859, page_id=6100, browser=Firefox
Testing: csp_id=859, page_id=6200, browser=Firefox
Testing: csp_id=859, page_id=6300, browser=Firefox
Testing: csp_id=859, page_id=6400, browser=Firefox
Testing: csp_id=859, page_id=6500, browser=Firefox
Testing: csp_id=859, page_id=6600, browser=Firefox
Testing: csp_id=859, page_id=6700, browser=Firefox
Testing: csp_id=859, page_id=6800, browser=Firefox
Testing: csp_id=859, page_id=6900, browser=Firefox
Testing: csp_id=859, page_id=7000, browser=Firefox
Testing: csp_id=859, page_id=7100, browser=Firefox
Testing: csp_id=859, page_id=7200, browser=Firefox
Testing: csp_id=859, page_id=7300, browser=Firefox
Testing: csp_id=859, page_id=7400, browser=Firefox
Testing: csp_id=859, page_id=7500, browser=Firefox
Testing: csp_id=859, page_id=7600, browser=Firefox
Testing: csp_id=859, page_id=7700, browser=Firefox
Testing: csp_id=859, page_id=7800, browser=Firefox
Testing: csp_id=859, page_id=7900, browser=Firefox
Testing: csp_id=859, page_id=8000, browser=Firefox
Testing: csp_id=859, page_id=8100, browser=Firefox
Testing: csp_id=859, page_id=8200, browser=Firefox
Testing: csp_id=859, page_id=8300, browser=Firefox
Testing: csp_id=859, page_id=8400, browser=Firefox
Testing: csp_id=859, page_id=8500, browser=Firefox
Testing: csp_id=859, page_id=8600, browser=Firefox
Testing: csp_id=859, page_id=8700, browser=Firefox
Testing: csp_id=859, page_id=8800, browser=Firefox
Testing: csp_id=859, page_id=8900, browser=Firefox
Testing: csp_id=859, page_id=9000, browser=Firefox
Testing: csp_id=859, page_id=9100, browser=Firefox
Testing: csp_id=859, page_id=9200, browser=Firefox
Testing: csp_id=859, page_id=9300, browser=Firefox
Testing: csp_id=859, page_id=9400, browser=Firefox
Testing: csp_id=859, page_id=9500, browser=Firefox
Testing: csp_id=859, page_id=9600, browser=Firefox
Testing: csp_id=859, page_id=9700, browser=Firefox
Testing: csp_id=859, page_id=9800, browser=Firefox
Testing: csp_id=859, page_id=9900, browser=Firefox
Testing: csp_id=859, page_id=10000, browser=Firefox
Testing: csp_id=859, page_id=10100, browser=Firefox
Testing: csp_id=859, page_id=10200, browser=Firefox
Testing: csp_id=859, page_id=10300, browser=Firefox
Testing: csp_id=859, page_id=10400, browser=Firefox
Testing: csp_id=859, page_id=10500, browser=Firefox
Testing: csp_id=859, page_id=10600, browser=Firefox
Testing: csp_id=859, page_id=10700, browser=Firefox
Testing: csp_id=859, page_id=10800, browser=Firefox
Testing: csp_id=859, page_id=10900, browser=Firefox
Testing: csp_id=859, page_id=11000, browser=Firefox
Testing: csp_id=859, page_id=11100, browser=Firefox
Testing: csp_id=859, page_id=11200, browser=Firefox
Testing: csp_id=859, page_id=11300, browser=Firefox
Testing: csp_id=859, page_id=11400, browser=Firefox
Testing: csp_id=859, page_id=11500, browser=Firefox
Testing: csp_id=859, page_id=11600, browser=Firefox
Testing: csp_id=859, page_id=11700, browser=Firefox
Testing: csp_id=859, page_id=11800, browser=Firefox
Testing: csp_id=859, page_id=11900, browser=Firefox
Testing: csp_id=859, page_id=12000, browser=Firefox
Testing: csp_id=859, page_id=12100, browser=Firefox
Testing: csp_id=859, page_id=12200, browser=Firefox
Testing: csp_id=859, page_id=12300, browser=Firefox
Testing: csp_id=859, page_id=12400, browser=Firefox
Testing: csp_id=859, page_id=12500, browser=Firefox
Testing: csp_id=859, page_id=12600, browser=Firefox
Testing: csp_id=859, page_id=12700, browser=Firefox
Testing: csp_id=859, page_id=12800, browser=Firefox
Testing: csp_id=859, page_id=12900, browser=Firefox
Testing: csp_id=859, page_id=13000, browser=Firefox
Testing: csp_id=859, page_id=13100, browser=Firefox
Testing: csp_id=859, page_id=13200, browser=Firefox
Testing: csp_id=859, page_id=13300, browser=Firefox
Testing: csp_id=859, page_id=13400, browser=Firefox
Testing: csp_id=859, page_id=13500, browser=Firefox
Testing: csp_id=859, page_id=13600, browser=Firefox
Testing: csp_id=859, page_id=13700, browser=Firefox
Testing: csp_id=859, page_id=13800, browser=Firefox
Testing: csp_id=859, page_id=13900, browser=Firefox
Testing: csp_id=859, page_id=14000, browser=Firefox
Testing: csp_id=859, page_id=14100, browser=Firefox
Testing: csp_id=859, page_id=14200, browser=Firefox
Testing: csp_id=859, page_id=14300, browser=Firefox
Testing: csp_id=859, page_id=14400, browser=Firefox
Testing: csp_id=859, page_id=14500, browser=Firefox
Testing: csp_id=859, page_id=14600, browser=Firefox
Testing: csp_id=859, page_id=14700, browser=Firefox
Testing: csp_id=859, page_id=14800, browser=Firefox
Testing: csp_id=859, page_id=14900, browser=Firefox
Testing: csp_id=859, page_id=15000, browser=Firefox
Testing: csp_id=859, page_id=15100, browser=Firefox
Testing: csp_id=859, page_id=15200, browser=Firefox
Testing: csp_id=859, page_id=15300, browser=Firefox
Testing: csp_id=859, page_id=15400, browser=Firefox
Testing: csp_id=859, page_id=15500, browser=Firefox
Testing: csp_id=859, page_id=15600, browser=Firefox
Testing: csp_id=859, page_id=15700, browser=Firefox
Testing: csp_id=859, page_id=15800, browser=Firefox
Testing: csp_id=859, page_id=15900, browser=Firefox
Testing: csp_id=859, page_id=16000, browser=Firefox
Testing: csp_id=859, page_id=16100, browser=Firefox
Testing: csp_id=859, page_id=16200, browser=Firefox
Testing: csp_id=859, page_id=16300, browser=Firefox
Testing: csp_id=859, page_id=16400, browser=Firefox
Testing: csp_id=859, page_id=16500, browser=Firefox
Testing: csp_id=859, page_id=16600, browser=Firefox
Testing: csp_id=859, page_id=16700, browser=Firefox
Testing: csp_id=859, page_id=16800, browser=Firefox
Testing: csp_id=859, page_id=16900, browser=Firefox
Testing: csp_id=859, page_id=17000, browser=Firefox
Testing: csp_id=859, page_id=17100, browser=Firefox
Testing: csp_id=859, page_id=17200, browser=Firefox
Testing: csp_id=859, page_id=17300, browser=Firefox
Testing: csp_id=859, page_id=17400, browser=Firefox
Testing: csp_id=859, page_id=17500, browser=Firefox
Testing: csp_id=859, page_id=17600, browser=Firefox
Testing: csp_id=859, page_id=17700, browser=Firefox
Testing: csp_id=859, page_id=17800, browser=Firefox
Testing: csp_id=859, page_id=17900, browser=Firefox
Testing: csp_id=859, page_id=18000, browser=Firefox
Testing: csp_id=859, page_id=18100, browser=Firefox
Testing: csp_id=859, page_id=18200, browser=Firefox
Testing: csp_id=859, page_id=18300, browser=Firefox
Testing: csp_id=859, page_id=18400, browser=Firefox
Testing: csp_id=859, page_id=18500, browser=Firefox
Testing: csp_id=859, page_id=18600, browser=Firefox
Testing: csp_id=859, page_id=18700, browser=Firefox
Testing: csp_id=859, page_id=18800, browser=Firefox
Testing: csp_id=859, page_id=18900, browser=Firefox
Testing: csp_id=859, page_id=19000, browser=Firefox
Testing: csp_id=859, page_id=19100, browser=Firefox
Testing: csp_id=859, page_id=19200, browser=Firefox
Testing: csp_id=859, page_id=19300, browser=Firefox
Testing: csp_id=859, page_id=19400, browser=Firefox
Testing: csp_id=859, page_id=19500, browser=Firefox
Testing: csp_id=859, page_id=19600, browser=Firefox
Testing: csp_id=859, page_id=19700, browser=Firefox
Testing: csp_id=859, page_id=19800, browser=Firefox
Testing: csp_id=859, page_id=19900, browser=Firefox
Testing: csp_id=859, page_id=20000, browser=Firefox
Testing: csp_id=859, page_id=20100, browser=Firefox
Testing: csp_id=859, page_id=20200, browser=Firefox
Testing: csp_id=859, page_id=20300, browser=Firefox
Testing: csp_id=859, page_id=20400, browser=Firefox
Testing: csp_id=859, page_id=20500, browser=Firefox
Testing: csp_id=859, page_id=20600, browser=Firefox
Testing: csp_id=859, page_id=20700, browser=Firefox
Testing: csp_id=859, page_id=20800, browser=Firefox
Testing: csp_id=859, page_id=20900, browser=Firefox
Testing: csp_id=859, page_id=21000, browser=Firefox
Testing: csp_id=859, page_id=21100, browser=Firefox
Testing: csp_id=859, page_id=21200, browser=Firefox
Testing: csp_id=859, page_id=21300, browser=Firefox
Testing: csp_id=859, page_id=21400, browser=Firefox
Testing: csp_id=859, page_id=21500, browser=Firefox
Testing: csp_id=859, page_id=21600, browser=Firefox
Testing: csp_id=859, page_id=21700, browser=Firefox
Testing: csp_id=859, page_id=21800, browser=Firefox
Testing: csp_id=859, page_id=21900, browser=Firefox
Testing: csp_id=859, page_id=22000, browser=Firefox
Testing: csp_id=859, page_id=22100, browser=Firefox
Testing: csp_id=859, page_id=22200, browser=Firefox
Testing: csp_id=859, page_id=22300, browser=Firefox
Testing: csp_id=859, page_id=22400, browser=Firefox
Testing: csp_id=859, page_id=22500, browser=Firefox
Testing: csp_id=859, page_id=22600, browser=Firefox
Testing: csp_id=859, page_id=22700, browser=Firefox
Testing: csp_id=859, page_id=22800, browser=Firefox
Testing: csp_id=859, page_id=22900, browser=Firefox
Testing: csp_id=859, page_id=23000, browser=Firefox
Testing: csp_id=859, page_id=23100, browser=Firefox
Testing: csp_id=859, page_id=23200, browser=Firefox
Testing: csp_id=859, page_id=23300, browser=Firefox
Testing: csp_id=859, page_id=23400, browser=Firefox
Testing: csp_id=859, page_id=23500, browser=Firefox
Testing: csp_id=859, page_id=23600, browser=Firefox
Testing: csp_id=859, page_id=23700, browser=Firefox
Testing: csp_id=859, page_id=23800, browser=Firefox
Testing: csp_id=859, page_id=23900, browser=Firefox
Testing: csp_id=859, page_id=24000, browser=Firefox
Testing: csp_id=859, page_id=24100, browser=Firefox
Testing: csp_id=859, page_id=24200, browser=Firefox
Testing: csp_id=859, page_id=24300, browser=Firefox
Testing: csp_id=859, page_id=24400, browser=Firefox
Testing: csp_id=859, page_id=24500, browser=Firefox
Testing: csp_id=859, page_id=24600, browser=Firefox
Testing: csp_id=859, page_id=24700, browser=Firefox
Testing: csp_id=859, page_id=24800, browser=Firefox
Testing: csp_id=859, page_id=24900, browser=Firefox
Testing: csp_id=859, page_id=25000, browser=Firefox
Testing: csp_id=859, page_id=25100, browser=Firefox
Testing: csp_id=859, page_id=25200, browser=Firefox
Testing: csp_id=859, page_id=25300, browser=Firefox
Testing: csp_id=859, page_id=25400, browser=Firefox
Testing: csp_id=859, page_id=25500, browser=Firefox
Testing: csp_id=859, page_id=25600, browser=Firefox
Testing: csp_id=859, page_id=25700, browser=Firefox
Testing: csp_id=859, page_id=25800, browser=Firefox
Testing: csp_id=859, page_id=25900, browser=Firefox
Testing: csp_id=859, page_id=26000, browser=Firefox
Testing: csp_id=859, page_id=26100, browser=Firefox
Testing: csp_id=859, page_id=26200, browser=Firefox
Testing: csp_id=859, page_id=26300, browser=Firefox
Testing: csp_id=859, page_id=26400, browser=Firefox
Testing: csp_id=859, page_id=26500, browser=Firefox
Testing: csp_id=859, page_id=26600, browser=Firefox
Testing: csp_id=859, page_id=26700, browser=Firefox
Testing: csp_id=859, page_id=26800, browser=Firefox
Testing: csp_id=859, page_id=26900, browser=Firefox
Testing: csp_id=859, page_id=27000, browser=Firefox
Testing: csp_id=859, page_id=27100, browser=Firefox
Testing: csp_id=859, page_id=27200, browser=Firefox
Testing: csp_id=859, page_id=27300, browser=Firefox
Testing: csp_id=859, page_id=27400, browser=Firefox
Testing: csp_id=859, page_id=27500, browser=Firefox
Testing: csp_id=859, page_id=27600, browser=Firefox
Testing: csp_id=859, page_id=27700, browser=Firefox
Testing: csp_id=859, page_id=27800, browser=Firefox
Testing: csp_id=859, page_id=27900, browser=Firefox
Testing: csp_id=859, page_id=28000, browser=Firefox
Testing: csp_id=859, page_id=28100, browser=Firefox
Testing: csp_id=859, page_id=28200, browser=Firefox
Testing: csp_id=859, page_id=28300, browser=Firefox
Testing: csp_id=859, page_id=28400, browser=Firefox
Testing: csp_id=859, page_id=28500, browser=Firefox
Testing: csp_id=859, page_id=28600, browser=Firefox
Testing: csp_id=859, page_id=28700, browser=Firefox
Testing: csp_id=859, page_id=28800, browser=Firefox
Testing: csp_id=859, page_id=28900, browser=Firefox
Testing: csp_id=859, page_id=29000, browser=Firefox
Testing: csp_id=859, page_id=29100, browser=Firefox
Testing: csp_id=859, page_id=29200, browser=Firefox
Testing: csp_id=859, page_id=29300, browser=Firefox
Testing: csp_id=859, page_id=29400, browser=Firefox
Testing: csp_id=859, page_id=29500, browser=Firefox
Testing: csp_id=859, page_id=29600, browser=Firefox
Testing: csp_id=859, page_id=29700, browser=Firefox
Testing: csp_id=859, page_id=29800, browser=Firefox
🏊 create_context_pools[first] (5x16): 26.900s
Testing: csp_id=871, page_id=0, browser=Firefox
Testing: csp_id=871, page_id=100, browser=Firefox
Testing: csp_id=871, page_id=200, browser=Firefox
Testing: csp_id=871, page_id=300, browser=Firefox
Testing: csp_id=871, page_id=400, browser=Firefox
Testing: csp_id=871, page_id=500, browser=Firefox
Testing: csp_id=871, page_id=600, browser=Firefox
Testing: csp_id=871, page_id=700, browser=Firefox
Testing: csp_id=871, page_id=800, browser=Firefox
Testing: csp_id=871, page_id=900, browser=Firefox
Testing: csp_id=871, page_id=1000, browser=Firefox
Testing: csp_id=871, page_id=1100, browser=Firefox
Testing: csp_id=871, page_id=1200, browser=Firefox
Testing: csp_id=871, page_id=1300, browser=Firefox
Testing: csp_id=871, page_id=1400, browser=Firefox
Testing: csp_id=871, page_id=1500, browser=Firefox
Testing: csp_id=871, page_id=1600, browser=Firefox
Testing: csp_id=871, page_id=1700, browser=Firefox
Testing: csp_id=871, page_id=1800, browser=Firefox
Testing: csp_id=871, page_id=1900, browser=Firefox
Testing: csp_id=871, page_id=2000, browser=Firefox
Testing: csp_id=871, page_id=2100, browser=Firefox
Testing: csp_id=871, page_id=2200, browser=Firefox
Testing: csp_id=871, page_id=2300, browser=Firefox
Testing: csp_id=871, page_id=2400, browser=Firefox
Testing: csp_id=871, page_id=2500, browser=Firefox
Testing: csp_id=871, page_id=2600, browser=Firefox
Testing: csp_id=871, page_id=2700, browser=Firefox
Testing: csp_id=871, page_id=2800, browser=Firefox
Testing: csp_id=871, page_id=2900, browser=Firefox
Testing: csp_id=871, page_id=3000, browser=Firefox
Testing: csp_id=871, page_id=3100, browser=Firefox
Testing: csp_id=871, page_id=3200, browser=Firefox
Testing: csp_id=871, page_id=3300, browser=Firefox
Testing: csp_id=871, page_id=3400, browser=Firefox
Testing: csp_id=871, page_id=3500, browser=Firefox
Testing: csp_id=871, page_id=3600, browser=Firefox
Testing: csp_id=871, page_id=3700, browser=Firefox
Testing: csp_id=871, page_id=3800, browser=Firefox
Testing: csp_id=871, page_id=3900, browser=Firefox
Testing: csp_id=871, page_id=4000, browser=Firefox
Testing: csp_id=871, page_id=4100, browser=Firefox
Testing: csp_id=871, page_id=4200, browser=Firefox
Testing: csp_id=871, page_id=4300, browser=Firefox
Testing: csp_id=871, page_id=4400, browser=Firefox
Testing: csp_id=871, page_id=4500, browser=Firefox
Testing: csp_id=871, page_id=4600, browser=Firefox
Testing: csp_id=871, page_id=4700, browser=Firefox
Testing: csp_id=871, page_id=4800, browser=Firefox
Testing: csp_id=871, page_id=4900, browser=Firefox
Testing: csp_id=871, page_id=5000, browser=Firefox
Testing: csp_id=871, page_id=5100, browser=Firefox
Testing: csp_id=871, page_id=5200, browser=Firefox
Testing: csp_id=871, page_id=5300, browser=Firefox
Testing: csp_id=871, page_id=5400, browser=Firefox
Testing: csp_id=871, page_id=5500, browser=Firefox
Testing: csp_id=871, page_id=5600, browser=Firefox
Testing: csp_id=871, page_id=5700, browser=Firefox
Testing: csp_id=871, page_id=5800, browser=Firefox
Testing: csp_id=871, page_id=5900, browser=Firefox
Testing: csp_id=871, page_id=6000, browser=Firefox
Testing: csp_id=871, page_id=6100, browser=Firefox
Testing: csp_id=871, page_id=6200, browser=Firefox
Testing: csp_id=871, page_id=6300, browser=Firefox
Testing: csp_id=871, page_id=6400, browser=Firefox
Testing: csp_id=871, page_id=6500, browser=Firefox
Testing: csp_id=871, page_id=6600, browser=Firefox
Testing: csp_id=871, page_id=6700, browser=Firefox
Testing: csp_id=871, page_id=6800, browser=Firefox
Testing: csp_id=871, page_id=6900, browser=Firefox
Testing: csp_id=871, page_id=7000, browser=Firefox
Testing: csp_id=871, page_id=7100, browser=Firefox
Testing: csp_id=871, page_id=7200, browser=Firefox
Testing: csp_id=871, page_id=7300, browser=Firefox
Testing: csp_id=871, page_id=7400, browser=Firefox
Testing: csp_id=871, page_id=7500, browser=Firefox
Testing: csp_id=871, page_id=7600, browser=Firefox
Testing: csp_id=871, page_id=7700, browser=Firefox
Testing: csp_id=871, page_id=7800, browser=Firefox
Testing: csp_id=871, page_id=7900, browser=Firefox
Testing: csp_id=871, page_id=8000, browser=Firefox
Testing: csp_id=871, page_id=8100, browser=Firefox
Testing: csp_id=871, page_id=8200, browser=Firefox
Testing: csp_id=871, page_id=8300, browser=Firefox
Testing: csp_id=871, page_id=8400, browser=Firefox
Testing: csp_id=871, page_id=8500, browser=Firefox
Testing: csp_id=871, page_id=8600, browser=Firefox
Testing: csp_id=871, page_id=8700, browser=Firefox
Testing: csp_id=871, page_id=8800, browser=Firefox
Testing: csp_id=871, page_id=8900, browser=Firefox
Testing: csp_id=871, page_id=9000, browser=Firefox
Testing: csp_id=871, page_id=9100, browser=Firefox
Testing: csp_id=871, page_id=9200, browser=Firefox
Testing: csp_id=871, page_id=9300, browser=Firefox
Testing: csp_id=871, page_id=9400, browser=Firefox
Testing: csp_id=871, page_id=9500, browser=Firefox
Testing: csp_id=871, page_id=9600, browser=Firefox
Testing: csp_id=871, page_id=9700, browser=Firefox
Testing: csp_id=871, page_id=9800, browser=Firefox
Testing: csp_id=871, page_id=9900, browser=Firefox
Testing: csp_id=871, page_id=10000, browser=Firefox
Testing: csp_id=871, page_id=10100, browser=Firefox
Testing: csp_id=871, page_id=10200, browser=Firefox
Testing: csp_id=871, page_id=10300, browser=Firefox
Testing: csp_id=871, page_id=10400, browser=Firefox
Testing: csp_id=871, page_id=10500, browser=Firefox
Testing: csp_id=871, page_id=10600, browser=Firefox
Testing: csp_id=871, page_id=10700, browser=Firefox
Testing: csp_id=871, page_id=10800, browser=Firefox
Testing: csp_id=871, page_id=10900, browser=Firefox
Testing: csp_id=871, page_id=11000, browser=Firefox
Testing: csp_id=871, page_id=11100, browser=Firefox
Testing: csp_id=871, page_id=11200, browser=Firefox
Testing: csp_id=871, page_id=11300, browser=Firefox
Testing: csp_id=871, page_id=11400, browser=Firefox
Testing: csp_id=871, page_id=11500, browser=Firefox
Testing: csp_id=871, page_id=11600, browser=Firefox
Testing: csp_id=871, page_id=11700, browser=Firefox
Testing: csp_id=871, page_id=11800, browser=Firefox
Testing: csp_id=871, page_id=11900, browser=Firefox
Testing: csp_id=871, page_id=12000, browser=Firefox
Testing: csp_id=871, page_id=12100, browser=Firefox
Testing: csp_id=871, page_id=12200, browser=Firefox
Testing: csp_id=871, page_id=12300, browser=Firefox
Testing: csp_id=871, page_id=12400, browser=Firefox
Testing: csp_id=871, page_id=12500, browser=Firefox
Testing: csp_id=871, page_id=12600, browser=Firefox
Testing: csp_id=871, page_id=12700, browser=Firefox
Testing: csp_id=871, page_id=12800, browser=Firefox
Testing: csp_id=871, page_id=12900, browser=Firefox
Testing: csp_id=871, page_id=13000, browser=Firefox
Testing: csp_id=871, page_id=13100, browser=Firefox
Testing: csp_id=871, page_id=13200, browser=Firefox
Testing: csp_id=871, page_id=13300, browser=Firefox
Testing: csp_id=871, page_id=13400, browser=Firefox
Testing: csp_id=871, page_id=13500, browser=Firefox
Testing: csp_id=871, page_id=13600, browser=Firefox
Testing: csp_id=871, page_id=13700, browser=Firefox
Testing: csp_id=871, page_id=13800, browser=Firefox
Testing: csp_id=871, page_id=13900, browser=Firefox
Testing: csp_id=871, page_id=14000, browser=Firefox
Testing: csp_id=871, page_id=14100, browser=Firefox
Testing: csp_id=871, page_id=14200, browser=Firefox
Testing: csp_id=871, page_id=14300, browser=Firefox
Testing: csp_id=871, page_id=14400, browser=Firefox
Testing: csp_id=871, page_id=14500, browser=Firefox
Testing: csp_id=871, page_id=14600, browser=Firefox
Testing: csp_id=871, page_id=14700, browser=Firefox
Testing: csp_id=871, page_id=14800, browser=Firefox
Testing: csp_id=871, page_id=14900, browser=Firefox
Testing: csp_id=871, page_id=15000, browser=Firefox
Testing: csp_id=871, page_id=15100, browser=Firefox
Testing: csp_id=871, page_id=15200, browser=Firefox
Testing: csp_id=871, page_id=15300, browser=Firefox
Testing: csp_id=871, page_id=15400, browser=Firefox
Testing: csp_id=871, page_id=15500, browser=Firefox
Testing: csp_id=871, page_id=15600, browser=Firefox
Testing: csp_id=871, page_id=15700, browser=Firefox
Testing: csp_id=871, page_id=15800, browser=Firefox
Testing: csp_id=871, page_id=15900, browser=Firefox
Testing: csp_id=871, page_id=16000, browser=Firefox
Testing: csp_id=871, page_id=16100, browser=Firefox
Testing: csp_id=871, page_id=16200, browser=Firefox
Testing: csp_id=871, page_id=16300, browser=Firefox
Testing: csp_id=871, page_id=16400, browser=Firefox
Testing: csp_id=871, page_id=16500, browser=Firefox
Testing: csp_id=871, page_id=16600, browser=Firefox
Testing: csp_id=871, page_id=16700, browser=Firefox
Testing: csp_id=871, page_id=16800, browser=Firefox
Testing: csp_id=871, page_id=16900, browser=Firefox
Testing: csp_id=871, page_id=17000, browser=Firefox
Testing: csp_id=871, page_id=17100, browser=Firefox
Testing: csp_id=871, page_id=17200, browser=Firefox
Testing: csp_id=871, page_id=17300, browser=Firefox
Testing: csp_id=871, page_id=17400, browser=Firefox
Testing: csp_id=871, page_id=17500, browser=Firefox
Testing: csp_id=871, page_id=17600, browser=Firefox
Testing: csp_id=871, page_id=17700, browser=Firefox
Testing: csp_id=871, page_id=17800, browser=Firefox
Testing: csp_id=871, page_id=17900, browser=Firefox
Testing: csp_id=871, page_id=18000, browser=Firefox
Testing: csp_id=871, page_id=18100, browser=Firefox
Testing: csp_id=871, page_id=18200, browser=Firefox
Testing: csp_id=871, page_id=18300, browser=Firefox
Testing: csp_id=871, page_id=18400, browser=Firefox
Testing: csp_id=871, page_id=18500, browser=Firefox
Testing: csp_id=871, page_id=18600, browser=Firefox
Testing: csp_id=871, page_id=18700, browser=Firefox
Testing: csp_id=871, page_id=18800, browser=Firefox
Testing: csp_id=871, page_id=18900, browser=Firefox
Testing: csp_id=871, page_id=19000, browser=Firefox
Testing: csp_id=871, page_id=19100, browser=Firefox
Testing: csp_id=871, page_id=19200, browser=Firefox
Testing: csp_id=871, page_id=19300, browser=Firefox
Testing: csp_id=871, page_id=19400, browser=Firefox
Testing: csp_id=871, page_id=19500, browser=Firefox
Testing: csp_id=871, page_id=19600, browser=Firefox
Testing: csp_id=871, page_id=19700, browser=Firefox
Testing: csp_id=871, page_id=19800, browser=Firefox
Testing: csp_id=871, page_id=19900, browser=Firefox
Testing: csp_id=871, page_id=20000, browser=Firefox
Testing: csp_id=871, page_id=20100, browser=Firefox
Testing: csp_id=871, page_id=20200, browser=Firefox
Testing: csp_id=871, page_id=20300, browser=Firefox
Testing: csp_id=871, page_id=20400, browser=Firefox
Testing: csp_id=871, page_id=20500, browser=Firefox
Testing: csp_id=871, page_id=20600, browser=Firefox
Testing: csp_id=871, page_id=20700, browser=Firefox
Testing: csp_id=871, page_id=20800, browser=Firefox
Testing: csp_id=871, page_id=20900, browser=Firefox
Testing: csp_id=871, page_id=21000, browser=Firefox
Testing: csp_id=871, page_id=21100, browser=Firefox
Testing: csp_id=871, page_id=21200, browser=Firefox
Testing: csp_id=871, page_id=21300, browser=Firefox
Testing: csp_id=871, page_id=21400, browser=Firefox
Testing: csp_id=871, page_id=21500, browser=Firefox
Testing: csp_id=871, page_id=21600, browser=Firefox
Testing: csp_id=871, page_id=21700, browser=Firefox
Testing: csp_id=871, page_id=21800, browser=Firefox
Testing: csp_id=871, page_id=21900, browser=Firefox
Testing: csp_id=871, page_id=22000, browser=Firefox
Testing: csp_id=871, page_id=22100, browser=Firefox
Testing: csp_id=871, page_id=22200, browser=Firefox
Testing: csp_id=871, page_id=22300, browser=Firefox
Testing: csp_id=871, page_id=22400, browser=Firefox
Testing: csp_id=871, page_id=22500, browser=Firefox
Testing: csp_id=871, page_id=22600, browser=Firefox
Testing: csp_id=871, page_id=22700, browser=Firefox
Testing: csp_id=871, page_id=22800, browser=Firefox
Testing: csp_id=871, page_id=22900, browser=Firefox
Testing: csp_id=871, page_id=23000, browser=Firefox
Testing: csp_id=871, page_id=23100, browser=Firefox
Testing: csp_id=871, page_id=23200, browser=Firefox
Testing: csp_id=871, page_id=23300, browser=Firefox
Testing: csp_id=871, page_id=23400, browser=Firefox
Testing: csp_id=871, page_id=23500, browser=Firefox
Testing: csp_id=871, page_id=23600, browser=Firefox
Testing: csp_id=871, page_id=23700, browser=Firefox
Testing: csp_id=871, page_id=23800, browser=Firefox
Testing: csp_id=871, page_id=23900, browser=Firefox
Testing: csp_id=871, page_id=24000, browser=Firefox
Testing: csp_id=871, page_id=24100, browser=Firefox
Testing: csp_id=871, page_id=24200, browser=Firefox
Testing: csp_id=871, page_id=24300, browser=Firefox
Testing: csp_id=871, page_id=24400, browser=Firefox
Testing: csp_id=871, page_id=24500, browser=Firefox
Testing: csp_id=871, page_id=24600, browser=Firefox
Testing: csp_id=871, page_id=24700, browser=Firefox
Testing: csp_id=871, page_id=24800, browser=Firefox
Testing: csp_id=871, page_id=24900, browser=Firefox
Testing: csp_id=871, page_id=25000, browser=Firefox
Testing: csp_id=871, page_id=25100, browser=Firefox
Testing: csp_id=871, page_id=25200, browser=Firefox
Testing: csp_id=871, page_id=25300, browser=Firefox
Testing: csp_id=871, page_id=25400, browser=Firefox
Testing: csp_id=871, page_id=25500, browser=Firefox
Testing: csp_id=871, page_id=25600, browser=Firefox
Testing: csp_id=871, page_id=25700, browser=Firefox
Testing: csp_id=871, page_id=25800, browser=Firefox
Testing: csp_id=871, page_id=25900, browser=Firefox
Testing: csp_id=871, page_id=26000, browser=Firefox
Testing: csp_id=871, page_id=26100, browser=Firefox
Testing: csp_id=871, page_id=26200, browser=Firefox
Testing: csp_id=871, page_id=26300, browser=Firefox
Testing: csp_id=871, page_id=26400, browser=Firefox
Testing: csp_id=871, page_id=26500, browser=Firefox
Testing: csp_id=871, page_id=26600, browser=Firefox
Testing: csp_id=871, page_id=26700, browser=Firefox
Testing: csp_id=871, page_id=26800, browser=Firefox
Testing: csp_id=871, page_id=26900, browser=Firefox
Testing: csp_id=871, page_id=27000, browser=Firefox
Testing: csp_id=871, page_id=27100, browser=Firefox
Testing: csp_id=871, page_id=27200, browser=Firefox
Testing: csp_id=871, page_id=27300, browser=Firefox
Testing: csp_id=871, page_id=27400, browser=Firefox
Testing: csp_id=871, page_id=27500, browser=Firefox
Testing: csp_id=871, page_id=27600, browser=Firefox
Testing: csp_id=871, page_id=27700, browser=Firefox
Testing: csp_id=871, page_id=27800, browser=Firefox
Testing: csp_id=871, page_id=27900, browser=Firefox
Testing: csp_id=871, page_id=28000, browser=Firefox
Testing: csp_id=871, page_id=28100, browser=Firefox
Testing: csp_id=871, page_id=28200, browser=Firefox
Testing: csp_id=871, page_id=28300, browser=Firefox
Testing: csp_id=871, page_id=28400, browser=Firefox
Testing: csp_id=871, page_id=28500, browser=Firefox
Testing: csp_id=871, page_id=28600, browser=Firefox
Testing: csp_id=871, page_id=28700, browser=Firefox
Testing: csp_id=871, page_id=28800, browser=Firefox
Testing: csp_id=871, page_id=28900, browser=Firefox
Testing: csp_id=871, page_id=29000, browser=Firefox
Testing: csp_id=871, page_id=29100, browser=Firefox
Testing: csp_id=871, page_id=29200, browser=Firefox
Testing: csp_id=871, page_id=29300, browser=Firefox
Testing: csp_id=871, page_id=29400, browser=Firefox
Testing: csp_id=871, page_id=29500, browser=Firefox
Testing: csp_id=871, page_id=29600, browser=Firefox
Testing: csp_id=871, page_id=29700, browser=Firefox
Testing: csp_id=871, page_id=29800, browser=Firefox
🏊 create_context_pools[first] (5x16): 26.884s
Testing: csp_id=883, page_id=0, browser=Firefox
Testing: csp_id=883, page_id=100, browser=Firefox
Testing: csp_id=883, page_id=200, browser=Firefox
Testing: csp_id=883, page_id=300, browser=Firefox
Testing: csp_id=883, page_id=400, browser=Firefox
Testing: csp_id=883, page_id=500, browser=Firefox
Testing: csp_id=883, page_id=600, browser=Firefox
Testing: csp_id=883, page_id=700, browser=Firefox
Testing: csp_id=883, page_id=800, browser=Firefox
Testing: csp_id=883, page_id=900, browser=Firefox
Testing: csp_id=883, page_id=1000, browser=Firefox
Testing: csp_id=883, page_id=1100, browser=Firefox
Testing: csp_id=883, page_id=1200, browser=Firefox
Testing: csp_id=883, page_id=1300, browser=Firefox
Testing: csp_id=883, page_id=1400, browser=Firefox
Testing: csp_id=883, page_id=1500, browser=Firefox
Testing: csp_id=883, page_id=1600, browser=Firefox
Testing: csp_id=883, page_id=1700, browser=Firefox
Testing: csp_id=883, page_id=1800, browser=Firefox
Testing: csp_id=883, page_id=1900, browser=Firefox
Testing: csp_id=883, page_id=2000, browser=Firefox
Testing: csp_id=883, page_id=2100, browser=Firefox
Testing: csp_id=883, page_id=2200, browser=Firefox
Testing: csp_id=883, page_id=2300, browser=Firefox
Testing: csp_id=883, page_id=2400, browser=Firefox
Testing: csp_id=883, page_id=2500, browser=Firefox
Testing: csp_id=883, page_id=2600, browser=Firefox
Testing: csp_id=883, page_id=2700, browser=Firefox
Testing: csp_id=883, page_id=2800, browser=Firefox
Testing: csp_id=883, page_id=2900, browser=Firefox
Testing: csp_id=883, page_id=3000, browser=Firefox
Testing: csp_id=883, page_id=3100, browser=Firefox
Testing: csp_id=883, page_id=3200, browser=Firefox
Testing: csp_id=883, page_id=3300, browser=Firefox
Testing: csp_id=883, page_id=3400, browser=Firefox
Testing: csp_id=883, page_id=3500, browser=Firefox
Testing: csp_id=883, page_id=3600, browser=Firefox
Testing: csp_id=883, page_id=3700, browser=Firefox
Testing: csp_id=883, page_id=3800, browser=Firefox
Testing: csp_id=883, page_id=3900, browser=Firefox
Testing: csp_id=883, page_id=4000, browser=Firefox
Testing: csp_id=883, page_id=4100, browser=Firefox
Testing: csp_id=883, page_id=4200, browser=Firefox
Testing: csp_id=883, page_id=4300, browser=Firefox
Testing: csp_id=883, page_id=4400, browser=Firefox
Testing: csp_id=883, page_id=4500, browser=Firefox
Testing: csp_id=883, page_id=4600, browser=Firefox
Testing: csp_id=883, page_id=4700, browser=Firefox
Testing: csp_id=883, page_id=4800, browser=Firefox
Testing: csp_id=883, page_id=4900, browser=Firefox
Testing: csp_id=883, page_id=5000, browser=Firefox
Testing: csp_id=883, page_id=5100, browser=Firefox
Testing: csp_id=883, page_id=5200, browser=Firefox
Testing: csp_id=883, page_id=5300, browser=Firefox
Testing: csp_id=883, page_id=5400, browser=Firefox
Testing: csp_id=883, page_id=5500, browser=Firefox
Testing: csp_id=883, page_id=5600, browser=Firefox
Testing: csp_id=883, page_id=5700, browser=Firefox
Testing: csp_id=883, page_id=5800, browser=Firefox
Testing: csp_id=883, page_id=5900, browser=Firefox
Testing: csp_id=883, page_id=6000, browser=Firefox
Testing: csp_id=883, page_id=6100, browser=Firefox
Testing: csp_id=883, page_id=6200, browser=Firefox
Testing: csp_id=883, page_id=6300, browser=Firefox
Testing: csp_id=883, page_id=6400, browser=Firefox
Testing: csp_id=883, page_id=6500, browser=Firefox
Testing: csp_id=883, page_id=6600, browser=Firefox
Testing: csp_id=883, page_id=6700, browser=Firefox
Testing: csp_id=883, page_id=6800, browser=Firefox
Testing: csp_id=883, page_id=6900, browser=Firefox
Testing: csp_id=883, page_id=7000, browser=Firefox
Testing: csp_id=883, page_id=7100, browser=Firefox
Testing: csp_id=883, page_id=7200, browser=Firefox
Testing: csp_id=883, page_id=7300, browser=Firefox
Testing: csp_id=883, page_id=7400, browser=Firefox
Testing: csp_id=883, page_id=7500, browser=Firefox
Testing: csp_id=883, page_id=7600, browser=Firefox
Testing: csp_id=883, page_id=7700, browser=Firefox
Testing: csp_id=883, page_id=7800, browser=Firefox
Testing: csp_id=883, page_id=7900, browser=Firefox
Testing: csp_id=883, page_id=8000, browser=Firefox
Testing: csp_id=883, page_id=8100, browser=Firefox
Testing: csp_id=883, page_id=8200, browser=Firefox
Testing: csp_id=883, page_id=8300, browser=Firefox
Testing: csp_id=883, page_id=8400, browser=Firefox
Testing: csp_id=883, page_id=8500, browser=Firefox
Testing: csp_id=883, page_id=8600, browser=Firefox
Testing: csp_id=883, page_id=8700, browser=Firefox
Testing: csp_id=883, page_id=8800, browser=Firefox
Testing: csp_id=883, page_id=8900, browser=Firefox
Testing: csp_id=883, page_id=9000, browser=Firefox
Testing: csp_id=883, page_id=9100, browser=Firefox
Testing: csp_id=883, page_id=9200, browser=Firefox
Testing: csp_id=883, page_id=9300, browser=Firefox
Testing: csp_id=883, page_id=9400, browser=Firefox
Testing: csp_id=883, page_id=9500, browser=Firefox
Testing: csp_id=883, page_id=9600, browser=Firefox
Testing: csp_id=883, page_id=9700, browser=Firefox
Testing: csp_id=883, page_id=9800, browser=Firefox
Testing: csp_id=883, page_id=9900, browser=Firefox
Testing: csp_id=883, page_id=10000, browser=Firefox
Testing: csp_id=883, page_id=10100, browser=Firefox
Testing: csp_id=883, page_id=10200, browser=Firefox
Testing: csp_id=883, page_id=10300, browser=Firefox
Testing: csp_id=883, page_id=10400, browser=Firefox
Testing: csp_id=883, page_id=10500, browser=Firefox
Testing: csp_id=883, page_id=10600, browser=Firefox
Testing: csp_id=883, page_id=10700, browser=Firefox
Testing: csp_id=883, page_id=10800, browser=Firefox
Testing: csp_id=883, page_id=10900, browser=Firefox
Testing: csp_id=883, page_id=11000, browser=Firefox
Testing: csp_id=883, page_id=11100, browser=Firefox
Testing: csp_id=883, page_id=11200, browser=Firefox
Testing: csp_id=883, page_id=11300, browser=Firefox
Testing: csp_id=883, page_id=11400, browser=Firefox
Testing: csp_id=883, page_id=11500, browser=Firefox
Testing: csp_id=883, page_id=11600, browser=Firefox
Testing: csp_id=883, page_id=11700, browser=Firefox
Testing: csp_id=883, page_id=11800, browser=Firefox
Testing: csp_id=883, page_id=11900, browser=Firefox
Testing: csp_id=883, page_id=12000, browser=Firefox
Testing: csp_id=883, page_id=12100, browser=Firefox
Testing: csp_id=883, page_id=12200, browser=Firefox
Testing: csp_id=883, page_id=12300, browser=Firefox
Testing: csp_id=883, page_id=12400, browser=Firefox
Testing: csp_id=883, page_id=12500, browser=Firefox
Testing: csp_id=883, page_id=12600, browser=Firefox
Testing: csp_id=883, page_id=12700, browser=Firefox
Testing: csp_id=883, page_id=12800, browser=Firefox
Testing: csp_id=883, page_id=12900, browser=Firefox
Testing: csp_id=883, page_id=13000, browser=Firefox
Testing: csp_id=883, page_id=13100, browser=Firefox
Testing: csp_id=883, page_id=13200, browser=Firefox
Testing: csp_id=883, page_id=13300, browser=Firefox
Testing: csp_id=883, page_id=13400, browser=Firefox
Testing: csp_id=883, page_id=13500, browser=Firefox
Testing: csp_id=883, page_id=13600, browser=Firefox
Testing: csp_id=883, page_id=13700, browser=Firefox
Testing: csp_id=883, page_id=13800, browser=Firefox
Testing: csp_id=883, page_id=13900, browser=Firefox
Testing: csp_id=883, page_id=14000, browser=Firefox
Testing: csp_id=883, page_id=14100, browser=Firefox
Testing: csp_id=883, page_id=14200, browser=Firefox
Testing: csp_id=883, page_id=14300, browser=Firefox
Testing: csp_id=883, page_id=14400, browser=Firefox
Testing: csp_id=883, page_id=14500, browser=Firefox
Testing: csp_id=883, page_id=14600, browser=Firefox
Testing: csp_id=883, page_id=14700, browser=Firefox
Testing: csp_id=883, page_id=14800, browser=Firefox
Testing: csp_id=883, page_id=14900, browser=Firefox
Testing: csp_id=883, page_id=15000, browser=Firefox
Testing: csp_id=883, page_id=15100, browser=Firefox
Testing: csp_id=883, page_id=15200, browser=Firefox
Testing: csp_id=883, page_id=15300, browser=Firefox
Testing: csp_id=883, page_id=15400, browser=Firefox
Testing: csp_id=883, page_id=15500, browser=Firefox
Testing: csp_id=883, page_id=15600, browser=Firefox
Testing: csp_id=883, page_id=15700, browser=Firefox
Testing: csp_id=883, page_id=15800, browser=Firefox
Testing: csp_id=883, page_id=15900, browser=Firefox
Testing: csp_id=883, page_id=16000, browser=Firefox
Testing: csp_id=883, page_id=16100, browser=Firefox
Testing: csp_id=883, page_id=16200, browser=Firefox
Testing: csp_id=883, page_id=16300, browser=Firefox
Testing: csp_id=883, page_id=16400, browser=Firefox
Testing: csp_id=883, page_id=16500, browser=Firefox
Testing: csp_id=883, page_id=16600, browser=Firefox
Testing: csp_id=883, page_id=16700, browser=Firefox
Testing: csp_id=883, page_id=16800, browser=Firefox
Testing: csp_id=883, page_id=16900, browser=Firefox
Testing: csp_id=883, page_id=17000, browser=Firefox
Testing: csp_id=883, page_id=17100, browser=Firefox
Testing: csp_id=883, page_id=17200, browser=Firefox
Testing: csp_id=883, page_id=17300, browser=Firefox
Testing: csp_id=883, page_id=17400, browser=Firefox
Testing: csp_id=883, page_id=17500, browser=Firefox
Testing: csp_id=883, page_id=17600, browser=Firefox
Testing: csp_id=883, page_id=17700, browser=Firefox
Testing: csp_id=883, page_id=17800, browser=Firefox
Testing: csp_id=883, page_id=17900, browser=Firefox
Testing: csp_id=883, page_id=18000, browser=Firefox
Testing: csp_id=883, page_id=18100, browser=Firefox
Testing: csp_id=883, page_id=18200, browser=Firefox
Testing: csp_id=883, page_id=18300, browser=Firefox
Testing: csp_id=883, page_id=18400, browser=Firefox
Testing: csp_id=883, page_id=18500, browser=Firefox
Testing: csp_id=883, page_id=18600, browser=Firefox
Testing: csp_id=883, page_id=18700, browser=Firefox
Testing: csp_id=883, page_id=18800, browser=Firefox
Testing: csp_id=883, page_id=18900, browser=Firefox
Testing: csp_id=883, page_id=19000, browser=Firefox
Testing: csp_id=883, page_id=19100, browser=Firefox
Testing: csp_id=883, page_id=19200, browser=Firefox
Testing: csp_id=883, page_id=19300, browser=Firefox
Testing: csp_id=883, page_id=19400, browser=Firefox
Testing: csp_id=883, page_id=19500, browser=Firefox
Testing: csp_id=883, page_id=19600, browser=Firefox
Testing: csp_id=883, page_id=19700, browser=Firefox
Testing: csp_id=883, page_id=19800, browser=Firefox
Testing: csp_id=883, page_id=19900, browser=Firefox
Testing: csp_id=883, page_id=20000, browser=Firefox
Testing: csp_id=883, page_id=20100, browser=Firefox
Testing: csp_id=883, page_id=20200, browser=Firefox
Testing: csp_id=883, page_id=20300, browser=Firefox
Testing: csp_id=883, page_id=20400, browser=Firefox
Testing: csp_id=883, page_id=20500, browser=Firefox
Testing: csp_id=883, page_id=20600, browser=Firefox
Testing: csp_id=883, page_id=20700, browser=Firefox
Testing: csp_id=883, page_id=20800, browser=Firefox
Testing: csp_id=883, page_id=20900, browser=Firefox
Testing: csp_id=883, page_id=21000, browser=Firefox
Testing: csp_id=883, page_id=21100, browser=Firefox
Testing: csp_id=883, page_id=21200, browser=Firefox
Testing: csp_id=883, page_id=21300, browser=Firefox
Testing: csp_id=883, page_id=21400, browser=Firefox
Testing: csp_id=883, page_id=21500, browser=Firefox
Testing: csp_id=883, page_id=21600, browser=Firefox
Testing: csp_id=883, page_id=21700, browser=Firefox
Testing: csp_id=883, page_id=21800, browser=Firefox
Testing: csp_id=883, page_id=21900, browser=Firefox
Testing: csp_id=883, page_id=22000, browser=Firefox
Testing: csp_id=883, page_id=22100, browser=Firefox
Testing: csp_id=883, page_id=22200, browser=Firefox
Testing: csp_id=883, page_id=22300, browser=Firefox
Testing: csp_id=883, page_id=22400, browser=Firefox
Testing: csp_id=883, page_id=22500, browser=Firefox
Testing: csp_id=883, page_id=22600, browser=Firefox
Testing: csp_id=883, page_id=22700, browser=Firefox
Testing: csp_id=883, page_id=22800, browser=Firefox
Testing: csp_id=883, page_id=22900, browser=Firefox
Testing: csp_id=883, page_id=23000, browser=Firefox
Testing: csp_id=883, page_id=23100, browser=Firefox
Testing: csp_id=883, page_id=23200, browser=Firefox
Testing: csp_id=883, page_id=23300, browser=Firefox
Testing: csp_id=883, page_id=23400, browser=Firefox
Testing: csp_id=883, page_id=23500, browser=Firefox
Testing: csp_id=883, page_id=23600, browser=Firefox
Testing: csp_id=883, page_id=23700, browser=Firefox
Testing: csp_id=883, page_id=23800, browser=Firefox
Testing: csp_id=883, page_id=23900, browser=Firefox
Testing: csp_id=883, page_id=24000, browser=Firefox
Testing: csp_id=883, page_id=24100, browser=Firefox
Testing: csp_id=883, page_id=24200, browser=Firefox
Testing: csp_id=883, page_id=24300, browser=Firefox
Testing: csp_id=883, page_id=24400, browser=Firefox
Testing: csp_id=883, page_id=24500, browser=Firefox
Testing: csp_id=883, page_id=24600, browser=Firefox
Testing: csp_id=883, page_id=24700, browser=Firefox
Testing: csp_id=883, page_id=24800, browser=Firefox
Testing: csp_id=883, page_id=24900, browser=Firefox
Testing: csp_id=883, page_id=25000, browser=Firefox
Testing: csp_id=883, page_id=25100, browser=Firefox
Testing: csp_id=883, page_id=25200, browser=Firefox
Testing: csp_id=883, page_id=25300, browser=Firefox
Testing: csp_id=883, page_id=25400, browser=Firefox
Testing: csp_id=883, page_id=25500, browser=Firefox
Testing: csp_id=883, page_id=25600, browser=Firefox
Testing: csp_id=883, page_id=25700, browser=Firefox
Testing: csp_id=883, page_id=25800, browser=Firefox
Testing: csp_id=883, page_id=25900, browser=Firefox
Testing: csp_id=883, page_id=26000, browser=Firefox
Testing: csp_id=883, page_id=26100, browser=Firefox
Testing: csp_id=883, page_id=26200, browser=Firefox
Testing: csp_id=883, page_id=26300, browser=Firefox
Testing: csp_id=883, page_id=26400, browser=Firefox
Testing: csp_id=883, page_id=26500, browser=Firefox
Testing: csp_id=883, page_id=26600, browser=Firefox
Testing: csp_id=883, page_id=26700, browser=Firefox
Testing: csp_id=883, page_id=26800, browser=Firefox
Testing: csp_id=883, page_id=26900, browser=Firefox
Testing: csp_id=883, page_id=27000, browser=Firefox
Testing: csp_id=883, page_id=27100, browser=Firefox
Testing: csp_id=883, page_id=27200, browser=Firefox
Testing: csp_id=883, page_id=27300, browser=Firefox
Testing: csp_id=883, page_id=27400, browser=Firefox
Testing: csp_id=883, page_id=27500, browser=Firefox
Testing: csp_id=883, page_id=27600, browser=Firefox
Testing: csp_id=883, page_id=27700, browser=Firefox
Testing: csp_id=883, page_id=27800, browser=Firefox
Testing: csp_id=883, page_id=27900, browser=Firefox
Testing: csp_id=883, page_id=28000, browser=Firefox
Testing: csp_id=883, page_id=28100, browser=Firefox
Testing: csp_id=883, page_id=28200, browser=Firefox
Testing: csp_id=883, page_id=28300, browser=Firefox
Testing: csp_id=883, page_id=28400, browser=Firefox
Testing: csp_id=883, page_id=28500, browser=Firefox
Testing: csp_id=883, page_id=28600, browser=Firefox
Testing: csp_id=883, page_id=28700, browser=Firefox
Testing: csp_id=883, page_id=28800, browser=Firefox
Testing: csp_id=883, page_id=28900, browser=Firefox
Testing: csp_id=883, page_id=29000, browser=Firefox
Testing: csp_id=883, page_id=29100, browser=Firefox
Testing: csp_id=883, page_id=29200, browser=Firefox
Testing: csp_id=883, page_id=29300, browser=Firefox
Testing: csp_id=883, page_id=29400, browser=Firefox
Testing: csp_id=883, page_id=29500, browser=Firefox
Testing: csp_id=883, page_id=29600, browser=Firefox
Testing: csp_id=883, page_id=29700, browser=Firefox
Testing: csp_id=883, page_id=29800, browser=Firefox
🏊 create_context_pools[first] (5x16): 26.814s
Testing: csp_id=895, page_id=0, browser=Firefox
Testing: csp_id=895, page_id=100, browser=Firefox
Testing: csp_id=895, page_id=200, browser=Firefox
Testing: csp_id=895, page_id=300, browser=Firefox
Testing: csp_id=895, page_id=400, browser=Firefox
Testing: csp_id=895, page_id=500, browser=Firefox
Testing: csp_id=895, page_id=600, browser=Firefox
Testing: csp_id=895, page_id=700, browser=Firefox
Testing: csp_id=895, page_id=800, browser=Firefox
Testing: csp_id=895, page_id=900, browser=Firefox
Testing: csp_id=895, page_id=1000, browser=Firefox
Testing: csp_id=895, page_id=1100, browser=Firefox
Testing: csp_id=895, page_id=1200, browser=Firefox
Testing: csp_id=895, page_id=1300, browser=Firefox
Testing: csp_id=895, page_id=1400, browser=Firefox
Testing: csp_id=895, page_id=1500, browser=Firefox
Testing: csp_id=895, page_id=1600, browser=Firefox
Testing: csp_id=895, page_id=1700, browser=Firefox
Testing: csp_id=895, page_id=1800, browser=Firefox
Testing: csp_id=895, page_id=1900, browser=Firefox
Testing: csp_id=895, page_id=2000, browser=Firefox
Testing: csp_id=895, page_id=2100, browser=Firefox
Testing: csp_id=895, page_id=2200, browser=Firefox
Testing: csp_id=895, page_id=2300, browser=Firefox
Testing: csp_id=895, page_id=2400, browser=Firefox
Testing: csp_id=895, page_id=2500, browser=Firefox
Testing: csp_id=895, page_id=2600, browser=Firefox
Testing: csp_id=895, page_id=2700, browser=Firefox
Testing: csp_id=895, page_id=2800, browser=Firefox
Testing: csp_id=895, page_id=2900, browser=Firefox
Testing: csp_id=895, page_id=3000, browser=Firefox
Testing: csp_id=895, page_id=3100, browser=Firefox
Testing: csp_id=895, page_id=3200, browser=Firefox
Testing: csp_id=895, page_id=3300, browser=Firefox
Testing: csp_id=895, page_id=3400, browser=Firefox
Testing: csp_id=895, page_id=3500, browser=Firefox
Testing: csp_id=895, page_id=3600, browser=Firefox
Testing: csp_id=895, page_id=3700, browser=Firefox
Testing: csp_id=895, page_id=3800, browser=Firefox
Testing: csp_id=895, page_id=3900, browser=Firefox
Testing: csp_id=895, page_id=4000, browser=Firefox
Testing: csp_id=895, page_id=4100, browser=Firefox
Testing: csp_id=895, page_id=4200, browser=Firefox
Testing: csp_id=895, page_id=4300, browser=Firefox
Testing: csp_id=895, page_id=4400, browser=Firefox
Testing: csp_id=895, page_id=4500, browser=Firefox
Testing: csp_id=895, page_id=4600, browser=Firefox
Testing: csp_id=895, page_id=4700, browser=Firefox
Testing: csp_id=895, page_id=4800, browser=Firefox
Testing: csp_id=895, page_id=4900, browser=Firefox
Testing: csp_id=895, page_id=5000, browser=Firefox
Testing: csp_id=895, page_id=5100, browser=Firefox
Testing: csp_id=895, page_id=5200, browser=Firefox
Testing: csp_id=895, page_id=5300, browser=Firefox
Testing: csp_id=895, page_id=5400, browser=Firefox
Testing: csp_id=895, page_id=5500, browser=Firefox
Testing: csp_id=895, page_id=5600, browser=Firefox
Testing: csp_id=895, page_id=5700, browser=Firefox
Testing: csp_id=895, page_id=5800, browser=Firefox
Testing: csp_id=895, page_id=5900, browser=Firefox
Testing: csp_id=895, page_id=6000, browser=Firefox
Testing: csp_id=895, page_id=6100, browser=Firefox
Testing: csp_id=895, page_id=6200, browser=Firefox
Testing: csp_id=895, page_id=6300, browser=Firefox
Testing: csp_id=895, page_id=6400, browser=Firefox
Testing: csp_id=895, page_id=6500, browser=Firefox
Testing: csp_id=895, page_id=6600, browser=Firefox
Testing: csp_id=895, page_id=6700, browser=Firefox
Testing: csp_id=895, page_id=6800, browser=Firefox
Testing: csp_id=895, page_id=6900, browser=Firefox
Testing: csp_id=895, page_id=7000, browser=Firefox
Testing: csp_id=895, page_id=7100, browser=Firefox
Testing: csp_id=895, page_id=7200, browser=Firefox
Testing: csp_id=895, page_id=7300, browser=Firefox
Testing: csp_id=895, page_id=7400, browser=Firefox
Testing: csp_id=895, page_id=7500, browser=Firefox
Testing: csp_id=895, page_id=7600, browser=Firefox
Testing: csp_id=895, page_id=7700, browser=Firefox
Testing: csp_id=895, page_id=7800, browser=Firefox
Testing: csp_id=895, page_id=7900, browser=Firefox
Testing: csp_id=895, page_id=8000, browser=Firefox
Testing: csp_id=895, page_id=8100, browser=Firefox
Testing: csp_id=895, page_id=8200, browser=Firefox
Testing: csp_id=895, page_id=8300, browser=Firefox
Testing: csp_id=895, page_id=8400, browser=Firefox
Testing: csp_id=895, page_id=8500, browser=Firefox
Testing: csp_id=895, page_id=8600, browser=Firefox
Testing: csp_id=895, page_id=8700, browser=Firefox
Testing: csp_id=895, page_id=8800, browser=Firefox
Testing: csp_id=895, page_id=8900, browser=Firefox
Testing: csp_id=895, page_id=9000, browser=Firefox
Testing: csp_id=895, page_id=9100, browser=Firefox
Testing: csp_id=895, page_id=9200, browser=Firefox
Testing: csp_id=895, page_id=9300, browser=Firefox
Testing: csp_id=895, page_id=9400, browser=Firefox
Testing: csp_id=895, page_id=9500, browser=Firefox
Testing: csp_id=895, page_id=9600, browser=Firefox
Testing: csp_id=895, page_id=9700, browser=Firefox
Testing: csp_id=895, page_id=9800, browser=Firefox
Testing: csp_id=895, page_id=9900, browser=Firefox
Testing: csp_id=895, page_id=10000, browser=Firefox
Testing: csp_id=895, page_id=10100, browser=Firefox
Testing: csp_id=895, page_id=10200, browser=Firefox
Testing: csp_id=895, page_id=10300, browser=Firefox
Testing: csp_id=895, page_id=10400, browser=Firefox
Testing: csp_id=895, page_id=10500, browser=Firefox
Testing: csp_id=895, page_id=10600, browser=Firefox
Testing: csp_id=895, page_id=10700, browser=Firefox
Testing: csp_id=895, page_id=10800, browser=Firefox
Testing: csp_id=895, page_id=10900, browser=Firefox
Testing: csp_id=895, page_id=11000, browser=Firefox
Testing: csp_id=895, page_id=11100, browser=Firefox
Testing: csp_id=895, page_id=11200, browser=Firefox
Testing: csp_id=895, page_id=11300, browser=Firefox
Testing: csp_id=895, page_id=11400, browser=Firefox
Testing: csp_id=895, page_id=11500, browser=Firefox
Testing: csp_id=895, page_id=11600, browser=Firefox
Testing: csp_id=895, page_id=11700, browser=Firefox
Testing: csp_id=895, page_id=11800, browser=Firefox
Testing: csp_id=895, page_id=11900, browser=Firefox
Testing: csp_id=895, page_id=12000, browser=Firefox
Testing: csp_id=895, page_id=12100, browser=Firefox
Testing: csp_id=895, page_id=12200, browser=Firefox
Testing: csp_id=895, page_id=12300, browser=Firefox
Testing: csp_id=895, page_id=12400, browser=Firefox
Testing: csp_id=895, page_id=12500, browser=Firefox
Testing: csp_id=895, page_id=12600, browser=Firefox
Testing: csp_id=895, page_id=12700, browser=Firefox
Testing: csp_id=895, page_id=12800, browser=Firefox
Testing: csp_id=895, page_id=12900, browser=Firefox
Testing: csp_id=895, page_id=13000, browser=Firefox
Testing: csp_id=895, page_id=13100, browser=Firefox
Testing: csp_id=895, page_id=13200, browser=Firefox
Testing: csp_id=895, page_id=13300, browser=Firefox
Testing: csp_id=895, page_id=13400, browser=Firefox
Testing: csp_id=895, page_id=13500, browser=Firefox
Testing: csp_id=895, page_id=13600, browser=Firefox
Testing: csp_id=895, page_id=13700, browser=Firefox
Testing: csp_id=895, page_id=13800, browser=Firefox
Testing: csp_id=895, page_id=13900, browser=Firefox
Testing: csp_id=895, page_id=14000, browser=Firefox
Testing: csp_id=895, page_id=14100, browser=Firefox
Testing: csp_id=895, page_id=14200, browser=Firefox
Testing: csp_id=895, page_id=14300, browser=Firefox
Testing: csp_id=895, page_id=14400, browser=Firefox
Testing: csp_id=895, page_id=14500, browser=Firefox
Testing: csp_id=895, page_id=14600, browser=Firefox
Testing: csp_id=895, page_id=14700, browser=Firefox
Testing: csp_id=895, page_id=14800, browser=Firefox
Testing: csp_id=895, page_id=14900, browser=Firefox
Testing: csp_id=895, page_id=15000, browser=Firefox
Testing: csp_id=895, page_id=15100, browser=Firefox
Testing: csp_id=895, page_id=15200, browser=Firefox
Testing: csp_id=895, page_id=15300, browser=Firefox
Testing: csp_id=895, page_id=15400, browser=Firefox
Testing: csp_id=895, page_id=15500, browser=Firefox
Testing: csp_id=895, page_id=15600, browser=Firefox
Testing: csp_id=895, page_id=15700, browser=Firefox
Testing: csp_id=895, page_id=15800, browser=Firefox
Testing: csp_id=895, page_id=15900, browser=Firefox
Testing: csp_id=895, page_id=16000, browser=Firefox
Testing: csp_id=895, page_id=16100, browser=Firefox
Testing: csp_id=895, page_id=16200, browser=Firefox
Testing: csp_id=895, page_id=16300, browser=Firefox
Testing: csp_id=895, page_id=16400, browser=Firefox
Testing: csp_id=895, page_id=16500, browser=Firefox
Testing: csp_id=895, page_id=16600, browser=Firefox
Testing: csp_id=895, page_id=16700, browser=Firefox
Testing: csp_id=895, page_id=16800, browser=Firefox
Testing: csp_id=895, page_id=16900, browser=Firefox
Testing: csp_id=895, page_id=17000, browser=Firefox
Testing: csp_id=895, page_id=17100, browser=Firefox
Testing: csp_id=895, page_id=17200, browser=Firefox
Testing: csp_id=895, page_id=17300, browser=Firefox
Testing: csp_id=895, page_id=17400, browser=Firefox
Testing: csp_id=895, page_id=17500, browser=Firefox
Testing: csp_id=895, page_id=17600, browser=Firefox
Testing: csp_id=895, page_id=17700, browser=Firefox
Testing: csp_id=895, page_id=17800, browser=Firefox
Testing: csp_id=895, page_id=17900, browser=Firefox
Testing: csp_id=895, page_id=18000, browser=Firefox
Testing: csp_id=895, page_id=18100, browser=Firefox
Testing: csp_id=895, page_id=18200, browser=Firefox
Testing: csp_id=895, page_id=18300, browser=Firefox
Testing: csp_id=895, page_id=18400, browser=Firefox
Testing: csp_id=895, page_id=18500, browser=Firefox
Testing: csp_id=895, page_id=18600, browser=Firefox
Testing: csp_id=895, page_id=18700, browser=Firefox
Testing: csp_id=895, page_id=18800, browser=Firefox
Testing: csp_id=895, page_id=18900, browser=Firefox
Testing: csp_id=895, page_id=19000, browser=Firefox
Testing: csp_id=895, page_id=19100, browser=Firefox
Testing: csp_id=895, page_id=19200, browser=Firefox
Testing: csp_id=895, page_id=19300, browser=Firefox
Testing: csp_id=895, page_id=19400, browser=Firefox
Testing: csp_id=895, page_id=19500, browser=Firefox
Testing: csp_id=895, page_id=19600, browser=Firefox
Testing: csp_id=895, page_id=19700, browser=Firefox
Testing: csp_id=895, page_id=19800, browser=Firefox
Testing: csp_id=895, page_id=19900, browser=Firefox
Testing: csp_id=895, page_id=20000, browser=Firefox
Testing: csp_id=895, page_id=20100, browser=Firefox
Testing: csp_id=895, page_id=20200, browser=Firefox
Testing: csp_id=895, page_id=20300, browser=Firefox
Testing: csp_id=895, page_id=20400, browser=Firefox
Testing: csp_id=895, page_id=20500, browser=Firefox
Testing: csp_id=895, page_id=20600, browser=Firefox
Testing: csp_id=895, page_id=20700, browser=Firefox
Testing: csp_id=895, page_id=20800, browser=Firefox
Testing: csp_id=895, page_id=20900, browser=Firefox
Testing: csp_id=895, page_id=21000, browser=Firefox
Testing: csp_id=895, page_id=21100, browser=Firefox
Testing: csp_id=895, page_id=21200, browser=Firefox
Testing: csp_id=895, page_id=21300, browser=Firefox
Testing: csp_id=895, page_id=21400, browser=Firefox
Testing: csp_id=895, page_id=21500, browser=Firefox
Testing: csp_id=895, page_id=21600, browser=Firefox
Testing: csp_id=895, page_id=21700, browser=Firefox
Testing: csp_id=895, page_id=21800, browser=Firefox
Testing: csp_id=895, page_id=21900, browser=Firefox
Testing: csp_id=895, page_id=22000, browser=Firefox
Testing: csp_id=895, page_id=22100, browser=Firefox
Testing: csp_id=895, page_id=22200, browser=Firefox
Testing: csp_id=895, page_id=22300, browser=Firefox
Testing: csp_id=895, page_id=22400, browser=Firefox
Testing: csp_id=895, page_id=22500, browser=Firefox
Testing: csp_id=895, page_id=22600, browser=Firefox
Testing: csp_id=895, page_id=22700, browser=Firefox
Testing: csp_id=895, page_id=22800, browser=Firefox
Testing: csp_id=895, page_id=22900, browser=Firefox
Testing: csp_id=895, page_id=23000, browser=Firefox
Testing: csp_id=895, page_id=23100, browser=Firefox
Testing: csp_id=895, page_id=23200, browser=Firefox
Testing: csp_id=895, page_id=23300, browser=Firefox
Testing: csp_id=895, page_id=23400, browser=Firefox
Testing: csp_id=895, page_id=23500, browser=Firefox
Testing: csp_id=895, page_id=23600, browser=Firefox
Testing: csp_id=895, page_id=23700, browser=Firefox
Testing: csp_id=895, page_id=23800, browser=Firefox
Testing: csp_id=895, page_id=23900, browser=Firefox
Testing: csp_id=895, page_id=24000, browser=Firefox
Testing: csp_id=895, page_id=24100, browser=Firefox
Testing: csp_id=895, page_id=24200, browser=Firefox
Testing: csp_id=895, page_id=24300, browser=Firefox
Testing: csp_id=895, page_id=24400, browser=Firefox
Testing: csp_id=895, page_id=24500, browser=Firefox
Testing: csp_id=895, page_id=24600, browser=Firefox
Testing: csp_id=895, page_id=24700, browser=Firefox
Testing: csp_id=895, page_id=24800, browser=Firefox
Testing: csp_id=895, page_id=24900, browser=Firefox
Testing: csp_id=895, page_id=25000, browser=Firefox
Testing: csp_id=895, page_id=25100, browser=Firefox
Testing: csp_id=895, page_id=25200, browser=Firefox
Testing: csp_id=895, page_id=25300, browser=Firefox
Testing: csp_id=895, page_id=25400, browser=Firefox
Testing: csp_id=895, page_id=25500, browser=Firefox
Testing: csp_id=895, page_id=25600, browser=Firefox
Testing: csp_id=895, page_id=25700, browser=Firefox
Testing: csp_id=895, page_id=25800, browser=Firefox
Testing: csp_id=895, page_id=25900, browser=Firefox
Testing: csp_id=895, page_id=26000, browser=Firefox
Testing: csp_id=895, page_id=26100, browser=Firefox
Testing: csp_id=895, page_id=26200, browser=Firefox
Testing: csp_id=895, page_id=26300, browser=Firefox
Testing: csp_id=895, page_id=26400, browser=Firefox
Testing: csp_id=895, page_id=26500, browser=Firefox
Testing: csp_id=895, page_id=26600, browser=Firefox
Testing: csp_id=895, page_id=26700, browser=Firefox
Testing: csp_id=895, page_id=26800, browser=Firefox
Testing: csp_id=895, page_id=26900, browser=Firefox
Testing: csp_id=895, page_id=27000, browser=Firefox
Testing: csp_id=895, page_id=27100, browser=Firefox
Testing: csp_id=895, page_id=27200, browser=Firefox
Testing: csp_id=895, page_id=27300, browser=Firefox
Testing: csp_id=895, page_id=27400, browser=Firefox
Testing: csp_id=895, page_id=27500, browser=Firefox
Testing: csp_id=895, page_id=27600, browser=Firefox
Testing: csp_id=895, page_id=27700, browser=Firefox
Testing: csp_id=895, page_id=27800, browser=Firefox
Testing: csp_id=895, page_id=27900, browser=Firefox
Testing: csp_id=895, page_id=28000, browser=Firefox
Testing: csp_id=895, page_id=28100, browser=Firefox
Testing: csp_id=895, page_id=28200, browser=Firefox
Testing: csp_id=895, page_id=28300, browser=Firefox
Testing: csp_id=895, page_id=28400, browser=Firefox
Testing: csp_id=895, page_id=28500, browser=Firefox
Testing: csp_id=895, page_id=28600, browser=Firefox
Testing: csp_id=895, page_id=28700, browser=Firefox
Testing: csp_id=895, page_id=28800, browser=Firefox
Testing: csp_id=895, page_id=28900, browser=Firefox
Testing: csp_id=895, page_id=29000, browser=Firefox
Testing: csp_id=895, page_id=29100, browser=Firefox
Testing: csp_id=895, page_id=29200, browser=Firefox
Testing: csp_id=895, page_id=29300, browser=Firefox
Testing: csp_id=895, page_id=29400, browser=Firefox
Testing: csp_id=895, page_id=29500, browser=Firefox
Testing: csp_id=895, page_id=29600, browser=Firefox
Testing: csp_id=895, page_id=29700, browser=Firefox
Testing: csp_id=895, page_id=29800, browser=Firefox
🏊 create_context_pools[first] (5x16): 27.808s
Testing: csp_id=906, page_id=0, browser=Firefox
Testing: csp_id=906, page_id=100, browser=Firefox
Testing: csp_id=906, page_id=200, browser=Firefox
Testing: csp_id=906, page_id=300, browser=Firefox
Testing: csp_id=906, page_id=400, browser=Firefox
Testing: csp_id=906, page_id=500, browser=Firefox
Testing: csp_id=906, page_id=600, browser=Firefox
Testing: csp_id=906, page_id=700, browser=Firefox
Testing: csp_id=906, page_id=800, browser=Firefox
Testing: csp_id=906, page_id=900, browser=Firefox
Testing: csp_id=906, page_id=1000, browser=Firefox
Testing: csp_id=906, page_id=1100, browser=Firefox
Testing: csp_id=906, page_id=1200, browser=Firefox
Testing: csp_id=906, page_id=1300, browser=Firefox
Testing: csp_id=906, page_id=1400, browser=Firefox
Testing: csp_id=906, page_id=1500, browser=Firefox
Testing: csp_id=906, page_id=1600, browser=Firefox
Testing: csp_id=906, page_id=1700, browser=Firefox
Testing: csp_id=906, page_id=1800, browser=Firefox
Testing: csp_id=906, page_id=1900, browser=Firefox
Testing: csp_id=906, page_id=2000, browser=Firefox
Testing: csp_id=906, page_id=2100, browser=Firefox
Testing: csp_id=906, page_id=2200, browser=Firefox
Testing: csp_id=906, page_id=2300, browser=Firefox
Testing: csp_id=906, page_id=2400, browser=Firefox
Testing: csp_id=906, page_id=2500, browser=Firefox
Testing: csp_id=906, page_id=2600, browser=Firefox
Testing: csp_id=906, page_id=2700, browser=Firefox
Testing: csp_id=906, page_id=2800, browser=Firefox
Testing: csp_id=906, page_id=2900, browser=Firefox
Testing: csp_id=906, page_id=3000, browser=Firefox
Testing: csp_id=906, page_id=3100, browser=Firefox
Testing: csp_id=906, page_id=3200, browser=Firefox
Testing: csp_id=906, page_id=3300, browser=Firefox
Testing: csp_id=906, page_id=3400, browser=Firefox
Testing: csp_id=906, page_id=3500, browser=Firefox
Testing: csp_id=906, page_id=3600, browser=Firefox
Testing: csp_id=906, page_id=3700, browser=Firefox
Testing: csp_id=906, page_id=3800, browser=Firefox
Testing: csp_id=906, page_id=3900, browser=Firefox
Testing: csp_id=906, page_id=4000, browser=Firefox
Testing: csp_id=906, page_id=4100, browser=Firefox
Testing: csp_id=906, page_id=4200, browser=Firefox
Testing: csp_id=906, page_id=4300, browser=Firefox
Testing: csp_id=906, page_id=4400, browser=Firefox
Testing: csp_id=906, page_id=4500, browser=Firefox
Testing: csp_id=906, page_id=4600, browser=Firefox
Testing: csp_id=906, page_id=4700, browser=Firefox
Testing: csp_id=906, page_id=4800, browser=Firefox
Testing: csp_id=906, page_id=4900, browser=Firefox
Testing: csp_id=906, page_id=5000, browser=Firefox
Testing: csp_id=906, page_id=5100, browser=Firefox
Testing: csp_id=906, page_id=5200, browser=Firefox
Testing: csp_id=906, page_id=5300, browser=Firefox
Testing: csp_id=906, page_id=5400, browser=Firefox
Testing: csp_id=906, page_id=5500, browser=Firefox
Testing: csp_id=906, page_id=5600, browser=Firefox
Testing: csp_id=906, page_id=5700, browser=Firefox
Testing: csp_id=906, page_id=5800, browser=Firefox
Testing: csp_id=906, page_id=5900, browser=Firefox
Testing: csp_id=906, page_id=6000, browser=Firefox
Testing: csp_id=906, page_id=6100, browser=Firefox
Testing: csp_id=906, page_id=6200, browser=Firefox
Testing: csp_id=906, page_id=6300, browser=Firefox
Testing: csp_id=906, page_id=6400, browser=Firefox
Testing: csp_id=906, page_id=6500, browser=Firefox
Testing: csp_id=906, page_id=6600, browser=Firefox
Testing: csp_id=906, page_id=6700, browser=Firefox
Testing: csp_id=906, page_id=6800, browser=Firefox
Testing: csp_id=906, page_id=6900, browser=Firefox
Testing: csp_id=906, page_id=7000, browser=Firefox
Testing: csp_id=906, page_id=7100, browser=Firefox
Testing: csp_id=906, page_id=7200, browser=Firefox
Testing: csp_id=906, page_id=7300, browser=Firefox
Testing: csp_id=906, page_id=7400, browser=Firefox
Testing: csp_id=906, page_id=7500, browser=Firefox
Testing: csp_id=906, page_id=7600, browser=Firefox
Testing: csp_id=906, page_id=7700, browser=Firefox
Testing: csp_id=906, page_id=7800, browser=Firefox
Testing: csp_id=906, page_id=7900, browser=Firefox
Testing: csp_id=906, page_id=8000, browser=Firefox
Testing: csp_id=906, page_id=8100, browser=Firefox
Testing: csp_id=906, page_id=8200, browser=Firefox
Testing: csp_id=906, page_id=8300, browser=Firefox
Testing: csp_id=906, page_id=8400, browser=Firefox
Testing: csp_id=906, page_id=8500, browser=Firefox
Testing: csp_id=906, page_id=8600, browser=Firefox
Testing: csp_id=906, page_id=8700, browser=Firefox
Testing: csp_id=906, page_id=8800, browser=Firefox
Testing: csp_id=906, page_id=8900, browser=Firefox
Testing: csp_id=906, page_id=9000, browser=Firefox
Testing: csp_id=906, page_id=9100, browser=Firefox
Testing: csp_id=906, page_id=9200, browser=Firefox
Testing: csp_id=906, page_id=9300, browser=Firefox
Testing: csp_id=906, page_id=9400, browser=Firefox
Testing: csp_id=906, page_id=9500, browser=Firefox
Testing: csp_id=906, page_id=9600, browser=Firefox
Testing: csp_id=906, page_id=9700, browser=Firefox
Testing: csp_id=906, page_id=9800, browser=Firefox
Testing: csp_id=906, page_id=9900, browser=Firefox
Testing: csp_id=906, page_id=10000, browser=Firefox
Testing: csp_id=906, page_id=10100, browser=Firefox
Testing: csp_id=906, page_id=10200, browser=Firefox
Testing: csp_id=906, page_id=10300, browser=Firefox
Testing: csp_id=906, page_id=10400, browser=Firefox
Testing: csp_id=906, page_id=10500, browser=Firefox
Testing: csp_id=906, page_id=10600, browser=Firefox
Testing: csp_id=906, page_id=10700, browser=Firefox
Testing: csp_id=906, page_id=10800, browser=Firefox
Testing: csp_id=906, page_id=10900, browser=Firefox
Testing: csp_id=906, page_id=11000, browser=Firefox
Testing: csp_id=906, page_id=11100, browser=Firefox
Testing: csp_id=906, page_id=11200, browser=Firefox
Testing: csp_id=906, page_id=11300, browser=Firefox
Testing: csp_id=906, page_id=11400, browser=Firefox
Testing: csp_id=906, page_id=11500, browser=Firefox
Testing: csp_id=906, page_id=11600, browser=Firefox
Testing: csp_id=906, page_id=11700, browser=Firefox
Testing: csp_id=906, page_id=11800, browser=Firefox
Testing: csp_id=906, page_id=11900, browser=Firefox
Testing: csp_id=906, page_id=12000, browser=Firefox
Testing: csp_id=906, page_id=12100, browser=Firefox
Testing: csp_id=906, page_id=12200, browser=Firefox
Testing: csp_id=906, page_id=12300, browser=Firefox
Testing: csp_id=906, page_id=12400, browser=Firefox
Testing: csp_id=906, page_id=12500, browser=Firefox
Testing: csp_id=906, page_id=12600, browser=Firefox
Testing: csp_id=906, page_id=12700, browser=Firefox
Testing: csp_id=906, page_id=12800, browser=Firefox
Testing: csp_id=906, page_id=12900, browser=Firefox
Testing: csp_id=906, page_id=13000, browser=Firefox
Testing: csp_id=906, page_id=13100, browser=Firefox
Testing: csp_id=906, page_id=13200, browser=Firefox
Testing: csp_id=906, page_id=13300, browser=Firefox
Testing: csp_id=906, page_id=13400, browser=Firefox
Testing: csp_id=906, page_id=13500, browser=Firefox
Testing: csp_id=906, page_id=13600, browser=Firefox
Testing: csp_id=906, page_id=13700, browser=Firefox
Testing: csp_id=906, page_id=13800, browser=Firefox
Testing: csp_id=906, page_id=13900, browser=Firefox
Testing: csp_id=906, page_id=14000, browser=Firefox
Testing: csp_id=906, page_id=14100, browser=Firefox
Testing: csp_id=906, page_id=14200, browser=Firefox
Testing: csp_id=906, page_id=14300, browser=Firefox
Testing: csp_id=906, page_id=14400, browser=Firefox
Testing: csp_id=906, page_id=14500, browser=Firefox
Testing: csp_id=906, page_id=14600, browser=Firefox
Testing: csp_id=906, page_id=14700, browser=Firefox
Testing: csp_id=906, page_id=14800, browser=Firefox
Testing: csp_id=906, page_id=14900, browser=Firefox
Testing: csp_id=906, page_id=15000, browser=Firefox
Testing: csp_id=906, page_id=15100, browser=Firefox
Testing: csp_id=906, page_id=15200, browser=Firefox
Testing: csp_id=906, page_id=15300, browser=Firefox
Testing: csp_id=906, page_id=15400, browser=Firefox
Testing: csp_id=906, page_id=15500, browser=Firefox
Testing: csp_id=906, page_id=15600, browser=Firefox
Testing: csp_id=906, page_id=15700, browser=Firefox
Testing: csp_id=906, page_id=15800, browser=Firefox
Testing: csp_id=906, page_id=15900, browser=Firefox
Testing: csp_id=906, page_id=16000, browser=Firefox
Testing: csp_id=906, page_id=16100, browser=Firefox
Testing: csp_id=906, page_id=16200, browser=Firefox
Testing: csp_id=906, page_id=16300, browser=Firefox
Testing: csp_id=906, page_id=16400, browser=Firefox
Testing: csp_id=906, page_id=16500, browser=Firefox
Testing: csp_id=906, page_id=16600, browser=Firefox
Testing: csp_id=906, page_id=16700, browser=Firefox
Testing: csp_id=906, page_id=16800, browser=Firefox
Testing: csp_id=906, page_id=16900, browser=Firefox
Testing: csp_id=906, page_id=17000, browser=Firefox
Testing: csp_id=906, page_id=17100, browser=Firefox
Testing: csp_id=906, page_id=17200, browser=Firefox
Testing: csp_id=906, page_id=17300, browser=Firefox
Testing: csp_id=906, page_id=17400, browser=Firefox
Testing: csp_id=906, page_id=17500, browser=Firefox
Testing: csp_id=906, page_id=17600, browser=Firefox
Testing: csp_id=906, page_id=17700, browser=Firefox
Testing: csp_id=906, page_id=17800, browser=Firefox
Testing: csp_id=906, page_id=17900, browser=Firefox
Testing: csp_id=906, page_id=18000, browser=Firefox
Testing: csp_id=906, page_id=18100, browser=Firefox
Testing: csp_id=906, page_id=18200, browser=Firefox
Testing: csp_id=906, page_id=18300, browser=Firefox
Testing: csp_id=906, page_id=18400, browser=Firefox
Testing: csp_id=906, page_id=18500, browser=Firefox
Testing: csp_id=906, page_id=18600, browser=Firefox
Testing: csp_id=906, page_id=18700, browser=Firefox
Testing: csp_id=906, page_id=18800, browser=Firefox
Testing: csp_id=906, page_id=18900, browser=Firefox
Testing: csp_id=906, page_id=19000, browser=Firefox
Testing: csp_id=906, page_id=19100, browser=Firefox
Testing: csp_id=906, page_id=19200, browser=Firefox
Testing: csp_id=906, page_id=19300, browser=Firefox
Testing: csp_id=906, page_id=19400, browser=Firefox
Testing: csp_id=906, page_id=19500, browser=Firefox
Testing: csp_id=906, page_id=19600, browser=Firefox
Testing: csp_id=906, page_id=19700, browser=Firefox
Testing: csp_id=906, page_id=19800, browser=Firefox
Testing: csp_id=906, page_id=19900, browser=Firefox
Testing: csp_id=906, page_id=20000, browser=Firefox
Testing: csp_id=906, page_id=20100, browser=Firefox
Testing: csp_id=906, page_id=20200, browser=Firefox
Testing: csp_id=906, page_id=20300, browser=Firefox
Testing: csp_id=906, page_id=20400, browser=Firefox
Testing: csp_id=906, page_id=20500, browser=Firefox
Testing: csp_id=906, page_id=20600, browser=Firefox
Testing: csp_id=906, page_id=20700, browser=Firefox
Testing: csp_id=906, page_id=20800, browser=Firefox
Testing: csp_id=906, page_id=20900, browser=Firefox
Testing: csp_id=906, page_id=21000, browser=Firefox
Testing: csp_id=906, page_id=21100, browser=Firefox
Testing: csp_id=906, page_id=21200, browser=Firefox
Testing: csp_id=906, page_id=21300, browser=Firefox
Testing: csp_id=906, page_id=21400, browser=Firefox
Testing: csp_id=906, page_id=21500, browser=Firefox
Testing: csp_id=906, page_id=21600, browser=Firefox
Testing: csp_id=906, page_id=21700, browser=Firefox
Testing: csp_id=906, page_id=21800, browser=Firefox
Testing: csp_id=906, page_id=21900, browser=Firefox
Testing: csp_id=906, page_id=22000, browser=Firefox
Testing: csp_id=906, page_id=22100, browser=Firefox
Testing: csp_id=906, page_id=22200, browser=Firefox
Testing: csp_id=906, page_id=22300, browser=Firefox
Testing: csp_id=906, page_id=22400, browser=Firefox
Testing: csp_id=906, page_id=22500, browser=Firefox
Testing: csp_id=906, page_id=22600, browser=Firefox
Testing: csp_id=906, page_id=22700, browser=Firefox
Testing: csp_id=906, page_id=22800, browser=Firefox
Testing: csp_id=906, page_id=22900, browser=Firefox
Testing: csp_id=906, page_id=23000, browser=Firefox
Testing: csp_id=906, page_id=23100, browser=Firefox
Testing: csp_id=906, page_id=23200, browser=Firefox
Testing: csp_id=906, page_id=23300, browser=Firefox
Testing: csp_id=906, page_id=23400, browser=Firefox
Testing: csp_id=906, page_id=23500, browser=Firefox
Testing: csp_id=906, page_id=23600, browser=Firefox
Testing: csp_id=906, page_id=23700, browser=Firefox
Testing: csp_id=906, page_id=23800, browser=Firefox
Testing: csp_id=906, page_id=23900, browser=Firefox
Testing: csp_id=906, page_id=24000, browser=Firefox
Testing: csp_id=906, page_id=24100, browser=Firefox
Testing: csp_id=906, page_id=24200, browser=Firefox
Testing: csp_id=906, page_id=24300, browser=Firefox
Testing: csp_id=906, page_id=24400, browser=Firefox
Testing: csp_id=906, page_id=24500, browser=Firefox
Testing: csp_id=906, page_id=24600, browser=Firefox
Testing: csp_id=906, page_id=24700, browser=Firefox
Testing: csp_id=906, page_id=24800, browser=Firefox
Testing: csp_id=906, page_id=24900, browser=Firefox
Testing: csp_id=906, page_id=25000, browser=Firefox
Testing: csp_id=906, page_id=25100, browser=Firefox
Testing: csp_id=906, page_id=25200, browser=Firefox
Testing: csp_id=906, page_id=25300, browser=Firefox
Testing: csp_id=906, page_id=25400, browser=Firefox
Testing: csp_id=906, page_id=25500, browser=Firefox
Testing: csp_id=906, page_id=25600, browser=Firefox
Testing: csp_id=906, page_id=25700, browser=Firefox
Testing: csp_id=906, page_id=25800, browser=Firefox
Testing: csp_id=906, page_id=25900, browser=Firefox
Testing: csp_id=906, page_id=26000, browser=Firefox
Testing: csp_id=906, page_id=26100, browser=Firefox
Testing: csp_id=906, page_id=26200, browser=Firefox
Testing: csp_id=906, page_id=26300, browser=Firefox
Testing: csp_id=906, page_id=26400, browser=Firefox
Testing: csp_id=906, page_id=26500, browser=Firefox
Testing: csp_id=906, page_id=26600, browser=Firefox
Testing: csp_id=906, page_id=26700, browser=Firefox
Testing: csp_id=906, page_id=26800, browser=Firefox
Testing: csp_id=906, page_id=26900, browser=Firefox
Testing: csp_id=906, page_id=27000, browser=Firefox
Testing: csp_id=906, page_id=27100, browser=Firefox
Testing: csp_id=906, page_id=27200, browser=Firefox
Testing: csp_id=906, page_id=27300, browser=Firefox
Testing: csp_id=906, page_id=27400, browser=Firefox
Testing: csp_id=906, page_id=27500, browser=Firefox
Testing: csp_id=906, page_id=27600, browser=Firefox
Testing: csp_id=906, page_id=27700, browser=Firefox
Testing: csp_id=906, page_id=27800, browser=Firefox
Testing: csp_id=906, page_id=27900, browser=Firefox
Testing: csp_id=906, page_id=28000, browser=Firefox
Testing: csp_id=906, page_id=28100, browser=Firefox
Testing: csp_id=906, page_id=28200, browser=Firefox
Testing: csp_id=906, page_id=28300, browser=Firefox
Testing: csp_id=906, page_id=28400, browser=Firefox
Testing: csp_id=906, page_id=28500, browser=Firefox
Testing: csp_id=906, page_id=28600, browser=Firefox
Testing: csp_id=906, page_id=28700, browser=Firefox
Testing: csp_id=906, page_id=28800, browser=Firefox
Testing: csp_id=906, page_id=28900, browser=Firefox
Testing: csp_id=906, page_id=29000, browser=Firefox
Testing: csp_id=906, page_id=29100, browser=Firefox
Testing: csp_id=906, page_id=29200, browser=Firefox
Testing: csp_id=906, page_id=29300, browser=Firefox
Testing: csp_id=906, page_id=29400, browser=Firefox
Testing: csp_id=906, page_id=29500, browser=Firefox
Testing: csp_id=906, page_id=29600, browser=Firefox
Testing: csp_id=906, page_id=29700, browser=Firefox
Testing: csp_id=906, page_id=29800, browser=Firefox
🏊 create_context_pools[first] (5x16): 30.601s
Testing: csp_id=918, page_id=0, browser=Firefox
Testing: csp_id=918, page_id=100, browser=Firefox
Testing: csp_id=918, page_id=200, browser=Firefox
Testing: csp_id=918, page_id=300, browser=Firefox
Testing: csp_id=918, page_id=400, browser=Firefox
Testing: csp_id=918, page_id=500, browser=Firefox
Testing: csp_id=918, page_id=600, browser=Firefox
Testing: csp_id=918, page_id=700, browser=Firefox
Testing: csp_id=918, page_id=800, browser=Firefox
Testing: csp_id=918, page_id=900, browser=Firefox
Testing: csp_id=918, page_id=1000, browser=Firefox
Testing: csp_id=918, page_id=1100, browser=Firefox
Testing: csp_id=918, page_id=1200, browser=Firefox
Testing: csp_id=918, page_id=1300, browser=Firefox
Testing: csp_id=918, page_id=1400, browser=Firefox
Testing: csp_id=918, page_id=1500, browser=Firefox
Testing: csp_id=918, page_id=1600, browser=Firefox
Testing: csp_id=918, page_id=1700, browser=Firefox
Testing: csp_id=918, page_id=1800, browser=Firefox
Testing: csp_id=918, page_id=1900, browser=Firefox
Testing: csp_id=918, page_id=2000, browser=Firefox
Testing: csp_id=918, page_id=2100, browser=Firefox
Testing: csp_id=918, page_id=2200, browser=Firefox
Testing: csp_id=918, page_id=2300, browser=Firefox
Testing: csp_id=918, page_id=2400, browser=Firefox
Testing: csp_id=918, page_id=2500, browser=Firefox
Testing: csp_id=918, page_id=2600, browser=Firefox
Testing: csp_id=918, page_id=2700, browser=Firefox
Testing: csp_id=918, page_id=2800, browser=Firefox
Testing: csp_id=918, page_id=2900, browser=Firefox
Testing: csp_id=918, page_id=3000, browser=Firefox
Testing: csp_id=918, page_id=3100, browser=Firefox
Testing: csp_id=918, page_id=3200, browser=Firefox
Testing: csp_id=918, page_id=3300, browser=Firefox
Testing: csp_id=918, page_id=3400, browser=Firefox
Testing: csp_id=918, page_id=3500, browser=Firefox
Testing: csp_id=918, page_id=3600, browser=Firefox
Testing: csp_id=918, page_id=3700, browser=Firefox
Testing: csp_id=918, page_id=3800, browser=Firefox
Testing: csp_id=918, page_id=3900, browser=Firefox
Testing: csp_id=918, page_id=4000, browser=Firefox
Testing: csp_id=918, page_id=4100, browser=Firefox
Testing: csp_id=918, page_id=4200, browser=Firefox
Testing: csp_id=918, page_id=4300, browser=Firefox
Testing: csp_id=918, page_id=4400, browser=Firefox
Testing: csp_id=918, page_id=4500, browser=Firefox
Testing: csp_id=918, page_id=4600, browser=Firefox
Testing: csp_id=918, page_id=4700, browser=Firefox
Testing: csp_id=918, page_id=4800, browser=Firefox
Testing: csp_id=918, page_id=4900, browser=Firefox
Testing: csp_id=918, page_id=5000, browser=Firefox
Testing: csp_id=918, page_id=5100, browser=Firefox
Testing: csp_id=918, page_id=5200, browser=Firefox
Testing: csp_id=918, page_id=5300, browser=Firefox
Testing: csp_id=918, page_id=5400, browser=Firefox
Testing: csp_id=918, page_id=5500, browser=Firefox
Testing: csp_id=918, page_id=5600, browser=Firefox
Testing: csp_id=918, page_id=5700, browser=Firefox
Testing: csp_id=918, page_id=5800, browser=Firefox
Testing: csp_id=918, page_id=5900, browser=Firefox
Testing: csp_id=918, page_id=6000, browser=Firefox
Testing: csp_id=918, page_id=6100, browser=Firefox
Testing: csp_id=918, page_id=6200, browser=Firefox
Testing: csp_id=918, page_id=6300, browser=Firefox
Testing: csp_id=918, page_id=6400, browser=Firefox
Testing: csp_id=918, page_id=6500, browser=Firefox
Testing: csp_id=918, page_id=6600, browser=Firefox
Testing: csp_id=918, page_id=6700, browser=Firefox
Testing: csp_id=918, page_id=6800, browser=Firefox
Testing: csp_id=918, page_id=6900, browser=Firefox
Testing: csp_id=918, page_id=7000, browser=Firefox
Testing: csp_id=918, page_id=7100, browser=Firefox
Testing: csp_id=918, page_id=7200, browser=Firefox
Testing: csp_id=918, page_id=7300, browser=Firefox
Testing: csp_id=918, page_id=7400, browser=Firefox
Testing: csp_id=918, page_id=7500, browser=Firefox
Testing: csp_id=918, page_id=7600, browser=Firefox
Testing: csp_id=918, page_id=7700, browser=Firefox
Testing: csp_id=918, page_id=7800, browser=Firefox
Testing: csp_id=918, page_id=7900, browser=Firefox
Testing: csp_id=918, page_id=8000, browser=Firefox
Testing: csp_id=918, page_id=8100, browser=Firefox
Testing: csp_id=918, page_id=8200, browser=Firefox
Testing: csp_id=918, page_id=8300, browser=Firefox
Testing: csp_id=918, page_id=8400, browser=Firefox
Testing: csp_id=918, page_id=8500, browser=Firefox
Testing: csp_id=918, page_id=8600, browser=Firefox
Testing: csp_id=918, page_id=8700, browser=Firefox
Testing: csp_id=918, page_id=8800, browser=Firefox
Testing: csp_id=918, page_id=8900, browser=Firefox
Testing: csp_id=918, page_id=9000, browser=Firefox
Testing: csp_id=918, page_id=9100, browser=Firefox
Testing: csp_id=918, page_id=9200, browser=Firefox
Testing: csp_id=918, page_id=9300, browser=Firefox
Testing: csp_id=918, page_id=9400, browser=Firefox
Testing: csp_id=918, page_id=9500, browser=Firefox
Testing: csp_id=918, page_id=9600, browser=Firefox
Testing: csp_id=918, page_id=9700, browser=Firefox
Testing: csp_id=918, page_id=9800, browser=Firefox
Testing: csp_id=918, page_id=9900, browser=Firefox
Testing: csp_id=918, page_id=10000, browser=Firefox
Testing: csp_id=918, page_id=10100, browser=Firefox
Testing: csp_id=918, page_id=10200, browser=Firefox
Testing: csp_id=918, page_id=10300, browser=Firefox
Testing: csp_id=918, page_id=10400, browser=Firefox
Testing: csp_id=918, page_id=10500, browser=Firefox
Testing: csp_id=918, page_id=10600, browser=Firefox
Testing: csp_id=918, page_id=10700, browser=Firefox
Testing: csp_id=918, page_id=10800, browser=Firefox
Testing: csp_id=918, page_id=10900, browser=Firefox
Testing: csp_id=918, page_id=11000, browser=Firefox
Testing: csp_id=918, page_id=11100, browser=Firefox
Testing: csp_id=918, page_id=11200, browser=Firefox
Testing: csp_id=918, page_id=11300, browser=Firefox
Testing: csp_id=918, page_id=11400, browser=Firefox
Testing: csp_id=918, page_id=11500, browser=Firefox
Testing: csp_id=918, page_id=11600, browser=Firefox
Testing: csp_id=918, page_id=11700, browser=Firefox
Testing: csp_id=918, page_id=11800, browser=Firefox
Testing: csp_id=918, page_id=11900, browser=Firefox
Testing: csp_id=918, page_id=12000, browser=Firefox
Testing: csp_id=918, page_id=12100, browser=Firefox
Testing: csp_id=918, page_id=12200, browser=Firefox
Testing: csp_id=918, page_id=12300, browser=Firefox
Testing: csp_id=918, page_id=12400, browser=Firefox
Testing: csp_id=918, page_id=12500, browser=Firefox
Testing: csp_id=918, page_id=12600, browser=Firefox
Testing: csp_id=918, page_id=12700, browser=Firefox
Testing: csp_id=918, page_id=12800, browser=Firefox
Testing: csp_id=918, page_id=12900, browser=Firefox
Testing: csp_id=918, page_id=13000, browser=Firefox
Testing: csp_id=918, page_id=13100, browser=Firefox
Testing: csp_id=918, page_id=13200, browser=Firefox
Testing: csp_id=918, page_id=13300, browser=Firefox
Testing: csp_id=918, page_id=13400, browser=Firefox
Testing: csp_id=918, page_id=13500, browser=Firefox
Testing: csp_id=918, page_id=13600, browser=Firefox
Testing: csp_id=918, page_id=13700, browser=Firefox
Testing: csp_id=918, page_id=13800, browser=Firefox
Testing: csp_id=918, page_id=13900, browser=Firefox
Testing: csp_id=918, page_id=14000, browser=Firefox
Testing: csp_id=918, page_id=14100, browser=Firefox
Testing: csp_id=918, page_id=14200, browser=Firefox
Testing: csp_id=918, page_id=14300, browser=Firefox
Testing: csp_id=918, page_id=14400, browser=Firefox
Testing: csp_id=918, page_id=14500, browser=Firefox
Testing: csp_id=918, page_id=14600, browser=Firefox
Testing: csp_id=918, page_id=14700, browser=Firefox
Testing: csp_id=918, page_id=14800, browser=Firefox
Testing: csp_id=918, page_id=14900, browser=Firefox
Testing: csp_id=918, page_id=15000, browser=Firefox
Testing: csp_id=918, page_id=15100, browser=Firefox
Testing: csp_id=918, page_id=15200, browser=Firefox
Testing: csp_id=918, page_id=15300, browser=Firefox
Testing: csp_id=918, page_id=15400, browser=Firefox
Testing: csp_id=918, page_id=15500, browser=Firefox
Testing: csp_id=918, page_id=15600, browser=Firefox
Testing: csp_id=918, page_id=15700, browser=Firefox
Testing: csp_id=918, page_id=15800, browser=Firefox
Testing: csp_id=918, page_id=15900, browser=Firefox
Testing: csp_id=918, page_id=16000, browser=Firefox
Testing: csp_id=918, page_id=16100, browser=Firefox
Testing: csp_id=918, page_id=16200, browser=Firefox
Testing: csp_id=918, page_id=16300, browser=Firefox
Testing: csp_id=918, page_id=16400, browser=Firefox
Testing: csp_id=918, page_id=16500, browser=Firefox
Testing: csp_id=918, page_id=16600, browser=Firefox
Testing: csp_id=918, page_id=16700, browser=Firefox
Testing: csp_id=918, page_id=16800, browser=Firefox
Testing: csp_id=918, page_id=16900, browser=Firefox
Testing: csp_id=918, page_id=17000, browser=Firefox
Testing: csp_id=918, page_id=17100, browser=Firefox
Testing: csp_id=918, page_id=17200, browser=Firefox
Testing: csp_id=918, page_id=17300, browser=Firefox
Testing: csp_id=918, page_id=17400, browser=Firefox
Testing: csp_id=918, page_id=17500, browser=Firefox
Testing: csp_id=918, page_id=17600, browser=Firefox
Testing: csp_id=918, page_id=17700, browser=Firefox
Testing: csp_id=918, page_id=17800, browser=Firefox
Testing: csp_id=918, page_id=17900, browser=Firefox
Testing: csp_id=918, page_id=18000, browser=Firefox
Testing: csp_id=918, page_id=18100, browser=Firefox
Testing: csp_id=918, page_id=18200, browser=Firefox
Testing: csp_id=918, page_id=18300, browser=Firefox
Testing: csp_id=918, page_id=18400, browser=Firefox
Testing: csp_id=918, page_id=18500, browser=Firefox
Testing: csp_id=918, page_id=18600, browser=Firefox
Testing: csp_id=918, page_id=18700, browser=Firefox
Testing: csp_id=918, page_id=18800, browser=Firefox
Testing: csp_id=918, page_id=18900, browser=Firefox
Testing: csp_id=918, page_id=19000, browser=Firefox
Testing: csp_id=918, page_id=19100, browser=Firefox
Testing: csp_id=918, page_id=19200, browser=Firefox
Testing: csp_id=918, page_id=19300, browser=Firefox
Testing: csp_id=918, page_id=19400, browser=Firefox
Testing: csp_id=918, page_id=19500, browser=Firefox
Testing: csp_id=918, page_id=19600, browser=Firefox
Testing: csp_id=918, page_id=19700, browser=Firefox
Testing: csp_id=918, page_id=19800, browser=Firefox
Testing: csp_id=918, page_id=19900, browser=Firefox
Testing: csp_id=918, page_id=20000, browser=Firefox
Testing: csp_id=918, page_id=20100, browser=Firefox
Testing: csp_id=918, page_id=20200, browser=Firefox
Testing: csp_id=918, page_id=20300, browser=Firefox
Testing: csp_id=918, page_id=20400, browser=Firefox
Testing: csp_id=918, page_id=20500, browser=Firefox
Testing: csp_id=918, page_id=20600, browser=Firefox
Testing: csp_id=918, page_id=20700, browser=Firefox
Testing: csp_id=918, page_id=20800, browser=Firefox
Testing: csp_id=918, page_id=20900, browser=Firefox
Testing: csp_id=918, page_id=21000, browser=Firefox
Testing: csp_id=918, page_id=21100, browser=Firefox
Testing: csp_id=918, page_id=21200, browser=Firefox
Testing: csp_id=918, page_id=21300, browser=Firefox
Testing: csp_id=918, page_id=21400, browser=Firefox
Testing: csp_id=918, page_id=21500, browser=Firefox
Testing: csp_id=918, page_id=21600, browser=Firefox
Testing: csp_id=918, page_id=21700, browser=Firefox
Testing: csp_id=918, page_id=21800, browser=Firefox
Testing: csp_id=918, page_id=21900, browser=Firefox
Testing: csp_id=918, page_id=22000, browser=Firefox
Testing: csp_id=918, page_id=22100, browser=Firefox
Testing: csp_id=918, page_id=22200, browser=Firefox
Testing: csp_id=918, page_id=22300, browser=Firefox
Testing: csp_id=918, page_id=22400, browser=Firefox
Testing: csp_id=918, page_id=22500, browser=Firefox
Testing: csp_id=918, page_id=22600, browser=Firefox
Testing: csp_id=918, page_id=22700, browser=Firefox
Testing: csp_id=918, page_id=22800, browser=Firefox
Testing: csp_id=918, page_id=22900, browser=Firefox
Testing: csp_id=918, page_id=23000, browser=Firefox
Testing: csp_id=918, page_id=23100, browser=Firefox
Testing: csp_id=918, page_id=23200, browser=Firefox
Testing: csp_id=918, page_id=23300, browser=Firefox
Testing: csp_id=918, page_id=23400, browser=Firefox
Testing: csp_id=918, page_id=23500, browser=Firefox
Testing: csp_id=918, page_id=23600, browser=Firefox
Testing: csp_id=918, page_id=23700, browser=Firefox
Testing: csp_id=918, page_id=23800, browser=Firefox
Testing: csp_id=918, page_id=23900, browser=Firefox
Testing: csp_id=918, page_id=24000, browser=Firefox
Testing: csp_id=918, page_id=24100, browser=Firefox
Testing: csp_id=918, page_id=24200, browser=Firefox
Testing: csp_id=918, page_id=24300, browser=Firefox
Testing: csp_id=918, page_id=24400, browser=Firefox
Testing: csp_id=918, page_id=24500, browser=Firefox
Testing: csp_id=918, page_id=24600, browser=Firefox
Testing: csp_id=918, page_id=24700, browser=Firefox
Testing: csp_id=918, page_id=24800, browser=Firefox
Testing: csp_id=918, page_id=24900, browser=Firefox
Testing: csp_id=918, page_id=25000, browser=Firefox
Testing: csp_id=918, page_id=25100, browser=Firefox
Testing: csp_id=918, page_id=25200, browser=Firefox
Testing: csp_id=918, page_id=25300, browser=Firefox
Testing: csp_id=918, page_id=25400, browser=Firefox
Testing: csp_id=918, page_id=25500, browser=Firefox
Testing: csp_id=918, page_id=25600, browser=Firefox
Testing: csp_id=918, page_id=25700, browser=Firefox
Testing: csp_id=918, page_id=25800, browser=Firefox
Testing: csp_id=918, page_id=25900, browser=Firefox
Testing: csp_id=918, page_id=26000, browser=Firefox
Testing: csp_id=918, page_id=26100, browser=Firefox
Testing: csp_id=918, page_id=26200, browser=Firefox
Testing: csp_id=918, page_id=26300, browser=Firefox
Testing: csp_id=918, page_id=26400, browser=Firefox
Testing: csp_id=918, page_id=26500, browser=Firefox
Testing: csp_id=918, page_id=26600, browser=Firefox
Testing: csp_id=918, page_id=26700, browser=Firefox
Testing: csp_id=918, page_id=26800, browser=Firefox
Testing: csp_id=918, page_id=26900, browser=Firefox
Testing: csp_id=918, page_id=27000, browser=Firefox
Testing: csp_id=918, page_id=27100, browser=Firefox
Testing: csp_id=918, page_id=27200, browser=Firefox
Testing: csp_id=918, page_id=27300, browser=Firefox
Testing: csp_id=918, page_id=27400, browser=Firefox
Testing: csp_id=918, page_id=27500, browser=Firefox
Testing: csp_id=918, page_id=27600, browser=Firefox
Testing: csp_id=918, page_id=27700, browser=Firefox
Testing: csp_id=918, page_id=27800, browser=Firefox
Testing: csp_id=918, page_id=27900, browser=Firefox
Testing: csp_id=918, page_id=28000, browser=Firefox
Testing: csp_id=918, page_id=28100, browser=Firefox
Testing: csp_id=918, page_id=28200, browser=Firefox
Testing: csp_id=918, page_id=28300, browser=Firefox
Testing: csp_id=918, page_id=28400, browser=Firefox
Testing: csp_id=918, page_id=28500, browser=Firefox
Testing: csp_id=918, page_id=28600, browser=Firefox
Testing: csp_id=918, page_id=28700, browser=Firefox
Testing: csp_id=918, page_id=28800, browser=Firefox
Testing: csp_id=918, page_id=28900, browser=Firefox
Testing: csp_id=918, page_id=29000, browser=Firefox
Testing: csp_id=918, page_id=29100, browser=Firefox
Testing: csp_id=918, page_id=29200, browser=Firefox
Testing: csp_id=918, page_id=29300, browser=Firefox
Testing: csp_id=918, page_id=29400, browser=Firefox
Testing: csp_id=918, page_id=29500, browser=Firefox
Testing: csp_id=918, page_id=29600, browser=Firefox
Testing: csp_id=918, page_id=29700, browser=Firefox
Testing: csp_id=918, page_id=29800, browser=Firefox
🏊 create_context_pools[first] (5x16): 26.094s
Testing: csp_id=929, page_id=0, browser=Firefox
Testing: csp_id=929, page_id=100, browser=Firefox
Testing: csp_id=929, page_id=200, browser=Firefox
Testing: csp_id=929, page_id=300, browser=Firefox
Testing: csp_id=929, page_id=400, browser=Firefox
Testing: csp_id=929, page_id=500, browser=Firefox
Testing: csp_id=929, page_id=600, browser=Firefox
Testing: csp_id=929, page_id=700, browser=Firefox
Testing: csp_id=929, page_id=800, browser=Firefox
Testing: csp_id=929, page_id=900, browser=Firefox
Testing: csp_id=929, page_id=1000, browser=Firefox
Testing: csp_id=929, page_id=1100, browser=Firefox
Testing: csp_id=929, page_id=1200, browser=Firefox
Testing: csp_id=929, page_id=1300, browser=Firefox
Testing: csp_id=929, page_id=1400, browser=Firefox
Testing: csp_id=929, page_id=1500, browser=Firefox
Testing: csp_id=929, page_id=1600, browser=Firefox
Testing: csp_id=929, page_id=1700, browser=Firefox
Testing: csp_id=929, page_id=1800, browser=Firefox
Testing: csp_id=929, page_id=1900, browser=Firefox
Testing: csp_id=929, page_id=2000, browser=Firefox
Testing: csp_id=929, page_id=2100, browser=Firefox
Testing: csp_id=929, page_id=2200, browser=Firefox
Testing: csp_id=929, page_id=2300, browser=Firefox
Testing: csp_id=929, page_id=2400, browser=Firefox
Testing: csp_id=929, page_id=2500, browser=Firefox
Testing: csp_id=929, page_id=2600, browser=Firefox
Testing: csp_id=929, page_id=2700, browser=Firefox
Testing: csp_id=929, page_id=2800, browser=Firefox
Testing: csp_id=929, page_id=2900, browser=Firefox
Testing: csp_id=929, page_id=3000, browser=Firefox
Testing: csp_id=929, page_id=3100, browser=Firefox
Testing: csp_id=929, page_id=3200, browser=Firefox
Testing: csp_id=929, page_id=3300, browser=Firefox
Testing: csp_id=929, page_id=3400, browser=Firefox
Testing: csp_id=929, page_id=3500, browser=Firefox
Testing: csp_id=929, page_id=3600, browser=Firefox
Testing: csp_id=929, page_id=3700, browser=Firefox
Testing: csp_id=929, page_id=3800, browser=Firefox
Testing: csp_id=929, page_id=3900, browser=Firefox
Testing: csp_id=929, page_id=4000, browser=Firefox
Testing: csp_id=929, page_id=4100, browser=Firefox
Testing: csp_id=929, page_id=4200, browser=Firefox
Testing: csp_id=929, page_id=4300, browser=Firefox
Testing: csp_id=929, page_id=4400, browser=Firefox
Testing: csp_id=929, page_id=4500, browser=Firefox
Testing: csp_id=929, page_id=4600, browser=Firefox
Testing: csp_id=929, page_id=4700, browser=Firefox
Testing: csp_id=929, page_id=4800, browser=Firefox
Testing: csp_id=929, page_id=4900, browser=Firefox
Testing: csp_id=929, page_id=5000, browser=Firefox
Testing: csp_id=929, page_id=5100, browser=Firefox
Testing: csp_id=929, page_id=5200, browser=Firefox
Testing: csp_id=929, page_id=5300, browser=Firefox
Testing: csp_id=929, page_id=5400, browser=Firefox
Testing: csp_id=929, page_id=5500, browser=Firefox
Testing: csp_id=929, page_id=5600, browser=Firefox
Testing: csp_id=929, page_id=5700, browser=Firefox
Testing: csp_id=929, page_id=5800, browser=Firefox
Testing: csp_id=929, page_id=5900, browser=Firefox
Testing: csp_id=929, page_id=6000, browser=Firefox
Testing: csp_id=929, page_id=6100, browser=Firefox
Testing: csp_id=929, page_id=6200, browser=Firefox
Testing: csp_id=929, page_id=6300, browser=Firefox
Testing: csp_id=929, page_id=6400, browser=Firefox
Testing: csp_id=929, page_id=6500, browser=Firefox
Testing: csp_id=929, page_id=6600, browser=Firefox
Testing: csp_id=929, page_id=6700, browser=Firefox
Testing: csp_id=929, page_id=6800, browser=Firefox
Testing: csp_id=929, page_id=6900, browser=Firefox
Testing: csp_id=929, page_id=7000, browser=Firefox
Testing: csp_id=929, page_id=7100, browser=Firefox
Testing: csp_id=929, page_id=7200, browser=Firefox
Testing: csp_id=929, page_id=7300, browser=Firefox
Testing: csp_id=929, page_id=7400, browser=Firefox
Testing: csp_id=929, page_id=7500, browser=Firefox
Testing: csp_id=929, page_id=7600, browser=Firefox
Testing: csp_id=929, page_id=7700, browser=Firefox
Testing: csp_id=929, page_id=7800, browser=Firefox
Testing: csp_id=929, page_id=7900, browser=Firefox
Testing: csp_id=929, page_id=8000, browser=Firefox
Testing: csp_id=929, page_id=8100, browser=Firefox
Testing: csp_id=929, page_id=8200, browser=Firefox
Testing: csp_id=929, page_id=8300, browser=Firefox
Testing: csp_id=929, page_id=8400, browser=Firefox
Testing: csp_id=929, page_id=8500, browser=Firefox
Testing: csp_id=929, page_id=8600, browser=Firefox
Testing: csp_id=929, page_id=8700, browser=Firefox
Testing: csp_id=929, page_id=8800, browser=Firefox
Testing: csp_id=929, page_id=8900, browser=Firefox
Testing: csp_id=929, page_id=9000, browser=Firefox
Testing: csp_id=929, page_id=9100, browser=Firefox
Testing: csp_id=929, page_id=9200, browser=Firefox
Testing: csp_id=929, page_id=9300, browser=Firefox
Testing: csp_id=929, page_id=9400, browser=Firefox
Testing: csp_id=929, page_id=9500, browser=Firefox
Testing: csp_id=929, page_id=9600, browser=Firefox
Testing: csp_id=929, page_id=9700, browser=Firefox
Testing: csp_id=929, page_id=9800, browser=Firefox
Testing: csp_id=929, page_id=9900, browser=Firefox
Testing: csp_id=929, page_id=10000, browser=Firefox
Testing: csp_id=929, page_id=10100, browser=Firefox
Testing: csp_id=929, page_id=10200, browser=Firefox
Testing: csp_id=929, page_id=10300, browser=Firefox
Testing: csp_id=929, page_id=10400, browser=Firefox
Testing: csp_id=929, page_id=10500, browser=Firefox
Testing: csp_id=929, page_id=10600, browser=Firefox
Testing: csp_id=929, page_id=10700, browser=Firefox
Testing: csp_id=929, page_id=10800, browser=Firefox
Testing: csp_id=929, page_id=10900, browser=Firefox
Testing: csp_id=929, page_id=11000, browser=Firefox
Testing: csp_id=929, page_id=11100, browser=Firefox
Testing: csp_id=929, page_id=11200, browser=Firefox
Testing: csp_id=929, page_id=11300, browser=Firefox
Testing: csp_id=929, page_id=11400, browser=Firefox
Testing: csp_id=929, page_id=11500, browser=Firefox
Testing: csp_id=929, page_id=11600, browser=Firefox
Testing: csp_id=929, page_id=11700, browser=Firefox
Testing: csp_id=929, page_id=11800, browser=Firefox
Testing: csp_id=929, page_id=11900, browser=Firefox
Testing: csp_id=929, page_id=12000, browser=Firefox
Testing: csp_id=929, page_id=12100, browser=Firefox
Testing: csp_id=929, page_id=12200, browser=Firefox
Testing: csp_id=929, page_id=12300, browser=Firefox
Testing: csp_id=929, page_id=12400, browser=Firefox
Testing: csp_id=929, page_id=12500, browser=Firefox
Testing: csp_id=929, page_id=12600, browser=Firefox
Testing: csp_id=929, page_id=12700, browser=Firefox
Testing: csp_id=929, page_id=12800, browser=Firefox
Testing: csp_id=929, page_id=12900, browser=Firefox
Testing: csp_id=929, page_id=13000, browser=Firefox
Testing: csp_id=929, page_id=13100, browser=Firefox
Testing: csp_id=929, page_id=13200, browser=Firefox
Testing: csp_id=929, page_id=13300, browser=Firefox
Testing: csp_id=929, page_id=13400, browser=Firefox
Testing: csp_id=929, page_id=13500, browser=Firefox
Testing: csp_id=929, page_id=13600, browser=Firefox
Testing: csp_id=929, page_id=13700, browser=Firefox
Testing: csp_id=929, page_id=13800, browser=Firefox
Testing: csp_id=929, page_id=13900, browser=Firefox
Testing: csp_id=929, page_id=14000, browser=Firefox
Testing: csp_id=929, page_id=14100, browser=Firefox
Testing: csp_id=929, page_id=14200, browser=Firefox
Testing: csp_id=929, page_id=14300, browser=Firefox
Testing: csp_id=929, page_id=14400, browser=Firefox
Testing: csp_id=929, page_id=14500, browser=Firefox
Testing: csp_id=929, page_id=14600, browser=Firefox
Testing: csp_id=929, page_id=14700, browser=Firefox
Testing: csp_id=929, page_id=14800, browser=Firefox
Testing: csp_id=929, page_id=14900, browser=Firefox
Testing: csp_id=929, page_id=15000, browser=Firefox
Testing: csp_id=929, page_id=15100, browser=Firefox
Testing: csp_id=929, page_id=15200, browser=Firefox
Testing: csp_id=929, page_id=15300, browser=Firefox
Testing: csp_id=929, page_id=15400, browser=Firefox
Testing: csp_id=929, page_id=15500, browser=Firefox
Testing: csp_id=929, page_id=15600, browser=Firefox
Testing: csp_id=929, page_id=15700, browser=Firefox
Testing: csp_id=929, page_id=15800, browser=Firefox
Testing: csp_id=929, page_id=15900, browser=Firefox
Testing: csp_id=929, page_id=16000, browser=Firefox
Testing: csp_id=929, page_id=16100, browser=Firefox
Testing: csp_id=929, page_id=16200, browser=Firefox
Testing: csp_id=929, page_id=16300, browser=Firefox
Testing: csp_id=929, page_id=16400, browser=Firefox
Testing: csp_id=929, page_id=16500, browser=Firefox
Testing: csp_id=929, page_id=16600, browser=Firefox
Testing: csp_id=929, page_id=16700, browser=Firefox
Testing: csp_id=929, page_id=16800, browser=Firefox
Testing: csp_id=929, page_id=16900, browser=Firefox
Testing: csp_id=929, page_id=17000, browser=Firefox
Testing: csp_id=929, page_id=17100, browser=Firefox
Testing: csp_id=929, page_id=17200, browser=Firefox
Testing: csp_id=929, page_id=17300, browser=Firefox
Testing: csp_id=929, page_id=17400, browser=Firefox
Testing: csp_id=929, page_id=17500, browser=Firefox
Testing: csp_id=929, page_id=17600, browser=Firefox
Testing: csp_id=929, page_id=17700, browser=Firefox
Testing: csp_id=929, page_id=17800, browser=Firefox
Testing: csp_id=929, page_id=17900, browser=Firefox
Testing: csp_id=929, page_id=18000, browser=Firefox
Testing: csp_id=929, page_id=18100, browser=Firefox
Testing: csp_id=929, page_id=18200, browser=Firefox
Testing: csp_id=929, page_id=18300, browser=Firefox
Testing: csp_id=929, page_id=18400, browser=Firefox
Testing: csp_id=929, page_id=18500, browser=Firefox
Testing: csp_id=929, page_id=18600, browser=Firefox
Testing: csp_id=929, page_id=18700, browser=Firefox
Testing: csp_id=929, page_id=18800, browser=Firefox
Testing: csp_id=929, page_id=18900, browser=Firefox
Testing: csp_id=929, page_id=19000, browser=Firefox
Testing: csp_id=929, page_id=19100, browser=Firefox
Testing: csp_id=929, page_id=19200, browser=Firefox
Testing: csp_id=929, page_id=19300, browser=Firefox
Testing: csp_id=929, page_id=19400, browser=Firefox
Testing: csp_id=929, page_id=19500, browser=Firefox
Testing: csp_id=929, page_id=19600, browser=Firefox
Testing: csp_id=929, page_id=19700, browser=Firefox
Testing: csp_id=929, page_id=19800, browser=Firefox
Testing: csp_id=929, page_id=19900, browser=Firefox
Testing: csp_id=929, page_id=20000, browser=Firefox
Testing: csp_id=929, page_id=20100, browser=Firefox
Testing: csp_id=929, page_id=20200, browser=Firefox
Testing: csp_id=929, page_id=20300, browser=Firefox
Testing: csp_id=929, page_id=20400, browser=Firefox
Testing: csp_id=929, page_id=20500, browser=Firefox
Testing: csp_id=929, page_id=20600, browser=Firefox
Testing: csp_id=929, page_id=20700, browser=Firefox
Testing: csp_id=929, page_id=20800, browser=Firefox
Testing: csp_id=929, page_id=20900, browser=Firefox
Testing: csp_id=929, page_id=21000, browser=Firefox
Testing: csp_id=929, page_id=21100, browser=Firefox
Testing: csp_id=929, page_id=21200, browser=Firefox
Testing: csp_id=929, page_id=21300, browser=Firefox
Testing: csp_id=929, page_id=21400, browser=Firefox
Testing: csp_id=929, page_id=21500, browser=Firefox
Testing: csp_id=929, page_id=21600, browser=Firefox
Testing: csp_id=929, page_id=21700, browser=Firefox
Testing: csp_id=929, page_id=21800, browser=Firefox
Testing: csp_id=929, page_id=21900, browser=Firefox
Testing: csp_id=929, page_id=22000, browser=Firefox
Testing: csp_id=929, page_id=22100, browser=Firefox
Testing: csp_id=929, page_id=22200, browser=Firefox
Testing: csp_id=929, page_id=22300, browser=Firefox
Testing: csp_id=929, page_id=22400, browser=Firefox
Testing: csp_id=929, page_id=22500, browser=Firefox
Testing: csp_id=929, page_id=22600, browser=Firefox
Testing: csp_id=929, page_id=22700, browser=Firefox
Testing: csp_id=929, page_id=22800, browser=Firefox
Testing: csp_id=929, page_id=22900, browser=Firefox
Testing: csp_id=929, page_id=23000, browser=Firefox
Testing: csp_id=929, page_id=23100, browser=Firefox
Testing: csp_id=929, page_id=23200, browser=Firefox
Testing: csp_id=929, page_id=23300, browser=Firefox
Testing: csp_id=929, page_id=23400, browser=Firefox
Testing: csp_id=929, page_id=23500, browser=Firefox
Testing: csp_id=929, page_id=23600, browser=Firefox
Testing: csp_id=929, page_id=23700, browser=Firefox
Testing: csp_id=929, page_id=23800, browser=Firefox
Testing: csp_id=929, page_id=23900, browser=Firefox
Testing: csp_id=929, page_id=24000, browser=Firefox
Testing: csp_id=929, page_id=24100, browser=Firefox
Testing: csp_id=929, page_id=24200, browser=Firefox
Testing: csp_id=929, page_id=24300, browser=Firefox
Testing: csp_id=929, page_id=24400, browser=Firefox
Testing: csp_id=929, page_id=24500, browser=Firefox
Testing: csp_id=929, page_id=24600, browser=Firefox
Testing: csp_id=929, page_id=24700, browser=Firefox
Testing: csp_id=929, page_id=24800, browser=Firefox
Testing: csp_id=929, page_id=24900, browser=Firefox
Testing: csp_id=929, page_id=25000, browser=Firefox
Testing: csp_id=929, page_id=25100, browser=Firefox
Testing: csp_id=929, page_id=25200, browser=Firefox
Testing: csp_id=929, page_id=25300, browser=Firefox
Testing: csp_id=929, page_id=25400, browser=Firefox
Testing: csp_id=929, page_id=25500, browser=Firefox
Testing: csp_id=929, page_id=25600, browser=Firefox
Testing: csp_id=929, page_id=25700, browser=Firefox
Testing: csp_id=929, page_id=25800, browser=Firefox
Testing: csp_id=929, page_id=25900, browser=Firefox
Testing: csp_id=929, page_id=26000, browser=Firefox
Testing: csp_id=929, page_id=26100, browser=Firefox
Testing: csp_id=929, page_id=26200, browser=Firefox
Testing: csp_id=929, page_id=26300, browser=Firefox
Testing: csp_id=929, page_id=26400, browser=Firefox
Testing: csp_id=929, page_id=26500, browser=Firefox
Testing: csp_id=929, page_id=26600, browser=Firefox
Testing: csp_id=929, page_id=26700, browser=Firefox
Testing: csp_id=929, page_id=26800, browser=Firefox
Testing: csp_id=929, page_id=26900, browser=Firefox
Testing: csp_id=929, page_id=27000, browser=Firefox
Testing: csp_id=929, page_id=27100, browser=Firefox
Testing: csp_id=929, page_id=27200, browser=Firefox
Testing: csp_id=929, page_id=27300, browser=Firefox
Testing: csp_id=929, page_id=27400, browser=Firefox
Testing: csp_id=929, page_id=27500, browser=Firefox
Testing: csp_id=929, page_id=27600, browser=Firefox
Testing: csp_id=929, page_id=27700, browser=Firefox
Testing: csp_id=929, page_id=27800, browser=Firefox
Testing: csp_id=929, page_id=27900, browser=Firefox
Testing: csp_id=929, page_id=28000, browser=Firefox
Testing: csp_id=929, page_id=28100, browser=Firefox
Testing: csp_id=929, page_id=28200, browser=Firefox
Testing: csp_id=929, page_id=28300, browser=Firefox
Testing: csp_id=929, page_id=28400, browser=Firefox
Testing: csp_id=929, page_id=28500, browser=Firefox
Testing: csp_id=929, page_id=28600, browser=Firefox
Testing: csp_id=929, page_id=28700, browser=Firefox
Testing: csp_id=929, page_id=28800, browser=Firefox
Testing: csp_id=929, page_id=28900, browser=Firefox
Testing: csp_id=929, page_id=29000, browser=Firefox
Testing: csp_id=929, page_id=29100, browser=Firefox
Testing: csp_id=929, page_id=29200, browser=Firefox
Testing: csp_id=929, page_id=29300, browser=Firefox
Testing: csp_id=929, page_id=29400, browser=Firefox
Testing: csp_id=929, page_id=29500, browser=Firefox
Testing: csp_id=929, page_id=29600, browser=Firefox
Testing: csp_id=929, page_id=29700, browser=Firefox
Testing: csp_id=929, page_id=29800, browser=Firefox
🏊 create_context_pools[first] (5x16): 28.482s
Testing: csp_id=940, page_id=0, browser=Firefox
Testing: csp_id=940, page_id=100, browser=Firefox
Testing: csp_id=940, page_id=200, browser=Firefox
Testing: csp_id=940, page_id=300, browser=Firefox
Testing: csp_id=940, page_id=400, browser=Firefox
Testing: csp_id=940, page_id=500, browser=Firefox
Testing: csp_id=940, page_id=600, browser=Firefox
Testing: csp_id=940, page_id=700, browser=Firefox
Testing: csp_id=940, page_id=800, browser=Firefox
Testing: csp_id=940, page_id=900, browser=Firefox
Testing: csp_id=940, page_id=1000, browser=Firefox
Testing: csp_id=940, page_id=1100, browser=Firefox
Testing: csp_id=940, page_id=1200, browser=Firefox
Testing: csp_id=940, page_id=1300, browser=Firefox
Testing: csp_id=940, page_id=1400, browser=Firefox
Testing: csp_id=940, page_id=1500, browser=Firefox
Testing: csp_id=940, page_id=1600, browser=Firefox
Testing: csp_id=940, page_id=1700, browser=Firefox
Testing: csp_id=940, page_id=1800, browser=Firefox
Testing: csp_id=940, page_id=1900, browser=Firefox
Testing: csp_id=940, page_id=2000, browser=Firefox
Testing: csp_id=940, page_id=2100, browser=Firefox
Testing: csp_id=940, page_id=2200, browser=Firefox
Testing: csp_id=940, page_id=2300, browser=Firefox
Testing: csp_id=940, page_id=2400, browser=Firefox
Testing: csp_id=940, page_id=2500, browser=Firefox
Testing: csp_id=940, page_id=2600, browser=Firefox
Testing: csp_id=940, page_id=2700, browser=Firefox
Testing: csp_id=940, page_id=2800, browser=Firefox
Testing: csp_id=940, page_id=2900, browser=Firefox
Testing: csp_id=940, page_id=3000, browser=Firefox
Testing: csp_id=940, page_id=3100, browser=Firefox
Testing: csp_id=940, page_id=3200, browser=Firefox
Testing: csp_id=940, page_id=3300, browser=Firefox
Testing: csp_id=940, page_id=3400, browser=Firefox
Testing: csp_id=940, page_id=3500, browser=Firefox
Testing: csp_id=940, page_id=3600, browser=Firefox
Testing: csp_id=940, page_id=3700, browser=Firefox
Testing: csp_id=940, page_id=3800, browser=Firefox
Testing: csp_id=940, page_id=3900, browser=Firefox
Testing: csp_id=940, page_id=4000, browser=Firefox
Testing: csp_id=940, page_id=4100, browser=Firefox
Testing: csp_id=940, page_id=4200, browser=Firefox
Testing: csp_id=940, page_id=4300, browser=Firefox
Testing: csp_id=940, page_id=4400, browser=Firefox
Testing: csp_id=940, page_id=4500, browser=Firefox
Testing: csp_id=940, page_id=4600, browser=Firefox
Testing: csp_id=940, page_id=4700, browser=Firefox
Testing: csp_id=940, page_id=4800, browser=Firefox
Testing: csp_id=940, page_id=4900, browser=Firefox
Testing: csp_id=940, page_id=5000, browser=Firefox
Testing: csp_id=940, page_id=5100, browser=Firefox
Testing: csp_id=940, page_id=5200, browser=Firefox
Testing: csp_id=940, page_id=5300, browser=Firefox
Testing: csp_id=940, page_id=5400, browser=Firefox
Testing: csp_id=940, page_id=5500, browser=Firefox
Testing: csp_id=940, page_id=5600, browser=Firefox
Testing: csp_id=940, page_id=5700, browser=Firefox
Testing: csp_id=940, page_id=5800, browser=Firefox
Testing: csp_id=940, page_id=5900, browser=Firefox
Testing: csp_id=940, page_id=6000, browser=Firefox
Testing: csp_id=940, page_id=6100, browser=Firefox
Testing: csp_id=940, page_id=6200, browser=Firefox
Testing: csp_id=940, page_id=6300, browser=Firefox
Testing: csp_id=940, page_id=6400, browser=Firefox
Testing: csp_id=940, page_id=6500, browser=Firefox
Testing: csp_id=940, page_id=6600, browser=Firefox
Testing: csp_id=940, page_id=6700, browser=Firefox
Testing: csp_id=940, page_id=6800, browser=Firefox
Testing: csp_id=940, page_id=6900, browser=Firefox
Testing: csp_id=940, page_id=7000, browser=Firefox
Testing: csp_id=940, page_id=7100, browser=Firefox
Testing: csp_id=940, page_id=7200, browser=Firefox
Testing: csp_id=940, page_id=7300, browser=Firefox
Testing: csp_id=940, page_id=7400, browser=Firefox
Testing: csp_id=940, page_id=7500, browser=Firefox
Testing: csp_id=940, page_id=7600, browser=Firefox
Testing: csp_id=940, page_id=7700, browser=Firefox
Testing: csp_id=940, page_id=7800, browser=Firefox
Testing: csp_id=940, page_id=7900, browser=Firefox
Testing: csp_id=940, page_id=8000, browser=Firefox
Testing: csp_id=940, page_id=8100, browser=Firefox
Testing: csp_id=940, page_id=8200, browser=Firefox
Testing: csp_id=940, page_id=8300, browser=Firefox
Testing: csp_id=940, page_id=8400, browser=Firefox
Testing: csp_id=940, page_id=8500, browser=Firefox
Testing: csp_id=940, page_id=8600, browser=Firefox
Testing: csp_id=940, page_id=8700, browser=Firefox
Testing: csp_id=940, page_id=8800, browser=Firefox
Testing: csp_id=940, page_id=8900, browser=Firefox
Testing: csp_id=940, page_id=9000, browser=Firefox
Testing: csp_id=940, page_id=9100, browser=Firefox
Testing: csp_id=940, page_id=9200, browser=Firefox
Testing: csp_id=940, page_id=9300, browser=Firefox
Testing: csp_id=940, page_id=9400, browser=Firefox
Testing: csp_id=940, page_id=9500, browser=Firefox
Testing: csp_id=940, page_id=9600, browser=Firefox
Testing: csp_id=940, page_id=9700, browser=Firefox
Testing: csp_id=940, page_id=9800, browser=Firefox
Testing: csp_id=940, page_id=9900, browser=Firefox
Testing: csp_id=940, page_id=10000, browser=Firefox
Testing: csp_id=940, page_id=10100, browser=Firefox
Testing: csp_id=940, page_id=10200, browser=Firefox
Testing: csp_id=940, page_id=10300, browser=Firefox
Testing: csp_id=940, page_id=10400, browser=Firefox
Testing: csp_id=940, page_id=10500, browser=Firefox
Testing: csp_id=940, page_id=10600, browser=Firefox
Testing: csp_id=940, page_id=10700, browser=Firefox
Testing: csp_id=940, page_id=10800, browser=Firefox
Testing: csp_id=940, page_id=10900, browser=Firefox
Testing: csp_id=940, page_id=11000, browser=Firefox
Testing: csp_id=940, page_id=11100, browser=Firefox
Testing: csp_id=940, page_id=11200, browser=Firefox
Testing: csp_id=940, page_id=11300, browser=Firefox
Testing: csp_id=940, page_id=11400, browser=Firefox
Testing: csp_id=940, page_id=11500, browser=Firefox
Testing: csp_id=940, page_id=11600, browser=Firefox
Testing: csp_id=940, page_id=11700, browser=Firefox
Testing: csp_id=940, page_id=11800, browser=Firefox
Testing: csp_id=940, page_id=11900, browser=Firefox
Testing: csp_id=940, page_id=12000, browser=Firefox
Testing: csp_id=940, page_id=12100, browser=Firefox
Testing: csp_id=940, page_id=12200, browser=Firefox
Testing: csp_id=940, page_id=12300, browser=Firefox
Testing: csp_id=940, page_id=12400, browser=Firefox
Testing: csp_id=940, page_id=12500, browser=Firefox
Testing: csp_id=940, page_id=12600, browser=Firefox
Testing: csp_id=940, page_id=12700, browser=Firefox
Testing: csp_id=940, page_id=12800, browser=Firefox
Testing: csp_id=940, page_id=12900, browser=Firefox
Testing: csp_id=940, page_id=13000, browser=Firefox
Testing: csp_id=940, page_id=13100, browser=Firefox
Testing: csp_id=940, page_id=13200, browser=Firefox
Testing: csp_id=940, page_id=13300, browser=Firefox
Testing: csp_id=940, page_id=13400, browser=Firefox
Testing: csp_id=940, page_id=13500, browser=Firefox
Testing: csp_id=940, page_id=13600, browser=Firefox
Testing: csp_id=940, page_id=13700, browser=Firefox
Testing: csp_id=940, page_id=13800, browser=Firefox
Testing: csp_id=940, page_id=13900, browser=Firefox
Testing: csp_id=940, page_id=14000, browser=Firefox
Testing: csp_id=940, page_id=14100, browser=Firefox
Testing: csp_id=940, page_id=14200, browser=Firefox
Testing: csp_id=940, page_id=14300, browser=Firefox
Testing: csp_id=940, page_id=14400, browser=Firefox
Testing: csp_id=940, page_id=14500, browser=Firefox
Testing: csp_id=940, page_id=14600, browser=Firefox
Testing: csp_id=940, page_id=14700, browser=Firefox
Testing: csp_id=940, page_id=14800, browser=Firefox
Testing: csp_id=940, page_id=14900, browser=Firefox
Testing: csp_id=940, page_id=15000, browser=Firefox
Testing: csp_id=940, page_id=15100, browser=Firefox
Testing: csp_id=940, page_id=15200, browser=Firefox
Testing: csp_id=940, page_id=15300, browser=Firefox
Testing: csp_id=940, page_id=15400, browser=Firefox
Testing: csp_id=940, page_id=15500, browser=Firefox
Testing: csp_id=940, page_id=15600, browser=Firefox
Testing: csp_id=940, page_id=15700, browser=Firefox
Testing: csp_id=940, page_id=15800, browser=Firefox
Testing: csp_id=940, page_id=15900, browser=Firefox
Testing: csp_id=940, page_id=16000, browser=Firefox
Testing: csp_id=940, page_id=16100, browser=Firefox
Testing: csp_id=940, page_id=16200, browser=Firefox
Testing: csp_id=940, page_id=16300, browser=Firefox
Testing: csp_id=940, page_id=16400, browser=Firefox
Testing: csp_id=940, page_id=16500, browser=Firefox
Testing: csp_id=940, page_id=16600, browser=Firefox
Testing: csp_id=940, page_id=16700, browser=Firefox
Testing: csp_id=940, page_id=16800, browser=Firefox
Testing: csp_id=940, page_id=16900, browser=Firefox
Testing: csp_id=940, page_id=17000, browser=Firefox
Testing: csp_id=940, page_id=17100, browser=Firefox
Testing: csp_id=940, page_id=17200, browser=Firefox
Testing: csp_id=940, page_id=17300, browser=Firefox
Testing: csp_id=940, page_id=17400, browser=Firefox
Testing: csp_id=940, page_id=17500, browser=Firefox
Testing: csp_id=940, page_id=17600, browser=Firefox
Testing: csp_id=940, page_id=17700, browser=Firefox
Testing: csp_id=940, page_id=17800, browser=Firefox
Testing: csp_id=940, page_id=17900, browser=Firefox
Testing: csp_id=940, page_id=18000, browser=Firefox
Testing: csp_id=940, page_id=18100, browser=Firefox
Testing: csp_id=940, page_id=18200, browser=Firefox
Testing: csp_id=940, page_id=18300, browser=Firefox
Testing: csp_id=940, page_id=18400, browser=Firefox
Testing: csp_id=940, page_id=18500, browser=Firefox
Testing: csp_id=940, page_id=18600, browser=Firefox
Testing: csp_id=940, page_id=18700, browser=Firefox
Testing: csp_id=940, page_id=18800, browser=Firefox
Testing: csp_id=940, page_id=18900, browser=Firefox
Testing: csp_id=940, page_id=19000, browser=Firefox
Testing: csp_id=940, page_id=19100, browser=Firefox
Testing: csp_id=940, page_id=19200, browser=Firefox
Testing: csp_id=940, page_id=19300, browser=Firefox
Testing: csp_id=940, page_id=19400, browser=Firefox
Testing: csp_id=940, page_id=19500, browser=Firefox
Testing: csp_id=940, page_id=19600, browser=Firefox
Testing: csp_id=940, page_id=19700, browser=Firefox
Testing: csp_id=940, page_id=19800, browser=Firefox
Testing: csp_id=940, page_id=19900, browser=Firefox
Testing: csp_id=940, page_id=20000, browser=Firefox
Testing: csp_id=940, page_id=20100, browser=Firefox
Testing: csp_id=940, page_id=20200, browser=Firefox
Testing: csp_id=940, page_id=20300, browser=Firefox
Testing: csp_id=940, page_id=20400, browser=Firefox
Testing: csp_id=940, page_id=20500, browser=Firefox
Testing: csp_id=940, page_id=20600, browser=Firefox
Testing: csp_id=940, page_id=20700, browser=Firefox
Testing: csp_id=940, page_id=20800, browser=Firefox
Testing: csp_id=940, page_id=20900, browser=Firefox
Testing: csp_id=940, page_id=21000, browser=Firefox
Testing: csp_id=940, page_id=21100, browser=Firefox
Testing: csp_id=940, page_id=21200, browser=Firefox
Testing: csp_id=940, page_id=21300, browser=Firefox
Testing: csp_id=940, page_id=21400, browser=Firefox
Testing: csp_id=940, page_id=21500, browser=Firefox
Testing: csp_id=940, page_id=21600, browser=Firefox
Testing: csp_id=940, page_id=21700, browser=Firefox
Testing: csp_id=940, page_id=21800, browser=Firefox
Testing: csp_id=940, page_id=21900, browser=Firefox
Testing: csp_id=940, page_id=22000, browser=Firefox
Testing: csp_id=940, page_id=22100, browser=Firefox
Testing: csp_id=940, page_id=22200, browser=Firefox
Testing: csp_id=940, page_id=22300, browser=Firefox
Testing: csp_id=940, page_id=22400, browser=Firefox
Testing: csp_id=940, page_id=22500, browser=Firefox
Testing: csp_id=940, page_id=22600, browser=Firefox
Testing: csp_id=940, page_id=22700, browser=Firefox
Testing: csp_id=940, page_id=22800, browser=Firefox
Testing: csp_id=940, page_id=22900, browser=Firefox
Testing: csp_id=940, page_id=23000, browser=Firefox
Testing: csp_id=940, page_id=23100, browser=Firefox
Testing: csp_id=940, page_id=23200, browser=Firefox
Testing: csp_id=940, page_id=23300, browser=Firefox
Testing: csp_id=940, page_id=23400, browser=Firefox
Testing: csp_id=940, page_id=23500, browser=Firefox
Testing: csp_id=940, page_id=23600, browser=Firefox
Testing: csp_id=940, page_id=23700, browser=Firefox
Testing: csp_id=940, page_id=23800, browser=Firefox
Testing: csp_id=940, page_id=23900, browser=Firefox
Testing: csp_id=940, page_id=24000, browser=Firefox
Testing: csp_id=940, page_id=24100, browser=Firefox
Testing: csp_id=940, page_id=24200, browser=Firefox
Testing: csp_id=940, page_id=24300, browser=Firefox
Testing: csp_id=940, page_id=24400, browser=Firefox
Testing: csp_id=940, page_id=24500, browser=Firefox
Testing: csp_id=940, page_id=24600, browser=Firefox
Testing: csp_id=940, page_id=24700, browser=Firefox
Testing: csp_id=940, page_id=24800, browser=Firefox
Testing: csp_id=940, page_id=24900, browser=Firefox
Testing: csp_id=940, page_id=25000, browser=Firefox
Testing: csp_id=940, page_id=25100, browser=Firefox
Testing: csp_id=940, page_id=25200, browser=Firefox
Testing: csp_id=940, page_id=25300, browser=Firefox
Testing: csp_id=940, page_id=25400, browser=Firefox
Testing: csp_id=940, page_id=25500, browser=Firefox
Testing: csp_id=940, page_id=25600, browser=Firefox
Testing: csp_id=940, page_id=25700, browser=Firefox
Testing: csp_id=940, page_id=25800, browser=Firefox
Testing: csp_id=940, page_id=25900, browser=Firefox
Testing: csp_id=940, page_id=26000, browser=Firefox
Testing: csp_id=940, page_id=26100, browser=Firefox
Testing: csp_id=940, page_id=26200, browser=Firefox
Testing: csp_id=940, page_id=26300, browser=Firefox
Testing: csp_id=940, page_id=26400, browser=Firefox
Testing: csp_id=940, page_id=26500, browser=Firefox
Testing: csp_id=940, page_id=26600, browser=Firefox
Testing: csp_id=940, page_id=26700, browser=Firefox
Testing: csp_id=940, page_id=26800, browser=Firefox
Testing: csp_id=940, page_id=26900, browser=Firefox
Testing: csp_id=940, page_id=27000, browser=Firefox
Testing: csp_id=940, page_id=27100, browser=Firefox
Testing: csp_id=940, page_id=27200, browser=Firefox
Testing: csp_id=940, page_id=27300, browser=Firefox
Testing: csp_id=940, page_id=27400, browser=Firefox
Testing: csp_id=940, page_id=27500, browser=Firefox
Testing: csp_id=940, page_id=27600, browser=Firefox
Testing: csp_id=940, page_id=27700, browser=Firefox
Testing: csp_id=940, page_id=27800, browser=Firefox
Testing: csp_id=940, page_id=27900, browser=Firefox
Testing: csp_id=940, page_id=28000, browser=Firefox
Testing: csp_id=940, page_id=28100, browser=Firefox
Testing: csp_id=940, page_id=28200, browser=Firefox
Testing: csp_id=940, page_id=28300, browser=Firefox
Testing: csp_id=940, page_id=28400, browser=Firefox
Testing: csp_id=940, page_id=28500, browser=Firefox
Testing: csp_id=940, page_id=28600, browser=Firefox
Testing: csp_id=940, page_id=28700, browser=Firefox
Testing: csp_id=940, page_id=28800, browser=Firefox
Testing: csp_id=940, page_id=28900, browser=Firefox
Testing: csp_id=940, page_id=29000, browser=Firefox
Testing: csp_id=940, page_id=29100, browser=Firefox
Testing: csp_id=940, page_id=29200, browser=Firefox
Testing: csp_id=940, page_id=29300, browser=Firefox
Testing: csp_id=940, page_id=29400, browser=Firefox
Testing: csp_id=940, page_id=29500, browser=Firefox
Testing: csp_id=940, page_id=29600, browser=Firefox
Testing: csp_id=940, page_id=29700, browser=Firefox
Testing: csp_id=940, page_id=29800, browser=Firefox
🏊 create_context_pools[first] (5x16): 28.503s
Testing: csp_id=952, page_id=0, browser=Firefox
Testing: csp_id=952, page_id=100, browser=Firefox
Testing: csp_id=952, page_id=200, browser=Firefox
Testing: csp_id=952, page_id=300, browser=Firefox
Testing: csp_id=952, page_id=400, browser=Firefox
Testing: csp_id=952, page_id=500, browser=Firefox
Testing: csp_id=952, page_id=600, browser=Firefox
Testing: csp_id=952, page_id=700, browser=Firefox
Testing: csp_id=952, page_id=800, browser=Firefox
Testing: csp_id=952, page_id=900, browser=Firefox
Testing: csp_id=952, page_id=1000, browser=Firefox
Testing: csp_id=952, page_id=1100, browser=Firefox
Testing: csp_id=952, page_id=1200, browser=Firefox
Testing: csp_id=952, page_id=1300, browser=Firefox
Testing: csp_id=952, page_id=1400, browser=Firefox
Testing: csp_id=952, page_id=1500, browser=Firefox
Testing: csp_id=952, page_id=1600, browser=Firefox
Testing: csp_id=952, page_id=1700, browser=Firefox
Testing: csp_id=952, page_id=1800, browser=Firefox
Testing: csp_id=952, page_id=1900, browser=Firefox
Testing: csp_id=952, page_id=2000, browser=Firefox
Testing: csp_id=952, page_id=2100, browser=Firefox
Testing: csp_id=952, page_id=2200, browser=Firefox
Testing: csp_id=952, page_id=2300, browser=Firefox
Testing: csp_id=952, page_id=2400, browser=Firefox
Testing: csp_id=952, page_id=2500, browser=Firefox
Testing: csp_id=952, page_id=2600, browser=Firefox
Testing: csp_id=952, page_id=2700, browser=Firefox
Testing: csp_id=952, page_id=2800, browser=Firefox
Testing: csp_id=952, page_id=2900, browser=Firefox
Testing: csp_id=952, page_id=3000, browser=Firefox
Testing: csp_id=952, page_id=3100, browser=Firefox
Testing: csp_id=952, page_id=3200, browser=Firefox
Testing: csp_id=952, page_id=3300, browser=Firefox
Testing: csp_id=952, page_id=3400, browser=Firefox
Testing: csp_id=952, page_id=3500, browser=Firefox
Testing: csp_id=952, page_id=3600, browser=Firefox
Testing: csp_id=952, page_id=3700, browser=Firefox
Testing: csp_id=952, page_id=3800, browser=Firefox
Testing: csp_id=952, page_id=3900, browser=Firefox
Testing: csp_id=952, page_id=4000, browser=Firefox
Testing: csp_id=952, page_id=4100, browser=Firefox
Testing: csp_id=952, page_id=4200, browser=Firefox
Testing: csp_id=952, page_id=4300, browser=Firefox
Testing: csp_id=952, page_id=4400, browser=Firefox
Testing: csp_id=952, page_id=4500, browser=Firefox
Testing: csp_id=952, page_id=4600, browser=Firefox
Testing: csp_id=952, page_id=4700, browser=Firefox
Testing: csp_id=952, page_id=4800, browser=Firefox
Testing: csp_id=952, page_id=4900, browser=Firefox
Testing: csp_id=952, page_id=5000, browser=Firefox
Testing: csp_id=952, page_id=5100, browser=Firefox
Testing: csp_id=952, page_id=5200, browser=Firefox
Testing: csp_id=952, page_id=5300, browser=Firefox
Testing: csp_id=952, page_id=5400, browser=Firefox
Testing: csp_id=952, page_id=5500, browser=Firefox
Testing: csp_id=952, page_id=5600, browser=Firefox
Testing: csp_id=952, page_id=5700, browser=Firefox
Testing: csp_id=952, page_id=5800, browser=Firefox
Testing: csp_id=952, page_id=5900, browser=Firefox
Testing: csp_id=952, page_id=6000, browser=Firefox
Testing: csp_id=952, page_id=6100, browser=Firefox
Testing: csp_id=952, page_id=6200, browser=Firefox
Testing: csp_id=952, page_id=6300, browser=Firefox
Testing: csp_id=952, page_id=6400, browser=Firefox
Testing: csp_id=952, page_id=6500, browser=Firefox
Testing: csp_id=952, page_id=6600, browser=Firefox
Testing: csp_id=952, page_id=6700, browser=Firefox
Testing: csp_id=952, page_id=6800, browser=Firefox
Testing: csp_id=952, page_id=6900, browser=Firefox
Testing: csp_id=952, page_id=7000, browser=Firefox
Testing: csp_id=952, page_id=7100, browser=Firefox
Testing: csp_id=952, page_id=7200, browser=Firefox
Testing: csp_id=952, page_id=7300, browser=Firefox
Testing: csp_id=952, page_id=7400, browser=Firefox
Testing: csp_id=952, page_id=7500, browser=Firefox
Testing: csp_id=952, page_id=7600, browser=Firefox
Testing: csp_id=952, page_id=7700, browser=Firefox
Testing: csp_id=952, page_id=7800, browser=Firefox
Testing: csp_id=952, page_id=7900, browser=Firefox
Testing: csp_id=952, page_id=8000, browser=Firefox
Testing: csp_id=952, page_id=8100, browser=Firefox
Testing: csp_id=952, page_id=8200, browser=Firefox
Testing: csp_id=952, page_id=8300, browser=Firefox
Testing: csp_id=952, page_id=8400, browser=Firefox
Testing: csp_id=952, page_id=8500, browser=Firefox
Testing: csp_id=952, page_id=8600, browser=Firefox
Testing: csp_id=952, page_id=8700, browser=Firefox
Testing: csp_id=952, page_id=8800, browser=Firefox
Testing: csp_id=952, page_id=8900, browser=Firefox
Testing: csp_id=952, page_id=9000, browser=Firefox
Testing: csp_id=952, page_id=9100, browser=Firefox
Testing: csp_id=952, page_id=9200, browser=Firefox
Testing: csp_id=952, page_id=9300, browser=Firefox
Testing: csp_id=952, page_id=9400, browser=Firefox
Testing: csp_id=952, page_id=9500, browser=Firefox
Testing: csp_id=952, page_id=9600, browser=Firefox
Testing: csp_id=952, page_id=9700, browser=Firefox
Testing: csp_id=952, page_id=9800, browser=Firefox
Testing: csp_id=952, page_id=9900, browser=Firefox
Testing: csp_id=952, page_id=10000, browser=Firefox
Testing: csp_id=952, page_id=10100, browser=Firefox
Testing: csp_id=952, page_id=10200, browser=Firefox
Testing: csp_id=952, page_id=10300, browser=Firefox
Testing: csp_id=952, page_id=10400, browser=Firefox
Testing: csp_id=952, page_id=10500, browser=Firefox
Testing: csp_id=952, page_id=10600, browser=Firefox
Testing: csp_id=952, page_id=10700, browser=Firefox
Testing: csp_id=952, page_id=10800, browser=Firefox
Testing: csp_id=952, page_id=10900, browser=Firefox
Testing: csp_id=952, page_id=11000, browser=Firefox
Testing: csp_id=952, page_id=11100, browser=Firefox
Testing: csp_id=952, page_id=11200, browser=Firefox
Testing: csp_id=952, page_id=11300, browser=Firefox
Testing: csp_id=952, page_id=11400, browser=Firefox
Testing: csp_id=952, page_id=11500, browser=Firefox
Testing: csp_id=952, page_id=11600, browser=Firefox
Testing: csp_id=952, page_id=11700, browser=Firefox
Testing: csp_id=952, page_id=11800, browser=Firefox
Testing: csp_id=952, page_id=11900, browser=Firefox
Testing: csp_id=952, page_id=12000, browser=Firefox
Testing: csp_id=952, page_id=12100, browser=Firefox
Testing: csp_id=952, page_id=12200, browser=Firefox
Testing: csp_id=952, page_id=12300, browser=Firefox
Testing: csp_id=952, page_id=12400, browser=Firefox
Testing: csp_id=952, page_id=12500, browser=Firefox
Testing: csp_id=952, page_id=12600, browser=Firefox
Testing: csp_id=952, page_id=12700, browser=Firefox
Testing: csp_id=952, page_id=12800, browser=Firefox
Testing: csp_id=952, page_id=12900, browser=Firefox
Testing: csp_id=952, page_id=13000, browser=Firefox
Testing: csp_id=952, page_id=13100, browser=Firefox
Testing: csp_id=952, page_id=13200, browser=Firefox
Testing: csp_id=952, page_id=13300, browser=Firefox
Testing: csp_id=952, page_id=13400, browser=Firefox
Testing: csp_id=952, page_id=13500, browser=Firefox
Testing: csp_id=952, page_id=13600, browser=Firefox
Testing: csp_id=952, page_id=13700, browser=Firefox
Testing: csp_id=952, page_id=13800, browser=Firefox
Testing: csp_id=952, page_id=13900, browser=Firefox
Testing: csp_id=952, page_id=14000, browser=Firefox
Testing: csp_id=952, page_id=14100, browser=Firefox
Testing: csp_id=952, page_id=14200, browser=Firefox
Testing: csp_id=952, page_id=14300, browser=Firefox
Testing: csp_id=952, page_id=14400, browser=Firefox
Testing: csp_id=952, page_id=14500, browser=Firefox
Testing: csp_id=952, page_id=14600, browser=Firefox
Testing: csp_id=952, page_id=14700, browser=Firefox
Testing: csp_id=952, page_id=14800, browser=Firefox
Testing: csp_id=952, page_id=14900, browser=Firefox
Testing: csp_id=952, page_id=15000, browser=Firefox
Testing: csp_id=952, page_id=15100, browser=Firefox
Testing: csp_id=952, page_id=15200, browser=Firefox
Testing: csp_id=952, page_id=15300, browser=Firefox
Testing: csp_id=952, page_id=15400, browser=Firefox
Testing: csp_id=952, page_id=15500, browser=Firefox
Testing: csp_id=952, page_id=15600, browser=Firefox
Testing: csp_id=952, page_id=15700, browser=Firefox
Testing: csp_id=952, page_id=15800, browser=Firefox
Testing: csp_id=952, page_id=15900, browser=Firefox
Testing: csp_id=952, page_id=16000, browser=Firefox
Testing: csp_id=952, page_id=16100, browser=Firefox
Testing: csp_id=952, page_id=16200, browser=Firefox
Testing: csp_id=952, page_id=16300, browser=Firefox
Testing: csp_id=952, page_id=16400, browser=Firefox
Testing: csp_id=952, page_id=16500, browser=Firefox
Testing: csp_id=952, page_id=16600, browser=Firefox
Testing: csp_id=952, page_id=16700, browser=Firefox
Testing: csp_id=952, page_id=16800, browser=Firefox
Testing: csp_id=952, page_id=16900, browser=Firefox
Testing: csp_id=952, page_id=17000, browser=Firefox
Testing: csp_id=952, page_id=17100, browser=Firefox
Testing: csp_id=952, page_id=17200, browser=Firefox
Testing: csp_id=952, page_id=17300, browser=Firefox
Testing: csp_id=952, page_id=17400, browser=Firefox
Testing: csp_id=952, page_id=17500, browser=Firefox
Testing: csp_id=952, page_id=17600, browser=Firefox
Testing: csp_id=952, page_id=17700, browser=Firefox
Testing: csp_id=952, page_id=17800, browser=Firefox
Testing: csp_id=952, page_id=17900, browser=Firefox
Testing: csp_id=952, page_id=18000, browser=Firefox
Testing: csp_id=952, page_id=18100, browser=Firefox
Testing: csp_id=952, page_id=18200, browser=Firefox
Testing: csp_id=952, page_id=18300, browser=Firefox
Testing: csp_id=952, page_id=18400, browser=Firefox
Testing: csp_id=952, page_id=18500, browser=Firefox
Testing: csp_id=952, page_id=18600, browser=Firefox
Testing: csp_id=952, page_id=18700, browser=Firefox
Testing: csp_id=952, page_id=18800, browser=Firefox
Testing: csp_id=952, page_id=18900, browser=Firefox
Testing: csp_id=952, page_id=19000, browser=Firefox
Testing: csp_id=952, page_id=19100, browser=Firefox
Testing: csp_id=952, page_id=19200, browser=Firefox
Testing: csp_id=952, page_id=19300, browser=Firefox
Testing: csp_id=952, page_id=19400, browser=Firefox
Testing: csp_id=952, page_id=19500, browser=Firefox
Testing: csp_id=952, page_id=19600, browser=Firefox
Testing: csp_id=952, page_id=19700, browser=Firefox
Testing: csp_id=952, page_id=19800, browser=Firefox
Testing: csp_id=952, page_id=19900, browser=Firefox
Testing: csp_id=952, page_id=20000, browser=Firefox
Testing: csp_id=952, page_id=20100, browser=Firefox
Testing: csp_id=952, page_id=20200, browser=Firefox
Testing: csp_id=952, page_id=20300, browser=Firefox
Testing: csp_id=952, page_id=20400, browser=Firefox
Testing: csp_id=952, page_id=20500, browser=Firefox
Testing: csp_id=952, page_id=20600, browser=Firefox
Testing: csp_id=952, page_id=20700, browser=Firefox
Testing: csp_id=952, page_id=20800, browser=Firefox
Testing: csp_id=952, page_id=20900, browser=Firefox
Testing: csp_id=952, page_id=21000, browser=Firefox
Testing: csp_id=952, page_id=21100, browser=Firefox
Testing: csp_id=952, page_id=21200, browser=Firefox
Testing: csp_id=952, page_id=21300, browser=Firefox
Testing: csp_id=952, page_id=21400, browser=Firefox
Testing: csp_id=952, page_id=21500, browser=Firefox
Testing: csp_id=952, page_id=21600, browser=Firefox
Testing: csp_id=952, page_id=21700, browser=Firefox
Testing: csp_id=952, page_id=21800, browser=Firefox
Testing: csp_id=952, page_id=21900, browser=Firefox
Testing: csp_id=952, page_id=22000, browser=Firefox
Testing: csp_id=952, page_id=22100, browser=Firefox
Testing: csp_id=952, page_id=22200, browser=Firefox
Testing: csp_id=952, page_id=22300, browser=Firefox
Testing: csp_id=952, page_id=22400, browser=Firefox
Testing: csp_id=952, page_id=22500, browser=Firefox
Testing: csp_id=952, page_id=22600, browser=Firefox
Testing: csp_id=952, page_id=22700, browser=Firefox
Testing: csp_id=952, page_id=22800, browser=Firefox
Testing: csp_id=952, page_id=22900, browser=Firefox
Testing: csp_id=952, page_id=23000, browser=Firefox
Testing: csp_id=952, page_id=23100, browser=Firefox
Testing: csp_id=952, page_id=23200, browser=Firefox
Testing: csp_id=952, page_id=23300, browser=Firefox
Testing: csp_id=952, page_id=23400, browser=Firefox
Testing: csp_id=952, page_id=23500, browser=Firefox
Testing: csp_id=952, page_id=23600, browser=Firefox
Testing: csp_id=952, page_id=23700, browser=Firefox
Testing: csp_id=952, page_id=23800, browser=Firefox
Testing: csp_id=952, page_id=23900, browser=Firefox
Testing: csp_id=952, page_id=24000, browser=Firefox
Testing: csp_id=952, page_id=24100, browser=Firefox
Testing: csp_id=952, page_id=24200, browser=Firefox
Testing: csp_id=952, page_id=24300, browser=Firefox
Testing: csp_id=952, page_id=24400, browser=Firefox
Testing: csp_id=952, page_id=24500, browser=Firefox
Testing: csp_id=952, page_id=24600, browser=Firefox
Testing: csp_id=952, page_id=24700, browser=Firefox
Testing: csp_id=952, page_id=24800, browser=Firefox
Testing: csp_id=952, page_id=24900, browser=Firefox
Testing: csp_id=952, page_id=25000, browser=Firefox
Testing: csp_id=952, page_id=25100, browser=Firefox
Testing: csp_id=952, page_id=25200, browser=Firefox
Testing: csp_id=952, page_id=25300, browser=Firefox
Testing: csp_id=952, page_id=25400, browser=Firefox
Testing: csp_id=952, page_id=25500, browser=Firefox
Testing: csp_id=952, page_id=25600, browser=Firefox
Testing: csp_id=952, page_id=25700, browser=Firefox
Testing: csp_id=952, page_id=25800, browser=Firefox
Testing: csp_id=952, page_id=25900, browser=Firefox
Testing: csp_id=952, page_id=26000, browser=Firefox
Testing: csp_id=952, page_id=26100, browser=Firefox
Testing: csp_id=952, page_id=26200, browser=Firefox
Testing: csp_id=952, page_id=26300, browser=Firefox
Testing: csp_id=952, page_id=26400, browser=Firefox
Testing: csp_id=952, page_id=26500, browser=Firefox
Testing: csp_id=952, page_id=26600, browser=Firefox
Testing: csp_id=952, page_id=26700, browser=Firefox
Testing: csp_id=952, page_id=26800, browser=Firefox
Testing: csp_id=952, page_id=26900, browser=Firefox
Testing: csp_id=952, page_id=27000, browser=Firefox
Testing: csp_id=952, page_id=27100, browser=Firefox
Testing: csp_id=952, page_id=27200, browser=Firefox
Testing: csp_id=952, page_id=27300, browser=Firefox
Testing: csp_id=952, page_id=27400, browser=Firefox
Testing: csp_id=952, page_id=27500, browser=Firefox
Testing: csp_id=952, page_id=27600, browser=Firefox
Testing: csp_id=952, page_id=27700, browser=Firefox
Testing: csp_id=952, page_id=27800, browser=Firefox
Testing: csp_id=952, page_id=27900, browser=Firefox
Testing: csp_id=952, page_id=28000, browser=Firefox
Testing: csp_id=952, page_id=28100, browser=Firefox
Testing: csp_id=952, page_id=28200, browser=Firefox
Testing: csp_id=952, page_id=28300, browser=Firefox
Testing: csp_id=952, page_id=28400, browser=Firefox
Testing: csp_id=952, page_id=28500, browser=Firefox
Testing: csp_id=952, page_id=28600, browser=Firefox
Testing: csp_id=952, page_id=28700, browser=Firefox
Testing: csp_id=952, page_id=28800, browser=Firefox
Testing: csp_id=952, page_id=28900, browser=Firefox
Testing: csp_id=952, page_id=29000, browser=Firefox
Testing: csp_id=952, page_id=29100, browser=Firefox
Testing: csp_id=952, page_id=29200, browser=Firefox
Testing: csp_id=952, page_id=29300, browser=Firefox
Testing: csp_id=952, page_id=29400, browser=Firefox
Testing: csp_id=952, page_id=29500, browser=Firefox
Testing: csp_id=952, page_id=29600, browser=Firefox
Testing: csp_id=952, page_id=29700, browser=Firefox
Testing: csp_id=952, page_id=29800, browser=Firefox
🏊 create_context_pools[first] (5x16): 26.933s
Testing: csp_id=966, page_id=0, browser=Firefox
Testing: csp_id=966, page_id=100, browser=Firefox
Testing: csp_id=966, page_id=200, browser=Firefox
Testing: csp_id=966, page_id=300, browser=Firefox
Testing: csp_id=966, page_id=400, browser=Firefox
Testing: csp_id=966, page_id=500, browser=Firefox
Testing: csp_id=966, page_id=600, browser=Firefox
Testing: csp_id=966, page_id=700, browser=Firefox
Testing: csp_id=966, page_id=800, browser=Firefox
Testing: csp_id=966, page_id=900, browser=Firefox
Testing: csp_id=966, page_id=1000, browser=Firefox
Testing: csp_id=966, page_id=1100, browser=Firefox
Testing: csp_id=966, page_id=1200, browser=Firefox
Testing: csp_id=966, page_id=1300, browser=Firefox
Testing: csp_id=966, page_id=1400, browser=Firefox
Testing: csp_id=966, page_id=1500, browser=Firefox
Testing: csp_id=966, page_id=1600, browser=Firefox
Testing: csp_id=966, page_id=1700, browser=Firefox
Testing: csp_id=966, page_id=1800, browser=Firefox
Testing: csp_id=966, page_id=1900, browser=Firefox
Testing: csp_id=966, page_id=2000, browser=Firefox
Testing: csp_id=966, page_id=2100, browser=Firefox
Testing: csp_id=966, page_id=2200, browser=Firefox
Testing: csp_id=966, page_id=2300, browser=Firefox
Testing: csp_id=966, page_id=2400, browser=Firefox
Testing: csp_id=966, page_id=2500, browser=Firefox
Testing: csp_id=966, page_id=2600, browser=Firefox
Testing: csp_id=966, page_id=2700, browser=Firefox
Testing: csp_id=966, page_id=2800, browser=Firefox
Testing: csp_id=966, page_id=2900, browser=Firefox
Testing: csp_id=966, page_id=3000, browser=Firefox
Testing: csp_id=966, page_id=3100, browser=Firefox
Testing: csp_id=966, page_id=3200, browser=Firefox
Testing: csp_id=966, page_id=3300, browser=Firefox
Testing: csp_id=966, page_id=3400, browser=Firefox
Testing: csp_id=966, page_id=3500, browser=Firefox
Testing: csp_id=966, page_id=3600, browser=Firefox
Testing: csp_id=966, page_id=3700, browser=Firefox
Testing: csp_id=966, page_id=3800, browser=Firefox
Testing: csp_id=966, page_id=3900, browser=Firefox
Testing: csp_id=966, page_id=4000, browser=Firefox
Testing: csp_id=966, page_id=4100, browser=Firefox
Testing: csp_id=966, page_id=4200, browser=Firefox
Testing: csp_id=966, page_id=4300, browser=Firefox
Testing: csp_id=966, page_id=4400, browser=Firefox
Testing: csp_id=966, page_id=4500, browser=Firefox
Testing: csp_id=966, page_id=4600, browser=Firefox
Testing: csp_id=966, page_id=4700, browser=Firefox
Testing: csp_id=966, page_id=4800, browser=Firefox
Testing: csp_id=966, page_id=4900, browser=Firefox
Testing: csp_id=966, page_id=5000, browser=Firefox
Testing: csp_id=966, page_id=5100, browser=Firefox
Testing: csp_id=966, page_id=5200, browser=Firefox
Testing: csp_id=966, page_id=5300, browser=Firefox
Testing: csp_id=966, page_id=5400, browser=Firefox
Testing: csp_id=966, page_id=5500, browser=Firefox
Testing: csp_id=966, page_id=5600, browser=Firefox
Testing: csp_id=966, page_id=5700, browser=Firefox
Testing: csp_id=966, page_id=5800, browser=Firefox
Testing: csp_id=966, page_id=5900, browser=Firefox
Testing: csp_id=966, page_id=6000, browser=Firefox
Testing: csp_id=966, page_id=6100, browser=Firefox
Testing: csp_id=966, page_id=6200, browser=Firefox
Testing: csp_id=966, page_id=6300, browser=Firefox
Testing: csp_id=966, page_id=6400, browser=Firefox
Testing: csp_id=966, page_id=6500, browser=Firefox
Testing: csp_id=966, page_id=6600, browser=Firefox
Testing: csp_id=966, page_id=6700, browser=Firefox
Testing: csp_id=966, page_id=6800, browser=Firefox
Testing: csp_id=966, page_id=6900, browser=Firefox
Testing: csp_id=966, page_id=7000, browser=Firefox
Testing: csp_id=966, page_id=7100, browser=Firefox
Testing: csp_id=966, page_id=7200, browser=Firefox
Testing: csp_id=966, page_id=7300, browser=Firefox
Testing: csp_id=966, page_id=7400, browser=Firefox
Testing: csp_id=966, page_id=7500, browser=Firefox
Testing: csp_id=966, page_id=7600, browser=Firefox
Testing: csp_id=966, page_id=7700, browser=Firefox
Testing: csp_id=966, page_id=7800, browser=Firefox
Testing: csp_id=966, page_id=7900, browser=Firefox
Testing: csp_id=966, page_id=8000, browser=Firefox
Testing: csp_id=966, page_id=8100, browser=Firefox
Testing: csp_id=966, page_id=8200, browser=Firefox
Testing: csp_id=966, page_id=8300, browser=Firefox
Testing: csp_id=966, page_id=8400, browser=Firefox
Testing: csp_id=966, page_id=8500, browser=Firefox
Testing: csp_id=966, page_id=8600, browser=Firefox
Testing: csp_id=966, page_id=8700, browser=Firefox
Testing: csp_id=966, page_id=8800, browser=Firefox
Testing: csp_id=966, page_id=8900, browser=Firefox
Testing: csp_id=966, page_id=9000, browser=Firefox
Testing: csp_id=966, page_id=9100, browser=Firefox
Testing: csp_id=966, page_id=9200, browser=Firefox
Testing: csp_id=966, page_id=9300, browser=Firefox
Testing: csp_id=966, page_id=9400, browser=Firefox
Testing: csp_id=966, page_id=9500, browser=Firefox
Testing: csp_id=966, page_id=9600, browser=Firefox
Testing: csp_id=966, page_id=9700, browser=Firefox
Testing: csp_id=966, page_id=9800, browser=Firefox
Testing: csp_id=966, page_id=9900, browser=Firefox
Testing: csp_id=966, page_id=10000, browser=Firefox
Testing: csp_id=966, page_id=10100, browser=Firefox
Testing: csp_id=966, page_id=10200, browser=Firefox
Testing: csp_id=966, page_id=10300, browser=Firefox
Testing: csp_id=966, page_id=10400, browser=Firefox
Testing: csp_id=966, page_id=10500, browser=Firefox
Testing: csp_id=966, page_id=10600, browser=Firefox
Testing: csp_id=966, page_id=10700, browser=Firefox
Testing: csp_id=966, page_id=10800, browser=Firefox
Testing: csp_id=966, page_id=10900, browser=Firefox
Testing: csp_id=966, page_id=11000, browser=Firefox
Testing: csp_id=966, page_id=11100, browser=Firefox
Testing: csp_id=966, page_id=11200, browser=Firefox
Testing: csp_id=966, page_id=11300, browser=Firefox
Testing: csp_id=966, page_id=11400, browser=Firefox
Testing: csp_id=966, page_id=11500, browser=Firefox
Testing: csp_id=966, page_id=11600, browser=Firefox
Testing: csp_id=966, page_id=11700, browser=Firefox
Testing: csp_id=966, page_id=11800, browser=Firefox
Testing: csp_id=966, page_id=11900, browser=Firefox
Testing: csp_id=966, page_id=12000, browser=Firefox
Testing: csp_id=966, page_id=12100, browser=Firefox
Testing: csp_id=966, page_id=12200, browser=Firefox
Testing: csp_id=966, page_id=12300, browser=Firefox
Testing: csp_id=966, page_id=12400, browser=Firefox
Testing: csp_id=966, page_id=12500, browser=Firefox
Testing: csp_id=966, page_id=12600, browser=Firefox
Testing: csp_id=966, page_id=12700, browser=Firefox
Testing: csp_id=966, page_id=12800, browser=Firefox
Testing: csp_id=966, page_id=12900, browser=Firefox
Testing: csp_id=966, page_id=13000, browser=Firefox
Testing: csp_id=966, page_id=13100, browser=Firefox
Testing: csp_id=966, page_id=13200, browser=Firefox
Testing: csp_id=966, page_id=13300, browser=Firefox
Testing: csp_id=966, page_id=13400, browser=Firefox
Testing: csp_id=966, page_id=13500, browser=Firefox
Testing: csp_id=966, page_id=13600, browser=Firefox
Testing: csp_id=966, page_id=13700, browser=Firefox
Testing: csp_id=966, page_id=13800, browser=Firefox
Testing: csp_id=966, page_id=13900, browser=Firefox
Testing: csp_id=966, page_id=14000, browser=Firefox
Testing: csp_id=966, page_id=14100, browser=Firefox
Testing: csp_id=966, page_id=14200, browser=Firefox
Testing: csp_id=966, page_id=14300, browser=Firefox
Testing: csp_id=966, page_id=14400, browser=Firefox
Testing: csp_id=966, page_id=14500, browser=Firefox
Testing: csp_id=966, page_id=14600, browser=Firefox
Testing: csp_id=966, page_id=14700, browser=Firefox
Testing: csp_id=966, page_id=14800, browser=Firefox
Testing: csp_id=966, page_id=14900, browser=Firefox
Testing: csp_id=966, page_id=15000, browser=Firefox
Testing: csp_id=966, page_id=15100, browser=Firefox
Testing: csp_id=966, page_id=15200, browser=Firefox
Testing: csp_id=966, page_id=15300, browser=Firefox
Testing: csp_id=966, page_id=15400, browser=Firefox
Testing: csp_id=966, page_id=15500, browser=Firefox
Testing: csp_id=966, page_id=15600, browser=Firefox
Testing: csp_id=966, page_id=15700, browser=Firefox
Testing: csp_id=966, page_id=15800, browser=Firefox
Testing: csp_id=966, page_id=15900, browser=Firefox
Testing: csp_id=966, page_id=16000, browser=Firefox
Testing: csp_id=966, page_id=16100, browser=Firefox
Testing: csp_id=966, page_id=16200, browser=Firefox
Testing: csp_id=966, page_id=16300, browser=Firefox
Testing: csp_id=966, page_id=16400, browser=Firefox
Testing: csp_id=966, page_id=16500, browser=Firefox
Testing: csp_id=966, page_id=16600, browser=Firefox
Testing: csp_id=966, page_id=16700, browser=Firefox
Testing: csp_id=966, page_id=16800, browser=Firefox
Testing: csp_id=966, page_id=16900, browser=Firefox
Testing: csp_id=966, page_id=17000, browser=Firefox
Testing: csp_id=966, page_id=17100, browser=Firefox
Testing: csp_id=966, page_id=17200, browser=Firefox
Testing: csp_id=966, page_id=17300, browser=Firefox
Testing: csp_id=966, page_id=17400, browser=Firefox
Testing: csp_id=966, page_id=17500, browser=Firefox
Testing: csp_id=966, page_id=17600, browser=Firefox
Testing: csp_id=966, page_id=17700, browser=Firefox
Testing: csp_id=966, page_id=17800, browser=Firefox
Testing: csp_id=966, page_id=17900, browser=Firefox
Testing: csp_id=966, page_id=18000, browser=Firefox
Testing: csp_id=966, page_id=18100, browser=Firefox
Testing: csp_id=966, page_id=18200, browser=Firefox
Testing: csp_id=966, page_id=18300, browser=Firefox
Testing: csp_id=966, page_id=18400, browser=Firefox
Testing: csp_id=966, page_id=18500, browser=Firefox
Testing: csp_id=966, page_id=18600, browser=Firefox
Testing: csp_id=966, page_id=18700, browser=Firefox
Testing: csp_id=966, page_id=18800, browser=Firefox
Testing: csp_id=966, page_id=18900, browser=Firefox
Testing: csp_id=966, page_id=19000, browser=Firefox
Testing: csp_id=966, page_id=19100, browser=Firefox
Testing: csp_id=966, page_id=19200, browser=Firefox
Testing: csp_id=966, page_id=19300, browser=Firefox
Testing: csp_id=966, page_id=19400, browser=Firefox
Testing: csp_id=966, page_id=19500, browser=Firefox
Testing: csp_id=966, page_id=19600, browser=Firefox
Testing: csp_id=966, page_id=19700, browser=Firefox
Testing: csp_id=966, page_id=19800, browser=Firefox
Testing: csp_id=966, page_id=19900, browser=Firefox
Testing: csp_id=966, page_id=20000, browser=Firefox
Testing: csp_id=966, page_id=20100, browser=Firefox
Testing: csp_id=966, page_id=20200, browser=Firefox
Testing: csp_id=966, page_id=20300, browser=Firefox
Testing: csp_id=966, page_id=20400, browser=Firefox
Testing: csp_id=966, page_id=20500, browser=Firefox
Testing: csp_id=966, page_id=20600, browser=Firefox
Testing: csp_id=966, page_id=20700, browser=Firefox
Testing: csp_id=966, page_id=20800, browser=Firefox
Testing: csp_id=966, page_id=20900, browser=Firefox
Testing: csp_id=966, page_id=21000, browser=Firefox
Testing: csp_id=966, page_id=21100, browser=Firefox
Testing: csp_id=966, page_id=21200, browser=Firefox
Testing: csp_id=966, page_id=21300, browser=Firefox
Testing: csp_id=966, page_id=21400, browser=Firefox
Testing: csp_id=966, page_id=21500, browser=Firefox
Testing: csp_id=966, page_id=21600, browser=Firefox
Testing: csp_id=966, page_id=21700, browser=Firefox
Testing: csp_id=966, page_id=21800, browser=Firefox
Testing: csp_id=966, page_id=21900, browser=Firefox
Testing: csp_id=966, page_id=22000, browser=Firefox
Testing: csp_id=966, page_id=22100, browser=Firefox
Testing: csp_id=966, page_id=22200, browser=Firefox
Testing: csp_id=966, page_id=22300, browser=Firefox
Testing: csp_id=966, page_id=22400, browser=Firefox
Testing: csp_id=966, page_id=22500, browser=Firefox
Testing: csp_id=966, page_id=22600, browser=Firefox
Testing: csp_id=966, page_id=22700, browser=Firefox
Testing: csp_id=966, page_id=22800, browser=Firefox
Testing: csp_id=966, page_id=22900, browser=Firefox
Testing: csp_id=966, page_id=23000, browser=Firefox
Testing: csp_id=966, page_id=23100, browser=Firefox
Testing: csp_id=966, page_id=23200, browser=Firefox
Testing: csp_id=966, page_id=23300, browser=Firefox
Testing: csp_id=966, page_id=23400, browser=Firefox
Testing: csp_id=966, page_id=23500, browser=Firefox
Testing: csp_id=966, page_id=23600, browser=Firefox
Testing: csp_id=966, page_id=23700, browser=Firefox
Testing: csp_id=966, page_id=23800, browser=Firefox
Testing: csp_id=966, page_id=23900, browser=Firefox
Testing: csp_id=966, page_id=24000, browser=Firefox
Testing: csp_id=966, page_id=24100, browser=Firefox
Testing: csp_id=966, page_id=24200, browser=Firefox
Testing: csp_id=966, page_id=24300, browser=Firefox
Testing: csp_id=966, page_id=24400, browser=Firefox
Testing: csp_id=966, page_id=24500, browser=Firefox
Testing: csp_id=966, page_id=24600, browser=Firefox
Testing: csp_id=966, page_id=24700, browser=Firefox
Testing: csp_id=966, page_id=24800, browser=Firefox
Testing: csp_id=966, page_id=24900, browser=Firefox
Testing: csp_id=966, page_id=25000, browser=Firefox
Testing: csp_id=966, page_id=25100, browser=Firefox
Testing: csp_id=966, page_id=25200, browser=Firefox
Testing: csp_id=966, page_id=25300, browser=Firefox
Testing: csp_id=966, page_id=25400, browser=Firefox
Testing: csp_id=966, page_id=25500, browser=Firefox
Testing: csp_id=966, page_id=25600, browser=Firefox
Testing: csp_id=966, page_id=25700, browser=Firefox
Testing: csp_id=966, page_id=25800, browser=Firefox
Testing: csp_id=966, page_id=25900, browser=Firefox
Testing: csp_id=966, page_id=26000, browser=Firefox
Testing: csp_id=966, page_id=26100, browser=Firefox
Testing: csp_id=966, page_id=26200, browser=Firefox
Testing: csp_id=966, page_id=26300, browser=Firefox
Testing: csp_id=966, page_id=26400, browser=Firefox
Testing: csp_id=966, page_id=26500, browser=Firefox
Testing: csp_id=966, page_id=26600, browser=Firefox
Testing: csp_id=966, page_id=26700, browser=Firefox
Testing: csp_id=966, page_id=26800, browser=Firefox
Testing: csp_id=966, page_id=26900, browser=Firefox
Testing: csp_id=966, page_id=27000, browser=Firefox
Testing: csp_id=966, page_id=27100, browser=Firefox
Testing: csp_id=966, page_id=27200, browser=Firefox
Testing: csp_id=966, page_id=27300, browser=Firefox
Testing: csp_id=966, page_id=27400, browser=Firefox
Testing: csp_id=966, page_id=27500, browser=Firefox
Testing: csp_id=966, page_id=27600, browser=Firefox
Testing: csp_id=966, page_id=27700, browser=Firefox
Testing: csp_id=966, page_id=27800, browser=Firefox
Testing: csp_id=966, page_id=27900, browser=Firefox
Testing: csp_id=966, page_id=28000, browser=Firefox
Testing: csp_id=966, page_id=28100, browser=Firefox
Testing: csp_id=966, page_id=28200, browser=Firefox
Testing: csp_id=966, page_id=28300, browser=Firefox
Testing: csp_id=966, page_id=28400, browser=Firefox
Testing: csp_id=966, page_id=28500, browser=Firefox
Testing: csp_id=966, page_id=28600, browser=Firefox
Testing: csp_id=966, page_id=28700, browser=Firefox
Testing: csp_id=966, page_id=28800, browser=Firefox
Testing: csp_id=966, page_id=28900, browser=Firefox
Testing: csp_id=966, page_id=29000, browser=Firefox
Testing: csp_id=966, page_id=29100, browser=Firefox
Testing: csp_id=966, page_id=29200, browser=Firefox
Testing: csp_id=966, page_id=29300, browser=Firefox
Testing: csp_id=966, page_id=29400, browser=Firefox
Testing: csp_id=966, page_id=29500, browser=Firefox
Testing: csp_id=966, page_id=29600, browser=Firefox
Testing: csp_id=966, page_id=29700, browser=Firefox
Testing: csp_id=966, page_id=29800, browser=Firefox
🏊 create_context_pools[first] (5x16): 28.300s
Testing: csp_id=976, page_id=0, browser=Firefox
Testing: csp_id=976, page_id=100, browser=Firefox
Testing: csp_id=976, page_id=200, browser=Firefox
Testing: csp_id=976, page_id=300, browser=Firefox
Testing: csp_id=976, page_id=400, browser=Firefox
Testing: csp_id=976, page_id=500, browser=Firefox
Testing: csp_id=976, page_id=600, browser=Firefox
Testing: csp_id=976, page_id=700, browser=Firefox
Testing: csp_id=976, page_id=800, browser=Firefox
Testing: csp_id=976, page_id=900, browser=Firefox
Testing: csp_id=976, page_id=1000, browser=Firefox
Testing: csp_id=976, page_id=1100, browser=Firefox
Testing: csp_id=976, page_id=1200, browser=Firefox
Testing: csp_id=976, page_id=1300, browser=Firefox
Testing: csp_id=976, page_id=1400, browser=Firefox
Testing: csp_id=976, page_id=1500, browser=Firefox
Testing: csp_id=976, page_id=1600, browser=Firefox
Testing: csp_id=976, page_id=1700, browser=Firefox
Testing: csp_id=976, page_id=1800, browser=Firefox
Testing: csp_id=976, page_id=1900, browser=Firefox
Testing: csp_id=976, page_id=2000, browser=Firefox
Testing: csp_id=976, page_id=2100, browser=Firefox
Testing: csp_id=976, page_id=2200, browser=Firefox
Testing: csp_id=976, page_id=2300, browser=Firefox
Testing: csp_id=976, page_id=2400, browser=Firefox
Testing: csp_id=976, page_id=2500, browser=Firefox
Testing: csp_id=976, page_id=2600, browser=Firefox
Testing: csp_id=976, page_id=2700, browser=Firefox
Testing: csp_id=976, page_id=2800, browser=Firefox
Testing: csp_id=976, page_id=2900, browser=Firefox
Testing: csp_id=976, page_id=3000, browser=Firefox
Testing: csp_id=976, page_id=3100, browser=Firefox
Testing: csp_id=976, page_id=3200, browser=Firefox
Testing: csp_id=976, page_id=3300, browser=Firefox
Testing: csp_id=976, page_id=3400, browser=Firefox
Testing: csp_id=976, page_id=3500, browser=Firefox
Testing: csp_id=976, page_id=3600, browser=Firefox
Testing: csp_id=976, page_id=3700, browser=Firefox
Testing: csp_id=976, page_id=3800, browser=Firefox
Testing: csp_id=976, page_id=3900, browser=Firefox
Testing: csp_id=976, page_id=4000, browser=Firefox
Testing: csp_id=976, page_id=4100, browser=Firefox
Testing: csp_id=976, page_id=4200, browser=Firefox
Testing: csp_id=976, page_id=4300, browser=Firefox
Testing: csp_id=976, page_id=4400, browser=Firefox
Testing: csp_id=976, page_id=4500, browser=Firefox
Testing: csp_id=976, page_id=4600, browser=Firefox
Testing: csp_id=976, page_id=4700, browser=Firefox
Testing: csp_id=976, page_id=4800, browser=Firefox
Testing: csp_id=976, page_id=4900, browser=Firefox
Testing: csp_id=976, page_id=5000, browser=Firefox
Testing: csp_id=976, page_id=5100, browser=Firefox
Testing: csp_id=976, page_id=5200, browser=Firefox
Testing: csp_id=976, page_id=5300, browser=Firefox
Testing: csp_id=976, page_id=5400, browser=Firefox
Testing: csp_id=976, page_id=5500, browser=Firefox
Testing: csp_id=976, page_id=5600, browser=Firefox
Testing: csp_id=976, page_id=5700, browser=Firefox
Testing: csp_id=976, page_id=5800, browser=Firefox
Testing: csp_id=976, page_id=5900, browser=Firefox
Testing: csp_id=976, page_id=6000, browser=Firefox
Testing: csp_id=976, page_id=6100, browser=Firefox
Testing: csp_id=976, page_id=6200, browser=Firefox
Testing: csp_id=976, page_id=6300, browser=Firefox
Testing: csp_id=976, page_id=6400, browser=Firefox
Testing: csp_id=976, page_id=6500, browser=Firefox
Testing: csp_id=976, page_id=6600, browser=Firefox
Testing: csp_id=976, page_id=6700, browser=Firefox
Testing: csp_id=976, page_id=6800, browser=Firefox
Testing: csp_id=976, page_id=6900, browser=Firefox
Testing: csp_id=976, page_id=7000, browser=Firefox
Testing: csp_id=976, page_id=7100, browser=Firefox
Testing: csp_id=976, page_id=7200, browser=Firefox
Testing: csp_id=976, page_id=7300, browser=Firefox
Testing: csp_id=976, page_id=7400, browser=Firefox
Testing: csp_id=976, page_id=7500, browser=Firefox
Testing: csp_id=976, page_id=7600, browser=Firefox
Testing: csp_id=976, page_id=7700, browser=Firefox
Testing: csp_id=976, page_id=7800, browser=Firefox
Testing: csp_id=976, page_id=7900, browser=Firefox
Testing: csp_id=976, page_id=8000, browser=Firefox
Testing: csp_id=976, page_id=8100, browser=Firefox
Testing: csp_id=976, page_id=8200, browser=Firefox
Testing: csp_id=976, page_id=8300, browser=Firefox
Testing: csp_id=976, page_id=8400, browser=Firefox
Testing: csp_id=976, page_id=8500, browser=Firefox
Testing: csp_id=976, page_id=8600, browser=Firefox
Testing: csp_id=976, page_id=8700, browser=Firefox
Testing: csp_id=976, page_id=8800, browser=Firefox
Testing: csp_id=976, page_id=8900, browser=Firefox
Testing: csp_id=976, page_id=9000, browser=Firefox
Testing: csp_id=976, page_id=9100, browser=Firefox
Testing: csp_id=976, page_id=9200, browser=Firefox
Testing: csp_id=976, page_id=9300, browser=Firefox
Testing: csp_id=976, page_id=9400, browser=Firefox
Testing: csp_id=976, page_id=9500, browser=Firefox
Testing: csp_id=976, page_id=9600, browser=Firefox
Testing: csp_id=976, page_id=9700, browser=Firefox
Testing: csp_id=976, page_id=9800, browser=Firefox
Testing: csp_id=976, page_id=9900, browser=Firefox
Testing: csp_id=976, page_id=10000, browser=Firefox
Testing: csp_id=976, page_id=10100, browser=Firefox
Testing: csp_id=976, page_id=10200, browser=Firefox
Testing: csp_id=976, page_id=10300, browser=Firefox
Testing: csp_id=976, page_id=10400, browser=Firefox
Testing: csp_id=976, page_id=10500, browser=Firefox
Testing: csp_id=976, page_id=10600, browser=Firefox
Testing: csp_id=976, page_id=10700, browser=Firefox
Testing: csp_id=976, page_id=10800, browser=Firefox
Testing: csp_id=976, page_id=10900, browser=Firefox
Testing: csp_id=976, page_id=11000, browser=Firefox
Testing: csp_id=976, page_id=11100, browser=Firefox
Testing: csp_id=976, page_id=11200, browser=Firefox
Testing: csp_id=976, page_id=11300, browser=Firefox
Testing: csp_id=976, page_id=11400, browser=Firefox
Testing: csp_id=976, page_id=11500, browser=Firefox
Testing: csp_id=976, page_id=11600, browser=Firefox
Testing: csp_id=976, page_id=11700, browser=Firefox
Testing: csp_id=976, page_id=11800, browser=Firefox
Testing: csp_id=976, page_id=11900, browser=Firefox
Testing: csp_id=976, page_id=12000, browser=Firefox
Testing: csp_id=976, page_id=12100, browser=Firefox
Testing: csp_id=976, page_id=12200, browser=Firefox
Testing: csp_id=976, page_id=12300, browser=Firefox
Testing: csp_id=976, page_id=12400, browser=Firefox
Testing: csp_id=976, page_id=12500, browser=Firefox
Testing: csp_id=976, page_id=12600, browser=Firefox
Testing: csp_id=976, page_id=12700, browser=Firefox
Testing: csp_id=976, page_id=12800, browser=Firefox
Testing: csp_id=976, page_id=12900, browser=Firefox
Testing: csp_id=976, page_id=13000, browser=Firefox
Testing: csp_id=976, page_id=13100, browser=Firefox
Testing: csp_id=976, page_id=13200, browser=Firefox
Testing: csp_id=976, page_id=13300, browser=Firefox
Testing: csp_id=976, page_id=13400, browser=Firefox
Testing: csp_id=976, page_id=13500, browser=Firefox
Testing: csp_id=976, page_id=13600, browser=Firefox
Testing: csp_id=976, page_id=13700, browser=Firefox
Testing: csp_id=976, page_id=13800, browser=Firefox
Testing: csp_id=976, page_id=13900, browser=Firefox
Testing: csp_id=976, page_id=14000, browser=Firefox
Testing: csp_id=976, page_id=14100, browser=Firefox
Testing: csp_id=976, page_id=14200, browser=Firefox
Testing: csp_id=976, page_id=14300, browser=Firefox
Testing: csp_id=976, page_id=14400, browser=Firefox
Testing: csp_id=976, page_id=14500, browser=Firefox
Testing: csp_id=976, page_id=14600, browser=Firefox
Testing: csp_id=976, page_id=14700, browser=Firefox
Testing: csp_id=976, page_id=14800, browser=Firefox
Testing: csp_id=976, page_id=14900, browser=Firefox
Testing: csp_id=976, page_id=15000, browser=Firefox
Testing: csp_id=976, page_id=15100, browser=Firefox
Testing: csp_id=976, page_id=15200, browser=Firefox
Testing: csp_id=976, page_id=15300, browser=Firefox
Testing: csp_id=976, page_id=15400, browser=Firefox
Testing: csp_id=976, page_id=15500, browser=Firefox
Testing: csp_id=976, page_id=15600, browser=Firefox
Testing: csp_id=976, page_id=15700, browser=Firefox
Testing: csp_id=976, page_id=15800, browser=Firefox
Testing: csp_id=976, page_id=15900, browser=Firefox
Testing: csp_id=976, page_id=16000, browser=Firefox
Testing: csp_id=976, page_id=16100, browser=Firefox
Testing: csp_id=976, page_id=16200, browser=Firefox
Testing: csp_id=976, page_id=16300, browser=Firefox
Testing: csp_id=976, page_id=16400, browser=Firefox
Testing: csp_id=976, page_id=16500, browser=Firefox
Testing: csp_id=976, page_id=16600, browser=Firefox
Testing: csp_id=976, page_id=16700, browser=Firefox
Testing: csp_id=976, page_id=16800, browser=Firefox
Testing: csp_id=976, page_id=16900, browser=Firefox
Testing: csp_id=976, page_id=17000, browser=Firefox
Testing: csp_id=976, page_id=17100, browser=Firefox
Testing: csp_id=976, page_id=17200, browser=Firefox
Testing: csp_id=976, page_id=17300, browser=Firefox
Testing: csp_id=976, page_id=17400, browser=Firefox
Testing: csp_id=976, page_id=17500, browser=Firefox
Testing: csp_id=976, page_id=17600, browser=Firefox
Testing: csp_id=976, page_id=17700, browser=Firefox
Testing: csp_id=976, page_id=17800, browser=Firefox
Testing: csp_id=976, page_id=17900, browser=Firefox
Testing: csp_id=976, page_id=18000, browser=Firefox
Testing: csp_id=976, page_id=18100, browser=Firefox
Testing: csp_id=976, page_id=18200, browser=Firefox
Testing: csp_id=976, page_id=18300, browser=Firefox
Testing: csp_id=976, page_id=18400, browser=Firefox
Testing: csp_id=976, page_id=18500, browser=Firefox
Testing: csp_id=976, page_id=18600, browser=Firefox
Testing: csp_id=976, page_id=18700, browser=Firefox
Testing: csp_id=976, page_id=18800, browser=Firefox
Testing: csp_id=976, page_id=18900, browser=Firefox
Testing: csp_id=976, page_id=19000, browser=Firefox
Testing: csp_id=976, page_id=19100, browser=Firefox
Testing: csp_id=976, page_id=19200, browser=Firefox
Testing: csp_id=976, page_id=19300, browser=Firefox
Testing: csp_id=976, page_id=19400, browser=Firefox
Testing: csp_id=976, page_id=19500, browser=Firefox
Testing: csp_id=976, page_id=19600, browser=Firefox
Testing: csp_id=976, page_id=19700, browser=Firefox
Testing: csp_id=976, page_id=19800, browser=Firefox
Testing: csp_id=976, page_id=19900, browser=Firefox
Testing: csp_id=976, page_id=20000, browser=Firefox
Testing: csp_id=976, page_id=20100, browser=Firefox
Testing: csp_id=976, page_id=20200, browser=Firefox
Testing: csp_id=976, page_id=20300, browser=Firefox
Testing: csp_id=976, page_id=20400, browser=Firefox
Testing: csp_id=976, page_id=20500, browser=Firefox
Testing: csp_id=976, page_id=20600, browser=Firefox
Testing: csp_id=976, page_id=20700, browser=Firefox
Testing: csp_id=976, page_id=20800, browser=Firefox
Testing: csp_id=976, page_id=20900, browser=Firefox
Testing: csp_id=976, page_id=21000, browser=Firefox
Testing: csp_id=976, page_id=21100, browser=Firefox
Testing: csp_id=976, page_id=21200, browser=Firefox
Testing: csp_id=976, page_id=21300, browser=Firefox
Testing: csp_id=976, page_id=21400, browser=Firefox
Testing: csp_id=976, page_id=21500, browser=Firefox
Testing: csp_id=976, page_id=21600, browser=Firefox
Testing: csp_id=976, page_id=21700, browser=Firefox
Testing: csp_id=976, page_id=21800, browser=Firefox
Testing: csp_id=976, page_id=21900, browser=Firefox
Testing: csp_id=976, page_id=22000, browser=Firefox
Testing: csp_id=976, page_id=22100, browser=Firefox
Testing: csp_id=976, page_id=22200, browser=Firefox
Testing: csp_id=976, page_id=22300, browser=Firefox
Testing: csp_id=976, page_id=22400, browser=Firefox
Testing: csp_id=976, page_id=22500, browser=Firefox
Testing: csp_id=976, page_id=22600, browser=Firefox
Testing: csp_id=976, page_id=22700, browser=Firefox
Testing: csp_id=976, page_id=22800, browser=Firefox
Testing: csp_id=976, page_id=22900, browser=Firefox
Testing: csp_id=976, page_id=23000, browser=Firefox
Testing: csp_id=976, page_id=23100, browser=Firefox
Testing: csp_id=976, page_id=23200, browser=Firefox
Testing: csp_id=976, page_id=23300, browser=Firefox
Testing: csp_id=976, page_id=23400, browser=Firefox
Testing: csp_id=976, page_id=23500, browser=Firefox
Testing: csp_id=976, page_id=23600, browser=Firefox
Testing: csp_id=976, page_id=23700, browser=Firefox
Testing: csp_id=976, page_id=23800, browser=Firefox
Testing: csp_id=976, page_id=23900, browser=Firefox
Testing: csp_id=976, page_id=24000, browser=Firefox
Testing: csp_id=976, page_id=24100, browser=Firefox
Testing: csp_id=976, page_id=24200, browser=Firefox
Testing: csp_id=976, page_id=24300, browser=Firefox
Testing: csp_id=976, page_id=24400, browser=Firefox
Testing: csp_id=976, page_id=24500, browser=Firefox
Testing: csp_id=976, page_id=24600, browser=Firefox
Testing: csp_id=976, page_id=24700, browser=Firefox
Testing: csp_id=976, page_id=24800, browser=Firefox
Testing: csp_id=976, page_id=24900, browser=Firefox
Testing: csp_id=976, page_id=25000, browser=Firefox
Testing: csp_id=976, page_id=25100, browser=Firefox
Testing: csp_id=976, page_id=25200, browser=Firefox
Testing: csp_id=976, page_id=25300, browser=Firefox
Testing: csp_id=976, page_id=25400, browser=Firefox
Testing: csp_id=976, page_id=25500, browser=Firefox
Testing: csp_id=976, page_id=25600, browser=Firefox
Testing: csp_id=976, page_id=25700, browser=Firefox
Testing: csp_id=976, page_id=25800, browser=Firefox
Testing: csp_id=976, page_id=25900, browser=Firefox
Testing: csp_id=976, page_id=26000, browser=Firefox
Testing: csp_id=976, page_id=26100, browser=Firefox
Testing: csp_id=976, page_id=26200, browser=Firefox
Testing: csp_id=976, page_id=26300, browser=Firefox
Testing: csp_id=976, page_id=26400, browser=Firefox
Testing: csp_id=976, page_id=26500, browser=Firefox
Testing: csp_id=976, page_id=26600, browser=Firefox
Testing: csp_id=976, page_id=26700, browser=Firefox
Testing: csp_id=976, page_id=26800, browser=Firefox
Testing: csp_id=976, page_id=26900, browser=Firefox
Testing: csp_id=976, page_id=27000, browser=Firefox
Testing: csp_id=976, page_id=27100, browser=Firefox
Testing: csp_id=976, page_id=27200, browser=Firefox
Testing: csp_id=976, page_id=27300, browser=Firefox
Testing: csp_id=976, page_id=27400, browser=Firefox
Testing: csp_id=976, page_id=27500, browser=Firefox
Testing: csp_id=976, page_id=27600, browser=Firefox
Testing: csp_id=976, page_id=27700, browser=Firefox
Testing: csp_id=976, page_id=27800, browser=Firefox
Testing: csp_id=976, page_id=27900, browser=Firefox
Testing: csp_id=976, page_id=28000, browser=Firefox
Testing: csp_id=976, page_id=28100, browser=Firefox
Testing: csp_id=976, page_id=28200, browser=Firefox
Testing: csp_id=976, page_id=28300, browser=Firefox
Testing: csp_id=976, page_id=28400, browser=Firefox
Testing: csp_id=976, page_id=28500, browser=Firefox
Testing: csp_id=976, page_id=28600, browser=Firefox
Testing: csp_id=976, page_id=28700, browser=Firefox
Testing: csp_id=976, page_id=28800, browser=Firefox
Testing: csp_id=976, page_id=28900, browser=Firefox
Testing: csp_id=976, page_id=29000, browser=Firefox
Testing: csp_id=976, page_id=29100, browser=Firefox
Testing: csp_id=976, page_id=29200, browser=Firefox
Testing: csp_id=976, page_id=29300, browser=Firefox
Testing: csp_id=976, page_id=29400, browser=Firefox
Testing: csp_id=976, page_id=29500, browser=Firefox
Testing: csp_id=976, page_id=29600, browser=Firefox
Testing: csp_id=976, page_id=29700, browser=Firefox
Testing: csp_id=976, page_id=29800, browser=Firefox
🏊 create_context_pools[first] (5x16): 26.961s
Testing: csp_id=988, page_id=0, browser=Firefox
Testing: csp_id=988, page_id=100, browser=Firefox
Testing: csp_id=988, page_id=200, browser=Firefox
Testing: csp_id=988, page_id=300, browser=Firefox
Testing: csp_id=988, page_id=400, browser=Firefox
Testing: csp_id=988, page_id=500, browser=Firefox
Testing: csp_id=988, page_id=600, browser=Firefox
Testing: csp_id=988, page_id=700, browser=Firefox
Testing: csp_id=988, page_id=800, browser=Firefox
Testing: csp_id=988, page_id=900, browser=Firefox
Testing: csp_id=988, page_id=1000, browser=Firefox
Testing: csp_id=988, page_id=1100, browser=Firefox
Testing: csp_id=988, page_id=1200, browser=Firefox
Testing: csp_id=988, page_id=1300, browser=Firefox
Testing: csp_id=988, page_id=1400, browser=Firefox
Testing: csp_id=988, page_id=1500, browser=Firefox
Testing: csp_id=988, page_id=1600, browser=Firefox
Testing: csp_id=988, page_id=1700, browser=Firefox
Testing: csp_id=988, page_id=1800, browser=Firefox
Testing: csp_id=988, page_id=1900, browser=Firefox
Testing: csp_id=988, page_id=2000, browser=Firefox
Testing: csp_id=988, page_id=2100, browser=Firefox
Testing: csp_id=988, page_id=2200, browser=Firefox
Testing: csp_id=988, page_id=2300, browser=Firefox
Testing: csp_id=988, page_id=2400, browser=Firefox
Testing: csp_id=988, page_id=2500, browser=Firefox
Testing: csp_id=988, page_id=2600, browser=Firefox
Testing: csp_id=988, page_id=2700, browser=Firefox
Testing: csp_id=988, page_id=2800, browser=Firefox
Testing: csp_id=988, page_id=2900, browser=Firefox
Testing: csp_id=988, page_id=3000, browser=Firefox
Testing: csp_id=988, page_id=3100, browser=Firefox
Testing: csp_id=988, page_id=3200, browser=Firefox
Testing: csp_id=988, page_id=3300, browser=Firefox
Testing: csp_id=988, page_id=3400, browser=Firefox
Testing: csp_id=988, page_id=3500, browser=Firefox
Testing: csp_id=988, page_id=3600, browser=Firefox
Testing: csp_id=988, page_id=3700, browser=Firefox
Testing: csp_id=988, page_id=3800, browser=Firefox
Testing: csp_id=988, page_id=3900, browser=Firefox
Testing: csp_id=988, page_id=4000, browser=Firefox
Testing: csp_id=988, page_id=4100, browser=Firefox
Testing: csp_id=988, page_id=4200, browser=Firefox
Testing: csp_id=988, page_id=4300, browser=Firefox
Testing: csp_id=988, page_id=4400, browser=Firefox
Testing: csp_id=988, page_id=4500, browser=Firefox
Testing: csp_id=988, page_id=4600, browser=Firefox
Testing: csp_id=988, page_id=4700, browser=Firefox
Testing: csp_id=988, page_id=4800, browser=Firefox
Testing: csp_id=988, page_id=4900, browser=Firefox
Testing: csp_id=988, page_id=5000, browser=Firefox
Testing: csp_id=988, page_id=5100, browser=Firefox
Testing: csp_id=988, page_id=5200, browser=Firefox
Testing: csp_id=988, page_id=5300, browser=Firefox
Testing: csp_id=988, page_id=5400, browser=Firefox
Testing: csp_id=988, page_id=5500, browser=Firefox
Testing: csp_id=988, page_id=5600, browser=Firefox
Testing: csp_id=988, page_id=5700, browser=Firefox
Testing: csp_id=988, page_id=5800, browser=Firefox
Testing: csp_id=988, page_id=5900, browser=Firefox
Testing: csp_id=988, page_id=6000, browser=Firefox
Testing: csp_id=988, page_id=6100, browser=Firefox
Testing: csp_id=988, page_id=6200, browser=Firefox
Testing: csp_id=988, page_id=6300, browser=Firefox
Testing: csp_id=988, page_id=6400, browser=Firefox
Testing: csp_id=988, page_id=6500, browser=Firefox
Testing: csp_id=988, page_id=6600, browser=Firefox
Testing: csp_id=988, page_id=6700, browser=Firefox
Testing: csp_id=988, page_id=6800, browser=Firefox
Testing: csp_id=988, page_id=6900, browser=Firefox
Testing: csp_id=988, page_id=7000, browser=Firefox
Testing: csp_id=988, page_id=7100, browser=Firefox
Testing: csp_id=988, page_id=7200, browser=Firefox
Testing: csp_id=988, page_id=7300, browser=Firefox
Testing: csp_id=988, page_id=7400, browser=Firefox
Testing: csp_id=988, page_id=7500, browser=Firefox
Testing: csp_id=988, page_id=7600, browser=Firefox
Testing: csp_id=988, page_id=7700, browser=Firefox
Testing: csp_id=988, page_id=7800, browser=Firefox
Testing: csp_id=988, page_id=7900, browser=Firefox
Testing: csp_id=988, page_id=8000, browser=Firefox
Testing: csp_id=988, page_id=8100, browser=Firefox
Testing: csp_id=988, page_id=8200, browser=Firefox
Testing: csp_id=988, page_id=8300, browser=Firefox
Testing: csp_id=988, page_id=8400, browser=Firefox
Testing: csp_id=988, page_id=8500, browser=Firefox
Testing: csp_id=988, page_id=8600, browser=Firefox
Testing: csp_id=988, page_id=8700, browser=Firefox
Testing: csp_id=988, page_id=8800, browser=Firefox
Testing: csp_id=988, page_id=8900, browser=Firefox
Testing: csp_id=988, page_id=9000, browser=Firefox
Testing: csp_id=988, page_id=9100, browser=Firefox
Testing: csp_id=988, page_id=9200, browser=Firefox
Testing: csp_id=988, page_id=9300, browser=Firefox
Testing: csp_id=988, page_id=9400, browser=Firefox
Testing: csp_id=988, page_id=9500, browser=Firefox
Testing: csp_id=988, page_id=9600, browser=Firefox
Testing: csp_id=988, page_id=9700, browser=Firefox
Testing: csp_id=988, page_id=9800, browser=Firefox
Testing: csp_id=988, page_id=9900, browser=Firefox
Testing: csp_id=988, page_id=10000, browser=Firefox
Testing: csp_id=988, page_id=10100, browser=Firefox
Testing: csp_id=988, page_id=10200, browser=Firefox
Testing: csp_id=988, page_id=10300, browser=Firefox
Testing: csp_id=988, page_id=10400, browser=Firefox
Testing: csp_id=988, page_id=10500, browser=Firefox
Testing: csp_id=988, page_id=10600, browser=Firefox
Testing: csp_id=988, page_id=10700, browser=Firefox
Testing: csp_id=988, page_id=10800, browser=Firefox
Testing: csp_id=988, page_id=10900, browser=Firefox
Testing: csp_id=988, page_id=11000, browser=Firefox
Testing: csp_id=988, page_id=11100, browser=Firefox
Testing: csp_id=988, page_id=11200, browser=Firefox
Testing: csp_id=988, page_id=11300, browser=Firefox
Testing: csp_id=988, page_id=11400, browser=Firefox
Testing: csp_id=988, page_id=11500, browser=Firefox
Testing: csp_id=988, page_id=11600, browser=Firefox
Testing: csp_id=988, page_id=11700, browser=Firefox
Testing: csp_id=988, page_id=11800, browser=Firefox
Testing: csp_id=988, page_id=11900, browser=Firefox
Testing: csp_id=988, page_id=12000, browser=Firefox
Testing: csp_id=988, page_id=12100, browser=Firefox
Testing: csp_id=988, page_id=12200, browser=Firefox
Testing: csp_id=988, page_id=12300, browser=Firefox
Testing: csp_id=988, page_id=12400, browser=Firefox
Testing: csp_id=988, page_id=12500, browser=Firefox
Testing: csp_id=988, page_id=12600, browser=Firefox
Testing: csp_id=988, page_id=12700, browser=Firefox
Testing: csp_id=988, page_id=12800, browser=Firefox
Testing: csp_id=988, page_id=12900, browser=Firefox
Testing: csp_id=988, page_id=13000, browser=Firefox
Testing: csp_id=988, page_id=13100, browser=Firefox
Testing: csp_id=988, page_id=13200, browser=Firefox
Testing: csp_id=988, page_id=13300, browser=Firefox
Testing: csp_id=988, page_id=13400, browser=Firefox
Testing: csp_id=988, page_id=13500, browser=Firefox
Testing: csp_id=988, page_id=13600, browser=Firefox
Testing: csp_id=988, page_id=13700, browser=Firefox
Testing: csp_id=988, page_id=13800, browser=Firefox
Testing: csp_id=988, page_id=13900, browser=Firefox
Testing: csp_id=988, page_id=14000, browser=Firefox
Testing: csp_id=988, page_id=14100, browser=Firefox
Testing: csp_id=988, page_id=14200, browser=Firefox
Testing: csp_id=988, page_id=14300, browser=Firefox
Testing: csp_id=988, page_id=14400, browser=Firefox
Testing: csp_id=988, page_id=14500, browser=Firefox
Testing: csp_id=988, page_id=14600, browser=Firefox
Testing: csp_id=988, page_id=14700, browser=Firefox
Testing: csp_id=988, page_id=14800, browser=Firefox
Testing: csp_id=988, page_id=14900, browser=Firefox
Testing: csp_id=988, page_id=15000, browser=Firefox
Testing: csp_id=988, page_id=15100, browser=Firefox
Testing: csp_id=988, page_id=15200, browser=Firefox
Testing: csp_id=988, page_id=15300, browser=Firefox
Testing: csp_id=988, page_id=15400, browser=Firefox
Testing: csp_id=988, page_id=15500, browser=Firefox
Testing: csp_id=988, page_id=15600, browser=Firefox
Testing: csp_id=988, page_id=15700, browser=Firefox
Testing: csp_id=988, page_id=15800, browser=Firefox
Testing: csp_id=988, page_id=15900, browser=Firefox
Testing: csp_id=988, page_id=16000, browser=Firefox
Testing: csp_id=988, page_id=16100, browser=Firefox
Testing: csp_id=988, page_id=16200, browser=Firefox
Testing: csp_id=988, page_id=16300, browser=Firefox
Testing: csp_id=988, page_id=16400, browser=Firefox
Testing: csp_id=988, page_id=16500, browser=Firefox
Testing: csp_id=988, page_id=16600, browser=Firefox
Testing: csp_id=988, page_id=16700, browser=Firefox
Testing: csp_id=988, page_id=16800, browser=Firefox
Testing: csp_id=988, page_id=16900, browser=Firefox
Testing: csp_id=988, page_id=17000, browser=Firefox
Testing: csp_id=988, page_id=17100, browser=Firefox
Testing: csp_id=988, page_id=17200, browser=Firefox
Testing: csp_id=988, page_id=17300, browser=Firefox
Testing: csp_id=988, page_id=17400, browser=Firefox
Testing: csp_id=988, page_id=17500, browser=Firefox
Testing: csp_id=988, page_id=17600, browser=Firefox
Testing: csp_id=988, page_id=17700, browser=Firefox
Testing: csp_id=988, page_id=17800, browser=Firefox
Testing: csp_id=988, page_id=17900, browser=Firefox
Testing: csp_id=988, page_id=18000, browser=Firefox
Testing: csp_id=988, page_id=18100, browser=Firefox
Testing: csp_id=988, page_id=18200, browser=Firefox
Testing: csp_id=988, page_id=18300, browser=Firefox
Testing: csp_id=988, page_id=18400, browser=Firefox
Testing: csp_id=988, page_id=18500, browser=Firefox
Testing: csp_id=988, page_id=18600, browser=Firefox
Testing: csp_id=988, page_id=18700, browser=Firefox
Testing: csp_id=988, page_id=18800, browser=Firefox
Testing: csp_id=988, page_id=18900, browser=Firefox
Testing: csp_id=988, page_id=19000, browser=Firefox
Testing: csp_id=988, page_id=19100, browser=Firefox
Testing: csp_id=988, page_id=19200, browser=Firefox
Testing: csp_id=988, page_id=19300, browser=Firefox
Testing: csp_id=988, page_id=19400, browser=Firefox
Testing: csp_id=988, page_id=19500, browser=Firefox
Testing: csp_id=988, page_id=19600, browser=Firefox
Testing: csp_id=988, page_id=19700, browser=Firefox
Testing: csp_id=988, page_id=19800, browser=Firefox
Testing: csp_id=988, page_id=19900, browser=Firefox
Testing: csp_id=988, page_id=20000, browser=Firefox
Testing: csp_id=988, page_id=20100, browser=Firefox
Testing: csp_id=988, page_id=20200, browser=Firefox
Testing: csp_id=988, page_id=20300, browser=Firefox
Testing: csp_id=988, page_id=20400, browser=Firefox
Testing: csp_id=988, page_id=20500, browser=Firefox
Testing: csp_id=988, page_id=20600, browser=Firefox
Testing: csp_id=988, page_id=20700, browser=Firefox
Testing: csp_id=988, page_id=20800, browser=Firefox
Testing: csp_id=988, page_id=20900, browser=Firefox
Testing: csp_id=988, page_id=21000, browser=Firefox
Testing: csp_id=988, page_id=21100, browser=Firefox
Testing: csp_id=988, page_id=21200, browser=Firefox
Testing: csp_id=988, page_id=21300, browser=Firefox
Testing: csp_id=988, page_id=21400, browser=Firefox
Testing: csp_id=988, page_id=21500, browser=Firefox
Testing: csp_id=988, page_id=21600, browser=Firefox
Testing: csp_id=988, page_id=21700, browser=Firefox
Testing: csp_id=988, page_id=21800, browser=Firefox
Testing: csp_id=988, page_id=21900, browser=Firefox
Testing: csp_id=988, page_id=22000, browser=Firefox
Testing: csp_id=988, page_id=22100, browser=Firefox
Testing: csp_id=988, page_id=22200, browser=Firefox
Testing: csp_id=988, page_id=22300, browser=Firefox
Testing: csp_id=988, page_id=22400, browser=Firefox
Testing: csp_id=988, page_id=22500, browser=Firefox
Testing: csp_id=988, page_id=22600, browser=Firefox
Testing: csp_id=988, page_id=22700, browser=Firefox
Testing: csp_id=988, page_id=22800, browser=Firefox
Testing: csp_id=988, page_id=22900, browser=Firefox
Testing: csp_id=988, page_id=23000, browser=Firefox
Testing: csp_id=988, page_id=23100, browser=Firefox
Testing: csp_id=988, page_id=23200, browser=Firefox
Testing: csp_id=988, page_id=23300, browser=Firefox
Testing: csp_id=988, page_id=23400, browser=Firefox
Testing: csp_id=988, page_id=23500, browser=Firefox
Testing: csp_id=988, page_id=23600, browser=Firefox
Testing: csp_id=988, page_id=23700, browser=Firefox
Testing: csp_id=988, page_id=23800, browser=Firefox
Testing: csp_id=988, page_id=23900, browser=Firefox
Testing: csp_id=988, page_id=24000, browser=Firefox
Testing: csp_id=988, page_id=24100, browser=Firefox
Testing: csp_id=988, page_id=24200, browser=Firefox
Testing: csp_id=988, page_id=24300, browser=Firefox
Testing: csp_id=988, page_id=24400, browser=Firefox
Testing: csp_id=988, page_id=24500, browser=Firefox
Testing: csp_id=988, page_id=24600, browser=Firefox
Testing: csp_id=988, page_id=24700, browser=Firefox
Testing: csp_id=988, page_id=24800, browser=Firefox
Testing: csp_id=988, page_id=24900, browser=Firefox
Testing: csp_id=988, page_id=25000, browser=Firefox
Testing: csp_id=988, page_id=25100, browser=Firefox
Testing: csp_id=988, page_id=25200, browser=Firefox
Testing: csp_id=988, page_id=25300, browser=Firefox
Testing: csp_id=988, page_id=25400, browser=Firefox
Testing: csp_id=988, page_id=25500, browser=Firefox
Testing: csp_id=988, page_id=25600, browser=Firefox
Testing: csp_id=988, page_id=25700, browser=Firefox
Testing: csp_id=988, page_id=25800, browser=Firefox
Testing: csp_id=988, page_id=25900, browser=Firefox
Testing: csp_id=988, page_id=26000, browser=Firefox
Testing: csp_id=988, page_id=26100, browser=Firefox
Testing: csp_id=988, page_id=26200, browser=Firefox
Testing: csp_id=988, page_id=26300, browser=Firefox
Testing: csp_id=988, page_id=26400, browser=Firefox
Testing: csp_id=988, page_id=26500, browser=Firefox
Testing: csp_id=988, page_id=26600, browser=Firefox
Testing: csp_id=988, page_id=26700, browser=Firefox
Testing: csp_id=988, page_id=26800, browser=Firefox
Testing: csp_id=988, page_id=26900, browser=Firefox
Testing: csp_id=988, page_id=27000, browser=Firefox
Testing: csp_id=988, page_id=27100, browser=Firefox
Testing: csp_id=988, page_id=27200, browser=Firefox
Testing: csp_id=988, page_id=27300, browser=Firefox
Testing: csp_id=988, page_id=27400, browser=Firefox
Testing: csp_id=988, page_id=27500, browser=Firefox
Testing: csp_id=988, page_id=27600, browser=Firefox
Testing: csp_id=988, page_id=27700, browser=Firefox
Testing: csp_id=988, page_id=27800, browser=Firefox
Testing: csp_id=988, page_id=27900, browser=Firefox
Testing: csp_id=988, page_id=28000, browser=Firefox
Testing: csp_id=988, page_id=28100, browser=Firefox
Testing: csp_id=988, page_id=28200, browser=Firefox
Testing: csp_id=988, page_id=28300, browser=Firefox
Testing: csp_id=988, page_id=28400, browser=Firefox
Testing: csp_id=988, page_id=28500, browser=Firefox
Testing: csp_id=988, page_id=28600, browser=Firefox
Testing: csp_id=988, page_id=28700, browser=Firefox
Testing: csp_id=988, page_id=28800, browser=Firefox
Testing: csp_id=988, page_id=28900, browser=Firefox
Testing: csp_id=988, page_id=29000, browser=Firefox
Testing: csp_id=988, page_id=29100, browser=Firefox
Testing: csp_id=988, page_id=29200, browser=Firefox
Testing: csp_id=988, page_id=29300, browser=Firefox
Testing: csp_id=988, page_id=29400, browser=Firefox
Testing: csp_id=988, page_id=29500, browser=Firefox
Testing: csp_id=988, page_id=29600, browser=Firefox
Testing: csp_id=988, page_id=29700, browser=Firefox
Testing: csp_id=988, page_id=29800, browser=Firefox
🏊 create_context_pools[first] (5x16): 28.004s
Testing: csp_id=1004, page_id=0, browser=Firefox
Testing: csp_id=1004, page_id=100, browser=Firefox
Testing: csp_id=1004, page_id=200, browser=Firefox
Testing: csp_id=1004, page_id=300, browser=Firefox
Testing: csp_id=1004, page_id=400, browser=Firefox
Testing: csp_id=1004, page_id=500, browser=Firefox
Testing: csp_id=1004, page_id=600, browser=Firefox
Testing: csp_id=1004, page_id=700, browser=Firefox
Testing: csp_id=1004, page_id=800, browser=Firefox
Testing: csp_id=1004, page_id=900, browser=Firefox
Testing: csp_id=1004, page_id=1000, browser=Firefox
Testing: csp_id=1004, page_id=1100, browser=Firefox
Testing: csp_id=1004, page_id=1200, browser=Firefox
Testing: csp_id=1004, page_id=1300, browser=Firefox
Testing: csp_id=1004, page_id=1400, browser=Firefox
Testing: csp_id=1004, page_id=1500, browser=Firefox
Testing: csp_id=1004, page_id=1600, browser=Firefox
Testing: csp_id=1004, page_id=1700, browser=Firefox
Testing: csp_id=1004, page_id=1800, browser=Firefox
Testing: csp_id=1004, page_id=1900, browser=Firefox
Testing: csp_id=1004, page_id=2000, browser=Firefox
Testing: csp_id=1004, page_id=2100, browser=Firefox
Testing: csp_id=1004, page_id=2200, browser=Firefox
Testing: csp_id=1004, page_id=2300, browser=Firefox
Testing: csp_id=1004, page_id=2400, browser=Firefox
Testing: csp_id=1004, page_id=2500, browser=Firefox
Testing: csp_id=1004, page_id=2600, browser=Firefox
Testing: csp_id=1004, page_id=2700, browser=Firefox
Testing: csp_id=1004, page_id=2800, browser=Firefox
Testing: csp_id=1004, page_id=2900, browser=Firefox
Testing: csp_id=1004, page_id=3000, browser=Firefox
Testing: csp_id=1004, page_id=3100, browser=Firefox
Testing: csp_id=1004, page_id=3200, browser=Firefox
Testing: csp_id=1004, page_id=3300, browser=Firefox
Testing: csp_id=1004, page_id=3400, browser=Firefox
Testing: csp_id=1004, page_id=3500, browser=Firefox
Testing: csp_id=1004, page_id=3600, browser=Firefox
Testing: csp_id=1004, page_id=3700, browser=Firefox
Testing: csp_id=1004, page_id=3800, browser=Firefox
Testing: csp_id=1004, page_id=3900, browser=Firefox
Testing: csp_id=1004, page_id=4000, browser=Firefox
Testing: csp_id=1004, page_id=4100, browser=Firefox
Testing: csp_id=1004, page_id=4200, browser=Firefox
Testing: csp_id=1004, page_id=4300, browser=Firefox
Testing: csp_id=1004, page_id=4400, browser=Firefox
Testing: csp_id=1004, page_id=4500, browser=Firefox
Testing: csp_id=1004, page_id=4600, browser=Firefox
Testing: csp_id=1004, page_id=4700, browser=Firefox
Testing: csp_id=1004, page_id=4800, browser=Firefox
Testing: csp_id=1004, page_id=4900, browser=Firefox
Testing: csp_id=1004, page_id=5000, browser=Firefox
Testing: csp_id=1004, page_id=5100, browser=Firefox
Testing: csp_id=1004, page_id=5200, browser=Firefox
Testing: csp_id=1004, page_id=5300, browser=Firefox
Testing: csp_id=1004, page_id=5400, browser=Firefox
Testing: csp_id=1004, page_id=5500, browser=Firefox
Testing: csp_id=1004, page_id=5600, browser=Firefox
Testing: csp_id=1004, page_id=5700, browser=Firefox
Testing: csp_id=1004, page_id=5800, browser=Firefox
Testing: csp_id=1004, page_id=5900, browser=Firefox
Testing: csp_id=1004, page_id=6000, browser=Firefox
Testing: csp_id=1004, page_id=6100, browser=Firefox
Testing: csp_id=1004, page_id=6200, browser=Firefox
Testing: csp_id=1004, page_id=6300, browser=Firefox
Testing: csp_id=1004, page_id=6400, browser=Firefox
Testing: csp_id=1004, page_id=6500, browser=Firefox
Testing: csp_id=1004, page_id=6600, browser=Firefox
Testing: csp_id=1004, page_id=6700, browser=Firefox
Testing: csp_id=1004, page_id=6800, browser=Firefox
Testing: csp_id=1004, page_id=6900, browser=Firefox
Testing: csp_id=1004, page_id=7000, browser=Firefox
Testing: csp_id=1004, page_id=7100, browser=Firefox
Testing: csp_id=1004, page_id=7200, browser=Firefox
Testing: csp_id=1004, page_id=7300, browser=Firefox
Testing: csp_id=1004, page_id=7400, browser=Firefox
Testing: csp_id=1004, page_id=7500, browser=Firefox
Testing: csp_id=1004, page_id=7600, browser=Firefox
Testing: csp_id=1004, page_id=7700, browser=Firefox
Testing: csp_id=1004, page_id=7800, browser=Firefox
Testing: csp_id=1004, page_id=7900, browser=Firefox
Testing: csp_id=1004, page_id=8000, browser=Firefox
Testing: csp_id=1004, page_id=8100, browser=Firefox
Testing: csp_id=1004, page_id=8200, browser=Firefox
Testing: csp_id=1004, page_id=8300, browser=Firefox
Testing: csp_id=1004, page_id=8400, browser=Firefox
Testing: csp_id=1004, page_id=8500, browser=Firefox
Testing: csp_id=1004, page_id=8600, browser=Firefox
Testing: csp_id=1004, page_id=8700, browser=Firefox
Testing: csp_id=1004, page_id=8800, browser=Firefox
Testing: csp_id=1004, page_id=8900, browser=Firefox
Testing: csp_id=1004, page_id=9000, browser=Firefox
Testing: csp_id=1004, page_id=9100, browser=Firefox
Testing: csp_id=1004, page_id=9200, browser=Firefox
Testing: csp_id=1004, page_id=9300, browser=Firefox
Testing: csp_id=1004, page_id=9400, browser=Firefox
Testing: csp_id=1004, page_id=9500, browser=Firefox
Testing: csp_id=1004, page_id=9600, browser=Firefox
Testing: csp_id=1004, page_id=9700, browser=Firefox
Testing: csp_id=1004, page_id=9800, browser=Firefox
Testing: csp_id=1004, page_id=9900, browser=Firefox
Testing: csp_id=1004, page_id=10000, browser=Firefox
Testing: csp_id=1004, page_id=10100, browser=Firefox
Testing: csp_id=1004, page_id=10200, browser=Firefox
Testing: csp_id=1004, page_id=10300, browser=Firefox
Testing: csp_id=1004, page_id=10400, browser=Firefox
Testing: csp_id=1004, page_id=10500, browser=Firefox
Testing: csp_id=1004, page_id=10600, browser=Firefox
Testing: csp_id=1004, page_id=10700, browser=Firefox
Testing: csp_id=1004, page_id=10800, browser=Firefox
Testing: csp_id=1004, page_id=10900, browser=Firefox
Testing: csp_id=1004, page_id=11000, browser=Firefox
Testing: csp_id=1004, page_id=11100, browser=Firefox
Testing: csp_id=1004, page_id=11200, browser=Firefox
Testing: csp_id=1004, page_id=11300, browser=Firefox
Testing: csp_id=1004, page_id=11400, browser=Firefox
Testing: csp_id=1004, page_id=11500, browser=Firefox
Testing: csp_id=1004, page_id=11600, browser=Firefox
Testing: csp_id=1004, page_id=11700, browser=Firefox
Testing: csp_id=1004, page_id=11800, browser=Firefox
Testing: csp_id=1004, page_id=11900, browser=Firefox
Testing: csp_id=1004, page_id=12000, browser=Firefox
Testing: csp_id=1004, page_id=12100, browser=Firefox
Testing: csp_id=1004, page_id=12200, browser=Firefox
Testing: csp_id=1004, page_id=12300, browser=Firefox
Testing: csp_id=1004, page_id=12400, browser=Firefox
Testing: csp_id=1004, page_id=12500, browser=Firefox
Testing: csp_id=1004, page_id=12600, browser=Firefox
Testing: csp_id=1004, page_id=12700, browser=Firefox
Testing: csp_id=1004, page_id=12800, browser=Firefox
Testing: csp_id=1004, page_id=12900, browser=Firefox
Testing: csp_id=1004, page_id=13000, browser=Firefox
Testing: csp_id=1004, page_id=13100, browser=Firefox
Testing: csp_id=1004, page_id=13200, browser=Firefox
Testing: csp_id=1004, page_id=13300, browser=Firefox
Testing: csp_id=1004, page_id=13400, browser=Firefox
Testing: csp_id=1004, page_id=13500, browser=Firefox
Testing: csp_id=1004, page_id=13600, browser=Firefox
Testing: csp_id=1004, page_id=13700, browser=Firefox
Testing: csp_id=1004, page_id=13800, browser=Firefox
Testing: csp_id=1004, page_id=13900, browser=Firefox
Testing: csp_id=1004, page_id=14000, browser=Firefox
Testing: csp_id=1004, page_id=14100, browser=Firefox
Testing: csp_id=1004, page_id=14200, browser=Firefox
Testing: csp_id=1004, page_id=14300, browser=Firefox
Testing: csp_id=1004, page_id=14400, browser=Firefox
Testing: csp_id=1004, page_id=14500, browser=Firefox
Testing: csp_id=1004, page_id=14600, browser=Firefox
Testing: csp_id=1004, page_id=14700, browser=Firefox
Testing: csp_id=1004, page_id=14800, browser=Firefox
Testing: csp_id=1004, page_id=14900, browser=Firefox
Testing: csp_id=1004, page_id=15000, browser=Firefox
Testing: csp_id=1004, page_id=15100, browser=Firefox
Testing: csp_id=1004, page_id=15200, browser=Firefox
Testing: csp_id=1004, page_id=15300, browser=Firefox
Testing: csp_id=1004, page_id=15400, browser=Firefox
Testing: csp_id=1004, page_id=15500, browser=Firefox
Testing: csp_id=1004, page_id=15600, browser=Firefox
Testing: csp_id=1004, page_id=15700, browser=Firefox
Testing: csp_id=1004, page_id=15800, browser=Firefox
Testing: csp_id=1004, page_id=15900, browser=Firefox
Testing: csp_id=1004, page_id=16000, browser=Firefox
Testing: csp_id=1004, page_id=16100, browser=Firefox
Testing: csp_id=1004, page_id=16200, browser=Firefox
Testing: csp_id=1004, page_id=16300, browser=Firefox
Testing: csp_id=1004, page_id=16400, browser=Firefox
Testing: csp_id=1004, page_id=16500, browser=Firefox
Testing: csp_id=1004, page_id=16600, browser=Firefox
Testing: csp_id=1004, page_id=16700, browser=Firefox
Testing: csp_id=1004, page_id=16800, browser=Firefox
Testing: csp_id=1004, page_id=16900, browser=Firefox
Testing: csp_id=1004, page_id=17000, browser=Firefox
Testing: csp_id=1004, page_id=17100, browser=Firefox
Testing: csp_id=1004, page_id=17200, browser=Firefox
Testing: csp_id=1004, page_id=17300, browser=Firefox
Testing: csp_id=1004, page_id=17400, browser=Firefox
Testing: csp_id=1004, page_id=17500, browser=Firefox
Testing: csp_id=1004, page_id=17600, browser=Firefox
Testing: csp_id=1004, page_id=17700, browser=Firefox
Testing: csp_id=1004, page_id=17800, browser=Firefox
Testing: csp_id=1004, page_id=17900, browser=Firefox
Testing: csp_id=1004, page_id=18000, browser=Firefox
Testing: csp_id=1004, page_id=18100, browser=Firefox
Testing: csp_id=1004, page_id=18200, browser=Firefox
Testing: csp_id=1004, page_id=18300, browser=Firefox
Testing: csp_id=1004, page_id=18400, browser=Firefox
Testing: csp_id=1004, page_id=18500, browser=Firefox
Testing: csp_id=1004, page_id=18600, browser=Firefox
Testing: csp_id=1004, page_id=18700, browser=Firefox
Testing: csp_id=1004, page_id=18800, browser=Firefox
Testing: csp_id=1004, page_id=18900, browser=Firefox
Testing: csp_id=1004, page_id=19000, browser=Firefox
Testing: csp_id=1004, page_id=19100, browser=Firefox
Testing: csp_id=1004, page_id=19200, browser=Firefox
Testing: csp_id=1004, page_id=19300, browser=Firefox
Testing: csp_id=1004, page_id=19400, browser=Firefox
Testing: csp_id=1004, page_id=19500, browser=Firefox
Testing: csp_id=1004, page_id=19600, browser=Firefox
Testing: csp_id=1004, page_id=19700, browser=Firefox
Testing: csp_id=1004, page_id=19800, browser=Firefox
Testing: csp_id=1004, page_id=19900, browser=Firefox
Testing: csp_id=1004, page_id=20000, browser=Firefox
Testing: csp_id=1004, page_id=20100, browser=Firefox
Testing: csp_id=1004, page_id=20200, browser=Firefox
Testing: csp_id=1004, page_id=20300, browser=Firefox
Testing: csp_id=1004, page_id=20400, browser=Firefox
Testing: csp_id=1004, page_id=20500, browser=Firefox
Testing: csp_id=1004, page_id=20600, browser=Firefox
Testing: csp_id=1004, page_id=20700, browser=Firefox
Testing: csp_id=1004, page_id=20800, browser=Firefox
Testing: csp_id=1004, page_id=20900, browser=Firefox
Testing: csp_id=1004, page_id=21000, browser=Firefox
Testing: csp_id=1004, page_id=21100, browser=Firefox
Testing: csp_id=1004, page_id=21200, browser=Firefox
Testing: csp_id=1004, page_id=21300, browser=Firefox
Testing: csp_id=1004, page_id=21400, browser=Firefox
Testing: csp_id=1004, page_id=21500, browser=Firefox
Testing: csp_id=1004, page_id=21600, browser=Firefox
Testing: csp_id=1004, page_id=21700, browser=Firefox
Testing: csp_id=1004, page_id=21800, browser=Firefox
Testing: csp_id=1004, page_id=21900, browser=Firefox
Testing: csp_id=1004, page_id=22000, browser=Firefox
Testing: csp_id=1004, page_id=22100, browser=Firefox
Testing: csp_id=1004, page_id=22200, browser=Firefox
Testing: csp_id=1004, page_id=22300, browser=Firefox
Testing: csp_id=1004, page_id=22400, browser=Firefox
Testing: csp_id=1004, page_id=22500, browser=Firefox
Testing: csp_id=1004, page_id=22600, browser=Firefox
Testing: csp_id=1004, page_id=22700, browser=Firefox
Testing: csp_id=1004, page_id=22800, browser=Firefox
Testing: csp_id=1004, page_id=22900, browser=Firefox
Testing: csp_id=1004, page_id=23000, browser=Firefox
Testing: csp_id=1004, page_id=23100, browser=Firefox
Testing: csp_id=1004, page_id=23200, browser=Firefox
Testing: csp_id=1004, page_id=23300, browser=Firefox
Testing: csp_id=1004, page_id=23400, browser=Firefox
Testing: csp_id=1004, page_id=23500, browser=Firefox
Testing: csp_id=1004, page_id=23600, browser=Firefox
Testing: csp_id=1004, page_id=23700, browser=Firefox
Testing: csp_id=1004, page_id=23800, browser=Firefox
Testing: csp_id=1004, page_id=23900, browser=Firefox
Testing: csp_id=1004, page_id=24000, browser=Firefox
Testing: csp_id=1004, page_id=24100, browser=Firefox
Testing: csp_id=1004, page_id=24200, browser=Firefox
Testing: csp_id=1004, page_id=24300, browser=Firefox
Testing: csp_id=1004, page_id=24400, browser=Firefox
Testing: csp_id=1004, page_id=24500, browser=Firefox
Testing: csp_id=1004, page_id=24600, browser=Firefox
Testing: csp_id=1004, page_id=24700, browser=Firefox
Testing: csp_id=1004, page_id=24800, browser=Firefox
Testing: csp_id=1004, page_id=24900, browser=Firefox
Testing: csp_id=1004, page_id=25000, browser=Firefox
Testing: csp_id=1004, page_id=25100, browser=Firefox
Testing: csp_id=1004, page_id=25200, browser=Firefox
Testing: csp_id=1004, page_id=25300, browser=Firefox
Testing: csp_id=1004, page_id=25400, browser=Firefox
Testing: csp_id=1004, page_id=25500, browser=Firefox
Testing: csp_id=1004, page_id=25600, browser=Firefox
Testing: csp_id=1004, page_id=25700, browser=Firefox
Testing: csp_id=1004, page_id=25800, browser=Firefox
Testing: csp_id=1004, page_id=25900, browser=Firefox
Testing: csp_id=1004, page_id=26000, browser=Firefox
Testing: csp_id=1004, page_id=26100, browser=Firefox
Testing: csp_id=1004, page_id=26200, browser=Firefox
Testing: csp_id=1004, page_id=26300, browser=Firefox
Testing: csp_id=1004, page_id=26400, browser=Firefox
Testing: csp_id=1004, page_id=26500, browser=Firefox
Testing: csp_id=1004, page_id=26600, browser=Firefox
Testing: csp_id=1004, page_id=26700, browser=Firefox
Testing: csp_id=1004, page_id=26800, browser=Firefox
Testing: csp_id=1004, page_id=26900, browser=Firefox
Testing: csp_id=1004, page_id=27000, browser=Firefox
Testing: csp_id=1004, page_id=27100, browser=Firefox
Testing: csp_id=1004, page_id=27200, browser=Firefox
Testing: csp_id=1004, page_id=27300, browser=Firefox
Testing: csp_id=1004, page_id=27400, browser=Firefox
Testing: csp_id=1004, page_id=27500, browser=Firefox
Testing: csp_id=1004, page_id=27600, browser=Firefox
Testing: csp_id=1004, page_id=27700, browser=Firefox
Testing: csp_id=1004, page_id=27800, browser=Firefox
Testing: csp_id=1004, page_id=27900, browser=Firefox
Testing: csp_id=1004, page_id=28000, browser=Firefox
Testing: csp_id=1004, page_id=28100, browser=Firefox
Testing: csp_id=1004, page_id=28200, browser=Firefox
Testing: csp_id=1004, page_id=28300, browser=Firefox
Testing: csp_id=1004, page_id=28400, browser=Firefox
Testing: csp_id=1004, page_id=28500, browser=Firefox
Testing: csp_id=1004, page_id=28600, browser=Firefox
Testing: csp_id=1004, page_id=28700, browser=Firefox
Testing: csp_id=1004, page_id=28800, browser=Firefox
Testing: csp_id=1004, page_id=28900, browser=Firefox
Testing: csp_id=1004, page_id=29000, browser=Firefox
Testing: csp_id=1004, page_id=29100, browser=Firefox
Testing: csp_id=1004, page_id=29200, browser=Firefox
Testing: csp_id=1004, page_id=29300, browser=Firefox
Testing: csp_id=1004, page_id=29400, browser=Firefox
Testing: csp_id=1004, page_id=29500, browser=Firefox
Testing: csp_id=1004, page_id=29600, browser=Firefox
Testing: csp_id=1004, page_id=29700, browser=Firefox
Testing: csp_id=1004, page_id=29800, browser=Firefox
🏊 create_context_pools[first] (5x16): 27.424s
Testing: csp_id=1013, page_id=0, browser=Firefox
Testing: csp_id=1013, page_id=100, browser=Firefox
Testing: csp_id=1013, page_id=200, browser=Firefox
Testing: csp_id=1013, page_id=300, browser=Firefox
Testing: csp_id=1013, page_id=400, browser=Firefox
Testing: csp_id=1013, page_id=500, browser=Firefox
Testing: csp_id=1013, page_id=600, browser=Firefox
Testing: csp_id=1013, page_id=700, browser=Firefox
Testing: csp_id=1013, page_id=800, browser=Firefox
Testing: csp_id=1013, page_id=900, browser=Firefox
Testing: csp_id=1013, page_id=1000, browser=Firefox
Testing: csp_id=1013, page_id=1100, browser=Firefox
Testing: csp_id=1013, page_id=1200, browser=Firefox
Testing: csp_id=1013, page_id=1300, browser=Firefox
Testing: csp_id=1013, page_id=1400, browser=Firefox
Testing: csp_id=1013, page_id=1500, browser=Firefox
Testing: csp_id=1013, page_id=1600, browser=Firefox
Testing: csp_id=1013, page_id=1700, browser=Firefox
Testing: csp_id=1013, page_id=1800, browser=Firefox
Testing: csp_id=1013, page_id=1900, browser=Firefox
Testing: csp_id=1013, page_id=2000, browser=Firefox
Testing: csp_id=1013, page_id=2100, browser=Firefox
Testing: csp_id=1013, page_id=2200, browser=Firefox
Testing: csp_id=1013, page_id=2300, browser=Firefox
Testing: csp_id=1013, page_id=2400, browser=Firefox
Testing: csp_id=1013, page_id=2500, browser=Firefox
Testing: csp_id=1013, page_id=2600, browser=Firefox
Testing: csp_id=1013, page_id=2700, browser=Firefox
Testing: csp_id=1013, page_id=2800, browser=Firefox
Testing: csp_id=1013, page_id=2900, browser=Firefox
Testing: csp_id=1013, page_id=3000, browser=Firefox
Testing: csp_id=1013, page_id=3100, browser=Firefox
Testing: csp_id=1013, page_id=3200, browser=Firefox
Testing: csp_id=1013, page_id=3300, browser=Firefox
Testing: csp_id=1013, page_id=3400, browser=Firefox
Testing: csp_id=1013, page_id=3500, browser=Firefox
Testing: csp_id=1013, page_id=3600, browser=Firefox
Testing: csp_id=1013, page_id=3700, browser=Firefox
Testing: csp_id=1013, page_id=3800, browser=Firefox
Testing: csp_id=1013, page_id=3900, browser=Firefox
Testing: csp_id=1013, page_id=4000, browser=Firefox
Testing: csp_id=1013, page_id=4100, browser=Firefox
Testing: csp_id=1013, page_id=4200, browser=Firefox
Testing: csp_id=1013, page_id=4300, browser=Firefox
Testing: csp_id=1013, page_id=4400, browser=Firefox
Testing: csp_id=1013, page_id=4500, browser=Firefox
Testing: csp_id=1013, page_id=4600, browser=Firefox
Testing: csp_id=1013, page_id=4700, browser=Firefox
Testing: csp_id=1013, page_id=4800, browser=Firefox
Testing: csp_id=1013, page_id=4900, browser=Firefox
Testing: csp_id=1013, page_id=5000, browser=Firefox
Testing: csp_id=1013, page_id=5100, browser=Firefox
Testing: csp_id=1013, page_id=5200, browser=Firefox
Testing: csp_id=1013, page_id=5300, browser=Firefox
Testing: csp_id=1013, page_id=5400, browser=Firefox
Testing: csp_id=1013, page_id=5500, browser=Firefox
Testing: csp_id=1013, page_id=5600, browser=Firefox
Testing: csp_id=1013, page_id=5700, browser=Firefox
Testing: csp_id=1013, page_id=5800, browser=Firefox
Testing: csp_id=1013, page_id=5900, browser=Firefox
Testing: csp_id=1013, page_id=6000, browser=Firefox
Testing: csp_id=1013, page_id=6100, browser=Firefox
Testing: csp_id=1013, page_id=6200, browser=Firefox
Testing: csp_id=1013, page_id=6300, browser=Firefox
Testing: csp_id=1013, page_id=6400, browser=Firefox
Testing: csp_id=1013, page_id=6500, browser=Firefox
Testing: csp_id=1013, page_id=6600, browser=Firefox
Testing: csp_id=1013, page_id=6700, browser=Firefox
Testing: csp_id=1013, page_id=6800, browser=Firefox
Testing: csp_id=1013, page_id=6900, browser=Firefox
Testing: csp_id=1013, page_id=7000, browser=Firefox
Testing: csp_id=1013, page_id=7100, browser=Firefox
Testing: csp_id=1013, page_id=7200, browser=Firefox
Testing: csp_id=1013, page_id=7300, browser=Firefox
Testing: csp_id=1013, page_id=7400, browser=Firefox
Testing: csp_id=1013, page_id=7500, browser=Firefox
Testing: csp_id=1013, page_id=7600, browser=Firefox
Testing: csp_id=1013, page_id=7700, browser=Firefox
Testing: csp_id=1013, page_id=7800, browser=Firefox
Testing: csp_id=1013, page_id=7900, browser=Firefox
Testing: csp_id=1013, page_id=8000, browser=Firefox
Testing: csp_id=1013, page_id=8100, browser=Firefox
Testing: csp_id=1013, page_id=8200, browser=Firefox
Testing: csp_id=1013, page_id=8300, browser=Firefox
Testing: csp_id=1013, page_id=8400, browser=Firefox
Testing: csp_id=1013, page_id=8500, browser=Firefox
Testing: csp_id=1013, page_id=8600, browser=Firefox
Testing: csp_id=1013, page_id=8700, browser=Firefox
Testing: csp_id=1013, page_id=8800, browser=Firefox
Testing: csp_id=1013, page_id=8900, browser=Firefox
Testing: csp_id=1013, page_id=9000, browser=Firefox
Testing: csp_id=1013, page_id=9100, browser=Firefox
Testing: csp_id=1013, page_id=9200, browser=Firefox
Testing: csp_id=1013, page_id=9300, browser=Firefox
Testing: csp_id=1013, page_id=9400, browser=Firefox
Testing: csp_id=1013, page_id=9500, browser=Firefox
Testing: csp_id=1013, page_id=9600, browser=Firefox
Testing: csp_id=1013, page_id=9700, browser=Firefox
Testing: csp_id=1013, page_id=9800, browser=Firefox
Testing: csp_id=1013, page_id=9900, browser=Firefox
Testing: csp_id=1013, page_id=10000, browser=Firefox
Testing: csp_id=1013, page_id=10100, browser=Firefox
Testing: csp_id=1013, page_id=10200, browser=Firefox
Testing: csp_id=1013, page_id=10300, browser=Firefox
Testing: csp_id=1013, page_id=10400, browser=Firefox
Testing: csp_id=1013, page_id=10500, browser=Firefox
Testing: csp_id=1013, page_id=10600, browser=Firefox
Testing: csp_id=1013, page_id=10700, browser=Firefox
Testing: csp_id=1013, page_id=10800, browser=Firefox
Testing: csp_id=1013, page_id=10900, browser=Firefox
Testing: csp_id=1013, page_id=11000, browser=Firefox
Testing: csp_id=1013, page_id=11100, browser=Firefox
Testing: csp_id=1013, page_id=11200, browser=Firefox
Testing: csp_id=1013, page_id=11300, browser=Firefox
Testing: csp_id=1013, page_id=11400, browser=Firefox
Testing: csp_id=1013, page_id=11500, browser=Firefox
Testing: csp_id=1013, page_id=11600, browser=Firefox
Testing: csp_id=1013, page_id=11700, browser=Firefox
Testing: csp_id=1013, page_id=11800, browser=Firefox
Testing: csp_id=1013, page_id=11900, browser=Firefox
Testing: csp_id=1013, page_id=12000, browser=Firefox
Testing: csp_id=1013, page_id=12100, browser=Firefox
Testing: csp_id=1013, page_id=12200, browser=Firefox
Testing: csp_id=1013, page_id=12300, browser=Firefox
Testing: csp_id=1013, page_id=12400, browser=Firefox
Testing: csp_id=1013, page_id=12500, browser=Firefox
Testing: csp_id=1013, page_id=12600, browser=Firefox
Testing: csp_id=1013, page_id=12700, browser=Firefox
Testing: csp_id=1013, page_id=12800, browser=Firefox
Testing: csp_id=1013, page_id=12900, browser=Firefox
Testing: csp_id=1013, page_id=13000, browser=Firefox
Testing: csp_id=1013, page_id=13100, browser=Firefox
Testing: csp_id=1013, page_id=13200, browser=Firefox
Testing: csp_id=1013, page_id=13300, browser=Firefox
Testing: csp_id=1013, page_id=13400, browser=Firefox
Testing: csp_id=1013, page_id=13500, browser=Firefox
Testing: csp_id=1013, page_id=13600, browser=Firefox
Testing: csp_id=1013, page_id=13700, browser=Firefox
Testing: csp_id=1013, page_id=13800, browser=Firefox
Testing: csp_id=1013, page_id=13900, browser=Firefox
Testing: csp_id=1013, page_id=14000, browser=Firefox
Testing: csp_id=1013, page_id=14100, browser=Firefox
Testing: csp_id=1013, page_id=14200, browser=Firefox
Testing: csp_id=1013, page_id=14300, browser=Firefox
Testing: csp_id=1013, page_id=14400, browser=Firefox
Testing: csp_id=1013, page_id=14500, browser=Firefox
Testing: csp_id=1013, page_id=14600, browser=Firefox
Testing: csp_id=1013, page_id=14700, browser=Firefox
Testing: csp_id=1013, page_id=14800, browser=Firefox
Testing: csp_id=1013, page_id=14900, browser=Firefox
Testing: csp_id=1013, page_id=15000, browser=Firefox
Testing: csp_id=1013, page_id=15100, browser=Firefox
Testing: csp_id=1013, page_id=15200, browser=Firefox
Testing: csp_id=1013, page_id=15300, browser=Firefox
Testing: csp_id=1013, page_id=15400, browser=Firefox
Testing: csp_id=1013, page_id=15500, browser=Firefox
Testing: csp_id=1013, page_id=15600, browser=Firefox
Testing: csp_id=1013, page_id=15700, browser=Firefox
Testing: csp_id=1013, page_id=15800, browser=Firefox
Testing: csp_id=1013, page_id=15900, browser=Firefox
Testing: csp_id=1013, page_id=16000, browser=Firefox
Testing: csp_id=1013, page_id=16100, browser=Firefox
Testing: csp_id=1013, page_id=16200, browser=Firefox
Testing: csp_id=1013, page_id=16300, browser=Firefox
Testing: csp_id=1013, page_id=16400, browser=Firefox
Testing: csp_id=1013, page_id=16500, browser=Firefox
Testing: csp_id=1013, page_id=16600, browser=Firefox
Testing: csp_id=1013, page_id=16700, browser=Firefox
Testing: csp_id=1013, page_id=16800, browser=Firefox
Testing: csp_id=1013, page_id=16900, browser=Firefox
Testing: csp_id=1013, page_id=17000, browser=Firefox
Testing: csp_id=1013, page_id=17100, browser=Firefox
Testing: csp_id=1013, page_id=17200, browser=Firefox
Testing: csp_id=1013, page_id=17300, browser=Firefox
Testing: csp_id=1013, page_id=17400, browser=Firefox
Testing: csp_id=1013, page_id=17500, browser=Firefox
Testing: csp_id=1013, page_id=17600, browser=Firefox
Testing: csp_id=1013, page_id=17700, browser=Firefox
Testing: csp_id=1013, page_id=17800, browser=Firefox
Testing: csp_id=1013, page_id=17900, browser=Firefox
Testing: csp_id=1013, page_id=18000, browser=Firefox
Testing: csp_id=1013, page_id=18100, browser=Firefox
Testing: csp_id=1013, page_id=18200, browser=Firefox
Testing: csp_id=1013, page_id=18300, browser=Firefox
Testing: csp_id=1013, page_id=18400, browser=Firefox
Testing: csp_id=1013, page_id=18500, browser=Firefox
Testing: csp_id=1013, page_id=18600, browser=Firefox
Testing: csp_id=1013, page_id=18700, browser=Firefox
Testing: csp_id=1013, page_id=18800, browser=Firefox
Testing: csp_id=1013, page_id=18900, browser=Firefox
Testing: csp_id=1013, page_id=19000, browser=Firefox
Testing: csp_id=1013, page_id=19100, browser=Firefox
Testing: csp_id=1013, page_id=19200, browser=Firefox
Testing: csp_id=1013, page_id=19300, browser=Firefox
Testing: csp_id=1013, page_id=19400, browser=Firefox
Testing: csp_id=1013, page_id=19500, browser=Firefox
Testing: csp_id=1013, page_id=19600, browser=Firefox
Testing: csp_id=1013, page_id=19700, browser=Firefox
Testing: csp_id=1013, page_id=19800, browser=Firefox
Testing: csp_id=1013, page_id=19900, browser=Firefox
Testing: csp_id=1013, page_id=20000, browser=Firefox
Testing: csp_id=1013, page_id=20100, browser=Firefox
Testing: csp_id=1013, page_id=20200, browser=Firefox
Testing: csp_id=1013, page_id=20300, browser=Firefox
Testing: csp_id=1013, page_id=20400, browser=Firefox
Testing: csp_id=1013, page_id=20500, browser=Firefox
Testing: csp_id=1013, page_id=20600, browser=Firefox
Testing: csp_id=1013, page_id=20700, browser=Firefox
Testing: csp_id=1013, page_id=20800, browser=Firefox
Testing: csp_id=1013, page_id=20900, browser=Firefox
Testing: csp_id=1013, page_id=21000, browser=Firefox
Testing: csp_id=1013, page_id=21100, browser=Firefox
Testing: csp_id=1013, page_id=21200, browser=Firefox
Testing: csp_id=1013, page_id=21300, browser=Firefox
Testing: csp_id=1013, page_id=21400, browser=Firefox
Testing: csp_id=1013, page_id=21500, browser=Firefox
Testing: csp_id=1013, page_id=21600, browser=Firefox
Testing: csp_id=1013, page_id=21700, browser=Firefox
Testing: csp_id=1013, page_id=21800, browser=Firefox
Testing: csp_id=1013, page_id=21900, browser=Firefox
Testing: csp_id=1013, page_id=22000, browser=Firefox
Testing: csp_id=1013, page_id=22100, browser=Firefox
Testing: csp_id=1013, page_id=22200, browser=Firefox
Testing: csp_id=1013, page_id=22300, browser=Firefox
Testing: csp_id=1013, page_id=22400, browser=Firefox
Testing: csp_id=1013, page_id=22500, browser=Firefox
Testing: csp_id=1013, page_id=22600, browser=Firefox
Testing: csp_id=1013, page_id=22700, browser=Firefox
Testing: csp_id=1013, page_id=22800, browser=Firefox
Testing: csp_id=1013, page_id=22900, browser=Firefox
Testing: csp_id=1013, page_id=23000, browser=Firefox
Testing: csp_id=1013, page_id=23100, browser=Firefox
Testing: csp_id=1013, page_id=23200, browser=Firefox
Testing: csp_id=1013, page_id=23300, browser=Firefox
Testing: csp_id=1013, page_id=23400, browser=Firefox
Testing: csp_id=1013, page_id=23500, browser=Firefox
Testing: csp_id=1013, page_id=23600, browser=Firefox
Testing: csp_id=1013, page_id=23700, browser=Firefox
Testing: csp_id=1013, page_id=23800, browser=Firefox
Testing: csp_id=1013, page_id=23900, browser=Firefox
Testing: csp_id=1013, page_id=24000, browser=Firefox
Testing: csp_id=1013, page_id=24100, browser=Firefox
Testing: csp_id=1013, page_id=24200, browser=Firefox
Testing: csp_id=1013, page_id=24300, browser=Firefox
Testing: csp_id=1013, page_id=24400, browser=Firefox
Testing: csp_id=1013, page_id=24500, browser=Firefox
Testing: csp_id=1013, page_id=24600, browser=Firefox
Testing: csp_id=1013, page_id=24700, browser=Firefox
Testing: csp_id=1013, page_id=24800, browser=Firefox
Testing: csp_id=1013, page_id=24900, browser=Firefox
Testing: csp_id=1013, page_id=25000, browser=Firefox
Testing: csp_id=1013, page_id=25100, browser=Firefox
Testing: csp_id=1013, page_id=25200, browser=Firefox
Testing: csp_id=1013, page_id=25300, browser=Firefox
Testing: csp_id=1013, page_id=25400, browser=Firefox
Testing: csp_id=1013, page_id=25500, browser=Firefox
Testing: csp_id=1013, page_id=25600, browser=Firefox
Testing: csp_id=1013, page_id=25700, browser=Firefox
Testing: csp_id=1013, page_id=25800, browser=Firefox
Testing: csp_id=1013, page_id=25900, browser=Firefox
Testing: csp_id=1013, page_id=26000, browser=Firefox
Testing: csp_id=1013, page_id=26100, browser=Firefox
Testing: csp_id=1013, page_id=26200, browser=Firefox
Testing: csp_id=1013, page_id=26300, browser=Firefox
Testing: csp_id=1013, page_id=26400, browser=Firefox
Testing: csp_id=1013, page_id=26500, browser=Firefox
Testing: csp_id=1013, page_id=26600, browser=Firefox
Testing: csp_id=1013, page_id=26700, browser=Firefox
Testing: csp_id=1013, page_id=26800, browser=Firefox
Testing: csp_id=1013, page_id=26900, browser=Firefox
Testing: csp_id=1013, page_id=27000, browser=Firefox
Testing: csp_id=1013, page_id=27100, browser=Firefox
Testing: csp_id=1013, page_id=27200, browser=Firefox
Testing: csp_id=1013, page_id=27300, browser=Firefox
Testing: csp_id=1013, page_id=27400, browser=Firefox
Testing: csp_id=1013, page_id=27500, browser=Firefox
Testing: csp_id=1013, page_id=27600, browser=Firefox
Testing: csp_id=1013, page_id=27700, browser=Firefox
Testing: csp_id=1013, page_id=27800, browser=Firefox
Testing: csp_id=1013, page_id=27900, browser=Firefox
Testing: csp_id=1013, page_id=28000, browser=Firefox
Testing: csp_id=1013, page_id=28100, browser=Firefox
Testing: csp_id=1013, page_id=28200, browser=Firefox
Testing: csp_id=1013, page_id=28300, browser=Firefox
Testing: csp_id=1013, page_id=28400, browser=Firefox
Testing: csp_id=1013, page_id=28500, browser=Firefox
Testing: csp_id=1013, page_id=28600, browser=Firefox
Testing: csp_id=1013, page_id=28700, browser=Firefox
Testing: csp_id=1013, page_id=28800, browser=Firefox
Testing: csp_id=1013, page_id=28900, browser=Firefox
Testing: csp_id=1013, page_id=29000, browser=Firefox
Testing: csp_id=1013, page_id=29100, browser=Firefox
Testing: csp_id=1013, page_id=29200, browser=Firefox
Testing: csp_id=1013, page_id=29300, browser=Firefox
Testing: csp_id=1013, page_id=29400, browser=Firefox
Testing: csp_id=1013, page_id=29500, browser=Firefox
Testing: csp_id=1013, page_id=29600, browser=Firefox
Testing: csp_id=1013, page_id=29700, browser=Firefox
Testing: csp_id=1013, page_id=29800, browser=Firefox
🏊 create_context_pools[first] (5x16): 26.097s
Testing: csp_id=1024, page_id=0, browser=Firefox
Testing: csp_id=1024, page_id=100, browser=Firefox
Testing: csp_id=1024, page_id=200, browser=Firefox
Testing: csp_id=1024, page_id=300, browser=Firefox
Testing: csp_id=1024, page_id=400, browser=Firefox
Testing: csp_id=1024, page_id=500, browser=Firefox
Testing: csp_id=1024, page_id=600, browser=Firefox
Testing: csp_id=1024, page_id=700, browser=Firefox
Testing: csp_id=1024, page_id=800, browser=Firefox
Testing: csp_id=1024, page_id=900, browser=Firefox
Testing: csp_id=1024, page_id=1000, browser=Firefox
Testing: csp_id=1024, page_id=1100, browser=Firefox
Testing: csp_id=1024, page_id=1200, browser=Firefox
Testing: csp_id=1024, page_id=1300, browser=Firefox
Testing: csp_id=1024, page_id=1400, browser=Firefox
Testing: csp_id=1024, page_id=1500, browser=Firefox
Testing: csp_id=1024, page_id=1600, browser=Firefox
Testing: csp_id=1024, page_id=1700, browser=Firefox
Testing: csp_id=1024, page_id=1800, browser=Firefox
Testing: csp_id=1024, page_id=1900, browser=Firefox
Testing: csp_id=1024, page_id=2000, browser=Firefox
Testing: csp_id=1024, page_id=2100, browser=Firefox
Testing: csp_id=1024, page_id=2200, browser=Firefox
Testing: csp_id=1024, page_id=2300, browser=Firefox
Testing: csp_id=1024, page_id=2400, browser=Firefox
Testing: csp_id=1024, page_id=2500, browser=Firefox
Testing: csp_id=1024, page_id=2600, browser=Firefox
Testing: csp_id=1024, page_id=2700, browser=Firefox
Testing: csp_id=1024, page_id=2800, browser=Firefox
Testing: csp_id=1024, page_id=2900, browser=Firefox
Testing: csp_id=1024, page_id=3000, browser=Firefox
Testing: csp_id=1024, page_id=3100, browser=Firefox
Testing: csp_id=1024, page_id=3200, browser=Firefox
Testing: csp_id=1024, page_id=3300, browser=Firefox
Testing: csp_id=1024, page_id=3400, browser=Firefox
Testing: csp_id=1024, page_id=3500, browser=Firefox
Testing: csp_id=1024, page_id=3600, browser=Firefox
Testing: csp_id=1024, page_id=3700, browser=Firefox
Testing: csp_id=1024, page_id=3800, browser=Firefox
Testing: csp_id=1024, page_id=3900, browser=Firefox
Testing: csp_id=1024, page_id=4000, browser=Firefox
Testing: csp_id=1024, page_id=4100, browser=Firefox
Testing: csp_id=1024, page_id=4200, browser=Firefox
Testing: csp_id=1024, page_id=4300, browser=Firefox
Testing: csp_id=1024, page_id=4400, browser=Firefox
Testing: csp_id=1024, page_id=4500, browser=Firefox
Testing: csp_id=1024, page_id=4600, browser=Firefox
Testing: csp_id=1024, page_id=4700, browser=Firefox
Testing: csp_id=1024, page_id=4800, browser=Firefox
Testing: csp_id=1024, page_id=4900, browser=Firefox
Testing: csp_id=1024, page_id=5000, browser=Firefox
Testing: csp_id=1024, page_id=5100, browser=Firefox
Testing: csp_id=1024, page_id=5200, browser=Firefox
Testing: csp_id=1024, page_id=5300, browser=Firefox
Testing: csp_id=1024, page_id=5400, browser=Firefox
Testing: csp_id=1024, page_id=5500, browser=Firefox
Testing: csp_id=1024, page_id=5600, browser=Firefox
Testing: csp_id=1024, page_id=5700, browser=Firefox
Testing: csp_id=1024, page_id=5800, browser=Firefox
Testing: csp_id=1024, page_id=5900, browser=Firefox
Testing: csp_id=1024, page_id=6000, browser=Firefox
Testing: csp_id=1024, page_id=6100, browser=Firefox
Testing: csp_id=1024, page_id=6200, browser=Firefox
Testing: csp_id=1024, page_id=6300, browser=Firefox
Testing: csp_id=1024, page_id=6400, browser=Firefox
Testing: csp_id=1024, page_id=6500, browser=Firefox
Testing: csp_id=1024, page_id=6600, browser=Firefox
Testing: csp_id=1024, page_id=6700, browser=Firefox
Testing: csp_id=1024, page_id=6800, browser=Firefox
Testing: csp_id=1024, page_id=6900, browser=Firefox
Testing: csp_id=1024, page_id=7000, browser=Firefox
Testing: csp_id=1024, page_id=7100, browser=Firefox
Testing: csp_id=1024, page_id=7200, browser=Firefox
Testing: csp_id=1024, page_id=7300, browser=Firefox
Testing: csp_id=1024, page_id=7400, browser=Firefox
Testing: csp_id=1024, page_id=7500, browser=Firefox
Testing: csp_id=1024, page_id=7600, browser=Firefox
Testing: csp_id=1024, page_id=7700, browser=Firefox
Testing: csp_id=1024, page_id=7800, browser=Firefox
Testing: csp_id=1024, page_id=7900, browser=Firefox
Testing: csp_id=1024, page_id=8000, browser=Firefox
Testing: csp_id=1024, page_id=8100, browser=Firefox
Testing: csp_id=1024, page_id=8200, browser=Firefox
Testing: csp_id=1024, page_id=8300, browser=Firefox
Testing: csp_id=1024, page_id=8400, browser=Firefox
Testing: csp_id=1024, page_id=8500, browser=Firefox
Testing: csp_id=1024, page_id=8600, browser=Firefox
Testing: csp_id=1024, page_id=8700, browser=Firefox
Testing: csp_id=1024, page_id=8800, browser=Firefox
Testing: csp_id=1024, page_id=8900, browser=Firefox
Testing: csp_id=1024, page_id=9000, browser=Firefox
Testing: csp_id=1024, page_id=9100, browser=Firefox
Testing: csp_id=1024, page_id=9200, browser=Firefox
Testing: csp_id=1024, page_id=9300, browser=Firefox
Testing: csp_id=1024, page_id=9400, browser=Firefox
Testing: csp_id=1024, page_id=9500, browser=Firefox
Testing: csp_id=1024, page_id=9600, browser=Firefox
Testing: csp_id=1024, page_id=9700, browser=Firefox
Testing: csp_id=1024, page_id=9800, browser=Firefox
Testing: csp_id=1024, page_id=9900, browser=Firefox
Testing: csp_id=1024, page_id=10000, browser=Firefox
Testing: csp_id=1024, page_id=10100, browser=Firefox
Testing: csp_id=1024, page_id=10200, browser=Firefox
Testing: csp_id=1024, page_id=10300, browser=Firefox
Testing: csp_id=1024, page_id=10400, browser=Firefox
Testing: csp_id=1024, page_id=10500, browser=Firefox
Testing: csp_id=1024, page_id=10600, browser=Firefox
Testing: csp_id=1024, page_id=10700, browser=Firefox
Testing: csp_id=1024, page_id=10800, browser=Firefox
Testing: csp_id=1024, page_id=10900, browser=Firefox
Testing: csp_id=1024, page_id=11000, browser=Firefox
Testing: csp_id=1024, page_id=11100, browser=Firefox
Testing: csp_id=1024, page_id=11200, browser=Firefox
Testing: csp_id=1024, page_id=11300, browser=Firefox
Testing: csp_id=1024, page_id=11400, browser=Firefox
Testing: csp_id=1024, page_id=11500, browser=Firefox
Testing: csp_id=1024, page_id=11600, browser=Firefox
Testing: csp_id=1024, page_id=11700, browser=Firefox
Testing: csp_id=1024, page_id=11800, browser=Firefox
Testing: csp_id=1024, page_id=11900, browser=Firefox
Testing: csp_id=1024, page_id=12000, browser=Firefox
Testing: csp_id=1024, page_id=12100, browser=Firefox
Testing: csp_id=1024, page_id=12200, browser=Firefox
Testing: csp_id=1024, page_id=12300, browser=Firefox
Testing: csp_id=1024, page_id=12400, browser=Firefox
Testing: csp_id=1024, page_id=12500, browser=Firefox
Testing: csp_id=1024, page_id=12600, browser=Firefox
Testing: csp_id=1024, page_id=12700, browser=Firefox
Testing: csp_id=1024, page_id=12800, browser=Firefox
Testing: csp_id=1024, page_id=12900, browser=Firefox
Testing: csp_id=1024, page_id=13000, browser=Firefox
Testing: csp_id=1024, page_id=13100, browser=Firefox
Testing: csp_id=1024, page_id=13200, browser=Firefox
Testing: csp_id=1024, page_id=13300, browser=Firefox
Testing: csp_id=1024, page_id=13400, browser=Firefox
Testing: csp_id=1024, page_id=13500, browser=Firefox
Testing: csp_id=1024, page_id=13600, browser=Firefox
Testing: csp_id=1024, page_id=13700, browser=Firefox
Testing: csp_id=1024, page_id=13800, browser=Firefox
Testing: csp_id=1024, page_id=13900, browser=Firefox
Testing: csp_id=1024, page_id=14000, browser=Firefox
Testing: csp_id=1024, page_id=14100, browser=Firefox
Testing: csp_id=1024, page_id=14200, browser=Firefox
Testing: csp_id=1024, page_id=14300, browser=Firefox
Testing: csp_id=1024, page_id=14400, browser=Firefox
Testing: csp_id=1024, page_id=14500, browser=Firefox
Testing: csp_id=1024, page_id=14600, browser=Firefox
Testing: csp_id=1024, page_id=14700, browser=Firefox
Testing: csp_id=1024, page_id=14800, browser=Firefox
Testing: csp_id=1024, page_id=14900, browser=Firefox
Testing: csp_id=1024, page_id=15000, browser=Firefox
Testing: csp_id=1024, page_id=15100, browser=Firefox
Testing: csp_id=1024, page_id=15200, browser=Firefox
Testing: csp_id=1024, page_id=15300, browser=Firefox
Testing: csp_id=1024, page_id=15400, browser=Firefox
Testing: csp_id=1024, page_id=15500, browser=Firefox
Testing: csp_id=1024, page_id=15600, browser=Firefox
Testing: csp_id=1024, page_id=15700, browser=Firefox
Testing: csp_id=1024, page_id=15800, browser=Firefox
Testing: csp_id=1024, page_id=15900, browser=Firefox
Testing: csp_id=1024, page_id=16000, browser=Firefox
Testing: csp_id=1024, page_id=16100, browser=Firefox
Testing: csp_id=1024, page_id=16200, browser=Firefox
Testing: csp_id=1024, page_id=16300, browser=Firefox
Testing: csp_id=1024, page_id=16400, browser=Firefox
Testing: csp_id=1024, page_id=16500, browser=Firefox
Testing: csp_id=1024, page_id=16600, browser=Firefox
Testing: csp_id=1024, page_id=16700, browser=Firefox
Testing: csp_id=1024, page_id=16800, browser=Firefox
Testing: csp_id=1024, page_id=16900, browser=Firefox
Testing: csp_id=1024, page_id=17000, browser=Firefox
Testing: csp_id=1024, page_id=17100, browser=Firefox
Testing: csp_id=1024, page_id=17200, browser=Firefox
Testing: csp_id=1024, page_id=17300, browser=Firefox
Testing: csp_id=1024, page_id=17400, browser=Firefox
Testing: csp_id=1024, page_id=17500, browser=Firefox
Testing: csp_id=1024, page_id=17600, browser=Firefox
Testing: csp_id=1024, page_id=17700, browser=Firefox
Testing: csp_id=1024, page_id=17800, browser=Firefox
Testing: csp_id=1024, page_id=17900, browser=Firefox
Testing: csp_id=1024, page_id=18000, browser=Firefox
Testing: csp_id=1024, page_id=18100, browser=Firefox
Testing: csp_id=1024, page_id=18200, browser=Firefox
Testing: csp_id=1024, page_id=18300, browser=Firefox
Testing: csp_id=1024, page_id=18400, browser=Firefox
Testing: csp_id=1024, page_id=18500, browser=Firefox
Testing: csp_id=1024, page_id=18600, browser=Firefox
Testing: csp_id=1024, page_id=18700, browser=Firefox
Testing: csp_id=1024, page_id=18800, browser=Firefox
Testing: csp_id=1024, page_id=18900, browser=Firefox
Testing: csp_id=1024, page_id=19000, browser=Firefox
Testing: csp_id=1024, page_id=19100, browser=Firefox
Testing: csp_id=1024, page_id=19200, browser=Firefox
Testing: csp_id=1024, page_id=19300, browser=Firefox
Testing: csp_id=1024, page_id=19400, browser=Firefox
Testing: csp_id=1024, page_id=19500, browser=Firefox
Testing: csp_id=1024, page_id=19600, browser=Firefox
Testing: csp_id=1024, page_id=19700, browser=Firefox
Testing: csp_id=1024, page_id=19800, browser=Firefox
Testing: csp_id=1024, page_id=19900, browser=Firefox
Testing: csp_id=1024, page_id=20000, browser=Firefox
Testing: csp_id=1024, page_id=20100, browser=Firefox
Testing: csp_id=1024, page_id=20200, browser=Firefox
Testing: csp_id=1024, page_id=20300, browser=Firefox
Testing: csp_id=1024, page_id=20400, browser=Firefox
Testing: csp_id=1024, page_id=20500, browser=Firefox
Testing: csp_id=1024, page_id=20600, browser=Firefox
Testing: csp_id=1024, page_id=20700, browser=Firefox
Testing: csp_id=1024, page_id=20800, browser=Firefox
Testing: csp_id=1024, page_id=20900, browser=Firefox
Testing: csp_id=1024, page_id=21000, browser=Firefox
Testing: csp_id=1024, page_id=21100, browser=Firefox
Testing: csp_id=1024, page_id=21200, browser=Firefox
Testing: csp_id=1024, page_id=21300, browser=Firefox
Testing: csp_id=1024, page_id=21400, browser=Firefox
Testing: csp_id=1024, page_id=21500, browser=Firefox
Testing: csp_id=1024, page_id=21600, browser=Firefox
Testing: csp_id=1024, page_id=21700, browser=Firefox
Testing: csp_id=1024, page_id=21800, browser=Firefox
Testing: csp_id=1024, page_id=21900, browser=Firefox
Testing: csp_id=1024, page_id=22000, browser=Firefox
Testing: csp_id=1024, page_id=22100, browser=Firefox
Testing: csp_id=1024, page_id=22200, browser=Firefox
Testing: csp_id=1024, page_id=22300, browser=Firefox
Testing: csp_id=1024, page_id=22400, browser=Firefox
Testing: csp_id=1024, page_id=22500, browser=Firefox
Testing: csp_id=1024, page_id=22600, browser=Firefox
Testing: csp_id=1024, page_id=22700, browser=Firefox
Testing: csp_id=1024, page_id=22800, browser=Firefox
Testing: csp_id=1024, page_id=22900, browser=Firefox
Testing: csp_id=1024, page_id=23000, browser=Firefox
Testing: csp_id=1024, page_id=23100, browser=Firefox
Testing: csp_id=1024, page_id=23200, browser=Firefox
Testing: csp_id=1024, page_id=23300, browser=Firefox
Testing: csp_id=1024, page_id=23400, browser=Firefox
Testing: csp_id=1024, page_id=23500, browser=Firefox
Testing: csp_id=1024, page_id=23600, browser=Firefox
Testing: csp_id=1024, page_id=23700, browser=Firefox
Testing: csp_id=1024, page_id=23800, browser=Firefox
Testing: csp_id=1024, page_id=23900, browser=Firefox
Testing: csp_id=1024, page_id=24000, browser=Firefox
Testing: csp_id=1024, page_id=24100, browser=Firefox
Testing: csp_id=1024, page_id=24200, browser=Firefox
Testing: csp_id=1024, page_id=24300, browser=Firefox
Testing: csp_id=1024, page_id=24400, browser=Firefox
Testing: csp_id=1024, page_id=24500, browser=Firefox
Testing: csp_id=1024, page_id=24600, browser=Firefox
Testing: csp_id=1024, page_id=24700, browser=Firefox
Testing: csp_id=1024, page_id=24800, browser=Firefox
Testing: csp_id=1024, page_id=24900, browser=Firefox
Testing: csp_id=1024, page_id=25000, browser=Firefox
Testing: csp_id=1024, page_id=25100, browser=Firefox
Testing: csp_id=1024, page_id=25200, browser=Firefox
Testing: csp_id=1024, page_id=25300, browser=Firefox
Testing: csp_id=1024, page_id=25400, browser=Firefox
Testing: csp_id=1024, page_id=25500, browser=Firefox
Testing: csp_id=1024, page_id=25600, browser=Firefox
Testing: csp_id=1024, page_id=25700, browser=Firefox
Testing: csp_id=1024, page_id=25800, browser=Firefox
Testing: csp_id=1024, page_id=25900, browser=Firefox
Testing: csp_id=1024, page_id=26000, browser=Firefox
Testing: csp_id=1024, page_id=26100, browser=Firefox
Testing: csp_id=1024, page_id=26200, browser=Firefox
Testing: csp_id=1024, page_id=26300, browser=Firefox
Testing: csp_id=1024, page_id=26400, browser=Firefox
Testing: csp_id=1024, page_id=26500, browser=Firefox
Testing: csp_id=1024, page_id=26600, browser=Firefox
Testing: csp_id=1024, page_id=26700, browser=Firefox
Testing: csp_id=1024, page_id=26800, browser=Firefox
Testing: csp_id=1024, page_id=26900, browser=Firefox
Testing: csp_id=1024, page_id=27000, browser=Firefox
Testing: csp_id=1024, page_id=27100, browser=Firefox
Testing: csp_id=1024, page_id=27200, browser=Firefox
Testing: csp_id=1024, page_id=27300, browser=Firefox
Testing: csp_id=1024, page_id=27400, browser=Firefox
Testing: csp_id=1024, page_id=27500, browser=Firefox
Testing: csp_id=1024, page_id=27600, browser=Firefox
Testing: csp_id=1024, page_id=27700, browser=Firefox
Testing: csp_id=1024, page_id=27800, browser=Firefox
Testing: csp_id=1024, page_id=27900, browser=Firefox
Testing: csp_id=1024, page_id=28000, browser=Firefox
Testing: csp_id=1024, page_id=28100, browser=Firefox
Testing: csp_id=1024, page_id=28200, browser=Firefox
Testing: csp_id=1024, page_id=28300, browser=Firefox
Testing: csp_id=1024, page_id=28400, browser=Firefox
Testing: csp_id=1024, page_id=28500, browser=Firefox
Testing: csp_id=1024, page_id=28600, browser=Firefox
Testing: csp_id=1024, page_id=28700, browser=Firefox
Testing: csp_id=1024, page_id=28800, browser=Firefox
Testing: csp_id=1024, page_id=28900, browser=Firefox
Testing: csp_id=1024, page_id=29000, browser=Firefox
Testing: csp_id=1024, page_id=29100, browser=Firefox
Testing: csp_id=1024, page_id=29200, browser=Firefox
Testing: csp_id=1024, page_id=29300, browser=Firefox
Testing: csp_id=1024, page_id=29400, browser=Firefox
Testing: csp_id=1024, page_id=29500, browser=Firefox
Testing: csp_id=1024, page_id=29600, browser=Firefox
Testing: csp_id=1024, page_id=29700, browser=Firefox
Testing: csp_id=1024, page_id=29800, browser=Firefox
🏊 create_context_pools[first] (5x16): 26.751s
Testing: csp_id=1036, page_id=0, browser=Firefox
Testing: csp_id=1036, page_id=100, browser=Firefox
Testing: csp_id=1036, page_id=200, browser=Firefox
Testing: csp_id=1036, page_id=300, browser=Firefox
Testing: csp_id=1036, page_id=400, browser=Firefox
Testing: csp_id=1036, page_id=500, browser=Firefox
Testing: csp_id=1036, page_id=600, browser=Firefox
Testing: csp_id=1036, page_id=700, browser=Firefox
Testing: csp_id=1036, page_id=800, browser=Firefox
Testing: csp_id=1036, page_id=900, browser=Firefox
Testing: csp_id=1036, page_id=1000, browser=Firefox
Testing: csp_id=1036, page_id=1100, browser=Firefox
Testing: csp_id=1036, page_id=1200, browser=Firefox
Testing: csp_id=1036, page_id=1300, browser=Firefox
Testing: csp_id=1036, page_id=1400, browser=Firefox
Testing: csp_id=1036, page_id=1500, browser=Firefox
Testing: csp_id=1036, page_id=1600, browser=Firefox
Testing: csp_id=1036, page_id=1700, browser=Firefox
Testing: csp_id=1036, page_id=1800, browser=Firefox
Testing: csp_id=1036, page_id=1900, browser=Firefox
Testing: csp_id=1036, page_id=2000, browser=Firefox
Testing: csp_id=1036, page_id=2100, browser=Firefox
Testing: csp_id=1036, page_id=2200, browser=Firefox
Testing: csp_id=1036, page_id=2300, browser=Firefox
Testing: csp_id=1036, page_id=2400, browser=Firefox
Testing: csp_id=1036, page_id=2500, browser=Firefox
Testing: csp_id=1036, page_id=2600, browser=Firefox
Testing: csp_id=1036, page_id=2700, browser=Firefox
Testing: csp_id=1036, page_id=2800, browser=Firefox
Testing: csp_id=1036, page_id=2900, browser=Firefox
Testing: csp_id=1036, page_id=3000, browser=Firefox
Testing: csp_id=1036, page_id=3100, browser=Firefox
Testing: csp_id=1036, page_id=3200, browser=Firefox
Testing: csp_id=1036, page_id=3300, browser=Firefox
Testing: csp_id=1036, page_id=3400, browser=Firefox
Testing: csp_id=1036, page_id=3500, browser=Firefox
Testing: csp_id=1036, page_id=3600, browser=Firefox
Testing: csp_id=1036, page_id=3700, browser=Firefox
Testing: csp_id=1036, page_id=3800, browser=Firefox
Testing: csp_id=1036, page_id=3900, browser=Firefox
Testing: csp_id=1036, page_id=4000, browser=Firefox
Testing: csp_id=1036, page_id=4100, browser=Firefox
Testing: csp_id=1036, page_id=4200, browser=Firefox
Testing: csp_id=1036, page_id=4300, browser=Firefox
Testing: csp_id=1036, page_id=4400, browser=Firefox
Testing: csp_id=1036, page_id=4500, browser=Firefox
Testing: csp_id=1036, page_id=4600, browser=Firefox
Testing: csp_id=1036, page_id=4700, browser=Firefox
Testing: csp_id=1036, page_id=4800, browser=Firefox
Testing: csp_id=1036, page_id=4900, browser=Firefox
Testing: csp_id=1036, page_id=5000, browser=Firefox
Testing: csp_id=1036, page_id=5100, browser=Firefox
Testing: csp_id=1036, page_id=5200, browser=Firefox
Testing: csp_id=1036, page_id=5300, browser=Firefox
Testing: csp_id=1036, page_id=5400, browser=Firefox
Testing: csp_id=1036, page_id=5500, browser=Firefox
Testing: csp_id=1036, page_id=5600, browser=Firefox
Testing: csp_id=1036, page_id=5700, browser=Firefox
Testing: csp_id=1036, page_id=5800, browser=Firefox
Testing: csp_id=1036, page_id=5900, browser=Firefox
Testing: csp_id=1036, page_id=6000, browser=Firefox
Testing: csp_id=1036, page_id=6100, browser=Firefox
Testing: csp_id=1036, page_id=6200, browser=Firefox
Testing: csp_id=1036, page_id=6300, browser=Firefox
Testing: csp_id=1036, page_id=6400, browser=Firefox
Testing: csp_id=1036, page_id=6500, browser=Firefox
Testing: csp_id=1036, page_id=6600, browser=Firefox
Testing: csp_id=1036, page_id=6700, browser=Firefox
Testing: csp_id=1036, page_id=6800, browser=Firefox
Testing: csp_id=1036, page_id=6900, browser=Firefox
Testing: csp_id=1036, page_id=7000, browser=Firefox
Testing: csp_id=1036, page_id=7100, browser=Firefox
Testing: csp_id=1036, page_id=7200, browser=Firefox
Testing: csp_id=1036, page_id=7300, browser=Firefox
Testing: csp_id=1036, page_id=7400, browser=Firefox
Testing: csp_id=1036, page_id=7500, browser=Firefox
Testing: csp_id=1036, page_id=7600, browser=Firefox
Testing: csp_id=1036, page_id=7700, browser=Firefox
Testing: csp_id=1036, page_id=7800, browser=Firefox
Testing: csp_id=1036, page_id=7900, browser=Firefox
Testing: csp_id=1036, page_id=8000, browser=Firefox
Testing: csp_id=1036, page_id=8100, browser=Firefox
Testing: csp_id=1036, page_id=8200, browser=Firefox
Testing: csp_id=1036, page_id=8300, browser=Firefox
Testing: csp_id=1036, page_id=8400, browser=Firefox
Testing: csp_id=1036, page_id=8500, browser=Firefox
Testing: csp_id=1036, page_id=8600, browser=Firefox
Testing: csp_id=1036, page_id=8700, browser=Firefox
Testing: csp_id=1036, page_id=8800, browser=Firefox
Testing: csp_id=1036, page_id=8900, browser=Firefox
Testing: csp_id=1036, page_id=9000, browser=Firefox
Testing: csp_id=1036, page_id=9100, browser=Firefox
Testing: csp_id=1036, page_id=9200, browser=Firefox
Testing: csp_id=1036, page_id=9300, browser=Firefox
Testing: csp_id=1036, page_id=9400, browser=Firefox
Testing: csp_id=1036, page_id=9500, browser=Firefox
Testing: csp_id=1036, page_id=9600, browser=Firefox
Testing: csp_id=1036, page_id=9700, browser=Firefox
Testing: csp_id=1036, page_id=9800, browser=Firefox
Testing: csp_id=1036, page_id=9900, browser=Firefox
Testing: csp_id=1036, page_id=10000, browser=Firefox
Testing: csp_id=1036, page_id=10100, browser=Firefox
Testing: csp_id=1036, page_id=10200, browser=Firefox
Testing: csp_id=1036, page_id=10300, browser=Firefox
Testing: csp_id=1036, page_id=10400, browser=Firefox
Testing: csp_id=1036, page_id=10500, browser=Firefox
Testing: csp_id=1036, page_id=10600, browser=Firefox
Testing: csp_id=1036, page_id=10700, browser=Firefox
Testing: csp_id=1036, page_id=10800, browser=Firefox
Testing: csp_id=1036, page_id=10900, browser=Firefox
Testing: csp_id=1036, page_id=11000, browser=Firefox
Testing: csp_id=1036, page_id=11100, browser=Firefox
Testing: csp_id=1036, page_id=11200, browser=Firefox
Testing: csp_id=1036, page_id=11300, browser=Firefox
Testing: csp_id=1036, page_id=11400, browser=Firefox
Testing: csp_id=1036, page_id=11500, browser=Firefox
Testing: csp_id=1036, page_id=11600, browser=Firefox
Testing: csp_id=1036, page_id=11700, browser=Firefox
Testing: csp_id=1036, page_id=11800, browser=Firefox
Testing: csp_id=1036, page_id=11900, browser=Firefox
Testing: csp_id=1036, page_id=12000, browser=Firefox
Testing: csp_id=1036, page_id=12100, browser=Firefox
Testing: csp_id=1036, page_id=12200, browser=Firefox
Testing: csp_id=1036, page_id=12300, browser=Firefox
Testing: csp_id=1036, page_id=12400, browser=Firefox
Testing: csp_id=1036, page_id=12500, browser=Firefox
Testing: csp_id=1036, page_id=12600, browser=Firefox
Testing: csp_id=1036, page_id=12700, browser=Firefox
Testing: csp_id=1036, page_id=12800, browser=Firefox
Testing: csp_id=1036, page_id=12900, browser=Firefox
Testing: csp_id=1036, page_id=13000, browser=Firefox
Testing: csp_id=1036, page_id=13100, browser=Firefox
Testing: csp_id=1036, page_id=13200, browser=Firefox
Testing: csp_id=1036, page_id=13300, browser=Firefox
Testing: csp_id=1036, page_id=13400, browser=Firefox
Testing: csp_id=1036, page_id=13500, browser=Firefox
Testing: csp_id=1036, page_id=13600, browser=Firefox
Testing: csp_id=1036, page_id=13700, browser=Firefox
Testing: csp_id=1036, page_id=13800, browser=Firefox
Testing: csp_id=1036, page_id=13900, browser=Firefox
Testing: csp_id=1036, page_id=14000, browser=Firefox
Testing: csp_id=1036, page_id=14100, browser=Firefox
Testing: csp_id=1036, page_id=14200, browser=Firefox
Testing: csp_id=1036, page_id=14300, browser=Firefox
Testing: csp_id=1036, page_id=14400, browser=Firefox
Testing: csp_id=1036, page_id=14500, browser=Firefox
Testing: csp_id=1036, page_id=14600, browser=Firefox
Testing: csp_id=1036, page_id=14700, browser=Firefox
Testing: csp_id=1036, page_id=14800, browser=Firefox
Testing: csp_id=1036, page_id=14900, browser=Firefox
Testing: csp_id=1036, page_id=15000, browser=Firefox
Testing: csp_id=1036, page_id=15100, browser=Firefox
Testing: csp_id=1036, page_id=15200, browser=Firefox
Testing: csp_id=1036, page_id=15300, browser=Firefox
Testing: csp_id=1036, page_id=15400, browser=Firefox
Testing: csp_id=1036, page_id=15500, browser=Firefox
Testing: csp_id=1036, page_id=15600, browser=Firefox
Testing: csp_id=1036, page_id=15700, browser=Firefox
Testing: csp_id=1036, page_id=15800, browser=Firefox
Testing: csp_id=1036, page_id=15900, browser=Firefox
Testing: csp_id=1036, page_id=16000, browser=Firefox
Testing: csp_id=1036, page_id=16100, browser=Firefox
Testing: csp_id=1036, page_id=16200, browser=Firefox
Testing: csp_id=1036, page_id=16300, browser=Firefox
Testing: csp_id=1036, page_id=16400, browser=Firefox
Testing: csp_id=1036, page_id=16500, browser=Firefox
Testing: csp_id=1036, page_id=16600, browser=Firefox
Testing: csp_id=1036, page_id=16700, browser=Firefox
Testing: csp_id=1036, page_id=16800, browser=Firefox
Testing: csp_id=1036, page_id=16900, browser=Firefox
Testing: csp_id=1036, page_id=17000, browser=Firefox
Testing: csp_id=1036, page_id=17100, browser=Firefox
Testing: csp_id=1036, page_id=17200, browser=Firefox
Testing: csp_id=1036, page_id=17300, browser=Firefox
Testing: csp_id=1036, page_id=17400, browser=Firefox
Testing: csp_id=1036, page_id=17500, browser=Firefox
Testing: csp_id=1036, page_id=17600, browser=Firefox
Testing: csp_id=1036, page_id=17700, browser=Firefox
Testing: csp_id=1036, page_id=17800, browser=Firefox
Testing: csp_id=1036, page_id=17900, browser=Firefox
Testing: csp_id=1036, page_id=18000, browser=Firefox
Testing: csp_id=1036, page_id=18100, browser=Firefox
Testing: csp_id=1036, page_id=18200, browser=Firefox
Testing: csp_id=1036, page_id=18300, browser=Firefox
Testing: csp_id=1036, page_id=18400, browser=Firefox
Testing: csp_id=1036, page_id=18500, browser=Firefox
Testing: csp_id=1036, page_id=18600, browser=Firefox
Testing: csp_id=1036, page_id=18700, browser=Firefox
Testing: csp_id=1036, page_id=18800, browser=Firefox
Testing: csp_id=1036, page_id=18900, browser=Firefox
Testing: csp_id=1036, page_id=19000, browser=Firefox
Testing: csp_id=1036, page_id=19100, browser=Firefox
Testing: csp_id=1036, page_id=19200, browser=Firefox
Testing: csp_id=1036, page_id=19300, browser=Firefox
Testing: csp_id=1036, page_id=19400, browser=Firefox
Testing: csp_id=1036, page_id=19500, browser=Firefox
Testing: csp_id=1036, page_id=19600, browser=Firefox
Testing: csp_id=1036, page_id=19700, browser=Firefox
Testing: csp_id=1036, page_id=19800, browser=Firefox
Testing: csp_id=1036, page_id=19900, browser=Firefox
Testing: csp_id=1036, page_id=20000, browser=Firefox
Testing: csp_id=1036, page_id=20100, browser=Firefox
Testing: csp_id=1036, page_id=20200, browser=Firefox
Testing: csp_id=1036, page_id=20300, browser=Firefox
Testing: csp_id=1036, page_id=20400, browser=Firefox
Testing: csp_id=1036, page_id=20500, browser=Firefox
Testing: csp_id=1036, page_id=20600, browser=Firefox
Testing: csp_id=1036, page_id=20700, browser=Firefox
Testing: csp_id=1036, page_id=20800, browser=Firefox
Testing: csp_id=1036, page_id=20900, browser=Firefox
Testing: csp_id=1036, page_id=21000, browser=Firefox
Testing: csp_id=1036, page_id=21100, browser=Firefox
Testing: csp_id=1036, page_id=21200, browser=Firefox
Testing: csp_id=1036, page_id=21300, browser=Firefox
Testing: csp_id=1036, page_id=21400, browser=Firefox
Testing: csp_id=1036, page_id=21500, browser=Firefox
Testing: csp_id=1036, page_id=21600, browser=Firefox
Testing: csp_id=1036, page_id=21700, browser=Firefox
Testing: csp_id=1036, page_id=21800, browser=Firefox
Testing: csp_id=1036, page_id=21900, browser=Firefox
Testing: csp_id=1036, page_id=22000, browser=Firefox
Testing: csp_id=1036, page_id=22100, browser=Firefox
Testing: csp_id=1036, page_id=22200, browser=Firefox
Testing: csp_id=1036, page_id=22300, browser=Firefox
Testing: csp_id=1036, page_id=22400, browser=Firefox
Testing: csp_id=1036, page_id=22500, browser=Firefox
Testing: csp_id=1036, page_id=22600, browser=Firefox
Testing: csp_id=1036, page_id=22700, browser=Firefox
Testing: csp_id=1036, page_id=22800, browser=Firefox
Testing: csp_id=1036, page_id=22900, browser=Firefox
Testing: csp_id=1036, page_id=23000, browser=Firefox
Testing: csp_id=1036, page_id=23100, browser=Firefox
Testing: csp_id=1036, page_id=23200, browser=Firefox
Testing: csp_id=1036, page_id=23300, browser=Firefox
Testing: csp_id=1036, page_id=23400, browser=Firefox
Testing: csp_id=1036, page_id=23500, browser=Firefox
Testing: csp_id=1036, page_id=23600, browser=Firefox
Testing: csp_id=1036, page_id=23700, browser=Firefox
Testing: csp_id=1036, page_id=23800, browser=Firefox
Testing: csp_id=1036, page_id=23900, browser=Firefox
Testing: csp_id=1036, page_id=24000, browser=Firefox
Testing: csp_id=1036, page_id=24100, browser=Firefox
Testing: csp_id=1036, page_id=24200, browser=Firefox
Testing: csp_id=1036, page_id=24300, browser=Firefox
Testing: csp_id=1036, page_id=24400, browser=Firefox
Testing: csp_id=1036, page_id=24500, browser=Firefox
Testing: csp_id=1036, page_id=24600, browser=Firefox
Testing: csp_id=1036, page_id=24700, browser=Firefox
Testing: csp_id=1036, page_id=24800, browser=Firefox
Testing: csp_id=1036, page_id=24900, browser=Firefox
Testing: csp_id=1036, page_id=25000, browser=Firefox
Testing: csp_id=1036, page_id=25100, browser=Firefox
Testing: csp_id=1036, page_id=25200, browser=Firefox
Testing: csp_id=1036, page_id=25300, browser=Firefox
Testing: csp_id=1036, page_id=25400, browser=Firefox
Testing: csp_id=1036, page_id=25500, browser=Firefox
Testing: csp_id=1036, page_id=25600, browser=Firefox
Testing: csp_id=1036, page_id=25700, browser=Firefox
Testing: csp_id=1036, page_id=25800, browser=Firefox
Testing: csp_id=1036, page_id=25900, browser=Firefox
Testing: csp_id=1036, page_id=26000, browser=Firefox
Testing: csp_id=1036, page_id=26100, browser=Firefox
Testing: csp_id=1036, page_id=26200, browser=Firefox
Testing: csp_id=1036, page_id=26300, browser=Firefox
Testing: csp_id=1036, page_id=26400, browser=Firefox
Testing: csp_id=1036, page_id=26500, browser=Firefox
Testing: csp_id=1036, page_id=26600, browser=Firefox
Testing: csp_id=1036, page_id=26700, browser=Firefox
Testing: csp_id=1036, page_id=26800, browser=Firefox
Testing: csp_id=1036, page_id=26900, browser=Firefox
Testing: csp_id=1036, page_id=27000, browser=Firefox
Testing: csp_id=1036, page_id=27100, browser=Firefox
Testing: csp_id=1036, page_id=27200, browser=Firefox
Testing: csp_id=1036, page_id=27300, browser=Firefox
Testing: csp_id=1036, page_id=27400, browser=Firefox
Testing: csp_id=1036, page_id=27500, browser=Firefox
Testing: csp_id=1036, page_id=27600, browser=Firefox
Testing: csp_id=1036, page_id=27700, browser=Firefox
Testing: csp_id=1036, page_id=27800, browser=Firefox
Testing: csp_id=1036, page_id=27900, browser=Firefox
Testing: csp_id=1036, page_id=28000, browser=Firefox
Testing: csp_id=1036, page_id=28100, browser=Firefox
Testing: csp_id=1036, page_id=28200, browser=Firefox
Testing: csp_id=1036, page_id=28300, browser=Firefox
Testing: csp_id=1036, page_id=28400, browser=Firefox
Testing: csp_id=1036, page_id=28500, browser=Firefox
Testing: csp_id=1036, page_id=28600, browser=Firefox
Testing: csp_id=1036, page_id=28700, browser=Firefox
Testing: csp_id=1036, page_id=28800, browser=Firefox
Testing: csp_id=1036, page_id=28900, browser=Firefox
Testing: csp_id=1036, page_id=29000, browser=Firefox
Testing: csp_id=1036, page_id=29100, browser=Firefox
Testing: csp_id=1036, page_id=29200, browser=Firefox
Testing: csp_id=1036, page_id=29300, browser=Firefox
Testing: csp_id=1036, page_id=29400, browser=Firefox
Testing: csp_id=1036, page_id=29500, browser=Firefox
Testing: csp_id=1036, page_id=29600, browser=Firefox
Testing: csp_id=1036, page_id=29700, browser=Firefox
Testing: csp_id=1036, page_id=29800, browser=Firefox
🏊 create_context_pools[first] (5x16): 26.742s
Testing: csp_id=1049, page_id=0, browser=Firefox
Testing: csp_id=1049, page_id=100, browser=Firefox
Testing: csp_id=1049, page_id=200, browser=Firefox
Testing: csp_id=1049, page_id=300, browser=Firefox
Testing: csp_id=1049, page_id=400, browser=Firefox
Testing: csp_id=1049, page_id=500, browser=Firefox
Testing: csp_id=1049, page_id=600, browser=Firefox
Testing: csp_id=1049, page_id=700, browser=Firefox
Testing: csp_id=1049, page_id=800, browser=Firefox
Testing: csp_id=1049, page_id=900, browser=Firefox
Testing: csp_id=1049, page_id=1000, browser=Firefox
Testing: csp_id=1049, page_id=1100, browser=Firefox
Testing: csp_id=1049, page_id=1200, browser=Firefox
Testing: csp_id=1049, page_id=1300, browser=Firefox
Testing: csp_id=1049, page_id=1400, browser=Firefox
Testing: csp_id=1049, page_id=1500, browser=Firefox
Testing: csp_id=1049, page_id=1600, browser=Firefox
Testing: csp_id=1049, page_id=1700, browser=Firefox
Testing: csp_id=1049, page_id=1800, browser=Firefox
Testing: csp_id=1049, page_id=1900, browser=Firefox
Testing: csp_id=1049, page_id=2000, browser=Firefox
Testing: csp_id=1049, page_id=2100, browser=Firefox
Testing: csp_id=1049, page_id=2200, browser=Firefox
Testing: csp_id=1049, page_id=2300, browser=Firefox
Testing: csp_id=1049, page_id=2400, browser=Firefox
Testing: csp_id=1049, page_id=2500, browser=Firefox
Testing: csp_id=1049, page_id=2600, browser=Firefox
Testing: csp_id=1049, page_id=2700, browser=Firefox
Testing: csp_id=1049, page_id=2800, browser=Firefox
Testing: csp_id=1049, page_id=2900, browser=Firefox
Testing: csp_id=1049, page_id=3000, browser=Firefox
Testing: csp_id=1049, page_id=3100, browser=Firefox
Testing: csp_id=1049, page_id=3200, browser=Firefox
Testing: csp_id=1049, page_id=3300, browser=Firefox
Testing: csp_id=1049, page_id=3400, browser=Firefox
Testing: csp_id=1049, page_id=3500, browser=Firefox
Testing: csp_id=1049, page_id=3600, browser=Firefox
Testing: csp_id=1049, page_id=3700, browser=Firefox
Testing: csp_id=1049, page_id=3800, browser=Firefox
Testing: csp_id=1049, page_id=3900, browser=Firefox
Testing: csp_id=1049, page_id=4000, browser=Firefox
Testing: csp_id=1049, page_id=4100, browser=Firefox
Testing: csp_id=1049, page_id=4200, browser=Firefox
Testing: csp_id=1049, page_id=4300, browser=Firefox
Testing: csp_id=1049, page_id=4400, browser=Firefox
Testing: csp_id=1049, page_id=4500, browser=Firefox
Testing: csp_id=1049, page_id=4600, browser=Firefox
Testing: csp_id=1049, page_id=4700, browser=Firefox
Testing: csp_id=1049, page_id=4800, browser=Firefox
Testing: csp_id=1049, page_id=4900, browser=Firefox
Testing: csp_id=1049, page_id=5000, browser=Firefox
Testing: csp_id=1049, page_id=5100, browser=Firefox
Testing: csp_id=1049, page_id=5200, browser=Firefox
Testing: csp_id=1049, page_id=5300, browser=Firefox
Testing: csp_id=1049, page_id=5400, browser=Firefox
Testing: csp_id=1049, page_id=5500, browser=Firefox
Testing: csp_id=1049, page_id=5600, browser=Firefox
Testing: csp_id=1049, page_id=5700, browser=Firefox
Testing: csp_id=1049, page_id=5800, browser=Firefox
Testing: csp_id=1049, page_id=5900, browser=Firefox
Testing: csp_id=1049, page_id=6000, browser=Firefox
Testing: csp_id=1049, page_id=6100, browser=Firefox
Testing: csp_id=1049, page_id=6200, browser=Firefox
Testing: csp_id=1049, page_id=6300, browser=Firefox
Testing: csp_id=1049, page_id=6400, browser=Firefox
Testing: csp_id=1049, page_id=6500, browser=Firefox
Testing: csp_id=1049, page_id=6600, browser=Firefox
Testing: csp_id=1049, page_id=6700, browser=Firefox
Testing: csp_id=1049, page_id=6800, browser=Firefox
Testing: csp_id=1049, page_id=6900, browser=Firefox
Testing: csp_id=1049, page_id=7000, browser=Firefox
Testing: csp_id=1049, page_id=7100, browser=Firefox
Testing: csp_id=1049, page_id=7200, browser=Firefox
Testing: csp_id=1049, page_id=7300, browser=Firefox
Testing: csp_id=1049, page_id=7400, browser=Firefox
Testing: csp_id=1049, page_id=7500, browser=Firefox
Testing: csp_id=1049, page_id=7600, browser=Firefox
Testing: csp_id=1049, page_id=7700, browser=Firefox
Testing: csp_id=1049, page_id=7800, browser=Firefox
Testing: csp_id=1049, page_id=7900, browser=Firefox
Testing: csp_id=1049, page_id=8000, browser=Firefox
Testing: csp_id=1049, page_id=8100, browser=Firefox
Testing: csp_id=1049, page_id=8200, browser=Firefox
Testing: csp_id=1049, page_id=8300, browser=Firefox
Testing: csp_id=1049, page_id=8400, browser=Firefox
Testing: csp_id=1049, page_id=8500, browser=Firefox
Testing: csp_id=1049, page_id=8600, browser=Firefox
Testing: csp_id=1049, page_id=8700, browser=Firefox
Testing: csp_id=1049, page_id=8800, browser=Firefox
Testing: csp_id=1049, page_id=8900, browser=Firefox
Testing: csp_id=1049, page_id=9000, browser=Firefox
Testing: csp_id=1049, page_id=9100, browser=Firefox
Testing: csp_id=1049, page_id=9200, browser=Firefox
Testing: csp_id=1049, page_id=9300, browser=Firefox
Testing: csp_id=1049, page_id=9400, browser=Firefox
Testing: csp_id=1049, page_id=9500, browser=Firefox
Testing: csp_id=1049, page_id=9600, browser=Firefox
Testing: csp_id=1049, page_id=9700, browser=Firefox
Testing: csp_id=1049, page_id=9800, browser=Firefox
Testing: csp_id=1049, page_id=9900, browser=Firefox
Testing: csp_id=1049, page_id=10000, browser=Firefox
Testing: csp_id=1049, page_id=10100, browser=Firefox
Testing: csp_id=1049, page_id=10200, browser=Firefox
Testing: csp_id=1049, page_id=10300, browser=Firefox
Testing: csp_id=1049, page_id=10400, browser=Firefox
Testing: csp_id=1049, page_id=10500, browser=Firefox
Testing: csp_id=1049, page_id=10600, browser=Firefox
Testing: csp_id=1049, page_id=10700, browser=Firefox
Testing: csp_id=1049, page_id=10800, browser=Firefox
Testing: csp_id=1049, page_id=10900, browser=Firefox
Testing: csp_id=1049, page_id=11000, browser=Firefox
Testing: csp_id=1049, page_id=11100, browser=Firefox
Testing: csp_id=1049, page_id=11200, browser=Firefox
Testing: csp_id=1049, page_id=11300, browser=Firefox
Testing: csp_id=1049, page_id=11400, browser=Firefox
Testing: csp_id=1049, page_id=11500, browser=Firefox
Testing: csp_id=1049, page_id=11600, browser=Firefox
Testing: csp_id=1049, page_id=11700, browser=Firefox
Testing: csp_id=1049, page_id=11800, browser=Firefox
Testing: csp_id=1049, page_id=11900, browser=Firefox
Testing: csp_id=1049, page_id=12000, browser=Firefox
Testing: csp_id=1049, page_id=12100, browser=Firefox
Testing: csp_id=1049, page_id=12200, browser=Firefox
Testing: csp_id=1049, page_id=12300, browser=Firefox
Testing: csp_id=1049, page_id=12400, browser=Firefox
Testing: csp_id=1049, page_id=12500, browser=Firefox
Testing: csp_id=1049, page_id=12600, browser=Firefox
Testing: csp_id=1049, page_id=12700, browser=Firefox
Testing: csp_id=1049, page_id=12800, browser=Firefox
Testing: csp_id=1049, page_id=12900, browser=Firefox
Testing: csp_id=1049, page_id=13000, browser=Firefox
Testing: csp_id=1049, page_id=13100, browser=Firefox
Testing: csp_id=1049, page_id=13200, browser=Firefox
Testing: csp_id=1049, page_id=13300, browser=Firefox
Testing: csp_id=1049, page_id=13400, browser=Firefox
Testing: csp_id=1049, page_id=13500, browser=Firefox
Testing: csp_id=1049, page_id=13600, browser=Firefox
Testing: csp_id=1049, page_id=13700, browser=Firefox
Testing: csp_id=1049, page_id=13800, browser=Firefox
Testing: csp_id=1049, page_id=13900, browser=Firefox
Testing: csp_id=1049, page_id=14000, browser=Firefox
Testing: csp_id=1049, page_id=14100, browser=Firefox
Testing: csp_id=1049, page_id=14200, browser=Firefox
Testing: csp_id=1049, page_id=14300, browser=Firefox
Testing: csp_id=1049, page_id=14400, browser=Firefox
Testing: csp_id=1049, page_id=14500, browser=Firefox
Testing: csp_id=1049, page_id=14600, browser=Firefox
Testing: csp_id=1049, page_id=14700, browser=Firefox
Testing: csp_id=1049, page_id=14800, browser=Firefox
Testing: csp_id=1049, page_id=14900, browser=Firefox
Testing: csp_id=1049, page_id=15000, browser=Firefox
Testing: csp_id=1049, page_id=15100, browser=Firefox
Testing: csp_id=1049, page_id=15200, browser=Firefox
Testing: csp_id=1049, page_id=15300, browser=Firefox
Testing: csp_id=1049, page_id=15400, browser=Firefox
Testing: csp_id=1049, page_id=15500, browser=Firefox
Testing: csp_id=1049, page_id=15600, browser=Firefox
Testing: csp_id=1049, page_id=15700, browser=Firefox
Testing: csp_id=1049, page_id=15800, browser=Firefox
Testing: csp_id=1049, page_id=15900, browser=Firefox
Testing: csp_id=1049, page_id=16000, browser=Firefox
Testing: csp_id=1049, page_id=16100, browser=Firefox
Testing: csp_id=1049, page_id=16200, browser=Firefox
Testing: csp_id=1049, page_id=16300, browser=Firefox
Testing: csp_id=1049, page_id=16400, browser=Firefox
Testing: csp_id=1049, page_id=16500, browser=Firefox
Testing: csp_id=1049, page_id=16600, browser=Firefox
Testing: csp_id=1049, page_id=16700, browser=Firefox
Testing: csp_id=1049, page_id=16800, browser=Firefox
Testing: csp_id=1049, page_id=16900, browser=Firefox
Testing: csp_id=1049, page_id=17000, browser=Firefox
Testing: csp_id=1049, page_id=17100, browser=Firefox
Testing: csp_id=1049, page_id=17200, browser=Firefox
Testing: csp_id=1049, page_id=17300, browser=Firefox
Testing: csp_id=1049, page_id=17400, browser=Firefox
Testing: csp_id=1049, page_id=17500, browser=Firefox
Testing: csp_id=1049, page_id=17600, browser=Firefox
Testing: csp_id=1049, page_id=17700, browser=Firefox
Testing: csp_id=1049, page_id=17800, browser=Firefox
Testing: csp_id=1049, page_id=17900, browser=Firefox
Testing: csp_id=1049, page_id=18000, browser=Firefox
Testing: csp_id=1049, page_id=18100, browser=Firefox
Testing: csp_id=1049, page_id=18200, browser=Firefox
Testing: csp_id=1049, page_id=18300, browser=Firefox
Testing: csp_id=1049, page_id=18400, browser=Firefox
Testing: csp_id=1049, page_id=18500, browser=Firefox
Testing: csp_id=1049, page_id=18600, browser=Firefox
Testing: csp_id=1049, page_id=18700, browser=Firefox
Testing: csp_id=1049, page_id=18800, browser=Firefox
Testing: csp_id=1049, page_id=18900, browser=Firefox
Testing: csp_id=1049, page_id=19000, browser=Firefox
Testing: csp_id=1049, page_id=19100, browser=Firefox
Testing: csp_id=1049, page_id=19200, browser=Firefox
Testing: csp_id=1049, page_id=19300, browser=Firefox
Testing: csp_id=1049, page_id=19400, browser=Firefox
Testing: csp_id=1049, page_id=19500, browser=Firefox
Testing: csp_id=1049, page_id=19600, browser=Firefox
Testing: csp_id=1049, page_id=19700, browser=Firefox
Testing: csp_id=1049, page_id=19800, browser=Firefox
Testing: csp_id=1049, page_id=19900, browser=Firefox
Testing: csp_id=1049, page_id=20000, browser=Firefox
Testing: csp_id=1049, page_id=20100, browser=Firefox
Testing: csp_id=1049, page_id=20200, browser=Firefox
Testing: csp_id=1049, page_id=20300, browser=Firefox
Testing: csp_id=1049, page_id=20400, browser=Firefox
Testing: csp_id=1049, page_id=20500, browser=Firefox
Testing: csp_id=1049, page_id=20600, browser=Firefox
Testing: csp_id=1049, page_id=20700, browser=Firefox
Testing: csp_id=1049, page_id=20800, browser=Firefox
Testing: csp_id=1049, page_id=20900, browser=Firefox
Testing: csp_id=1049, page_id=21000, browser=Firefox
Testing: csp_id=1049, page_id=21100, browser=Firefox
Testing: csp_id=1049, page_id=21200, browser=Firefox
Testing: csp_id=1049, page_id=21300, browser=Firefox
Testing: csp_id=1049, page_id=21400, browser=Firefox
Testing: csp_id=1049, page_id=21500, browser=Firefox
Testing: csp_id=1049, page_id=21600, browser=Firefox
Testing: csp_id=1049, page_id=21700, browser=Firefox
Testing: csp_id=1049, page_id=21800, browser=Firefox
Testing: csp_id=1049, page_id=21900, browser=Firefox
Testing: csp_id=1049, page_id=22000, browser=Firefox
Testing: csp_id=1049, page_id=22100, browser=Firefox
Testing: csp_id=1049, page_id=22200, browser=Firefox
Testing: csp_id=1049, page_id=22300, browser=Firefox
Testing: csp_id=1049, page_id=22400, browser=Firefox
Testing: csp_id=1049, page_id=22500, browser=Firefox
Testing: csp_id=1049, page_id=22600, browser=Firefox
Testing: csp_id=1049, page_id=22700, browser=Firefox
Testing: csp_id=1049, page_id=22800, browser=Firefox
Testing: csp_id=1049, page_id=22900, browser=Firefox
Testing: csp_id=1049, page_id=23000, browser=Firefox
Testing: csp_id=1049, page_id=23100, browser=Firefox
Testing: csp_id=1049, page_id=23200, browser=Firefox
Testing: csp_id=1049, page_id=23300, browser=Firefox
Testing: csp_id=1049, page_id=23400, browser=Firefox
Testing: csp_id=1049, page_id=23500, browser=Firefox
Testing: csp_id=1049, page_id=23600, browser=Firefox
Testing: csp_id=1049, page_id=23700, browser=Firefox
Testing: csp_id=1049, page_id=23800, browser=Firefox
Testing: csp_id=1049, page_id=23900, browser=Firefox
Testing: csp_id=1049, page_id=24000, browser=Firefox
Testing: csp_id=1049, page_id=24100, browser=Firefox
Testing: csp_id=1049, page_id=24200, browser=Firefox
Testing: csp_id=1049, page_id=24300, browser=Firefox
Testing: csp_id=1049, page_id=24400, browser=Firefox
Testing: csp_id=1049, page_id=24500, browser=Firefox
Testing: csp_id=1049, page_id=24600, browser=Firefox
Testing: csp_id=1049, page_id=24700, browser=Firefox
Testing: csp_id=1049, page_id=24800, browser=Firefox
Testing: csp_id=1049, page_id=24900, browser=Firefox
Testing: csp_id=1049, page_id=25000, browser=Firefox
Testing: csp_id=1049, page_id=25100, browser=Firefox
Testing: csp_id=1049, page_id=25200, browser=Firefox
Testing: csp_id=1049, page_id=25300, browser=Firefox
Testing: csp_id=1049, page_id=25400, browser=Firefox
Testing: csp_id=1049, page_id=25500, browser=Firefox
Testing: csp_id=1049, page_id=25600, browser=Firefox
Testing: csp_id=1049, page_id=25700, browser=Firefox
Testing: csp_id=1049, page_id=25800, browser=Firefox
Testing: csp_id=1049, page_id=25900, browser=Firefox
Testing: csp_id=1049, page_id=26000, browser=Firefox
Testing: csp_id=1049, page_id=26100, browser=Firefox
Testing: csp_id=1049, page_id=26200, browser=Firefox
Testing: csp_id=1049, page_id=26300, browser=Firefox
Testing: csp_id=1049, page_id=26400, browser=Firefox
Testing: csp_id=1049, page_id=26500, browser=Firefox
Testing: csp_id=1049, page_id=26600, browser=Firefox
Testing: csp_id=1049, page_id=26700, browser=Firefox
Testing: csp_id=1049, page_id=26800, browser=Firefox
Testing: csp_id=1049, page_id=26900, browser=Firefox
Testing: csp_id=1049, page_id=27000, browser=Firefox
Testing: csp_id=1049, page_id=27100, browser=Firefox
Testing: csp_id=1049, page_id=27200, browser=Firefox
Testing: csp_id=1049, page_id=27300, browser=Firefox
Testing: csp_id=1049, page_id=27400, browser=Firefox
Testing: csp_id=1049, page_id=27500, browser=Firefox
Testing: csp_id=1049, page_id=27600, browser=Firefox
Testing: csp_id=1049, page_id=27700, browser=Firefox
Testing: csp_id=1049, page_id=27800, browser=Firefox
Testing: csp_id=1049, page_id=27900, browser=Firefox
Testing: csp_id=1049, page_id=28000, browser=Firefox
Testing: csp_id=1049, page_id=28100, browser=Firefox
Testing: csp_id=1049, page_id=28200, browser=Firefox
Testing: csp_id=1049, page_id=28300, browser=Firefox
Testing: csp_id=1049, page_id=28400, browser=Firefox
Testing: csp_id=1049, page_id=28500, browser=Firefox
Testing: csp_id=1049, page_id=28600, browser=Firefox
Testing: csp_id=1049, page_id=28700, browser=Firefox
Testing: csp_id=1049, page_id=28800, browser=Firefox
Testing: csp_id=1049, page_id=28900, browser=Firefox
Testing: csp_id=1049, page_id=29000, browser=Firefox
Testing: csp_id=1049, page_id=29100, browser=Firefox
Testing: csp_id=1049, page_id=29200, browser=Firefox
Testing: csp_id=1049, page_id=29300, browser=Firefox
Testing: csp_id=1049, page_id=29400, browser=Firefox
Testing: csp_id=1049, page_id=29500, browser=Firefox
Testing: csp_id=1049, page_id=29600, browser=Firefox
Testing: csp_id=1049, page_id=29700, browser=Firefox
Testing: csp_id=1049, page_id=29800, browser=Firefox
🏊 create_context_pools[first] (5x16): 27.864s
Testing: csp_id=1063, page_id=0, browser=Firefox
Testing: csp_id=1063, page_id=100, browser=Firefox
Testing: csp_id=1063, page_id=200, browser=Firefox
Testing: csp_id=1063, page_id=300, browser=Firefox
Testing: csp_id=1063, page_id=400, browser=Firefox
Testing: csp_id=1063, page_id=500, browser=Firefox
Testing: csp_id=1063, page_id=600, browser=Firefox
Testing: csp_id=1063, page_id=700, browser=Firefox
Testing: csp_id=1063, page_id=800, browser=Firefox
Testing: csp_id=1063, page_id=900, browser=Firefox
Testing: csp_id=1063, page_id=1000, browser=Firefox
Testing: csp_id=1063, page_id=1100, browser=Firefox
Testing: csp_id=1063, page_id=1200, browser=Firefox
Testing: csp_id=1063, page_id=1300, browser=Firefox
Testing: csp_id=1063, page_id=1400, browser=Firefox
Testing: csp_id=1063, page_id=1500, browser=Firefox
Testing: csp_id=1063, page_id=1600, browser=Firefox
Testing: csp_id=1063, page_id=1700, browser=Firefox
Testing: csp_id=1063, page_id=1800, browser=Firefox
Testing: csp_id=1063, page_id=1900, browser=Firefox
Testing: csp_id=1063, page_id=2000, browser=Firefox
Testing: csp_id=1063, page_id=2100, browser=Firefox
Testing: csp_id=1063, page_id=2200, browser=Firefox
Testing: csp_id=1063, page_id=2300, browser=Firefox
Testing: csp_id=1063, page_id=2400, browser=Firefox
Testing: csp_id=1063, page_id=2500, browser=Firefox
Testing: csp_id=1063, page_id=2600, browser=Firefox
Testing: csp_id=1063, page_id=2700, browser=Firefox
Testing: csp_id=1063, page_id=2800, browser=Firefox
Testing: csp_id=1063, page_id=2900, browser=Firefox
Testing: csp_id=1063, page_id=3000, browser=Firefox
Testing: csp_id=1063, page_id=3100, browser=Firefox
Testing: csp_id=1063, page_id=3200, browser=Firefox
Testing: csp_id=1063, page_id=3300, browser=Firefox
Testing: csp_id=1063, page_id=3400, browser=Firefox
Testing: csp_id=1063, page_id=3500, browser=Firefox
Testing: csp_id=1063, page_id=3600, browser=Firefox
Testing: csp_id=1063, page_id=3700, browser=Firefox
Testing: csp_id=1063, page_id=3800, browser=Firefox
Testing: csp_id=1063, page_id=3900, browser=Firefox
Testing: csp_id=1063, page_id=4000, browser=Firefox
Testing: csp_id=1063, page_id=4100, browser=Firefox
Testing: csp_id=1063, page_id=4200, browser=Firefox
Testing: csp_id=1063, page_id=4300, browser=Firefox
Testing: csp_id=1063, page_id=4400, browser=Firefox
Testing: csp_id=1063, page_id=4500, browser=Firefox
Testing: csp_id=1063, page_id=4600, browser=Firefox
Testing: csp_id=1063, page_id=4700, browser=Firefox
Testing: csp_id=1063, page_id=4800, browser=Firefox
Testing: csp_id=1063, page_id=4900, browser=Firefox
Testing: csp_id=1063, page_id=5000, browser=Firefox
Testing: csp_id=1063, page_id=5100, browser=Firefox
Testing: csp_id=1063, page_id=5200, browser=Firefox
Testing: csp_id=1063, page_id=5300, browser=Firefox
Testing: csp_id=1063, page_id=5400, browser=Firefox
Testing: csp_id=1063, page_id=5500, browser=Firefox
Testing: csp_id=1063, page_id=5600, browser=Firefox
Testing: csp_id=1063, page_id=5700, browser=Firefox
Testing: csp_id=1063, page_id=5800, browser=Firefox
Testing: csp_id=1063, page_id=5900, browser=Firefox
Testing: csp_id=1063, page_id=6000, browser=Firefox
Testing: csp_id=1063, page_id=6100, browser=Firefox
Testing: csp_id=1063, page_id=6200, browser=Firefox
Testing: csp_id=1063, page_id=6300, browser=Firefox
Testing: csp_id=1063, page_id=6400, browser=Firefox
Testing: csp_id=1063, page_id=6500, browser=Firefox
Testing: csp_id=1063, page_id=6600, browser=Firefox
Testing: csp_id=1063, page_id=6700, browser=Firefox
Testing: csp_id=1063, page_id=6800, browser=Firefox
Testing: csp_id=1063, page_id=6900, browser=Firefox
Testing: csp_id=1063, page_id=7000, browser=Firefox
Testing: csp_id=1063, page_id=7100, browser=Firefox
Testing: csp_id=1063, page_id=7200, browser=Firefox
Testing: csp_id=1063, page_id=7300, browser=Firefox
Testing: csp_id=1063, page_id=7400, browser=Firefox
Testing: csp_id=1063, page_id=7500, browser=Firefox
Testing: csp_id=1063, page_id=7600, browser=Firefox
Testing: csp_id=1063, page_id=7700, browser=Firefox
Testing: csp_id=1063, page_id=7800, browser=Firefox
Testing: csp_id=1063, page_id=7900, browser=Firefox
Testing: csp_id=1063, page_id=8000, browser=Firefox
Testing: csp_id=1063, page_id=8100, browser=Firefox
Testing: csp_id=1063, page_id=8200, browser=Firefox
Testing: csp_id=1063, page_id=8300, browser=Firefox
Testing: csp_id=1063, page_id=8400, browser=Firefox
Testing: csp_id=1063, page_id=8500, browser=Firefox
Testing: csp_id=1063, page_id=8600, browser=Firefox
Testing: csp_id=1063, page_id=8700, browser=Firefox
Testing: csp_id=1063, page_id=8800, browser=Firefox
Testing: csp_id=1063, page_id=8900, browser=Firefox
Testing: csp_id=1063, page_id=9000, browser=Firefox
Testing: csp_id=1063, page_id=9100, browser=Firefox
Testing: csp_id=1063, page_id=9200, browser=Firefox
Testing: csp_id=1063, page_id=9300, browser=Firefox
Testing: csp_id=1063, page_id=9400, browser=Firefox
[ERROR] page_id=9424 csp_id=1063, Page.goto: Connection closed while reading from the driver
[ERROR] page_id=9425 csp_id=1063, Page.goto: Connection closed while reading from the driver
[ERROR] page_id=9426 csp_id=1063, Page.goto: Connection closed while reading from the driver
[ERROR] page_id=9427 csp_id=1063, Page.goto: Connection closed while reading from the driver
[ERROR] page_id=9428 csp_id=1063, Page.goto: Connection closed while reading from the driver
[ERROR] page_id=9429 csp_id=1063, Page.goto: Connection closed while reading from the driver
[ERROR] page_id=9430 csp_id=1063, Page.goto: Connection closed while reading from the driver
[ERROR] page_id=9431 csp_id=1063, Page.goto: Connection closed while reading from the driver
[ERROR] page_id=9432 csp_id=1063, Page.goto: Connection closed while reading from the driver
[ERROR] page_id=9433 csp_id=1063, Page.goto: Connection closed while reading from the driver
[ERROR] page_id=9434 csp_id=1063, Page.goto: Connection closed while reading from the driver
[ERROR] page_id=9435 csp_id=1063, Page.goto: Connection closed while reading from the driver
[ERROR] page_id=9436 csp_id=1063, Page.goto: Connection closed while reading from the driver
[ERROR] page_id=9437 csp_id=1063, Page.goto: Connection closed while reading from the driver
[ERROR] page_id=9438 csp_id=1063, Page.goto: Connection closed while reading from the driver
[ERROR] page_id=9439 csp_id=1063, Page.goto: Connection closed while reading from the driver
pipe closed by peer or os.write(pipe, data) raised exception.
pipe closed by peer or os.write(pipe, data) raised exception.
pipe closed by peer or os.write(pipe, data) raised exception.
pipe closed by peer or os.write(pipe, data) raised exception.
pipe closed by peer or os.write(pipe, data) raised exception.
pipe closed by peer or os.write(pipe, data) raised exception.
pipe closed by peer or os.write(pipe, data) raised exception.
pipe closed by peer or os.write(pipe, data) raised exception.
pipe closed by peer or os.write(pipe, data) raised exception.
pipe closed by peer or os.write(pipe, data) raised exception.
pipe closed by peer or os.write(pipe, data) raised exception.
[ERROR] page_id=9440 csp_id=1063, Page.goto: Connection closed while reading from the driver
[ERROR] page_id=9441 csp_id=1063, Page.goto: Connection closed while reading from the driver
[ERROR] page_id=9442 csp_id=1063, Page.goto: Connection closed while reading from the driver
[ERROR] page_id=9443 csp_id=1063, Page.goto: Connection closed while reading from the driver
[ERROR] page_id=9444 csp_id=1063, Page.goto: Connection closed while reading from the driver
[ERROR] page_id=9445 csp_id=1063, Page.goto: Connection closed while reading from the driver
[ERROR] page_id=9446 csp_id=1063, Page.goto: Connection closed while reading from the driver
[ERROR] page_id=9447 csp_id=1063, Page.goto: Connection closed while reading from the driver
[ERROR] page_id=9448 csp_id=1063, Page.goto: Connection closed while reading from the driver
[ERROR] page_id=9449 csp_id=1063, Page.goto: Connection closed while reading from the driver
[ERROR] page_id=9450 csp_id=1063, Page.goto: Connection closed while reading from the driver
[ERROR] page_id=9451 csp_id=1063, Page.goto: Connection closed while reading from the driver
[ERROR] page_id=9452 csp_id=1063, Page.goto: Connection closed while reading from the driver
[ERROR] page_id=9453 csp_id=1063, Page.goto: Connection closed while reading from the driver
[ERROR] page_id=9454 csp_id=1063, Page.goto: Connection closed while reading from the driver
[ERROR] page_id=9455 csp_id=1063, Page.goto: Connection closed while reading from the driver
pipe closed by peer or os.write(pipe, data) raised exception.
pipe closed by peer or os.write(pipe, data) raised exception.
pipe closed by peer or os.write(pipe, data) raised exception.
pipe closed by peer or os.write(pipe, data) raised exception.
pipe closed by peer or os.write(pipe, data) raised exception.
pipe closed by peer or os.write(pipe, data) raised exception.
pipe closed by peer or os.write(pipe, data) raised exception.
pipe closed by peer or os.write(pipe, data) raised exception.
pipe closed by peer or os.write(pipe, data) raised exception.
pipe closed by peer or os.write(pipe, data) raised exception.
pipe closed by peer or os.write(pipe, data) raised exception.
pipe closed by peer or os.write(pipe, data) raised exception.
pipe closed by peer or os.write(pipe, data) raised exception.
pipe closed by peer or os.write(pipe, data) raised exception.
pipe closed by peer or os.write(pipe, data) raised exception.
pipe closed by peer or os.write(pipe, data) raised exception.
[ERROR] page_id=9456 csp_id=1063, Page.goto: Connection closed while reading from the driver
[ERROR] page_id=9457 csp_id=1063, Page.goto: Connection closed while reading from the driver
[ERROR] page_id=9458 csp_id=1063, Page.goto: Connection closed while reading from the driver
[ERROR] page_id=9459 csp_id=1063, Page.goto: Connection closed while reading from the driver
[ERROR] page_id=9460 csp_id=1063, Page.goto: Connection closed while reading from the driver
[ERROR] page_id=9461 csp_id=1063, Page.goto: Connection closed while reading from the driver
[ERROR] page_id=9462 csp_id=1063, Page.goto: Connection closed while reading from the driver
[ERROR] page_id=9463 csp_id=1063, Page.goto: Connection closed while reading from the driver
[ERROR] page_id=9464 csp_id=1063, Page.goto: Connection closed while reading from the driver
[ERROR] page_id=9465 csp_id=1063, Page.goto: Connection closed while reading from the driver
[ERROR] page_id=9466 csp_id=1063, Page.goto: Connection closed while reading from the driver
[ERROR] page_id=9467 csp_id=1063, Page.goto: Connection closed while reading from the driver
[ERROR] page_id=9468 csp_id=1063, Page.goto: Connection closed while reading from the driver
[ERROR] page_id=9469 csp_id=1063, Page.goto: Connection closed while reading from the driver
[ERROR] page_id=9470 csp_id=1063, Page.goto: Connection closed while reading from the driver
[ERROR] page_id=9471 csp_id=1063, Page.goto: Connection closed while reading from the driver
pipe closed by peer or os.write(pipe, data) raised exception.
pipe closed by peer or os.write(pipe, data) raised exception.
pipe closed by peer or os.write(pipe, data) raised exception.
pipe closed by peer or os.write(pipe, data) raised exception.
pipe closed by peer or os.write(pipe, data) raised exception.
pipe closed by peer or os.write(pipe, data) raised exception.
pipe closed by peer or os.write(pipe, data) raised exception.
pipe closed by peer or os.write(pipe, data) raised exception.
pipe closed by peer or os.write(pipe, data) raised exception.
pipe closed by peer or os.write(pipe, data) raised exception.
pipe closed by peer or os.write(pipe, data) raised exception.
pipe closed by peer or os.write(pipe, data) raised exception.
pipe closed by peer or os.write(pipe, data) raised exception.
pipe closed by peer or os.write(pipe, data) raised exception.
pipe closed by peer or os.write(pipe, data) raised exception.
pipe closed by peer or os.write(pipe, data) raised exception.
[ERROR] page_id=9472 csp_id=1063, Page.goto: Connection closed while reading from the driver
[ERROR] page_id=9473 csp_id=1063, Page.goto: Connection closed while reading from the driver
[ERROR] page_id=9474 csp_id=1063, Page.goto: Connection closed while reading from the driver
[ERROR] page_id=9475 csp_id=1063, Page.goto: Connection closed while reading from the driver
[ERROR] page_id=9476 csp_id=1063, Page.goto: Connection closed while reading from the driver
[ERROR] page_id=9477 csp_id=1063, Page.goto: Connection closed while reading from the driver
[ERROR] page_id=9478 csp_id=1063, Page.goto: Connection closed while reading from the driver
[ERROR] page_id=9479 csp_id=1063, Page.goto: Connection closed while reading from the driver
[ERROR] page_id=9480 csp_id=1063, Page.goto: Connection closed while reading from the driver
[ERROR] page_id=9481 csp_id=1063, Page.goto: Connection closed while reading from the driver
[ERROR] page_id=9482 csp_id=1063, Page.goto: Connection closed while reading from the driver
[ERROR] page_id=9483 csp_id=1063, Page.goto: Connection closed while reading from the driver
[ERROR] page_id=9484 csp_id=1063, Page.goto: Connection closed while reading from the driver
[ERROR] page_id=9485 csp_id=1063, Page.goto: Connection closed while reading from the driver
[ERROR] page_id=9486 csp_id=1063, Page.goto: Connection closed while reading from the driver
[ERROR] page_id=9487 csp_id=1063, Page.goto: Connection closed while reading from the driver
Testing: csp_id=1063, page_id=9500, browser=Firefox
pipe closed by peer or os.write(pipe, data) raised exception.
pipe closed by peer or os.write(pipe, data) raised exception.
pipe closed by peer or os.write(pipe, data) raised exception.
pipe closed by peer or os.write(pipe, data) raised exception.
pipe closed by peer or os.write(pipe, data) raised exception.
pipe closed by peer or os.write(pipe, data) raised exception.
pipe closed by peer or os.write(pipe, data) raised exception.
pipe closed by peer or os.write(pipe, data) raised exception.
pipe closed by peer or os.write(pipe, data) raised exception.
pipe closed by peer or os.write(pipe, data) raised exception.
pipe closed by peer or os.write(pipe, data) raised exception.
pipe closed by peer or os.write(pipe, data) raised exception.
pipe closed by peer or os.write(pipe, data) raised exception.
pipe closed by peer or os.write(pipe, data) raised exception.
pipe closed by peer or os.write(pipe, data) raised exception.
pipe closed by peer or os.write(pipe, data) raised exception.
[ERROR] page_id=9488 csp_id=1063, Page.goto: Connection closed while reading from the driver
[ERROR] page_id=9489 csp_id=1063, Page.goto: Connection closed while reading from the driver
[ERROR] page_id=9490 csp_id=1063, Page.goto: Connection closed while reading from the driver
[ERROR] page_id=9491 csp_id=1063, Page.goto: Connection closed while reading from the driver
[ERROR] page_id=9492 csp_id=1063, Page.goto: Connection closed while reading from the driver
[ERROR] page_id=9493 csp_id=1063, Page.goto: Connection closed while reading from the driver
[ERROR] page_id=9494 csp_id=1063, Page.goto: Connection closed while reading from the driver
[ERROR] page_id=9495 csp_id=1063, Page.goto: Connection closed while reading from the driver
[ERROR] page_id=9496 csp_id=1063, Page.goto: Connection closed while reading from the driver
[ERROR] page_id=9497 csp_id=1063, Page.goto: Connection closed while reading from the driver
[ERROR] page_id=9498 csp_id=1063, Page.goto: Connection closed while reading from the driver
[ERROR] page_id=9499 csp_id=1063, Page.goto: Connection closed while reading from the driver
[ERROR] page_id=9500 csp_id=1063, Page.goto: Connection closed while reading from the driver
[ERROR] page_id=9501 csp_id=1063, Page.goto: Connection closed while reading from the driver
[ERROR] page_id=9502 csp_id=1063, Page.goto: Connection closed while reading from the driver
[ERROR] page_id=9503 csp_id=1063, Page.goto: Connection closed while reading from the driver
pipe closed by peer or os.write(pipe, data) raised exception.
pipe closed by peer or os.write(pipe, data) raised exception.
pipe closed by peer or os.write(pipe, data) raised exception.
pipe closed by peer or os.write(pipe, data) raised exception.
pipe closed by peer or os.write(pipe, data) raised exception.
pipe closed by peer or os.write(pipe, data) raised exception.
pipe closed by peer or os.write(pipe, data) raised exception.
pipe closed by peer or os.write(pipe, data) raised exception.
pipe closed by peer or os.write(pipe, data) raised exception.
pipe closed by peer or os.write(pipe, data) raised exception.
pipe closed by peer or os.write(pipe, data) raised exception.
pipe closed by peer or os.write(pipe, data) raised exception.
pipe closed by peer or os.write(pipe, data) raised exception.
pipe closed by peer or os.write(pipe, data) raised exception.
pipe closed by peer or os.write(pipe, data) raised exception.
pipe closed by peer or os.write(pipe, data) raised exception.
[ERROR] page_id=9504 csp_id=1063, Page.goto: Connection closed while reading from the driver
[ERROR] page_id=9505 csp_id=1063, Page.goto: Connection closed while reading from the driver
[ERROR] page_id=9506 csp_id=1063, Page.goto: Connection closed while reading from the driver
[ERROR] page_id=9507 csp_id=1063, Page.goto: Connection closed while reading from the driver
[ERROR] page_id=9508 csp_id=1063, Page.goto: Connection closed while reading from the driver
[ERROR] page_id=9509 csp_id=1063, Page.goto: Connection closed while reading from the driver
[ERROR] page_id=9510 csp_id=1063, Page.goto: Connection closed while reading from the driver
[ERROR] page_id=9511 csp_id=1063, Page.goto: Connection closed while reading from the driver
[ERROR] page_id=9512 csp_id=1063, Page.goto: Connection closed while reading from the driver
[ERROR] page_id=9513 csp_id=1063, Page.goto: Connection closed while reading from the driver
[ERROR] page_id=9514 csp_id=1063, Page.goto: Connection closed while reading from the driver
[ERROR] page_id=9515 csp_id=1063, Page.goto: Connection closed while reading from the driver
[ERROR] page_id=9516 csp_id=1063, Page.goto: Connection closed while reading from the driver
[ERROR] page_id=9517 csp_id=1063, Page.goto: Connection closed while reading from the driver
[ERROR] page_id=9518 csp_id=1063, Page.goto: Connection closed while reading from the driver
[ERROR] page_id=9519 csp_id=1063, Page.goto: Connection closed while reading from the driver
pipe closed by peer or os.write(pipe, data) raised exception.
pipe closed by peer or os.write(pipe, data) raised exception.
pipe closed by peer or os.write(pipe, data) raised exception.
pipe closed by peer or os.write(pipe, data) raised exception.
pipe closed by peer or os.write(pipe, data) raised exception.
pipe closed by peer or os.write(pipe, data) raised exception.
pipe closed by peer or os.write(pipe, data) raised exception.
pipe closed by peer or os.write(pipe, data) raised exception.
pipe closed by peer or os.write(pipe, data) raised exception.
pipe closed by peer or os.write(pipe, data) raised exception.
