=========Notice: Full run mode=========
current_playwright_page_split_num is 1
=======================================
🏊 create_context_pools[first] (5x16): 19.055s
Testing: csp_id=0, page_id=0, browser=Firefox
Testing: csp_id=0, page_id=100, browser=Firefox
Testing: csp_id=0, page_id=200, browser=Firefox
Testing: csp_id=0, page_id=300, browser=Firefox
Testing: csp_id=0, page_id=400, browser=Firefox
Testing: csp_id=0, page_id=500, browser=Firefox
Testing: csp_id=0, page_id=600, browser=Firefox
Testing: csp_id=0, page_id=700, browser=Firefox
Testing: csp_id=0, page_id=800, browser=Firefox
Testing: csp_id=0, page_id=900, browser=Firefox
Testing: csp_id=0, page_id=1000, browser=Firefox
Testing: csp_id=0, page_id=1100, browser=Firefox
Testing: csp_id=0, page_id=1200, browser=Firefox
Testing: csp_id=0, page_id=1300, browser=Firefox
Testing: csp_id=0, page_id=1400, browser=Firefox
Testing: csp_id=0, page_id=1500, browser=Firefox
Testing: csp_id=0, page_id=1600, browser=Firefox
Testing: csp_id=0, page_id=1700, browser=Firefox
Testing: csp_id=0, page_id=1800, browser=Firefox
Testing: csp_id=0, page_id=1900, browser=Firefox
Testing: csp_id=0, page_id=2000, browser=Firefox
Testing: csp_id=0, page_id=2100, browser=Firefox
Testing: csp_id=0, page_id=2200, browser=Firefox
Testing: csp_id=0, page_id=2300, browser=Firefox
Testing: csp_id=0, page_id=2400, browser=Firefox
Testing: csp_id=0, page_id=2500, browser=Firefox
Testing: csp_id=0, page_id=2600, browser=Firefox
Testing: csp_id=0, page_id=2700, browser=Firefox
Testing: csp_id=0, page_id=2800, browser=Firefox
Testing: csp_id=0, page_id=2900, browser=Firefox
Testing: csp_id=0, page_id=3000, browser=Firefox
Testing: csp_id=0, page_id=3100, browser=Firefox
Testing: csp_id=0, page_id=3200, browser=Firefox
Testing: csp_id=0, page_id=3300, browser=Firefox
Testing: csp_id=0, page_id=3400, browser=Firefox
Testing: csp_id=0, page_id=3500, browser=Firefox
Testing: csp_id=0, page_id=3600, browser=Firefox
Testing: csp_id=0, page_id=3700, browser=Firefox
Testing: csp_id=0, page_id=3800, browser=Firefox
Testing: csp_id=0, page_id=3900, browser=Firefox
Testing: csp_id=0, page_id=4000, browser=Firefox
Testing: csp_id=0, page_id=4100, browser=Firefox
Testing: csp_id=0, page_id=4200, browser=Firefox
Testing: csp_id=0, page_id=4300, browser=Firefox
Testing: csp_id=0, page_id=4400, browser=Firefox
Testing: csp_id=0, page_id=4500, browser=Firefox
Testing: csp_id=0, page_id=4600, browser=Firefox
Testing: csp_id=0, page_id=4700, browser=Firefox
Testing: csp_id=0, page_id=4800, browser=Firefox
Testing: csp_id=0, page_id=4900, browser=Firefox
Testing: csp_id=0, page_id=5000, browser=Firefox
Testing: csp_id=0, page_id=5100, browser=Firefox
Testing: csp_id=0, page_id=5200, browser=Firefox
Testing: csp_id=0, page_id=5300, browser=Firefox
Testing: csp_id=0, page_id=5400, browser=Firefox
Testing: csp_id=0, page_id=5500, browser=Firefox
Testing: csp_id=0, page_id=5600, browser=Firefox
Testing: csp_id=0, page_id=5700, browser=Firefox
Testing: csp_id=0, page_id=5800, browser=Firefox
Testing: csp_id=0, page_id=5900, browser=Firefox
Testing: csp_id=0, page_id=6000, browser=Firefox
Testing: csp_id=0, page_id=6100, browser=Firefox
Testing: csp_id=0, page_id=6200, browser=Firefox
Testing: csp_id=0, page_id=6300, browser=Firefox
Testing: csp_id=0, page_id=6400, browser=Firefox
Testing: csp_id=0, page_id=6500, browser=Firefox
Testing: csp_id=0, page_id=6600, browser=Firefox
Testing: csp_id=0, page_id=6700, browser=Firefox
Testing: csp_id=0, page_id=6800, browser=Firefox
Testing: csp_id=0, page_id=6900, browser=Firefox
Testing: csp_id=0, page_id=7000, browser=Firefox
Testing: csp_id=0, page_id=7100, browser=Firefox
Testing: csp_id=0, page_id=7200, browser=Firefox
Testing: csp_id=0, page_id=7300, browser=Firefox
Testing: csp_id=0, page_id=7400, browser=Firefox
Testing: csp_id=0, page_id=7500, browser=Firefox
Testing: csp_id=0, page_id=7600, browser=Firefox
Testing: csp_id=0, page_id=7700, browser=Firefox
Testing: csp_id=0, page_id=7800, browser=Firefox
Testing: csp_id=0, page_id=7900, browser=Firefox
Testing: csp_id=0, page_id=8000, browser=Firefox
Testing: csp_id=0, page_id=8100, browser=Firefox
Testing: csp_id=0, page_id=8200, browser=Firefox
Testing: csp_id=0, page_id=8300, browser=Firefox
Testing: csp_id=0, page_id=8400, browser=Firefox
Testing: csp_id=0, page_id=8500, browser=Firefox
Testing: csp_id=0, page_id=8600, browser=Firefox
Testing: csp_id=0, page_id=8700, browser=Firefox
Testing: csp_id=0, page_id=8800, browser=Firefox
Testing: csp_id=0, page_id=8900, browser=Firefox
Testing: csp_id=0, page_id=9000, browser=Firefox
Testing: csp_id=0, page_id=9100, browser=Firefox
Testing: csp_id=0, page_id=9200, browser=Firefox
Testing: csp_id=0, page_id=9300, browser=Firefox
Testing: csp_id=0, page_id=9400, browser=Firefox
Testing: csp_id=0, page_id=9500, browser=Firefox
Testing: csp_id=0, page_id=9600, browser=Firefox
Testing: csp_id=0, page_id=9700, browser=Firefox
Testing: csp_id=0, page_id=9800, browser=Firefox
Testing: csp_id=0, page_id=9900, browser=Firefox
Testing: csp_id=0, page_id=10000, browser=Firefox
Testing: csp_id=0, page_id=10100, browser=Firefox
Testing: csp_id=0, page_id=10200, browser=Firefox
Testing: csp_id=0, page_id=10300, browser=Firefox
Testing: csp_id=0, page_id=10400, browser=Firefox
Testing: csp_id=0, page_id=10500, browser=Firefox
Testing: csp_id=0, page_id=10600, browser=Firefox
Testing: csp_id=0, page_id=10700, browser=Firefox
Testing: csp_id=0, page_id=10800, browser=Firefox
Testing: csp_id=0, page_id=10900, browser=Firefox
Testing: csp_id=0, page_id=11000, browser=Firefox
Testing: csp_id=0, page_id=11100, browser=Firefox
Testing: csp_id=0, page_id=11200, browser=Firefox
Testing: csp_id=0, page_id=11300, browser=Firefox
Testing: csp_id=0, page_id=11400, browser=Firefox
Testing: csp_id=0, page_id=11500, browser=Firefox
Testing: csp_id=0, page_id=11600, browser=Firefox
Testing: csp_id=0, page_id=11700, browser=Firefox
Testing: csp_id=0, page_id=11800, browser=Firefox
Testing: csp_id=0, page_id=11900, browser=Firefox
Testing: csp_id=0, page_id=12000, browser=Firefox
Testing: csp_id=0, page_id=12100, browser=Firefox
Testing: csp_id=0, page_id=12200, browser=Firefox
Testing: csp_id=0, page_id=12300, browser=Firefox
Testing: csp_id=0, page_id=12400, browser=Firefox
Testing: csp_id=0, page_id=12500, browser=Firefox
Testing: csp_id=0, page_id=12600, browser=Firefox
Testing: csp_id=0, page_id=12700, browser=Firefox
Testing: csp_id=0, page_id=12800, browser=Firefox
Testing: csp_id=0, page_id=12900, browser=Firefox
Testing: csp_id=0, page_id=13000, browser=Firefox
Testing: csp_id=0, page_id=13100, browser=Firefox
Testing: csp_id=0, page_id=13200, browser=Firefox
Testing: csp_id=0, page_id=13300, browser=Firefox
Testing: csp_id=0, page_id=13400, browser=Firefox
Testing: csp_id=0, page_id=13500, browser=Firefox
Testing: csp_id=0, page_id=13600, browser=Firefox
Testing: csp_id=0, page_id=13700, browser=Firefox
Testing: csp_id=0, page_id=13800, browser=Firefox
Testing: csp_id=0, page_id=13900, browser=Firefox
Testing: csp_id=0, page_id=14000, browser=Firefox
Testing: csp_id=0, page_id=14100, browser=Firefox
Testing: csp_id=0, page_id=14200, browser=Firefox
Testing: csp_id=0, page_id=14300, browser=Firefox
Testing: csp_id=0, page_id=14400, browser=Firefox
Testing: csp_id=0, page_id=14500, browser=Firefox
Testing: csp_id=0, page_id=14600, browser=Firefox
Testing: csp_id=0, page_id=14700, browser=Firefox
Testing: csp_id=0, page_id=14800, browser=Firefox
Testing: csp_id=0, page_id=14900, browser=Firefox
Testing: csp_id=0, page_id=15000, browser=Firefox
Testing: csp_id=0, page_id=15100, browser=Firefox
Testing: csp_id=0, page_id=15200, browser=Firefox
Testing: csp_id=0, page_id=15300, browser=Firefox
Testing: csp_id=0, page_id=15400, browser=Firefox
Testing: csp_id=0, page_id=15500, browser=Firefox
Testing: csp_id=0, page_id=15600, browser=Firefox
Testing: csp_id=0, page_id=15700, browser=Firefox
Testing: csp_id=0, page_id=15800, browser=Firefox
Testing: csp_id=0, page_id=15900, browser=Firefox
Testing: csp_id=0, page_id=16000, browser=Firefox
Testing: csp_id=0, page_id=16100, browser=Firefox
Testing: csp_id=0, page_id=16200, browser=Firefox
Testing: csp_id=0, page_id=16300, browser=Firefox
Testing: csp_id=0, page_id=16400, browser=Firefox
Testing: csp_id=0, page_id=16500, browser=Firefox
Testing: csp_id=0, page_id=16600, browser=Firefox
Testing: csp_id=0, page_id=16700, browser=Firefox
Testing: csp_id=0, page_id=16800, browser=Firefox
Testing: csp_id=0, page_id=16900, browser=Firefox
Testing: csp_id=0, page_id=17000, browser=Firefox
Testing: csp_id=0, page_id=17100, browser=Firefox
Testing: csp_id=0, page_id=17200, browser=Firefox
Testing: csp_id=0, page_id=17300, browser=Firefox
Testing: csp_id=0, page_id=17400, browser=Firefox
Testing: csp_id=0, page_id=17500, browser=Firefox
Testing: csp_id=0, page_id=17600, browser=Firefox
Testing: csp_id=0, page_id=17700, browser=Firefox
Testing: csp_id=0, page_id=17800, browser=Firefox
Testing: csp_id=0, page_id=17900, browser=Firefox
Testing: csp_id=0, page_id=18000, browser=Firefox
Testing: csp_id=0, page_id=18100, browser=Firefox
Testing: csp_id=0, page_id=18200, browser=Firefox
Testing: csp_id=0, page_id=18300, browser=Firefox
Testing: csp_id=0, page_id=18400, browser=Firefox
Testing: csp_id=0, page_id=18500, browser=Firefox
Testing: csp_id=0, page_id=18600, browser=Firefox
Testing: csp_id=0, page_id=18700, browser=Firefox
Testing: csp_id=0, page_id=18800, browser=Firefox
Testing: csp_id=0, page_id=18900, browser=Firefox
Testing: csp_id=0, page_id=19000, browser=Firefox
Testing: csp_id=0, page_id=19100, browser=Firefox
Testing: csp_id=0, page_id=19200, browser=Firefox
Testing: csp_id=0, page_id=19300, browser=Firefox
Testing: csp_id=0, page_id=19400, browser=Firefox
Testing: csp_id=0, page_id=19500, browser=Firefox
Testing: csp_id=0, page_id=19600, browser=Firefox
Testing: csp_id=0, page_id=19700, browser=Firefox
Testing: csp_id=0, page_id=19800, browser=Firefox
Testing: csp_id=0, page_id=19900, browser=Firefox
Testing: csp_id=0, page_id=20000, browser=Firefox
Testing: csp_id=0, page_id=20100, browser=Firefox
Testing: csp_id=0, page_id=20200, browser=Firefox
Testing: csp_id=0, page_id=20300, browser=Firefox
Testing: csp_id=0, page_id=20400, browser=Firefox
Testing: csp_id=0, page_id=20500, browser=Firefox
Testing: csp_id=0, page_id=20600, browser=Firefox
Testing: csp_id=0, page_id=20700, browser=Firefox
Testing: csp_id=0, page_id=20800, browser=Firefox
Testing: csp_id=0, page_id=20900, browser=Firefox
Testing: csp_id=0, page_id=21000, browser=Firefox
Testing: csp_id=0, page_id=21100, browser=Firefox
Testing: csp_id=0, page_id=21200, browser=Firefox
Testing: csp_id=0, page_id=21300, browser=Firefox
Testing: csp_id=0, page_id=21400, browser=Firefox
Testing: csp_id=0, page_id=21500, browser=Firefox
Testing: csp_id=0, page_id=21600, browser=Firefox
Testing: csp_id=0, page_id=21700, browser=Firefox
Testing: csp_id=0, page_id=21800, browser=Firefox
Testing: csp_id=0, page_id=21900, browser=Firefox
Testing: csp_id=0, page_id=22000, browser=Firefox
Testing: csp_id=0, page_id=22100, browser=Firefox
Testing: csp_id=0, page_id=22200, browser=Firefox
Testing: csp_id=0, page_id=22300, browser=Firefox
Testing: csp_id=0, page_id=22400, browser=Firefox
Testing: csp_id=0, page_id=22500, browser=Firefox
Testing: csp_id=0, page_id=22600, browser=Firefox
Testing: csp_id=0, page_id=22700, browser=Firefox
Testing: csp_id=0, page_id=22800, browser=Firefox
Testing: csp_id=0, page_id=22900, browser=Firefox
Testing: csp_id=0, page_id=23000, browser=Firefox
Testing: csp_id=0, page_id=23100, browser=Firefox
Testing: csp_id=0, page_id=23200, browser=Firefox
Testing: csp_id=0, page_id=23300, browser=Firefox
Testing: csp_id=0, page_id=23400, browser=Firefox
Testing: csp_id=0, page_id=23500, browser=Firefox
Testing: csp_id=0, page_id=23600, browser=Firefox
Testing: csp_id=0, page_id=23700, browser=Firefox
Testing: csp_id=0, page_id=23800, browser=Firefox
Testing: csp_id=0, page_id=23900, browser=Firefox
Testing: csp_id=0, page_id=24000, browser=Firefox
Testing: csp_id=0, page_id=24100, browser=Firefox
Testing: csp_id=0, page_id=24200, browser=Firefox
Testing: csp_id=0, page_id=24300, browser=Firefox
Testing: csp_id=0, page_id=24400, browser=Firefox
Testing: csp_id=0, page_id=24500, browser=Firefox
Testing: csp_id=0, page_id=24600, browser=Firefox
Testing: csp_id=0, page_id=24700, browser=Firefox
Testing: csp_id=0, page_id=24800, browser=Firefox
Testing: csp_id=0, page_id=24900, browser=Firefox
Testing: csp_id=0, page_id=25000, browser=Firefox
Testing: csp_id=0, page_id=25100, browser=Firefox
Testing: csp_id=0, page_id=25200, browser=Firefox
Testing: csp_id=0, page_id=25300, browser=Firefox
Testing: csp_id=0, page_id=25400, browser=Firefox
Testing: csp_id=0, page_id=25500, browser=Firefox
Testing: csp_id=0, page_id=25600, browser=Firefox
Testing: csp_id=0, page_id=25700, browser=Firefox
Testing: csp_id=0, page_id=25800, browser=Firefox
Testing: csp_id=0, page_id=25900, browser=Firefox
Testing: csp_id=0, page_id=26000, browser=Firefox
Testing: csp_id=0, page_id=26100, browser=Firefox
Testing: csp_id=0, page_id=26200, browser=Firefox
Testing: csp_id=0, page_id=26300, browser=Firefox
Testing: csp_id=0, page_id=26400, browser=Firefox
Testing: csp_id=0, page_id=26500, browser=Firefox
Testing: csp_id=0, page_id=26600, browser=Firefox
Testing: csp_id=0, page_id=26700, browser=Firefox
Testing: csp_id=0, page_id=26800, browser=Firefox
Testing: csp_id=0, page_id=26900, browser=Firefox
Testing: csp_id=0, page_id=27000, browser=Firefox
Testing: csp_id=0, page_id=27100, browser=Firefox
Testing: csp_id=0, page_id=27200, browser=Firefox
Testing: csp_id=0, page_id=27300, browser=Firefox
Testing: csp_id=0, page_id=27400, browser=Firefox
Testing: csp_id=0, page_id=27500, browser=Firefox
Testing: csp_id=0, page_id=27600, browser=Firefox
Testing: csp_id=0, page_id=27700, browser=Firefox
Testing: csp_id=0, page_id=27800, browser=Firefox
Testing: csp_id=0, page_id=27900, browser=Firefox
Testing: csp_id=0, page_id=28000, browser=Firefox
Testing: csp_id=0, page_id=28100, browser=Firefox
Testing: csp_id=0, page_id=28200, browser=Firefox
Testing: csp_id=0, page_id=28300, browser=Firefox
Testing: csp_id=0, page_id=28400, browser=Firefox
Testing: csp_id=0, page_id=28500, browser=Firefox
Testing: csp_id=0, page_id=28600, browser=Firefox
Testing: csp_id=0, page_id=28700, browser=Firefox
Testing: csp_id=0, page_id=28800, browser=Firefox
Testing: csp_id=0, page_id=28900, browser=Firefox
Testing: csp_id=0, page_id=29000, browser=Firefox
Testing: csp_id=0, page_id=29100, browser=Firefox
Testing: csp_id=0, page_id=29200, browser=Firefox
Testing: csp_id=0, page_id=29300, browser=Firefox
Testing: csp_id=0, page_id=29400, browser=Firefox
Testing: csp_id=0, page_id=29500, browser=Firefox
Testing: csp_id=0, page_id=29600, browser=Firefox
Testing: csp_id=0, page_id=29700, browser=Firefox
Testing: csp_id=0, page_id=29800, browser=Firefox
🏊 create_context_pools[first] (5x16): 23.975s
Testing: csp_id=22, page_id=0, browser=Firefox
Testing: csp_id=22, page_id=100, browser=Firefox
Testing: csp_id=22, page_id=200, browser=Firefox
Testing: csp_id=22, page_id=300, browser=Firefox
Testing: csp_id=22, page_id=400, browser=Firefox
Testing: csp_id=22, page_id=500, browser=Firefox
Testing: csp_id=22, page_id=600, browser=Firefox
Testing: csp_id=22, page_id=700, browser=Firefox
Testing: csp_id=22, page_id=800, browser=Firefox
Testing: csp_id=22, page_id=900, browser=Firefox
Testing: csp_id=22, page_id=1000, browser=Firefox
Testing: csp_id=22, page_id=1100, browser=Firefox
Testing: csp_id=22, page_id=1200, browser=Firefox
Testing: csp_id=22, page_id=1300, browser=Firefox
Testing: csp_id=22, page_id=1400, browser=Firefox
Testing: csp_id=22, page_id=1500, browser=Firefox
Testing: csp_id=22, page_id=1600, browser=Firefox
Testing: csp_id=22, page_id=1700, browser=Firefox
Testing: csp_id=22, page_id=1800, browser=Firefox
Testing: csp_id=22, page_id=1900, browser=Firefox
Testing: csp_id=22, page_id=2000, browser=Firefox
Testing: csp_id=22, page_id=2100, browser=Firefox
Testing: csp_id=22, page_id=2200, browser=Firefox
Testing: csp_id=22, page_id=2300, browser=Firefox
Testing: csp_id=22, page_id=2400, browser=Firefox
Testing: csp_id=22, page_id=2500, browser=Firefox
Testing: csp_id=22, page_id=2600, browser=Firefox
Testing: csp_id=22, page_id=2700, browser=Firefox
Testing: csp_id=22, page_id=2800, browser=Firefox
Testing: csp_id=22, page_id=2900, browser=Firefox
Testing: csp_id=22, page_id=3000, browser=Firefox
Testing: csp_id=22, page_id=3100, browser=Firefox
Testing: csp_id=22, page_id=3200, browser=Firefox
Testing: csp_id=22, page_id=3300, browser=Firefox
Testing: csp_id=22, page_id=3400, browser=Firefox
Testing: csp_id=22, page_id=3500, browser=Firefox
Testing: csp_id=22, page_id=3600, browser=Firefox
Testing: csp_id=22, page_id=3700, browser=Firefox
Testing: csp_id=22, page_id=3800, browser=Firefox
Testing: csp_id=22, page_id=3900, browser=Firefox
Testing: csp_id=22, page_id=4000, browser=Firefox
Testing: csp_id=22, page_id=4100, browser=Firefox
Testing: csp_id=22, page_id=4200, browser=Firefox
Testing: csp_id=22, page_id=4300, browser=Firefox
Testing: csp_id=22, page_id=4400, browser=Firefox
Testing: csp_id=22, page_id=4500, browser=Firefox
Testing: csp_id=22, page_id=4600, browser=Firefox
Testing: csp_id=22, page_id=4700, browser=Firefox
Testing: csp_id=22, page_id=4800, browser=Firefox
Testing: csp_id=22, page_id=4900, browser=Firefox
Testing: csp_id=22, page_id=5000, browser=Firefox
Testing: csp_id=22, page_id=5100, browser=Firefox
Testing: csp_id=22, page_id=5200, browser=Firefox
Testing: csp_id=22, page_id=5300, browser=Firefox
Testing: csp_id=22, page_id=5400, browser=Firefox
Testing: csp_id=22, page_id=5500, browser=Firefox
Testing: csp_id=22, page_id=5600, browser=Firefox
Testing: csp_id=22, page_id=5700, browser=Firefox
Testing: csp_id=22, page_id=5800, browser=Firefox
Testing: csp_id=22, page_id=5900, browser=Firefox
Testing: csp_id=22, page_id=6000, browser=Firefox
Testing: csp_id=22, page_id=6100, browser=Firefox
Testing: csp_id=22, page_id=6200, browser=Firefox
Testing: csp_id=22, page_id=6300, browser=Firefox
Testing: csp_id=22, page_id=6400, browser=Firefox
Testing: csp_id=22, page_id=6500, browser=Firefox
Testing: csp_id=22, page_id=6600, browser=Firefox
Testing: csp_id=22, page_id=6700, browser=Firefox
Testing: csp_id=22, page_id=6800, browser=Firefox
Testing: csp_id=22, page_id=6900, browser=Firefox
Testing: csp_id=22, page_id=7000, browser=Firefox
Testing: csp_id=22, page_id=7100, browser=Firefox
Testing: csp_id=22, page_id=7200, browser=Firefox
Testing: csp_id=22, page_id=7300, browser=Firefox
Testing: csp_id=22, page_id=7400, browser=Firefox
Testing: csp_id=22, page_id=7500, browser=Firefox
Testing: csp_id=22, page_id=7600, browser=Firefox
Testing: csp_id=22, page_id=7700, browser=Firefox
Testing: csp_id=22, page_id=7800, browser=Firefox
Testing: csp_id=22, page_id=7900, browser=Firefox
Testing: csp_id=22, page_id=8000, browser=Firefox
Testing: csp_id=22, page_id=8100, browser=Firefox
Testing: csp_id=22, page_id=8200, browser=Firefox
Testing: csp_id=22, page_id=8300, browser=Firefox
Testing: csp_id=22, page_id=8400, browser=Firefox
Testing: csp_id=22, page_id=8500, browser=Firefox
Testing: csp_id=22, page_id=8600, browser=Firefox
Testing: csp_id=22, page_id=8700, browser=Firefox
Testing: csp_id=22, page_id=8800, browser=Firefox
Testing: csp_id=22, page_id=8900, browser=Firefox
Testing: csp_id=22, page_id=9000, browser=Firefox
Testing: csp_id=22, page_id=9100, browser=Firefox
Testing: csp_id=22, page_id=9200, browser=Firefox
Testing: csp_id=22, page_id=9300, browser=Firefox
Testing: csp_id=22, page_id=9400, browser=Firefox
Testing: csp_id=22, page_id=9500, browser=Firefox
Testing: csp_id=22, page_id=9600, browser=Firefox
Testing: csp_id=22, page_id=9700, browser=Firefox
Testing: csp_id=22, page_id=9800, browser=Firefox
Testing: csp_id=22, page_id=9900, browser=Firefox
Testing: csp_id=22, page_id=10000, browser=Firefox
Testing: csp_id=22, page_id=10100, browser=Firefox
Testing: csp_id=22, page_id=10200, browser=Firefox
Testing: csp_id=22, page_id=10300, browser=Firefox
Testing: csp_id=22, page_id=10400, browser=Firefox
Testing: csp_id=22, page_id=10500, browser=Firefox
Testing: csp_id=22, page_id=10600, browser=Firefox
Testing: csp_id=22, page_id=10700, browser=Firefox
Testing: csp_id=22, page_id=10800, browser=Firefox
Testing: csp_id=22, page_id=10900, browser=Firefox
Testing: csp_id=22, page_id=11000, browser=Firefox
Testing: csp_id=22, page_id=11100, browser=Firefox
Testing: csp_id=22, page_id=11200, browser=Firefox
Testing: csp_id=22, page_id=11300, browser=Firefox
Testing: csp_id=22, page_id=11400, browser=Firefox
Testing: csp_id=22, page_id=11500, browser=Firefox
Testing: csp_id=22, page_id=11600, browser=Firefox
Testing: csp_id=22, page_id=11700, browser=Firefox
Testing: csp_id=22, page_id=11800, browser=Firefox
Testing: csp_id=22, page_id=11900, browser=Firefox
Testing: csp_id=22, page_id=12000, browser=Firefox
Testing: csp_id=22, page_id=12100, browser=Firefox
Testing: csp_id=22, page_id=12200, browser=Firefox
Testing: csp_id=22, page_id=12300, browser=Firefox
Testing: csp_id=22, page_id=12400, browser=Firefox
Testing: csp_id=22, page_id=12500, browser=Firefox
Testing: csp_id=22, page_id=12600, browser=Firefox
Testing: csp_id=22, page_id=12700, browser=Firefox
Testing: csp_id=22, page_id=12800, browser=Firefox
Testing: csp_id=22, page_id=12900, browser=Firefox
Testing: csp_id=22, page_id=13000, browser=Firefox
Testing: csp_id=22, page_id=13100, browser=Firefox
Testing: csp_id=22, page_id=13200, browser=Firefox
Testing: csp_id=22, page_id=13300, browser=Firefox
Testing: csp_id=22, page_id=13400, browser=Firefox
Testing: csp_id=22, page_id=13500, browser=Firefox
Testing: csp_id=22, page_id=13600, browser=Firefox
Testing: csp_id=22, page_id=13700, browser=Firefox
Testing: csp_id=22, page_id=13800, browser=Firefox
Testing: csp_id=22, page_id=13900, browser=Firefox
Testing: csp_id=22, page_id=14000, browser=Firefox
Testing: csp_id=22, page_id=14100, browser=Firefox
Testing: csp_id=22, page_id=14200, browser=Firefox
Testing: csp_id=22, page_id=14300, browser=Firefox
Testing: csp_id=22, page_id=14400, browser=Firefox
Testing: csp_id=22, page_id=14500, browser=Firefox
Testing: csp_id=22, page_id=14600, browser=Firefox
Testing: csp_id=22, page_id=14700, browser=Firefox
Testing: csp_id=22, page_id=14800, browser=Firefox
Testing: csp_id=22, page_id=14900, browser=Firefox
Testing: csp_id=22, page_id=15000, browser=Firefox
Testing: csp_id=22, page_id=15100, browser=Firefox
Testing: csp_id=22, page_id=15200, browser=Firefox
Testing: csp_id=22, page_id=15300, browser=Firefox
Testing: csp_id=22, page_id=15400, browser=Firefox
Testing: csp_id=22, page_id=15500, browser=Firefox
Testing: csp_id=22, page_id=15600, browser=Firefox
Testing: csp_id=22, page_id=15700, browser=Firefox
Testing: csp_id=22, page_id=15800, browser=Firefox
Testing: csp_id=22, page_id=15900, browser=Firefox
Testing: csp_id=22, page_id=16000, browser=Firefox
Testing: csp_id=22, page_id=16100, browser=Firefox
Testing: csp_id=22, page_id=16200, browser=Firefox
Testing: csp_id=22, page_id=16300, browser=Firefox
Testing: csp_id=22, page_id=16400, browser=Firefox
Testing: csp_id=22, page_id=16500, browser=Firefox
Testing: csp_id=22, page_id=16600, browser=Firefox
Testing: csp_id=22, page_id=16700, browser=Firefox
Testing: csp_id=22, page_id=16800, browser=Firefox
Testing: csp_id=22, page_id=16900, browser=Firefox
Testing: csp_id=22, page_id=17000, browser=Firefox
Testing: csp_id=22, page_id=17100, browser=Firefox
Testing: csp_id=22, page_id=17200, browser=Firefox
Testing: csp_id=22, page_id=17300, browser=Firefox
Testing: csp_id=22, page_id=17400, browser=Firefox
Testing: csp_id=22, page_id=17500, browser=Firefox
Testing: csp_id=22, page_id=17600, browser=Firefox
Testing: csp_id=22, page_id=17700, browser=Firefox
Testing: csp_id=22, page_id=17800, browser=Firefox
Testing: csp_id=22, page_id=17900, browser=Firefox
Testing: csp_id=22, page_id=18000, browser=Firefox
Testing: csp_id=22, page_id=18100, browser=Firefox
Testing: csp_id=22, page_id=18200, browser=Firefox
Testing: csp_id=22, page_id=18300, browser=Firefox
Testing: csp_id=22, page_id=18400, browser=Firefox
Testing: csp_id=22, page_id=18500, browser=Firefox
Testing: csp_id=22, page_id=18600, browser=Firefox
Testing: csp_id=22, page_id=18700, browser=Firefox
Testing: csp_id=22, page_id=18800, browser=Firefox
Testing: csp_id=22, page_id=18900, browser=Firefox
Testing: csp_id=22, page_id=19000, browser=Firefox
Testing: csp_id=22, page_id=19100, browser=Firefox
Testing: csp_id=22, page_id=19200, browser=Firefox
Testing: csp_id=22, page_id=19300, browser=Firefox
Testing: csp_id=22, page_id=19400, browser=Firefox
Testing: csp_id=22, page_id=19500, browser=Firefox
Testing: csp_id=22, page_id=19600, browser=Firefox
Testing: csp_id=22, page_id=19700, browser=Firefox
Testing: csp_id=22, page_id=19800, browser=Firefox
Testing: csp_id=22, page_id=19900, browser=Firefox
Testing: csp_id=22, page_id=20000, browser=Firefox
Testing: csp_id=22, page_id=20100, browser=Firefox
Testing: csp_id=22, page_id=20200, browser=Firefox
Testing: csp_id=22, page_id=20300, browser=Firefox
Testing: csp_id=22, page_id=20400, browser=Firefox
Testing: csp_id=22, page_id=20500, browser=Firefox
Testing: csp_id=22, page_id=20600, browser=Firefox
Testing: csp_id=22, page_id=20700, browser=Firefox
Testing: csp_id=22, page_id=20800, browser=Firefox
Testing: csp_id=22, page_id=20900, browser=Firefox
Testing: csp_id=22, page_id=21000, browser=Firefox
Testing: csp_id=22, page_id=21100, browser=Firefox
Testing: csp_id=22, page_id=21200, browser=Firefox
Testing: csp_id=22, page_id=21300, browser=Firefox
Testing: csp_id=22, page_id=21400, browser=Firefox
Testing: csp_id=22, page_id=21500, browser=Firefox
Testing: csp_id=22, page_id=21600, browser=Firefox
Testing: csp_id=22, page_id=21700, browser=Firefox
Testing: csp_id=22, page_id=21800, browser=Firefox
Testing: csp_id=22, page_id=21900, browser=Firefox
Testing: csp_id=22, page_id=22000, browser=Firefox
Testing: csp_id=22, page_id=22100, browser=Firefox
Testing: csp_id=22, page_id=22200, browser=Firefox
Testing: csp_id=22, page_id=22300, browser=Firefox
Testing: csp_id=22, page_id=22400, browser=Firefox
Testing: csp_id=22, page_id=22500, browser=Firefox
Testing: csp_id=22, page_id=22600, browser=Firefox
Testing: csp_id=22, page_id=22700, browser=Firefox
Testing: csp_id=22, page_id=22800, browser=Firefox
Testing: csp_id=22, page_id=22900, browser=Firefox
Testing: csp_id=22, page_id=23000, browser=Firefox
Testing: csp_id=22, page_id=23100, browser=Firefox
Testing: csp_id=22, page_id=23200, browser=Firefox
Testing: csp_id=22, page_id=23300, browser=Firefox
Testing: csp_id=22, page_id=23400, browser=Firefox
Testing: csp_id=22, page_id=23500, browser=Firefox
Testing: csp_id=22, page_id=23600, browser=Firefox
Testing: csp_id=22, page_id=23700, browser=Firefox
Testing: csp_id=22, page_id=23800, browser=Firefox
Testing: csp_id=22, page_id=23900, browser=Firefox
Testing: csp_id=22, page_id=24000, browser=Firefox
Testing: csp_id=22, page_id=24100, browser=Firefox
Testing: csp_id=22, page_id=24200, browser=Firefox
Testing: csp_id=22, page_id=24300, browser=Firefox
Testing: csp_id=22, page_id=24400, browser=Firefox
Testing: csp_id=22, page_id=24500, browser=Firefox
Testing: csp_id=22, page_id=24600, browser=Firefox
Testing: csp_id=22, page_id=24700, browser=Firefox
Testing: csp_id=22, page_id=24800, browser=Firefox
Testing: csp_id=22, page_id=24900, browser=Firefox
Testing: csp_id=22, page_id=25000, browser=Firefox
Testing: csp_id=22, page_id=25100, browser=Firefox
Testing: csp_id=22, page_id=25200, browser=Firefox
Testing: csp_id=22, page_id=25300, browser=Firefox
Testing: csp_id=22, page_id=25400, browser=Firefox
Testing: csp_id=22, page_id=25500, browser=Firefox
Testing: csp_id=22, page_id=25600, browser=Firefox
Testing: csp_id=22, page_id=25700, browser=Firefox
Testing: csp_id=22, page_id=25800, browser=Firefox
Testing: csp_id=22, page_id=25900, browser=Firefox
Testing: csp_id=22, page_id=26000, browser=Firefox
Testing: csp_id=22, page_id=26100, browser=Firefox
Testing: csp_id=22, page_id=26200, browser=Firefox
Testing: csp_id=22, page_id=26300, browser=Firefox
Testing: csp_id=22, page_id=26400, browser=Firefox
Testing: csp_id=22, page_id=26500, browser=Firefox
Testing: csp_id=22, page_id=26600, browser=Firefox
Testing: csp_id=22, page_id=26700, browser=Firefox
Testing: csp_id=22, page_id=26800, browser=Firefox
Testing: csp_id=22, page_id=26900, browser=Firefox
Testing: csp_id=22, page_id=27000, browser=Firefox
Testing: csp_id=22, page_id=27100, browser=Firefox
Testing: csp_id=22, page_id=27200, browser=Firefox
Testing: csp_id=22, page_id=27300, browser=Firefox
Testing: csp_id=22, page_id=27400, browser=Firefox
Testing: csp_id=22, page_id=27500, browser=Firefox
Testing: csp_id=22, page_id=27600, browser=Firefox
Testing: csp_id=22, page_id=27700, browser=Firefox
Testing: csp_id=22, page_id=27800, browser=Firefox
Testing: csp_id=22, page_id=27900, browser=Firefox
Testing: csp_id=22, page_id=28000, browser=Firefox
Testing: csp_id=22, page_id=28100, browser=Firefox
Testing: csp_id=22, page_id=28200, browser=Firefox
Testing: csp_id=22, page_id=28300, browser=Firefox
Testing: csp_id=22, page_id=28400, browser=Firefox
Testing: csp_id=22, page_id=28500, browser=Firefox
Testing: csp_id=22, page_id=28600, browser=Firefox
Testing: csp_id=22, page_id=28700, browser=Firefox
Testing: csp_id=22, page_id=28800, browser=Firefox
Testing: csp_id=22, page_id=28900, browser=Firefox
Testing: csp_id=22, page_id=29000, browser=Firefox
Testing: csp_id=22, page_id=29100, browser=Firefox
Testing: csp_id=22, page_id=29200, browser=Firefox
Testing: csp_id=22, page_id=29300, browser=Firefox
Testing: csp_id=22, page_id=29400, browser=Firefox
Testing: csp_id=22, page_id=29500, browser=Firefox
Testing: csp_id=22, page_id=29600, browser=Firefox
Testing: csp_id=22, page_id=29700, browser=Firefox
Testing: csp_id=22, page_id=29800, browser=Firefox
🏊 create_context_pools[first] (5x16): 34.069s
Testing: csp_id=34, page_id=0, browser=Firefox
Testing: csp_id=34, page_id=100, browser=Firefox
Testing: csp_id=34, page_id=200, browser=Firefox
Testing: csp_id=34, page_id=300, browser=Firefox
Testing: csp_id=34, page_id=400, browser=Firefox
Testing: csp_id=34, page_id=500, browser=Firefox
Testing: csp_id=34, page_id=600, browser=Firefox
Testing: csp_id=34, page_id=700, browser=Firefox
Testing: csp_id=34, page_id=800, browser=Firefox
Testing: csp_id=34, page_id=900, browser=Firefox
Testing: csp_id=34, page_id=1000, browser=Firefox
Testing: csp_id=34, page_id=1100, browser=Firefox
Testing: csp_id=34, page_id=1200, browser=Firefox
Testing: csp_id=34, page_id=1300, browser=Firefox
Testing: csp_id=34, page_id=1400, browser=Firefox
Testing: csp_id=34, page_id=1500, browser=Firefox
Testing: csp_id=34, page_id=1600, browser=Firefox
Testing: csp_id=34, page_id=1700, browser=Firefox
Testing: csp_id=34, page_id=1800, browser=Firefox
Testing: csp_id=34, page_id=1900, browser=Firefox
Testing: csp_id=34, page_id=2000, browser=Firefox
Testing: csp_id=34, page_id=2100, browser=Firefox
Testing: csp_id=34, page_id=2200, browser=Firefox
Testing: csp_id=34, page_id=2300, browser=Firefox
Testing: csp_id=34, page_id=2400, browser=Firefox
Testing: csp_id=34, page_id=2500, browser=Firefox
Testing: csp_id=34, page_id=2600, browser=Firefox
Testing: csp_id=34, page_id=2700, browser=Firefox
Testing: csp_id=34, page_id=2800, browser=Firefox
Testing: csp_id=34, page_id=2900, browser=Firefox
Testing: csp_id=34, page_id=3000, browser=Firefox
Testing: csp_id=34, page_id=3100, browser=Firefox
Testing: csp_id=34, page_id=3200, browser=Firefox
Testing: csp_id=34, page_id=3300, browser=Firefox
Testing: csp_id=34, page_id=3400, browser=Firefox
Testing: csp_id=34, page_id=3500, browser=Firefox
Testing: csp_id=34, page_id=3600, browser=Firefox
Testing: csp_id=34, page_id=3700, browser=Firefox
Testing: csp_id=34, page_id=3800, browser=Firefox
Testing: csp_id=34, page_id=3900, browser=Firefox
Testing: csp_id=34, page_id=4000, browser=Firefox
Testing: csp_id=34, page_id=4100, browser=Firefox
Testing: csp_id=34, page_id=4200, browser=Firefox
Testing: csp_id=34, page_id=4300, browser=Firefox
Testing: csp_id=34, page_id=4400, browser=Firefox
Testing: csp_id=34, page_id=4500, browser=Firefox
Testing: csp_id=34, page_id=4600, browser=Firefox
Testing: csp_id=34, page_id=4700, browser=Firefox
Testing: csp_id=34, page_id=4800, browser=Firefox
Testing: csp_id=34, page_id=4900, browser=Firefox
Testing: csp_id=34, page_id=5000, browser=Firefox
Testing: csp_id=34, page_id=5100, browser=Firefox
Testing: csp_id=34, page_id=5200, browser=Firefox
Testing: csp_id=34, page_id=5300, browser=Firefox
Testing: csp_id=34, page_id=5400, browser=Firefox
Testing: csp_id=34, page_id=5500, browser=Firefox
Testing: csp_id=34, page_id=5600, browser=Firefox
Testing: csp_id=34, page_id=5700, browser=Firefox
Testing: csp_id=34, page_id=5800, browser=Firefox
Testing: csp_id=34, page_id=5900, browser=Firefox
Testing: csp_id=34, page_id=6000, browser=Firefox
Testing: csp_id=34, page_id=6100, browser=Firefox
Testing: csp_id=34, page_id=6200, browser=Firefox
Testing: csp_id=34, page_id=6300, browser=Firefox
Testing: csp_id=34, page_id=6400, browser=Firefox
Testing: csp_id=34, page_id=6500, browser=Firefox
Testing: csp_id=34, page_id=6600, browser=Firefox
Testing: csp_id=34, page_id=6700, browser=Firefox
Testing: csp_id=34, page_id=6800, browser=Firefox
Testing: csp_id=34, page_id=6900, browser=Firefox
Testing: csp_id=34, page_id=7000, browser=Firefox
Testing: csp_id=34, page_id=7100, browser=Firefox
Testing: csp_id=34, page_id=7200, browser=Firefox
Testing: csp_id=34, page_id=7300, browser=Firefox
Testing: csp_id=34, page_id=7400, browser=Firefox
Testing: csp_id=34, page_id=7500, browser=Firefox
Testing: csp_id=34, page_id=7600, browser=Firefox
Testing: csp_id=34, page_id=7700, browser=Firefox
Testing: csp_id=34, page_id=7800, browser=Firefox
Testing: csp_id=34, page_id=7900, browser=Firefox
Testing: csp_id=34, page_id=8000, browser=Firefox
Testing: csp_id=34, page_id=8100, browser=Firefox
Testing: csp_id=34, page_id=8200, browser=Firefox
Testing: csp_id=34, page_id=8300, browser=Firefox
Testing: csp_id=34, page_id=8400, browser=Firefox
Testing: csp_id=34, page_id=8500, browser=Firefox
Testing: csp_id=34, page_id=8600, browser=Firefox
Testing: csp_id=34, page_id=8700, browser=Firefox
Testing: csp_id=34, page_id=8800, browser=Firefox
Testing: csp_id=34, page_id=8900, browser=Firefox
Testing: csp_id=34, page_id=9000, browser=Firefox
Testing: csp_id=34, page_id=9100, browser=Firefox
Testing: csp_id=34, page_id=9200, browser=Firefox
Testing: csp_id=34, page_id=9300, browser=Firefox
Testing: csp_id=34, page_id=9400, browser=Firefox
Testing: csp_id=34, page_id=9500, browser=Firefox
Testing: csp_id=34, page_id=9600, browser=Firefox
Testing: csp_id=34, page_id=9700, browser=Firefox
Testing: csp_id=34, page_id=9800, browser=Firefox
Testing: csp_id=34, page_id=9900, browser=Firefox
Testing: csp_id=34, page_id=10000, browser=Firefox
Testing: csp_id=34, page_id=10100, browser=Firefox
Testing: csp_id=34, page_id=10200, browser=Firefox
Testing: csp_id=34, page_id=10300, browser=Firefox
Testing: csp_id=34, page_id=10400, browser=Firefox
Testing: csp_id=34, page_id=10500, browser=Firefox
Testing: csp_id=34, page_id=10600, browser=Firefox
Testing: csp_id=34, page_id=10700, browser=Firefox
Testing: csp_id=34, page_id=10800, browser=Firefox
Testing: csp_id=34, page_id=10900, browser=Firefox
Testing: csp_id=34, page_id=11000, browser=Firefox
Testing: csp_id=34, page_id=11100, browser=Firefox
Testing: csp_id=34, page_id=11200, browser=Firefox
Testing: csp_id=34, page_id=11300, browser=Firefox
Testing: csp_id=34, page_id=11400, browser=Firefox
Testing: csp_id=34, page_id=11500, browser=Firefox
Testing: csp_id=34, page_id=11600, browser=Firefox
Testing: csp_id=34, page_id=11700, browser=Firefox
Testing: csp_id=34, page_id=11800, browser=Firefox
Testing: csp_id=34, page_id=11900, browser=Firefox
Testing: csp_id=34, page_id=12000, browser=Firefox
Testing: csp_id=34, page_id=12100, browser=Firefox
Testing: csp_id=34, page_id=12200, browser=Firefox
Testing: csp_id=34, page_id=12300, browser=Firefox
Testing: csp_id=34, page_id=12400, browser=Firefox
Testing: csp_id=34, page_id=12500, browser=Firefox
Testing: csp_id=34, page_id=12600, browser=Firefox
Testing: csp_id=34, page_id=12700, browser=Firefox
Testing: csp_id=34, page_id=12800, browser=Firefox
Testing: csp_id=34, page_id=12900, browser=Firefox
Testing: csp_id=34, page_id=13000, browser=Firefox
Testing: csp_id=34, page_id=13100, browser=Firefox
Testing: csp_id=34, page_id=13200, browser=Firefox
Testing: csp_id=34, page_id=13300, browser=Firefox
Testing: csp_id=34, page_id=13400, browser=Firefox
Testing: csp_id=34, page_id=13500, browser=Firefox
Testing: csp_id=34, page_id=13600, browser=Firefox
Testing: csp_id=34, page_id=13700, browser=Firefox
Testing: csp_id=34, page_id=13800, browser=Firefox
Testing: csp_id=34, page_id=13900, browser=Firefox
Testing: csp_id=34, page_id=14000, browser=Firefox
Testing: csp_id=34, page_id=14100, browser=Firefox
Testing: csp_id=34, page_id=14200, browser=Firefox
Testing: csp_id=34, page_id=14300, browser=Firefox
Testing: csp_id=34, page_id=14400, browser=Firefox
Testing: csp_id=34, page_id=14500, browser=Firefox
Testing: csp_id=34, page_id=14600, browser=Firefox
Testing: csp_id=34, page_id=14700, browser=Firefox
Testing: csp_id=34, page_id=14800, browser=Firefox
Testing: csp_id=34, page_id=14900, browser=Firefox
Testing: csp_id=34, page_id=15000, browser=Firefox
Testing: csp_id=34, page_id=15100, browser=Firefox
Testing: csp_id=34, page_id=15200, browser=Firefox
Testing: csp_id=34, page_id=15300, browser=Firefox
Testing: csp_id=34, page_id=15400, browser=Firefox
Testing: csp_id=34, page_id=15500, browser=Firefox
Testing: csp_id=34, page_id=15600, browser=Firefox
Testing: csp_id=34, page_id=15700, browser=Firefox
Testing: csp_id=34, page_id=15800, browser=Firefox
Testing: csp_id=34, page_id=15900, browser=Firefox
Testing: csp_id=34, page_id=16000, browser=Firefox
Testing: csp_id=34, page_id=16100, browser=Firefox
Testing: csp_id=34, page_id=16200, browser=Firefox
Testing: csp_id=34, page_id=16300, browser=Firefox
Testing: csp_id=34, page_id=16400, browser=Firefox
Testing: csp_id=34, page_id=16500, browser=Firefox
Testing: csp_id=34, page_id=16600, browser=Firefox
Testing: csp_id=34, page_id=16700, browser=Firefox
Testing: csp_id=34, page_id=16800, browser=Firefox
Testing: csp_id=34, page_id=16900, browser=Firefox
Testing: csp_id=34, page_id=17000, browser=Firefox
Testing: csp_id=34, page_id=17100, browser=Firefox
Testing: csp_id=34, page_id=17200, browser=Firefox
Testing: csp_id=34, page_id=17300, browser=Firefox
Testing: csp_id=34, page_id=17400, browser=Firefox
Testing: csp_id=34, page_id=17500, browser=Firefox
Testing: csp_id=34, page_id=17600, browser=Firefox
Testing: csp_id=34, page_id=17700, browser=Firefox
Testing: csp_id=34, page_id=17800, browser=Firefox
Testing: csp_id=34, page_id=17900, browser=Firefox
Testing: csp_id=34, page_id=18000, browser=Firefox
Testing: csp_id=34, page_id=18100, browser=Firefox
Testing: csp_id=34, page_id=18200, browser=Firefox
Testing: csp_id=34, page_id=18300, browser=Firefox
Testing: csp_id=34, page_id=18400, browser=Firefox
Testing: csp_id=34, page_id=18500, browser=Firefox
Testing: csp_id=34, page_id=18600, browser=Firefox
Testing: csp_id=34, page_id=18700, browser=Firefox
Testing: csp_id=34, page_id=18800, browser=Firefox
Testing: csp_id=34, page_id=18900, browser=Firefox
Testing: csp_id=34, page_id=19000, browser=Firefox
Testing: csp_id=34, page_id=19100, browser=Firefox
Testing: csp_id=34, page_id=19200, browser=Firefox
Testing: csp_id=34, page_id=19300, browser=Firefox
Testing: csp_id=34, page_id=19400, browser=Firefox
Testing: csp_id=34, page_id=19500, browser=Firefox
Testing: csp_id=34, page_id=19600, browser=Firefox
Testing: csp_id=34, page_id=19700, browser=Firefox
Testing: csp_id=34, page_id=19800, browser=Firefox
Testing: csp_id=34, page_id=19900, browser=Firefox
Testing: csp_id=34, page_id=20000, browser=Firefox
Testing: csp_id=34, page_id=20100, browser=Firefox
Testing: csp_id=34, page_id=20200, browser=Firefox
Testing: csp_id=34, page_id=20300, browser=Firefox
Testing: csp_id=34, page_id=20400, browser=Firefox
Testing: csp_id=34, page_id=20500, browser=Firefox
Testing: csp_id=34, page_id=20600, browser=Firefox
Testing: csp_id=34, page_id=20700, browser=Firefox
Testing: csp_id=34, page_id=20800, browser=Firefox
Testing: csp_id=34, page_id=20900, browser=Firefox
Testing: csp_id=34, page_id=21000, browser=Firefox
Testing: csp_id=34, page_id=21100, browser=Firefox
Testing: csp_id=34, page_id=21200, browser=Firefox
Testing: csp_id=34, page_id=21300, browser=Firefox
Testing: csp_id=34, page_id=21400, browser=Firefox
Testing: csp_id=34, page_id=21500, browser=Firefox
Testing: csp_id=34, page_id=21600, browser=Firefox
Testing: csp_id=34, page_id=21700, browser=Firefox
Testing: csp_id=34, page_id=21800, browser=Firefox
Testing: csp_id=34, page_id=21900, browser=Firefox
Testing: csp_id=34, page_id=22000, browser=Firefox
Testing: csp_id=34, page_id=22100, browser=Firefox
Testing: csp_id=34, page_id=22200, browser=Firefox
Testing: csp_id=34, page_id=22300, browser=Firefox
Testing: csp_id=34, page_id=22400, browser=Firefox
Testing: csp_id=34, page_id=22500, browser=Firefox
Testing: csp_id=34, page_id=22600, browser=Firefox
Testing: csp_id=34, page_id=22700, browser=Firefox
Testing: csp_id=34, page_id=22800, browser=Firefox
Testing: csp_id=34, page_id=22900, browser=Firefox
Testing: csp_id=34, page_id=23000, browser=Firefox
Testing: csp_id=34, page_id=23100, browser=Firefox
Testing: csp_id=34, page_id=23200, browser=Firefox
Testing: csp_id=34, page_id=23300, browser=Firefox
Testing: csp_id=34, page_id=23400, browser=Firefox
Testing: csp_id=34, page_id=23500, browser=Firefox
Testing: csp_id=34, page_id=23600, browser=Firefox
Testing: csp_id=34, page_id=23700, browser=Firefox
Testing: csp_id=34, page_id=23800, browser=Firefox
Testing: csp_id=34, page_id=23900, browser=Firefox
Testing: csp_id=34, page_id=24000, browser=Firefox
Testing: csp_id=34, page_id=24100, browser=Firefox
Testing: csp_id=34, page_id=24200, browser=Firefox
Testing: csp_id=34, page_id=24300, browser=Firefox
Testing: csp_id=34, page_id=24400, browser=Firefox
Testing: csp_id=34, page_id=24500, browser=Firefox
Testing: csp_id=34, page_id=24600, browser=Firefox
Testing: csp_id=34, page_id=24700, browser=Firefox
Testing: csp_id=34, page_id=24800, browser=Firefox
Testing: csp_id=34, page_id=24900, browser=Firefox
Testing: csp_id=34, page_id=25000, browser=Firefox
Testing: csp_id=34, page_id=25100, browser=Firefox
Testing: csp_id=34, page_id=25200, browser=Firefox
Testing: csp_id=34, page_id=25300, browser=Firefox
Testing: csp_id=34, page_id=25400, browser=Firefox
Testing: csp_id=34, page_id=25500, browser=Firefox
Testing: csp_id=34, page_id=25600, browser=Firefox
Testing: csp_id=34, page_id=25700, browser=Firefox
Testing: csp_id=34, page_id=25800, browser=Firefox
Testing: csp_id=34, page_id=25900, browser=Firefox
Testing: csp_id=34, page_id=26000, browser=Firefox
Testing: csp_id=34, page_id=26100, browser=Firefox
Testing: csp_id=34, page_id=26200, browser=Firefox
Testing: csp_id=34, page_id=26300, browser=Firefox
Testing: csp_id=34, page_id=26400, browser=Firefox
Testing: csp_id=34, page_id=26500, browser=Firefox
Testing: csp_id=34, page_id=26600, browser=Firefox
Testing: csp_id=34, page_id=26700, browser=Firefox
Testing: csp_id=34, page_id=26800, browser=Firefox
Testing: csp_id=34, page_id=26900, browser=Firefox
Testing: csp_id=34, page_id=27000, browser=Firefox
Testing: csp_id=34, page_id=27100, browser=Firefox
Testing: csp_id=34, page_id=27200, browser=Firefox
Testing: csp_id=34, page_id=27300, browser=Firefox
Testing: csp_id=34, page_id=27400, browser=Firefox
Testing: csp_id=34, page_id=27500, browser=Firefox
Testing: csp_id=34, page_id=27600, browser=Firefox
Testing: csp_id=34, page_id=27700, browser=Firefox
Testing: csp_id=34, page_id=27800, browser=Firefox
Testing: csp_id=34, page_id=27900, browser=Firefox
Testing: csp_id=34, page_id=28000, browser=Firefox
Testing: csp_id=34, page_id=28100, browser=Firefox
Testing: csp_id=34, page_id=28200, browser=Firefox
Testing: csp_id=34, page_id=28300, browser=Firefox
Testing: csp_id=34, page_id=28400, browser=Firefox
Testing: csp_id=34, page_id=28500, browser=Firefox
Testing: csp_id=34, page_id=28600, browser=Firefox
Testing: csp_id=34, page_id=28700, browser=Firefox
Testing: csp_id=34, page_id=28800, browser=Firefox
Testing: csp_id=34, page_id=28900, browser=Firefox
Testing: csp_id=34, page_id=29000, browser=Firefox
Testing: csp_id=34, page_id=29100, browser=Firefox
Testing: csp_id=34, page_id=29200, browser=Firefox
Testing: csp_id=34, page_id=29300, browser=Firefox
Testing: csp_id=34, page_id=29400, browser=Firefox
Testing: csp_id=34, page_id=29500, browser=Firefox
Testing: csp_id=34, page_id=29600, browser=Firefox
Testing: csp_id=34, page_id=29700, browser=Firefox
Testing: csp_id=34, page_id=29800, browser=Firefox
🏊 create_context_pools[first] (5x16): 23.780s
Testing: csp_id=45, page_id=0, browser=Firefox
Testing: csp_id=45, page_id=100, browser=Firefox
Testing: csp_id=45, page_id=200, browser=Firefox
Testing: csp_id=45, page_id=300, browser=Firefox
Testing: csp_id=45, page_id=400, browser=Firefox
Testing: csp_id=45, page_id=500, browser=Firefox
Testing: csp_id=45, page_id=600, browser=Firefox
Testing: csp_id=45, page_id=700, browser=Firefox
Testing: csp_id=45, page_id=800, browser=Firefox
Testing: csp_id=45, page_id=900, browser=Firefox
Testing: csp_id=45, page_id=1000, browser=Firefox
Testing: csp_id=45, page_id=1100, browser=Firefox
Testing: csp_id=45, page_id=1200, browser=Firefox
Testing: csp_id=45, page_id=1300, browser=Firefox
Testing: csp_id=45, page_id=1400, browser=Firefox
Testing: csp_id=45, page_id=1500, browser=Firefox
Testing: csp_id=45, page_id=1600, browser=Firefox
Testing: csp_id=45, page_id=1700, browser=Firefox
Testing: csp_id=45, page_id=1800, browser=Firefox
Testing: csp_id=45, page_id=1900, browser=Firefox
Testing: csp_id=45, page_id=2000, browser=Firefox
Testing: csp_id=45, page_id=2100, browser=Firefox
Testing: csp_id=45, page_id=2200, browser=Firefox
Testing: csp_id=45, page_id=2300, browser=Firefox
Testing: csp_id=45, page_id=2400, browser=Firefox
Testing: csp_id=45, page_id=2500, browser=Firefox
Testing: csp_id=45, page_id=2600, browser=Firefox
Testing: csp_id=45, page_id=2700, browser=Firefox
Testing: csp_id=45, page_id=2800, browser=Firefox
Testing: csp_id=45, page_id=2900, browser=Firefox
Testing: csp_id=45, page_id=3000, browser=Firefox
Testing: csp_id=45, page_id=3100, browser=Firefox
Testing: csp_id=45, page_id=3200, browser=Firefox
Testing: csp_id=45, page_id=3300, browser=Firefox
Testing: csp_id=45, page_id=3400, browser=Firefox
Testing: csp_id=45, page_id=3500, browser=Firefox
Testing: csp_id=45, page_id=3600, browser=Firefox
Testing: csp_id=45, page_id=3700, browser=Firefox
Testing: csp_id=45, page_id=3800, browser=Firefox
Testing: csp_id=45, page_id=3900, browser=Firefox
Testing: csp_id=45, page_id=4000, browser=Firefox
Testing: csp_id=45, page_id=4100, browser=Firefox
Testing: csp_id=45, page_id=4200, browser=Firefox
Testing: csp_id=45, page_id=4300, browser=Firefox
Testing: csp_id=45, page_id=4400, browser=Firefox
Testing: csp_id=45, page_id=4500, browser=Firefox
Testing: csp_id=45, page_id=4600, browser=Firefox
Testing: csp_id=45, page_id=4700, browser=Firefox
Testing: csp_id=45, page_id=4800, browser=Firefox
Testing: csp_id=45, page_id=4900, browser=Firefox
Testing: csp_id=45, page_id=5000, browser=Firefox
Testing: csp_id=45, page_id=5100, browser=Firefox
Testing: csp_id=45, page_id=5200, browser=Firefox
Testing: csp_id=45, page_id=5300, browser=Firefox
Testing: csp_id=45, page_id=5400, browser=Firefox
Testing: csp_id=45, page_id=5500, browser=Firefox
Testing: csp_id=45, page_id=5600, browser=Firefox
Testing: csp_id=45, page_id=5700, browser=Firefox
Testing: csp_id=45, page_id=5800, browser=Firefox
Testing: csp_id=45, page_id=5900, browser=Firefox
Testing: csp_id=45, page_id=6000, browser=Firefox
Testing: csp_id=45, page_id=6100, browser=Firefox
Testing: csp_id=45, page_id=6200, browser=Firefox
Testing: csp_id=45, page_id=6300, browser=Firefox
Testing: csp_id=45, page_id=6400, browser=Firefox
Testing: csp_id=45, page_id=6500, browser=Firefox
Testing: csp_id=45, page_id=6600, browser=Firefox
Testing: csp_id=45, page_id=6700, browser=Firefox
Testing: csp_id=45, page_id=6800, browser=Firefox
Testing: csp_id=45, page_id=6900, browser=Firefox
Testing: csp_id=45, page_id=7000, browser=Firefox
Testing: csp_id=45, page_id=7100, browser=Firefox
Testing: csp_id=45, page_id=7200, browser=Firefox
Testing: csp_id=45, page_id=7300, browser=Firefox
Testing: csp_id=45, page_id=7400, browser=Firefox
Testing: csp_id=45, page_id=7500, browser=Firefox
Testing: csp_id=45, page_id=7600, browser=Firefox
Testing: csp_id=45, page_id=7700, browser=Firefox
Testing: csp_id=45, page_id=7800, browser=Firefox
Testing: csp_id=45, page_id=7900, browser=Firefox
Testing: csp_id=45, page_id=8000, browser=Firefox
Testing: csp_id=45, page_id=8100, browser=Firefox
Testing: csp_id=45, page_id=8200, browser=Firefox
Testing: csp_id=45, page_id=8300, browser=Firefox
Testing: csp_id=45, page_id=8400, browser=Firefox
Testing: csp_id=45, page_id=8500, browser=Firefox
Testing: csp_id=45, page_id=8600, browser=Firefox
Testing: csp_id=45, page_id=8700, browser=Firefox
Testing: csp_id=45, page_id=8800, browser=Firefox
Testing: csp_id=45, page_id=8900, browser=Firefox
Testing: csp_id=45, page_id=9000, browser=Firefox
Testing: csp_id=45, page_id=9100, browser=Firefox
Testing: csp_id=45, page_id=9200, browser=Firefox
Testing: csp_id=45, page_id=9300, browser=Firefox
Testing: csp_id=45, page_id=9400, browser=Firefox
Testing: csp_id=45, page_id=9500, browser=Firefox
Testing: csp_id=45, page_id=9600, browser=Firefox
Testing: csp_id=45, page_id=9700, browser=Firefox
Testing: csp_id=45, page_id=9800, browser=Firefox
Testing: csp_id=45, page_id=9900, browser=Firefox
Testing: csp_id=45, page_id=10000, browser=Firefox
Testing: csp_id=45, page_id=10100, browser=Firefox
Testing: csp_id=45, page_id=10200, browser=Firefox
Testing: csp_id=45, page_id=10300, browser=Firefox
Testing: csp_id=45, page_id=10400, browser=Firefox
Testing: csp_id=45, page_id=10500, browser=Firefox
Testing: csp_id=45, page_id=10600, browser=Firefox
Testing: csp_id=45, page_id=10700, browser=Firefox
Testing: csp_id=45, page_id=10800, browser=Firefox
Testing: csp_id=45, page_id=10900, browser=Firefox
Testing: csp_id=45, page_id=11000, browser=Firefox
Testing: csp_id=45, page_id=11100, browser=Firefox
Testing: csp_id=45, page_id=11200, browser=Firefox
Testing: csp_id=45, page_id=11300, browser=Firefox
Testing: csp_id=45, page_id=11400, browser=Firefox
Testing: csp_id=45, page_id=11500, browser=Firefox
Testing: csp_id=45, page_id=11600, browser=Firefox
Testing: csp_id=45, page_id=11700, browser=Firefox
Testing: csp_id=45, page_id=11800, browser=Firefox
Testing: csp_id=45, page_id=11900, browser=Firefox
Testing: csp_id=45, page_id=12000, browser=Firefox
Testing: csp_id=45, page_id=12100, browser=Firefox
Testing: csp_id=45, page_id=12200, browser=Firefox
Testing: csp_id=45, page_id=12300, browser=Firefox
Testing: csp_id=45, page_id=12400, browser=Firefox
Testing: csp_id=45, page_id=12500, browser=Firefox
Testing: csp_id=45, page_id=12600, browser=Firefox
Testing: csp_id=45, page_id=12700, browser=Firefox
Testing: csp_id=45, page_id=12800, browser=Firefox
Testing: csp_id=45, page_id=12900, browser=Firefox
Testing: csp_id=45, page_id=13000, browser=Firefox
Testing: csp_id=45, page_id=13100, browser=Firefox
Testing: csp_id=45, page_id=13200, browser=Firefox
Testing: csp_id=45, page_id=13300, browser=Firefox
Testing: csp_id=45, page_id=13400, browser=Firefox
Testing: csp_id=45, page_id=13500, browser=Firefox
Testing: csp_id=45, page_id=13600, browser=Firefox
Testing: csp_id=45, page_id=13700, browser=Firefox
Testing: csp_id=45, page_id=13800, browser=Firefox
Testing: csp_id=45, page_id=13900, browser=Firefox
Testing: csp_id=45, page_id=14000, browser=Firefox
Testing: csp_id=45, page_id=14100, browser=Firefox
Testing: csp_id=45, page_id=14200, browser=Firefox
Testing: csp_id=45, page_id=14300, browser=Firefox
Testing: csp_id=45, page_id=14400, browser=Firefox
Testing: csp_id=45, page_id=14500, browser=Firefox
Testing: csp_id=45, page_id=14600, browser=Firefox
Testing: csp_id=45, page_id=14700, browser=Firefox
Testing: csp_id=45, page_id=14800, browser=Firefox
Testing: csp_id=45, page_id=14900, browser=Firefox
Testing: csp_id=45, page_id=15000, browser=Firefox
Testing: csp_id=45, page_id=15100, browser=Firefox
Testing: csp_id=45, page_id=15200, browser=Firefox
Testing: csp_id=45, page_id=15300, browser=Firefox
Testing: csp_id=45, page_id=15400, browser=Firefox
Testing: csp_id=45, page_id=15500, browser=Firefox
Testing: csp_id=45, page_id=15600, browser=Firefox
Testing: csp_id=45, page_id=15700, browser=Firefox
Testing: csp_id=45, page_id=15800, browser=Firefox
Testing: csp_id=45, page_id=15900, browser=Firefox
Testing: csp_id=45, page_id=16000, browser=Firefox
Testing: csp_id=45, page_id=16100, browser=Firefox
Testing: csp_id=45, page_id=16200, browser=Firefox
Testing: csp_id=45, page_id=16300, browser=Firefox
Testing: csp_id=45, page_id=16400, browser=Firefox
Testing: csp_id=45, page_id=16500, browser=Firefox
Testing: csp_id=45, page_id=16600, browser=Firefox
Testing: csp_id=45, page_id=16700, browser=Firefox
Testing: csp_id=45, page_id=16800, browser=Firefox
Testing: csp_id=45, page_id=16900, browser=Firefox
Testing: csp_id=45, page_id=17000, browser=Firefox
Testing: csp_id=45, page_id=17100, browser=Firefox
Testing: csp_id=45, page_id=17200, browser=Firefox
Testing: csp_id=45, page_id=17300, browser=Firefox
Testing: csp_id=45, page_id=17400, browser=Firefox
Testing: csp_id=45, page_id=17500, browser=Firefox
Testing: csp_id=45, page_id=17600, browser=Firefox
Testing: csp_id=45, page_id=17700, browser=Firefox
Testing: csp_id=45, page_id=17800, browser=Firefox
Testing: csp_id=45, page_id=17900, browser=Firefox
Testing: csp_id=45, page_id=18000, browser=Firefox
Testing: csp_id=45, page_id=18100, browser=Firefox
Testing: csp_id=45, page_id=18200, browser=Firefox
Testing: csp_id=45, page_id=18300, browser=Firefox
Testing: csp_id=45, page_id=18400, browser=Firefox
Testing: csp_id=45, page_id=18500, browser=Firefox
Testing: csp_id=45, page_id=18600, browser=Firefox
Testing: csp_id=45, page_id=18700, browser=Firefox
Testing: csp_id=45, page_id=18800, browser=Firefox
Testing: csp_id=45, page_id=18900, browser=Firefox
Testing: csp_id=45, page_id=19000, browser=Firefox
Testing: csp_id=45, page_id=19100, browser=Firefox
Testing: csp_id=45, page_id=19200, browser=Firefox
Testing: csp_id=45, page_id=19300, browser=Firefox
Testing: csp_id=45, page_id=19400, browser=Firefox
Testing: csp_id=45, page_id=19500, browser=Firefox
Testing: csp_id=45, page_id=19600, browser=Firefox
Testing: csp_id=45, page_id=19700, browser=Firefox
Testing: csp_id=45, page_id=19800, browser=Firefox
Testing: csp_id=45, page_id=19900, browser=Firefox
Testing: csp_id=45, page_id=20000, browser=Firefox
Testing: csp_id=45, page_id=20100, browser=Firefox
Testing: csp_id=45, page_id=20200, browser=Firefox
Testing: csp_id=45, page_id=20300, browser=Firefox
Testing: csp_id=45, page_id=20400, browser=Firefox
Testing: csp_id=45, page_id=20500, browser=Firefox
Testing: csp_id=45, page_id=20600, browser=Firefox
Testing: csp_id=45, page_id=20700, browser=Firefox
Testing: csp_id=45, page_id=20800, browser=Firefox
Testing: csp_id=45, page_id=20900, browser=Firefox
Testing: csp_id=45, page_id=21000, browser=Firefox
Testing: csp_id=45, page_id=21100, browser=Firefox
Testing: csp_id=45, page_id=21200, browser=Firefox
Testing: csp_id=45, page_id=21300, browser=Firefox
Testing: csp_id=45, page_id=21400, browser=Firefox
Testing: csp_id=45, page_id=21500, browser=Firefox
Testing: csp_id=45, page_id=21600, browser=Firefox
Testing: csp_id=45, page_id=21700, browser=Firefox
Testing: csp_id=45, page_id=21800, browser=Firefox
Testing: csp_id=45, page_id=21900, browser=Firefox
Testing: csp_id=45, page_id=22000, browser=Firefox
Testing: csp_id=45, page_id=22100, browser=Firefox
Testing: csp_id=45, page_id=22200, browser=Firefox
Testing: csp_id=45, page_id=22300, browser=Firefox
Testing: csp_id=45, page_id=22400, browser=Firefox
Testing: csp_id=45, page_id=22500, browser=Firefox
Testing: csp_id=45, page_id=22600, browser=Firefox
Testing: csp_id=45, page_id=22700, browser=Firefox
Testing: csp_id=45, page_id=22800, browser=Firefox
Testing: csp_id=45, page_id=22900, browser=Firefox
Testing: csp_id=45, page_id=23000, browser=Firefox
Testing: csp_id=45, page_id=23100, browser=Firefox
Testing: csp_id=45, page_id=23200, browser=Firefox
Testing: csp_id=45, page_id=23300, browser=Firefox
Testing: csp_id=45, page_id=23400, browser=Firefox
Testing: csp_id=45, page_id=23500, browser=Firefox
Testing: csp_id=45, page_id=23600, browser=Firefox
Testing: csp_id=45, page_id=23700, browser=Firefox
Testing: csp_id=45, page_id=23800, browser=Firefox
Testing: csp_id=45, page_id=23900, browser=Firefox
Testing: csp_id=45, page_id=24000, browser=Firefox
Testing: csp_id=45, page_id=24100, browser=Firefox
Testing: csp_id=45, page_id=24200, browser=Firefox
Testing: csp_id=45, page_id=24300, browser=Firefox
Testing: csp_id=45, page_id=24400, browser=Firefox
Testing: csp_id=45, page_id=24500, browser=Firefox
Testing: csp_id=45, page_id=24600, browser=Firefox
Testing: csp_id=45, page_id=24700, browser=Firefox
Testing: csp_id=45, page_id=24800, browser=Firefox
Testing: csp_id=45, page_id=24900, browser=Firefox
Testing: csp_id=45, page_id=25000, browser=Firefox
Testing: csp_id=45, page_id=25100, browser=Firefox
Testing: csp_id=45, page_id=25200, browser=Firefox
Testing: csp_id=45, page_id=25300, browser=Firefox
Testing: csp_id=45, page_id=25400, browser=Firefox
Testing: csp_id=45, page_id=25500, browser=Firefox
Testing: csp_id=45, page_id=25600, browser=Firefox
Testing: csp_id=45, page_id=25700, browser=Firefox
Testing: csp_id=45, page_id=25800, browser=Firefox
Testing: csp_id=45, page_id=25900, browser=Firefox
Testing: csp_id=45, page_id=26000, browser=Firefox
Testing: csp_id=45, page_id=26100, browser=Firefox
Testing: csp_id=45, page_id=26200, browser=Firefox
Testing: csp_id=45, page_id=26300, browser=Firefox
Testing: csp_id=45, page_id=26400, browser=Firefox
Testing: csp_id=45, page_id=26500, browser=Firefox
Testing: csp_id=45, page_id=26600, browser=Firefox
Testing: csp_id=45, page_id=26700, browser=Firefox
Testing: csp_id=45, page_id=26800, browser=Firefox
Testing: csp_id=45, page_id=26900, browser=Firefox
Testing: csp_id=45, page_id=27000, browser=Firefox
Testing: csp_id=45, page_id=27100, browser=Firefox
Testing: csp_id=45, page_id=27200, browser=Firefox
Testing: csp_id=45, page_id=27300, browser=Firefox
Testing: csp_id=45, page_id=27400, browser=Firefox
Testing: csp_id=45, page_id=27500, browser=Firefox
Testing: csp_id=45, page_id=27600, browser=Firefox
Testing: csp_id=45, page_id=27700, browser=Firefox
Testing: csp_id=45, page_id=27800, browser=Firefox
Testing: csp_id=45, page_id=27900, browser=Firefox
Testing: csp_id=45, page_id=28000, browser=Firefox
Testing: csp_id=45, page_id=28100, browser=Firefox
Testing: csp_id=45, page_id=28200, browser=Firefox
Testing: csp_id=45, page_id=28300, browser=Firefox
Testing: csp_id=45, page_id=28400, browser=Firefox
Testing: csp_id=45, page_id=28500, browser=Firefox
Testing: csp_id=45, page_id=28600, browser=Firefox
Testing: csp_id=45, page_id=28700, browser=Firefox
Testing: csp_id=45, page_id=28800, browser=Firefox
Testing: csp_id=45, page_id=28900, browser=Firefox
Testing: csp_id=45, page_id=29000, browser=Firefox
Testing: csp_id=45, page_id=29100, browser=Firefox
Testing: csp_id=45, page_id=29200, browser=Firefox
Testing: csp_id=45, page_id=29300, browser=Firefox
Testing: csp_id=45, page_id=29400, browser=Firefox
Testing: csp_id=45, page_id=29500, browser=Firefox
Testing: csp_id=45, page_id=29600, browser=Firefox
Testing: csp_id=45, page_id=29700, browser=Firefox
Testing: csp_id=45, page_id=29800, browser=Firefox
🏊 create_context_pools[first] (5x16): 26.411s
Testing: csp_id=55, page_id=0, browser=Firefox
Testing: csp_id=55, page_id=100, browser=Firefox
Testing: csp_id=55, page_id=200, browser=Firefox
Testing: csp_id=55, page_id=300, browser=Firefox
Testing: csp_id=55, page_id=400, browser=Firefox
Testing: csp_id=55, page_id=500, browser=Firefox
Testing: csp_id=55, page_id=600, browser=Firefox
Testing: csp_id=55, page_id=700, browser=Firefox
Testing: csp_id=55, page_id=800, browser=Firefox
Testing: csp_id=55, page_id=900, browser=Firefox
Testing: csp_id=55, page_id=1000, browser=Firefox
Testing: csp_id=55, page_id=1100, browser=Firefox
Testing: csp_id=55, page_id=1200, browser=Firefox
Testing: csp_id=55, page_id=1300, browser=Firefox
Testing: csp_id=55, page_id=1400, browser=Firefox
Testing: csp_id=55, page_id=1500, browser=Firefox
Testing: csp_id=55, page_id=1600, browser=Firefox
Testing: csp_id=55, page_id=1700, browser=Firefox
Testing: csp_id=55, page_id=1800, browser=Firefox
Testing: csp_id=55, page_id=1900, browser=Firefox
Testing: csp_id=55, page_id=2000, browser=Firefox
Testing: csp_id=55, page_id=2100, browser=Firefox
Testing: csp_id=55, page_id=2200, browser=Firefox
Testing: csp_id=55, page_id=2300, browser=Firefox
Testing: csp_id=55, page_id=2400, browser=Firefox
Testing: csp_id=55, page_id=2500, browser=Firefox
Testing: csp_id=55, page_id=2600, browser=Firefox
Testing: csp_id=55, page_id=2700, browser=Firefox
Testing: csp_id=55, page_id=2800, browser=Firefox
Testing: csp_id=55, page_id=2900, browser=Firefox
Testing: csp_id=55, page_id=3000, browser=Firefox
Testing: csp_id=55, page_id=3100, browser=Firefox
Testing: csp_id=55, page_id=3200, browser=Firefox
Testing: csp_id=55, page_id=3300, browser=Firefox
Testing: csp_id=55, page_id=3400, browser=Firefox
Testing: csp_id=55, page_id=3500, browser=Firefox
Testing: csp_id=55, page_id=3600, browser=Firefox
Testing: csp_id=55, page_id=3700, browser=Firefox
Testing: csp_id=55, page_id=3800, browser=Firefox
Testing: csp_id=55, page_id=3900, browser=Firefox
Testing: csp_id=55, page_id=4000, browser=Firefox
Testing: csp_id=55, page_id=4100, browser=Firefox
Testing: csp_id=55, page_id=4200, browser=Firefox
Testing: csp_id=55, page_id=4300, browser=Firefox
Testing: csp_id=55, page_id=4400, browser=Firefox
Testing: csp_id=55, page_id=4500, browser=Firefox
Testing: csp_id=55, page_id=4600, browser=Firefox
Testing: csp_id=55, page_id=4700, browser=Firefox
Testing: csp_id=55, page_id=4800, browser=Firefox
Testing: csp_id=55, page_id=4900, browser=Firefox
Testing: csp_id=55, page_id=5000, browser=Firefox
Testing: csp_id=55, page_id=5100, browser=Firefox
Testing: csp_id=55, page_id=5200, browser=Firefox
Testing: csp_id=55, page_id=5300, browser=Firefox
Testing: csp_id=55, page_id=5400, browser=Firefox
Testing: csp_id=55, page_id=5500, browser=Firefox
Testing: csp_id=55, page_id=5600, browser=Firefox
Testing: csp_id=55, page_id=5700, browser=Firefox
Testing: csp_id=55, page_id=5800, browser=Firefox
Testing: csp_id=55, page_id=5900, browser=Firefox
Testing: csp_id=55, page_id=6000, browser=Firefox
Testing: csp_id=55, page_id=6100, browser=Firefox
Testing: csp_id=55, page_id=6200, browser=Firefox
Testing: csp_id=55, page_id=6300, browser=Firefox
Testing: csp_id=55, page_id=6400, browser=Firefox
Testing: csp_id=55, page_id=6500, browser=Firefox
Testing: csp_id=55, page_id=6600, browser=Firefox
Testing: csp_id=55, page_id=6700, browser=Firefox
Testing: csp_id=55, page_id=6800, browser=Firefox
Testing: csp_id=55, page_id=6900, browser=Firefox
Testing: csp_id=55, page_id=7000, browser=Firefox
Testing: csp_id=55, page_id=7100, browser=Firefox
Testing: csp_id=55, page_id=7200, browser=Firefox
Testing: csp_id=55, page_id=7300, browser=Firefox
Testing: csp_id=55, page_id=7400, browser=Firefox
Testing: csp_id=55, page_id=7500, browser=Firefox
Testing: csp_id=55, page_id=7600, browser=Firefox
Testing: csp_id=55, page_id=7700, browser=Firefox
Testing: csp_id=55, page_id=7800, browser=Firefox
Testing: csp_id=55, page_id=7900, browser=Firefox
Testing: csp_id=55, page_id=8000, browser=Firefox
Testing: csp_id=55, page_id=8100, browser=Firefox
Testing: csp_id=55, page_id=8200, browser=Firefox
Testing: csp_id=55, page_id=8300, browser=Firefox
Testing: csp_id=55, page_id=8400, browser=Firefox
Testing: csp_id=55, page_id=8500, browser=Firefox
Testing: csp_id=55, page_id=8600, browser=Firefox
Testing: csp_id=55, page_id=8700, browser=Firefox
Testing: csp_id=55, page_id=8800, browser=Firefox
Testing: csp_id=55, page_id=8900, browser=Firefox
Testing: csp_id=55, page_id=9000, browser=Firefox
Testing: csp_id=55, page_id=9100, browser=Firefox
Testing: csp_id=55, page_id=9200, browser=Firefox
Testing: csp_id=55, page_id=9300, browser=Firefox
Testing: csp_id=55, page_id=9400, browser=Firefox
Testing: csp_id=55, page_id=9500, browser=Firefox
Testing: csp_id=55, page_id=9600, browser=Firefox
Testing: csp_id=55, page_id=9700, browser=Firefox
Testing: csp_id=55, page_id=9800, browser=Firefox
Testing: csp_id=55, page_id=9900, browser=Firefox
Testing: csp_id=55, page_id=10000, browser=Firefox
Testing: csp_id=55, page_id=10100, browser=Firefox
Testing: csp_id=55, page_id=10200, browser=Firefox
Testing: csp_id=55, page_id=10300, browser=Firefox
Testing: csp_id=55, page_id=10400, browser=Firefox
Testing: csp_id=55, page_id=10500, browser=Firefox
Testing: csp_id=55, page_id=10600, browser=Firefox
Testing: csp_id=55, page_id=10700, browser=Firefox
Testing: csp_id=55, page_id=10800, browser=Firefox
Testing: csp_id=55, page_id=10900, browser=Firefox
Testing: csp_id=55, page_id=11000, browser=Firefox
Testing: csp_id=55, page_id=11100, browser=Firefox
Testing: csp_id=55, page_id=11200, browser=Firefox
Testing: csp_id=55, page_id=11300, browser=Firefox
Testing: csp_id=55, page_id=11400, browser=Firefox
Testing: csp_id=55, page_id=11500, browser=Firefox
Testing: csp_id=55, page_id=11600, browser=Firefox
Testing: csp_id=55, page_id=11700, browser=Firefox
Testing: csp_id=55, page_id=11800, browser=Firefox
Testing: csp_id=55, page_id=11900, browser=Firefox
Testing: csp_id=55, page_id=12000, browser=Firefox
Testing: csp_id=55, page_id=12100, browser=Firefox
Testing: csp_id=55, page_id=12200, browser=Firefox
Testing: csp_id=55, page_id=12300, browser=Firefox
Testing: csp_id=55, page_id=12400, browser=Firefox
Testing: csp_id=55, page_id=12500, browser=Firefox
Testing: csp_id=55, page_id=12600, browser=Firefox
Testing: csp_id=55, page_id=12700, browser=Firefox
Testing: csp_id=55, page_id=12800, browser=Firefox
Testing: csp_id=55, page_id=12900, browser=Firefox
Testing: csp_id=55, page_id=13000, browser=Firefox
Testing: csp_id=55, page_id=13100, browser=Firefox
Testing: csp_id=55, page_id=13200, browser=Firefox
Testing: csp_id=55, page_id=13300, browser=Firefox
Testing: csp_id=55, page_id=13400, browser=Firefox
Testing: csp_id=55, page_id=13500, browser=Firefox
Testing: csp_id=55, page_id=13600, browser=Firefox
Testing: csp_id=55, page_id=13700, browser=Firefox
Testing: csp_id=55, page_id=13800, browser=Firefox
Testing: csp_id=55, page_id=13900, browser=Firefox
Testing: csp_id=55, page_id=14000, browser=Firefox
Testing: csp_id=55, page_id=14100, browser=Firefox
Testing: csp_id=55, page_id=14200, browser=Firefox
Testing: csp_id=55, page_id=14300, browser=Firefox
Testing: csp_id=55, page_id=14400, browser=Firefox
Testing: csp_id=55, page_id=14500, browser=Firefox
Testing: csp_id=55, page_id=14600, browser=Firefox
Testing: csp_id=55, page_id=14700, browser=Firefox
Testing: csp_id=55, page_id=14800, browser=Firefox
Testing: csp_id=55, page_id=14900, browser=Firefox
Testing: csp_id=55, page_id=15000, browser=Firefox
Testing: csp_id=55, page_id=15100, browser=Firefox
Testing: csp_id=55, page_id=15200, browser=Firefox
Testing: csp_id=55, page_id=15300, browser=Firefox
Testing: csp_id=55, page_id=15400, browser=Firefox
Testing: csp_id=55, page_id=15500, browser=Firefox
Testing: csp_id=55, page_id=15600, browser=Firefox
Testing: csp_id=55, page_id=15700, browser=Firefox
Testing: csp_id=55, page_id=15800, browser=Firefox
Testing: csp_id=55, page_id=15900, browser=Firefox
Testing: csp_id=55, page_id=16000, browser=Firefox
Testing: csp_id=55, page_id=16100, browser=Firefox
Testing: csp_id=55, page_id=16200, browser=Firefox
Testing: csp_id=55, page_id=16300, browser=Firefox
Testing: csp_id=55, page_id=16400, browser=Firefox
Testing: csp_id=55, page_id=16500, browser=Firefox
Testing: csp_id=55, page_id=16600, browser=Firefox
Testing: csp_id=55, page_id=16700, browser=Firefox
Testing: csp_id=55, page_id=16800, browser=Firefox
Testing: csp_id=55, page_id=16900, browser=Firefox
Testing: csp_id=55, page_id=17000, browser=Firefox
Testing: csp_id=55, page_id=17100, browser=Firefox
Testing: csp_id=55, page_id=17200, browser=Firefox
Testing: csp_id=55, page_id=17300, browser=Firefox
Testing: csp_id=55, page_id=17400, browser=Firefox
Testing: csp_id=55, page_id=17500, browser=Firefox
Testing: csp_id=55, page_id=17600, browser=Firefox
Testing: csp_id=55, page_id=17700, browser=Firefox
Testing: csp_id=55, page_id=17800, browser=Firefox
Testing: csp_id=55, page_id=17900, browser=Firefox
Testing: csp_id=55, page_id=18000, browser=Firefox
Testing: csp_id=55, page_id=18100, browser=Firefox
Testing: csp_id=55, page_id=18200, browser=Firefox
Testing: csp_id=55, page_id=18300, browser=Firefox
Testing: csp_id=55, page_id=18400, browser=Firefox
Testing: csp_id=55, page_id=18500, browser=Firefox
Testing: csp_id=55, page_id=18600, browser=Firefox
Testing: csp_id=55, page_id=18700, browser=Firefox
Testing: csp_id=55, page_id=18800, browser=Firefox
Testing: csp_id=55, page_id=18900, browser=Firefox
Testing: csp_id=55, page_id=19000, browser=Firefox
Testing: csp_id=55, page_id=19100, browser=Firefox
Testing: csp_id=55, page_id=19200, browser=Firefox
Testing: csp_id=55, page_id=19300, browser=Firefox
Testing: csp_id=55, page_id=19400, browser=Firefox
Testing: csp_id=55, page_id=19500, browser=Firefox
Testing: csp_id=55, page_id=19600, browser=Firefox
Testing: csp_id=55, page_id=19700, browser=Firefox
Testing: csp_id=55, page_id=19800, browser=Firefox
Testing: csp_id=55, page_id=19900, browser=Firefox
Testing: csp_id=55, page_id=20000, browser=Firefox
Testing: csp_id=55, page_id=20100, browser=Firefox
Testing: csp_id=55, page_id=20200, browser=Firefox
Testing: csp_id=55, page_id=20300, browser=Firefox
Testing: csp_id=55, page_id=20400, browser=Firefox
Testing: csp_id=55, page_id=20500, browser=Firefox
Testing: csp_id=55, page_id=20600, browser=Firefox
Testing: csp_id=55, page_id=20700, browser=Firefox
Testing: csp_id=55, page_id=20800, browser=Firefox
Testing: csp_id=55, page_id=20900, browser=Firefox
Testing: csp_id=55, page_id=21000, browser=Firefox
Testing: csp_id=55, page_id=21100, browser=Firefox
Testing: csp_id=55, page_id=21200, browser=Firefox
Testing: csp_id=55, page_id=21300, browser=Firefox
Testing: csp_id=55, page_id=21400, browser=Firefox
Testing: csp_id=55, page_id=21500, browser=Firefox
Testing: csp_id=55, page_id=21600, browser=Firefox
Testing: csp_id=55, page_id=21700, browser=Firefox
Testing: csp_id=55, page_id=21800, browser=Firefox
Testing: csp_id=55, page_id=21900, browser=Firefox
Testing: csp_id=55, page_id=22000, browser=Firefox
Testing: csp_id=55, page_id=22100, browser=Firefox
Testing: csp_id=55, page_id=22200, browser=Firefox
Testing: csp_id=55, page_id=22300, browser=Firefox
Testing: csp_id=55, page_id=22400, browser=Firefox
Testing: csp_id=55, page_id=22500, browser=Firefox
Testing: csp_id=55, page_id=22600, browser=Firefox
Testing: csp_id=55, page_id=22700, browser=Firefox
Testing: csp_id=55, page_id=22800, browser=Firefox
Testing: csp_id=55, page_id=22900, browser=Firefox
Testing: csp_id=55, page_id=23000, browser=Firefox
Testing: csp_id=55, page_id=23100, browser=Firefox
Testing: csp_id=55, page_id=23200, browser=Firefox
Testing: csp_id=55, page_id=23300, browser=Firefox
Testing: csp_id=55, page_id=23400, browser=Firefox
Testing: csp_id=55, page_id=23500, browser=Firefox
Testing: csp_id=55, page_id=23600, browser=Firefox
Testing: csp_id=55, page_id=23700, browser=Firefox
Testing: csp_id=55, page_id=23800, browser=Firefox
Testing: csp_id=55, page_id=23900, browser=Firefox
Testing: csp_id=55, page_id=24000, browser=Firefox
Testing: csp_id=55, page_id=24100, browser=Firefox
Testing: csp_id=55, page_id=24200, browser=Firefox
Testing: csp_id=55, page_id=24300, browser=Firefox
Testing: csp_id=55, page_id=24400, browser=Firefox
Testing: csp_id=55, page_id=24500, browser=Firefox
Testing: csp_id=55, page_id=24600, browser=Firefox
Testing: csp_id=55, page_id=24700, browser=Firefox
Testing: csp_id=55, page_id=24800, browser=Firefox
Testing: csp_id=55, page_id=24900, browser=Firefox
Testing: csp_id=55, page_id=25000, browser=Firefox
Testing: csp_id=55, page_id=25100, browser=Firefox
Testing: csp_id=55, page_id=25200, browser=Firefox
Testing: csp_id=55, page_id=25300, browser=Firefox
Testing: csp_id=55, page_id=25400, browser=Firefox
Testing: csp_id=55, page_id=25500, browser=Firefox
Testing: csp_id=55, page_id=25600, browser=Firefox
Testing: csp_id=55, page_id=25700, browser=Firefox
Testing: csp_id=55, page_id=25800, browser=Firefox
Testing: csp_id=55, page_id=25900, browser=Firefox
Testing: csp_id=55, page_id=26000, browser=Firefox
Testing: csp_id=55, page_id=26100, browser=Firefox
Testing: csp_id=55, page_id=26200, browser=Firefox
Testing: csp_id=55, page_id=26300, browser=Firefox
Testing: csp_id=55, page_id=26400, browser=Firefox
Testing: csp_id=55, page_id=26500, browser=Firefox
Testing: csp_id=55, page_id=26600, browser=Firefox
Testing: csp_id=55, page_id=26700, browser=Firefox
Testing: csp_id=55, page_id=26800, browser=Firefox
Testing: csp_id=55, page_id=26900, browser=Firefox
Testing: csp_id=55, page_id=27000, browser=Firefox
Testing: csp_id=55, page_id=27100, browser=Firefox
Testing: csp_id=55, page_id=27200, browser=Firefox
Testing: csp_id=55, page_id=27300, browser=Firefox
Testing: csp_id=55, page_id=27400, browser=Firefox
Testing: csp_id=55, page_id=27500, browser=Firefox
Testing: csp_id=55, page_id=27600, browser=Firefox
Testing: csp_id=55, page_id=27700, browser=Firefox
Testing: csp_id=55, page_id=27800, browser=Firefox
Testing: csp_id=55, page_id=27900, browser=Firefox
Testing: csp_id=55, page_id=28000, browser=Firefox
Testing: csp_id=55, page_id=28100, browser=Firefox
Testing: csp_id=55, page_id=28200, browser=Firefox
Testing: csp_id=55, page_id=28300, browser=Firefox
Testing: csp_id=55, page_id=28400, browser=Firefox
Testing: csp_id=55, page_id=28500, browser=Firefox
Testing: csp_id=55, page_id=28600, browser=Firefox
Testing: csp_id=55, page_id=28700, browser=Firefox
Testing: csp_id=55, page_id=28800, browser=Firefox
Testing: csp_id=55, page_id=28900, browser=Firefox
Testing: csp_id=55, page_id=29000, browser=Firefox
Testing: csp_id=55, page_id=29100, browser=Firefox
Testing: csp_id=55, page_id=29200, browser=Firefox
Testing: csp_id=55, page_id=29300, browser=Firefox
Testing: csp_id=55, page_id=29400, browser=Firefox
Testing: csp_id=55, page_id=29500, browser=Firefox
Testing: csp_id=55, page_id=29600, browser=Firefox
Testing: csp_id=55, page_id=29700, browser=Firefox
Testing: csp_id=55, page_id=29800, browser=Firefox
🏊 create_context_pools[first] (5x16): 30.565s
Testing: csp_id=66, page_id=0, browser=Firefox
Testing: csp_id=66, page_id=100, browser=Firefox
Testing: csp_id=66, page_id=200, browser=Firefox
Testing: csp_id=66, page_id=300, browser=Firefox
Testing: csp_id=66, page_id=400, browser=Firefox
Testing: csp_id=66, page_id=500, browser=Firefox
Testing: csp_id=66, page_id=600, browser=Firefox
Testing: csp_id=66, page_id=700, browser=Firefox
Testing: csp_id=66, page_id=800, browser=Firefox
Testing: csp_id=66, page_id=900, browser=Firefox
Testing: csp_id=66, page_id=1000, browser=Firefox
Testing: csp_id=66, page_id=1100, browser=Firefox
Testing: csp_id=66, page_id=1200, browser=Firefox
Testing: csp_id=66, page_id=1300, browser=Firefox
Testing: csp_id=66, page_id=1400, browser=Firefox
Testing: csp_id=66, page_id=1500, browser=Firefox
Testing: csp_id=66, page_id=1600, browser=Firefox
Testing: csp_id=66, page_id=1700, browser=Firefox
Testing: csp_id=66, page_id=1800, browser=Firefox
Testing: csp_id=66, page_id=1900, browser=Firefox
Testing: csp_id=66, page_id=2000, browser=Firefox
Testing: csp_id=66, page_id=2100, browser=Firefox
Testing: csp_id=66, page_id=2200, browser=Firefox
Testing: csp_id=66, page_id=2300, browser=Firefox
Testing: csp_id=66, page_id=2400, browser=Firefox
Testing: csp_id=66, page_id=2500, browser=Firefox
Testing: csp_id=66, page_id=2600, browser=Firefox
Testing: csp_id=66, page_id=2700, browser=Firefox
Testing: csp_id=66, page_id=2800, browser=Firefox
Testing: csp_id=66, page_id=2900, browser=Firefox
Testing: csp_id=66, page_id=3000, browser=Firefox
Testing: csp_id=66, page_id=3100, browser=Firefox
Testing: csp_id=66, page_id=3200, browser=Firefox
Testing: csp_id=66, page_id=3300, browser=Firefox
Testing: csp_id=66, page_id=3400, browser=Firefox
Testing: csp_id=66, page_id=3500, browser=Firefox
Testing: csp_id=66, page_id=3600, browser=Firefox
Testing: csp_id=66, page_id=3700, browser=Firefox
Testing: csp_id=66, page_id=3800, browser=Firefox
Testing: csp_id=66, page_id=3900, browser=Firefox
Testing: csp_id=66, page_id=4000, browser=Firefox
Testing: csp_id=66, page_id=4100, browser=Firefox
Testing: csp_id=66, page_id=4200, browser=Firefox
Testing: csp_id=66, page_id=4300, browser=Firefox
Testing: csp_id=66, page_id=4400, browser=Firefox
Testing: csp_id=66, page_id=4500, browser=Firefox
Testing: csp_id=66, page_id=4600, browser=Firefox
Testing: csp_id=66, page_id=4700, browser=Firefox
Testing: csp_id=66, page_id=4800, browser=Firefox
Testing: csp_id=66, page_id=4900, browser=Firefox
Testing: csp_id=66, page_id=5000, browser=Firefox
Testing: csp_id=66, page_id=5100, browser=Firefox
Testing: csp_id=66, page_id=5200, browser=Firefox
Testing: csp_id=66, page_id=5300, browser=Firefox
Testing: csp_id=66, page_id=5400, browser=Firefox
Testing: csp_id=66, page_id=5500, browser=Firefox
Testing: csp_id=66, page_id=5600, browser=Firefox
Testing: csp_id=66, page_id=5700, browser=Firefox
Testing: csp_id=66, page_id=5800, browser=Firefox
Testing: csp_id=66, page_id=5900, browser=Firefox
Testing: csp_id=66, page_id=6000, browser=Firefox
Testing: csp_id=66, page_id=6100, browser=Firefox
Testing: csp_id=66, page_id=6200, browser=Firefox
Testing: csp_id=66, page_id=6300, browser=Firefox
Testing: csp_id=66, page_id=6400, browser=Firefox
Testing: csp_id=66, page_id=6500, browser=Firefox
Testing: csp_id=66, page_id=6600, browser=Firefox
Testing: csp_id=66, page_id=6700, browser=Firefox
Testing: csp_id=66, page_id=6800, browser=Firefox
Testing: csp_id=66, page_id=6900, browser=Firefox
Testing: csp_id=66, page_id=7000, browser=Firefox
Testing: csp_id=66, page_id=7100, browser=Firefox
Testing: csp_id=66, page_id=7200, browser=Firefox
Testing: csp_id=66, page_id=7300, browser=Firefox
Testing: csp_id=66, page_id=7400, browser=Firefox
Testing: csp_id=66, page_id=7500, browser=Firefox
Testing: csp_id=66, page_id=7600, browser=Firefox
Testing: csp_id=66, page_id=7700, browser=Firefox
Testing: csp_id=66, page_id=7800, browser=Firefox
Testing: csp_id=66, page_id=7900, browser=Firefox
Testing: csp_id=66, page_id=8000, browser=Firefox
Testing: csp_id=66, page_id=8100, browser=Firefox
Testing: csp_id=66, page_id=8200, browser=Firefox
Testing: csp_id=66, page_id=8300, browser=Firefox
Testing: csp_id=66, page_id=8400, browser=Firefox
Testing: csp_id=66, page_id=8500, browser=Firefox
Testing: csp_id=66, page_id=8600, browser=Firefox
Testing: csp_id=66, page_id=8700, browser=Firefox
Testing: csp_id=66, page_id=8800, browser=Firefox
Testing: csp_id=66, page_id=8900, browser=Firefox
Testing: csp_id=66, page_id=9000, browser=Firefox
Testing: csp_id=66, page_id=9100, browser=Firefox
Testing: csp_id=66, page_id=9200, browser=Firefox
Testing: csp_id=66, page_id=9300, browser=Firefox
Testing: csp_id=66, page_id=9400, browser=Firefox
Testing: csp_id=66, page_id=9500, browser=Firefox
Testing: csp_id=66, page_id=9600, browser=Firefox
Testing: csp_id=66, page_id=9700, browser=Firefox
Testing: csp_id=66, page_id=9800, browser=Firefox
Testing: csp_id=66, page_id=9900, browser=Firefox
Testing: csp_id=66, page_id=10000, browser=Firefox
Testing: csp_id=66, page_id=10100, browser=Firefox
Testing: csp_id=66, page_id=10200, browser=Firefox
Testing: csp_id=66, page_id=10300, browser=Firefox
Testing: csp_id=66, page_id=10400, browser=Firefox
Testing: csp_id=66, page_id=10500, browser=Firefox
Testing: csp_id=66, page_id=10600, browser=Firefox
Testing: csp_id=66, page_id=10700, browser=Firefox
Testing: csp_id=66, page_id=10800, browser=Firefox
Testing: csp_id=66, page_id=10900, browser=Firefox
Testing: csp_id=66, page_id=11000, browser=Firefox
Testing: csp_id=66, page_id=11100, browser=Firefox
Testing: csp_id=66, page_id=11200, browser=Firefox
Testing: csp_id=66, page_id=11300, browser=Firefox
Testing: csp_id=66, page_id=11400, browser=Firefox
Testing: csp_id=66, page_id=11500, browser=Firefox
Testing: csp_id=66, page_id=11600, browser=Firefox
Testing: csp_id=66, page_id=11700, browser=Firefox
Testing: csp_id=66, page_id=11800, browser=Firefox
Testing: csp_id=66, page_id=11900, browser=Firefox
Testing: csp_id=66, page_id=12000, browser=Firefox
Testing: csp_id=66, page_id=12100, browser=Firefox
Testing: csp_id=66, page_id=12200, browser=Firefox
Testing: csp_id=66, page_id=12300, browser=Firefox
Testing: csp_id=66, page_id=12400, browser=Firefox
Testing: csp_id=66, page_id=12500, browser=Firefox
Testing: csp_id=66, page_id=12600, browser=Firefox
Testing: csp_id=66, page_id=12700, browser=Firefox
Testing: csp_id=66, page_id=12800, browser=Firefox
Testing: csp_id=66, page_id=12900, browser=Firefox
Testing: csp_id=66, page_id=13000, browser=Firefox
Testing: csp_id=66, page_id=13100, browser=Firefox
Testing: csp_id=66, page_id=13200, browser=Firefox
Testing: csp_id=66, page_id=13300, browser=Firefox
Testing: csp_id=66, page_id=13400, browser=Firefox
Testing: csp_id=66, page_id=13500, browser=Firefox
Testing: csp_id=66, page_id=13600, browser=Firefox
Testing: csp_id=66, page_id=13700, browser=Firefox
Testing: csp_id=66, page_id=13800, browser=Firefox
Testing: csp_id=66, page_id=13900, browser=Firefox
Testing: csp_id=66, page_id=14000, browser=Firefox
Testing: csp_id=66, page_id=14100, browser=Firefox
Testing: csp_id=66, page_id=14200, browser=Firefox
Testing: csp_id=66, page_id=14300, browser=Firefox
Testing: csp_id=66, page_id=14400, browser=Firefox
Testing: csp_id=66, page_id=14500, browser=Firefox
Testing: csp_id=66, page_id=14600, browser=Firefox
Testing: csp_id=66, page_id=14700, browser=Firefox
Testing: csp_id=66, page_id=14800, browser=Firefox
Testing: csp_id=66, page_id=14900, browser=Firefox
Testing: csp_id=66, page_id=15000, browser=Firefox
Testing: csp_id=66, page_id=15100, browser=Firefox
Testing: csp_id=66, page_id=15200, browser=Firefox
Testing: csp_id=66, page_id=15300, browser=Firefox
Testing: csp_id=66, page_id=15400, browser=Firefox
Testing: csp_id=66, page_id=15500, browser=Firefox
Testing: csp_id=66, page_id=15600, browser=Firefox
Testing: csp_id=66, page_id=15700, browser=Firefox
Testing: csp_id=66, page_id=15800, browser=Firefox
Testing: csp_id=66, page_id=15900, browser=Firefox
Testing: csp_id=66, page_id=16000, browser=Firefox
Testing: csp_id=66, page_id=16100, browser=Firefox
Testing: csp_id=66, page_id=16200, browser=Firefox
Testing: csp_id=66, page_id=16300, browser=Firefox
Testing: csp_id=66, page_id=16400, browser=Firefox
Testing: csp_id=66, page_id=16500, browser=Firefox
Testing: csp_id=66, page_id=16600, browser=Firefox
Testing: csp_id=66, page_id=16700, browser=Firefox
Testing: csp_id=66, page_id=16800, browser=Firefox
Testing: csp_id=66, page_id=16900, browser=Firefox
Testing: csp_id=66, page_id=17000, browser=Firefox
Testing: csp_id=66, page_id=17100, browser=Firefox
Testing: csp_id=66, page_id=17200, browser=Firefox
Testing: csp_id=66, page_id=17300, browser=Firefox
Testing: csp_id=66, page_id=17400, browser=Firefox
Testing: csp_id=66, page_id=17500, browser=Firefox
Testing: csp_id=66, page_id=17600, browser=Firefox
Testing: csp_id=66, page_id=17700, browser=Firefox
Testing: csp_id=66, page_id=17800, browser=Firefox
Testing: csp_id=66, page_id=17900, browser=Firefox
Testing: csp_id=66, page_id=18000, browser=Firefox
Testing: csp_id=66, page_id=18100, browser=Firefox
Testing: csp_id=66, page_id=18200, browser=Firefox
Testing: csp_id=66, page_id=18300, browser=Firefox
Testing: csp_id=66, page_id=18400, browser=Firefox
Testing: csp_id=66, page_id=18500, browser=Firefox
Testing: csp_id=66, page_id=18600, browser=Firefox
Testing: csp_id=66, page_id=18700, browser=Firefox
Testing: csp_id=66, page_id=18800, browser=Firefox
Testing: csp_id=66, page_id=18900, browser=Firefox
Testing: csp_id=66, page_id=19000, browser=Firefox
Testing: csp_id=66, page_id=19100, browser=Firefox
Testing: csp_id=66, page_id=19200, browser=Firefox
Testing: csp_id=66, page_id=19300, browser=Firefox
Testing: csp_id=66, page_id=19400, browser=Firefox
Testing: csp_id=66, page_id=19500, browser=Firefox
Testing: csp_id=66, page_id=19600, browser=Firefox
Testing: csp_id=66, page_id=19700, browser=Firefox
Testing: csp_id=66, page_id=19800, browser=Firefox
Testing: csp_id=66, page_id=19900, browser=Firefox
Testing: csp_id=66, page_id=20000, browser=Firefox
Testing: csp_id=66, page_id=20100, browser=Firefox
Testing: csp_id=66, page_id=20200, browser=Firefox
Testing: csp_id=66, page_id=20300, browser=Firefox
Testing: csp_id=66, page_id=20400, browser=Firefox
Testing: csp_id=66, page_id=20500, browser=Firefox
Testing: csp_id=66, page_id=20600, browser=Firefox
Testing: csp_id=66, page_id=20700, browser=Firefox
Testing: csp_id=66, page_id=20800, browser=Firefox
Testing: csp_id=66, page_id=20900, browser=Firefox
Testing: csp_id=66, page_id=21000, browser=Firefox
Testing: csp_id=66, page_id=21100, browser=Firefox
Testing: csp_id=66, page_id=21200, browser=Firefox
Testing: csp_id=66, page_id=21300, browser=Firefox
Testing: csp_id=66, page_id=21400, browser=Firefox
Testing: csp_id=66, page_id=21500, browser=Firefox
Testing: csp_id=66, page_id=21600, browser=Firefox
Testing: csp_id=66, page_id=21700, browser=Firefox
Testing: csp_id=66, page_id=21800, browser=Firefox
Testing: csp_id=66, page_id=21900, browser=Firefox
Testing: csp_id=66, page_id=22000, browser=Firefox
Testing: csp_id=66, page_id=22100, browser=Firefox
Testing: csp_id=66, page_id=22200, browser=Firefox
Testing: csp_id=66, page_id=22300, browser=Firefox
Testing: csp_id=66, page_id=22400, browser=Firefox
Testing: csp_id=66, page_id=22500, browser=Firefox
Testing: csp_id=66, page_id=22600, browser=Firefox
Testing: csp_id=66, page_id=22700, browser=Firefox
Testing: csp_id=66, page_id=22800, browser=Firefox
Testing: csp_id=66, page_id=22900, browser=Firefox
Testing: csp_id=66, page_id=23000, browser=Firefox
Testing: csp_id=66, page_id=23100, browser=Firefox
Testing: csp_id=66, page_id=23200, browser=Firefox
Testing: csp_id=66, page_id=23300, browser=Firefox
Testing: csp_id=66, page_id=23400, browser=Firefox
Testing: csp_id=66, page_id=23500, browser=Firefox
Testing: csp_id=66, page_id=23600, browser=Firefox
Testing: csp_id=66, page_id=23700, browser=Firefox
Testing: csp_id=66, page_id=23800, browser=Firefox
Testing: csp_id=66, page_id=23900, browser=Firefox
Testing: csp_id=66, page_id=24000, browser=Firefox
Testing: csp_id=66, page_id=24100, browser=Firefox
Testing: csp_id=66, page_id=24200, browser=Firefox
Testing: csp_id=66, page_id=24300, browser=Firefox
Testing: csp_id=66, page_id=24400, browser=Firefox
Testing: csp_id=66, page_id=24500, browser=Firefox
Testing: csp_id=66, page_id=24600, browser=Firefox
Testing: csp_id=66, page_id=24700, browser=Firefox
Testing: csp_id=66, page_id=24800, browser=Firefox
Testing: csp_id=66, page_id=24900, browser=Firefox
Testing: csp_id=66, page_id=25000, browser=Firefox
Testing: csp_id=66, page_id=25100, browser=Firefox
Testing: csp_id=66, page_id=25200, browser=Firefox
Testing: csp_id=66, page_id=25300, browser=Firefox
Testing: csp_id=66, page_id=25400, browser=Firefox
Testing: csp_id=66, page_id=25500, browser=Firefox
Testing: csp_id=66, page_id=25600, browser=Firefox
Testing: csp_id=66, page_id=25700, browser=Firefox
Testing: csp_id=66, page_id=25800, browser=Firefox
Testing: csp_id=66, page_id=25900, browser=Firefox
Testing: csp_id=66, page_id=26000, browser=Firefox
Testing: csp_id=66, page_id=26100, browser=Firefox
Testing: csp_id=66, page_id=26200, browser=Firefox
Testing: csp_id=66, page_id=26300, browser=Firefox
Testing: csp_id=66, page_id=26400, browser=Firefox
Testing: csp_id=66, page_id=26500, browser=Firefox
Testing: csp_id=66, page_id=26600, browser=Firefox
Testing: csp_id=66, page_id=26700, browser=Firefox
Testing: csp_id=66, page_id=26800, browser=Firefox
Testing: csp_id=66, page_id=26900, browser=Firefox
Testing: csp_id=66, page_id=27000, browser=Firefox
Testing: csp_id=66, page_id=27100, browser=Firefox
Testing: csp_id=66, page_id=27200, browser=Firefox
Testing: csp_id=66, page_id=27300, browser=Firefox
Testing: csp_id=66, page_id=27400, browser=Firefox
Testing: csp_id=66, page_id=27500, browser=Firefox
Testing: csp_id=66, page_id=27600, browser=Firefox
Testing: csp_id=66, page_id=27700, browser=Firefox
Testing: csp_id=66, page_id=27800, browser=Firefox
Testing: csp_id=66, page_id=27900, browser=Firefox
Testing: csp_id=66, page_id=28000, browser=Firefox
Testing: csp_id=66, page_id=28100, browser=Firefox
Testing: csp_id=66, page_id=28200, browser=Firefox
Testing: csp_id=66, page_id=28300, browser=Firefox
Testing: csp_id=66, page_id=28400, browser=Firefox
Testing: csp_id=66, page_id=28500, browser=Firefox
Testing: csp_id=66, page_id=28600, browser=Firefox
Testing: csp_id=66, page_id=28700, browser=Firefox
Testing: csp_id=66, page_id=28800, browser=Firefox
Testing: csp_id=66, page_id=28900, browser=Firefox
Testing: csp_id=66, page_id=29000, browser=Firefox
Testing: csp_id=66, page_id=29100, browser=Firefox
Testing: csp_id=66, page_id=29200, browser=Firefox
Testing: csp_id=66, page_id=29300, browser=Firefox
Testing: csp_id=66, page_id=29400, browser=Firefox
Testing: csp_id=66, page_id=29500, browser=Firefox
Testing: csp_id=66, page_id=29600, browser=Firefox
Testing: csp_id=66, page_id=29700, browser=Firefox
Testing: csp_id=66, page_id=29800, browser=Firefox
🏊 create_context_pools[first] (5x16): 25.622s
Testing: csp_id=76, page_id=0, browser=Firefox
Testing: csp_id=76, page_id=100, browser=Firefox
Testing: csp_id=76, page_id=200, browser=Firefox
Testing: csp_id=76, page_id=300, browser=Firefox
Testing: csp_id=76, page_id=400, browser=Firefox
Testing: csp_id=76, page_id=500, browser=Firefox
Testing: csp_id=76, page_id=600, browser=Firefox
Testing: csp_id=76, page_id=700, browser=Firefox
Testing: csp_id=76, page_id=800, browser=Firefox
Testing: csp_id=76, page_id=900, browser=Firefox
Testing: csp_id=76, page_id=1000, browser=Firefox
Testing: csp_id=76, page_id=1100, browser=Firefox
Testing: csp_id=76, page_id=1200, browser=Firefox
Testing: csp_id=76, page_id=1300, browser=Firefox
Testing: csp_id=76, page_id=1400, browser=Firefox
Testing: csp_id=76, page_id=1500, browser=Firefox
Testing: csp_id=76, page_id=1600, browser=Firefox
Testing: csp_id=76, page_id=1700, browser=Firefox
Testing: csp_id=76, page_id=1800, browser=Firefox
Testing: csp_id=76, page_id=1900, browser=Firefox
Testing: csp_id=76, page_id=2000, browser=Firefox
Testing: csp_id=76, page_id=2100, browser=Firefox
Testing: csp_id=76, page_id=2200, browser=Firefox
Testing: csp_id=76, page_id=2300, browser=Firefox
Testing: csp_id=76, page_id=2400, browser=Firefox
Testing: csp_id=76, page_id=2500, browser=Firefox
Testing: csp_id=76, page_id=2600, browser=Firefox
Testing: csp_id=76, page_id=2700, browser=Firefox
Testing: csp_id=76, page_id=2800, browser=Firefox
Testing: csp_id=76, page_id=2900, browser=Firefox
Testing: csp_id=76, page_id=3000, browser=Firefox
Testing: csp_id=76, page_id=3100, browser=Firefox
Testing: csp_id=76, page_id=3200, browser=Firefox
Testing: csp_id=76, page_id=3300, browser=Firefox
Testing: csp_id=76, page_id=3400, browser=Firefox
Testing: csp_id=76, page_id=3500, browser=Firefox
Testing: csp_id=76, page_id=3600, browser=Firefox
Testing: csp_id=76, page_id=3700, browser=Firefox
Testing: csp_id=76, page_id=3800, browser=Firefox
Testing: csp_id=76, page_id=3900, browser=Firefox
Testing: csp_id=76, page_id=4000, browser=Firefox
Testing: csp_id=76, page_id=4100, browser=Firefox
Testing: csp_id=76, page_id=4200, browser=Firefox
Testing: csp_id=76, page_id=4300, browser=Firefox
Testing: csp_id=76, page_id=4400, browser=Firefox
Testing: csp_id=76, page_id=4500, browser=Firefox
Testing: csp_id=76, page_id=4600, browser=Firefox
Testing: csp_id=76, page_id=4700, browser=Firefox
Testing: csp_id=76, page_id=4800, browser=Firefox
Testing: csp_id=76, page_id=4900, browser=Firefox
Testing: csp_id=76, page_id=5000, browser=Firefox
Testing: csp_id=76, page_id=5100, browser=Firefox
Testing: csp_id=76, page_id=5200, browser=Firefox
Testing: csp_id=76, page_id=5300, browser=Firefox
Testing: csp_id=76, page_id=5400, browser=Firefox
Testing: csp_id=76, page_id=5500, browser=Firefox
Testing: csp_id=76, page_id=5600, browser=Firefox
Testing: csp_id=76, page_id=5700, browser=Firefox
Testing: csp_id=76, page_id=5800, browser=Firefox
Testing: csp_id=76, page_id=5900, browser=Firefox
Testing: csp_id=76, page_id=6000, browser=Firefox
Testing: csp_id=76, page_id=6100, browser=Firefox
Testing: csp_id=76, page_id=6200, browser=Firefox
Testing: csp_id=76, page_id=6300, browser=Firefox
Testing: csp_id=76, page_id=6400, browser=Firefox
Testing: csp_id=76, page_id=6500, browser=Firefox
Testing: csp_id=76, page_id=6600, browser=Firefox
Testing: csp_id=76, page_id=6700, browser=Firefox
Testing: csp_id=76, page_id=6800, browser=Firefox
Testing: csp_id=76, page_id=6900, browser=Firefox
Testing: csp_id=76, page_id=7000, browser=Firefox
Testing: csp_id=76, page_id=7100, browser=Firefox
Testing: csp_id=76, page_id=7200, browser=Firefox
Testing: csp_id=76, page_id=7300, browser=Firefox
Testing: csp_id=76, page_id=7400, browser=Firefox
Testing: csp_id=76, page_id=7500, browser=Firefox
Testing: csp_id=76, page_id=7600, browser=Firefox
Testing: csp_id=76, page_id=7700, browser=Firefox
Testing: csp_id=76, page_id=7800, browser=Firefox
Testing: csp_id=76, page_id=7900, browser=Firefox
Testing: csp_id=76, page_id=8000, browser=Firefox
Testing: csp_id=76, page_id=8100, browser=Firefox
Testing: csp_id=76, page_id=8200, browser=Firefox
Testing: csp_id=76, page_id=8300, browser=Firefox
Testing: csp_id=76, page_id=8400, browser=Firefox
Testing: csp_id=76, page_id=8500, browser=Firefox
Testing: csp_id=76, page_id=8600, browser=Firefox
Testing: csp_id=76, page_id=8700, browser=Firefox
Testing: csp_id=76, page_id=8800, browser=Firefox
Testing: csp_id=76, page_id=8900, browser=Firefox
Testing: csp_id=76, page_id=9000, browser=Firefox
Testing: csp_id=76, page_id=9100, browser=Firefox
Testing: csp_id=76, page_id=9200, browser=Firefox
Testing: csp_id=76, page_id=9300, browser=Firefox
Testing: csp_id=76, page_id=9400, browser=Firefox
Testing: csp_id=76, page_id=9500, browser=Firefox
Testing: csp_id=76, page_id=9600, browser=Firefox
Testing: csp_id=76, page_id=9700, browser=Firefox
Testing: csp_id=76, page_id=9800, browser=Firefox
Testing: csp_id=76, page_id=9900, browser=Firefox
Testing: csp_id=76, page_id=10000, browser=Firefox
Testing: csp_id=76, page_id=10100, browser=Firefox
Testing: csp_id=76, page_id=10200, browser=Firefox
Testing: csp_id=76, page_id=10300, browser=Firefox
Testing: csp_id=76, page_id=10400, browser=Firefox
Testing: csp_id=76, page_id=10500, browser=Firefox
Testing: csp_id=76, page_id=10600, browser=Firefox
Testing: csp_id=76, page_id=10700, browser=Firefox
Testing: csp_id=76, page_id=10800, browser=Firefox
Testing: csp_id=76, page_id=10900, browser=Firefox
Testing: csp_id=76, page_id=11000, browser=Firefox
Testing: csp_id=76, page_id=11100, browser=Firefox
Testing: csp_id=76, page_id=11200, browser=Firefox
Testing: csp_id=76, page_id=11300, browser=Firefox
Testing: csp_id=76, page_id=11400, browser=Firefox
Testing: csp_id=76, page_id=11500, browser=Firefox
Testing: csp_id=76, page_id=11600, browser=Firefox
Testing: csp_id=76, page_id=11700, browser=Firefox
Testing: csp_id=76, page_id=11800, browser=Firefox
Testing: csp_id=76, page_id=11900, browser=Firefox
Testing: csp_id=76, page_id=12000, browser=Firefox
Testing: csp_id=76, page_id=12100, browser=Firefox
Testing: csp_id=76, page_id=12200, browser=Firefox
Testing: csp_id=76, page_id=12300, browser=Firefox
Testing: csp_id=76, page_id=12400, browser=Firefox
Testing: csp_id=76, page_id=12500, browser=Firefox
Testing: csp_id=76, page_id=12600, browser=Firefox
Testing: csp_id=76, page_id=12700, browser=Firefox
Testing: csp_id=76, page_id=12800, browser=Firefox
Testing: csp_id=76, page_id=12900, browser=Firefox
Testing: csp_id=76, page_id=13000, browser=Firefox
Testing: csp_id=76, page_id=13100, browser=Firefox
Testing: csp_id=76, page_id=13200, browser=Firefox
Testing: csp_id=76, page_id=13300, browser=Firefox
Testing: csp_id=76, page_id=13400, browser=Firefox
Testing: csp_id=76, page_id=13500, browser=Firefox
Testing: csp_id=76, page_id=13600, browser=Firefox
Testing: csp_id=76, page_id=13700, browser=Firefox
Testing: csp_id=76, page_id=13800, browser=Firefox
Testing: csp_id=76, page_id=13900, browser=Firefox
Testing: csp_id=76, page_id=14000, browser=Firefox
Testing: csp_id=76, page_id=14100, browser=Firefox
Testing: csp_id=76, page_id=14200, browser=Firefox
Testing: csp_id=76, page_id=14300, browser=Firefox
Testing: csp_id=76, page_id=14400, browser=Firefox
Testing: csp_id=76, page_id=14500, browser=Firefox
Testing: csp_id=76, page_id=14600, browser=Firefox
Testing: csp_id=76, page_id=14700, browser=Firefox
Testing: csp_id=76, page_id=14800, browser=Firefox
Testing: csp_id=76, page_id=14900, browser=Firefox
Testing: csp_id=76, page_id=15000, browser=Firefox
Testing: csp_id=76, page_id=15100, browser=Firefox
Testing: csp_id=76, page_id=15200, browser=Firefox
Testing: csp_id=76, page_id=15300, browser=Firefox
Testing: csp_id=76, page_id=15400, browser=Firefox
Testing: csp_id=76, page_id=15500, browser=Firefox
Testing: csp_id=76, page_id=15600, browser=Firefox
Testing: csp_id=76, page_id=15700, browser=Firefox
Testing: csp_id=76, page_id=15800, browser=Firefox
Testing: csp_id=76, page_id=15900, browser=Firefox
Testing: csp_id=76, page_id=16000, browser=Firefox
Testing: csp_id=76, page_id=16100, browser=Firefox
Testing: csp_id=76, page_id=16200, browser=Firefox
Testing: csp_id=76, page_id=16300, browser=Firefox
Testing: csp_id=76, page_id=16400, browser=Firefox
Testing: csp_id=76, page_id=16500, browser=Firefox
Testing: csp_id=76, page_id=16600, browser=Firefox
Testing: csp_id=76, page_id=16700, browser=Firefox
Testing: csp_id=76, page_id=16800, browser=Firefox
Testing: csp_id=76, page_id=16900, browser=Firefox
Testing: csp_id=76, page_id=17000, browser=Firefox
Testing: csp_id=76, page_id=17100, browser=Firefox
Testing: csp_id=76, page_id=17200, browser=Firefox
Testing: csp_id=76, page_id=17300, browser=Firefox
Testing: csp_id=76, page_id=17400, browser=Firefox
Testing: csp_id=76, page_id=17500, browser=Firefox
Testing: csp_id=76, page_id=17600, browser=Firefox
Testing: csp_id=76, page_id=17700, browser=Firefox
Testing: csp_id=76, page_id=17800, browser=Firefox
Testing: csp_id=76, page_id=17900, browser=Firefox
Testing: csp_id=76, page_id=18000, browser=Firefox
Testing: csp_id=76, page_id=18100, browser=Firefox
Testing: csp_id=76, page_id=18200, browser=Firefox
Testing: csp_id=76, page_id=18300, browser=Firefox
Testing: csp_id=76, page_id=18400, browser=Firefox
Testing: csp_id=76, page_id=18500, browser=Firefox
Testing: csp_id=76, page_id=18600, browser=Firefox
Testing: csp_id=76, page_id=18700, browser=Firefox
Testing: csp_id=76, page_id=18800, browser=Firefox
Testing: csp_id=76, page_id=18900, browser=Firefox
Testing: csp_id=76, page_id=19000, browser=Firefox
Testing: csp_id=76, page_id=19100, browser=Firefox
Testing: csp_id=76, page_id=19200, browser=Firefox
Testing: csp_id=76, page_id=19300, browser=Firefox
Testing: csp_id=76, page_id=19400, browser=Firefox
Testing: csp_id=76, page_id=19500, browser=Firefox
Testing: csp_id=76, page_id=19600, browser=Firefox
Testing: csp_id=76, page_id=19700, browser=Firefox
Testing: csp_id=76, page_id=19800, browser=Firefox
Testing: csp_id=76, page_id=19900, browser=Firefox
Testing: csp_id=76, page_id=20000, browser=Firefox
Testing: csp_id=76, page_id=20100, browser=Firefox
Testing: csp_id=76, page_id=20200, browser=Firefox
Testing: csp_id=76, page_id=20300, browser=Firefox
Testing: csp_id=76, page_id=20400, browser=Firefox
Testing: csp_id=76, page_id=20500, browser=Firefox
Testing: csp_id=76, page_id=20600, browser=Firefox
Testing: csp_id=76, page_id=20700, browser=Firefox
Testing: csp_id=76, page_id=20800, browser=Firefox
Testing: csp_id=76, page_id=20900, browser=Firefox
Testing: csp_id=76, page_id=21000, browser=Firefox
Testing: csp_id=76, page_id=21100, browser=Firefox
Testing: csp_id=76, page_id=21200, browser=Firefox
Testing: csp_id=76, page_id=21300, browser=Firefox
Testing: csp_id=76, page_id=21400, browser=Firefox
Testing: csp_id=76, page_id=21500, browser=Firefox
Testing: csp_id=76, page_id=21600, browser=Firefox
Testing: csp_id=76, page_id=21700, browser=Firefox
Testing: csp_id=76, page_id=21800, browser=Firefox
Testing: csp_id=76, page_id=21900, browser=Firefox
Testing: csp_id=76, page_id=22000, browser=Firefox
Testing: csp_id=76, page_id=22100, browser=Firefox
Testing: csp_id=76, page_id=22200, browser=Firefox
Testing: csp_id=76, page_id=22300, browser=Firefox
Testing: csp_id=76, page_id=22400, browser=Firefox
Testing: csp_id=76, page_id=22500, browser=Firefox
Testing: csp_id=76, page_id=22600, browser=Firefox
Testing: csp_id=76, page_id=22700, browser=Firefox
Testing: csp_id=76, page_id=22800, browser=Firefox
Testing: csp_id=76, page_id=22900, browser=Firefox
Testing: csp_id=76, page_id=23000, browser=Firefox
Testing: csp_id=76, page_id=23100, browser=Firefox
Testing: csp_id=76, page_id=23200, browser=Firefox
Testing: csp_id=76, page_id=23300, browser=Firefox
Testing: csp_id=76, page_id=23400, browser=Firefox
Testing: csp_id=76, page_id=23500, browser=Firefox
Testing: csp_id=76, page_id=23600, browser=Firefox
Testing: csp_id=76, page_id=23700, browser=Firefox
Testing: csp_id=76, page_id=23800, browser=Firefox
Testing: csp_id=76, page_id=23900, browser=Firefox
Testing: csp_id=76, page_id=24000, browser=Firefox
Testing: csp_id=76, page_id=24100, browser=Firefox
Testing: csp_id=76, page_id=24200, browser=Firefox
Testing: csp_id=76, page_id=24300, browser=Firefox
Testing: csp_id=76, page_id=24400, browser=Firefox
Testing: csp_id=76, page_id=24500, browser=Firefox
Testing: csp_id=76, page_id=24600, browser=Firefox
Testing: csp_id=76, page_id=24700, browser=Firefox
Testing: csp_id=76, page_id=24800, browser=Firefox
Testing: csp_id=76, page_id=24900, browser=Firefox
Testing: csp_id=76, page_id=25000, browser=Firefox
Testing: csp_id=76, page_id=25100, browser=Firefox
Testing: csp_id=76, page_id=25200, browser=Firefox
Testing: csp_id=76, page_id=25300, browser=Firefox
Testing: csp_id=76, page_id=25400, browser=Firefox
Testing: csp_id=76, page_id=25500, browser=Firefox
Testing: csp_id=76, page_id=25600, browser=Firefox
Testing: csp_id=76, page_id=25700, browser=Firefox
Testing: csp_id=76, page_id=25800, browser=Firefox
Testing: csp_id=76, page_id=25900, browser=Firefox
Testing: csp_id=76, page_id=26000, browser=Firefox
Testing: csp_id=76, page_id=26100, browser=Firefox
Testing: csp_id=76, page_id=26200, browser=Firefox
Testing: csp_id=76, page_id=26300, browser=Firefox
Testing: csp_id=76, page_id=26400, browser=Firefox
Testing: csp_id=76, page_id=26500, browser=Firefox
Testing: csp_id=76, page_id=26600, browser=Firefox
Testing: csp_id=76, page_id=26700, browser=Firefox
Testing: csp_id=76, page_id=26800, browser=Firefox
Testing: csp_id=76, page_id=26900, browser=Firefox
Testing: csp_id=76, page_id=27000, browser=Firefox
Testing: csp_id=76, page_id=27100, browser=Firefox
Testing: csp_id=76, page_id=27200, browser=Firefox
Testing: csp_id=76, page_id=27300, browser=Firefox
Testing: csp_id=76, page_id=27400, browser=Firefox
Testing: csp_id=76, page_id=27500, browser=Firefox
Testing: csp_id=76, page_id=27600, browser=Firefox
Testing: csp_id=76, page_id=27700, browser=Firefox
Testing: csp_id=76, page_id=27800, browser=Firefox
Testing: csp_id=76, page_id=27900, browser=Firefox
Testing: csp_id=76, page_id=28000, browser=Firefox
Testing: csp_id=76, page_id=28100, browser=Firefox
Testing: csp_id=76, page_id=28200, browser=Firefox
Testing: csp_id=76, page_id=28300, browser=Firefox
Testing: csp_id=76, page_id=28400, browser=Firefox
Testing: csp_id=76, page_id=28500, browser=Firefox
Testing: csp_id=76, page_id=28600, browser=Firefox
Testing: csp_id=76, page_id=28700, browser=Firefox
Testing: csp_id=76, page_id=28800, browser=Firefox
Testing: csp_id=76, page_id=28900, browser=Firefox
Testing: csp_id=76, page_id=29000, browser=Firefox
Testing: csp_id=76, page_id=29100, browser=Firefox
Testing: csp_id=76, page_id=29200, browser=Firefox
Testing: csp_id=76, page_id=29300, browser=Firefox
Testing: csp_id=76, page_id=29400, browser=Firefox
Testing: csp_id=76, page_id=29500, browser=Firefox
Testing: csp_id=76, page_id=29600, browser=Firefox
Testing: csp_id=76, page_id=29700, browser=Firefox
Testing: csp_id=76, page_id=29800, browser=Firefox
🏊 create_context_pools[first] (5x16): 23.512s
Testing: csp_id=88, page_id=0, browser=Firefox
Testing: csp_id=88, page_id=100, browser=Firefox
Testing: csp_id=88, page_id=200, browser=Firefox
Testing: csp_id=88, page_id=300, browser=Firefox
Testing: csp_id=88, page_id=400, browser=Firefox
Testing: csp_id=88, page_id=500, browser=Firefox
Testing: csp_id=88, page_id=600, browser=Firefox
Testing: csp_id=88, page_id=700, browser=Firefox
Testing: csp_id=88, page_id=800, browser=Firefox
Testing: csp_id=88, page_id=900, browser=Firefox
Testing: csp_id=88, page_id=1000, browser=Firefox
Testing: csp_id=88, page_id=1100, browser=Firefox
Testing: csp_id=88, page_id=1200, browser=Firefox
Testing: csp_id=88, page_id=1300, browser=Firefox
Testing: csp_id=88, page_id=1400, browser=Firefox
Testing: csp_id=88, page_id=1500, browser=Firefox
Testing: csp_id=88, page_id=1600, browser=Firefox
Testing: csp_id=88, page_id=1700, browser=Firefox
Testing: csp_id=88, page_id=1800, browser=Firefox
Testing: csp_id=88, page_id=1900, browser=Firefox
Testing: csp_id=88, page_id=2000, browser=Firefox
Testing: csp_id=88, page_id=2100, browser=Firefox
Testing: csp_id=88, page_id=2200, browser=Firefox
Testing: csp_id=88, page_id=2300, browser=Firefox
Testing: csp_id=88, page_id=2400, browser=Firefox
Testing: csp_id=88, page_id=2500, browser=Firefox
Testing: csp_id=88, page_id=2600, browser=Firefox
Testing: csp_id=88, page_id=2700, browser=Firefox
Testing: csp_id=88, page_id=2800, browser=Firefox
Testing: csp_id=88, page_id=2900, browser=Firefox
Testing: csp_id=88, page_id=3000, browser=Firefox
Testing: csp_id=88, page_id=3100, browser=Firefox
Testing: csp_id=88, page_id=3200, browser=Firefox
Testing: csp_id=88, page_id=3300, browser=Firefox
Testing: csp_id=88, page_id=3400, browser=Firefox
Testing: csp_id=88, page_id=3500, browser=Firefox
Testing: csp_id=88, page_id=3600, browser=Firefox
Testing: csp_id=88, page_id=3700, browser=Firefox
Testing: csp_id=88, page_id=3800, browser=Firefox
Testing: csp_id=88, page_id=3900, browser=Firefox
Testing: csp_id=88, page_id=4000, browser=Firefox
Testing: csp_id=88, page_id=4100, browser=Firefox
Testing: csp_id=88, page_id=4200, browser=Firefox
Testing: csp_id=88, page_id=4300, browser=Firefox
Testing: csp_id=88, page_id=4400, browser=Firefox
Testing: csp_id=88, page_id=4500, browser=Firefox
Testing: csp_id=88, page_id=4600, browser=Firefox
Testing: csp_id=88, page_id=4700, browser=Firefox
Testing: csp_id=88, page_id=4800, browser=Firefox
Testing: csp_id=88, page_id=4900, browser=Firefox
Testing: csp_id=88, page_id=5000, browser=Firefox
Testing: csp_id=88, page_id=5100, browser=Firefox
Testing: csp_id=88, page_id=5200, browser=Firefox
Testing: csp_id=88, page_id=5300, browser=Firefox
Testing: csp_id=88, page_id=5400, browser=Firefox
Testing: csp_id=88, page_id=5500, browser=Firefox
Testing: csp_id=88, page_id=5600, browser=Firefox
Testing: csp_id=88, page_id=5700, browser=Firefox
Testing: csp_id=88, page_id=5800, browser=Firefox
Testing: csp_id=88, page_id=5900, browser=Firefox
Testing: csp_id=88, page_id=6000, browser=Firefox
Testing: csp_id=88, page_id=6100, browser=Firefox
Testing: csp_id=88, page_id=6200, browser=Firefox
Testing: csp_id=88, page_id=6300, browser=Firefox
Testing: csp_id=88, page_id=6400, browser=Firefox
Testing: csp_id=88, page_id=6500, browser=Firefox
Testing: csp_id=88, page_id=6600, browser=Firefox
Testing: csp_id=88, page_id=6700, browser=Firefox
Testing: csp_id=88, page_id=6800, browser=Firefox
Testing: csp_id=88, page_id=6900, browser=Firefox
Testing: csp_id=88, page_id=7000, browser=Firefox
Testing: csp_id=88, page_id=7100, browser=Firefox
Testing: csp_id=88, page_id=7200, browser=Firefox
Testing: csp_id=88, page_id=7300, browser=Firefox
Testing: csp_id=88, page_id=7400, browser=Firefox
Testing: csp_id=88, page_id=7500, browser=Firefox
Testing: csp_id=88, page_id=7600, browser=Firefox
Testing: csp_id=88, page_id=7700, browser=Firefox
Testing: csp_id=88, page_id=7800, browser=Firefox
Testing: csp_id=88, page_id=7900, browser=Firefox
Testing: csp_id=88, page_id=8000, browser=Firefox
Testing: csp_id=88, page_id=8100, browser=Firefox
Testing: csp_id=88, page_id=8200, browser=Firefox
Testing: csp_id=88, page_id=8300, browser=Firefox
Testing: csp_id=88, page_id=8400, browser=Firefox
Testing: csp_id=88, page_id=8500, browser=Firefox
Testing: csp_id=88, page_id=8600, browser=Firefox
Testing: csp_id=88, page_id=8700, browser=Firefox
Testing: csp_id=88, page_id=8800, browser=Firefox
Testing: csp_id=88, page_id=8900, browser=Firefox
Testing: csp_id=88, page_id=9000, browser=Firefox
Testing: csp_id=88, page_id=9100, browser=Firefox
Testing: csp_id=88, page_id=9200, browser=Firefox
Testing: csp_id=88, page_id=9300, browser=Firefox
Testing: csp_id=88, page_id=9400, browser=Firefox
Testing: csp_id=88, page_id=9500, browser=Firefox
Testing: csp_id=88, page_id=9600, browser=Firefox
Testing: csp_id=88, page_id=9700, browser=Firefox
Testing: csp_id=88, page_id=9800, browser=Firefox
Testing: csp_id=88, page_id=9900, browser=Firefox
Testing: csp_id=88, page_id=10000, browser=Firefox
Testing: csp_id=88, page_id=10100, browser=Firefox
Testing: csp_id=88, page_id=10200, browser=Firefox
Testing: csp_id=88, page_id=10300, browser=Firefox
Testing: csp_id=88, page_id=10400, browser=Firefox
Testing: csp_id=88, page_id=10500, browser=Firefox
Testing: csp_id=88, page_id=10600, browser=Firefox
Testing: csp_id=88, page_id=10700, browser=Firefox
Testing: csp_id=88, page_id=10800, browser=Firefox
Testing: csp_id=88, page_id=10900, browser=Firefox
Testing: csp_id=88, page_id=11000, browser=Firefox
Testing: csp_id=88, page_id=11100, browser=Firefox
Testing: csp_id=88, page_id=11200, browser=Firefox
Testing: csp_id=88, page_id=11300, browser=Firefox
Testing: csp_id=88, page_id=11400, browser=Firefox
Testing: csp_id=88, page_id=11500, browser=Firefox
Testing: csp_id=88, page_id=11600, browser=Firefox
Testing: csp_id=88, page_id=11700, browser=Firefox
Testing: csp_id=88, page_id=11800, browser=Firefox
Testing: csp_id=88, page_id=11900, browser=Firefox
Testing: csp_id=88, page_id=12000, browser=Firefox
Testing: csp_id=88, page_id=12100, browser=Firefox
Testing: csp_id=88, page_id=12200, browser=Firefox
Testing: csp_id=88, page_id=12300, browser=Firefox
Testing: csp_id=88, page_id=12400, browser=Firefox
Testing: csp_id=88, page_id=12500, browser=Firefox
Testing: csp_id=88, page_id=12600, browser=Firefox
Testing: csp_id=88, page_id=12700, browser=Firefox
Testing: csp_id=88, page_id=12800, browser=Firefox
Testing: csp_id=88, page_id=12900, browser=Firefox
Testing: csp_id=88, page_id=13000, browser=Firefox
Testing: csp_id=88, page_id=13100, browser=Firefox
Testing: csp_id=88, page_id=13200, browser=Firefox
Testing: csp_id=88, page_id=13300, browser=Firefox
Testing: csp_id=88, page_id=13400, browser=Firefox
Testing: csp_id=88, page_id=13500, browser=Firefox
Testing: csp_id=88, page_id=13600, browser=Firefox
Testing: csp_id=88, page_id=13700, browser=Firefox
Testing: csp_id=88, page_id=13800, browser=Firefox
Testing: csp_id=88, page_id=13900, browser=Firefox
Testing: csp_id=88, page_id=14000, browser=Firefox
Testing: csp_id=88, page_id=14100, browser=Firefox
Testing: csp_id=88, page_id=14200, browser=Firefox
Testing: csp_id=88, page_id=14300, browser=Firefox
Testing: csp_id=88, page_id=14400, browser=Firefox
Testing: csp_id=88, page_id=14500, browser=Firefox
Testing: csp_id=88, page_id=14600, browser=Firefox
Testing: csp_id=88, page_id=14700, browser=Firefox
Testing: csp_id=88, page_id=14800, browser=Firefox
Testing: csp_id=88, page_id=14900, browser=Firefox
Testing: csp_id=88, page_id=15000, browser=Firefox
Testing: csp_id=88, page_id=15100, browser=Firefox
Testing: csp_id=88, page_id=15200, browser=Firefox
Testing: csp_id=88, page_id=15300, browser=Firefox
Testing: csp_id=88, page_id=15400, browser=Firefox
Testing: csp_id=88, page_id=15500, browser=Firefox
Testing: csp_id=88, page_id=15600, browser=Firefox
Testing: csp_id=88, page_id=15700, browser=Firefox
Testing: csp_id=88, page_id=15800, browser=Firefox
Testing: csp_id=88, page_id=15900, browser=Firefox
Testing: csp_id=88, page_id=16000, browser=Firefox
Testing: csp_id=88, page_id=16100, browser=Firefox
Testing: csp_id=88, page_id=16200, browser=Firefox
Testing: csp_id=88, page_id=16300, browser=Firefox
Testing: csp_id=88, page_id=16400, browser=Firefox
Testing: csp_id=88, page_id=16500, browser=Firefox
Testing: csp_id=88, page_id=16600, browser=Firefox
Testing: csp_id=88, page_id=16700, browser=Firefox
Testing: csp_id=88, page_id=16800, browser=Firefox
Testing: csp_id=88, page_id=16900, browser=Firefox
Testing: csp_id=88, page_id=17000, browser=Firefox
Testing: csp_id=88, page_id=17100, browser=Firefox
Testing: csp_id=88, page_id=17200, browser=Firefox
Testing: csp_id=88, page_id=17300, browser=Firefox
Testing: csp_id=88, page_id=17400, browser=Firefox
Testing: csp_id=88, page_id=17500, browser=Firefox
Testing: csp_id=88, page_id=17600, browser=Firefox
Testing: csp_id=88, page_id=17700, browser=Firefox
Testing: csp_id=88, page_id=17800, browser=Firefox
Testing: csp_id=88, page_id=17900, browser=Firefox
Testing: csp_id=88, page_id=18000, browser=Firefox
Testing: csp_id=88, page_id=18100, browser=Firefox
Testing: csp_id=88, page_id=18200, browser=Firefox
Testing: csp_id=88, page_id=18300, browser=Firefox
Testing: csp_id=88, page_id=18400, browser=Firefox
Testing: csp_id=88, page_id=18500, browser=Firefox
Testing: csp_id=88, page_id=18600, browser=Firefox
Testing: csp_id=88, page_id=18700, browser=Firefox
Testing: csp_id=88, page_id=18800, browser=Firefox
Testing: csp_id=88, page_id=18900, browser=Firefox
Testing: csp_id=88, page_id=19000, browser=Firefox
Testing: csp_id=88, page_id=19100, browser=Firefox
Testing: csp_id=88, page_id=19200, browser=Firefox
Testing: csp_id=88, page_id=19300, browser=Firefox
Testing: csp_id=88, page_id=19400, browser=Firefox
Testing: csp_id=88, page_id=19500, browser=Firefox
Testing: csp_id=88, page_id=19600, browser=Firefox
Testing: csp_id=88, page_id=19700, browser=Firefox
Testing: csp_id=88, page_id=19800, browser=Firefox
Testing: csp_id=88, page_id=19900, browser=Firefox
Testing: csp_id=88, page_id=20000, browser=Firefox
Testing: csp_id=88, page_id=20100, browser=Firefox
Testing: csp_id=88, page_id=20200, browser=Firefox
Testing: csp_id=88, page_id=20300, browser=Firefox
Testing: csp_id=88, page_id=20400, browser=Firefox
Testing: csp_id=88, page_id=20500, browser=Firefox
Testing: csp_id=88, page_id=20600, browser=Firefox
Testing: csp_id=88, page_id=20700, browser=Firefox
Testing: csp_id=88, page_id=20800, browser=Firefox
Testing: csp_id=88, page_id=20900, browser=Firefox
Testing: csp_id=88, page_id=21000, browser=Firefox
Testing: csp_id=88, page_id=21100, browser=Firefox
Testing: csp_id=88, page_id=21200, browser=Firefox
Testing: csp_id=88, page_id=21300, browser=Firefox
Testing: csp_id=88, page_id=21400, browser=Firefox
Testing: csp_id=88, page_id=21500, browser=Firefox
Testing: csp_id=88, page_id=21600, browser=Firefox
Testing: csp_id=88, page_id=21700, browser=Firefox
Testing: csp_id=88, page_id=21800, browser=Firefox
Testing: csp_id=88, page_id=21900, browser=Firefox
Testing: csp_id=88, page_id=22000, browser=Firefox
Testing: csp_id=88, page_id=22100, browser=Firefox
Testing: csp_id=88, page_id=22200, browser=Firefox
Testing: csp_id=88, page_id=22300, browser=Firefox
Testing: csp_id=88, page_id=22400, browser=Firefox
Testing: csp_id=88, page_id=22500, browser=Firefox
Testing: csp_id=88, page_id=22600, browser=Firefox
Testing: csp_id=88, page_id=22700, browser=Firefox
Testing: csp_id=88, page_id=22800, browser=Firefox
Testing: csp_id=88, page_id=22900, browser=Firefox
Testing: csp_id=88, page_id=23000, browser=Firefox
Testing: csp_id=88, page_id=23100, browser=Firefox
Testing: csp_id=88, page_id=23200, browser=Firefox
Testing: csp_id=88, page_id=23300, browser=Firefox
Testing: csp_id=88, page_id=23400, browser=Firefox
Testing: csp_id=88, page_id=23500, browser=Firefox
Testing: csp_id=88, page_id=23600, browser=Firefox
Testing: csp_id=88, page_id=23700, browser=Firefox
Testing: csp_id=88, page_id=23800, browser=Firefox
Testing: csp_id=88, page_id=23900, browser=Firefox
Testing: csp_id=88, page_id=24000, browser=Firefox
Testing: csp_id=88, page_id=24100, browser=Firefox
Testing: csp_id=88, page_id=24200, browser=Firefox
Testing: csp_id=88, page_id=24300, browser=Firefox
Testing: csp_id=88, page_id=24400, browser=Firefox
Testing: csp_id=88, page_id=24500, browser=Firefox
Testing: csp_id=88, page_id=24600, browser=Firefox
Testing: csp_id=88, page_id=24700, browser=Firefox
Testing: csp_id=88, page_id=24800, browser=Firefox
Testing: csp_id=88, page_id=24900, browser=Firefox
Testing: csp_id=88, page_id=25000, browser=Firefox
Testing: csp_id=88, page_id=25100, browser=Firefox
Testing: csp_id=88, page_id=25200, browser=Firefox
Testing: csp_id=88, page_id=25300, browser=Firefox
Testing: csp_id=88, page_id=25400, browser=Firefox
Testing: csp_id=88, page_id=25500, browser=Firefox
Testing: csp_id=88, page_id=25600, browser=Firefox
Testing: csp_id=88, page_id=25700, browser=Firefox
Testing: csp_id=88, page_id=25800, browser=Firefox
Testing: csp_id=88, page_id=25900, browser=Firefox
Testing: csp_id=88, page_id=26000, browser=Firefox
Testing: csp_id=88, page_id=26100, browser=Firefox
Testing: csp_id=88, page_id=26200, browser=Firefox
Testing: csp_id=88, page_id=26300, browser=Firefox
Testing: csp_id=88, page_id=26400, browser=Firefox
Testing: csp_id=88, page_id=26500, browser=Firefox
Testing: csp_id=88, page_id=26600, browser=Firefox
Testing: csp_id=88, page_id=26700, browser=Firefox
Testing: csp_id=88, page_id=26800, browser=Firefox
Testing: csp_id=88, page_id=26900, browser=Firefox
Testing: csp_id=88, page_id=27000, browser=Firefox
Testing: csp_id=88, page_id=27100, browser=Firefox
Testing: csp_id=88, page_id=27200, browser=Firefox
Testing: csp_id=88, page_id=27300, browser=Firefox
Testing: csp_id=88, page_id=27400, browser=Firefox
Testing: csp_id=88, page_id=27500, browser=Firefox
Testing: csp_id=88, page_id=27600, browser=Firefox
Testing: csp_id=88, page_id=27700, browser=Firefox
Testing: csp_id=88, page_id=27800, browser=Firefox
Testing: csp_id=88, page_id=27900, browser=Firefox
Testing: csp_id=88, page_id=28000, browser=Firefox
Testing: csp_id=88, page_id=28100, browser=Firefox
Testing: csp_id=88, page_id=28200, browser=Firefox
Testing: csp_id=88, page_id=28300, browser=Firefox
Testing: csp_id=88, page_id=28400, browser=Firefox
Testing: csp_id=88, page_id=28500, browser=Firefox
Testing: csp_id=88, page_id=28600, browser=Firefox
Testing: csp_id=88, page_id=28700, browser=Firefox
Testing: csp_id=88, page_id=28800, browser=Firefox
Testing: csp_id=88, page_id=28900, browser=Firefox
Testing: csp_id=88, page_id=29000, browser=Firefox
Testing: csp_id=88, page_id=29100, browser=Firefox
Testing: csp_id=88, page_id=29200, browser=Firefox
Testing: csp_id=88, page_id=29300, browser=Firefox
Testing: csp_id=88, page_id=29400, browser=Firefox
Testing: csp_id=88, page_id=29500, browser=Firefox
Testing: csp_id=88, page_id=29600, browser=Firefox
Testing: csp_id=88, page_id=29700, browser=Firefox
Testing: csp_id=88, page_id=29800, browser=Firefox
🏊 create_context_pools[first] (5x16): 34.965s
Testing: csp_id=101, page_id=0, browser=Firefox
Testing: csp_id=101, page_id=100, browser=Firefox
Testing: csp_id=101, page_id=200, browser=Firefox
Testing: csp_id=101, page_id=300, browser=Firefox
Testing: csp_id=101, page_id=400, browser=Firefox
Testing: csp_id=101, page_id=500, browser=Firefox
Testing: csp_id=101, page_id=600, browser=Firefox
Testing: csp_id=101, page_id=700, browser=Firefox
Testing: csp_id=101, page_id=800, browser=Firefox
Testing: csp_id=101, page_id=900, browser=Firefox
Testing: csp_id=101, page_id=1000, browser=Firefox
Testing: csp_id=101, page_id=1100, browser=Firefox
Testing: csp_id=101, page_id=1200, browser=Firefox
Testing: csp_id=101, page_id=1300, browser=Firefox
Testing: csp_id=101, page_id=1400, browser=Firefox
Testing: csp_id=101, page_id=1500, browser=Firefox
Testing: csp_id=101, page_id=1600, browser=Firefox
Testing: csp_id=101, page_id=1700, browser=Firefox
Testing: csp_id=101, page_id=1800, browser=Firefox
Testing: csp_id=101, page_id=1900, browser=Firefox
Testing: csp_id=101, page_id=2000, browser=Firefox
Testing: csp_id=101, page_id=2100, browser=Firefox
Testing: csp_id=101, page_id=2200, browser=Firefox
Testing: csp_id=101, page_id=2300, browser=Firefox
Testing: csp_id=101, page_id=2400, browser=Firefox
Testing: csp_id=101, page_id=2500, browser=Firefox
Testing: csp_id=101, page_id=2600, browser=Firefox
Testing: csp_id=101, page_id=2700, browser=Firefox
Testing: csp_id=101, page_id=2800, browser=Firefox
Testing: csp_id=101, page_id=2900, browser=Firefox
Testing: csp_id=101, page_id=3000, browser=Firefox
Testing: csp_id=101, page_id=3100, browser=Firefox
Testing: csp_id=101, page_id=3200, browser=Firefox
Testing: csp_id=101, page_id=3300, browser=Firefox
Testing: csp_id=101, page_id=3400, browser=Firefox
Testing: csp_id=101, page_id=3500, browser=Firefox
Testing: csp_id=101, page_id=3600, browser=Firefox
Testing: csp_id=101, page_id=3700, browser=Firefox
Testing: csp_id=101, page_id=3800, browser=Firefox
Testing: csp_id=101, page_id=3900, browser=Firefox
Testing: csp_id=101, page_id=4000, browser=Firefox
Testing: csp_id=101, page_id=4100, browser=Firefox
Testing: csp_id=101, page_id=4200, browser=Firefox
Testing: csp_id=101, page_id=4300, browser=Firefox
Testing: csp_id=101, page_id=4400, browser=Firefox
Testing: csp_id=101, page_id=4500, browser=Firefox
Testing: csp_id=101, page_id=4600, browser=Firefox
Testing: csp_id=101, page_id=4700, browser=Firefox
Testing: csp_id=101, page_id=4800, browser=Firefox
Testing: csp_id=101, page_id=4900, browser=Firefox
Testing: csp_id=101, page_id=5000, browser=Firefox
Testing: csp_id=101, page_id=5100, browser=Firefox
Testing: csp_id=101, page_id=5200, browser=Firefox
Testing: csp_id=101, page_id=5300, browser=Firefox
Testing: csp_id=101, page_id=5400, browser=Firefox
Testing: csp_id=101, page_id=5500, browser=Firefox
Testing: csp_id=101, page_id=5600, browser=Firefox
Testing: csp_id=101, page_id=5700, browser=Firefox
Testing: csp_id=101, page_id=5800, browser=Firefox
Testing: csp_id=101, page_id=5900, browser=Firefox
Testing: csp_id=101, page_id=6000, browser=Firefox
Testing: csp_id=101, page_id=6100, browser=Firefox
Testing: csp_id=101, page_id=6200, browser=Firefox
Testing: csp_id=101, page_id=6300, browser=Firefox
Testing: csp_id=101, page_id=6400, browser=Firefox
Testing: csp_id=101, page_id=6500, browser=Firefox
Testing: csp_id=101, page_id=6600, browser=Firefox
Testing: csp_id=101, page_id=6700, browser=Firefox
Testing: csp_id=101, page_id=6800, browser=Firefox
Testing: csp_id=101, page_id=6900, browser=Firefox
Testing: csp_id=101, page_id=7000, browser=Firefox
Testing: csp_id=101, page_id=7100, browser=Firefox
Testing: csp_id=101, page_id=7200, browser=Firefox
Testing: csp_id=101, page_id=7300, browser=Firefox
Testing: csp_id=101, page_id=7400, browser=Firefox
Testing: csp_id=101, page_id=7500, browser=Firefox
Testing: csp_id=101, page_id=7600, browser=Firefox
Testing: csp_id=101, page_id=7700, browser=Firefox
Testing: csp_id=101, page_id=7800, browser=Firefox
Testing: csp_id=101, page_id=7900, browser=Firefox
Testing: csp_id=101, page_id=8000, browser=Firefox
Testing: csp_id=101, page_id=8100, browser=Firefox
Testing: csp_id=101, page_id=8200, browser=Firefox
Testing: csp_id=101, page_id=8300, browser=Firefox
Testing: csp_id=101, page_id=8400, browser=Firefox
Testing: csp_id=101, page_id=8500, browser=Firefox
Testing: csp_id=101, page_id=8600, browser=Firefox
Testing: csp_id=101, page_id=8700, browser=Firefox
Testing: csp_id=101, page_id=8800, browser=Firefox
Testing: csp_id=101, page_id=8900, browser=Firefox
Testing: csp_id=101, page_id=9000, browser=Firefox
Testing: csp_id=101, page_id=9100, browser=Firefox
Testing: csp_id=101, page_id=9200, browser=Firefox
Testing: csp_id=101, page_id=9300, browser=Firefox
Testing: csp_id=101, page_id=9400, browser=Firefox
Testing: csp_id=101, page_id=9500, browser=Firefox
Testing: csp_id=101, page_id=9600, browser=Firefox
Testing: csp_id=101, page_id=9700, browser=Firefox
Testing: csp_id=101, page_id=9800, browser=Firefox
Testing: csp_id=101, page_id=9900, browser=Firefox
Testing: csp_id=101, page_id=10000, browser=Firefox
Testing: csp_id=101, page_id=10100, browser=Firefox
Testing: csp_id=101, page_id=10200, browser=Firefox
Testing: csp_id=101, page_id=10300, browser=Firefox
Testing: csp_id=101, page_id=10400, browser=Firefox
Testing: csp_id=101, page_id=10500, browser=Firefox
Testing: csp_id=101, page_id=10600, browser=Firefox
Testing: csp_id=101, page_id=10700, browser=Firefox
Testing: csp_id=101, page_id=10800, browser=Firefox
Testing: csp_id=101, page_id=10900, browser=Firefox
Testing: csp_id=101, page_id=11000, browser=Firefox
Testing: csp_id=101, page_id=11100, browser=Firefox
Testing: csp_id=101, page_id=11200, browser=Firefox
Testing: csp_id=101, page_id=11300, browser=Firefox
Testing: csp_id=101, page_id=11400, browser=Firefox
Testing: csp_id=101, page_id=11500, browser=Firefox
Testing: csp_id=101, page_id=11600, browser=Firefox
Testing: csp_id=101, page_id=11700, browser=Firefox
Testing: csp_id=101, page_id=11800, browser=Firefox
Testing: csp_id=101, page_id=11900, browser=Firefox
Testing: csp_id=101, page_id=12000, browser=Firefox
Testing: csp_id=101, page_id=12100, browser=Firefox
Testing: csp_id=101, page_id=12200, browser=Firefox
Testing: csp_id=101, page_id=12300, browser=Firefox
Testing: csp_id=101, page_id=12400, browser=Firefox
Testing: csp_id=101, page_id=12500, browser=Firefox
Testing: csp_id=101, page_id=12600, browser=Firefox
Testing: csp_id=101, page_id=12700, browser=Firefox
Testing: csp_id=101, page_id=12800, browser=Firefox
Testing: csp_id=101, page_id=12900, browser=Firefox
Testing: csp_id=101, page_id=13000, browser=Firefox
Testing: csp_id=101, page_id=13100, browser=Firefox
Testing: csp_id=101, page_id=13200, browser=Firefox
Testing: csp_id=101, page_id=13300, browser=Firefox
Testing: csp_id=101, page_id=13400, browser=Firefox
Testing: csp_id=101, page_id=13500, browser=Firefox
Testing: csp_id=101, page_id=13600, browser=Firefox
Testing: csp_id=101, page_id=13700, browser=Firefox
Testing: csp_id=101, page_id=13800, browser=Firefox
Testing: csp_id=101, page_id=13900, browser=Firefox
Testing: csp_id=101, page_id=14000, browser=Firefox
Testing: csp_id=101, page_id=14100, browser=Firefox
Testing: csp_id=101, page_id=14200, browser=Firefox
Testing: csp_id=101, page_id=14300, browser=Firefox
Testing: csp_id=101, page_id=14400, browser=Firefox
Testing: csp_id=101, page_id=14500, browser=Firefox
Testing: csp_id=101, page_id=14600, browser=Firefox
Testing: csp_id=101, page_id=14700, browser=Firefox
Testing: csp_id=101, page_id=14800, browser=Firefox
Testing: csp_id=101, page_id=14900, browser=Firefox
Testing: csp_id=101, page_id=15000, browser=Firefox
Testing: csp_id=101, page_id=15100, browser=Firefox
Testing: csp_id=101, page_id=15200, browser=Firefox
Testing: csp_id=101, page_id=15300, browser=Firefox
Testing: csp_id=101, page_id=15400, browser=Firefox
Testing: csp_id=101, page_id=15500, browser=Firefox
Testing: csp_id=101, page_id=15600, browser=Firefox
Testing: csp_id=101, page_id=15700, browser=Firefox
Testing: csp_id=101, page_id=15800, browser=Firefox
Testing: csp_id=101, page_id=15900, browser=Firefox
Testing: csp_id=101, page_id=16000, browser=Firefox
Testing: csp_id=101, page_id=16100, browser=Firefox
Testing: csp_id=101, page_id=16200, browser=Firefox
Testing: csp_id=101, page_id=16300, browser=Firefox
Testing: csp_id=101, page_id=16400, browser=Firefox
Testing: csp_id=101, page_id=16500, browser=Firefox
Testing: csp_id=101, page_id=16600, browser=Firefox
Testing: csp_id=101, page_id=16700, browser=Firefox
Testing: csp_id=101, page_id=16800, browser=Firefox
Testing: csp_id=101, page_id=16900, browser=Firefox
Testing: csp_id=101, page_id=17000, browser=Firefox
Testing: csp_id=101, page_id=17100, browser=Firefox
Testing: csp_id=101, page_id=17200, browser=Firefox
Testing: csp_id=101, page_id=17300, browser=Firefox
Testing: csp_id=101, page_id=17400, browser=Firefox
Testing: csp_id=101, page_id=17500, browser=Firefox
Testing: csp_id=101, page_id=17600, browser=Firefox
Testing: csp_id=101, page_id=17700, browser=Firefox
Testing: csp_id=101, page_id=17800, browser=Firefox
Testing: csp_id=101, page_id=17900, browser=Firefox
Testing: csp_id=101, page_id=18000, browser=Firefox
Testing: csp_id=101, page_id=18100, browser=Firefox
Testing: csp_id=101, page_id=18200, browser=Firefox
Testing: csp_id=101, page_id=18300, browser=Firefox
Testing: csp_id=101, page_id=18400, browser=Firefox
Testing: csp_id=101, page_id=18500, browser=Firefox
Testing: csp_id=101, page_id=18600, browser=Firefox
Testing: csp_id=101, page_id=18700, browser=Firefox
Testing: csp_id=101, page_id=18800, browser=Firefox
Testing: csp_id=101, page_id=18900, browser=Firefox
Testing: csp_id=101, page_id=19000, browser=Firefox
Testing: csp_id=101, page_id=19100, browser=Firefox
Testing: csp_id=101, page_id=19200, browser=Firefox
Testing: csp_id=101, page_id=19300, browser=Firefox
Testing: csp_id=101, page_id=19400, browser=Firefox
Testing: csp_id=101, page_id=19500, browser=Firefox
Testing: csp_id=101, page_id=19600, browser=Firefox
Testing: csp_id=101, page_id=19700, browser=Firefox
Testing: csp_id=101, page_id=19800, browser=Firefox
Testing: csp_id=101, page_id=19900, browser=Firefox
Testing: csp_id=101, page_id=20000, browser=Firefox
Testing: csp_id=101, page_id=20100, browser=Firefox
Testing: csp_id=101, page_id=20200, browser=Firefox
Testing: csp_id=101, page_id=20300, browser=Firefox
Testing: csp_id=101, page_id=20400, browser=Firefox
Testing: csp_id=101, page_id=20500, browser=Firefox
Testing: csp_id=101, page_id=20600, browser=Firefox
Testing: csp_id=101, page_id=20700, browser=Firefox
Testing: csp_id=101, page_id=20800, browser=Firefox
Testing: csp_id=101, page_id=20900, browser=Firefox
Testing: csp_id=101, page_id=21000, browser=Firefox
Testing: csp_id=101, page_id=21100, browser=Firefox
Testing: csp_id=101, page_id=21200, browser=Firefox
Testing: csp_id=101, page_id=21300, browser=Firefox
Testing: csp_id=101, page_id=21400, browser=Firefox
Testing: csp_id=101, page_id=21500, browser=Firefox
Testing: csp_id=101, page_id=21600, browser=Firefox
Testing: csp_id=101, page_id=21700, browser=Firefox
Testing: csp_id=101, page_id=21800, browser=Firefox
Testing: csp_id=101, page_id=21900, browser=Firefox
Testing: csp_id=101, page_id=22000, browser=Firefox
Testing: csp_id=101, page_id=22100, browser=Firefox
Testing: csp_id=101, page_id=22200, browser=Firefox
Testing: csp_id=101, page_id=22300, browser=Firefox
Testing: csp_id=101, page_id=22400, browser=Firefox
Testing: csp_id=101, page_id=22500, browser=Firefox
Testing: csp_id=101, page_id=22600, browser=Firefox
Testing: csp_id=101, page_id=22700, browser=Firefox
Testing: csp_id=101, page_id=22800, browser=Firefox
Testing: csp_id=101, page_id=22900, browser=Firefox
Testing: csp_id=101, page_id=23000, browser=Firefox
Testing: csp_id=101, page_id=23100, browser=Firefox
Testing: csp_id=101, page_id=23200, browser=Firefox
Testing: csp_id=101, page_id=23300, browser=Firefox
Testing: csp_id=101, page_id=23400, browser=Firefox
Testing: csp_id=101, page_id=23500, browser=Firefox
Testing: csp_id=101, page_id=23600, browser=Firefox
Testing: csp_id=101, page_id=23700, browser=Firefox
Testing: csp_id=101, page_id=23800, browser=Firefox
Testing: csp_id=101, page_id=23900, browser=Firefox
Testing: csp_id=101, page_id=24000, browser=Firefox
Testing: csp_id=101, page_id=24100, browser=Firefox
Testing: csp_id=101, page_id=24200, browser=Firefox
Testing: csp_id=101, page_id=24300, browser=Firefox
Testing: csp_id=101, page_id=24400, browser=Firefox
Testing: csp_id=101, page_id=24500, browser=Firefox
Testing: csp_id=101, page_id=24600, browser=Firefox
Testing: csp_id=101, page_id=24700, browser=Firefox
Testing: csp_id=101, page_id=24800, browser=Firefox
Testing: csp_id=101, page_id=24900, browser=Firefox
Testing: csp_id=101, page_id=25000, browser=Firefox
Testing: csp_id=101, page_id=25100, browser=Firefox
Testing: csp_id=101, page_id=25200, browser=Firefox
Testing: csp_id=101, page_id=25300, browser=Firefox
Testing: csp_id=101, page_id=25400, browser=Firefox
Testing: csp_id=101, page_id=25500, browser=Firefox
Testing: csp_id=101, page_id=25600, browser=Firefox
Testing: csp_id=101, page_id=25700, browser=Firefox
Testing: csp_id=101, page_id=25800, browser=Firefox
Testing: csp_id=101, page_id=25900, browser=Firefox
Testing: csp_id=101, page_id=26000, browser=Firefox
Testing: csp_id=101, page_id=26100, browser=Firefox
Testing: csp_id=101, page_id=26200, browser=Firefox
Testing: csp_id=101, page_id=26300, browser=Firefox
Testing: csp_id=101, page_id=26400, browser=Firefox
Testing: csp_id=101, page_id=26500, browser=Firefox
Testing: csp_id=101, page_id=26600, browser=Firefox
Testing: csp_id=101, page_id=26700, browser=Firefox
Testing: csp_id=101, page_id=26800, browser=Firefox
Testing: csp_id=101, page_id=26900, browser=Firefox
Testing: csp_id=101, page_id=27000, browser=Firefox
Testing: csp_id=101, page_id=27100, browser=Firefox
Testing: csp_id=101, page_id=27200, browser=Firefox
Testing: csp_id=101, page_id=27300, browser=Firefox
Testing: csp_id=101, page_id=27400, browser=Firefox
Testing: csp_id=101, page_id=27500, browser=Firefox
Testing: csp_id=101, page_id=27600, browser=Firefox
Testing: csp_id=101, page_id=27700, browser=Firefox
Testing: csp_id=101, page_id=27800, browser=Firefox
Testing: csp_id=101, page_id=27900, browser=Firefox
Testing: csp_id=101, page_id=28000, browser=Firefox
Testing: csp_id=101, page_id=28100, browser=Firefox
Testing: csp_id=101, page_id=28200, browser=Firefox
Testing: csp_id=101, page_id=28300, browser=Firefox
Testing: csp_id=101, page_id=28400, browser=Firefox
Testing: csp_id=101, page_id=28500, browser=Firefox
Testing: csp_id=101, page_id=28600, browser=Firefox
Testing: csp_id=101, page_id=28700, browser=Firefox
Testing: csp_id=101, page_id=28800, browser=Firefox
Testing: csp_id=101, page_id=28900, browser=Firefox
Testing: csp_id=101, page_id=29000, browser=Firefox
Testing: csp_id=101, page_id=29100, browser=Firefox
Testing: csp_id=101, page_id=29200, browser=Firefox
Testing: csp_id=101, page_id=29300, browser=Firefox
Testing: csp_id=101, page_id=29400, browser=Firefox
Testing: csp_id=101, page_id=29500, browser=Firefox
Testing: csp_id=101, page_id=29600, browser=Firefox
Testing: csp_id=101, page_id=29700, browser=Firefox
Testing: csp_id=101, page_id=29800, browser=Firefox
🏊 create_context_pools[first] (5x16): 28.792s
Testing: csp_id=112, page_id=0, browser=Firefox
Testing: csp_id=112, page_id=100, browser=Firefox
Testing: csp_id=112, page_id=200, browser=Firefox
Testing: csp_id=112, page_id=300, browser=Firefox
Testing: csp_id=112, page_id=400, browser=Firefox
Testing: csp_id=112, page_id=500, browser=Firefox
Testing: csp_id=112, page_id=600, browser=Firefox
Testing: csp_id=112, page_id=700, browser=Firefox
Testing: csp_id=112, page_id=800, browser=Firefox
Testing: csp_id=112, page_id=900, browser=Firefox
Testing: csp_id=112, page_id=1000, browser=Firefox
Testing: csp_id=112, page_id=1100, browser=Firefox
Testing: csp_id=112, page_id=1200, browser=Firefox
Testing: csp_id=112, page_id=1300, browser=Firefox
Testing: csp_id=112, page_id=1400, browser=Firefox
Testing: csp_id=112, page_id=1500, browser=Firefox
Testing: csp_id=112, page_id=1600, browser=Firefox
Testing: csp_id=112, page_id=1700, browser=Firefox
Testing: csp_id=112, page_id=1800, browser=Firefox
Testing: csp_id=112, page_id=1900, browser=Firefox
Testing: csp_id=112, page_id=2000, browser=Firefox
Testing: csp_id=112, page_id=2100, browser=Firefox
Testing: csp_id=112, page_id=2200, browser=Firefox
Testing: csp_id=112, page_id=2300, browser=Firefox
Testing: csp_id=112, page_id=2400, browser=Firefox
Testing: csp_id=112, page_id=2500, browser=Firefox
Testing: csp_id=112, page_id=2600, browser=Firefox
Testing: csp_id=112, page_id=2700, browser=Firefox
Testing: csp_id=112, page_id=2800, browser=Firefox
Testing: csp_id=112, page_id=2900, browser=Firefox
Testing: csp_id=112, page_id=3000, browser=Firefox
Testing: csp_id=112, page_id=3100, browser=Firefox
Testing: csp_id=112, page_id=3200, browser=Firefox
Testing: csp_id=112, page_id=3300, browser=Firefox
Testing: csp_id=112, page_id=3400, browser=Firefox
Testing: csp_id=112, page_id=3500, browser=Firefox
Testing: csp_id=112, page_id=3600, browser=Firefox
Testing: csp_id=112, page_id=3700, browser=Firefox
Testing: csp_id=112, page_id=3800, browser=Firefox
Testing: csp_id=112, page_id=3900, browser=Firefox
Testing: csp_id=112, page_id=4000, browser=Firefox
Testing: csp_id=112, page_id=4100, browser=Firefox
Testing: csp_id=112, page_id=4200, browser=Firefox
Testing: csp_id=112, page_id=4300, browser=Firefox
Testing: csp_id=112, page_id=4400, browser=Firefox
Testing: csp_id=112, page_id=4500, browser=Firefox
Testing: csp_id=112, page_id=4600, browser=Firefox
Testing: csp_id=112, page_id=4700, browser=Firefox
Testing: csp_id=112, page_id=4800, browser=Firefox
Testing: csp_id=112, page_id=4900, browser=Firefox
Testing: csp_id=112, page_id=5000, browser=Firefox
Testing: csp_id=112, page_id=5100, browser=Firefox
Testing: csp_id=112, page_id=5200, browser=Firefox
Testing: csp_id=112, page_id=5300, browser=Firefox
Testing: csp_id=112, page_id=5400, browser=Firefox
Testing: csp_id=112, page_id=5500, browser=Firefox
Testing: csp_id=112, page_id=5600, browser=Firefox
Testing: csp_id=112, page_id=5700, browser=Firefox
Testing: csp_id=112, page_id=5800, browser=Firefox
Testing: csp_id=112, page_id=5900, browser=Firefox
Testing: csp_id=112, page_id=6000, browser=Firefox
Testing: csp_id=112, page_id=6100, browser=Firefox
Testing: csp_id=112, page_id=6200, browser=Firefox
Testing: csp_id=112, page_id=6300, browser=Firefox
Testing: csp_id=112, page_id=6400, browser=Firefox
Testing: csp_id=112, page_id=6500, browser=Firefox
Testing: csp_id=112, page_id=6600, browser=Firefox
Testing: csp_id=112, page_id=6700, browser=Firefox
Testing: csp_id=112, page_id=6800, browser=Firefox
Testing: csp_id=112, page_id=6900, browser=Firefox
Testing: csp_id=112, page_id=7000, browser=Firefox
Testing: csp_id=112, page_id=7100, browser=Firefox
Testing: csp_id=112, page_id=7200, browser=Firefox
Testing: csp_id=112, page_id=7300, browser=Firefox
Testing: csp_id=112, page_id=7400, browser=Firefox
Testing: csp_id=112, page_id=7500, browser=Firefox
Testing: csp_id=112, page_id=7600, browser=Firefox
Testing: csp_id=112, page_id=7700, browser=Firefox
Testing: csp_id=112, page_id=7800, browser=Firefox
Testing: csp_id=112, page_id=7900, browser=Firefox
Testing: csp_id=112, page_id=8000, browser=Firefox
Testing: csp_id=112, page_id=8100, browser=Firefox
Testing: csp_id=112, page_id=8200, browser=Firefox
Testing: csp_id=112, page_id=8300, browser=Firefox
Testing: csp_id=112, page_id=8400, browser=Firefox
Testing: csp_id=112, page_id=8500, browser=Firefox
Testing: csp_id=112, page_id=8600, browser=Firefox
Testing: csp_id=112, page_id=8700, browser=Firefox
Testing: csp_id=112, page_id=8800, browser=Firefox
Testing: csp_id=112, page_id=8900, browser=Firefox
Testing: csp_id=112, page_id=9000, browser=Firefox
Testing: csp_id=112, page_id=9100, browser=Firefox
Testing: csp_id=112, page_id=9200, browser=Firefox
Testing: csp_id=112, page_id=9300, browser=Firefox
Testing: csp_id=112, page_id=9400, browser=Firefox
Testing: csp_id=112, page_id=9500, browser=Firefox
Testing: csp_id=112, page_id=9600, browser=Firefox
Testing: csp_id=112, page_id=9700, browser=Firefox
Testing: csp_id=112, page_id=9800, browser=Firefox
Testing: csp_id=112, page_id=9900, browser=Firefox
Testing: csp_id=112, page_id=10000, browser=Firefox
Testing: csp_id=112, page_id=10100, browser=Firefox
Testing: csp_id=112, page_id=10200, browser=Firefox
Testing: csp_id=112, page_id=10300, browser=Firefox
Testing: csp_id=112, page_id=10400, browser=Firefox
Testing: csp_id=112, page_id=10500, browser=Firefox
Testing: csp_id=112, page_id=10600, browser=Firefox
Testing: csp_id=112, page_id=10700, browser=Firefox
Testing: csp_id=112, page_id=10800, browser=Firefox
Testing: csp_id=112, page_id=10900, browser=Firefox
Testing: csp_id=112, page_id=11000, browser=Firefox
Testing: csp_id=112, page_id=11100, browser=Firefox
Testing: csp_id=112, page_id=11200, browser=Firefox
Testing: csp_id=112, page_id=11300, browser=Firefox
Testing: csp_id=112, page_id=11400, browser=Firefox
Testing: csp_id=112, page_id=11500, browser=Firefox
Testing: csp_id=112, page_id=11600, browser=Firefox
Testing: csp_id=112, page_id=11700, browser=Firefox
Testing: csp_id=112, page_id=11800, browser=Firefox
Testing: csp_id=112, page_id=11900, browser=Firefox
Testing: csp_id=112, page_id=12000, browser=Firefox
Testing: csp_id=112, page_id=12100, browser=Firefox
Testing: csp_id=112, page_id=12200, browser=Firefox
Testing: csp_id=112, page_id=12300, browser=Firefox
Testing: csp_id=112, page_id=12400, browser=Firefox
Testing: csp_id=112, page_id=12500, browser=Firefox
Testing: csp_id=112, page_id=12600, browser=Firefox
Testing: csp_id=112, page_id=12700, browser=Firefox
Testing: csp_id=112, page_id=12800, browser=Firefox
Testing: csp_id=112, page_id=12900, browser=Firefox
Testing: csp_id=112, page_id=13000, browser=Firefox
Testing: csp_id=112, page_id=13100, browser=Firefox
Testing: csp_id=112, page_id=13200, browser=Firefox
Testing: csp_id=112, page_id=13300, browser=Firefox
Testing: csp_id=112, page_id=13400, browser=Firefox
Testing: csp_id=112, page_id=13500, browser=Firefox
Testing: csp_id=112, page_id=13600, browser=Firefox
Testing: csp_id=112, page_id=13700, browser=Firefox
Testing: csp_id=112, page_id=13800, browser=Firefox
Testing: csp_id=112, page_id=13900, browser=Firefox
Testing: csp_id=112, page_id=14000, browser=Firefox
Testing: csp_id=112, page_id=14100, browser=Firefox
Testing: csp_id=112, page_id=14200, browser=Firefox
Testing: csp_id=112, page_id=14300, browser=Firefox
Testing: csp_id=112, page_id=14400, browser=Firefox
Testing: csp_id=112, page_id=14500, browser=Firefox
Testing: csp_id=112, page_id=14600, browser=Firefox
Testing: csp_id=112, page_id=14700, browser=Firefox
Testing: csp_id=112, page_id=14800, browser=Firefox
Testing: csp_id=112, page_id=14900, browser=Firefox
Testing: csp_id=112, page_id=15000, browser=Firefox
Testing: csp_id=112, page_id=15100, browser=Firefox
Testing: csp_id=112, page_id=15200, browser=Firefox
Testing: csp_id=112, page_id=15300, browser=Firefox
Testing: csp_id=112, page_id=15400, browser=Firefox
Testing: csp_id=112, page_id=15500, browser=Firefox
Testing: csp_id=112, page_id=15600, browser=Firefox
Testing: csp_id=112, page_id=15700, browser=Firefox
Testing: csp_id=112, page_id=15800, browser=Firefox
Testing: csp_id=112, page_id=15900, browser=Firefox
Testing: csp_id=112, page_id=16000, browser=Firefox
Testing: csp_id=112, page_id=16100, browser=Firefox
Testing: csp_id=112, page_id=16200, browser=Firefox
Testing: csp_id=112, page_id=16300, browser=Firefox
Testing: csp_id=112, page_id=16400, browser=Firefox
Testing: csp_id=112, page_id=16500, browser=Firefox
Testing: csp_id=112, page_id=16600, browser=Firefox
Testing: csp_id=112, page_id=16700, browser=Firefox
Testing: csp_id=112, page_id=16800, browser=Firefox
Testing: csp_id=112, page_id=16900, browser=Firefox
Testing: csp_id=112, page_id=17000, browser=Firefox
Testing: csp_id=112, page_id=17100, browser=Firefox
Testing: csp_id=112, page_id=17200, browser=Firefox
Testing: csp_id=112, page_id=17300, browser=Firefox
Testing: csp_id=112, page_id=17400, browser=Firefox
Testing: csp_id=112, page_id=17500, browser=Firefox
Testing: csp_id=112, page_id=17600, browser=Firefox
Testing: csp_id=112, page_id=17700, browser=Firefox
Testing: csp_id=112, page_id=17800, browser=Firefox
Testing: csp_id=112, page_id=17900, browser=Firefox
Testing: csp_id=112, page_id=18000, browser=Firefox
Testing: csp_id=112, page_id=18100, browser=Firefox
Testing: csp_id=112, page_id=18200, browser=Firefox
Testing: csp_id=112, page_id=18300, browser=Firefox
Testing: csp_id=112, page_id=18400, browser=Firefox
Testing: csp_id=112, page_id=18500, browser=Firefox
Testing: csp_id=112, page_id=18600, browser=Firefox
Testing: csp_id=112, page_id=18700, browser=Firefox
Testing: csp_id=112, page_id=18800, browser=Firefox
Testing: csp_id=112, page_id=18900, browser=Firefox
Testing: csp_id=112, page_id=19000, browser=Firefox
Testing: csp_id=112, page_id=19100, browser=Firefox
Testing: csp_id=112, page_id=19200, browser=Firefox
Testing: csp_id=112, page_id=19300, browser=Firefox
Testing: csp_id=112, page_id=19400, browser=Firefox
Testing: csp_id=112, page_id=19500, browser=Firefox
Testing: csp_id=112, page_id=19600, browser=Firefox
Testing: csp_id=112, page_id=19700, browser=Firefox
Testing: csp_id=112, page_id=19800, browser=Firefox
Testing: csp_id=112, page_id=19900, browser=Firefox
Testing: csp_id=112, page_id=20000, browser=Firefox
Testing: csp_id=112, page_id=20100, browser=Firefox
Testing: csp_id=112, page_id=20200, browser=Firefox
Testing: csp_id=112, page_id=20300, browser=Firefox
Testing: csp_id=112, page_id=20400, browser=Firefox
Testing: csp_id=112, page_id=20500, browser=Firefox
Testing: csp_id=112, page_id=20600, browser=Firefox
Testing: csp_id=112, page_id=20700, browser=Firefox
Testing: csp_id=112, page_id=20800, browser=Firefox
Testing: csp_id=112, page_id=20900, browser=Firefox
Testing: csp_id=112, page_id=21000, browser=Firefox
Testing: csp_id=112, page_id=21100, browser=Firefox
Testing: csp_id=112, page_id=21200, browser=Firefox
Testing: csp_id=112, page_id=21300, browser=Firefox
Testing: csp_id=112, page_id=21400, browser=Firefox
Testing: csp_id=112, page_id=21500, browser=Firefox
Testing: csp_id=112, page_id=21600, browser=Firefox
Testing: csp_id=112, page_id=21700, browser=Firefox
Testing: csp_id=112, page_id=21800, browser=Firefox
Testing: csp_id=112, page_id=21900, browser=Firefox
Testing: csp_id=112, page_id=22000, browser=Firefox
Testing: csp_id=112, page_id=22100, browser=Firefox
Testing: csp_id=112, page_id=22200, browser=Firefox
Testing: csp_id=112, page_id=22300, browser=Firefox
Testing: csp_id=112, page_id=22400, browser=Firefox
Testing: csp_id=112, page_id=22500, browser=Firefox
Testing: csp_id=112, page_id=22600, browser=Firefox
Testing: csp_id=112, page_id=22700, browser=Firefox
Testing: csp_id=112, page_id=22800, browser=Firefox
Testing: csp_id=112, page_id=22900, browser=Firefox
Testing: csp_id=112, page_id=23000, browser=Firefox
Testing: csp_id=112, page_id=23100, browser=Firefox
Testing: csp_id=112, page_id=23200, browser=Firefox
Testing: csp_id=112, page_id=23300, browser=Firefox
Testing: csp_id=112, page_id=23400, browser=Firefox
Testing: csp_id=112, page_id=23500, browser=Firefox
Testing: csp_id=112, page_id=23600, browser=Firefox
Testing: csp_id=112, page_id=23700, browser=Firefox
Testing: csp_id=112, page_id=23800, browser=Firefox
Testing: csp_id=112, page_id=23900, browser=Firefox
Testing: csp_id=112, page_id=24000, browser=Firefox
Testing: csp_id=112, page_id=24100, browser=Firefox
Testing: csp_id=112, page_id=24200, browser=Firefox
Testing: csp_id=112, page_id=24300, browser=Firefox
Testing: csp_id=112, page_id=24400, browser=Firefox
Testing: csp_id=112, page_id=24500, browser=Firefox
Testing: csp_id=112, page_id=24600, browser=Firefox
Testing: csp_id=112, page_id=24700, browser=Firefox
Testing: csp_id=112, page_id=24800, browser=Firefox
Testing: csp_id=112, page_id=24900, browser=Firefox
Testing: csp_id=112, page_id=25000, browser=Firefox
Testing: csp_id=112, page_id=25100, browser=Firefox
Testing: csp_id=112, page_id=25200, browser=Firefox
Testing: csp_id=112, page_id=25300, browser=Firefox
Testing: csp_id=112, page_id=25400, browser=Firefox
Testing: csp_id=112, page_id=25500, browser=Firefox
Testing: csp_id=112, page_id=25600, browser=Firefox
Testing: csp_id=112, page_id=25700, browser=Firefox
Testing: csp_id=112, page_id=25800, browser=Firefox
Testing: csp_id=112, page_id=25900, browser=Firefox
Testing: csp_id=112, page_id=26000, browser=Firefox
Testing: csp_id=112, page_id=26100, browser=Firefox
Testing: csp_id=112, page_id=26200, browser=Firefox
Testing: csp_id=112, page_id=26300, browser=Firefox
Testing: csp_id=112, page_id=26400, browser=Firefox
Testing: csp_id=112, page_id=26500, browser=Firefox
Testing: csp_id=112, page_id=26600, browser=Firefox
Testing: csp_id=112, page_id=26700, browser=Firefox
Testing: csp_id=112, page_id=26800, browser=Firefox
Testing: csp_id=112, page_id=26900, browser=Firefox
Testing: csp_id=112, page_id=27000, browser=Firefox
Testing: csp_id=112, page_id=27100, browser=Firefox
Testing: csp_id=112, page_id=27200, browser=Firefox
Testing: csp_id=112, page_id=27300, browser=Firefox
Testing: csp_id=112, page_id=27400, browser=Firefox
Testing: csp_id=112, page_id=27500, browser=Firefox
Testing: csp_id=112, page_id=27600, browser=Firefox
Testing: csp_id=112, page_id=27700, browser=Firefox
Testing: csp_id=112, page_id=27800, browser=Firefox
Testing: csp_id=112, page_id=27900, browser=Firefox
Testing: csp_id=112, page_id=28000, browser=Firefox
Testing: csp_id=112, page_id=28100, browser=Firefox
Testing: csp_id=112, page_id=28200, browser=Firefox
Testing: csp_id=112, page_id=28300, browser=Firefox
Testing: csp_id=112, page_id=28400, browser=Firefox
Testing: csp_id=112, page_id=28500, browser=Firefox
Testing: csp_id=112, page_id=28600, browser=Firefox
Testing: csp_id=112, page_id=28700, browser=Firefox
Testing: csp_id=112, page_id=28800, browser=Firefox
Testing: csp_id=112, page_id=28900, browser=Firefox
Testing: csp_id=112, page_id=29000, browser=Firefox
Testing: csp_id=112, page_id=29100, browser=Firefox
Testing: csp_id=112, page_id=29200, browser=Firefox
Testing: csp_id=112, page_id=29300, browser=Firefox
Testing: csp_id=112, page_id=29400, browser=Firefox
Testing: csp_id=112, page_id=29500, browser=Firefox
Testing: csp_id=112, page_id=29600, browser=Firefox
Testing: csp_id=112, page_id=29700, browser=Firefox
Testing: csp_id=112, page_id=29800, browser=Firefox
🏊 create_context_pools[first] (5x16): 31.842s
Testing: csp_id=122, page_id=0, browser=Firefox
Testing: csp_id=122, page_id=100, browser=Firefox
Testing: csp_id=122, page_id=200, browser=Firefox
Testing: csp_id=122, page_id=300, browser=Firefox
Testing: csp_id=122, page_id=400, browser=Firefox
Testing: csp_id=122, page_id=500, browser=Firefox
Testing: csp_id=122, page_id=600, browser=Firefox
Testing: csp_id=122, page_id=700, browser=Firefox
Testing: csp_id=122, page_id=800, browser=Firefox
Testing: csp_id=122, page_id=900, browser=Firefox
Testing: csp_id=122, page_id=1000, browser=Firefox
Testing: csp_id=122, page_id=1100, browser=Firefox
Testing: csp_id=122, page_id=1200, browser=Firefox
Testing: csp_id=122, page_id=1300, browser=Firefox
Testing: csp_id=122, page_id=1400, browser=Firefox
Testing: csp_id=122, page_id=1500, browser=Firefox
Testing: csp_id=122, page_id=1600, browser=Firefox
Testing: csp_id=122, page_id=1700, browser=Firefox
Testing: csp_id=122, page_id=1800, browser=Firefox
Testing: csp_id=122, page_id=1900, browser=Firefox
Testing: csp_id=122, page_id=2000, browser=Firefox
Testing: csp_id=122, page_id=2100, browser=Firefox
Testing: csp_id=122, page_id=2200, browser=Firefox
Testing: csp_id=122, page_id=2300, browser=Firefox
Testing: csp_id=122, page_id=2400, browser=Firefox
Testing: csp_id=122, page_id=2500, browser=Firefox
Testing: csp_id=122, page_id=2600, browser=Firefox
Testing: csp_id=122, page_id=2700, browser=Firefox
Testing: csp_id=122, page_id=2800, browser=Firefox
Testing: csp_id=122, page_id=2900, browser=Firefox
Testing: csp_id=122, page_id=3000, browser=Firefox
Testing: csp_id=122, page_id=3100, browser=Firefox
Testing: csp_id=122, page_id=3200, browser=Firefox
Testing: csp_id=122, page_id=3300, browser=Firefox
Testing: csp_id=122, page_id=3400, browser=Firefox
Testing: csp_id=122, page_id=3500, browser=Firefox
Testing: csp_id=122, page_id=3600, browser=Firefox
Testing: csp_id=122, page_id=3700, browser=Firefox
Testing: csp_id=122, page_id=3800, browser=Firefox
Testing: csp_id=122, page_id=3900, browser=Firefox
Testing: csp_id=122, page_id=4000, browser=Firefox
Testing: csp_id=122, page_id=4100, browser=Firefox
Testing: csp_id=122, page_id=4200, browser=Firefox
Testing: csp_id=122, page_id=4300, browser=Firefox
Testing: csp_id=122, page_id=4400, browser=Firefox
Testing: csp_id=122, page_id=4500, browser=Firefox
Testing: csp_id=122, page_id=4600, browser=Firefox
Testing: csp_id=122, page_id=4700, browser=Firefox
Testing: csp_id=122, page_id=4800, browser=Firefox
Testing: csp_id=122, page_id=4900, browser=Firefox
Testing: csp_id=122, page_id=5000, browser=Firefox
Testing: csp_id=122, page_id=5100, browser=Firefox
Testing: csp_id=122, page_id=5200, browser=Firefox
Testing: csp_id=122, page_id=5300, browser=Firefox
Testing: csp_id=122, page_id=5400, browser=Firefox
Testing: csp_id=122, page_id=5500, browser=Firefox
Testing: csp_id=122, page_id=5600, browser=Firefox
Testing: csp_id=122, page_id=5700, browser=Firefox
Testing: csp_id=122, page_id=5800, browser=Firefox
Testing: csp_id=122, page_id=5900, browser=Firefox
Testing: csp_id=122, page_id=6000, browser=Firefox
Testing: csp_id=122, page_id=6100, browser=Firefox
Testing: csp_id=122, page_id=6200, browser=Firefox
Testing: csp_id=122, page_id=6300, browser=Firefox
Testing: csp_id=122, page_id=6400, browser=Firefox
Testing: csp_id=122, page_id=6500, browser=Firefox
Testing: csp_id=122, page_id=6600, browser=Firefox
Testing: csp_id=122, page_id=6700, browser=Firefox
Testing: csp_id=122, page_id=6800, browser=Firefox
Testing: csp_id=122, page_id=6900, browser=Firefox
Testing: csp_id=122, page_id=7000, browser=Firefox
Testing: csp_id=122, page_id=7100, browser=Firefox
Testing: csp_id=122, page_id=7200, browser=Firefox
Testing: csp_id=122, page_id=7300, browser=Firefox
Testing: csp_id=122, page_id=7400, browser=Firefox
Testing: csp_id=122, page_id=7500, browser=Firefox
Testing: csp_id=122, page_id=7600, browser=Firefox
Testing: csp_id=122, page_id=7700, browser=Firefox
Testing: csp_id=122, page_id=7800, browser=Firefox
Testing: csp_id=122, page_id=7900, browser=Firefox
Testing: csp_id=122, page_id=8000, browser=Firefox
Testing: csp_id=122, page_id=8100, browser=Firefox
Testing: csp_id=122, page_id=8200, browser=Firefox
Testing: csp_id=122, page_id=8300, browser=Firefox
Testing: csp_id=122, page_id=8400, browser=Firefox
Testing: csp_id=122, page_id=8500, browser=Firefox
Testing: csp_id=122, page_id=8600, browser=Firefox
Testing: csp_id=122, page_id=8700, browser=Firefox
Testing: csp_id=122, page_id=8800, browser=Firefox
Testing: csp_id=122, page_id=8900, browser=Firefox
Testing: csp_id=122, page_id=9000, browser=Firefox
Testing: csp_id=122, page_id=9100, browser=Firefox
Testing: csp_id=122, page_id=9200, browser=Firefox
Testing: csp_id=122, page_id=9300, browser=Firefox
Testing: csp_id=122, page_id=9400, browser=Firefox
Testing: csp_id=122, page_id=9500, browser=Firefox
Testing: csp_id=122, page_id=9600, browser=Firefox
Testing: csp_id=122, page_id=9700, browser=Firefox
Testing: csp_id=122, page_id=9800, browser=Firefox
Testing: csp_id=122, page_id=9900, browser=Firefox
Testing: csp_id=122, page_id=10000, browser=Firefox
Testing: csp_id=122, page_id=10100, browser=Firefox
Testing: csp_id=122, page_id=10200, browser=Firefox
Testing: csp_id=122, page_id=10300, browser=Firefox
Testing: csp_id=122, page_id=10400, browser=Firefox
Testing: csp_id=122, page_id=10500, browser=Firefox
Testing: csp_id=122, page_id=10600, browser=Firefox
Testing: csp_id=122, page_id=10700, browser=Firefox
Testing: csp_id=122, page_id=10800, browser=Firefox
Testing: csp_id=122, page_id=10900, browser=Firefox
Testing: csp_id=122, page_id=11000, browser=Firefox
Testing: csp_id=122, page_id=11100, browser=Firefox
Testing: csp_id=122, page_id=11200, browser=Firefox
Testing: csp_id=122, page_id=11300, browser=Firefox
Testing: csp_id=122, page_id=11400, browser=Firefox
Testing: csp_id=122, page_id=11500, browser=Firefox
Testing: csp_id=122, page_id=11600, browser=Firefox
Testing: csp_id=122, page_id=11700, browser=Firefox
Testing: csp_id=122, page_id=11800, browser=Firefox
Testing: csp_id=122, page_id=11900, browser=Firefox
Testing: csp_id=122, page_id=12000, browser=Firefox
Testing: csp_id=122, page_id=12100, browser=Firefox
Testing: csp_id=122, page_id=12200, browser=Firefox
Testing: csp_id=122, page_id=12300, browser=Firefox
Testing: csp_id=122, page_id=12400, browser=Firefox
Testing: csp_id=122, page_id=12500, browser=Firefox
Testing: csp_id=122, page_id=12600, browser=Firefox
Testing: csp_id=122, page_id=12700, browser=Firefox
Testing: csp_id=122, page_id=12800, browser=Firefox
Testing: csp_id=122, page_id=12900, browser=Firefox
Testing: csp_id=122, page_id=13000, browser=Firefox
Testing: csp_id=122, page_id=13100, browser=Firefox
Testing: csp_id=122, page_id=13200, browser=Firefox
Testing: csp_id=122, page_id=13300, browser=Firefox
Testing: csp_id=122, page_id=13400, browser=Firefox
Testing: csp_id=122, page_id=13500, browser=Firefox
Testing: csp_id=122, page_id=13600, browser=Firefox
Testing: csp_id=122, page_id=13700, browser=Firefox
Testing: csp_id=122, page_id=13800, browser=Firefox
Testing: csp_id=122, page_id=13900, browser=Firefox
Testing: csp_id=122, page_id=14000, browser=Firefox
Testing: csp_id=122, page_id=14100, browser=Firefox
Testing: csp_id=122, page_id=14200, browser=Firefox
Testing: csp_id=122, page_id=14300, browser=Firefox
Testing: csp_id=122, page_id=14400, browser=Firefox
Testing: csp_id=122, page_id=14500, browser=Firefox
Testing: csp_id=122, page_id=14600, browser=Firefox
Testing: csp_id=122, page_id=14700, browser=Firefox
Testing: csp_id=122, page_id=14800, browser=Firefox
Testing: csp_id=122, page_id=14900, browser=Firefox
Testing: csp_id=122, page_id=15000, browser=Firefox
Testing: csp_id=122, page_id=15100, browser=Firefox
Testing: csp_id=122, page_id=15200, browser=Firefox
Testing: csp_id=122, page_id=15300, browser=Firefox
Testing: csp_id=122, page_id=15400, browser=Firefox
Testing: csp_id=122, page_id=15500, browser=Firefox
Testing: csp_id=122, page_id=15600, browser=Firefox
Testing: csp_id=122, page_id=15700, browser=Firefox
Testing: csp_id=122, page_id=15800, browser=Firefox
Testing: csp_id=122, page_id=15900, browser=Firefox
Testing: csp_id=122, page_id=16000, browser=Firefox
Testing: csp_id=122, page_id=16100, browser=Firefox
Testing: csp_id=122, page_id=16200, browser=Firefox
Testing: csp_id=122, page_id=16300, browser=Firefox
Testing: csp_id=122, page_id=16400, browser=Firefox
Testing: csp_id=122, page_id=16500, browser=Firefox
Testing: csp_id=122, page_id=16600, browser=Firefox
Testing: csp_id=122, page_id=16700, browser=Firefox
Testing: csp_id=122, page_id=16800, browser=Firefox
Testing: csp_id=122, page_id=16900, browser=Firefox
Testing: csp_id=122, page_id=17000, browser=Firefox
Testing: csp_id=122, page_id=17100, browser=Firefox
Testing: csp_id=122, page_id=17200, browser=Firefox
Testing: csp_id=122, page_id=17300, browser=Firefox
Testing: csp_id=122, page_id=17400, browser=Firefox
Testing: csp_id=122, page_id=17500, browser=Firefox
Testing: csp_id=122, page_id=17600, browser=Firefox
Testing: csp_id=122, page_id=17700, browser=Firefox
Testing: csp_id=122, page_id=17800, browser=Firefox
Testing: csp_id=122, page_id=17900, browser=Firefox
Testing: csp_id=122, page_id=18000, browser=Firefox
Testing: csp_id=122, page_id=18100, browser=Firefox
Testing: csp_id=122, page_id=18200, browser=Firefox
Testing: csp_id=122, page_id=18300, browser=Firefox
Testing: csp_id=122, page_id=18400, browser=Firefox
Testing: csp_id=122, page_id=18500, browser=Firefox
Testing: csp_id=122, page_id=18600, browser=Firefox
Testing: csp_id=122, page_id=18700, browser=Firefox
Testing: csp_id=122, page_id=18800, browser=Firefox
Testing: csp_id=122, page_id=18900, browser=Firefox
Testing: csp_id=122, page_id=19000, browser=Firefox
Testing: csp_id=122, page_id=19100, browser=Firefox
Testing: csp_id=122, page_id=19200, browser=Firefox
Testing: csp_id=122, page_id=19300, browser=Firefox
Testing: csp_id=122, page_id=19400, browser=Firefox
Testing: csp_id=122, page_id=19500, browser=Firefox
Testing: csp_id=122, page_id=19600, browser=Firefox
Testing: csp_id=122, page_id=19700, browser=Firefox
Testing: csp_id=122, page_id=19800, browser=Firefox
Testing: csp_id=122, page_id=19900, browser=Firefox
Testing: csp_id=122, page_id=20000, browser=Firefox
Testing: csp_id=122, page_id=20100, browser=Firefox
Testing: csp_id=122, page_id=20200, browser=Firefox
Testing: csp_id=122, page_id=20300, browser=Firefox
Testing: csp_id=122, page_id=20400, browser=Firefox
Testing: csp_id=122, page_id=20500, browser=Firefox
Testing: csp_id=122, page_id=20600, browser=Firefox
Testing: csp_id=122, page_id=20700, browser=Firefox
Testing: csp_id=122, page_id=20800, browser=Firefox
Testing: csp_id=122, page_id=20900, browser=Firefox
Testing: csp_id=122, page_id=21000, browser=Firefox
Testing: csp_id=122, page_id=21100, browser=Firefox
Testing: csp_id=122, page_id=21200, browser=Firefox
Testing: csp_id=122, page_id=21300, browser=Firefox
Testing: csp_id=122, page_id=21400, browser=Firefox
Testing: csp_id=122, page_id=21500, browser=Firefox
Testing: csp_id=122, page_id=21600, browser=Firefox
Testing: csp_id=122, page_id=21700, browser=Firefox
Testing: csp_id=122, page_id=21800, browser=Firefox
Testing: csp_id=122, page_id=21900, browser=Firefox
Testing: csp_id=122, page_id=22000, browser=Firefox
Testing: csp_id=122, page_id=22100, browser=Firefox
Testing: csp_id=122, page_id=22200, browser=Firefox
Testing: csp_id=122, page_id=22300, browser=Firefox
Testing: csp_id=122, page_id=22400, browser=Firefox
Testing: csp_id=122, page_id=22500, browser=Firefox
Testing: csp_id=122, page_id=22600, browser=Firefox
Testing: csp_id=122, page_id=22700, browser=Firefox
Testing: csp_id=122, page_id=22800, browser=Firefox
Testing: csp_id=122, page_id=22900, browser=Firefox
Testing: csp_id=122, page_id=23000, browser=Firefox
Testing: csp_id=122, page_id=23100, browser=Firefox
Testing: csp_id=122, page_id=23200, browser=Firefox
Testing: csp_id=122, page_id=23300, browser=Firefox
Testing: csp_id=122, page_id=23400, browser=Firefox
Testing: csp_id=122, page_id=23500, browser=Firefox
Testing: csp_id=122, page_id=23600, browser=Firefox
Testing: csp_id=122, page_id=23700, browser=Firefox
Testing: csp_id=122, page_id=23800, browser=Firefox
Testing: csp_id=122, page_id=23900, browser=Firefox
Testing: csp_id=122, page_id=24000, browser=Firefox
Testing: csp_id=122, page_id=24100, browser=Firefox
Testing: csp_id=122, page_id=24200, browser=Firefox
Testing: csp_id=122, page_id=24300, browser=Firefox
Testing: csp_id=122, page_id=24400, browser=Firefox
Testing: csp_id=122, page_id=24500, browser=Firefox
Testing: csp_id=122, page_id=24600, browser=Firefox
Testing: csp_id=122, page_id=24700, browser=Firefox
Testing: csp_id=122, page_id=24800, browser=Firefox
Testing: csp_id=122, page_id=24900, browser=Firefox
Testing: csp_id=122, page_id=25000, browser=Firefox
Testing: csp_id=122, page_id=25100, browser=Firefox
Testing: csp_id=122, page_id=25200, browser=Firefox
Testing: csp_id=122, page_id=25300, browser=Firefox
Testing: csp_id=122, page_id=25400, browser=Firefox
Testing: csp_id=122, page_id=25500, browser=Firefox
Testing: csp_id=122, page_id=25600, browser=Firefox
Testing: csp_id=122, page_id=25700, browser=Firefox
Testing: csp_id=122, page_id=25800, browser=Firefox
Testing: csp_id=122, page_id=25900, browser=Firefox
Testing: csp_id=122, page_id=26000, browser=Firefox
Testing: csp_id=122, page_id=26100, browser=Firefox
Testing: csp_id=122, page_id=26200, browser=Firefox
Testing: csp_id=122, page_id=26300, browser=Firefox
Testing: csp_id=122, page_id=26400, browser=Firefox
Testing: csp_id=122, page_id=26500, browser=Firefox
Testing: csp_id=122, page_id=26600, browser=Firefox
Testing: csp_id=122, page_id=26700, browser=Firefox
Testing: csp_id=122, page_id=26800, browser=Firefox
Testing: csp_id=122, page_id=26900, browser=Firefox
Testing: csp_id=122, page_id=27000, browser=Firefox
Testing: csp_id=122, page_id=27100, browser=Firefox
Testing: csp_id=122, page_id=27200, browser=Firefox
Testing: csp_id=122, page_id=27300, browser=Firefox
Testing: csp_id=122, page_id=27400, browser=Firefox
Testing: csp_id=122, page_id=27500, browser=Firefox
Testing: csp_id=122, page_id=27600, browser=Firefox
Testing: csp_id=122, page_id=27700, browser=Firefox
Testing: csp_id=122, page_id=27800, browser=Firefox
Testing: csp_id=122, page_id=27900, browser=Firefox
Testing: csp_id=122, page_id=28000, browser=Firefox
Testing: csp_id=122, page_id=28100, browser=Firefox
Testing: csp_id=122, page_id=28200, browser=Firefox
Testing: csp_id=122, page_id=28300, browser=Firefox
Testing: csp_id=122, page_id=28400, browser=Firefox
Testing: csp_id=122, page_id=28500, browser=Firefox
Testing: csp_id=122, page_id=28600, browser=Firefox
Testing: csp_id=122, page_id=28700, browser=Firefox
Testing: csp_id=122, page_id=28800, browser=Firefox
Testing: csp_id=122, page_id=28900, browser=Firefox
Testing: csp_id=122, page_id=29000, browser=Firefox
Testing: csp_id=122, page_id=29100, browser=Firefox
Testing: csp_id=122, page_id=29200, browser=Firefox
Testing: csp_id=122, page_id=29300, browser=Firefox
Testing: csp_id=122, page_id=29400, browser=Firefox
Testing: csp_id=122, page_id=29500, browser=Firefox
Testing: csp_id=122, page_id=29600, browser=Firefox
Testing: csp_id=122, page_id=29700, browser=Firefox
Testing: csp_id=122, page_id=29800, browser=Firefox
🏊 create_context_pools[first] (5x16): 25.016s
Testing: csp_id=132, page_id=0, browser=Firefox
Testing: csp_id=132, page_id=100, browser=Firefox
Testing: csp_id=132, page_id=200, browser=Firefox
Testing: csp_id=132, page_id=300, browser=Firefox
Testing: csp_id=132, page_id=400, browser=Firefox
Testing: csp_id=132, page_id=500, browser=Firefox
Testing: csp_id=132, page_id=600, browser=Firefox
Testing: csp_id=132, page_id=700, browser=Firefox
Testing: csp_id=132, page_id=800, browser=Firefox
Testing: csp_id=132, page_id=900, browser=Firefox
Testing: csp_id=132, page_id=1000, browser=Firefox
Testing: csp_id=132, page_id=1100, browser=Firefox
Testing: csp_id=132, page_id=1200, browser=Firefox
Testing: csp_id=132, page_id=1300, browser=Firefox
Testing: csp_id=132, page_id=1400, browser=Firefox
Testing: csp_id=132, page_id=1500, browser=Firefox
Testing: csp_id=132, page_id=1600, browser=Firefox
Testing: csp_id=132, page_id=1700, browser=Firefox
Testing: csp_id=132, page_id=1800, browser=Firefox
Testing: csp_id=132, page_id=1900, browser=Firefox
Testing: csp_id=132, page_id=2000, browser=Firefox
Testing: csp_id=132, page_id=2100, browser=Firefox
Testing: csp_id=132, page_id=2200, browser=Firefox
Testing: csp_id=132, page_id=2300, browser=Firefox
Testing: csp_id=132, page_id=2400, browser=Firefox
Testing: csp_id=132, page_id=2500, browser=Firefox
Testing: csp_id=132, page_id=2600, browser=Firefox
Testing: csp_id=132, page_id=2700, browser=Firefox
Testing: csp_id=132, page_id=2800, browser=Firefox
Testing: csp_id=132, page_id=2900, browser=Firefox
Testing: csp_id=132, page_id=3000, browser=Firefox
Testing: csp_id=132, page_id=3100, browser=Firefox
Testing: csp_id=132, page_id=3200, browser=Firefox
Testing: csp_id=132, page_id=3300, browser=Firefox
Testing: csp_id=132, page_id=3400, browser=Firefox
Testing: csp_id=132, page_id=3500, browser=Firefox
Testing: csp_id=132, page_id=3600, browser=Firefox
Testing: csp_id=132, page_id=3700, browser=Firefox
Testing: csp_id=132, page_id=3800, browser=Firefox
Testing: csp_id=132, page_id=3900, browser=Firefox
Testing: csp_id=132, page_id=4000, browser=Firefox
Testing: csp_id=132, page_id=4100, browser=Firefox
Testing: csp_id=132, page_id=4200, browser=Firefox
Testing: csp_id=132, page_id=4300, browser=Firefox
Testing: csp_id=132, page_id=4400, browser=Firefox
Testing: csp_id=132, page_id=4500, browser=Firefox
Testing: csp_id=132, page_id=4600, browser=Firefox
Testing: csp_id=132, page_id=4700, browser=Firefox
Testing: csp_id=132, page_id=4800, browser=Firefox
Testing: csp_id=132, page_id=4900, browser=Firefox
Testing: csp_id=132, page_id=5000, browser=Firefox
Testing: csp_id=132, page_id=5100, browser=Firefox
Testing: csp_id=132, page_id=5200, browser=Firefox
Testing: csp_id=132, page_id=5300, browser=Firefox
Testing: csp_id=132, page_id=5400, browser=Firefox
Testing: csp_id=132, page_id=5500, browser=Firefox
Testing: csp_id=132, page_id=5600, browser=Firefox
Testing: csp_id=132, page_id=5700, browser=Firefox
Testing: csp_id=132, page_id=5800, browser=Firefox
Testing: csp_id=132, page_id=5900, browser=Firefox
Testing: csp_id=132, page_id=6000, browser=Firefox
Testing: csp_id=132, page_id=6100, browser=Firefox
Testing: csp_id=132, page_id=6200, browser=Firefox
Testing: csp_id=132, page_id=6300, browser=Firefox
Testing: csp_id=132, page_id=6400, browser=Firefox
Testing: csp_id=132, page_id=6500, browser=Firefox
Testing: csp_id=132, page_id=6600, browser=Firefox
Testing: csp_id=132, page_id=6700, browser=Firefox
Testing: csp_id=132, page_id=6800, browser=Firefox
Testing: csp_id=132, page_id=6900, browser=Firefox
Testing: csp_id=132, page_id=7000, browser=Firefox
Testing: csp_id=132, page_id=7100, browser=Firefox
Testing: csp_id=132, page_id=7200, browser=Firefox
Testing: csp_id=132, page_id=7300, browser=Firefox
Testing: csp_id=132, page_id=7400, browser=Firefox
Testing: csp_id=132, page_id=7500, browser=Firefox
Testing: csp_id=132, page_id=7600, browser=Firefox
Testing: csp_id=132, page_id=7700, browser=Firefox
Testing: csp_id=132, page_id=7800, browser=Firefox
Testing: csp_id=132, page_id=7900, browser=Firefox
Testing: csp_id=132, page_id=8000, browser=Firefox
Testing: csp_id=132, page_id=8100, browser=Firefox
Testing: csp_id=132, page_id=8200, browser=Firefox
Testing: csp_id=132, page_id=8300, browser=Firefox
Testing: csp_id=132, page_id=8400, browser=Firefox
Testing: csp_id=132, page_id=8500, browser=Firefox
Testing: csp_id=132, page_id=8600, browser=Firefox
Testing: csp_id=132, page_id=8700, browser=Firefox
Testing: csp_id=132, page_id=8800, browser=Firefox
Testing: csp_id=132, page_id=8900, browser=Firefox
Testing: csp_id=132, page_id=9000, browser=Firefox
Testing: csp_id=132, page_id=9100, browser=Firefox
Testing: csp_id=132, page_id=9200, browser=Firefox
Testing: csp_id=132, page_id=9300, browser=Firefox
Testing: csp_id=132, page_id=9400, browser=Firefox
Testing: csp_id=132, page_id=9500, browser=Firefox
Testing: csp_id=132, page_id=9600, browser=Firefox
Testing: csp_id=132, page_id=9700, browser=Firefox
Testing: csp_id=132, page_id=9800, browser=Firefox
Testing: csp_id=132, page_id=9900, browser=Firefox
Testing: csp_id=132, page_id=10000, browser=Firefox
Testing: csp_id=132, page_id=10100, browser=Firefox
Testing: csp_id=132, page_id=10200, browser=Firefox
Testing: csp_id=132, page_id=10300, browser=Firefox
Testing: csp_id=132, page_id=10400, browser=Firefox
Testing: csp_id=132, page_id=10500, browser=Firefox
Testing: csp_id=132, page_id=10600, browser=Firefox
Testing: csp_id=132, page_id=10700, browser=Firefox
Testing: csp_id=132, page_id=10800, browser=Firefox
Testing: csp_id=132, page_id=10900, browser=Firefox
Testing: csp_id=132, page_id=11000, browser=Firefox
Testing: csp_id=132, page_id=11100, browser=Firefox
Testing: csp_id=132, page_id=11200, browser=Firefox
Testing: csp_id=132, page_id=11300, browser=Firefox
Testing: csp_id=132, page_id=11400, browser=Firefox
Testing: csp_id=132, page_id=11500, browser=Firefox
Testing: csp_id=132, page_id=11600, browser=Firefox
Testing: csp_id=132, page_id=11700, browser=Firefox
Testing: csp_id=132, page_id=11800, browser=Firefox
Testing: csp_id=132, page_id=11900, browser=Firefox
Testing: csp_id=132, page_id=12000, browser=Firefox
Testing: csp_id=132, page_id=12100, browser=Firefox
Testing: csp_id=132, page_id=12200, browser=Firefox
Testing: csp_id=132, page_id=12300, browser=Firefox
Testing: csp_id=132, page_id=12400, browser=Firefox
Testing: csp_id=132, page_id=12500, browser=Firefox
Testing: csp_id=132, page_id=12600, browser=Firefox
Testing: csp_id=132, page_id=12700, browser=Firefox
Testing: csp_id=132, page_id=12800, browser=Firefox
Testing: csp_id=132, page_id=12900, browser=Firefox
Testing: csp_id=132, page_id=13000, browser=Firefox
Testing: csp_id=132, page_id=13100, browser=Firefox
Testing: csp_id=132, page_id=13200, browser=Firefox
Testing: csp_id=132, page_id=13300, browser=Firefox
Testing: csp_id=132, page_id=13400, browser=Firefox
Testing: csp_id=132, page_id=13500, browser=Firefox
Testing: csp_id=132, page_id=13600, browser=Firefox
Testing: csp_id=132, page_id=13700, browser=Firefox
Testing: csp_id=132, page_id=13800, browser=Firefox
Testing: csp_id=132, page_id=13900, browser=Firefox
Testing: csp_id=132, page_id=14000, browser=Firefox
Testing: csp_id=132, page_id=14100, browser=Firefox
Testing: csp_id=132, page_id=14200, browser=Firefox
Testing: csp_id=132, page_id=14300, browser=Firefox
Testing: csp_id=132, page_id=14400, browser=Firefox
Testing: csp_id=132, page_id=14500, browser=Firefox
Testing: csp_id=132, page_id=14600, browser=Firefox
Testing: csp_id=132, page_id=14700, browser=Firefox
Testing: csp_id=132, page_id=14800, browser=Firefox
Testing: csp_id=132, page_id=14900, browser=Firefox
Testing: csp_id=132, page_id=15000, browser=Firefox
Testing: csp_id=132, page_id=15100, browser=Firefox
Testing: csp_id=132, page_id=15200, browser=Firefox
Testing: csp_id=132, page_id=15300, browser=Firefox
Testing: csp_id=132, page_id=15400, browser=Firefox
Testing: csp_id=132, page_id=15500, browser=Firefox
Testing: csp_id=132, page_id=15600, browser=Firefox
Testing: csp_id=132, page_id=15700, browser=Firefox
Testing: csp_id=132, page_id=15800, browser=Firefox
Testing: csp_id=132, page_id=15900, browser=Firefox
Testing: csp_id=132, page_id=16000, browser=Firefox
Testing: csp_id=132, page_id=16100, browser=Firefox
Testing: csp_id=132, page_id=16200, browser=Firefox
Testing: csp_id=132, page_id=16300, browser=Firefox
Testing: csp_id=132, page_id=16400, browser=Firefox
Testing: csp_id=132, page_id=16500, browser=Firefox
Testing: csp_id=132, page_id=16600, browser=Firefox
Testing: csp_id=132, page_id=16700, browser=Firefox
Testing: csp_id=132, page_id=16800, browser=Firefox
Testing: csp_id=132, page_id=16900, browser=Firefox
Testing: csp_id=132, page_id=17000, browser=Firefox
Testing: csp_id=132, page_id=17100, browser=Firefox
Testing: csp_id=132, page_id=17200, browser=Firefox
Testing: csp_id=132, page_id=17300, browser=Firefox
Testing: csp_id=132, page_id=17400, browser=Firefox
Testing: csp_id=132, page_id=17500, browser=Firefox
Testing: csp_id=132, page_id=17600, browser=Firefox
Testing: csp_id=132, page_id=17700, browser=Firefox
Testing: csp_id=132, page_id=17800, browser=Firefox
Testing: csp_id=132, page_id=17900, browser=Firefox
Testing: csp_id=132, page_id=18000, browser=Firefox
Testing: csp_id=132, page_id=18100, browser=Firefox
Testing: csp_id=132, page_id=18200, browser=Firefox
Testing: csp_id=132, page_id=18300, browser=Firefox
Testing: csp_id=132, page_id=18400, browser=Firefox
Testing: csp_id=132, page_id=18500, browser=Firefox
Testing: csp_id=132, page_id=18600, browser=Firefox
Testing: csp_id=132, page_id=18700, browser=Firefox
Testing: csp_id=132, page_id=18800, browser=Firefox
Testing: csp_id=132, page_id=18900, browser=Firefox
Testing: csp_id=132, page_id=19000, browser=Firefox
Testing: csp_id=132, page_id=19100, browser=Firefox
Testing: csp_id=132, page_id=19200, browser=Firefox
Testing: csp_id=132, page_id=19300, browser=Firefox
Testing: csp_id=132, page_id=19400, browser=Firefox
Testing: csp_id=132, page_id=19500, browser=Firefox
Testing: csp_id=132, page_id=19600, browser=Firefox
Testing: csp_id=132, page_id=19700, browser=Firefox
Testing: csp_id=132, page_id=19800, browser=Firefox
Testing: csp_id=132, page_id=19900, browser=Firefox
Testing: csp_id=132, page_id=20000, browser=Firefox
Testing: csp_id=132, page_id=20100, browser=Firefox
Testing: csp_id=132, page_id=20200, browser=Firefox
Testing: csp_id=132, page_id=20300, browser=Firefox
Testing: csp_id=132, page_id=20400, browser=Firefox
Testing: csp_id=132, page_id=20500, browser=Firefox
Testing: csp_id=132, page_id=20600, browser=Firefox
Testing: csp_id=132, page_id=20700, browser=Firefox
Testing: csp_id=132, page_id=20800, browser=Firefox
Testing: csp_id=132, page_id=20900, browser=Firefox
Testing: csp_id=132, page_id=21000, browser=Firefox
Testing: csp_id=132, page_id=21100, browser=Firefox
Testing: csp_id=132, page_id=21200, browser=Firefox
Testing: csp_id=132, page_id=21300, browser=Firefox
Testing: csp_id=132, page_id=21400, browser=Firefox
Testing: csp_id=132, page_id=21500, browser=Firefox
Testing: csp_id=132, page_id=21600, browser=Firefox
Testing: csp_id=132, page_id=21700, browser=Firefox
Testing: csp_id=132, page_id=21800, browser=Firefox
Testing: csp_id=132, page_id=21900, browser=Firefox
Testing: csp_id=132, page_id=22000, browser=Firefox
Testing: csp_id=132, page_id=22100, browser=Firefox
Testing: csp_id=132, page_id=22200, browser=Firefox
Testing: csp_id=132, page_id=22300, browser=Firefox
Testing: csp_id=132, page_id=22400, browser=Firefox
Testing: csp_id=132, page_id=22500, browser=Firefox
Testing: csp_id=132, page_id=22600, browser=Firefox
Testing: csp_id=132, page_id=22700, browser=Firefox
Testing: csp_id=132, page_id=22800, browser=Firefox
Testing: csp_id=132, page_id=22900, browser=Firefox
Testing: csp_id=132, page_id=23000, browser=Firefox
Testing: csp_id=132, page_id=23100, browser=Firefox
Testing: csp_id=132, page_id=23200, browser=Firefox
Testing: csp_id=132, page_id=23300, browser=Firefox
Testing: csp_id=132, page_id=23400, browser=Firefox
Testing: csp_id=132, page_id=23500, browser=Firefox
Testing: csp_id=132, page_id=23600, browser=Firefox
Testing: csp_id=132, page_id=23700, browser=Firefox
Testing: csp_id=132, page_id=23800, browser=Firefox
Testing: csp_id=132, page_id=23900, browser=Firefox
Testing: csp_id=132, page_id=24000, browser=Firefox
Testing: csp_id=132, page_id=24100, browser=Firefox
Testing: csp_id=132, page_id=24200, browser=Firefox
Testing: csp_id=132, page_id=24300, browser=Firefox
Testing: csp_id=132, page_id=24400, browser=Firefox
Testing: csp_id=132, page_id=24500, browser=Firefox
Testing: csp_id=132, page_id=24600, browser=Firefox
Testing: csp_id=132, page_id=24700, browser=Firefox
Testing: csp_id=132, page_id=24800, browser=Firefox
Testing: csp_id=132, page_id=24900, browser=Firefox
Testing: csp_id=132, page_id=25000, browser=Firefox
Testing: csp_id=132, page_id=25100, browser=Firefox
Testing: csp_id=132, page_id=25200, browser=Firefox
Testing: csp_id=132, page_id=25300, browser=Firefox
Testing: csp_id=132, page_id=25400, browser=Firefox
Testing: csp_id=132, page_id=25500, browser=Firefox
Testing: csp_id=132, page_id=25600, browser=Firefox
Testing: csp_id=132, page_id=25700, browser=Firefox
Testing: csp_id=132, page_id=25800, browser=Firefox
Testing: csp_id=132, page_id=25900, browser=Firefox
Testing: csp_id=132, page_id=26000, browser=Firefox
Testing: csp_id=132, page_id=26100, browser=Firefox
Testing: csp_id=132, page_id=26200, browser=Firefox
Testing: csp_id=132, page_id=26300, browser=Firefox
Testing: csp_id=132, page_id=26400, browser=Firefox
Testing: csp_id=132, page_id=26500, browser=Firefox
Testing: csp_id=132, page_id=26600, browser=Firefox
Testing: csp_id=132, page_id=26700, browser=Firefox
Testing: csp_id=132, page_id=26800, browser=Firefox
Testing: csp_id=132, page_id=26900, browser=Firefox
Testing: csp_id=132, page_id=27000, browser=Firefox
Testing: csp_id=132, page_id=27100, browser=Firefox
Testing: csp_id=132, page_id=27200, browser=Firefox
Testing: csp_id=132, page_id=27300, browser=Firefox
Testing: csp_id=132, page_id=27400, browser=Firefox
Testing: csp_id=132, page_id=27500, browser=Firefox
Testing: csp_id=132, page_id=27600, browser=Firefox
Testing: csp_id=132, page_id=27700, browser=Firefox
Testing: csp_id=132, page_id=27800, browser=Firefox
Testing: csp_id=132, page_id=27900, browser=Firefox
Testing: csp_id=132, page_id=28000, browser=Firefox
Testing: csp_id=132, page_id=28100, browser=Firefox
Testing: csp_id=132, page_id=28200, browser=Firefox
Testing: csp_id=132, page_id=28300, browser=Firefox
Testing: csp_id=132, page_id=28400, browser=Firefox
Testing: csp_id=132, page_id=28500, browser=Firefox
Testing: csp_id=132, page_id=28600, browser=Firefox
Testing: csp_id=132, page_id=28700, browser=Firefox
Testing: csp_id=132, page_id=28800, browser=Firefox
Testing: csp_id=132, page_id=28900, browser=Firefox
Testing: csp_id=132, page_id=29000, browser=Firefox
Testing: csp_id=132, page_id=29100, browser=Firefox
Testing: csp_id=132, page_id=29200, browser=Firefox
Testing: csp_id=132, page_id=29300, browser=Firefox
Testing: csp_id=132, page_id=29400, browser=Firefox
Testing: csp_id=132, page_id=29500, browser=Firefox
Testing: csp_id=132, page_id=29600, browser=Firefox
Testing: csp_id=132, page_id=29700, browser=Firefox
Testing: csp_id=132, page_id=29800, browser=Firefox
🏊 create_context_pools[first] (5x16): 33.419s
Testing: csp_id=141, page_id=0, browser=Firefox
Testing: csp_id=141, page_id=100, browser=Firefox
Testing: csp_id=141, page_id=200, browser=Firefox
Testing: csp_id=141, page_id=300, browser=Firefox
Testing: csp_id=141, page_id=400, browser=Firefox
Testing: csp_id=141, page_id=500, browser=Firefox
Testing: csp_id=141, page_id=600, browser=Firefox
Testing: csp_id=141, page_id=700, browser=Firefox
Testing: csp_id=141, page_id=800, browser=Firefox
Testing: csp_id=141, page_id=900, browser=Firefox
Testing: csp_id=141, page_id=1000, browser=Firefox
Testing: csp_id=141, page_id=1100, browser=Firefox
Testing: csp_id=141, page_id=1200, browser=Firefox
Testing: csp_id=141, page_id=1300, browser=Firefox
Testing: csp_id=141, page_id=1400, browser=Firefox
Testing: csp_id=141, page_id=1500, browser=Firefox
Testing: csp_id=141, page_id=1600, browser=Firefox
Testing: csp_id=141, page_id=1700, browser=Firefox
Testing: csp_id=141, page_id=1800, browser=Firefox
Testing: csp_id=141, page_id=1900, browser=Firefox
Testing: csp_id=141, page_id=2000, browser=Firefox
Testing: csp_id=141, page_id=2100, browser=Firefox
Testing: csp_id=141, page_id=2200, browser=Firefox
Testing: csp_id=141, page_id=2300, browser=Firefox
Testing: csp_id=141, page_id=2400, browser=Firefox
Testing: csp_id=141, page_id=2500, browser=Firefox
Testing: csp_id=141, page_id=2600, browser=Firefox
Testing: csp_id=141, page_id=2700, browser=Firefox
Testing: csp_id=141, page_id=2800, browser=Firefox
Testing: csp_id=141, page_id=2900, browser=Firefox
Testing: csp_id=141, page_id=3000, browser=Firefox
Testing: csp_id=141, page_id=3100, browser=Firefox
Testing: csp_id=141, page_id=3200, browser=Firefox
Testing: csp_id=141, page_id=3300, browser=Firefox
Testing: csp_id=141, page_id=3400, browser=Firefox
Testing: csp_id=141, page_id=3500, browser=Firefox
Testing: csp_id=141, page_id=3600, browser=Firefox
Testing: csp_id=141, page_id=3700, browser=Firefox
Testing: csp_id=141, page_id=3800, browser=Firefox
Testing: csp_id=141, page_id=3900, browser=Firefox
Testing: csp_id=141, page_id=4000, browser=Firefox
Testing: csp_id=141, page_id=4100, browser=Firefox
Testing: csp_id=141, page_id=4200, browser=Firefox
Testing: csp_id=141, page_id=4300, browser=Firefox
Testing: csp_id=141, page_id=4400, browser=Firefox
Testing: csp_id=141, page_id=4500, browser=Firefox
Testing: csp_id=141, page_id=4600, browser=Firefox
Testing: csp_id=141, page_id=4700, browser=Firefox
Testing: csp_id=141, page_id=4800, browser=Firefox
Testing: csp_id=141, page_id=4900, browser=Firefox
Testing: csp_id=141, page_id=5000, browser=Firefox
Testing: csp_id=141, page_id=5100, browser=Firefox
Testing: csp_id=141, page_id=5200, browser=Firefox
Testing: csp_id=141, page_id=5300, browser=Firefox
Testing: csp_id=141, page_id=5400, browser=Firefox
Testing: csp_id=141, page_id=5500, browser=Firefox
Testing: csp_id=141, page_id=5600, browser=Firefox
Testing: csp_id=141, page_id=5700, browser=Firefox
Testing: csp_id=141, page_id=5800, browser=Firefox
Testing: csp_id=141, page_id=5900, browser=Firefox
Testing: csp_id=141, page_id=6000, browser=Firefox
Testing: csp_id=141, page_id=6100, browser=Firefox
Testing: csp_id=141, page_id=6200, browser=Firefox
Testing: csp_id=141, page_id=6300, browser=Firefox
Testing: csp_id=141, page_id=6400, browser=Firefox
Testing: csp_id=141, page_id=6500, browser=Firefox
Testing: csp_id=141, page_id=6600, browser=Firefox
Testing: csp_id=141, page_id=6700, browser=Firefox
Testing: csp_id=141, page_id=6800, browser=Firefox
Testing: csp_id=141, page_id=6900, browser=Firefox
Testing: csp_id=141, page_id=7000, browser=Firefox
Testing: csp_id=141, page_id=7100, browser=Firefox
Testing: csp_id=141, page_id=7200, browser=Firefox
Testing: csp_id=141, page_id=7300, browser=Firefox
Testing: csp_id=141, page_id=7400, browser=Firefox
Testing: csp_id=141, page_id=7500, browser=Firefox
Testing: csp_id=141, page_id=7600, browser=Firefox
Testing: csp_id=141, page_id=7700, browser=Firefox
Testing: csp_id=141, page_id=7800, browser=Firefox
Testing: csp_id=141, page_id=7900, browser=Firefox
Testing: csp_id=141, page_id=8000, browser=Firefox
Testing: csp_id=141, page_id=8100, browser=Firefox
Testing: csp_id=141, page_id=8200, browser=Firefox
Testing: csp_id=141, page_id=8300, browser=Firefox
Testing: csp_id=141, page_id=8400, browser=Firefox
Testing: csp_id=141, page_id=8500, browser=Firefox
Testing: csp_id=141, page_id=8600, browser=Firefox
Testing: csp_id=141, page_id=8700, browser=Firefox
Testing: csp_id=141, page_id=8800, browser=Firefox
Testing: csp_id=141, page_id=8900, browser=Firefox
Testing: csp_id=141, page_id=9000, browser=Firefox
Testing: csp_id=141, page_id=9100, browser=Firefox
Testing: csp_id=141, page_id=9200, browser=Firefox
Testing: csp_id=141, page_id=9300, browser=Firefox
Testing: csp_id=141, page_id=9400, browser=Firefox
Testing: csp_id=141, page_id=9500, browser=Firefox
Testing: csp_id=141, page_id=9600, browser=Firefox
Testing: csp_id=141, page_id=9700, browser=Firefox
Testing: csp_id=141, page_id=9800, browser=Firefox
Testing: csp_id=141, page_id=9900, browser=Firefox
Testing: csp_id=141, page_id=10000, browser=Firefox
Testing: csp_id=141, page_id=10100, browser=Firefox
Testing: csp_id=141, page_id=10200, browser=Firefox
Testing: csp_id=141, page_id=10300, browser=Firefox
Testing: csp_id=141, page_id=10400, browser=Firefox
Testing: csp_id=141, page_id=10500, browser=Firefox
Testing: csp_id=141, page_id=10600, browser=Firefox
Testing: csp_id=141, page_id=10700, browser=Firefox
Testing: csp_id=141, page_id=10800, browser=Firefox
Testing: csp_id=141, page_id=10900, browser=Firefox
Testing: csp_id=141, page_id=11000, browser=Firefox
Testing: csp_id=141, page_id=11100, browser=Firefox
Testing: csp_id=141, page_id=11200, browser=Firefox
Testing: csp_id=141, page_id=11300, browser=Firefox
Testing: csp_id=141, page_id=11400, browser=Firefox
Testing: csp_id=141, page_id=11500, browser=Firefox
Testing: csp_id=141, page_id=11600, browser=Firefox
Testing: csp_id=141, page_id=11700, browser=Firefox
Testing: csp_id=141, page_id=11800, browser=Firefox
Testing: csp_id=141, page_id=11900, browser=Firefox
Testing: csp_id=141, page_id=12000, browser=Firefox
Testing: csp_id=141, page_id=12100, browser=Firefox
Testing: csp_id=141, page_id=12200, browser=Firefox
Testing: csp_id=141, page_id=12300, browser=Firefox
Testing: csp_id=141, page_id=12400, browser=Firefox
Testing: csp_id=141, page_id=12500, browser=Firefox
Testing: csp_id=141, page_id=12600, browser=Firefox
Testing: csp_id=141, page_id=12700, browser=Firefox
Testing: csp_id=141, page_id=12800, browser=Firefox
Testing: csp_id=141, page_id=12900, browser=Firefox
Testing: csp_id=141, page_id=13000, browser=Firefox
Testing: csp_id=141, page_id=13100, browser=Firefox
Testing: csp_id=141, page_id=13200, browser=Firefox
Testing: csp_id=141, page_id=13300, browser=Firefox
Testing: csp_id=141, page_id=13400, browser=Firefox
Testing: csp_id=141, page_id=13500, browser=Firefox
Testing: csp_id=141, page_id=13600, browser=Firefox
Testing: csp_id=141, page_id=13700, browser=Firefox
Testing: csp_id=141, page_id=13800, browser=Firefox
Testing: csp_id=141, page_id=13900, browser=Firefox
Testing: csp_id=141, page_id=14000, browser=Firefox
Testing: csp_id=141, page_id=14100, browser=Firefox
Testing: csp_id=141, page_id=14200, browser=Firefox
Testing: csp_id=141, page_id=14300, browser=Firefox
Testing: csp_id=141, page_id=14400, browser=Firefox
Testing: csp_id=141, page_id=14500, browser=Firefox
Testing: csp_id=141, page_id=14600, browser=Firefox
Testing: csp_id=141, page_id=14700, browser=Firefox
Testing: csp_id=141, page_id=14800, browser=Firefox
Testing: csp_id=141, page_id=14900, browser=Firefox
Testing: csp_id=141, page_id=15000, browser=Firefox
Testing: csp_id=141, page_id=15100, browser=Firefox
Testing: csp_id=141, page_id=15200, browser=Firefox
Testing: csp_id=141, page_id=15300, browser=Firefox
Testing: csp_id=141, page_id=15400, browser=Firefox
Testing: csp_id=141, page_id=15500, browser=Firefox
Testing: csp_id=141, page_id=15600, browser=Firefox
Testing: csp_id=141, page_id=15700, browser=Firefox
Testing: csp_id=141, page_id=15800, browser=Firefox
Testing: csp_id=141, page_id=15900, browser=Firefox
Testing: csp_id=141, page_id=16000, browser=Firefox
Testing: csp_id=141, page_id=16100, browser=Firefox
Testing: csp_id=141, page_id=16200, browser=Firefox
Testing: csp_id=141, page_id=16300, browser=Firefox
Testing: csp_id=141, page_id=16400, browser=Firefox
Testing: csp_id=141, page_id=16500, browser=Firefox
Testing: csp_id=141, page_id=16600, browser=Firefox
Testing: csp_id=141, page_id=16700, browser=Firefox
Testing: csp_id=141, page_id=16800, browser=Firefox
Testing: csp_id=141, page_id=16900, browser=Firefox
Testing: csp_id=141, page_id=17000, browser=Firefox
Testing: csp_id=141, page_id=17100, browser=Firefox
Testing: csp_id=141, page_id=17200, browser=Firefox
Testing: csp_id=141, page_id=17300, browser=Firefox
Testing: csp_id=141, page_id=17400, browser=Firefox
Testing: csp_id=141, page_id=17500, browser=Firefox
Testing: csp_id=141, page_id=17600, browser=Firefox
Testing: csp_id=141, page_id=17700, browser=Firefox
Testing: csp_id=141, page_id=17800, browser=Firefox
Testing: csp_id=141, page_id=17900, browser=Firefox
Testing: csp_id=141, page_id=18000, browser=Firefox
Testing: csp_id=141, page_id=18100, browser=Firefox
Testing: csp_id=141, page_id=18200, browser=Firefox
Testing: csp_id=141, page_id=18300, browser=Firefox
Testing: csp_id=141, page_id=18400, browser=Firefox
Testing: csp_id=141, page_id=18500, browser=Firefox
Testing: csp_id=141, page_id=18600, browser=Firefox
Testing: csp_id=141, page_id=18700, browser=Firefox
Testing: csp_id=141, page_id=18800, browser=Firefox
Testing: csp_id=141, page_id=18900, browser=Firefox
Testing: csp_id=141, page_id=19000, browser=Firefox
Testing: csp_id=141, page_id=19100, browser=Firefox
Testing: csp_id=141, page_id=19200, browser=Firefox
Testing: csp_id=141, page_id=19300, browser=Firefox
Testing: csp_id=141, page_id=19400, browser=Firefox
Testing: csp_id=141, page_id=19500, browser=Firefox
Testing: csp_id=141, page_id=19600, browser=Firefox
Testing: csp_id=141, page_id=19700, browser=Firefox
Testing: csp_id=141, page_id=19800, browser=Firefox
Testing: csp_id=141, page_id=19900, browser=Firefox
Testing: csp_id=141, page_id=20000, browser=Firefox
Testing: csp_id=141, page_id=20100, browser=Firefox
Testing: csp_id=141, page_id=20200, browser=Firefox
Testing: csp_id=141, page_id=20300, browser=Firefox
Testing: csp_id=141, page_id=20400, browser=Firefox
Testing: csp_id=141, page_id=20500, browser=Firefox
Testing: csp_id=141, page_id=20600, browser=Firefox
Testing: csp_id=141, page_id=20700, browser=Firefox
Testing: csp_id=141, page_id=20800, browser=Firefox
Testing: csp_id=141, page_id=20900, browser=Firefox
Testing: csp_id=141, page_id=21000, browser=Firefox
Testing: csp_id=141, page_id=21100, browser=Firefox
Testing: csp_id=141, page_id=21200, browser=Firefox
Testing: csp_id=141, page_id=21300, browser=Firefox
Testing: csp_id=141, page_id=21400, browser=Firefox
Testing: csp_id=141, page_id=21500, browser=Firefox
Testing: csp_id=141, page_id=21600, browser=Firefox
Testing: csp_id=141, page_id=21700, browser=Firefox
Testing: csp_id=141, page_id=21800, browser=Firefox
Testing: csp_id=141, page_id=21900, browser=Firefox
Testing: csp_id=141, page_id=22000, browser=Firefox
Testing: csp_id=141, page_id=22100, browser=Firefox
Testing: csp_id=141, page_id=22200, browser=Firefox
Testing: csp_id=141, page_id=22300, browser=Firefox
Testing: csp_id=141, page_id=22400, browser=Firefox
Testing: csp_id=141, page_id=22500, browser=Firefox
Testing: csp_id=141, page_id=22600, browser=Firefox
Testing: csp_id=141, page_id=22700, browser=Firefox
Testing: csp_id=141, page_id=22800, browser=Firefox
Testing: csp_id=141, page_id=22900, browser=Firefox
Testing: csp_id=141, page_id=23000, browser=Firefox
Testing: csp_id=141, page_id=23100, browser=Firefox
Testing: csp_id=141, page_id=23200, browser=Firefox
Testing: csp_id=141, page_id=23300, browser=Firefox
Testing: csp_id=141, page_id=23400, browser=Firefox
Testing: csp_id=141, page_id=23500, browser=Firefox
Testing: csp_id=141, page_id=23600, browser=Firefox
Testing: csp_id=141, page_id=23700, browser=Firefox
Testing: csp_id=141, page_id=23800, browser=Firefox
Testing: csp_id=141, page_id=23900, browser=Firefox
Testing: csp_id=141, page_id=24000, browser=Firefox
Testing: csp_id=141, page_id=24100, browser=Firefox
Testing: csp_id=141, page_id=24200, browser=Firefox
Testing: csp_id=141, page_id=24300, browser=Firefox
Testing: csp_id=141, page_id=24400, browser=Firefox
Testing: csp_id=141, page_id=24500, browser=Firefox
Testing: csp_id=141, page_id=24600, browser=Firefox
Testing: csp_id=141, page_id=24700, browser=Firefox
Testing: csp_id=141, page_id=24800, browser=Firefox
Testing: csp_id=141, page_id=24900, browser=Firefox
Testing: csp_id=141, page_id=25000, browser=Firefox
Testing: csp_id=141, page_id=25100, browser=Firefox
Testing: csp_id=141, page_id=25200, browser=Firefox
Testing: csp_id=141, page_id=25300, browser=Firefox
Testing: csp_id=141, page_id=25400, browser=Firefox
Testing: csp_id=141, page_id=25500, browser=Firefox
Testing: csp_id=141, page_id=25600, browser=Firefox
Testing: csp_id=141, page_id=25700, browser=Firefox
Testing: csp_id=141, page_id=25800, browser=Firefox
Testing: csp_id=141, page_id=25900, browser=Firefox
Testing: csp_id=141, page_id=26000, browser=Firefox
Testing: csp_id=141, page_id=26100, browser=Firefox
Testing: csp_id=141, page_id=26200, browser=Firefox
Testing: csp_id=141, page_id=26300, browser=Firefox
Testing: csp_id=141, page_id=26400, browser=Firefox
Testing: csp_id=141, page_id=26500, browser=Firefox
Testing: csp_id=141, page_id=26600, browser=Firefox
Testing: csp_id=141, page_id=26700, browser=Firefox
Testing: csp_id=141, page_id=26800, browser=Firefox
Testing: csp_id=141, page_id=26900, browser=Firefox
Testing: csp_id=141, page_id=27000, browser=Firefox
Testing: csp_id=141, page_id=27100, browser=Firefox
Testing: csp_id=141, page_id=27200, browser=Firefox
Testing: csp_id=141, page_id=27300, browser=Firefox
Testing: csp_id=141, page_id=27400, browser=Firefox
Testing: csp_id=141, page_id=27500, browser=Firefox
Testing: csp_id=141, page_id=27600, browser=Firefox
Testing: csp_id=141, page_id=27700, browser=Firefox
Testing: csp_id=141, page_id=27800, browser=Firefox
Testing: csp_id=141, page_id=27900, browser=Firefox
Testing: csp_id=141, page_id=28000, browser=Firefox
Testing: csp_id=141, page_id=28100, browser=Firefox
Testing: csp_id=141, page_id=28200, browser=Firefox
Testing: csp_id=141, page_id=28300, browser=Firefox
Testing: csp_id=141, page_id=28400, browser=Firefox
Testing: csp_id=141, page_id=28500, browser=Firefox
Testing: csp_id=141, page_id=28600, browser=Firefox
Testing: csp_id=141, page_id=28700, browser=Firefox
Testing: csp_id=141, page_id=28800, browser=Firefox
Testing: csp_id=141, page_id=28900, browser=Firefox
Testing: csp_id=141, page_id=29000, browser=Firefox
Testing: csp_id=141, page_id=29100, browser=Firefox
Testing: csp_id=141, page_id=29200, browser=Firefox
Testing: csp_id=141, page_id=29300, browser=Firefox
Testing: csp_id=141, page_id=29400, browser=Firefox
Testing: csp_id=141, page_id=29500, browser=Firefox
Testing: csp_id=141, page_id=29600, browser=Firefox
Testing: csp_id=141, page_id=29700, browser=Firefox
Testing: csp_id=141, page_id=29800, browser=Firefox
🏊 create_context_pools[first] (5x16): 28.912s
Testing: csp_id=152, page_id=0, browser=Firefox
Testing: csp_id=152, page_id=100, browser=Firefox
Testing: csp_id=152, page_id=200, browser=Firefox
Testing: csp_id=152, page_id=300, browser=Firefox
Testing: csp_id=152, page_id=400, browser=Firefox
Testing: csp_id=152, page_id=500, browser=Firefox
Testing: csp_id=152, page_id=600, browser=Firefox
Testing: csp_id=152, page_id=700, browser=Firefox
Testing: csp_id=152, page_id=800, browser=Firefox
Testing: csp_id=152, page_id=900, browser=Firefox
Testing: csp_id=152, page_id=1000, browser=Firefox
Testing: csp_id=152, page_id=1100, browser=Firefox
Testing: csp_id=152, page_id=1200, browser=Firefox
Testing: csp_id=152, page_id=1300, browser=Firefox
Testing: csp_id=152, page_id=1400, browser=Firefox
Testing: csp_id=152, page_id=1500, browser=Firefox
Testing: csp_id=152, page_id=1600, browser=Firefox
Testing: csp_id=152, page_id=1700, browser=Firefox
Testing: csp_id=152, page_id=1800, browser=Firefox
Testing: csp_id=152, page_id=1900, browser=Firefox
Testing: csp_id=152, page_id=2000, browser=Firefox
Testing: csp_id=152, page_id=2100, browser=Firefox
Testing: csp_id=152, page_id=2200, browser=Firefox
Testing: csp_id=152, page_id=2300, browser=Firefox
Testing: csp_id=152, page_id=2400, browser=Firefox
Testing: csp_id=152, page_id=2500, browser=Firefox
Testing: csp_id=152, page_id=2600, browser=Firefox
Testing: csp_id=152, page_id=2700, browser=Firefox
Testing: csp_id=152, page_id=2800, browser=Firefox
Testing: csp_id=152, page_id=2900, browser=Firefox
Testing: csp_id=152, page_id=3000, browser=Firefox
Testing: csp_id=152, page_id=3100, browser=Firefox
Testing: csp_id=152, page_id=3200, browser=Firefox
Testing: csp_id=152, page_id=3300, browser=Firefox
Testing: csp_id=152, page_id=3400, browser=Firefox
Testing: csp_id=152, page_id=3500, browser=Firefox
Testing: csp_id=152, page_id=3600, browser=Firefox
Testing: csp_id=152, page_id=3700, browser=Firefox
Testing: csp_id=152, page_id=3800, browser=Firefox
Testing: csp_id=152, page_id=3900, browser=Firefox
Testing: csp_id=152, page_id=4000, browser=Firefox
Testing: csp_id=152, page_id=4100, browser=Firefox
Testing: csp_id=152, page_id=4200, browser=Firefox
Testing: csp_id=152, page_id=4300, browser=Firefox
Testing: csp_id=152, page_id=4400, browser=Firefox
Testing: csp_id=152, page_id=4500, browser=Firefox
Testing: csp_id=152, page_id=4600, browser=Firefox
Testing: csp_id=152, page_id=4700, browser=Firefox
Testing: csp_id=152, page_id=4800, browser=Firefox
Testing: csp_id=152, page_id=4900, browser=Firefox
Testing: csp_id=152, page_id=5000, browser=Firefox
Testing: csp_id=152, page_id=5100, browser=Firefox
Testing: csp_id=152, page_id=5200, browser=Firefox
Testing: csp_id=152, page_id=5300, browser=Firefox
Testing: csp_id=152, page_id=5400, browser=Firefox
Testing: csp_id=152, page_id=5500, browser=Firefox
Testing: csp_id=152, page_id=5600, browser=Firefox
Testing: csp_id=152, page_id=5700, browser=Firefox
Testing: csp_id=152, page_id=5800, browser=Firefox
Testing: csp_id=152, page_id=5900, browser=Firefox
Testing: csp_id=152, page_id=6000, browser=Firefox
Testing: csp_id=152, page_id=6100, browser=Firefox
Testing: csp_id=152, page_id=6200, browser=Firefox
Testing: csp_id=152, page_id=6300, browser=Firefox
Testing: csp_id=152, page_id=6400, browser=Firefox
Testing: csp_id=152, page_id=6500, browser=Firefox
Testing: csp_id=152, page_id=6600, browser=Firefox
Testing: csp_id=152, page_id=6700, browser=Firefox
Testing: csp_id=152, page_id=6800, browser=Firefox
Testing: csp_id=152, page_id=6900, browser=Firefox
Testing: csp_id=152, page_id=7000, browser=Firefox
Testing: csp_id=152, page_id=7100, browser=Firefox
Testing: csp_id=152, page_id=7200, browser=Firefox
Testing: csp_id=152, page_id=7300, browser=Firefox
Testing: csp_id=152, page_id=7400, browser=Firefox
Testing: csp_id=152, page_id=7500, browser=Firefox
Testing: csp_id=152, page_id=7600, browser=Firefox
Testing: csp_id=152, page_id=7700, browser=Firefox
Testing: csp_id=152, page_id=7800, browser=Firefox
Testing: csp_id=152, page_id=7900, browser=Firefox
Testing: csp_id=152, page_id=8000, browser=Firefox
Testing: csp_id=152, page_id=8100, browser=Firefox
Testing: csp_id=152, page_id=8200, browser=Firefox
Testing: csp_id=152, page_id=8300, browser=Firefox
Testing: csp_id=152, page_id=8400, browser=Firefox
Testing: csp_id=152, page_id=8500, browser=Firefox
Testing: csp_id=152, page_id=8600, browser=Firefox
Testing: csp_id=152, page_id=8700, browser=Firefox
Testing: csp_id=152, page_id=8800, browser=Firefox
Testing: csp_id=152, page_id=8900, browser=Firefox
Testing: csp_id=152, page_id=9000, browser=Firefox
Testing: csp_id=152, page_id=9100, browser=Firefox
Testing: csp_id=152, page_id=9200, browser=Firefox
Testing: csp_id=152, page_id=9300, browser=Firefox
Testing: csp_id=152, page_id=9400, browser=Firefox
Testing: csp_id=152, page_id=9500, browser=Firefox
Testing: csp_id=152, page_id=9600, browser=Firefox
Testing: csp_id=152, page_id=9700, browser=Firefox
Testing: csp_id=152, page_id=9800, browser=Firefox
Testing: csp_id=152, page_id=9900, browser=Firefox
Testing: csp_id=152, page_id=10000, browser=Firefox
Testing: csp_id=152, page_id=10100, browser=Firefox
Testing: csp_id=152, page_id=10200, browser=Firefox
Testing: csp_id=152, page_id=10300, browser=Firefox
Testing: csp_id=152, page_id=10400, browser=Firefox
Testing: csp_id=152, page_id=10500, browser=Firefox
Testing: csp_id=152, page_id=10600, browser=Firefox
Testing: csp_id=152, page_id=10700, browser=Firefox
Testing: csp_id=152, page_id=10800, browser=Firefox
Testing: csp_id=152, page_id=10900, browser=Firefox
Testing: csp_id=152, page_id=11000, browser=Firefox
Testing: csp_id=152, page_id=11100, browser=Firefox
Testing: csp_id=152, page_id=11200, browser=Firefox
Testing: csp_id=152, page_id=11300, browser=Firefox
Testing: csp_id=152, page_id=11400, browser=Firefox
Testing: csp_id=152, page_id=11500, browser=Firefox
Testing: csp_id=152, page_id=11600, browser=Firefox
Testing: csp_id=152, page_id=11700, browser=Firefox
Testing: csp_id=152, page_id=11800, browser=Firefox
Testing: csp_id=152, page_id=11900, browser=Firefox
Testing: csp_id=152, page_id=12000, browser=Firefox
Testing: csp_id=152, page_id=12100, browser=Firefox
Testing: csp_id=152, page_id=12200, browser=Firefox
Testing: csp_id=152, page_id=12300, browser=Firefox
Testing: csp_id=152, page_id=12400, browser=Firefox
Testing: csp_id=152, page_id=12500, browser=Firefox
Testing: csp_id=152, page_id=12600, browser=Firefox
Testing: csp_id=152, page_id=12700, browser=Firefox
Testing: csp_id=152, page_id=12800, browser=Firefox
Testing: csp_id=152, page_id=12900, browser=Firefox
Testing: csp_id=152, page_id=13000, browser=Firefox
Testing: csp_id=152, page_id=13100, browser=Firefox
Testing: csp_id=152, page_id=13200, browser=Firefox
Testing: csp_id=152, page_id=13300, browser=Firefox
Testing: csp_id=152, page_id=13400, browser=Firefox
Testing: csp_id=152, page_id=13500, browser=Firefox
Testing: csp_id=152, page_id=13600, browser=Firefox
Testing: csp_id=152, page_id=13700, browser=Firefox
Testing: csp_id=152, page_id=13800, browser=Firefox
Testing: csp_id=152, page_id=13900, browser=Firefox
Testing: csp_id=152, page_id=14000, browser=Firefox
Testing: csp_id=152, page_id=14100, browser=Firefox
Testing: csp_id=152, page_id=14200, browser=Firefox
Testing: csp_id=152, page_id=14300, browser=Firefox
Testing: csp_id=152, page_id=14400, browser=Firefox
Testing: csp_id=152, page_id=14500, browser=Firefox
Testing: csp_id=152, page_id=14600, browser=Firefox
Testing: csp_id=152, page_id=14700, browser=Firefox
Testing: csp_id=152, page_id=14800, browser=Firefox
Testing: csp_id=152, page_id=14900, browser=Firefox
Testing: csp_id=152, page_id=15000, browser=Firefox
Testing: csp_id=152, page_id=15100, browser=Firefox
Testing: csp_id=152, page_id=15200, browser=Firefox
Testing: csp_id=152, page_id=15300, browser=Firefox
Testing: csp_id=152, page_id=15400, browser=Firefox
Testing: csp_id=152, page_id=15500, browser=Firefox
Testing: csp_id=152, page_id=15600, browser=Firefox
Testing: csp_id=152, page_id=15700, browser=Firefox
Testing: csp_id=152, page_id=15800, browser=Firefox
Testing: csp_id=152, page_id=15900, browser=Firefox
Testing: csp_id=152, page_id=16000, browser=Firefox
Testing: csp_id=152, page_id=16100, browser=Firefox
Testing: csp_id=152, page_id=16200, browser=Firefox
Testing: csp_id=152, page_id=16300, browser=Firefox
Testing: csp_id=152, page_id=16400, browser=Firefox
Testing: csp_id=152, page_id=16500, browser=Firefox
Testing: csp_id=152, page_id=16600, browser=Firefox
Testing: csp_id=152, page_id=16700, browser=Firefox
Testing: csp_id=152, page_id=16800, browser=Firefox
Testing: csp_id=152, page_id=16900, browser=Firefox
Testing: csp_id=152, page_id=17000, browser=Firefox
Testing: csp_id=152, page_id=17100, browser=Firefox
Testing: csp_id=152, page_id=17200, browser=Firefox
Testing: csp_id=152, page_id=17300, browser=Firefox
Testing: csp_id=152, page_id=17400, browser=Firefox
Testing: csp_id=152, page_id=17500, browser=Firefox
Testing: csp_id=152, page_id=17600, browser=Firefox
Testing: csp_id=152, page_id=17700, browser=Firefox
Testing: csp_id=152, page_id=17800, browser=Firefox
Testing: csp_id=152, page_id=17900, browser=Firefox
Testing: csp_id=152, page_id=18000, browser=Firefox
Testing: csp_id=152, page_id=18100, browser=Firefox
Testing: csp_id=152, page_id=18200, browser=Firefox
Testing: csp_id=152, page_id=18300, browser=Firefox
Testing: csp_id=152, page_id=18400, browser=Firefox
Testing: csp_id=152, page_id=18500, browser=Firefox
Testing: csp_id=152, page_id=18600, browser=Firefox
Testing: csp_id=152, page_id=18700, browser=Firefox
Testing: csp_id=152, page_id=18800, browser=Firefox
Testing: csp_id=152, page_id=18900, browser=Firefox
Testing: csp_id=152, page_id=19000, browser=Firefox
Testing: csp_id=152, page_id=19100, browser=Firefox
Testing: csp_id=152, page_id=19200, browser=Firefox
Testing: csp_id=152, page_id=19300, browser=Firefox
Testing: csp_id=152, page_id=19400, browser=Firefox
Testing: csp_id=152, page_id=19500, browser=Firefox
Testing: csp_id=152, page_id=19600, browser=Firefox
Testing: csp_id=152, page_id=19700, browser=Firefox
Testing: csp_id=152, page_id=19800, browser=Firefox
Testing: csp_id=152, page_id=19900, browser=Firefox
Testing: csp_id=152, page_id=20000, browser=Firefox
Testing: csp_id=152, page_id=20100, browser=Firefox
Testing: csp_id=152, page_id=20200, browser=Firefox
Testing: csp_id=152, page_id=20300, browser=Firefox
Testing: csp_id=152, page_id=20400, browser=Firefox
Testing: csp_id=152, page_id=20500, browser=Firefox
Testing: csp_id=152, page_id=20600, browser=Firefox
Testing: csp_id=152, page_id=20700, browser=Firefox
Testing: csp_id=152, page_id=20800, browser=Firefox
Testing: csp_id=152, page_id=20900, browser=Firefox
Testing: csp_id=152, page_id=21000, browser=Firefox
Testing: csp_id=152, page_id=21100, browser=Firefox
Testing: csp_id=152, page_id=21200, browser=Firefox
Testing: csp_id=152, page_id=21300, browser=Firefox
Testing: csp_id=152, page_id=21400, browser=Firefox
Testing: csp_id=152, page_id=21500, browser=Firefox
Testing: csp_id=152, page_id=21600, browser=Firefox
Testing: csp_id=152, page_id=21700, browser=Firefox
Testing: csp_id=152, page_id=21800, browser=Firefox
Testing: csp_id=152, page_id=21900, browser=Firefox
Testing: csp_id=152, page_id=22000, browser=Firefox
Testing: csp_id=152, page_id=22100, browser=Firefox
Testing: csp_id=152, page_id=22200, browser=Firefox
Testing: csp_id=152, page_id=22300, browser=Firefox
Testing: csp_id=152, page_id=22400, browser=Firefox
Testing: csp_id=152, page_id=22500, browser=Firefox
Testing: csp_id=152, page_id=22600, browser=Firefox
Testing: csp_id=152, page_id=22700, browser=Firefox
Testing: csp_id=152, page_id=22800, browser=Firefox
Testing: csp_id=152, page_id=22900, browser=Firefox
Testing: csp_id=152, page_id=23000, browser=Firefox
Testing: csp_id=152, page_id=23100, browser=Firefox
Testing: csp_id=152, page_id=23200, browser=Firefox
Testing: csp_id=152, page_id=23300, browser=Firefox
Testing: csp_id=152, page_id=23400, browser=Firefox
Testing: csp_id=152, page_id=23500, browser=Firefox
Testing: csp_id=152, page_id=23600, browser=Firefox
Testing: csp_id=152, page_id=23700, browser=Firefox
Testing: csp_id=152, page_id=23800, browser=Firefox
Testing: csp_id=152, page_id=23900, browser=Firefox
Testing: csp_id=152, page_id=24000, browser=Firefox
Testing: csp_id=152, page_id=24100, browser=Firefox
Testing: csp_id=152, page_id=24200, browser=Firefox
Testing: csp_id=152, page_id=24300, browser=Firefox
Testing: csp_id=152, page_id=24400, browser=Firefox
Testing: csp_id=152, page_id=24500, browser=Firefox
Testing: csp_id=152, page_id=24600, browser=Firefox
Testing: csp_id=152, page_id=24700, browser=Firefox
Testing: csp_id=152, page_id=24800, browser=Firefox
Testing: csp_id=152, page_id=24900, browser=Firefox
Testing: csp_id=152, page_id=25000, browser=Firefox
Testing: csp_id=152, page_id=25100, browser=Firefox
Testing: csp_id=152, page_id=25200, browser=Firefox
Testing: csp_id=152, page_id=25300, browser=Firefox
Testing: csp_id=152, page_id=25400, browser=Firefox
Testing: csp_id=152, page_id=25500, browser=Firefox
Testing: csp_id=152, page_id=25600, browser=Firefox
Testing: csp_id=152, page_id=25700, browser=Firefox
Testing: csp_id=152, page_id=25800, browser=Firefox
Testing: csp_id=152, page_id=25900, browser=Firefox
Testing: csp_id=152, page_id=26000, browser=Firefox
Testing: csp_id=152, page_id=26100, browser=Firefox
Testing: csp_id=152, page_id=26200, browser=Firefox
Testing: csp_id=152, page_id=26300, browser=Firefox
Testing: csp_id=152, page_id=26400, browser=Firefox
Testing: csp_id=152, page_id=26500, browser=Firefox
Testing: csp_id=152, page_id=26600, browser=Firefox
Testing: csp_id=152, page_id=26700, browser=Firefox
Testing: csp_id=152, page_id=26800, browser=Firefox
Testing: csp_id=152, page_id=26900, browser=Firefox
Testing: csp_id=152, page_id=27000, browser=Firefox
Testing: csp_id=152, page_id=27100, browser=Firefox
Testing: csp_id=152, page_id=27200, browser=Firefox
Testing: csp_id=152, page_id=27300, browser=Firefox
Testing: csp_id=152, page_id=27400, browser=Firefox
Testing: csp_id=152, page_id=27500, browser=Firefox
Testing: csp_id=152, page_id=27600, browser=Firefox
Testing: csp_id=152, page_id=27700, browser=Firefox
Testing: csp_id=152, page_id=27800, browser=Firefox
Testing: csp_id=152, page_id=27900, browser=Firefox
Testing: csp_id=152, page_id=28000, browser=Firefox
Testing: csp_id=152, page_id=28100, browser=Firefox
Testing: csp_id=152, page_id=28200, browser=Firefox
Testing: csp_id=152, page_id=28300, browser=Firefox
Testing: csp_id=152, page_id=28400, browser=Firefox
Testing: csp_id=152, page_id=28500, browser=Firefox
Testing: csp_id=152, page_id=28600, browser=Firefox
Testing: csp_id=152, page_id=28700, browser=Firefox
Testing: csp_id=152, page_id=28800, browser=Firefox
Testing: csp_id=152, page_id=28900, browser=Firefox
Testing: csp_id=152, page_id=29000, browser=Firefox
Testing: csp_id=152, page_id=29100, browser=Firefox
Testing: csp_id=152, page_id=29200, browser=Firefox
Testing: csp_id=152, page_id=29300, browser=Firefox
Testing: csp_id=152, page_id=29400, browser=Firefox
Testing: csp_id=152, page_id=29500, browser=Firefox
Testing: csp_id=152, page_id=29600, browser=Firefox
Testing: csp_id=152, page_id=29700, browser=Firefox
Testing: csp_id=152, page_id=29800, browser=Firefox
🏊 create_context_pools[first] (5x16): 33.359s
Testing: csp_id=161, page_id=0, browser=Firefox
Testing: csp_id=161, page_id=100, browser=Firefox
Testing: csp_id=161, page_id=200, browser=Firefox
Testing: csp_id=161, page_id=300, browser=Firefox
Testing: csp_id=161, page_id=400, browser=Firefox
Testing: csp_id=161, page_id=500, browser=Firefox
Testing: csp_id=161, page_id=600, browser=Firefox
Testing: csp_id=161, page_id=700, browser=Firefox
Testing: csp_id=161, page_id=800, browser=Firefox
Testing: csp_id=161, page_id=900, browser=Firefox
Testing: csp_id=161, page_id=1000, browser=Firefox
Testing: csp_id=161, page_id=1100, browser=Firefox
Testing: csp_id=161, page_id=1200, browser=Firefox
Testing: csp_id=161, page_id=1300, browser=Firefox
Testing: csp_id=161, page_id=1400, browser=Firefox
Testing: csp_id=161, page_id=1500, browser=Firefox
Testing: csp_id=161, page_id=1600, browser=Firefox
Testing: csp_id=161, page_id=1700, browser=Firefox
Testing: csp_id=161, page_id=1800, browser=Firefox
Testing: csp_id=161, page_id=1900, browser=Firefox
Testing: csp_id=161, page_id=2000, browser=Firefox
Testing: csp_id=161, page_id=2100, browser=Firefox
Testing: csp_id=161, page_id=2200, browser=Firefox
Testing: csp_id=161, page_id=2300, browser=Firefox
Testing: csp_id=161, page_id=2400, browser=Firefox
Testing: csp_id=161, page_id=2500, browser=Firefox
Testing: csp_id=161, page_id=2600, browser=Firefox
Testing: csp_id=161, page_id=2700, browser=Firefox
Testing: csp_id=161, page_id=2800, browser=Firefox
Testing: csp_id=161, page_id=2900, browser=Firefox
Testing: csp_id=161, page_id=3000, browser=Firefox
Testing: csp_id=161, page_id=3100, browser=Firefox
Testing: csp_id=161, page_id=3200, browser=Firefox
Testing: csp_id=161, page_id=3300, browser=Firefox
Testing: csp_id=161, page_id=3400, browser=Firefox
Testing: csp_id=161, page_id=3500, browser=Firefox
Testing: csp_id=161, page_id=3600, browser=Firefox
Testing: csp_id=161, page_id=3700, browser=Firefox
Testing: csp_id=161, page_id=3800, browser=Firefox
Testing: csp_id=161, page_id=3900, browser=Firefox
Testing: csp_id=161, page_id=4000, browser=Firefox
Testing: csp_id=161, page_id=4100, browser=Firefox
Testing: csp_id=161, page_id=4200, browser=Firefox
Testing: csp_id=161, page_id=4300, browser=Firefox
Testing: csp_id=161, page_id=4400, browser=Firefox
Testing: csp_id=161, page_id=4500, browser=Firefox
Testing: csp_id=161, page_id=4600, browser=Firefox
Testing: csp_id=161, page_id=4700, browser=Firefox
Testing: csp_id=161, page_id=4800, browser=Firefox
Testing: csp_id=161, page_id=4900, browser=Firefox
Testing: csp_id=161, page_id=5000, browser=Firefox
Testing: csp_id=161, page_id=5100, browser=Firefox
Testing: csp_id=161, page_id=5200, browser=Firefox
Testing: csp_id=161, page_id=5300, browser=Firefox
Testing: csp_id=161, page_id=5400, browser=Firefox
Testing: csp_id=161, page_id=5500, browser=Firefox
Testing: csp_id=161, page_id=5600, browser=Firefox
Testing: csp_id=161, page_id=5700, browser=Firefox
Testing: csp_id=161, page_id=5800, browser=Firefox
Testing: csp_id=161, page_id=5900, browser=Firefox
Testing: csp_id=161, page_id=6000, browser=Firefox
Testing: csp_id=161, page_id=6100, browser=Firefox
Testing: csp_id=161, page_id=6200, browser=Firefox
Testing: csp_id=161, page_id=6300, browser=Firefox
Testing: csp_id=161, page_id=6400, browser=Firefox
Testing: csp_id=161, page_id=6500, browser=Firefox
Testing: csp_id=161, page_id=6600, browser=Firefox
Testing: csp_id=161, page_id=6700, browser=Firefox
Testing: csp_id=161, page_id=6800, browser=Firefox
Testing: csp_id=161, page_id=6900, browser=Firefox
Testing: csp_id=161, page_id=7000, browser=Firefox
Testing: csp_id=161, page_id=7100, browser=Firefox
Testing: csp_id=161, page_id=7200, browser=Firefox
Testing: csp_id=161, page_id=7300, browser=Firefox
Testing: csp_id=161, page_id=7400, browser=Firefox
Testing: csp_id=161, page_id=7500, browser=Firefox
Testing: csp_id=161, page_id=7600, browser=Firefox
Testing: csp_id=161, page_id=7700, browser=Firefox
Testing: csp_id=161, page_id=7800, browser=Firefox
Testing: csp_id=161, page_id=7900, browser=Firefox
Testing: csp_id=161, page_id=8000, browser=Firefox
Testing: csp_id=161, page_id=8100, browser=Firefox
Testing: csp_id=161, page_id=8200, browser=Firefox
Testing: csp_id=161, page_id=8300, browser=Firefox
Testing: csp_id=161, page_id=8400, browser=Firefox
Testing: csp_id=161, page_id=8500, browser=Firefox
Testing: csp_id=161, page_id=8600, browser=Firefox
Testing: csp_id=161, page_id=8700, browser=Firefox
Testing: csp_id=161, page_id=8800, browser=Firefox
Testing: csp_id=161, page_id=8900, browser=Firefox
Testing: csp_id=161, page_id=9000, browser=Firefox
Testing: csp_id=161, page_id=9100, browser=Firefox
Testing: csp_id=161, page_id=9200, browser=Firefox
Testing: csp_id=161, page_id=9300, browser=Firefox
Testing: csp_id=161, page_id=9400, browser=Firefox
Testing: csp_id=161, page_id=9500, browser=Firefox
Testing: csp_id=161, page_id=9600, browser=Firefox
Testing: csp_id=161, page_id=9700, browser=Firefox
Testing: csp_id=161, page_id=9800, browser=Firefox
Testing: csp_id=161, page_id=9900, browser=Firefox
Testing: csp_id=161, page_id=10000, browser=Firefox
Testing: csp_id=161, page_id=10100, browser=Firefox
Testing: csp_id=161, page_id=10200, browser=Firefox
Testing: csp_id=161, page_id=10300, browser=Firefox
Testing: csp_id=161, page_id=10400, browser=Firefox
Testing: csp_id=161, page_id=10500, browser=Firefox
Testing: csp_id=161, page_id=10600, browser=Firefox
Testing: csp_id=161, page_id=10700, browser=Firefox
Testing: csp_id=161, page_id=10800, browser=Firefox
Testing: csp_id=161, page_id=10900, browser=Firefox
Testing: csp_id=161, page_id=11000, browser=Firefox
Testing: csp_id=161, page_id=11100, browser=Firefox
Testing: csp_id=161, page_id=11200, browser=Firefox
Testing: csp_id=161, page_id=11300, browser=Firefox
Testing: csp_id=161, page_id=11400, browser=Firefox
Testing: csp_id=161, page_id=11500, browser=Firefox
Testing: csp_id=161, page_id=11600, browser=Firefox
Testing: csp_id=161, page_id=11700, browser=Firefox
Testing: csp_id=161, page_id=11800, browser=Firefox
Testing: csp_id=161, page_id=11900, browser=Firefox
Testing: csp_id=161, page_id=12000, browser=Firefox
Testing: csp_id=161, page_id=12100, browser=Firefox
Testing: csp_id=161, page_id=12200, browser=Firefox
Testing: csp_id=161, page_id=12300, browser=Firefox
Testing: csp_id=161, page_id=12400, browser=Firefox
Testing: csp_id=161, page_id=12500, browser=Firefox
Testing: csp_id=161, page_id=12600, browser=Firefox
Testing: csp_id=161, page_id=12700, browser=Firefox
Testing: csp_id=161, page_id=12800, browser=Firefox
Testing: csp_id=161, page_id=12900, browser=Firefox
Testing: csp_id=161, page_id=13000, browser=Firefox
Testing: csp_id=161, page_id=13100, browser=Firefox
Testing: csp_id=161, page_id=13200, browser=Firefox
Testing: csp_id=161, page_id=13300, browser=Firefox
Testing: csp_id=161, page_id=13400, browser=Firefox
Testing: csp_id=161, page_id=13500, browser=Firefox
Testing: csp_id=161, page_id=13600, browser=Firefox
Testing: csp_id=161, page_id=13700, browser=Firefox
Testing: csp_id=161, page_id=13800, browser=Firefox
Testing: csp_id=161, page_id=13900, browser=Firefox
Testing: csp_id=161, page_id=14000, browser=Firefox
Testing: csp_id=161, page_id=14100, browser=Firefox
Testing: csp_id=161, page_id=14200, browser=Firefox
Testing: csp_id=161, page_id=14300, browser=Firefox
Testing: csp_id=161, page_id=14400, browser=Firefox
Testing: csp_id=161, page_id=14500, browser=Firefox
Testing: csp_id=161, page_id=14600, browser=Firefox
Testing: csp_id=161, page_id=14700, browser=Firefox
Testing: csp_id=161, page_id=14800, browser=Firefox
Testing: csp_id=161, page_id=14900, browser=Firefox
Testing: csp_id=161, page_id=15000, browser=Firefox
Testing: csp_id=161, page_id=15100, browser=Firefox
Testing: csp_id=161, page_id=15200, browser=Firefox
Testing: csp_id=161, page_id=15300, browser=Firefox
Testing: csp_id=161, page_id=15400, browser=Firefox
Testing: csp_id=161, page_id=15500, browser=Firefox
Testing: csp_id=161, page_id=15600, browser=Firefox
Testing: csp_id=161, page_id=15700, browser=Firefox
Testing: csp_id=161, page_id=15800, browser=Firefox
Testing: csp_id=161, page_id=15900, browser=Firefox
Testing: csp_id=161, page_id=16000, browser=Firefox
Testing: csp_id=161, page_id=16100, browser=Firefox
Testing: csp_id=161, page_id=16200, browser=Firefox
Testing: csp_id=161, page_id=16300, browser=Firefox
Testing: csp_id=161, page_id=16400, browser=Firefox
Testing: csp_id=161, page_id=16500, browser=Firefox
Testing: csp_id=161, page_id=16600, browser=Firefox
Testing: csp_id=161, page_id=16700, browser=Firefox
Testing: csp_id=161, page_id=16800, browser=Firefox
Testing: csp_id=161, page_id=16900, browser=Firefox
Testing: csp_id=161, page_id=17000, browser=Firefox
Testing: csp_id=161, page_id=17100, browser=Firefox
Testing: csp_id=161, page_id=17200, browser=Firefox
Testing: csp_id=161, page_id=17300, browser=Firefox
Testing: csp_id=161, page_id=17400, browser=Firefox
Testing: csp_id=161, page_id=17500, browser=Firefox
Testing: csp_id=161, page_id=17600, browser=Firefox
Testing: csp_id=161, page_id=17700, browser=Firefox
Testing: csp_id=161, page_id=17800, browser=Firefox
Testing: csp_id=161, page_id=17900, browser=Firefox
Testing: csp_id=161, page_id=18000, browser=Firefox
Testing: csp_id=161, page_id=18100, browser=Firefox
Testing: csp_id=161, page_id=18200, browser=Firefox
Testing: csp_id=161, page_id=18300, browser=Firefox
Testing: csp_id=161, page_id=18400, browser=Firefox
Testing: csp_id=161, page_id=18500, browser=Firefox
Testing: csp_id=161, page_id=18600, browser=Firefox
Testing: csp_id=161, page_id=18700, browser=Firefox
Testing: csp_id=161, page_id=18800, browser=Firefox
Testing: csp_id=161, page_id=18900, browser=Firefox
Testing: csp_id=161, page_id=19000, browser=Firefox
Testing: csp_id=161, page_id=19100, browser=Firefox
Testing: csp_id=161, page_id=19200, browser=Firefox
Testing: csp_id=161, page_id=19300, browser=Firefox
Testing: csp_id=161, page_id=19400, browser=Firefox
Testing: csp_id=161, page_id=19500, browser=Firefox
Testing: csp_id=161, page_id=19600, browser=Firefox
Testing: csp_id=161, page_id=19700, browser=Firefox
Testing: csp_id=161, page_id=19800, browser=Firefox
Testing: csp_id=161, page_id=19900, browser=Firefox
Testing: csp_id=161, page_id=20000, browser=Firefox
Testing: csp_id=161, page_id=20100, browser=Firefox
Testing: csp_id=161, page_id=20200, browser=Firefox
Testing: csp_id=161, page_id=20300, browser=Firefox
Testing: csp_id=161, page_id=20400, browser=Firefox
Testing: csp_id=161, page_id=20500, browser=Firefox
Testing: csp_id=161, page_id=20600, browser=Firefox
Testing: csp_id=161, page_id=20700, browser=Firefox
Testing: csp_id=161, page_id=20800, browser=Firefox
Testing: csp_id=161, page_id=20900, browser=Firefox
Testing: csp_id=161, page_id=21000, browser=Firefox
Testing: csp_id=161, page_id=21100, browser=Firefox
Testing: csp_id=161, page_id=21200, browser=Firefox
Testing: csp_id=161, page_id=21300, browser=Firefox
Testing: csp_id=161, page_id=21400, browser=Firefox
Testing: csp_id=161, page_id=21500, browser=Firefox
Testing: csp_id=161, page_id=21600, browser=Firefox
Testing: csp_id=161, page_id=21700, browser=Firefox
Testing: csp_id=161, page_id=21800, browser=Firefox
Testing: csp_id=161, page_id=21900, browser=Firefox
Testing: csp_id=161, page_id=22000, browser=Firefox
Testing: csp_id=161, page_id=22100, browser=Firefox
Testing: csp_id=161, page_id=22200, browser=Firefox
Testing: csp_id=161, page_id=22300, browser=Firefox
Testing: csp_id=161, page_id=22400, browser=Firefox
Testing: csp_id=161, page_id=22500, browser=Firefox
Testing: csp_id=161, page_id=22600, browser=Firefox
Testing: csp_id=161, page_id=22700, browser=Firefox
Testing: csp_id=161, page_id=22800, browser=Firefox
Testing: csp_id=161, page_id=22900, browser=Firefox
Testing: csp_id=161, page_id=23000, browser=Firefox
Testing: csp_id=161, page_id=23100, browser=Firefox
Testing: csp_id=161, page_id=23200, browser=Firefox
Testing: csp_id=161, page_id=23300, browser=Firefox
Testing: csp_id=161, page_id=23400, browser=Firefox
Testing: csp_id=161, page_id=23500, browser=Firefox
Testing: csp_id=161, page_id=23600, browser=Firefox
Testing: csp_id=161, page_id=23700, browser=Firefox
Testing: csp_id=161, page_id=23800, browser=Firefox
Testing: csp_id=161, page_id=23900, browser=Firefox
Testing: csp_id=161, page_id=24000, browser=Firefox
Testing: csp_id=161, page_id=24100, browser=Firefox
Testing: csp_id=161, page_id=24200, browser=Firefox
Testing: csp_id=161, page_id=24300, browser=Firefox
Testing: csp_id=161, page_id=24400, browser=Firefox
Testing: csp_id=161, page_id=24500, browser=Firefox
Testing: csp_id=161, page_id=24600, browser=Firefox
Testing: csp_id=161, page_id=24700, browser=Firefox
Testing: csp_id=161, page_id=24800, browser=Firefox
Testing: csp_id=161, page_id=24900, browser=Firefox
Testing: csp_id=161, page_id=25000, browser=Firefox
Testing: csp_id=161, page_id=25100, browser=Firefox
Testing: csp_id=161, page_id=25200, browser=Firefox
Testing: csp_id=161, page_id=25300, browser=Firefox
Testing: csp_id=161, page_id=25400, browser=Firefox
Testing: csp_id=161, page_id=25500, browser=Firefox
Testing: csp_id=161, page_id=25600, browser=Firefox
Testing: csp_id=161, page_id=25700, browser=Firefox
Testing: csp_id=161, page_id=25800, browser=Firefox
Testing: csp_id=161, page_id=25900, browser=Firefox
Testing: csp_id=161, page_id=26000, browser=Firefox
Testing: csp_id=161, page_id=26100, browser=Firefox
Testing: csp_id=161, page_id=26200, browser=Firefox
Testing: csp_id=161, page_id=26300, browser=Firefox
Testing: csp_id=161, page_id=26400, browser=Firefox
Testing: csp_id=161, page_id=26500, browser=Firefox
Testing: csp_id=161, page_id=26600, browser=Firefox
Testing: csp_id=161, page_id=26700, browser=Firefox
Testing: csp_id=161, page_id=26800, browser=Firefox
Testing: csp_id=161, page_id=26900, browser=Firefox
Testing: csp_id=161, page_id=27000, browser=Firefox
Testing: csp_id=161, page_id=27100, browser=Firefox
Testing: csp_id=161, page_id=27200, browser=Firefox
Testing: csp_id=161, page_id=27300, browser=Firefox
Testing: csp_id=161, page_id=27400, browser=Firefox
Testing: csp_id=161, page_id=27500, browser=Firefox
Testing: csp_id=161, page_id=27600, browser=Firefox
Testing: csp_id=161, page_id=27700, browser=Firefox
Testing: csp_id=161, page_id=27800, browser=Firefox
Testing: csp_id=161, page_id=27900, browser=Firefox
Testing: csp_id=161, page_id=28000, browser=Firefox
Testing: csp_id=161, page_id=28100, browser=Firefox
Testing: csp_id=161, page_id=28200, browser=Firefox
Testing: csp_id=161, page_id=28300, browser=Firefox
Testing: csp_id=161, page_id=28400, browser=Firefox
Testing: csp_id=161, page_id=28500, browser=Firefox
Testing: csp_id=161, page_id=28600, browser=Firefox
Testing: csp_id=161, page_id=28700, browser=Firefox
Testing: csp_id=161, page_id=28800, browser=Firefox
Testing: csp_id=161, page_id=28900, browser=Firefox
Testing: csp_id=161, page_id=29000, browser=Firefox
Testing: csp_id=161, page_id=29100, browser=Firefox
Testing: csp_id=161, page_id=29200, browser=Firefox
Testing: csp_id=161, page_id=29300, browser=Firefox
Testing: csp_id=161, page_id=29400, browser=Firefox
Testing: csp_id=161, page_id=29500, browser=Firefox
Testing: csp_id=161, page_id=29600, browser=Firefox
Testing: csp_id=161, page_id=29700, browser=Firefox
Testing: csp_id=161, page_id=29800, browser=Firefox
🏊 create_context_pools[first] (5x16): 31.853s
Testing: csp_id=170, page_id=0, browser=Firefox
Testing: csp_id=170, page_id=100, browser=Firefox
Testing: csp_id=170, page_id=200, browser=Firefox
Testing: csp_id=170, page_id=300, browser=Firefox
Testing: csp_id=170, page_id=400, browser=Firefox
Testing: csp_id=170, page_id=500, browser=Firefox
Testing: csp_id=170, page_id=600, browser=Firefox
Testing: csp_id=170, page_id=700, browser=Firefox
Testing: csp_id=170, page_id=800, browser=Firefox
Testing: csp_id=170, page_id=900, browser=Firefox
Testing: csp_id=170, page_id=1000, browser=Firefox
Testing: csp_id=170, page_id=1100, browser=Firefox
Testing: csp_id=170, page_id=1200, browser=Firefox
Testing: csp_id=170, page_id=1300, browser=Firefox
Testing: csp_id=170, page_id=1400, browser=Firefox
Testing: csp_id=170, page_id=1500, browser=Firefox
Testing: csp_id=170, page_id=1600, browser=Firefox
Testing: csp_id=170, page_id=1700, browser=Firefox
Testing: csp_id=170, page_id=1800, browser=Firefox
Testing: csp_id=170, page_id=1900, browser=Firefox
Testing: csp_id=170, page_id=2000, browser=Firefox
Testing: csp_id=170, page_id=2100, browser=Firefox
Testing: csp_id=170, page_id=2200, browser=Firefox
Testing: csp_id=170, page_id=2300, browser=Firefox
Testing: csp_id=170, page_id=2400, browser=Firefox
Testing: csp_id=170, page_id=2500, browser=Firefox
Testing: csp_id=170, page_id=2600, browser=Firefox
Testing: csp_id=170, page_id=2700, browser=Firefox
Testing: csp_id=170, page_id=2800, browser=Firefox
Testing: csp_id=170, page_id=2900, browser=Firefox
Testing: csp_id=170, page_id=3000, browser=Firefox
Testing: csp_id=170, page_id=3100, browser=Firefox
Testing: csp_id=170, page_id=3200, browser=Firefox
Testing: csp_id=170, page_id=3300, browser=Firefox
Testing: csp_id=170, page_id=3400, browser=Firefox
Testing: csp_id=170, page_id=3500, browser=Firefox
Testing: csp_id=170, page_id=3600, browser=Firefox
Testing: csp_id=170, page_id=3700, browser=Firefox
Testing: csp_id=170, page_id=3800, browser=Firefox
Testing: csp_id=170, page_id=3900, browser=Firefox
Testing: csp_id=170, page_id=4000, browser=Firefox
Testing: csp_id=170, page_id=4100, browser=Firefox
Testing: csp_id=170, page_id=4200, browser=Firefox
Testing: csp_id=170, page_id=4300, browser=Firefox
Testing: csp_id=170, page_id=4400, browser=Firefox
Testing: csp_id=170, page_id=4500, browser=Firefox
Testing: csp_id=170, page_id=4600, browser=Firefox
Testing: csp_id=170, page_id=4700, browser=Firefox
Testing: csp_id=170, page_id=4800, browser=Firefox
Testing: csp_id=170, page_id=4900, browser=Firefox
Testing: csp_id=170, page_id=5000, browser=Firefox
Testing: csp_id=170, page_id=5100, browser=Firefox
Testing: csp_id=170, page_id=5200, browser=Firefox
Testing: csp_id=170, page_id=5300, browser=Firefox
Testing: csp_id=170, page_id=5400, browser=Firefox
Testing: csp_id=170, page_id=5500, browser=Firefox
Testing: csp_id=170, page_id=5600, browser=Firefox
Testing: csp_id=170, page_id=5700, browser=Firefox
Testing: csp_id=170, page_id=5800, browser=Firefox
Testing: csp_id=170, page_id=5900, browser=Firefox
Testing: csp_id=170, page_id=6000, browser=Firefox
Testing: csp_id=170, page_id=6100, browser=Firefox
Testing: csp_id=170, page_id=6200, browser=Firefox
Testing: csp_id=170, page_id=6300, browser=Firefox
Testing: csp_id=170, page_id=6400, browser=Firefox
Testing: csp_id=170, page_id=6500, browser=Firefox
Testing: csp_id=170, page_id=6600, browser=Firefox
Testing: csp_id=170, page_id=6700, browser=Firefox
Testing: csp_id=170, page_id=6800, browser=Firefox
Testing: csp_id=170, page_id=6900, browser=Firefox
Testing: csp_id=170, page_id=7000, browser=Firefox
Testing: csp_id=170, page_id=7100, browser=Firefox
Testing: csp_id=170, page_id=7200, browser=Firefox
Testing: csp_id=170, page_id=7300, browser=Firefox
Testing: csp_id=170, page_id=7400, browser=Firefox
Testing: csp_id=170, page_id=7500, browser=Firefox
Testing: csp_id=170, page_id=7600, browser=Firefox
Testing: csp_id=170, page_id=7700, browser=Firefox
Testing: csp_id=170, page_id=7800, browser=Firefox
Testing: csp_id=170, page_id=7900, browser=Firefox
Testing: csp_id=170, page_id=8000, browser=Firefox
Testing: csp_id=170, page_id=8100, browser=Firefox
Testing: csp_id=170, page_id=8200, browser=Firefox
Testing: csp_id=170, page_id=8300, browser=Firefox
Testing: csp_id=170, page_id=8400, browser=Firefox
Testing: csp_id=170, page_id=8500, browser=Firefox
Testing: csp_id=170, page_id=8600, browser=Firefox
Testing: csp_id=170, page_id=8700, browser=Firefox
Testing: csp_id=170, page_id=8800, browser=Firefox
Testing: csp_id=170, page_id=8900, browser=Firefox
Testing: csp_id=170, page_id=9000, browser=Firefox
Testing: csp_id=170, page_id=9100, browser=Firefox
Testing: csp_id=170, page_id=9200, browser=Firefox
Testing: csp_id=170, page_id=9300, browser=Firefox
Testing: csp_id=170, page_id=9400, browser=Firefox
Testing: csp_id=170, page_id=9500, browser=Firefox
Testing: csp_id=170, page_id=9600, browser=Firefox
Testing: csp_id=170, page_id=9700, browser=Firefox
Testing: csp_id=170, page_id=9800, browser=Firefox
Testing: csp_id=170, page_id=9900, browser=Firefox
Testing: csp_id=170, page_id=10000, browser=Firefox
Testing: csp_id=170, page_id=10100, browser=Firefox
Testing: csp_id=170, page_id=10200, browser=Firefox
Testing: csp_id=170, page_id=10300, browser=Firefox
Testing: csp_id=170, page_id=10400, browser=Firefox
Testing: csp_id=170, page_id=10500, browser=Firefox
Testing: csp_id=170, page_id=10600, browser=Firefox
Testing: csp_id=170, page_id=10700, browser=Firefox
Testing: csp_id=170, page_id=10800, browser=Firefox
Testing: csp_id=170, page_id=10900, browser=Firefox
Testing: csp_id=170, page_id=11000, browser=Firefox
Testing: csp_id=170, page_id=11100, browser=Firefox
Testing: csp_id=170, page_id=11200, browser=Firefox
Testing: csp_id=170, page_id=11300, browser=Firefox
Testing: csp_id=170, page_id=11400, browser=Firefox
Testing: csp_id=170, page_id=11500, browser=Firefox
Testing: csp_id=170, page_id=11600, browser=Firefox
Testing: csp_id=170, page_id=11700, browser=Firefox
Testing: csp_id=170, page_id=11800, browser=Firefox
Testing: csp_id=170, page_id=11900, browser=Firefox
Testing: csp_id=170, page_id=12000, browser=Firefox
Testing: csp_id=170, page_id=12100, browser=Firefox
Testing: csp_id=170, page_id=12200, browser=Firefox
Testing: csp_id=170, page_id=12300, browser=Firefox
Testing: csp_id=170, page_id=12400, browser=Firefox
Testing: csp_id=170, page_id=12500, browser=Firefox
Testing: csp_id=170, page_id=12600, browser=Firefox
Testing: csp_id=170, page_id=12700, browser=Firefox
Testing: csp_id=170, page_id=12800, browser=Firefox
Testing: csp_id=170, page_id=12900, browser=Firefox
Testing: csp_id=170, page_id=13000, browser=Firefox
Testing: csp_id=170, page_id=13100, browser=Firefox
Testing: csp_id=170, page_id=13200, browser=Firefox
Testing: csp_id=170, page_id=13300, browser=Firefox
Testing: csp_id=170, page_id=13400, browser=Firefox
Testing: csp_id=170, page_id=13500, browser=Firefox
Testing: csp_id=170, page_id=13600, browser=Firefox
Testing: csp_id=170, page_id=13700, browser=Firefox
Testing: csp_id=170, page_id=13800, browser=Firefox
Testing: csp_id=170, page_id=13900, browser=Firefox
Testing: csp_id=170, page_id=14000, browser=Firefox
Testing: csp_id=170, page_id=14100, browser=Firefox
Testing: csp_id=170, page_id=14200, browser=Firefox
Testing: csp_id=170, page_id=14300, browser=Firefox
Testing: csp_id=170, page_id=14400, browser=Firefox
Testing: csp_id=170, page_id=14500, browser=Firefox
Testing: csp_id=170, page_id=14600, browser=Firefox
Testing: csp_id=170, page_id=14700, browser=Firefox
Testing: csp_id=170, page_id=14800, browser=Firefox
Testing: csp_id=170, page_id=14900, browser=Firefox
Testing: csp_id=170, page_id=15000, browser=Firefox
Testing: csp_id=170, page_id=15100, browser=Firefox
Testing: csp_id=170, page_id=15200, browser=Firefox
Testing: csp_id=170, page_id=15300, browser=Firefox
Testing: csp_id=170, page_id=15400, browser=Firefox
Testing: csp_id=170, page_id=15500, browser=Firefox
Testing: csp_id=170, page_id=15600, browser=Firefox
Testing: csp_id=170, page_id=15700, browser=Firefox
Testing: csp_id=170, page_id=15800, browser=Firefox
Testing: csp_id=170, page_id=15900, browser=Firefox
Testing: csp_id=170, page_id=16000, browser=Firefox
Testing: csp_id=170, page_id=16100, browser=Firefox
Testing: csp_id=170, page_id=16200, browser=Firefox
Testing: csp_id=170, page_id=16300, browser=Firefox
Testing: csp_id=170, page_id=16400, browser=Firefox
Testing: csp_id=170, page_id=16500, browser=Firefox
Testing: csp_id=170, page_id=16600, browser=Firefox
Testing: csp_id=170, page_id=16700, browser=Firefox
Testing: csp_id=170, page_id=16800, browser=Firefox
Testing: csp_id=170, page_id=16900, browser=Firefox
Testing: csp_id=170, page_id=17000, browser=Firefox
Testing: csp_id=170, page_id=17100, browser=Firefox
Testing: csp_id=170, page_id=17200, browser=Firefox
Testing: csp_id=170, page_id=17300, browser=Firefox
Testing: csp_id=170, page_id=17400, browser=Firefox
Testing: csp_id=170, page_id=17500, browser=Firefox
Testing: csp_id=170, page_id=17600, browser=Firefox
Testing: csp_id=170, page_id=17700, browser=Firefox
Testing: csp_id=170, page_id=17800, browser=Firefox
Testing: csp_id=170, page_id=17900, browser=Firefox
Testing: csp_id=170, page_id=18000, browser=Firefox
Testing: csp_id=170, page_id=18100, browser=Firefox
Testing: csp_id=170, page_id=18200, browser=Firefox
Testing: csp_id=170, page_id=18300, browser=Firefox
Testing: csp_id=170, page_id=18400, browser=Firefox
Testing: csp_id=170, page_id=18500, browser=Firefox
Testing: csp_id=170, page_id=18600, browser=Firefox
Testing: csp_id=170, page_id=18700, browser=Firefox
Testing: csp_id=170, page_id=18800, browser=Firefox
Testing: csp_id=170, page_id=18900, browser=Firefox
Testing: csp_id=170, page_id=19000, browser=Firefox
Testing: csp_id=170, page_id=19100, browser=Firefox
Testing: csp_id=170, page_id=19200, browser=Firefox
Testing: csp_id=170, page_id=19300, browser=Firefox
Testing: csp_id=170, page_id=19400, browser=Firefox
Testing: csp_id=170, page_id=19500, browser=Firefox
Testing: csp_id=170, page_id=19600, browser=Firefox
Testing: csp_id=170, page_id=19700, browser=Firefox
Testing: csp_id=170, page_id=19800, browser=Firefox
Testing: csp_id=170, page_id=19900, browser=Firefox
Testing: csp_id=170, page_id=20000, browser=Firefox
Testing: csp_id=170, page_id=20100, browser=Firefox
Testing: csp_id=170, page_id=20200, browser=Firefox
Testing: csp_id=170, page_id=20300, browser=Firefox
Testing: csp_id=170, page_id=20400, browser=Firefox
Testing: csp_id=170, page_id=20500, browser=Firefox
Testing: csp_id=170, page_id=20600, browser=Firefox
Testing: csp_id=170, page_id=20700, browser=Firefox
Testing: csp_id=170, page_id=20800, browser=Firefox
Testing: csp_id=170, page_id=20900, browser=Firefox
Testing: csp_id=170, page_id=21000, browser=Firefox
Testing: csp_id=170, page_id=21100, browser=Firefox
Testing: csp_id=170, page_id=21200, browser=Firefox
Testing: csp_id=170, page_id=21300, browser=Firefox
Testing: csp_id=170, page_id=21400, browser=Firefox
Testing: csp_id=170, page_id=21500, browser=Firefox
Testing: csp_id=170, page_id=21600, browser=Firefox
Testing: csp_id=170, page_id=21700, browser=Firefox
Testing: csp_id=170, page_id=21800, browser=Firefox
Testing: csp_id=170, page_id=21900, browser=Firefox
Testing: csp_id=170, page_id=22000, browser=Firefox
Testing: csp_id=170, page_id=22100, browser=Firefox
Testing: csp_id=170, page_id=22200, browser=Firefox
Testing: csp_id=170, page_id=22300, browser=Firefox
Testing: csp_id=170, page_id=22400, browser=Firefox
Testing: csp_id=170, page_id=22500, browser=Firefox
Testing: csp_id=170, page_id=22600, browser=Firefox
Testing: csp_id=170, page_id=22700, browser=Firefox
Testing: csp_id=170, page_id=22800, browser=Firefox
Testing: csp_id=170, page_id=22900, browser=Firefox
Testing: csp_id=170, page_id=23000, browser=Firefox
Testing: csp_id=170, page_id=23100, browser=Firefox
Testing: csp_id=170, page_id=23200, browser=Firefox
Testing: csp_id=170, page_id=23300, browser=Firefox
Testing: csp_id=170, page_id=23400, browser=Firefox
Testing: csp_id=170, page_id=23500, browser=Firefox
Testing: csp_id=170, page_id=23600, browser=Firefox
Testing: csp_id=170, page_id=23700, browser=Firefox
Testing: csp_id=170, page_id=23800, browser=Firefox
Testing: csp_id=170, page_id=23900, browser=Firefox
Testing: csp_id=170, page_id=24000, browser=Firefox
Testing: csp_id=170, page_id=24100, browser=Firefox
Testing: csp_id=170, page_id=24200, browser=Firefox
Testing: csp_id=170, page_id=24300, browser=Firefox
Testing: csp_id=170, page_id=24400, browser=Firefox
Testing: csp_id=170, page_id=24500, browser=Firefox
Testing: csp_id=170, page_id=24600, browser=Firefox
Testing: csp_id=170, page_id=24700, browser=Firefox
Testing: csp_id=170, page_id=24800, browser=Firefox
Testing: csp_id=170, page_id=24900, browser=Firefox
Testing: csp_id=170, page_id=25000, browser=Firefox
Testing: csp_id=170, page_id=25100, browser=Firefox
Testing: csp_id=170, page_id=25200, browser=Firefox
Testing: csp_id=170, page_id=25300, browser=Firefox
Testing: csp_id=170, page_id=25400, browser=Firefox
Testing: csp_id=170, page_id=25500, browser=Firefox
Testing: csp_id=170, page_id=25600, browser=Firefox
Testing: csp_id=170, page_id=25700, browser=Firefox
Testing: csp_id=170, page_id=25800, browser=Firefox
Testing: csp_id=170, page_id=25900, browser=Firefox
Testing: csp_id=170, page_id=26000, browser=Firefox
Testing: csp_id=170, page_id=26100, browser=Firefox
Testing: csp_id=170, page_id=26200, browser=Firefox
Testing: csp_id=170, page_id=26300, browser=Firefox
Testing: csp_id=170, page_id=26400, browser=Firefox
Testing: csp_id=170, page_id=26500, browser=Firefox
Testing: csp_id=170, page_id=26600, browser=Firefox
Testing: csp_id=170, page_id=26700, browser=Firefox
Testing: csp_id=170, page_id=26800, browser=Firefox
Testing: csp_id=170, page_id=26900, browser=Firefox
Testing: csp_id=170, page_id=27000, browser=Firefox
Testing: csp_id=170, page_id=27100, browser=Firefox
Testing: csp_id=170, page_id=27200, browser=Firefox
Testing: csp_id=170, page_id=27300, browser=Firefox
Testing: csp_id=170, page_id=27400, browser=Firefox
Testing: csp_id=170, page_id=27500, browser=Firefox
Testing: csp_id=170, page_id=27600, browser=Firefox
Testing: csp_id=170, page_id=27700, browser=Firefox
Testing: csp_id=170, page_id=27800, browser=Firefox
Testing: csp_id=170, page_id=27900, browser=Firefox
Testing: csp_id=170, page_id=28000, browser=Firefox
Testing: csp_id=170, page_id=28100, browser=Firefox
Testing: csp_id=170, page_id=28200, browser=Firefox
Testing: csp_id=170, page_id=28300, browser=Firefox
Testing: csp_id=170, page_id=28400, browser=Firefox
Testing: csp_id=170, page_id=28500, browser=Firefox
Testing: csp_id=170, page_id=28600, browser=Firefox
Testing: csp_id=170, page_id=28700, browser=Firefox
Testing: csp_id=170, page_id=28800, browser=Firefox
Testing: csp_id=170, page_id=28900, browser=Firefox
Testing: csp_id=170, page_id=29000, browser=Firefox
Testing: csp_id=170, page_id=29100, browser=Firefox
Testing: csp_id=170, page_id=29200, browser=Firefox
Testing: csp_id=170, page_id=29300, browser=Firefox
Testing: csp_id=170, page_id=29400, browser=Firefox
Testing: csp_id=170, page_id=29500, browser=Firefox
Testing: csp_id=170, page_id=29600, browser=Firefox
Testing: csp_id=170, page_id=29700, browser=Firefox
Testing: csp_id=170, page_id=29800, browser=Firefox
🏊 create_context_pools[first] (5x16): 33.091s
Testing: csp_id=181, page_id=0, browser=Firefox
Testing: csp_id=181, page_id=100, browser=Firefox
Testing: csp_id=181, page_id=200, browser=Firefox
Testing: csp_id=181, page_id=300, browser=Firefox
Testing: csp_id=181, page_id=400, browser=Firefox
Testing: csp_id=181, page_id=500, browser=Firefox
Testing: csp_id=181, page_id=600, browser=Firefox
Testing: csp_id=181, page_id=700, browser=Firefox
Testing: csp_id=181, page_id=800, browser=Firefox
Testing: csp_id=181, page_id=900, browser=Firefox
Testing: csp_id=181, page_id=1000, browser=Firefox
Testing: csp_id=181, page_id=1100, browser=Firefox
Testing: csp_id=181, page_id=1200, browser=Firefox
Testing: csp_id=181, page_id=1300, browser=Firefox
Testing: csp_id=181, page_id=1400, browser=Firefox
Testing: csp_id=181, page_id=1500, browser=Firefox
Testing: csp_id=181, page_id=1600, browser=Firefox
Testing: csp_id=181, page_id=1700, browser=Firefox
Testing: csp_id=181, page_id=1800, browser=Firefox
Testing: csp_id=181, page_id=1900, browser=Firefox
Testing: csp_id=181, page_id=2000, browser=Firefox
Testing: csp_id=181, page_id=2100, browser=Firefox
Testing: csp_id=181, page_id=2200, browser=Firefox
Testing: csp_id=181, page_id=2300, browser=Firefox
Testing: csp_id=181, page_id=2400, browser=Firefox
Testing: csp_id=181, page_id=2500, browser=Firefox
Testing: csp_id=181, page_id=2600, browser=Firefox
Testing: csp_id=181, page_id=2700, browser=Firefox
Testing: csp_id=181, page_id=2800, browser=Firefox
Testing: csp_id=181, page_id=2900, browser=Firefox
Testing: csp_id=181, page_id=3000, browser=Firefox
Testing: csp_id=181, page_id=3100, browser=Firefox
Testing: csp_id=181, page_id=3200, browser=Firefox
Testing: csp_id=181, page_id=3300, browser=Firefox
Testing: csp_id=181, page_id=3400, browser=Firefox
Testing: csp_id=181, page_id=3500, browser=Firefox
Testing: csp_id=181, page_id=3600, browser=Firefox
Testing: csp_id=181, page_id=3700, browser=Firefox
Testing: csp_id=181, page_id=3800, browser=Firefox
Testing: csp_id=181, page_id=3900, browser=Firefox
Testing: csp_id=181, page_id=4000, browser=Firefox
Testing: csp_id=181, page_id=4100, browser=Firefox
Testing: csp_id=181, page_id=4200, browser=Firefox
Testing: csp_id=181, page_id=4300, browser=Firefox
Testing: csp_id=181, page_id=4400, browser=Firefox
Testing: csp_id=181, page_id=4500, browser=Firefox
Testing: csp_id=181, page_id=4600, browser=Firefox
Testing: csp_id=181, page_id=4700, browser=Firefox
Testing: csp_id=181, page_id=4800, browser=Firefox
Testing: csp_id=181, page_id=4900, browser=Firefox
Testing: csp_id=181, page_id=5000, browser=Firefox
Testing: csp_id=181, page_id=5100, browser=Firefox
Testing: csp_id=181, page_id=5200, browser=Firefox
Testing: csp_id=181, page_id=5300, browser=Firefox
Testing: csp_id=181, page_id=5400, browser=Firefox
Testing: csp_id=181, page_id=5500, browser=Firefox
Testing: csp_id=181, page_id=5600, browser=Firefox
Testing: csp_id=181, page_id=5700, browser=Firefox
Testing: csp_id=181, page_id=5800, browser=Firefox
Testing: csp_id=181, page_id=5900, browser=Firefox
Testing: csp_id=181, page_id=6000, browser=Firefox
Testing: csp_id=181, page_id=6100, browser=Firefox
Testing: csp_id=181, page_id=6200, browser=Firefox
Testing: csp_id=181, page_id=6300, browser=Firefox
Testing: csp_id=181, page_id=6400, browser=Firefox
Testing: csp_id=181, page_id=6500, browser=Firefox
Testing: csp_id=181, page_id=6600, browser=Firefox
Testing: csp_id=181, page_id=6700, browser=Firefox
Testing: csp_id=181, page_id=6800, browser=Firefox
Testing: csp_id=181, page_id=6900, browser=Firefox
Testing: csp_id=181, page_id=7000, browser=Firefox
Testing: csp_id=181, page_id=7100, browser=Firefox
Testing: csp_id=181, page_id=7200, browser=Firefox
Testing: csp_id=181, page_id=7300, browser=Firefox
Testing: csp_id=181, page_id=7400, browser=Firefox
Testing: csp_id=181, page_id=7500, browser=Firefox
Testing: csp_id=181, page_id=7600, browser=Firefox
Testing: csp_id=181, page_id=7700, browser=Firefox
Testing: csp_id=181, page_id=7800, browser=Firefox
Testing: csp_id=181, page_id=7900, browser=Firefox
Testing: csp_id=181, page_id=8000, browser=Firefox
Testing: csp_id=181, page_id=8100, browser=Firefox
Testing: csp_id=181, page_id=8200, browser=Firefox
Testing: csp_id=181, page_id=8300, browser=Firefox
Testing: csp_id=181, page_id=8400, browser=Firefox
Testing: csp_id=181, page_id=8500, browser=Firefox
Testing: csp_id=181, page_id=8600, browser=Firefox
Testing: csp_id=181, page_id=8700, browser=Firefox
Testing: csp_id=181, page_id=8800, browser=Firefox
Testing: csp_id=181, page_id=8900, browser=Firefox
Testing: csp_id=181, page_id=9000, browser=Firefox
Testing: csp_id=181, page_id=9100, browser=Firefox
Testing: csp_id=181, page_id=9200, browser=Firefox
Testing: csp_id=181, page_id=9300, browser=Firefox
Testing: csp_id=181, page_id=9400, browser=Firefox
Testing: csp_id=181, page_id=9500, browser=Firefox
Testing: csp_id=181, page_id=9600, browser=Firefox
Testing: csp_id=181, page_id=9700, browser=Firefox
Testing: csp_id=181, page_id=9800, browser=Firefox
Testing: csp_id=181, page_id=9900, browser=Firefox
Testing: csp_id=181, page_id=10000, browser=Firefox
Testing: csp_id=181, page_id=10100, browser=Firefox
Testing: csp_id=181, page_id=10200, browser=Firefox
Testing: csp_id=181, page_id=10300, browser=Firefox
Testing: csp_id=181, page_id=10400, browser=Firefox
Testing: csp_id=181, page_id=10500, browser=Firefox
Testing: csp_id=181, page_id=10600, browser=Firefox
Testing: csp_id=181, page_id=10700, browser=Firefox
Testing: csp_id=181, page_id=10800, browser=Firefox
Testing: csp_id=181, page_id=10900, browser=Firefox
Testing: csp_id=181, page_id=11000, browser=Firefox
Testing: csp_id=181, page_id=11100, browser=Firefox
Testing: csp_id=181, page_id=11200, browser=Firefox
Testing: csp_id=181, page_id=11300, browser=Firefox
Testing: csp_id=181, page_id=11400, browser=Firefox
Testing: csp_id=181, page_id=11500, browser=Firefox
Testing: csp_id=181, page_id=11600, browser=Firefox
Testing: csp_id=181, page_id=11700, browser=Firefox
Testing: csp_id=181, page_id=11800, browser=Firefox
Testing: csp_id=181, page_id=11900, browser=Firefox
Testing: csp_id=181, page_id=12000, browser=Firefox
Testing: csp_id=181, page_id=12100, browser=Firefox
Testing: csp_id=181, page_id=12200, browser=Firefox
Testing: csp_id=181, page_id=12300, browser=Firefox
Testing: csp_id=181, page_id=12400, browser=Firefox
Testing: csp_id=181, page_id=12500, browser=Firefox
Testing: csp_id=181, page_id=12600, browser=Firefox
Testing: csp_id=181, page_id=12700, browser=Firefox
Testing: csp_id=181, page_id=12800, browser=Firefox
Testing: csp_id=181, page_id=12900, browser=Firefox
Testing: csp_id=181, page_id=13000, browser=Firefox
Testing: csp_id=181, page_id=13100, browser=Firefox
Testing: csp_id=181, page_id=13200, browser=Firefox
Testing: csp_id=181, page_id=13300, browser=Firefox
Testing: csp_id=181, page_id=13400, browser=Firefox
Testing: csp_id=181, page_id=13500, browser=Firefox
Testing: csp_id=181, page_id=13600, browser=Firefox
Testing: csp_id=181, page_id=13700, browser=Firefox
Testing: csp_id=181, page_id=13800, browser=Firefox
Testing: csp_id=181, page_id=13900, browser=Firefox
Testing: csp_id=181, page_id=14000, browser=Firefox
Testing: csp_id=181, page_id=14100, browser=Firefox
Testing: csp_id=181, page_id=14200, browser=Firefox
Testing: csp_id=181, page_id=14300, browser=Firefox
Testing: csp_id=181, page_id=14400, browser=Firefox
Testing: csp_id=181, page_id=14500, browser=Firefox
Testing: csp_id=181, page_id=14600, browser=Firefox
Testing: csp_id=181, page_id=14700, browser=Firefox
Testing: csp_id=181, page_id=14800, browser=Firefox
Testing: csp_id=181, page_id=14900, browser=Firefox
Testing: csp_id=181, page_id=15000, browser=Firefox
Testing: csp_id=181, page_id=15100, browser=Firefox
Testing: csp_id=181, page_id=15200, browser=Firefox
Testing: csp_id=181, page_id=15300, browser=Firefox
Testing: csp_id=181, page_id=15400, browser=Firefox
Testing: csp_id=181, page_id=15500, browser=Firefox
Testing: csp_id=181, page_id=15600, browser=Firefox
Testing: csp_id=181, page_id=15700, browser=Firefox
Testing: csp_id=181, page_id=15800, browser=Firefox
Testing: csp_id=181, page_id=15900, browser=Firefox
Testing: csp_id=181, page_id=16000, browser=Firefox
Testing: csp_id=181, page_id=16100, browser=Firefox
Testing: csp_id=181, page_id=16200, browser=Firefox
Testing: csp_id=181, page_id=16300, browser=Firefox
Testing: csp_id=181, page_id=16400, browser=Firefox
Testing: csp_id=181, page_id=16500, browser=Firefox
Testing: csp_id=181, page_id=16600, browser=Firefox
Testing: csp_id=181, page_id=16700, browser=Firefox
Testing: csp_id=181, page_id=16800, browser=Firefox
Testing: csp_id=181, page_id=16900, browser=Firefox
Testing: csp_id=181, page_id=17000, browser=Firefox
Testing: csp_id=181, page_id=17100, browser=Firefox
Testing: csp_id=181, page_id=17200, browser=Firefox
Testing: csp_id=181, page_id=17300, browser=Firefox
Testing: csp_id=181, page_id=17400, browser=Firefox
Testing: csp_id=181, page_id=17500, browser=Firefox
Testing: csp_id=181, page_id=17600, browser=Firefox
Testing: csp_id=181, page_id=17700, browser=Firefox
Testing: csp_id=181, page_id=17800, browser=Firefox
Testing: csp_id=181, page_id=17900, browser=Firefox
Testing: csp_id=181, page_id=18000, browser=Firefox
Testing: csp_id=181, page_id=18100, browser=Firefox
Testing: csp_id=181, page_id=18200, browser=Firefox
Testing: csp_id=181, page_id=18300, browser=Firefox
Testing: csp_id=181, page_id=18400, browser=Firefox
Testing: csp_id=181, page_id=18500, browser=Firefox
Testing: csp_id=181, page_id=18600, browser=Firefox
Testing: csp_id=181, page_id=18700, browser=Firefox
Testing: csp_id=181, page_id=18800, browser=Firefox
Testing: csp_id=181, page_id=18900, browser=Firefox
Testing: csp_id=181, page_id=19000, browser=Firefox
Testing: csp_id=181, page_id=19100, browser=Firefox
Testing: csp_id=181, page_id=19200, browser=Firefox
Testing: csp_id=181, page_id=19300, browser=Firefox
Testing: csp_id=181, page_id=19400, browser=Firefox
Testing: csp_id=181, page_id=19500, browser=Firefox
Testing: csp_id=181, page_id=19600, browser=Firefox
Testing: csp_id=181, page_id=19700, browser=Firefox
Testing: csp_id=181, page_id=19800, browser=Firefox
Testing: csp_id=181, page_id=19900, browser=Firefox
Testing: csp_id=181, page_id=20000, browser=Firefox
Testing: csp_id=181, page_id=20100, browser=Firefox
Testing: csp_id=181, page_id=20200, browser=Firefox
Testing: csp_id=181, page_id=20300, browser=Firefox
Testing: csp_id=181, page_id=20400, browser=Firefox
Testing: csp_id=181, page_id=20500, browser=Firefox
Testing: csp_id=181, page_id=20600, browser=Firefox
Testing: csp_id=181, page_id=20700, browser=Firefox
Testing: csp_id=181, page_id=20800, browser=Firefox
Testing: csp_id=181, page_id=20900, browser=Firefox
Testing: csp_id=181, page_id=21000, browser=Firefox
Testing: csp_id=181, page_id=21100, browser=Firefox
Testing: csp_id=181, page_id=21200, browser=Firefox
Testing: csp_id=181, page_id=21300, browser=Firefox
Testing: csp_id=181, page_id=21400, browser=Firefox
Testing: csp_id=181, page_id=21500, browser=Firefox
Testing: csp_id=181, page_id=21600, browser=Firefox
Testing: csp_id=181, page_id=21700, browser=Firefox
Testing: csp_id=181, page_id=21800, browser=Firefox
Testing: csp_id=181, page_id=21900, browser=Firefox
Testing: csp_id=181, page_id=22000, browser=Firefox
Testing: csp_id=181, page_id=22100, browser=Firefox
Testing: csp_id=181, page_id=22200, browser=Firefox
Testing: csp_id=181, page_id=22300, browser=Firefox
Testing: csp_id=181, page_id=22400, browser=Firefox
Testing: csp_id=181, page_id=22500, browser=Firefox
Testing: csp_id=181, page_id=22600, browser=Firefox
Testing: csp_id=181, page_id=22700, browser=Firefox
Testing: csp_id=181, page_id=22800, browser=Firefox
Testing: csp_id=181, page_id=22900, browser=Firefox
Testing: csp_id=181, page_id=23000, browser=Firefox
Testing: csp_id=181, page_id=23100, browser=Firefox
Testing: csp_id=181, page_id=23200, browser=Firefox
Testing: csp_id=181, page_id=23300, browser=Firefox
Testing: csp_id=181, page_id=23400, browser=Firefox
Testing: csp_id=181, page_id=23500, browser=Firefox
Testing: csp_id=181, page_id=23600, browser=Firefox
Testing: csp_id=181, page_id=23700, browser=Firefox
Testing: csp_id=181, page_id=23800, browser=Firefox
Testing: csp_id=181, page_id=23900, browser=Firefox
Testing: csp_id=181, page_id=24000, browser=Firefox
Testing: csp_id=181, page_id=24100, browser=Firefox
Testing: csp_id=181, page_id=24200, browser=Firefox
Testing: csp_id=181, page_id=24300, browser=Firefox
Testing: csp_id=181, page_id=24400, browser=Firefox
Testing: csp_id=181, page_id=24500, browser=Firefox
Testing: csp_id=181, page_id=24600, browser=Firefox
Testing: csp_id=181, page_id=24700, browser=Firefox
Testing: csp_id=181, page_id=24800, browser=Firefox
Testing: csp_id=181, page_id=24900, browser=Firefox
Testing: csp_id=181, page_id=25000, browser=Firefox
Testing: csp_id=181, page_id=25100, browser=Firefox
Testing: csp_id=181, page_id=25200, browser=Firefox
Testing: csp_id=181, page_id=25300, browser=Firefox
Testing: csp_id=181, page_id=25400, browser=Firefox
Testing: csp_id=181, page_id=25500, browser=Firefox
Testing: csp_id=181, page_id=25600, browser=Firefox
Testing: csp_id=181, page_id=25700, browser=Firefox
Testing: csp_id=181, page_id=25800, browser=Firefox
Testing: csp_id=181, page_id=25900, browser=Firefox
Testing: csp_id=181, page_id=26000, browser=Firefox
Testing: csp_id=181, page_id=26100, browser=Firefox
Testing: csp_id=181, page_id=26200, browser=Firefox
Testing: csp_id=181, page_id=26300, browser=Firefox
Testing: csp_id=181, page_id=26400, browser=Firefox
Testing: csp_id=181, page_id=26500, browser=Firefox
Testing: csp_id=181, page_id=26600, browser=Firefox
Testing: csp_id=181, page_id=26700, browser=Firefox
Testing: csp_id=181, page_id=26800, browser=Firefox
Testing: csp_id=181, page_id=26900, browser=Firefox
Testing: csp_id=181, page_id=27000, browser=Firefox
Testing: csp_id=181, page_id=27100, browser=Firefox
Testing: csp_id=181, page_id=27200, browser=Firefox
Testing: csp_id=181, page_id=27300, browser=Firefox
Testing: csp_id=181, page_id=27400, browser=Firefox
Testing: csp_id=181, page_id=27500, browser=Firefox
Testing: csp_id=181, page_id=27600, browser=Firefox
Testing: csp_id=181, page_id=27700, browser=Firefox
Testing: csp_id=181, page_id=27800, browser=Firefox
Testing: csp_id=181, page_id=27900, browser=Firefox
Testing: csp_id=181, page_id=28000, browser=Firefox
Testing: csp_id=181, page_id=28100, browser=Firefox
Testing: csp_id=181, page_id=28200, browser=Firefox
Testing: csp_id=181, page_id=28300, browser=Firefox
Testing: csp_id=181, page_id=28400, browser=Firefox
Testing: csp_id=181, page_id=28500, browser=Firefox
Testing: csp_id=181, page_id=28600, browser=Firefox
Testing: csp_id=181, page_id=28700, browser=Firefox
Testing: csp_id=181, page_id=28800, browser=Firefox
Testing: csp_id=181, page_id=28900, browser=Firefox
Testing: csp_id=181, page_id=29000, browser=Firefox
Testing: csp_id=181, page_id=29100, browser=Firefox
Testing: csp_id=181, page_id=29200, browser=Firefox
Testing: csp_id=181, page_id=29300, browser=Firefox
Testing: csp_id=181, page_id=29400, browser=Firefox
Testing: csp_id=181, page_id=29500, browser=Firefox
Testing: csp_id=181, page_id=29600, browser=Firefox
Testing: csp_id=181, page_id=29700, browser=Firefox
Testing: csp_id=181, page_id=29800, browser=Firefox
🏊 create_context_pools[first] (5x16): 34.441s
Testing: csp_id=191, page_id=0, browser=Firefox
Testing: csp_id=191, page_id=100, browser=Firefox
Testing: csp_id=191, page_id=200, browser=Firefox
Testing: csp_id=191, page_id=300, browser=Firefox
Testing: csp_id=191, page_id=400, browser=Firefox
Testing: csp_id=191, page_id=500, browser=Firefox
Testing: csp_id=191, page_id=600, browser=Firefox
Testing: csp_id=191, page_id=700, browser=Firefox
Testing: csp_id=191, page_id=800, browser=Firefox
Testing: csp_id=191, page_id=900, browser=Firefox
Testing: csp_id=191, page_id=1000, browser=Firefox
Testing: csp_id=191, page_id=1100, browser=Firefox
Testing: csp_id=191, page_id=1200, browser=Firefox
Testing: csp_id=191, page_id=1300, browser=Firefox
Testing: csp_id=191, page_id=1400, browser=Firefox
Testing: csp_id=191, page_id=1500, browser=Firefox
Testing: csp_id=191, page_id=1600, browser=Firefox
Testing: csp_id=191, page_id=1700, browser=Firefox
Testing: csp_id=191, page_id=1800, browser=Firefox
Testing: csp_id=191, page_id=1900, browser=Firefox
Testing: csp_id=191, page_id=2000, browser=Firefox
Testing: csp_id=191, page_id=2100, browser=Firefox
Testing: csp_id=191, page_id=2200, browser=Firefox
Testing: csp_id=191, page_id=2300, browser=Firefox
Testing: csp_id=191, page_id=2400, browser=Firefox
Testing: csp_id=191, page_id=2500, browser=Firefox
Testing: csp_id=191, page_id=2600, browser=Firefox
Testing: csp_id=191, page_id=2700, browser=Firefox
Testing: csp_id=191, page_id=2800, browser=Firefox
Testing: csp_id=191, page_id=2900, browser=Firefox
Testing: csp_id=191, page_id=3000, browser=Firefox
Testing: csp_id=191, page_id=3100, browser=Firefox
Testing: csp_id=191, page_id=3200, browser=Firefox
Testing: csp_id=191, page_id=3300, browser=Firefox
Testing: csp_id=191, page_id=3400, browser=Firefox
Testing: csp_id=191, page_id=3500, browser=Firefox
Testing: csp_id=191, page_id=3600, browser=Firefox
Testing: csp_id=191, page_id=3700, browser=Firefox
Testing: csp_id=191, page_id=3800, browser=Firefox
Testing: csp_id=191, page_id=3900, browser=Firefox
Testing: csp_id=191, page_id=4000, browser=Firefox
Testing: csp_id=191, page_id=4100, browser=Firefox
Testing: csp_id=191, page_id=4200, browser=Firefox
Testing: csp_id=191, page_id=4300, browser=Firefox
Testing: csp_id=191, page_id=4400, browser=Firefox
Testing: csp_id=191, page_id=4500, browser=Firefox
Testing: csp_id=191, page_id=4600, browser=Firefox
Testing: csp_id=191, page_id=4700, browser=Firefox
Testing: csp_id=191, page_id=4800, browser=Firefox
Testing: csp_id=191, page_id=4900, browser=Firefox
Testing: csp_id=191, page_id=5000, browser=Firefox
Testing: csp_id=191, page_id=5100, browser=Firefox
Testing: csp_id=191, page_id=5200, browser=Firefox
Testing: csp_id=191, page_id=5300, browser=Firefox
Testing: csp_id=191, page_id=5400, browser=Firefox
Testing: csp_id=191, page_id=5500, browser=Firefox
Testing: csp_id=191, page_id=5600, browser=Firefox
Testing: csp_id=191, page_id=5700, browser=Firefox
Testing: csp_id=191, page_id=5800, browser=Firefox
Testing: csp_id=191, page_id=5900, browser=Firefox
Testing: csp_id=191, page_id=6000, browser=Firefox
Testing: csp_id=191, page_id=6100, browser=Firefox
Testing: csp_id=191, page_id=6200, browser=Firefox
Testing: csp_id=191, page_id=6300, browser=Firefox
Testing: csp_id=191, page_id=6400, browser=Firefox
Testing: csp_id=191, page_id=6500, browser=Firefox
Testing: csp_id=191, page_id=6600, browser=Firefox
Testing: csp_id=191, page_id=6700, browser=Firefox
Testing: csp_id=191, page_id=6800, browser=Firefox
Testing: csp_id=191, page_id=6900, browser=Firefox
Testing: csp_id=191, page_id=7000, browser=Firefox
Testing: csp_id=191, page_id=7100, browser=Firefox
Testing: csp_id=191, page_id=7200, browser=Firefox
Testing: csp_id=191, page_id=7300, browser=Firefox
Testing: csp_id=191, page_id=7400, browser=Firefox
Testing: csp_id=191, page_id=7500, browser=Firefox
Testing: csp_id=191, page_id=7600, browser=Firefox
Testing: csp_id=191, page_id=7700, browser=Firefox
Testing: csp_id=191, page_id=7800, browser=Firefox
Testing: csp_id=191, page_id=7900, browser=Firefox
Testing: csp_id=191, page_id=8000, browser=Firefox
Testing: csp_id=191, page_id=8100, browser=Firefox
Testing: csp_id=191, page_id=8200, browser=Firefox
Testing: csp_id=191, page_id=8300, browser=Firefox
Testing: csp_id=191, page_id=8400, browser=Firefox
Testing: csp_id=191, page_id=8500, browser=Firefox
Testing: csp_id=191, page_id=8600, browser=Firefox
Testing: csp_id=191, page_id=8700, browser=Firefox
Testing: csp_id=191, page_id=8800, browser=Firefox
Testing: csp_id=191, page_id=8900, browser=Firefox
Testing: csp_id=191, page_id=9000, browser=Firefox
Testing: csp_id=191, page_id=9100, browser=Firefox
Testing: csp_id=191, page_id=9200, browser=Firefox
Testing: csp_id=191, page_id=9300, browser=Firefox
Testing: csp_id=191, page_id=9400, browser=Firefox
Testing: csp_id=191, page_id=9500, browser=Firefox
Testing: csp_id=191, page_id=9600, browser=Firefox
Testing: csp_id=191, page_id=9700, browser=Firefox
Testing: csp_id=191, page_id=9800, browser=Firefox
Testing: csp_id=191, page_id=9900, browser=Firefox
Testing: csp_id=191, page_id=10000, browser=Firefox
Testing: csp_id=191, page_id=10100, browser=Firefox
Testing: csp_id=191, page_id=10200, browser=Firefox
Testing: csp_id=191, page_id=10300, browser=Firefox
Testing: csp_id=191, page_id=10400, browser=Firefox
Testing: csp_id=191, page_id=10500, browser=Firefox
Testing: csp_id=191, page_id=10600, browser=Firefox
Testing: csp_id=191, page_id=10700, browser=Firefox
Testing: csp_id=191, page_id=10800, browser=Firefox
Testing: csp_id=191, page_id=10900, browser=Firefox
Testing: csp_id=191, page_id=11000, browser=Firefox
Testing: csp_id=191, page_id=11100, browser=Firefox
Testing: csp_id=191, page_id=11200, browser=Firefox
Testing: csp_id=191, page_id=11300, browser=Firefox
Testing: csp_id=191, page_id=11400, browser=Firefox
Testing: csp_id=191, page_id=11500, browser=Firefox
Testing: csp_id=191, page_id=11600, browser=Firefox
Testing: csp_id=191, page_id=11700, browser=Firefox
Testing: csp_id=191, page_id=11800, browser=Firefox
Testing: csp_id=191, page_id=11900, browser=Firefox
Testing: csp_id=191, page_id=12000, browser=Firefox
Testing: csp_id=191, page_id=12100, browser=Firefox
Testing: csp_id=191, page_id=12200, browser=Firefox
Testing: csp_id=191, page_id=12300, browser=Firefox
Testing: csp_id=191, page_id=12400, browser=Firefox
Testing: csp_id=191, page_id=12500, browser=Firefox
Testing: csp_id=191, page_id=12600, browser=Firefox
Testing: csp_id=191, page_id=12700, browser=Firefox
Testing: csp_id=191, page_id=12800, browser=Firefox
Testing: csp_id=191, page_id=12900, browser=Firefox
Testing: csp_id=191, page_id=13000, browser=Firefox
Testing: csp_id=191, page_id=13100, browser=Firefox
Testing: csp_id=191, page_id=13200, browser=Firefox
Testing: csp_id=191, page_id=13300, browser=Firefox
Testing: csp_id=191, page_id=13400, browser=Firefox
Testing: csp_id=191, page_id=13500, browser=Firefox
Testing: csp_id=191, page_id=13600, browser=Firefox
Testing: csp_id=191, page_id=13700, browser=Firefox
Testing: csp_id=191, page_id=13800, browser=Firefox
Testing: csp_id=191, page_id=13900, browser=Firefox
Testing: csp_id=191, page_id=14000, browser=Firefox
Testing: csp_id=191, page_id=14100, browser=Firefox
Testing: csp_id=191, page_id=14200, browser=Firefox
Testing: csp_id=191, page_id=14300, browser=Firefox
Testing: csp_id=191, page_id=14400, browser=Firefox
Testing: csp_id=191, page_id=14500, browser=Firefox
Testing: csp_id=191, page_id=14600, browser=Firefox
Testing: csp_id=191, page_id=14700, browser=Firefox
Testing: csp_id=191, page_id=14800, browser=Firefox
Testing: csp_id=191, page_id=14900, browser=Firefox
Testing: csp_id=191, page_id=15000, browser=Firefox
Testing: csp_id=191, page_id=15100, browser=Firefox
Testing: csp_id=191, page_id=15200, browser=Firefox
Testing: csp_id=191, page_id=15300, browser=Firefox
Testing: csp_id=191, page_id=15400, browser=Firefox
Testing: csp_id=191, page_id=15500, browser=Firefox
Testing: csp_id=191, page_id=15600, browser=Firefox
Testing: csp_id=191, page_id=15700, browser=Firefox
Testing: csp_id=191, page_id=15800, browser=Firefox
Testing: csp_id=191, page_id=15900, browser=Firefox
Testing: csp_id=191, page_id=16000, browser=Firefox
Testing: csp_id=191, page_id=16100, browser=Firefox
Testing: csp_id=191, page_id=16200, browser=Firefox
Testing: csp_id=191, page_id=16300, browser=Firefox
Testing: csp_id=191, page_id=16400, browser=Firefox
Testing: csp_id=191, page_id=16500, browser=Firefox
Testing: csp_id=191, page_id=16600, browser=Firefox
Testing: csp_id=191, page_id=16700, browser=Firefox
Testing: csp_id=191, page_id=16800, browser=Firefox
Testing: csp_id=191, page_id=16900, browser=Firefox
Testing: csp_id=191, page_id=17000, browser=Firefox
Testing: csp_id=191, page_id=17100, browser=Firefox
Testing: csp_id=191, page_id=17200, browser=Firefox
Testing: csp_id=191, page_id=17300, browser=Firefox
Testing: csp_id=191, page_id=17400, browser=Firefox
Testing: csp_id=191, page_id=17500, browser=Firefox
Testing: csp_id=191, page_id=17600, browser=Firefox
Testing: csp_id=191, page_id=17700, browser=Firefox
Testing: csp_id=191, page_id=17800, browser=Firefox
Testing: csp_id=191, page_id=17900, browser=Firefox
Testing: csp_id=191, page_id=18000, browser=Firefox
Testing: csp_id=191, page_id=18100, browser=Firefox
Testing: csp_id=191, page_id=18200, browser=Firefox
Testing: csp_id=191, page_id=18300, browser=Firefox
Testing: csp_id=191, page_id=18400, browser=Firefox
Testing: csp_id=191, page_id=18500, browser=Firefox
Testing: csp_id=191, page_id=18600, browser=Firefox
Testing: csp_id=191, page_id=18700, browser=Firefox
Testing: csp_id=191, page_id=18800, browser=Firefox
Testing: csp_id=191, page_id=18900, browser=Firefox
Testing: csp_id=191, page_id=19000, browser=Firefox
Testing: csp_id=191, page_id=19100, browser=Firefox
Testing: csp_id=191, page_id=19200, browser=Firefox
Testing: csp_id=191, page_id=19300, browser=Firefox
Testing: csp_id=191, page_id=19400, browser=Firefox
Testing: csp_id=191, page_id=19500, browser=Firefox
Testing: csp_id=191, page_id=19600, browser=Firefox
Testing: csp_id=191, page_id=19700, browser=Firefox
Testing: csp_id=191, page_id=19800, browser=Firefox
Testing: csp_id=191, page_id=19900, browser=Firefox
Testing: csp_id=191, page_id=20000, browser=Firefox
Testing: csp_id=191, page_id=20100, browser=Firefox
Testing: csp_id=191, page_id=20200, browser=Firefox
Testing: csp_id=191, page_id=20300, browser=Firefox
Testing: csp_id=191, page_id=20400, browser=Firefox
Testing: csp_id=191, page_id=20500, browser=Firefox
Testing: csp_id=191, page_id=20600, browser=Firefox
Testing: csp_id=191, page_id=20700, browser=Firefox
Testing: csp_id=191, page_id=20800, browser=Firefox
Testing: csp_id=191, page_id=20900, browser=Firefox
Testing: csp_id=191, page_id=21000, browser=Firefox
Testing: csp_id=191, page_id=21100, browser=Firefox
Testing: csp_id=191, page_id=21200, browser=Firefox
Testing: csp_id=191, page_id=21300, browser=Firefox
Testing: csp_id=191, page_id=21400, browser=Firefox
Testing: csp_id=191, page_id=21500, browser=Firefox
Testing: csp_id=191, page_id=21600, browser=Firefox
Testing: csp_id=191, page_id=21700, browser=Firefox
Testing: csp_id=191, page_id=21800, browser=Firefox
Testing: csp_id=191, page_id=21900, browser=Firefox
Testing: csp_id=191, page_id=22000, browser=Firefox
Testing: csp_id=191, page_id=22100, browser=Firefox
Testing: csp_id=191, page_id=22200, browser=Firefox
Testing: csp_id=191, page_id=22300, browser=Firefox
Testing: csp_id=191, page_id=22400, browser=Firefox
Testing: csp_id=191, page_id=22500, browser=Firefox
Testing: csp_id=191, page_id=22600, browser=Firefox
Testing: csp_id=191, page_id=22700, browser=Firefox
Testing: csp_id=191, page_id=22800, browser=Firefox
Testing: csp_id=191, page_id=22900, browser=Firefox
Testing: csp_id=191, page_id=23000, browser=Firefox
Testing: csp_id=191, page_id=23100, browser=Firefox
Testing: csp_id=191, page_id=23200, browser=Firefox
Testing: csp_id=191, page_id=23300, browser=Firefox
Testing: csp_id=191, page_id=23400, browser=Firefox
Testing: csp_id=191, page_id=23500, browser=Firefox
Testing: csp_id=191, page_id=23600, browser=Firefox
Testing: csp_id=191, page_id=23700, browser=Firefox
Testing: csp_id=191, page_id=23800, browser=Firefox
Testing: csp_id=191, page_id=23900, browser=Firefox
Testing: csp_id=191, page_id=24000, browser=Firefox
Testing: csp_id=191, page_id=24100, browser=Firefox
Testing: csp_id=191, page_id=24200, browser=Firefox
Testing: csp_id=191, page_id=24300, browser=Firefox
Testing: csp_id=191, page_id=24400, browser=Firefox
Testing: csp_id=191, page_id=24500, browser=Firefox
Testing: csp_id=191, page_id=24600, browser=Firefox
Testing: csp_id=191, page_id=24700, browser=Firefox
Testing: csp_id=191, page_id=24800, browser=Firefox
Testing: csp_id=191, page_id=24900, browser=Firefox
Testing: csp_id=191, page_id=25000, browser=Firefox
Testing: csp_id=191, page_id=25100, browser=Firefox
Testing: csp_id=191, page_id=25200, browser=Firefox
Testing: csp_id=191, page_id=25300, browser=Firefox
Testing: csp_id=191, page_id=25400, browser=Firefox
Testing: csp_id=191, page_id=25500, browser=Firefox
Testing: csp_id=191, page_id=25600, browser=Firefox
Testing: csp_id=191, page_id=25700, browser=Firefox
Testing: csp_id=191, page_id=25800, browser=Firefox
Testing: csp_id=191, page_id=25900, browser=Firefox
Testing: csp_id=191, page_id=26000, browser=Firefox
Testing: csp_id=191, page_id=26100, browser=Firefox
Testing: csp_id=191, page_id=26200, browser=Firefox
Testing: csp_id=191, page_id=26300, browser=Firefox
Testing: csp_id=191, page_id=26400, browser=Firefox
Testing: csp_id=191, page_id=26500, browser=Firefox
Testing: csp_id=191, page_id=26600, browser=Firefox
Testing: csp_id=191, page_id=26700, browser=Firefox
Testing: csp_id=191, page_id=26800, browser=Firefox
Testing: csp_id=191, page_id=26900, browser=Firefox
Testing: csp_id=191, page_id=27000, browser=Firefox
Testing: csp_id=191, page_id=27100, browser=Firefox
Testing: csp_id=191, page_id=27200, browser=Firefox
Testing: csp_id=191, page_id=27300, browser=Firefox
Testing: csp_id=191, page_id=27400, browser=Firefox
Testing: csp_id=191, page_id=27500, browser=Firefox
Testing: csp_id=191, page_id=27600, browser=Firefox
Testing: csp_id=191, page_id=27700, browser=Firefox
Testing: csp_id=191, page_id=27800, browser=Firefox
Testing: csp_id=191, page_id=27900, browser=Firefox
Testing: csp_id=191, page_id=28000, browser=Firefox
Testing: csp_id=191, page_id=28100, browser=Firefox
Testing: csp_id=191, page_id=28200, browser=Firefox
Testing: csp_id=191, page_id=28300, browser=Firefox
Testing: csp_id=191, page_id=28400, browser=Firefox
Testing: csp_id=191, page_id=28500, browser=Firefox
Testing: csp_id=191, page_id=28600, browser=Firefox
Testing: csp_id=191, page_id=28700, browser=Firefox
Testing: csp_id=191, page_id=28800, browser=Firefox
Testing: csp_id=191, page_id=28900, browser=Firefox
Testing: csp_id=191, page_id=29000, browser=Firefox
Testing: csp_id=191, page_id=29100, browser=Firefox
Testing: csp_id=191, page_id=29200, browser=Firefox
Testing: csp_id=191, page_id=29300, browser=Firefox
Testing: csp_id=191, page_id=29400, browser=Firefox
Testing: csp_id=191, page_id=29500, browser=Firefox
Testing: csp_id=191, page_id=29600, browser=Firefox
Testing: csp_id=191, page_id=29700, browser=Firefox
Testing: csp_id=191, page_id=29800, browser=Firefox
🏊 create_context_pools[first] (5x16): 29.097s
Testing: csp_id=192, page_id=0, browser=Firefox
Testing: csp_id=192, page_id=100, browser=Firefox
Testing: csp_id=192, page_id=200, browser=Firefox
Testing: csp_id=192, page_id=300, browser=Firefox
Testing: csp_id=192, page_id=400, browser=Firefox
Testing: csp_id=192, page_id=500, browser=Firefox
Testing: csp_id=192, page_id=600, browser=Firefox
Testing: csp_id=192, page_id=700, browser=Firefox
Testing: csp_id=192, page_id=800, browser=Firefox
Testing: csp_id=192, page_id=900, browser=Firefox
Testing: csp_id=192, page_id=1000, browser=Firefox
Testing: csp_id=192, page_id=1100, browser=Firefox
Testing: csp_id=192, page_id=1200, browser=Firefox
Testing: csp_id=192, page_id=1300, browser=Firefox
Testing: csp_id=192, page_id=1400, browser=Firefox
Testing: csp_id=192, page_id=1500, browser=Firefox
Testing: csp_id=192, page_id=1600, browser=Firefox
Testing: csp_id=192, page_id=1700, browser=Firefox
Testing: csp_id=192, page_id=1800, browser=Firefox
Testing: csp_id=192, page_id=1900, browser=Firefox
Testing: csp_id=192, page_id=2000, browser=Firefox
Testing: csp_id=192, page_id=2100, browser=Firefox
Testing: csp_id=192, page_id=2200, browser=Firefox
Testing: csp_id=192, page_id=2300, browser=Firefox
Testing: csp_id=192, page_id=2400, browser=Firefox
Testing: csp_id=192, page_id=2500, browser=Firefox
Testing: csp_id=192, page_id=2600, browser=Firefox
Testing: csp_id=192, page_id=2700, browser=Firefox
Testing: csp_id=192, page_id=2800, browser=Firefox
Testing: csp_id=192, page_id=2900, browser=Firefox
Testing: csp_id=192, page_id=3000, browser=Firefox
Testing: csp_id=192, page_id=3100, browser=Firefox
Testing: csp_id=192, page_id=3200, browser=Firefox
Testing: csp_id=192, page_id=3300, browser=Firefox
Testing: csp_id=192, page_id=3400, browser=Firefox
Testing: csp_id=192, page_id=3500, browser=Firefox
Testing: csp_id=192, page_id=3600, browser=Firefox
Testing: csp_id=192, page_id=3700, browser=Firefox
Testing: csp_id=192, page_id=3800, browser=Firefox
Testing: csp_id=192, page_id=3900, browser=Firefox
Testing: csp_id=192, page_id=4000, browser=Firefox
Testing: csp_id=192, page_id=4100, browser=Firefox
Testing: csp_id=192, page_id=4200, browser=Firefox
Testing: csp_id=192, page_id=4300, browser=Firefox
Testing: csp_id=192, page_id=4400, browser=Firefox
Testing: csp_id=192, page_id=4500, browser=Firefox
Testing: csp_id=192, page_id=4600, browser=Firefox
Testing: csp_id=192, page_id=4700, browser=Firefox
Testing: csp_id=192, page_id=4800, browser=Firefox
Testing: csp_id=192, page_id=4900, browser=Firefox
Testing: csp_id=192, page_id=5000, browser=Firefox
Testing: csp_id=192, page_id=5100, browser=Firefox
Testing: csp_id=192, page_id=5200, browser=Firefox
Testing: csp_id=192, page_id=5300, browser=Firefox
Testing: csp_id=192, page_id=5400, browser=Firefox
Testing: csp_id=192, page_id=5500, browser=Firefox
Testing: csp_id=192, page_id=5600, browser=Firefox
Testing: csp_id=192, page_id=5700, browser=Firefox
Testing: csp_id=192, page_id=5800, browser=Firefox
Testing: csp_id=192, page_id=5900, browser=Firefox
Testing: csp_id=192, page_id=6000, browser=Firefox
Testing: csp_id=192, page_id=6100, browser=Firefox
Testing: csp_id=192, page_id=6200, browser=Firefox
Testing: csp_id=192, page_id=6300, browser=Firefox
Testing: csp_id=192, page_id=6400, browser=Firefox
Testing: csp_id=192, page_id=6500, browser=Firefox
Testing: csp_id=192, page_id=6600, browser=Firefox
Testing: csp_id=192, page_id=6700, browser=Firefox
Testing: csp_id=192, page_id=6800, browser=Firefox
Testing: csp_id=192, page_id=6900, browser=Firefox
Testing: csp_id=192, page_id=7000, browser=Firefox
Testing: csp_id=192, page_id=7100, browser=Firefox
Testing: csp_id=192, page_id=7200, browser=Firefox
Testing: csp_id=192, page_id=7300, browser=Firefox
Testing: csp_id=192, page_id=7400, browser=Firefox
Testing: csp_id=192, page_id=7500, browser=Firefox
Testing: csp_id=192, page_id=7600, browser=Firefox
Testing: csp_id=192, page_id=7700, browser=Firefox
Testing: csp_id=192, page_id=7800, browser=Firefox
Testing: csp_id=192, page_id=7900, browser=Firefox
Testing: csp_id=192, page_id=8000, browser=Firefox
Testing: csp_id=192, page_id=8100, browser=Firefox
Testing: csp_id=192, page_id=8200, browser=Firefox
Testing: csp_id=192, page_id=8300, browser=Firefox
Testing: csp_id=192, page_id=8400, browser=Firefox
Testing: csp_id=192, page_id=8500, browser=Firefox
Testing: csp_id=192, page_id=8600, browser=Firefox
Testing: csp_id=192, page_id=8700, browser=Firefox
Testing: csp_id=192, page_id=8800, browser=Firefox
Testing: csp_id=192, page_id=8900, browser=Firefox
Testing: csp_id=192, page_id=9000, browser=Firefox
Testing: csp_id=192, page_id=9100, browser=Firefox
Testing: csp_id=192, page_id=9200, browser=Firefox
Testing: csp_id=192, page_id=9300, browser=Firefox
Testing: csp_id=192, page_id=9400, browser=Firefox
Testing: csp_id=192, page_id=9500, browser=Firefox
Testing: csp_id=192, page_id=9600, browser=Firefox
Testing: csp_id=192, page_id=9700, browser=Firefox
Testing: csp_id=192, page_id=9800, browser=Firefox
Testing: csp_id=192, page_id=9900, browser=Firefox
Testing: csp_id=192, page_id=10000, browser=Firefox
Testing: csp_id=192, page_id=10100, browser=Firefox
Testing: csp_id=192, page_id=10200, browser=Firefox
Testing: csp_id=192, page_id=10300, browser=Firefox
Testing: csp_id=192, page_id=10400, browser=Firefox
Testing: csp_id=192, page_id=10500, browser=Firefox
Testing: csp_id=192, page_id=10600, browser=Firefox
Testing: csp_id=192, page_id=10700, browser=Firefox
Testing: csp_id=192, page_id=10800, browser=Firefox
Testing: csp_id=192, page_id=10900, browser=Firefox
Testing: csp_id=192, page_id=11000, browser=Firefox
Testing: csp_id=192, page_id=11100, browser=Firefox
Testing: csp_id=192, page_id=11200, browser=Firefox
Testing: csp_id=192, page_id=11300, browser=Firefox
Testing: csp_id=192, page_id=11400, browser=Firefox
Testing: csp_id=192, page_id=11500, browser=Firefox
Testing: csp_id=192, page_id=11600, browser=Firefox
Testing: csp_id=192, page_id=11700, browser=Firefox
Testing: csp_id=192, page_id=11800, browser=Firefox
Testing: csp_id=192, page_id=11900, browser=Firefox
Testing: csp_id=192, page_id=12000, browser=Firefox
Testing: csp_id=192, page_id=12100, browser=Firefox
Testing: csp_id=192, page_id=12200, browser=Firefox
Testing: csp_id=192, page_id=12300, browser=Firefox
Testing: csp_id=192, page_id=12400, browser=Firefox
Testing: csp_id=192, page_id=12500, browser=Firefox
Testing: csp_id=192, page_id=12600, browser=Firefox
Testing: csp_id=192, page_id=12700, browser=Firefox
Testing: csp_id=192, page_id=12800, browser=Firefox
Testing: csp_id=192, page_id=12900, browser=Firefox
Testing: csp_id=192, page_id=13000, browser=Firefox
Testing: csp_id=192, page_id=13100, browser=Firefox
Testing: csp_id=192, page_id=13200, browser=Firefox
Testing: csp_id=192, page_id=13300, browser=Firefox
Testing: csp_id=192, page_id=13400, browser=Firefox
Testing: csp_id=192, page_id=13500, browser=Firefox
Testing: csp_id=192, page_id=13600, browser=Firefox
Testing: csp_id=192, page_id=13700, browser=Firefox
Testing: csp_id=192, page_id=13800, browser=Firefox
Testing: csp_id=192, page_id=13900, browser=Firefox
Testing: csp_id=192, page_id=14000, browser=Firefox
Testing: csp_id=192, page_id=14100, browser=Firefox
Testing: csp_id=192, page_id=14200, browser=Firefox
Testing: csp_id=192, page_id=14300, browser=Firefox
Testing: csp_id=192, page_id=14400, browser=Firefox
Testing: csp_id=192, page_id=14500, browser=Firefox
Testing: csp_id=192, page_id=14600, browser=Firefox
Testing: csp_id=192, page_id=14700, browser=Firefox
Testing: csp_id=192, page_id=14800, browser=Firefox
Testing: csp_id=192, page_id=14900, browser=Firefox
Testing: csp_id=192, page_id=15000, browser=Firefox
Testing: csp_id=192, page_id=15100, browser=Firefox
Testing: csp_id=192, page_id=15200, browser=Firefox
Testing: csp_id=192, page_id=15300, browser=Firefox
Testing: csp_id=192, page_id=15400, browser=Firefox
Testing: csp_id=192, page_id=15500, browser=Firefox
Testing: csp_id=192, page_id=15600, browser=Firefox
Testing: csp_id=192, page_id=15700, browser=Firefox
Testing: csp_id=192, page_id=15800, browser=Firefox
Testing: csp_id=192, page_id=15900, browser=Firefox
Testing: csp_id=192, page_id=16000, browser=Firefox
Testing: csp_id=192, page_id=16100, browser=Firefox
Testing: csp_id=192, page_id=16200, browser=Firefox
Testing: csp_id=192, page_id=16300, browser=Firefox
Testing: csp_id=192, page_id=16400, browser=Firefox
Testing: csp_id=192, page_id=16500, browser=Firefox
Testing: csp_id=192, page_id=16600, browser=Firefox
Testing: csp_id=192, page_id=16700, browser=Firefox
Testing: csp_id=192, page_id=16800, browser=Firefox
Testing: csp_id=192, page_id=16900, browser=Firefox
Testing: csp_id=192, page_id=17000, browser=Firefox
Testing: csp_id=192, page_id=17100, browser=Firefox
Testing: csp_id=192, page_id=17200, browser=Firefox
Testing: csp_id=192, page_id=17300, browser=Firefox
Testing: csp_id=192, page_id=17400, browser=Firefox
Testing: csp_id=192, page_id=17500, browser=Firefox
Testing: csp_id=192, page_id=17600, browser=Firefox
Testing: csp_id=192, page_id=17700, browser=Firefox
Testing: csp_id=192, page_id=17800, browser=Firefox
Testing: csp_id=192, page_id=17900, browser=Firefox
Testing: csp_id=192, page_id=18000, browser=Firefox
Testing: csp_id=192, page_id=18100, browser=Firefox
Testing: csp_id=192, page_id=18200, browser=Firefox
Testing: csp_id=192, page_id=18300, browser=Firefox
Testing: csp_id=192, page_id=18400, browser=Firefox
Testing: csp_id=192, page_id=18500, browser=Firefox
Testing: csp_id=192, page_id=18600, browser=Firefox
Testing: csp_id=192, page_id=18700, browser=Firefox
Testing: csp_id=192, page_id=18800, browser=Firefox
Testing: csp_id=192, page_id=18900, browser=Firefox
Testing: csp_id=192, page_id=19000, browser=Firefox
Testing: csp_id=192, page_id=19100, browser=Firefox
Testing: csp_id=192, page_id=19200, browser=Firefox
Testing: csp_id=192, page_id=19300, browser=Firefox
Testing: csp_id=192, page_id=19400, browser=Firefox
Testing: csp_id=192, page_id=19500, browser=Firefox
Testing: csp_id=192, page_id=19600, browser=Firefox
Testing: csp_id=192, page_id=19700, browser=Firefox
Testing: csp_id=192, page_id=19800, browser=Firefox
Testing: csp_id=192, page_id=19900, browser=Firefox
Testing: csp_id=192, page_id=20000, browser=Firefox
Testing: csp_id=192, page_id=20100, browser=Firefox
Testing: csp_id=192, page_id=20200, browser=Firefox
Testing: csp_id=192, page_id=20300, browser=Firefox
Testing: csp_id=192, page_id=20400, browser=Firefox
Testing: csp_id=192, page_id=20500, browser=Firefox
Testing: csp_id=192, page_id=20600, browser=Firefox
Testing: csp_id=192, page_id=20700, browser=Firefox
Testing: csp_id=192, page_id=20800, browser=Firefox
Testing: csp_id=192, page_id=20900, browser=Firefox
Testing: csp_id=192, page_id=21000, browser=Firefox
Testing: csp_id=192, page_id=21100, browser=Firefox
Testing: csp_id=192, page_id=21200, browser=Firefox
Testing: csp_id=192, page_id=21300, browser=Firefox
Testing: csp_id=192, page_id=21400, browser=Firefox
Testing: csp_id=192, page_id=21500, browser=Firefox
Testing: csp_id=192, page_id=21600, browser=Firefox
Testing: csp_id=192, page_id=21700, browser=Firefox
Testing: csp_id=192, page_id=21800, browser=Firefox
Testing: csp_id=192, page_id=21900, browser=Firefox
Testing: csp_id=192, page_id=22000, browser=Firefox
Testing: csp_id=192, page_id=22100, browser=Firefox
Testing: csp_id=192, page_id=22200, browser=Firefox
Testing: csp_id=192, page_id=22300, browser=Firefox
Testing: csp_id=192, page_id=22400, browser=Firefox
Testing: csp_id=192, page_id=22500, browser=Firefox
Testing: csp_id=192, page_id=22600, browser=Firefox
Testing: csp_id=192, page_id=22700, browser=Firefox
Testing: csp_id=192, page_id=22800, browser=Firefox
Testing: csp_id=192, page_id=22900, browser=Firefox
Testing: csp_id=192, page_id=23000, browser=Firefox
Testing: csp_id=192, page_id=23100, browser=Firefox
Testing: csp_id=192, page_id=23200, browser=Firefox
Testing: csp_id=192, page_id=23300, browser=Firefox
Testing: csp_id=192, page_id=23400, browser=Firefox
Testing: csp_id=192, page_id=23500, browser=Firefox
Testing: csp_id=192, page_id=23600, browser=Firefox
Testing: csp_id=192, page_id=23700, browser=Firefox
Testing: csp_id=192, page_id=23800, browser=Firefox
Testing: csp_id=192, page_id=23900, browser=Firefox
Testing: csp_id=192, page_id=24000, browser=Firefox
Testing: csp_id=192, page_id=24100, browser=Firefox
Testing: csp_id=192, page_id=24200, browser=Firefox
Testing: csp_id=192, page_id=24300, browser=Firefox
Testing: csp_id=192, page_id=24400, browser=Firefox
Testing: csp_id=192, page_id=24500, browser=Firefox
Testing: csp_id=192, page_id=24600, browser=Firefox
Testing: csp_id=192, page_id=24700, browser=Firefox
Testing: csp_id=192, page_id=24800, browser=Firefox
Testing: csp_id=192, page_id=24900, browser=Firefox
Testing: csp_id=192, page_id=25000, browser=Firefox
Testing: csp_id=192, page_id=25100, browser=Firefox
Testing: csp_id=192, page_id=25200, browser=Firefox
Testing: csp_id=192, page_id=25300, browser=Firefox
Testing: csp_id=192, page_id=25400, browser=Firefox
Testing: csp_id=192, page_id=25500, browser=Firefox
Testing: csp_id=192, page_id=25600, browser=Firefox
Testing: csp_id=192, page_id=25700, browser=Firefox
Testing: csp_id=192, page_id=25800, browser=Firefox
Testing: csp_id=192, page_id=25900, browser=Firefox
Testing: csp_id=192, page_id=26000, browser=Firefox
Testing: csp_id=192, page_id=26100, browser=Firefox
Testing: csp_id=192, page_id=26200, browser=Firefox
Testing: csp_id=192, page_id=26300, browser=Firefox
Testing: csp_id=192, page_id=26400, browser=Firefox
Testing: csp_id=192, page_id=26500, browser=Firefox
Testing: csp_id=192, page_id=26600, browser=Firefox
Testing: csp_id=192, page_id=26700, browser=Firefox
Testing: csp_id=192, page_id=26800, browser=Firefox
Testing: csp_id=192, page_id=26900, browser=Firefox
Testing: csp_id=192, page_id=27000, browser=Firefox
Testing: csp_id=192, page_id=27100, browser=Firefox
Testing: csp_id=192, page_id=27200, browser=Firefox
Testing: csp_id=192, page_id=27300, browser=Firefox
Testing: csp_id=192, page_id=27400, browser=Firefox
Testing: csp_id=192, page_id=27500, browser=Firefox
Testing: csp_id=192, page_id=27600, browser=Firefox
Testing: csp_id=192, page_id=27700, browser=Firefox
Testing: csp_id=192, page_id=27800, browser=Firefox
Testing: csp_id=192, page_id=27900, browser=Firefox
Testing: csp_id=192, page_id=28000, browser=Firefox
Testing: csp_id=192, page_id=28100, browser=Firefox
Testing: csp_id=192, page_id=28200, browser=Firefox
Testing: csp_id=192, page_id=28300, browser=Firefox
Testing: csp_id=192, page_id=28400, browser=Firefox
Testing: csp_id=192, page_id=28500, browser=Firefox
Testing: csp_id=192, page_id=28600, browser=Firefox
Testing: csp_id=192, page_id=28700, browser=Firefox
Testing: csp_id=192, page_id=28800, browser=Firefox
Testing: csp_id=192, page_id=28900, browser=Firefox
Testing: csp_id=192, page_id=29000, browser=Firefox
Testing: csp_id=192, page_id=29100, browser=Firefox
Testing: csp_id=192, page_id=29200, browser=Firefox
Testing: csp_id=192, page_id=29300, browser=Firefox
Testing: csp_id=192, page_id=29400, browser=Firefox
Testing: csp_id=192, page_id=29500, browser=Firefox
Testing: csp_id=192, page_id=29600, browser=Firefox
Testing: csp_id=192, page_id=29700, browser=Firefox
Testing: csp_id=192, page_id=29800, browser=Firefox
🏊 create_context_pools[first] (5x16): 32.807s
Testing: csp_id=213, page_id=0, browser=Firefox
Testing: csp_id=213, page_id=100, browser=Firefox
Testing: csp_id=213, page_id=200, browser=Firefox
Testing: csp_id=213, page_id=300, browser=Firefox
Testing: csp_id=213, page_id=400, browser=Firefox
Testing: csp_id=213, page_id=500, browser=Firefox
Testing: csp_id=213, page_id=600, browser=Firefox
Testing: csp_id=213, page_id=700, browser=Firefox
Testing: csp_id=213, page_id=800, browser=Firefox
Testing: csp_id=213, page_id=900, browser=Firefox
Testing: csp_id=213, page_id=1000, browser=Firefox
Testing: csp_id=213, page_id=1100, browser=Firefox
Testing: csp_id=213, page_id=1200, browser=Firefox
Testing: csp_id=213, page_id=1300, browser=Firefox
Testing: csp_id=213, page_id=1400, browser=Firefox
Testing: csp_id=213, page_id=1500, browser=Firefox
Testing: csp_id=213, page_id=1600, browser=Firefox
Testing: csp_id=213, page_id=1700, browser=Firefox
Testing: csp_id=213, page_id=1800, browser=Firefox
Testing: csp_id=213, page_id=1900, browser=Firefox
Testing: csp_id=213, page_id=2000, browser=Firefox
Testing: csp_id=213, page_id=2100, browser=Firefox
Testing: csp_id=213, page_id=2200, browser=Firefox
Testing: csp_id=213, page_id=2300, browser=Firefox
Testing: csp_id=213, page_id=2400, browser=Firefox
Testing: csp_id=213, page_id=2500, browser=Firefox
Testing: csp_id=213, page_id=2600, browser=Firefox
Testing: csp_id=213, page_id=2700, browser=Firefox
Testing: csp_id=213, page_id=2800, browser=Firefox
Testing: csp_id=213, page_id=2900, browser=Firefox
Testing: csp_id=213, page_id=3000, browser=Firefox
Testing: csp_id=213, page_id=3100, browser=Firefox
Testing: csp_id=213, page_id=3200, browser=Firefox
Testing: csp_id=213, page_id=3300, browser=Firefox
Testing: csp_id=213, page_id=3400, browser=Firefox
Testing: csp_id=213, page_id=3500, browser=Firefox
Testing: csp_id=213, page_id=3600, browser=Firefox
Testing: csp_id=213, page_id=3700, browser=Firefox
Testing: csp_id=213, page_id=3800, browser=Firefox
Testing: csp_id=213, page_id=3900, browser=Firefox
Testing: csp_id=213, page_id=4000, browser=Firefox
Testing: csp_id=213, page_id=4100, browser=Firefox
Testing: csp_id=213, page_id=4200, browser=Firefox
Testing: csp_id=213, page_id=4300, browser=Firefox
Testing: csp_id=213, page_id=4400, browser=Firefox
Testing: csp_id=213, page_id=4500, browser=Firefox
Testing: csp_id=213, page_id=4600, browser=Firefox
Testing: csp_id=213, page_id=4700, browser=Firefox
Testing: csp_id=213, page_id=4800, browser=Firefox
Testing: csp_id=213, page_id=4900, browser=Firefox
Testing: csp_id=213, page_id=5000, browser=Firefox
Testing: csp_id=213, page_id=5100, browser=Firefox
Testing: csp_id=213, page_id=5200, browser=Firefox
Testing: csp_id=213, page_id=5300, browser=Firefox
Testing: csp_id=213, page_id=5400, browser=Firefox
Testing: csp_id=213, page_id=5500, browser=Firefox
Testing: csp_id=213, page_id=5600, browser=Firefox
Testing: csp_id=213, page_id=5700, browser=Firefox
Testing: csp_id=213, page_id=5800, browser=Firefox
Testing: csp_id=213, page_id=5900, browser=Firefox
Testing: csp_id=213, page_id=6000, browser=Firefox
Testing: csp_id=213, page_id=6100, browser=Firefox
Testing: csp_id=213, page_id=6200, browser=Firefox
Testing: csp_id=213, page_id=6300, browser=Firefox
Testing: csp_id=213, page_id=6400, browser=Firefox
Testing: csp_id=213, page_id=6500, browser=Firefox
Testing: csp_id=213, page_id=6600, browser=Firefox
Testing: csp_id=213, page_id=6700, browser=Firefox
Testing: csp_id=213, page_id=6800, browser=Firefox
Testing: csp_id=213, page_id=6900, browser=Firefox
Testing: csp_id=213, page_id=7000, browser=Firefox
Testing: csp_id=213, page_id=7100, browser=Firefox
Testing: csp_id=213, page_id=7200, browser=Firefox
Testing: csp_id=213, page_id=7300, browser=Firefox
Testing: csp_id=213, page_id=7400, browser=Firefox
Testing: csp_id=213, page_id=7500, browser=Firefox
Testing: csp_id=213, page_id=7600, browser=Firefox
Testing: csp_id=213, page_id=7700, browser=Firefox
Testing: csp_id=213, page_id=7800, browser=Firefox
Testing: csp_id=213, page_id=7900, browser=Firefox
Testing: csp_id=213, page_id=8000, browser=Firefox
Testing: csp_id=213, page_id=8100, browser=Firefox
Testing: csp_id=213, page_id=8200, browser=Firefox
Testing: csp_id=213, page_id=8300, browser=Firefox
Testing: csp_id=213, page_id=8400, browser=Firefox
Testing: csp_id=213, page_id=8500, browser=Firefox
Testing: csp_id=213, page_id=8600, browser=Firefox
Testing: csp_id=213, page_id=8700, browser=Firefox
Testing: csp_id=213, page_id=8800, browser=Firefox
Testing: csp_id=213, page_id=8900, browser=Firefox
Testing: csp_id=213, page_id=9000, browser=Firefox
Testing: csp_id=213, page_id=9100, browser=Firefox
Testing: csp_id=213, page_id=9200, browser=Firefox
Testing: csp_id=213, page_id=9300, browser=Firefox
Testing: csp_id=213, page_id=9400, browser=Firefox
Testing: csp_id=213, page_id=9500, browser=Firefox
Testing: csp_id=213, page_id=9600, browser=Firefox
Testing: csp_id=213, page_id=9700, browser=Firefox
Testing: csp_id=213, page_id=9800, browser=Firefox
Testing: csp_id=213, page_id=9900, browser=Firefox
Testing: csp_id=213, page_id=10000, browser=Firefox
Testing: csp_id=213, page_id=10100, browser=Firefox
Testing: csp_id=213, page_id=10200, browser=Firefox
Testing: csp_id=213, page_id=10300, browser=Firefox
Testing: csp_id=213, page_id=10400, browser=Firefox
Testing: csp_id=213, page_id=10500, browser=Firefox
Testing: csp_id=213, page_id=10600, browser=Firefox
Testing: csp_id=213, page_id=10700, browser=Firefox
Testing: csp_id=213, page_id=10800, browser=Firefox
Testing: csp_id=213, page_id=10900, browser=Firefox
Testing: csp_id=213, page_id=11000, browser=Firefox
Testing: csp_id=213, page_id=11100, browser=Firefox
Testing: csp_id=213, page_id=11200, browser=Firefox
Testing: csp_id=213, page_id=11300, browser=Firefox
Testing: csp_id=213, page_id=11400, browser=Firefox
Testing: csp_id=213, page_id=11500, browser=Firefox
Testing: csp_id=213, page_id=11600, browser=Firefox
Testing: csp_id=213, page_id=11700, browser=Firefox
Testing: csp_id=213, page_id=11800, browser=Firefox
Testing: csp_id=213, page_id=11900, browser=Firefox
Testing: csp_id=213, page_id=12000, browser=Firefox
Testing: csp_id=213, page_id=12100, browser=Firefox
Testing: csp_id=213, page_id=12200, browser=Firefox
Testing: csp_id=213, page_id=12300, browser=Firefox
Testing: csp_id=213, page_id=12400, browser=Firefox
Testing: csp_id=213, page_id=12500, browser=Firefox
Testing: csp_id=213, page_id=12600, browser=Firefox
Testing: csp_id=213, page_id=12700, browser=Firefox
Testing: csp_id=213, page_id=12800, browser=Firefox
Testing: csp_id=213, page_id=12900, browser=Firefox
Testing: csp_id=213, page_id=13000, browser=Firefox
Testing: csp_id=213, page_id=13100, browser=Firefox
Testing: csp_id=213, page_id=13200, browser=Firefox
Testing: csp_id=213, page_id=13300, browser=Firefox
Testing: csp_id=213, page_id=13400, browser=Firefox
Testing: csp_id=213, page_id=13500, browser=Firefox
Testing: csp_id=213, page_id=13600, browser=Firefox
Testing: csp_id=213, page_id=13700, browser=Firefox
Testing: csp_id=213, page_id=13800, browser=Firefox
Testing: csp_id=213, page_id=13900, browser=Firefox
Testing: csp_id=213, page_id=14000, browser=Firefox
Testing: csp_id=213, page_id=14100, browser=Firefox
Testing: csp_id=213, page_id=14200, browser=Firefox
Testing: csp_id=213, page_id=14300, browser=Firefox
Testing: csp_id=213, page_id=14400, browser=Firefox
Testing: csp_id=213, page_id=14500, browser=Firefox
Testing: csp_id=213, page_id=14600, browser=Firefox
Testing: csp_id=213, page_id=14700, browser=Firefox
Testing: csp_id=213, page_id=14800, browser=Firefox
Testing: csp_id=213, page_id=14900, browser=Firefox
Testing: csp_id=213, page_id=15000, browser=Firefox
Testing: csp_id=213, page_id=15100, browser=Firefox
Testing: csp_id=213, page_id=15200, browser=Firefox
Testing: csp_id=213, page_id=15300, browser=Firefox
Testing: csp_id=213, page_id=15400, browser=Firefox
Testing: csp_id=213, page_id=15500, browser=Firefox
Testing: csp_id=213, page_id=15600, browser=Firefox
Testing: csp_id=213, page_id=15700, browser=Firefox
Testing: csp_id=213, page_id=15800, browser=Firefox
Testing: csp_id=213, page_id=15900, browser=Firefox
Testing: csp_id=213, page_id=16000, browser=Firefox
Testing: csp_id=213, page_id=16100, browser=Firefox
Testing: csp_id=213, page_id=16200, browser=Firefox
Testing: csp_id=213, page_id=16300, browser=Firefox
Testing: csp_id=213, page_id=16400, browser=Firefox
Testing: csp_id=213, page_id=16500, browser=Firefox
Testing: csp_id=213, page_id=16600, browser=Firefox
Testing: csp_id=213, page_id=16700, browser=Firefox
Testing: csp_id=213, page_id=16800, browser=Firefox
Testing: csp_id=213, page_id=16900, browser=Firefox
Testing: csp_id=213, page_id=17000, browser=Firefox
Testing: csp_id=213, page_id=17100, browser=Firefox
Testing: csp_id=213, page_id=17200, browser=Firefox
Testing: csp_id=213, page_id=17300, browser=Firefox
Testing: csp_id=213, page_id=17400, browser=Firefox
Testing: csp_id=213, page_id=17500, browser=Firefox
Testing: csp_id=213, page_id=17600, browser=Firefox
Testing: csp_id=213, page_id=17700, browser=Firefox
Testing: csp_id=213, page_id=17800, browser=Firefox
Testing: csp_id=213, page_id=17900, browser=Firefox
Testing: csp_id=213, page_id=18000, browser=Firefox
Testing: csp_id=213, page_id=18100, browser=Firefox
Testing: csp_id=213, page_id=18200, browser=Firefox
Testing: csp_id=213, page_id=18300, browser=Firefox
Testing: csp_id=213, page_id=18400, browser=Firefox
Testing: csp_id=213, page_id=18500, browser=Firefox
Testing: csp_id=213, page_id=18600, browser=Firefox
Testing: csp_id=213, page_id=18700, browser=Firefox
Testing: csp_id=213, page_id=18800, browser=Firefox
Testing: csp_id=213, page_id=18900, browser=Firefox
Testing: csp_id=213, page_id=19000, browser=Firefox
Testing: csp_id=213, page_id=19100, browser=Firefox
Testing: csp_id=213, page_id=19200, browser=Firefox
Testing: csp_id=213, page_id=19300, browser=Firefox
Testing: csp_id=213, page_id=19400, browser=Firefox
Testing: csp_id=213, page_id=19500, browser=Firefox
Testing: csp_id=213, page_id=19600, browser=Firefox
Testing: csp_id=213, page_id=19700, browser=Firefox
Testing: csp_id=213, page_id=19800, browser=Firefox
Testing: csp_id=213, page_id=19900, browser=Firefox
Testing: csp_id=213, page_id=20000, browser=Firefox
Testing: csp_id=213, page_id=20100, browser=Firefox
Testing: csp_id=213, page_id=20200, browser=Firefox
Testing: csp_id=213, page_id=20300, browser=Firefox
Testing: csp_id=213, page_id=20400, browser=Firefox
Testing: csp_id=213, page_id=20500, browser=Firefox
Testing: csp_id=213, page_id=20600, browser=Firefox
Testing: csp_id=213, page_id=20700, browser=Firefox
Testing: csp_id=213, page_id=20800, browser=Firefox
Testing: csp_id=213, page_id=20900, browser=Firefox
Testing: csp_id=213, page_id=21000, browser=Firefox
Testing: csp_id=213, page_id=21100, browser=Firefox
Testing: csp_id=213, page_id=21200, browser=Firefox
Testing: csp_id=213, page_id=21300, browser=Firefox
Testing: csp_id=213, page_id=21400, browser=Firefox
Testing: csp_id=213, page_id=21500, browser=Firefox
Testing: csp_id=213, page_id=21600, browser=Firefox
Testing: csp_id=213, page_id=21700, browser=Firefox
Testing: csp_id=213, page_id=21800, browser=Firefox
Testing: csp_id=213, page_id=21900, browser=Firefox
Testing: csp_id=213, page_id=22000, browser=Firefox
Testing: csp_id=213, page_id=22100, browser=Firefox
Testing: csp_id=213, page_id=22200, browser=Firefox
Testing: csp_id=213, page_id=22300, browser=Firefox
Testing: csp_id=213, page_id=22400, browser=Firefox
Testing: csp_id=213, page_id=22500, browser=Firefox
Testing: csp_id=213, page_id=22600, browser=Firefox
Testing: csp_id=213, page_id=22700, browser=Firefox
Testing: csp_id=213, page_id=22800, browser=Firefox
Testing: csp_id=213, page_id=22900, browser=Firefox
Testing: csp_id=213, page_id=23000, browser=Firefox
Testing: csp_id=213, page_id=23100, browser=Firefox
Testing: csp_id=213, page_id=23200, browser=Firefox
Testing: csp_id=213, page_id=23300, browser=Firefox
Testing: csp_id=213, page_id=23400, browser=Firefox
Testing: csp_id=213, page_id=23500, browser=Firefox
Testing: csp_id=213, page_id=23600, browser=Firefox
Testing: csp_id=213, page_id=23700, browser=Firefox
Testing: csp_id=213, page_id=23800, browser=Firefox
Testing: csp_id=213, page_id=23900, browser=Firefox
Testing: csp_id=213, page_id=24000, browser=Firefox
Testing: csp_id=213, page_id=24100, browser=Firefox
Testing: csp_id=213, page_id=24200, browser=Firefox
Testing: csp_id=213, page_id=24300, browser=Firefox
Testing: csp_id=213, page_id=24400, browser=Firefox
Testing: csp_id=213, page_id=24500, browser=Firefox
Testing: csp_id=213, page_id=24600, browser=Firefox
Testing: csp_id=213, page_id=24700, browser=Firefox
Testing: csp_id=213, page_id=24800, browser=Firefox
Testing: csp_id=213, page_id=24900, browser=Firefox
Testing: csp_id=213, page_id=25000, browser=Firefox
Testing: csp_id=213, page_id=25100, browser=Firefox
Testing: csp_id=213, page_id=25200, browser=Firefox
Testing: csp_id=213, page_id=25300, browser=Firefox
Testing: csp_id=213, page_id=25400, browser=Firefox
Testing: csp_id=213, page_id=25500, browser=Firefox
Testing: csp_id=213, page_id=25600, browser=Firefox
Testing: csp_id=213, page_id=25700, browser=Firefox
Testing: csp_id=213, page_id=25800, browser=Firefox
Testing: csp_id=213, page_id=25900, browser=Firefox
Testing: csp_id=213, page_id=26000, browser=Firefox
Testing: csp_id=213, page_id=26100, browser=Firefox
Testing: csp_id=213, page_id=26200, browser=Firefox
Testing: csp_id=213, page_id=26300, browser=Firefox
Testing: csp_id=213, page_id=26400, browser=Firefox
Testing: csp_id=213, page_id=26500, browser=Firefox
Testing: csp_id=213, page_id=26600, browser=Firefox
Testing: csp_id=213, page_id=26700, browser=Firefox
Testing: csp_id=213, page_id=26800, browser=Firefox
Testing: csp_id=213, page_id=26900, browser=Firefox
Testing: csp_id=213, page_id=27000, browser=Firefox
Testing: csp_id=213, page_id=27100, browser=Firefox
Testing: csp_id=213, page_id=27200, browser=Firefox
Testing: csp_id=213, page_id=27300, browser=Firefox
Testing: csp_id=213, page_id=27400, browser=Firefox
Testing: csp_id=213, page_id=27500, browser=Firefox
Testing: csp_id=213, page_id=27600, browser=Firefox
Testing: csp_id=213, page_id=27700, browser=Firefox
Testing: csp_id=213, page_id=27800, browser=Firefox
Testing: csp_id=213, page_id=27900, browser=Firefox
Testing: csp_id=213, page_id=28000, browser=Firefox
Testing: csp_id=213, page_id=28100, browser=Firefox
Testing: csp_id=213, page_id=28200, browser=Firefox
Testing: csp_id=213, page_id=28300, browser=Firefox
Testing: csp_id=213, page_id=28400, browser=Firefox
Testing: csp_id=213, page_id=28500, browser=Firefox
Testing: csp_id=213, page_id=28600, browser=Firefox
Testing: csp_id=213, page_id=28700, browser=Firefox
Testing: csp_id=213, page_id=28800, browser=Firefox
Testing: csp_id=213, page_id=28900, browser=Firefox
Testing: csp_id=213, page_id=29000, browser=Firefox
Testing: csp_id=213, page_id=29100, browser=Firefox
Testing: csp_id=213, page_id=29200, browser=Firefox
Testing: csp_id=213, page_id=29300, browser=Firefox
Testing: csp_id=213, page_id=29400, browser=Firefox
Testing: csp_id=213, page_id=29500, browser=Firefox
Testing: csp_id=213, page_id=29600, browser=Firefox
Testing: csp_id=213, page_id=29700, browser=Firefox
Testing: csp_id=213, page_id=29800, browser=Firefox
🏊 create_context_pools[first] (5x16): 27.352s
Testing: csp_id=225, page_id=0, browser=Firefox
Testing: csp_id=225, page_id=100, browser=Firefox
Testing: csp_id=225, page_id=200, browser=Firefox
Testing: csp_id=225, page_id=300, browser=Firefox
Testing: csp_id=225, page_id=400, browser=Firefox
Testing: csp_id=225, page_id=500, browser=Firefox
Testing: csp_id=225, page_id=600, browser=Firefox
Testing: csp_id=225, page_id=700, browser=Firefox
Testing: csp_id=225, page_id=800, browser=Firefox
Testing: csp_id=225, page_id=900, browser=Firefox
Testing: csp_id=225, page_id=1000, browser=Firefox
Testing: csp_id=225, page_id=1100, browser=Firefox
Testing: csp_id=225, page_id=1200, browser=Firefox
Testing: csp_id=225, page_id=1300, browser=Firefox
Testing: csp_id=225, page_id=1400, browser=Firefox
Testing: csp_id=225, page_id=1500, browser=Firefox
Testing: csp_id=225, page_id=1600, browser=Firefox
Testing: csp_id=225, page_id=1700, browser=Firefox
Testing: csp_id=225, page_id=1800, browser=Firefox
Testing: csp_id=225, page_id=1900, browser=Firefox
Testing: csp_id=225, page_id=2000, browser=Firefox
Testing: csp_id=225, page_id=2100, browser=Firefox
Testing: csp_id=225, page_id=2200, browser=Firefox
Testing: csp_id=225, page_id=2300, browser=Firefox
Testing: csp_id=225, page_id=2400, browser=Firefox
Testing: csp_id=225, page_id=2500, browser=Firefox
Testing: csp_id=225, page_id=2600, browser=Firefox
Testing: csp_id=225, page_id=2700, browser=Firefox
Testing: csp_id=225, page_id=2800, browser=Firefox
Testing: csp_id=225, page_id=2900, browser=Firefox
Testing: csp_id=225, page_id=3000, browser=Firefox
Testing: csp_id=225, page_id=3100, browser=Firefox
Testing: csp_id=225, page_id=3200, browser=Firefox
Testing: csp_id=225, page_id=3300, browser=Firefox
Testing: csp_id=225, page_id=3400, browser=Firefox
Testing: csp_id=225, page_id=3500, browser=Firefox
Testing: csp_id=225, page_id=3600, browser=Firefox
Testing: csp_id=225, page_id=3700, browser=Firefox
Testing: csp_id=225, page_id=3800, browser=Firefox
Testing: csp_id=225, page_id=3900, browser=Firefox
Testing: csp_id=225, page_id=4000, browser=Firefox
Testing: csp_id=225, page_id=4100, browser=Firefox
Testing: csp_id=225, page_id=4200, browser=Firefox
Testing: csp_id=225, page_id=4300, browser=Firefox
Testing: csp_id=225, page_id=4400, browser=Firefox
Testing: csp_id=225, page_id=4500, browser=Firefox
Testing: csp_id=225, page_id=4600, browser=Firefox
Testing: csp_id=225, page_id=4700, browser=Firefox
Testing: csp_id=225, page_id=4800, browser=Firefox
Testing: csp_id=225, page_id=4900, browser=Firefox
Testing: csp_id=225, page_id=5000, browser=Firefox
Testing: csp_id=225, page_id=5100, browser=Firefox
Testing: csp_id=225, page_id=5200, browser=Firefox
Testing: csp_id=225, page_id=5300, browser=Firefox
Testing: csp_id=225, page_id=5400, browser=Firefox
Testing: csp_id=225, page_id=5500, browser=Firefox
Testing: csp_id=225, page_id=5600, browser=Firefox
Testing: csp_id=225, page_id=5700, browser=Firefox
Testing: csp_id=225, page_id=5800, browser=Firefox
Testing: csp_id=225, page_id=5900, browser=Firefox
Testing: csp_id=225, page_id=6000, browser=Firefox
Testing: csp_id=225, page_id=6100, browser=Firefox
Testing: csp_id=225, page_id=6200, browser=Firefox
Testing: csp_id=225, page_id=6300, browser=Firefox
Testing: csp_id=225, page_id=6400, browser=Firefox
Testing: csp_id=225, page_id=6500, browser=Firefox
Testing: csp_id=225, page_id=6600, browser=Firefox
Testing: csp_id=225, page_id=6700, browser=Firefox
Testing: csp_id=225, page_id=6800, browser=Firefox
Testing: csp_id=225, page_id=6900, browser=Firefox
Testing: csp_id=225, page_id=7000, browser=Firefox
Testing: csp_id=225, page_id=7100, browser=Firefox
Testing: csp_id=225, page_id=7200, browser=Firefox
Testing: csp_id=225, page_id=7300, browser=Firefox
Testing: csp_id=225, page_id=7400, browser=Firefox
Testing: csp_id=225, page_id=7500, browser=Firefox
Testing: csp_id=225, page_id=7600, browser=Firefox
Testing: csp_id=225, page_id=7700, browser=Firefox
Testing: csp_id=225, page_id=7800, browser=Firefox
Testing: csp_id=225, page_id=7900, browser=Firefox
Testing: csp_id=225, page_id=8000, browser=Firefox
Testing: csp_id=225, page_id=8100, browser=Firefox
Testing: csp_id=225, page_id=8200, browser=Firefox
Testing: csp_id=225, page_id=8300, browser=Firefox
Testing: csp_id=225, page_id=8400, browser=Firefox
Testing: csp_id=225, page_id=8500, browser=Firefox
Testing: csp_id=225, page_id=8600, browser=Firefox
Testing: csp_id=225, page_id=8700, browser=Firefox
Testing: csp_id=225, page_id=8800, browser=Firefox
Testing: csp_id=225, page_id=8900, browser=Firefox
Testing: csp_id=225, page_id=9000, browser=Firefox
Testing: csp_id=225, page_id=9100, browser=Firefox
Testing: csp_id=225, page_id=9200, browser=Firefox
Testing: csp_id=225, page_id=9300, browser=Firefox
Testing: csp_id=225, page_id=9400, browser=Firefox
Testing: csp_id=225, page_id=9500, browser=Firefox
Testing: csp_id=225, page_id=9600, browser=Firefox
Testing: csp_id=225, page_id=9700, browser=Firefox
Testing: csp_id=225, page_id=9800, browser=Firefox
Testing: csp_id=225, page_id=9900, browser=Firefox
Testing: csp_id=225, page_id=10000, browser=Firefox
Testing: csp_id=225, page_id=10100, browser=Firefox
Testing: csp_id=225, page_id=10200, browser=Firefox
Testing: csp_id=225, page_id=10300, browser=Firefox
Testing: csp_id=225, page_id=10400, browser=Firefox
Testing: csp_id=225, page_id=10500, browser=Firefox
Testing: csp_id=225, page_id=10600, browser=Firefox
Testing: csp_id=225, page_id=10700, browser=Firefox
Testing: csp_id=225, page_id=10800, browser=Firefox
Testing: csp_id=225, page_id=10900, browser=Firefox
Testing: csp_id=225, page_id=11000, browser=Firefox
Testing: csp_id=225, page_id=11100, browser=Firefox
Testing: csp_id=225, page_id=11200, browser=Firefox
Testing: csp_id=225, page_id=11300, browser=Firefox
Testing: csp_id=225, page_id=11400, browser=Firefox
Testing: csp_id=225, page_id=11500, browser=Firefox
Testing: csp_id=225, page_id=11600, browser=Firefox
Testing: csp_id=225, page_id=11700, browser=Firefox
Testing: csp_id=225, page_id=11800, browser=Firefox
Testing: csp_id=225, page_id=11900, browser=Firefox
Testing: csp_id=225, page_id=12000, browser=Firefox
Testing: csp_id=225, page_id=12100, browser=Firefox
Testing: csp_id=225, page_id=12200, browser=Firefox
Testing: csp_id=225, page_id=12300, browser=Firefox
Testing: csp_id=225, page_id=12400, browser=Firefox
Testing: csp_id=225, page_id=12500, browser=Firefox
Testing: csp_id=225, page_id=12600, browser=Firefox
Testing: csp_id=225, page_id=12700, browser=Firefox
Testing: csp_id=225, page_id=12800, browser=Firefox
Testing: csp_id=225, page_id=12900, browser=Firefox
Testing: csp_id=225, page_id=13000, browser=Firefox
Testing: csp_id=225, page_id=13100, browser=Firefox
Testing: csp_id=225, page_id=13200, browser=Firefox
Testing: csp_id=225, page_id=13300, browser=Firefox
Testing: csp_id=225, page_id=13400, browser=Firefox
Testing: csp_id=225, page_id=13500, browser=Firefox
Testing: csp_id=225, page_id=13600, browser=Firefox
Testing: csp_id=225, page_id=13700, browser=Firefox
Testing: csp_id=225, page_id=13800, browser=Firefox
Testing: csp_id=225, page_id=13900, browser=Firefox
Testing: csp_id=225, page_id=14000, browser=Firefox
Testing: csp_id=225, page_id=14100, browser=Firefox
Testing: csp_id=225, page_id=14200, browser=Firefox
Testing: csp_id=225, page_id=14300, browser=Firefox
Testing: csp_id=225, page_id=14400, browser=Firefox
Testing: csp_id=225, page_id=14500, browser=Firefox
Testing: csp_id=225, page_id=14600, browser=Firefox
Testing: csp_id=225, page_id=14700, browser=Firefox
Testing: csp_id=225, page_id=14800, browser=Firefox
Testing: csp_id=225, page_id=14900, browser=Firefox
Testing: csp_id=225, page_id=15000, browser=Firefox
Testing: csp_id=225, page_id=15100, browser=Firefox
Testing: csp_id=225, page_id=15200, browser=Firefox
Testing: csp_id=225, page_id=15300, browser=Firefox
Testing: csp_id=225, page_id=15400, browser=Firefox
Testing: csp_id=225, page_id=15500, browser=Firefox
Testing: csp_id=225, page_id=15600, browser=Firefox
Testing: csp_id=225, page_id=15700, browser=Firefox
Testing: csp_id=225, page_id=15800, browser=Firefox
Testing: csp_id=225, page_id=15900, browser=Firefox
Testing: csp_id=225, page_id=16000, browser=Firefox
Testing: csp_id=225, page_id=16100, browser=Firefox
Testing: csp_id=225, page_id=16200, browser=Firefox
Testing: csp_id=225, page_id=16300, browser=Firefox
Testing: csp_id=225, page_id=16400, browser=Firefox
Testing: csp_id=225, page_id=16500, browser=Firefox
Testing: csp_id=225, page_id=16600, browser=Firefox
Testing: csp_id=225, page_id=16700, browser=Firefox
Testing: csp_id=225, page_id=16800, browser=Firefox
Testing: csp_id=225, page_id=16900, browser=Firefox
Testing: csp_id=225, page_id=17000, browser=Firefox
Testing: csp_id=225, page_id=17100, browser=Firefox
Testing: csp_id=225, page_id=17200, browser=Firefox
Testing: csp_id=225, page_id=17300, browser=Firefox
Testing: csp_id=225, page_id=17400, browser=Firefox
Testing: csp_id=225, page_id=17500, browser=Firefox
Testing: csp_id=225, page_id=17600, browser=Firefox
Testing: csp_id=225, page_id=17700, browser=Firefox
Testing: csp_id=225, page_id=17800, browser=Firefox
Testing: csp_id=225, page_id=17900, browser=Firefox
Testing: csp_id=225, page_id=18000, browser=Firefox
Testing: csp_id=225, page_id=18100, browser=Firefox
Testing: csp_id=225, page_id=18200, browser=Firefox
Testing: csp_id=225, page_id=18300, browser=Firefox
Testing: csp_id=225, page_id=18400, browser=Firefox
Testing: csp_id=225, page_id=18500, browser=Firefox
Testing: csp_id=225, page_id=18600, browser=Firefox
Testing: csp_id=225, page_id=18700, browser=Firefox
Testing: csp_id=225, page_id=18800, browser=Firefox
Testing: csp_id=225, page_id=18900, browser=Firefox
Testing: csp_id=225, page_id=19000, browser=Firefox
Testing: csp_id=225, page_id=19100, browser=Firefox
Testing: csp_id=225, page_id=19200, browser=Firefox
Testing: csp_id=225, page_id=19300, browser=Firefox
Testing: csp_id=225, page_id=19400, browser=Firefox
Testing: csp_id=225, page_id=19500, browser=Firefox
Testing: csp_id=225, page_id=19600, browser=Firefox
Testing: csp_id=225, page_id=19700, browser=Firefox
Testing: csp_id=225, page_id=19800, browser=Firefox
Testing: csp_id=225, page_id=19900, browser=Firefox
Testing: csp_id=225, page_id=20000, browser=Firefox
Testing: csp_id=225, page_id=20100, browser=Firefox
Testing: csp_id=225, page_id=20200, browser=Firefox
Testing: csp_id=225, page_id=20300, browser=Firefox
Testing: csp_id=225, page_id=20400, browser=Firefox
Testing: csp_id=225, page_id=20500, browser=Firefox
Testing: csp_id=225, page_id=20600, browser=Firefox
Testing: csp_id=225, page_id=20700, browser=Firefox
Testing: csp_id=225, page_id=20800, browser=Firefox
Testing: csp_id=225, page_id=20900, browser=Firefox
Testing: csp_id=225, page_id=21000, browser=Firefox
Testing: csp_id=225, page_id=21100, browser=Firefox
Testing: csp_id=225, page_id=21200, browser=Firefox
Testing: csp_id=225, page_id=21300, browser=Firefox
Testing: csp_id=225, page_id=21400, browser=Firefox
Testing: csp_id=225, page_id=21500, browser=Firefox
Testing: csp_id=225, page_id=21600, browser=Firefox
Testing: csp_id=225, page_id=21700, browser=Firefox
Testing: csp_id=225, page_id=21800, browser=Firefox
Testing: csp_id=225, page_id=21900, browser=Firefox
Testing: csp_id=225, page_id=22000, browser=Firefox
Testing: csp_id=225, page_id=22100, browser=Firefox
Testing: csp_id=225, page_id=22200, browser=Firefox
Testing: csp_id=225, page_id=22300, browser=Firefox
Testing: csp_id=225, page_id=22400, browser=Firefox
Testing: csp_id=225, page_id=22500, browser=Firefox
Testing: csp_id=225, page_id=22600, browser=Firefox
Testing: csp_id=225, page_id=22700, browser=Firefox
Testing: csp_id=225, page_id=22800, browser=Firefox
Testing: csp_id=225, page_id=22900, browser=Firefox
Testing: csp_id=225, page_id=23000, browser=Firefox
Testing: csp_id=225, page_id=23100, browser=Firefox
Testing: csp_id=225, page_id=23200, browser=Firefox
Testing: csp_id=225, page_id=23300, browser=Firefox
Testing: csp_id=225, page_id=23400, browser=Firefox
Testing: csp_id=225, page_id=23500, browser=Firefox
Testing: csp_id=225, page_id=23600, browser=Firefox
Testing: csp_id=225, page_id=23700, browser=Firefox
Testing: csp_id=225, page_id=23800, browser=Firefox
Testing: csp_id=225, page_id=23900, browser=Firefox
Testing: csp_id=225, page_id=24000, browser=Firefox
Testing: csp_id=225, page_id=24100, browser=Firefox
Testing: csp_id=225, page_id=24200, browser=Firefox
Testing: csp_id=225, page_id=24300, browser=Firefox
Testing: csp_id=225, page_id=24400, browser=Firefox
Testing: csp_id=225, page_id=24500, browser=Firefox
Testing: csp_id=225, page_id=24600, browser=Firefox
Testing: csp_id=225, page_id=24700, browser=Firefox
Testing: csp_id=225, page_id=24800, browser=Firefox
Testing: csp_id=225, page_id=24900, browser=Firefox
Testing: csp_id=225, page_id=25000, browser=Firefox
Testing: csp_id=225, page_id=25100, browser=Firefox
Testing: csp_id=225, page_id=25200, browser=Firefox
Testing: csp_id=225, page_id=25300, browser=Firefox
Testing: csp_id=225, page_id=25400, browser=Firefox
Testing: csp_id=225, page_id=25500, browser=Firefox
Testing: csp_id=225, page_id=25600, browser=Firefox
Testing: csp_id=225, page_id=25700, browser=Firefox
Testing: csp_id=225, page_id=25800, browser=Firefox
Testing: csp_id=225, page_id=25900, browser=Firefox
Testing: csp_id=225, page_id=26000, browser=Firefox
Testing: csp_id=225, page_id=26100, browser=Firefox
Testing: csp_id=225, page_id=26200, browser=Firefox
Testing: csp_id=225, page_id=26300, browser=Firefox
Testing: csp_id=225, page_id=26400, browser=Firefox
Testing: csp_id=225, page_id=26500, browser=Firefox
Testing: csp_id=225, page_id=26600, browser=Firefox
Testing: csp_id=225, page_id=26700, browser=Firefox
Testing: csp_id=225, page_id=26800, browser=Firefox
Testing: csp_id=225, page_id=26900, browser=Firefox
Testing: csp_id=225, page_id=27000, browser=Firefox
Testing: csp_id=225, page_id=27100, browser=Firefox
Testing: csp_id=225, page_id=27200, browser=Firefox
Testing: csp_id=225, page_id=27300, browser=Firefox
Testing: csp_id=225, page_id=27400, browser=Firefox
Testing: csp_id=225, page_id=27500, browser=Firefox
Testing: csp_id=225, page_id=27600, browser=Firefox
Testing: csp_id=225, page_id=27700, browser=Firefox
Testing: csp_id=225, page_id=27800, browser=Firefox
Testing: csp_id=225, page_id=27900, browser=Firefox
Testing: csp_id=225, page_id=28000, browser=Firefox
Testing: csp_id=225, page_id=28100, browser=Firefox
Testing: csp_id=225, page_id=28200, browser=Firefox
Testing: csp_id=225, page_id=28300, browser=Firefox
Testing: csp_id=225, page_id=28400, browser=Firefox
Testing: csp_id=225, page_id=28500, browser=Firefox
Testing: csp_id=225, page_id=28600, browser=Firefox
Testing: csp_id=225, page_id=28700, browser=Firefox
Testing: csp_id=225, page_id=28800, browser=Firefox
Testing: csp_id=225, page_id=28900, browser=Firefox
Testing: csp_id=225, page_id=29000, browser=Firefox
Testing: csp_id=225, page_id=29100, browser=Firefox
Testing: csp_id=225, page_id=29200, browser=Firefox
Testing: csp_id=225, page_id=29300, browser=Firefox
Testing: csp_id=225, page_id=29400, browser=Firefox
Testing: csp_id=225, page_id=29500, browser=Firefox
Testing: csp_id=225, page_id=29600, browser=Firefox
Testing: csp_id=225, page_id=29700, browser=Firefox
Testing: csp_id=225, page_id=29800, browser=Firefox
🏊 create_context_pools[first] (5x16): 28.804s
Testing: csp_id=236, page_id=0, browser=Firefox
Testing: csp_id=236, page_id=100, browser=Firefox
Testing: csp_id=236, page_id=200, browser=Firefox
Testing: csp_id=236, page_id=300, browser=Firefox
Testing: csp_id=236, page_id=400, browser=Firefox
Testing: csp_id=236, page_id=500, browser=Firefox
Testing: csp_id=236, page_id=600, browser=Firefox
Testing: csp_id=236, page_id=700, browser=Firefox
Testing: csp_id=236, page_id=800, browser=Firefox
Testing: csp_id=236, page_id=900, browser=Firefox
Testing: csp_id=236, page_id=1000, browser=Firefox
Testing: csp_id=236, page_id=1100, browser=Firefox
Testing: csp_id=236, page_id=1200, browser=Firefox
Testing: csp_id=236, page_id=1300, browser=Firefox
Testing: csp_id=236, page_id=1400, browser=Firefox
Testing: csp_id=236, page_id=1500, browser=Firefox
Testing: csp_id=236, page_id=1600, browser=Firefox
Testing: csp_id=236, page_id=1700, browser=Firefox
Testing: csp_id=236, page_id=1800, browser=Firefox
Testing: csp_id=236, page_id=1900, browser=Firefox
Testing: csp_id=236, page_id=2000, browser=Firefox
Testing: csp_id=236, page_id=2100, browser=Firefox
Testing: csp_id=236, page_id=2200, browser=Firefox
Testing: csp_id=236, page_id=2300, browser=Firefox
Testing: csp_id=236, page_id=2400, browser=Firefox
Testing: csp_id=236, page_id=2500, browser=Firefox
Testing: csp_id=236, page_id=2600, browser=Firefox
Testing: csp_id=236, page_id=2700, browser=Firefox
Testing: csp_id=236, page_id=2800, browser=Firefox
Testing: csp_id=236, page_id=2900, browser=Firefox
Testing: csp_id=236, page_id=3000, browser=Firefox
Testing: csp_id=236, page_id=3100, browser=Firefox
Testing: csp_id=236, page_id=3200, browser=Firefox
Testing: csp_id=236, page_id=3300, browser=Firefox
Testing: csp_id=236, page_id=3400, browser=Firefox
Testing: csp_id=236, page_id=3500, browser=Firefox
Testing: csp_id=236, page_id=3600, browser=Firefox
Testing: csp_id=236, page_id=3700, browser=Firefox
Testing: csp_id=236, page_id=3800, browser=Firefox
Testing: csp_id=236, page_id=3900, browser=Firefox
Testing: csp_id=236, page_id=4000, browser=Firefox
Testing: csp_id=236, page_id=4100, browser=Firefox
Testing: csp_id=236, page_id=4200, browser=Firefox
Testing: csp_id=236, page_id=4300, browser=Firefox
Testing: csp_id=236, page_id=4400, browser=Firefox
Testing: csp_id=236, page_id=4500, browser=Firefox
Testing: csp_id=236, page_id=4600, browser=Firefox
Testing: csp_id=236, page_id=4700, browser=Firefox
Testing: csp_id=236, page_id=4800, browser=Firefox
Testing: csp_id=236, page_id=4900, browser=Firefox
Testing: csp_id=236, page_id=5000, browser=Firefox
Testing: csp_id=236, page_id=5100, browser=Firefox
Testing: csp_id=236, page_id=5200, browser=Firefox
Testing: csp_id=236, page_id=5300, browser=Firefox
Testing: csp_id=236, page_id=5400, browser=Firefox
Testing: csp_id=236, page_id=5500, browser=Firefox
Testing: csp_id=236, page_id=5600, browser=Firefox
Testing: csp_id=236, page_id=5700, browser=Firefox
Testing: csp_id=236, page_id=5800, browser=Firefox
Testing: csp_id=236, page_id=5900, browser=Firefox
Testing: csp_id=236, page_id=6000, browser=Firefox
Testing: csp_id=236, page_id=6100, browser=Firefox
Testing: csp_id=236, page_id=6200, browser=Firefox
Testing: csp_id=236, page_id=6300, browser=Firefox
Testing: csp_id=236, page_id=6400, browser=Firefox
Testing: csp_id=236, page_id=6500, browser=Firefox
Testing: csp_id=236, page_id=6600, browser=Firefox
Testing: csp_id=236, page_id=6700, browser=Firefox
Testing: csp_id=236, page_id=6800, browser=Firefox
Testing: csp_id=236, page_id=6900, browser=Firefox
Testing: csp_id=236, page_id=7000, browser=Firefox
Testing: csp_id=236, page_id=7100, browser=Firefox
Testing: csp_id=236, page_id=7200, browser=Firefox
Testing: csp_id=236, page_id=7300, browser=Firefox
Testing: csp_id=236, page_id=7400, browser=Firefox
Testing: csp_id=236, page_id=7500, browser=Firefox
Testing: csp_id=236, page_id=7600, browser=Firefox
Testing: csp_id=236, page_id=7700, browser=Firefox
Testing: csp_id=236, page_id=7800, browser=Firefox
Testing: csp_id=236, page_id=7900, browser=Firefox
Testing: csp_id=236, page_id=8000, browser=Firefox
Testing: csp_id=236, page_id=8100, browser=Firefox
Testing: csp_id=236, page_id=8200, browser=Firefox
Testing: csp_id=236, page_id=8300, browser=Firefox
Testing: csp_id=236, page_id=8400, browser=Firefox
Testing: csp_id=236, page_id=8500, browser=Firefox
Testing: csp_id=236, page_id=8600, browser=Firefox
Testing: csp_id=236, page_id=8700, browser=Firefox
Testing: csp_id=236, page_id=8800, browser=Firefox
Testing: csp_id=236, page_id=8900, browser=Firefox
Testing: csp_id=236, page_id=9000, browser=Firefox
Testing: csp_id=236, page_id=9100, browser=Firefox
Testing: csp_id=236, page_id=9200, browser=Firefox
Testing: csp_id=236, page_id=9300, browser=Firefox
Testing: csp_id=236, page_id=9400, browser=Firefox
Testing: csp_id=236, page_id=9500, browser=Firefox
Testing: csp_id=236, page_id=9600, browser=Firefox
Testing: csp_id=236, page_id=9700, browser=Firefox
Testing: csp_id=236, page_id=9800, browser=Firefox
Testing: csp_id=236, page_id=9900, browser=Firefox
Testing: csp_id=236, page_id=10000, browser=Firefox
Testing: csp_id=236, page_id=10100, browser=Firefox
Testing: csp_id=236, page_id=10200, browser=Firefox
Testing: csp_id=236, page_id=10300, browser=Firefox
Testing: csp_id=236, page_id=10400, browser=Firefox
Testing: csp_id=236, page_id=10500, browser=Firefox
Testing: csp_id=236, page_id=10600, browser=Firefox
Testing: csp_id=236, page_id=10700, browser=Firefox
Testing: csp_id=236, page_id=10800, browser=Firefox
Testing: csp_id=236, page_id=10900, browser=Firefox
Testing: csp_id=236, page_id=11000, browser=Firefox
Testing: csp_id=236, page_id=11100, browser=Firefox
Testing: csp_id=236, page_id=11200, browser=Firefox
Testing: csp_id=236, page_id=11300, browser=Firefox
Testing: csp_id=236, page_id=11400, browser=Firefox
Testing: csp_id=236, page_id=11500, browser=Firefox
Testing: csp_id=236, page_id=11600, browser=Firefox
Testing: csp_id=236, page_id=11700, browser=Firefox
Testing: csp_id=236, page_id=11800, browser=Firefox
Testing: csp_id=236, page_id=11900, browser=Firefox
Testing: csp_id=236, page_id=12000, browser=Firefox
Testing: csp_id=236, page_id=12100, browser=Firefox
Testing: csp_id=236, page_id=12200, browser=Firefox
Testing: csp_id=236, page_id=12300, browser=Firefox
Testing: csp_id=236, page_id=12400, browser=Firefox
Testing: csp_id=236, page_id=12500, browser=Firefox
Testing: csp_id=236, page_id=12600, browser=Firefox
Testing: csp_id=236, page_id=12700, browser=Firefox
Testing: csp_id=236, page_id=12800, browser=Firefox
Testing: csp_id=236, page_id=12900, browser=Firefox
Testing: csp_id=236, page_id=13000, browser=Firefox
Testing: csp_id=236, page_id=13100, browser=Firefox
Testing: csp_id=236, page_id=13200, browser=Firefox
Testing: csp_id=236, page_id=13300, browser=Firefox
Testing: csp_id=236, page_id=13400, browser=Firefox
Testing: csp_id=236, page_id=13500, browser=Firefox
Testing: csp_id=236, page_id=13600, browser=Firefox
Testing: csp_id=236, page_id=13700, browser=Firefox
Testing: csp_id=236, page_id=13800, browser=Firefox
Testing: csp_id=236, page_id=13900, browser=Firefox
Testing: csp_id=236, page_id=14000, browser=Firefox
Testing: csp_id=236, page_id=14100, browser=Firefox
Testing: csp_id=236, page_id=14200, browser=Firefox
Testing: csp_id=236, page_id=14300, browser=Firefox
Testing: csp_id=236, page_id=14400, browser=Firefox
Testing: csp_id=236, page_id=14500, browser=Firefox
Testing: csp_id=236, page_id=14600, browser=Firefox
Testing: csp_id=236, page_id=14700, browser=Firefox
Testing: csp_id=236, page_id=14800, browser=Firefox
Testing: csp_id=236, page_id=14900, browser=Firefox
Testing: csp_id=236, page_id=15000, browser=Firefox
Testing: csp_id=236, page_id=15100, browser=Firefox
Testing: csp_id=236, page_id=15200, browser=Firefox
Testing: csp_id=236, page_id=15300, browser=Firefox
Testing: csp_id=236, page_id=15400, browser=Firefox
Testing: csp_id=236, page_id=15500, browser=Firefox
Testing: csp_id=236, page_id=15600, browser=Firefox
Testing: csp_id=236, page_id=15700, browser=Firefox
Testing: csp_id=236, page_id=15800, browser=Firefox
Testing: csp_id=236, page_id=15900, browser=Firefox
Testing: csp_id=236, page_id=16000, browser=Firefox
Testing: csp_id=236, page_id=16100, browser=Firefox
Testing: csp_id=236, page_id=16200, browser=Firefox
Testing: csp_id=236, page_id=16300, browser=Firefox
Testing: csp_id=236, page_id=16400, browser=Firefox
Testing: csp_id=236, page_id=16500, browser=Firefox
Testing: csp_id=236, page_id=16600, browser=Firefox
Testing: csp_id=236, page_id=16700, browser=Firefox
Testing: csp_id=236, page_id=16800, browser=Firefox
Testing: csp_id=236, page_id=16900, browser=Firefox
Testing: csp_id=236, page_id=17000, browser=Firefox
Testing: csp_id=236, page_id=17100, browser=Firefox
Testing: csp_id=236, page_id=17200, browser=Firefox
Testing: csp_id=236, page_id=17300, browser=Firefox
Testing: csp_id=236, page_id=17400, browser=Firefox
Testing: csp_id=236, page_id=17500, browser=Firefox
Testing: csp_id=236, page_id=17600, browser=Firefox
Testing: csp_id=236, page_id=17700, browser=Firefox
Testing: csp_id=236, page_id=17800, browser=Firefox
Testing: csp_id=236, page_id=17900, browser=Firefox
Testing: csp_id=236, page_id=18000, browser=Firefox
Testing: csp_id=236, page_id=18100, browser=Firefox
Testing: csp_id=236, page_id=18200, browser=Firefox
Testing: csp_id=236, page_id=18300, browser=Firefox
Testing: csp_id=236, page_id=18400, browser=Firefox
Testing: csp_id=236, page_id=18500, browser=Firefox
Testing: csp_id=236, page_id=18600, browser=Firefox
Testing: csp_id=236, page_id=18700, browser=Firefox
Testing: csp_id=236, page_id=18800, browser=Firefox
Testing: csp_id=236, page_id=18900, browser=Firefox
Testing: csp_id=236, page_id=19000, browser=Firefox
Testing: csp_id=236, page_id=19100, browser=Firefox
Testing: csp_id=236, page_id=19200, browser=Firefox
Testing: csp_id=236, page_id=19300, browser=Firefox
Testing: csp_id=236, page_id=19400, browser=Firefox
Testing: csp_id=236, page_id=19500, browser=Firefox
Testing: csp_id=236, page_id=19600, browser=Firefox
Testing: csp_id=236, page_id=19700, browser=Firefox
Testing: csp_id=236, page_id=19800, browser=Firefox
Testing: csp_id=236, page_id=19900, browser=Firefox
Testing: csp_id=236, page_id=20000, browser=Firefox
Testing: csp_id=236, page_id=20100, browser=Firefox
Testing: csp_id=236, page_id=20200, browser=Firefox
Testing: csp_id=236, page_id=20300, browser=Firefox
Testing: csp_id=236, page_id=20400, browser=Firefox
Testing: csp_id=236, page_id=20500, browser=Firefox
Testing: csp_id=236, page_id=20600, browser=Firefox
Testing: csp_id=236, page_id=20700, browser=Firefox
Testing: csp_id=236, page_id=20800, browser=Firefox
Testing: csp_id=236, page_id=20900, browser=Firefox
Testing: csp_id=236, page_id=21000, browser=Firefox
Testing: csp_id=236, page_id=21100, browser=Firefox
Testing: csp_id=236, page_id=21200, browser=Firefox
Testing: csp_id=236, page_id=21300, browser=Firefox
Testing: csp_id=236, page_id=21400, browser=Firefox
Testing: csp_id=236, page_id=21500, browser=Firefox
Testing: csp_id=236, page_id=21600, browser=Firefox
Testing: csp_id=236, page_id=21700, browser=Firefox
Testing: csp_id=236, page_id=21800, browser=Firefox
Testing: csp_id=236, page_id=21900, browser=Firefox
Testing: csp_id=236, page_id=22000, browser=Firefox
Testing: csp_id=236, page_id=22100, browser=Firefox
Testing: csp_id=236, page_id=22200, browser=Firefox
Testing: csp_id=236, page_id=22300, browser=Firefox
Testing: csp_id=236, page_id=22400, browser=Firefox
Testing: csp_id=236, page_id=22500, browser=Firefox
Testing: csp_id=236, page_id=22600, browser=Firefox
Testing: csp_id=236, page_id=22700, browser=Firefox
Testing: csp_id=236, page_id=22800, browser=Firefox
Testing: csp_id=236, page_id=22900, browser=Firefox
Testing: csp_id=236, page_id=23000, browser=Firefox
Testing: csp_id=236, page_id=23100, browser=Firefox
Testing: csp_id=236, page_id=23200, browser=Firefox
Testing: csp_id=236, page_id=23300, browser=Firefox
Testing: csp_id=236, page_id=23400, browser=Firefox
Testing: csp_id=236, page_id=23500, browser=Firefox
Testing: csp_id=236, page_id=23600, browser=Firefox
Testing: csp_id=236, page_id=23700, browser=Firefox
Testing: csp_id=236, page_id=23800, browser=Firefox
Testing: csp_id=236, page_id=23900, browser=Firefox
Testing: csp_id=236, page_id=24000, browser=Firefox
Testing: csp_id=236, page_id=24100, browser=Firefox
Testing: csp_id=236, page_id=24200, browser=Firefox
Testing: csp_id=236, page_id=24300, browser=Firefox
Testing: csp_id=236, page_id=24400, browser=Firefox
Testing: csp_id=236, page_id=24500, browser=Firefox
Testing: csp_id=236, page_id=24600, browser=Firefox
Testing: csp_id=236, page_id=24700, browser=Firefox
Testing: csp_id=236, page_id=24800, browser=Firefox
Testing: csp_id=236, page_id=24900, browser=Firefox
Testing: csp_id=236, page_id=25000, browser=Firefox
Testing: csp_id=236, page_id=25100, browser=Firefox
Testing: csp_id=236, page_id=25200, browser=Firefox
Testing: csp_id=236, page_id=25300, browser=Firefox
Testing: csp_id=236, page_id=25400, browser=Firefox
Testing: csp_id=236, page_id=25500, browser=Firefox
Testing: csp_id=236, page_id=25600, browser=Firefox
Testing: csp_id=236, page_id=25700, browser=Firefox
Testing: csp_id=236, page_id=25800, browser=Firefox
Testing: csp_id=236, page_id=25900, browser=Firefox
Testing: csp_id=236, page_id=26000, browser=Firefox
Testing: csp_id=236, page_id=26100, browser=Firefox
Testing: csp_id=236, page_id=26200, browser=Firefox
Testing: csp_id=236, page_id=26300, browser=Firefox
Testing: csp_id=236, page_id=26400, browser=Firefox
Testing: csp_id=236, page_id=26500, browser=Firefox
Testing: csp_id=236, page_id=26600, browser=Firefox
Testing: csp_id=236, page_id=26700, browser=Firefox
Testing: csp_id=236, page_id=26800, browser=Firefox
Testing: csp_id=236, page_id=26900, browser=Firefox
Testing: csp_id=236, page_id=27000, browser=Firefox
Testing: csp_id=236, page_id=27100, browser=Firefox
Testing: csp_id=236, page_id=27200, browser=Firefox
Testing: csp_id=236, page_id=27300, browser=Firefox
Testing: csp_id=236, page_id=27400, browser=Firefox
Testing: csp_id=236, page_id=27500, browser=Firefox
Testing: csp_id=236, page_id=27600, browser=Firefox
Testing: csp_id=236, page_id=27700, browser=Firefox
Testing: csp_id=236, page_id=27800, browser=Firefox
Testing: csp_id=236, page_id=27900, browser=Firefox
Testing: csp_id=236, page_id=28000, browser=Firefox
Testing: csp_id=236, page_id=28100, browser=Firefox
Testing: csp_id=236, page_id=28200, browser=Firefox
Testing: csp_id=236, page_id=28300, browser=Firefox
Testing: csp_id=236, page_id=28400, browser=Firefox
Testing: csp_id=236, page_id=28500, browser=Firefox
Testing: csp_id=236, page_id=28600, browser=Firefox
Testing: csp_id=236, page_id=28700, browser=Firefox
Testing: csp_id=236, page_id=28800, browser=Firefox
Testing: csp_id=236, page_id=28900, browser=Firefox
Testing: csp_id=236, page_id=29000, browser=Firefox
Testing: csp_id=236, page_id=29100, browser=Firefox
Testing: csp_id=236, page_id=29200, browser=Firefox
Testing: csp_id=236, page_id=29300, browser=Firefox
Testing: csp_id=236, page_id=29400, browser=Firefox
Testing: csp_id=236, page_id=29500, browser=Firefox
Testing: csp_id=236, page_id=29600, browser=Firefox
Testing: csp_id=236, page_id=29700, browser=Firefox
Testing: csp_id=236, page_id=29800, browser=Firefox
🏊 create_context_pools[first] (5x16): 32.952s
Testing: csp_id=247, page_id=0, browser=Firefox
Testing: csp_id=247, page_id=100, browser=Firefox
Testing: csp_id=247, page_id=200, browser=Firefox
Testing: csp_id=247, page_id=300, browser=Firefox
Testing: csp_id=247, page_id=400, browser=Firefox
Testing: csp_id=247, page_id=500, browser=Firefox
Testing: csp_id=247, page_id=600, browser=Firefox
Testing: csp_id=247, page_id=700, browser=Firefox
Testing: csp_id=247, page_id=800, browser=Firefox
Testing: csp_id=247, page_id=900, browser=Firefox
Testing: csp_id=247, page_id=1000, browser=Firefox
Testing: csp_id=247, page_id=1100, browser=Firefox
Testing: csp_id=247, page_id=1200, browser=Firefox
Testing: csp_id=247, page_id=1300, browser=Firefox
Testing: csp_id=247, page_id=1400, browser=Firefox
Testing: csp_id=247, page_id=1500, browser=Firefox
Testing: csp_id=247, page_id=1600, browser=Firefox
Testing: csp_id=247, page_id=1700, browser=Firefox
Testing: csp_id=247, page_id=1800, browser=Firefox
Testing: csp_id=247, page_id=1900, browser=Firefox
Testing: csp_id=247, page_id=2000, browser=Firefox
Testing: csp_id=247, page_id=2100, browser=Firefox
Testing: csp_id=247, page_id=2200, browser=Firefox
Testing: csp_id=247, page_id=2300, browser=Firefox
Testing: csp_id=247, page_id=2400, browser=Firefox
Testing: csp_id=247, page_id=2500, browser=Firefox
Testing: csp_id=247, page_id=2600, browser=Firefox
Testing: csp_id=247, page_id=2700, browser=Firefox
Testing: csp_id=247, page_id=2800, browser=Firefox
Testing: csp_id=247, page_id=2900, browser=Firefox
Testing: csp_id=247, page_id=3000, browser=Firefox
Testing: csp_id=247, page_id=3100, browser=Firefox
Testing: csp_id=247, page_id=3200, browser=Firefox
Testing: csp_id=247, page_id=3300, browser=Firefox
Testing: csp_id=247, page_id=3400, browser=Firefox
Testing: csp_id=247, page_id=3500, browser=Firefox
Testing: csp_id=247, page_id=3600, browser=Firefox
Testing: csp_id=247, page_id=3700, browser=Firefox
Testing: csp_id=247, page_id=3800, browser=Firefox
Testing: csp_id=247, page_id=3900, browser=Firefox
Testing: csp_id=247, page_id=4000, browser=Firefox
Testing: csp_id=247, page_id=4100, browser=Firefox
Testing: csp_id=247, page_id=4200, browser=Firefox
Testing: csp_id=247, page_id=4300, browser=Firefox
Testing: csp_id=247, page_id=4400, browser=Firefox
Testing: csp_id=247, page_id=4500, browser=Firefox
Testing: csp_id=247, page_id=4600, browser=Firefox
Testing: csp_id=247, page_id=4700, browser=Firefox
Testing: csp_id=247, page_id=4800, browser=Firefox
Testing: csp_id=247, page_id=4900, browser=Firefox
Testing: csp_id=247, page_id=5000, browser=Firefox
Testing: csp_id=247, page_id=5100, browser=Firefox
Testing: csp_id=247, page_id=5200, browser=Firefox
Testing: csp_id=247, page_id=5300, browser=Firefox
Testing: csp_id=247, page_id=5400, browser=Firefox
Testing: csp_id=247, page_id=5500, browser=Firefox
Testing: csp_id=247, page_id=5600, browser=Firefox
Testing: csp_id=247, page_id=5700, browser=Firefox
Testing: csp_id=247, page_id=5800, browser=Firefox
Testing: csp_id=247, page_id=5900, browser=Firefox
Testing: csp_id=247, page_id=6000, browser=Firefox
Testing: csp_id=247, page_id=6100, browser=Firefox
Testing: csp_id=247, page_id=6200, browser=Firefox
Testing: csp_id=247, page_id=6300, browser=Firefox
Testing: csp_id=247, page_id=6400, browser=Firefox
Testing: csp_id=247, page_id=6500, browser=Firefox
Testing: csp_id=247, page_id=6600, browser=Firefox
Testing: csp_id=247, page_id=6700, browser=Firefox
Testing: csp_id=247, page_id=6800, browser=Firefox
Testing: csp_id=247, page_id=6900, browser=Firefox
Testing: csp_id=247, page_id=7000, browser=Firefox
Testing: csp_id=247, page_id=7100, browser=Firefox
Testing: csp_id=247, page_id=7200, browser=Firefox
Testing: csp_id=247, page_id=7300, browser=Firefox
Testing: csp_id=247, page_id=7400, browser=Firefox
Testing: csp_id=247, page_id=7500, browser=Firefox
Testing: csp_id=247, page_id=7600, browser=Firefox
Testing: csp_id=247, page_id=7700, browser=Firefox
Testing: csp_id=247, page_id=7800, browser=Firefox
Testing: csp_id=247, page_id=7900, browser=Firefox
Testing: csp_id=247, page_id=8000, browser=Firefox
Testing: csp_id=247, page_id=8100, browser=Firefox
Testing: csp_id=247, page_id=8200, browser=Firefox
Testing: csp_id=247, page_id=8300, browser=Firefox
Testing: csp_id=247, page_id=8400, browser=Firefox
Testing: csp_id=247, page_id=8500, browser=Firefox
Testing: csp_id=247, page_id=8600, browser=Firefox
Testing: csp_id=247, page_id=8700, browser=Firefox
Testing: csp_id=247, page_id=8800, browser=Firefox
Testing: csp_id=247, page_id=8900, browser=Firefox
Testing: csp_id=247, page_id=9000, browser=Firefox
Testing: csp_id=247, page_id=9100, browser=Firefox
Testing: csp_id=247, page_id=9200, browser=Firefox
Testing: csp_id=247, page_id=9300, browser=Firefox
Testing: csp_id=247, page_id=9400, browser=Firefox
Testing: csp_id=247, page_id=9500, browser=Firefox
Testing: csp_id=247, page_id=9600, browser=Firefox
Testing: csp_id=247, page_id=9700, browser=Firefox
Testing: csp_id=247, page_id=9800, browser=Firefox
Testing: csp_id=247, page_id=9900, browser=Firefox
Testing: csp_id=247, page_id=10000, browser=Firefox
Testing: csp_id=247, page_id=10100, browser=Firefox
Testing: csp_id=247, page_id=10200, browser=Firefox
Testing: csp_id=247, page_id=10300, browser=Firefox
Testing: csp_id=247, page_id=10400, browser=Firefox
Testing: csp_id=247, page_id=10500, browser=Firefox
Testing: csp_id=247, page_id=10600, browser=Firefox
Testing: csp_id=247, page_id=10700, browser=Firefox
Testing: csp_id=247, page_id=10800, browser=Firefox
Testing: csp_id=247, page_id=10900, browser=Firefox
Testing: csp_id=247, page_id=11000, browser=Firefox
Testing: csp_id=247, page_id=11100, browser=Firefox
Testing: csp_id=247, page_id=11200, browser=Firefox
Testing: csp_id=247, page_id=11300, browser=Firefox
Testing: csp_id=247, page_id=11400, browser=Firefox
Testing: csp_id=247, page_id=11500, browser=Firefox
Testing: csp_id=247, page_id=11600, browser=Firefox
Testing: csp_id=247, page_id=11700, browser=Firefox
Testing: csp_id=247, page_id=11800, browser=Firefox
Testing: csp_id=247, page_id=11900, browser=Firefox
Testing: csp_id=247, page_id=12000, browser=Firefox
Testing: csp_id=247, page_id=12100, browser=Firefox
Testing: csp_id=247, page_id=12200, browser=Firefox
Testing: csp_id=247, page_id=12300, browser=Firefox
Testing: csp_id=247, page_id=12400, browser=Firefox
Testing: csp_id=247, page_id=12500, browser=Firefox
Testing: csp_id=247, page_id=12600, browser=Firefox
Testing: csp_id=247, page_id=12700, browser=Firefox
Testing: csp_id=247, page_id=12800, browser=Firefox
Testing: csp_id=247, page_id=12900, browser=Firefox
Testing: csp_id=247, page_id=13000, browser=Firefox
Testing: csp_id=247, page_id=13100, browser=Firefox
Testing: csp_id=247, page_id=13200, browser=Firefox
Testing: csp_id=247, page_id=13300, browser=Firefox
Testing: csp_id=247, page_id=13400, browser=Firefox
Testing: csp_id=247, page_id=13500, browser=Firefox
Testing: csp_id=247, page_id=13600, browser=Firefox
Testing: csp_id=247, page_id=13700, browser=Firefox
Testing: csp_id=247, page_id=13800, browser=Firefox
Testing: csp_id=247, page_id=13900, browser=Firefox
Testing: csp_id=247, page_id=14000, browser=Firefox
Testing: csp_id=247, page_id=14100, browser=Firefox
Testing: csp_id=247, page_id=14200, browser=Firefox
Testing: csp_id=247, page_id=14300, browser=Firefox
Testing: csp_id=247, page_id=14400, browser=Firefox
Testing: csp_id=247, page_id=14500, browser=Firefox
Testing: csp_id=247, page_id=14600, browser=Firefox
Testing: csp_id=247, page_id=14700, browser=Firefox
Testing: csp_id=247, page_id=14800, browser=Firefox
Testing: csp_id=247, page_id=14900, browser=Firefox
Testing: csp_id=247, page_id=15000, browser=Firefox
Testing: csp_id=247, page_id=15100, browser=Firefox
Testing: csp_id=247, page_id=15200, browser=Firefox
Testing: csp_id=247, page_id=15300, browser=Firefox
Testing: csp_id=247, page_id=15400, browser=Firefox
Testing: csp_id=247, page_id=15500, browser=Firefox
Testing: csp_id=247, page_id=15600, browser=Firefox
Testing: csp_id=247, page_id=15700, browser=Firefox
Testing: csp_id=247, page_id=15800, browser=Firefox
Testing: csp_id=247, page_id=15900, browser=Firefox
Testing: csp_id=247, page_id=16000, browser=Firefox
Testing: csp_id=247, page_id=16100, browser=Firefox
Testing: csp_id=247, page_id=16200, browser=Firefox
Testing: csp_id=247, page_id=16300, browser=Firefox
Testing: csp_id=247, page_id=16400, browser=Firefox
Testing: csp_id=247, page_id=16500, browser=Firefox
Testing: csp_id=247, page_id=16600, browser=Firefox
Testing: csp_id=247, page_id=16700, browser=Firefox
Testing: csp_id=247, page_id=16800, browser=Firefox
Testing: csp_id=247, page_id=16900, browser=Firefox
Testing: csp_id=247, page_id=17000, browser=Firefox
Testing: csp_id=247, page_id=17100, browser=Firefox
Testing: csp_id=247, page_id=17200, browser=Firefox
Testing: csp_id=247, page_id=17300, browser=Firefox
Testing: csp_id=247, page_id=17400, browser=Firefox
Testing: csp_id=247, page_id=17500, browser=Firefox
Testing: csp_id=247, page_id=17600, browser=Firefox
Testing: csp_id=247, page_id=17700, browser=Firefox
Testing: csp_id=247, page_id=17800, browser=Firefox
Testing: csp_id=247, page_id=17900, browser=Firefox
Testing: csp_id=247, page_id=18000, browser=Firefox
Testing: csp_id=247, page_id=18100, browser=Firefox
Testing: csp_id=247, page_id=18200, browser=Firefox
Testing: csp_id=247, page_id=18300, browser=Firefox
Testing: csp_id=247, page_id=18400, browser=Firefox
Testing: csp_id=247, page_id=18500, browser=Firefox
Testing: csp_id=247, page_id=18600, browser=Firefox
Testing: csp_id=247, page_id=18700, browser=Firefox
Testing: csp_id=247, page_id=18800, browser=Firefox
Testing: csp_id=247, page_id=18900, browser=Firefox
Testing: csp_id=247, page_id=19000, browser=Firefox
Testing: csp_id=247, page_id=19100, browser=Firefox
Testing: csp_id=247, page_id=19200, browser=Firefox
Testing: csp_id=247, page_id=19300, browser=Firefox
Testing: csp_id=247, page_id=19400, browser=Firefox
Testing: csp_id=247, page_id=19500, browser=Firefox
Testing: csp_id=247, page_id=19600, browser=Firefox
Testing: csp_id=247, page_id=19700, browser=Firefox
Testing: csp_id=247, page_id=19800, browser=Firefox
Testing: csp_id=247, page_id=19900, browser=Firefox
Testing: csp_id=247, page_id=20000, browser=Firefox
Testing: csp_id=247, page_id=20100, browser=Firefox
Testing: csp_id=247, page_id=20200, browser=Firefox
Testing: csp_id=247, page_id=20300, browser=Firefox
Testing: csp_id=247, page_id=20400, browser=Firefox
Testing: csp_id=247, page_id=20500, browser=Firefox
Testing: csp_id=247, page_id=20600, browser=Firefox
Testing: csp_id=247, page_id=20700, browser=Firefox
Testing: csp_id=247, page_id=20800, browser=Firefox
Testing: csp_id=247, page_id=20900, browser=Firefox
Testing: csp_id=247, page_id=21000, browser=Firefox
Testing: csp_id=247, page_id=21100, browser=Firefox
Testing: csp_id=247, page_id=21200, browser=Firefox
Testing: csp_id=247, page_id=21300, browser=Firefox
Testing: csp_id=247, page_id=21400, browser=Firefox
Testing: csp_id=247, page_id=21500, browser=Firefox
Testing: csp_id=247, page_id=21600, browser=Firefox
Testing: csp_id=247, page_id=21700, browser=Firefox
Testing: csp_id=247, page_id=21800, browser=Firefox
Testing: csp_id=247, page_id=21900, browser=Firefox
Testing: csp_id=247, page_id=22000, browser=Firefox
Testing: csp_id=247, page_id=22100, browser=Firefox
Testing: csp_id=247, page_id=22200, browser=Firefox
Testing: csp_id=247, page_id=22300, browser=Firefox
Testing: csp_id=247, page_id=22400, browser=Firefox
Testing: csp_id=247, page_id=22500, browser=Firefox
Testing: csp_id=247, page_id=22600, browser=Firefox
Testing: csp_id=247, page_id=22700, browser=Firefox
Testing: csp_id=247, page_id=22800, browser=Firefox
Testing: csp_id=247, page_id=22900, browser=Firefox
Testing: csp_id=247, page_id=23000, browser=Firefox
Testing: csp_id=247, page_id=23100, browser=Firefox
Testing: csp_id=247, page_id=23200, browser=Firefox
Testing: csp_id=247, page_id=23300, browser=Firefox
Testing: csp_id=247, page_id=23400, browser=Firefox
Testing: csp_id=247, page_id=23500, browser=Firefox
Testing: csp_id=247, page_id=23600, browser=Firefox
Testing: csp_id=247, page_id=23700, browser=Firefox
Testing: csp_id=247, page_id=23800, browser=Firefox
Testing: csp_id=247, page_id=23900, browser=Firefox
Testing: csp_id=247, page_id=24000, browser=Firefox
Testing: csp_id=247, page_id=24100, browser=Firefox
Testing: csp_id=247, page_id=24200, browser=Firefox
Testing: csp_id=247, page_id=24300, browser=Firefox
Testing: csp_id=247, page_id=24400, browser=Firefox
Testing: csp_id=247, page_id=24500, browser=Firefox
Testing: csp_id=247, page_id=24600, browser=Firefox
Testing: csp_id=247, page_id=24700, browser=Firefox
Testing: csp_id=247, page_id=24800, browser=Firefox
Testing: csp_id=247, page_id=24900, browser=Firefox
Testing: csp_id=247, page_id=25000, browser=Firefox
Testing: csp_id=247, page_id=25100, browser=Firefox
Testing: csp_id=247, page_id=25200, browser=Firefox
Testing: csp_id=247, page_id=25300, browser=Firefox
Testing: csp_id=247, page_id=25400, browser=Firefox
Testing: csp_id=247, page_id=25500, browser=Firefox
Testing: csp_id=247, page_id=25600, browser=Firefox
Testing: csp_id=247, page_id=25700, browser=Firefox
Testing: csp_id=247, page_id=25800, browser=Firefox
Testing: csp_id=247, page_id=25900, browser=Firefox
Testing: csp_id=247, page_id=26000, browser=Firefox
Testing: csp_id=247, page_id=26100, browser=Firefox
Testing: csp_id=247, page_id=26200, browser=Firefox
Testing: csp_id=247, page_id=26300, browser=Firefox
Testing: csp_id=247, page_id=26400, browser=Firefox
Testing: csp_id=247, page_id=26500, browser=Firefox
Testing: csp_id=247, page_id=26600, browser=Firefox
Testing: csp_id=247, page_id=26700, browser=Firefox
Testing: csp_id=247, page_id=26800, browser=Firefox
Testing: csp_id=247, page_id=26900, browser=Firefox
Testing: csp_id=247, page_id=27000, browser=Firefox
Testing: csp_id=247, page_id=27100, browser=Firefox
Testing: csp_id=247, page_id=27200, browser=Firefox
Testing: csp_id=247, page_id=27300, browser=Firefox
Testing: csp_id=247, page_id=27400, browser=Firefox
Testing: csp_id=247, page_id=27500, browser=Firefox
Testing: csp_id=247, page_id=27600, browser=Firefox
Testing: csp_id=247, page_id=27700, browser=Firefox
Testing: csp_id=247, page_id=27800, browser=Firefox
Testing: csp_id=247, page_id=27900, browser=Firefox
Testing: csp_id=247, page_id=28000, browser=Firefox
Testing: csp_id=247, page_id=28100, browser=Firefox
Testing: csp_id=247, page_id=28200, browser=Firefox
Testing: csp_id=247, page_id=28300, browser=Firefox
Testing: csp_id=247, page_id=28400, browser=Firefox
Testing: csp_id=247, page_id=28500, browser=Firefox
Testing: csp_id=247, page_id=28600, browser=Firefox
Testing: csp_id=247, page_id=28700, browser=Firefox
Testing: csp_id=247, page_id=28800, browser=Firefox
Testing: csp_id=247, page_id=28900, browser=Firefox
Testing: csp_id=247, page_id=29000, browser=Firefox
Testing: csp_id=247, page_id=29100, browser=Firefox
Testing: csp_id=247, page_id=29200, browser=Firefox
Testing: csp_id=247, page_id=29300, browser=Firefox
Testing: csp_id=247, page_id=29400, browser=Firefox
Testing: csp_id=247, page_id=29500, browser=Firefox
Testing: csp_id=247, page_id=29600, browser=Firefox
Testing: csp_id=247, page_id=29700, browser=Firefox
Testing: csp_id=247, page_id=29800, browser=Firefox
🏊 create_context_pools[first] (5x16): 39.191s
Testing: csp_id=258, page_id=0, browser=Firefox
Testing: csp_id=258, page_id=100, browser=Firefox
Testing: csp_id=258, page_id=200, browser=Firefox
Testing: csp_id=258, page_id=300, browser=Firefox
Testing: csp_id=258, page_id=400, browser=Firefox
Testing: csp_id=258, page_id=500, browser=Firefox
Testing: csp_id=258, page_id=600, browser=Firefox
Testing: csp_id=258, page_id=700, browser=Firefox
Testing: csp_id=258, page_id=800, browser=Firefox
Testing: csp_id=258, page_id=900, browser=Firefox
Testing: csp_id=258, page_id=1000, browser=Firefox
Testing: csp_id=258, page_id=1100, browser=Firefox
Testing: csp_id=258, page_id=1200, browser=Firefox
Testing: csp_id=258, page_id=1300, browser=Firefox
Testing: csp_id=258, page_id=1400, browser=Firefox
Testing: csp_id=258, page_id=1500, browser=Firefox
Testing: csp_id=258, page_id=1600, browser=Firefox
Testing: csp_id=258, page_id=1700, browser=Firefox
Testing: csp_id=258, page_id=1800, browser=Firefox
Testing: csp_id=258, page_id=1900, browser=Firefox
Testing: csp_id=258, page_id=2000, browser=Firefox
Testing: csp_id=258, page_id=2100, browser=Firefox
Testing: csp_id=258, page_id=2200, browser=Firefox
Testing: csp_id=258, page_id=2300, browser=Firefox
Testing: csp_id=258, page_id=2400, browser=Firefox
Testing: csp_id=258, page_id=2500, browser=Firefox
Testing: csp_id=258, page_id=2600, browser=Firefox
Testing: csp_id=258, page_id=2700, browser=Firefox
Testing: csp_id=258, page_id=2800, browser=Firefox
Testing: csp_id=258, page_id=2900, browser=Firefox
Testing: csp_id=258, page_id=3000, browser=Firefox
Testing: csp_id=258, page_id=3100, browser=Firefox
Testing: csp_id=258, page_id=3200, browser=Firefox
Testing: csp_id=258, page_id=3300, browser=Firefox
Testing: csp_id=258, page_id=3400, browser=Firefox
Testing: csp_id=258, page_id=3500, browser=Firefox
Testing: csp_id=258, page_id=3600, browser=Firefox
Testing: csp_id=258, page_id=3700, browser=Firefox
Testing: csp_id=258, page_id=3800, browser=Firefox
Testing: csp_id=258, page_id=3900, browser=Firefox
Testing: csp_id=258, page_id=4000, browser=Firefox
Testing: csp_id=258, page_id=4100, browser=Firefox
Testing: csp_id=258, page_id=4200, browser=Firefox
Testing: csp_id=258, page_id=4300, browser=Firefox
Testing: csp_id=258, page_id=4400, browser=Firefox
Testing: csp_id=258, page_id=4500, browser=Firefox
Testing: csp_id=258, page_id=4600, browser=Firefox
Testing: csp_id=258, page_id=4700, browser=Firefox
Testing: csp_id=258, page_id=4800, browser=Firefox
Testing: csp_id=258, page_id=4900, browser=Firefox
Testing: csp_id=258, page_id=5000, browser=Firefox
Testing: csp_id=258, page_id=5100, browser=Firefox
Testing: csp_id=258, page_id=5200, browser=Firefox
Testing: csp_id=258, page_id=5300, browser=Firefox
Testing: csp_id=258, page_id=5400, browser=Firefox
Testing: csp_id=258, page_id=5500, browser=Firefox
Testing: csp_id=258, page_id=5600, browser=Firefox
Testing: csp_id=258, page_id=5700, browser=Firefox
Testing: csp_id=258, page_id=5800, browser=Firefox
Testing: csp_id=258, page_id=5900, browser=Firefox
Testing: csp_id=258, page_id=6000, browser=Firefox
Testing: csp_id=258, page_id=6100, browser=Firefox
Testing: csp_id=258, page_id=6200, browser=Firefox
Testing: csp_id=258, page_id=6300, browser=Firefox
Testing: csp_id=258, page_id=6400, browser=Firefox
Testing: csp_id=258, page_id=6500, browser=Firefox
Testing: csp_id=258, page_id=6600, browser=Firefox
Testing: csp_id=258, page_id=6700, browser=Firefox
Testing: csp_id=258, page_id=6800, browser=Firefox
Testing: csp_id=258, page_id=6900, browser=Firefox
Testing: csp_id=258, page_id=7000, browser=Firefox
Testing: csp_id=258, page_id=7100, browser=Firefox
Testing: csp_id=258, page_id=7200, browser=Firefox
Testing: csp_id=258, page_id=7300, browser=Firefox
Testing: csp_id=258, page_id=7400, browser=Firefox
Testing: csp_id=258, page_id=7500, browser=Firefox
Testing: csp_id=258, page_id=7600, browser=Firefox
Testing: csp_id=258, page_id=7700, browser=Firefox
Testing: csp_id=258, page_id=7800, browser=Firefox
Testing: csp_id=258, page_id=7900, browser=Firefox
Testing: csp_id=258, page_id=8000, browser=Firefox
Testing: csp_id=258, page_id=8100, browser=Firefox
Testing: csp_id=258, page_id=8200, browser=Firefox
Testing: csp_id=258, page_id=8300, browser=Firefox
Testing: csp_id=258, page_id=8400, browser=Firefox
Testing: csp_id=258, page_id=8500, browser=Firefox
Testing: csp_id=258, page_id=8600, browser=Firefox
Testing: csp_id=258, page_id=8700, browser=Firefox
Testing: csp_id=258, page_id=8800, browser=Firefox
Testing: csp_id=258, page_id=8900, browser=Firefox
Testing: csp_id=258, page_id=9000, browser=Firefox
Testing: csp_id=258, page_id=9100, browser=Firefox
Testing: csp_id=258, page_id=9200, browser=Firefox
Testing: csp_id=258, page_id=9300, browser=Firefox
Testing: csp_id=258, page_id=9400, browser=Firefox
Testing: csp_id=258, page_id=9500, browser=Firefox
Testing: csp_id=258, page_id=9600, browser=Firefox
Testing: csp_id=258, page_id=9700, browser=Firefox
Testing: csp_id=258, page_id=9800, browser=Firefox
Testing: csp_id=258, page_id=9900, browser=Firefox
Testing: csp_id=258, page_id=10000, browser=Firefox
Testing: csp_id=258, page_id=10100, browser=Firefox
Testing: csp_id=258, page_id=10200, browser=Firefox
Testing: csp_id=258, page_id=10300, browser=Firefox
Testing: csp_id=258, page_id=10400, browser=Firefox
Testing: csp_id=258, page_id=10500, browser=Firefox
Testing: csp_id=258, page_id=10600, browser=Firefox
Testing: csp_id=258, page_id=10700, browser=Firefox
Testing: csp_id=258, page_id=10800, browser=Firefox
Testing: csp_id=258, page_id=10900, browser=Firefox
Testing: csp_id=258, page_id=11000, browser=Firefox
Testing: csp_id=258, page_id=11100, browser=Firefox
Testing: csp_id=258, page_id=11200, browser=Firefox
Testing: csp_id=258, page_id=11300, browser=Firefox
Testing: csp_id=258, page_id=11400, browser=Firefox
Testing: csp_id=258, page_id=11500, browser=Firefox
Testing: csp_id=258, page_id=11600, browser=Firefox
Testing: csp_id=258, page_id=11700, browser=Firefox
Testing: csp_id=258, page_id=11800, browser=Firefox
Testing: csp_id=258, page_id=11900, browser=Firefox
Testing: csp_id=258, page_id=12000, browser=Firefox
Testing: csp_id=258, page_id=12100, browser=Firefox
Testing: csp_id=258, page_id=12200, browser=Firefox
Testing: csp_id=258, page_id=12300, browser=Firefox
Testing: csp_id=258, page_id=12400, browser=Firefox
Testing: csp_id=258, page_id=12500, browser=Firefox
Testing: csp_id=258, page_id=12600, browser=Firefox
Testing: csp_id=258, page_id=12700, browser=Firefox
Testing: csp_id=258, page_id=12800, browser=Firefox
Testing: csp_id=258, page_id=12900, browser=Firefox
Testing: csp_id=258, page_id=13000, browser=Firefox
Testing: csp_id=258, page_id=13100, browser=Firefox
Testing: csp_id=258, page_id=13200, browser=Firefox
Testing: csp_id=258, page_id=13300, browser=Firefox
Testing: csp_id=258, page_id=13400, browser=Firefox
Testing: csp_id=258, page_id=13500, browser=Firefox
Testing: csp_id=258, page_id=13600, browser=Firefox
Testing: csp_id=258, page_id=13700, browser=Firefox
Testing: csp_id=258, page_id=13800, browser=Firefox
Testing: csp_id=258, page_id=13900, browser=Firefox
Testing: csp_id=258, page_id=14000, browser=Firefox
Testing: csp_id=258, page_id=14100, browser=Firefox
Testing: csp_id=258, page_id=14200, browser=Firefox
Testing: csp_id=258, page_id=14300, browser=Firefox
Testing: csp_id=258, page_id=14400, browser=Firefox
Testing: csp_id=258, page_id=14500, browser=Firefox
Testing: csp_id=258, page_id=14600, browser=Firefox
Testing: csp_id=258, page_id=14700, browser=Firefox
Testing: csp_id=258, page_id=14800, browser=Firefox
Testing: csp_id=258, page_id=14900, browser=Firefox
Testing: csp_id=258, page_id=15000, browser=Firefox
Testing: csp_id=258, page_id=15100, browser=Firefox
Testing: csp_id=258, page_id=15200, browser=Firefox
Testing: csp_id=258, page_id=15300, browser=Firefox
Testing: csp_id=258, page_id=15400, browser=Firefox
Testing: csp_id=258, page_id=15500, browser=Firefox
Testing: csp_id=258, page_id=15600, browser=Firefox
Testing: csp_id=258, page_id=15700, browser=Firefox
Testing: csp_id=258, page_id=15800, browser=Firefox
Testing: csp_id=258, page_id=15900, browser=Firefox
Testing: csp_id=258, page_id=16000, browser=Firefox
Testing: csp_id=258, page_id=16100, browser=Firefox
Testing: csp_id=258, page_id=16200, browser=Firefox
Testing: csp_id=258, page_id=16300, browser=Firefox
Testing: csp_id=258, page_id=16400, browser=Firefox
Testing: csp_id=258, page_id=16500, browser=Firefox
Testing: csp_id=258, page_id=16600, browser=Firefox
Testing: csp_id=258, page_id=16700, browser=Firefox
Testing: csp_id=258, page_id=16800, browser=Firefox
Testing: csp_id=258, page_id=16900, browser=Firefox
Testing: csp_id=258, page_id=17000, browser=Firefox
Testing: csp_id=258, page_id=17100, browser=Firefox
Testing: csp_id=258, page_id=17200, browser=Firefox
Testing: csp_id=258, page_id=17300, browser=Firefox
Testing: csp_id=258, page_id=17400, browser=Firefox
Testing: csp_id=258, page_id=17500, browser=Firefox
Testing: csp_id=258, page_id=17600, browser=Firefox
Testing: csp_id=258, page_id=17700, browser=Firefox
Testing: csp_id=258, page_id=17800, browser=Firefox
Testing: csp_id=258, page_id=17900, browser=Firefox
Testing: csp_id=258, page_id=18000, browser=Firefox
Testing: csp_id=258, page_id=18100, browser=Firefox
Testing: csp_id=258, page_id=18200, browser=Firefox
Testing: csp_id=258, page_id=18300, browser=Firefox
Testing: csp_id=258, page_id=18400, browser=Firefox
Testing: csp_id=258, page_id=18500, browser=Firefox
Testing: csp_id=258, page_id=18600, browser=Firefox
Testing: csp_id=258, page_id=18700, browser=Firefox
Testing: csp_id=258, page_id=18800, browser=Firefox
Testing: csp_id=258, page_id=18900, browser=Firefox
Testing: csp_id=258, page_id=19000, browser=Firefox
Testing: csp_id=258, page_id=19100, browser=Firefox
Testing: csp_id=258, page_id=19200, browser=Firefox
Testing: csp_id=258, page_id=19300, browser=Firefox
Testing: csp_id=258, page_id=19400, browser=Firefox
Testing: csp_id=258, page_id=19500, browser=Firefox
Testing: csp_id=258, page_id=19600, browser=Firefox
Testing: csp_id=258, page_id=19700, browser=Firefox
Testing: csp_id=258, page_id=19800, browser=Firefox
Testing: csp_id=258, page_id=19900, browser=Firefox
Testing: csp_id=258, page_id=20000, browser=Firefox
Testing: csp_id=258, page_id=20100, browser=Firefox
Testing: csp_id=258, page_id=20200, browser=Firefox
Testing: csp_id=258, page_id=20300, browser=Firefox
Testing: csp_id=258, page_id=20400, browser=Firefox
Testing: csp_id=258, page_id=20500, browser=Firefox
Testing: csp_id=258, page_id=20600, browser=Firefox
Testing: csp_id=258, page_id=20700, browser=Firefox
Testing: csp_id=258, page_id=20800, browser=Firefox
Testing: csp_id=258, page_id=20900, browser=Firefox
Testing: csp_id=258, page_id=21000, browser=Firefox
Testing: csp_id=258, page_id=21100, browser=Firefox
Testing: csp_id=258, page_id=21200, browser=Firefox
Testing: csp_id=258, page_id=21300, browser=Firefox
Testing: csp_id=258, page_id=21400, browser=Firefox
Testing: csp_id=258, page_id=21500, browser=Firefox
Testing: csp_id=258, page_id=21600, browser=Firefox
Testing: csp_id=258, page_id=21700, browser=Firefox
Testing: csp_id=258, page_id=21800, browser=Firefox
Testing: csp_id=258, page_id=21900, browser=Firefox
Testing: csp_id=258, page_id=22000, browser=Firefox
Testing: csp_id=258, page_id=22100, browser=Firefox
Testing: csp_id=258, page_id=22200, browser=Firefox
Testing: csp_id=258, page_id=22300, browser=Firefox
Testing: csp_id=258, page_id=22400, browser=Firefox
Testing: csp_id=258, page_id=22500, browser=Firefox
Testing: csp_id=258, page_id=22600, browser=Firefox
Testing: csp_id=258, page_id=22700, browser=Firefox
Testing: csp_id=258, page_id=22800, browser=Firefox
Testing: csp_id=258, page_id=22900, browser=Firefox
Testing: csp_id=258, page_id=23000, browser=Firefox
Testing: csp_id=258, page_id=23100, browser=Firefox
Testing: csp_id=258, page_id=23200, browser=Firefox
Testing: csp_id=258, page_id=23300, browser=Firefox
Testing: csp_id=258, page_id=23400, browser=Firefox
Testing: csp_id=258, page_id=23500, browser=Firefox
Testing: csp_id=258, page_id=23600, browser=Firefox
Testing: csp_id=258, page_id=23700, browser=Firefox
Testing: csp_id=258, page_id=23800, browser=Firefox
Testing: csp_id=258, page_id=23900, browser=Firefox
Testing: csp_id=258, page_id=24000, browser=Firefox
Testing: csp_id=258, page_id=24100, browser=Firefox
Testing: csp_id=258, page_id=24200, browser=Firefox
Testing: csp_id=258, page_id=24300, browser=Firefox
Testing: csp_id=258, page_id=24400, browser=Firefox
Testing: csp_id=258, page_id=24500, browser=Firefox
Testing: csp_id=258, page_id=24600, browser=Firefox
Testing: csp_id=258, page_id=24700, browser=Firefox
Testing: csp_id=258, page_id=24800, browser=Firefox
Testing: csp_id=258, page_id=24900, browser=Firefox
Testing: csp_id=258, page_id=25000, browser=Firefox
Testing: csp_id=258, page_id=25100, browser=Firefox
Testing: csp_id=258, page_id=25200, browser=Firefox
Testing: csp_id=258, page_id=25300, browser=Firefox
Testing: csp_id=258, page_id=25400, browser=Firefox
Testing: csp_id=258, page_id=25500, browser=Firefox
Testing: csp_id=258, page_id=25600, browser=Firefox
Testing: csp_id=258, page_id=25700, browser=Firefox
Testing: csp_id=258, page_id=25800, browser=Firefox
Testing: csp_id=258, page_id=25900, browser=Firefox
Testing: csp_id=258, page_id=26000, browser=Firefox
Testing: csp_id=258, page_id=26100, browser=Firefox
Testing: csp_id=258, page_id=26200, browser=Firefox
Testing: csp_id=258, page_id=26300, browser=Firefox
Testing: csp_id=258, page_id=26400, browser=Firefox
Testing: csp_id=258, page_id=26500, browser=Firefox
Testing: csp_id=258, page_id=26600, browser=Firefox
Testing: csp_id=258, page_id=26700, browser=Firefox
Testing: csp_id=258, page_id=26800, browser=Firefox
Testing: csp_id=258, page_id=26900, browser=Firefox
Testing: csp_id=258, page_id=27000, browser=Firefox
Testing: csp_id=258, page_id=27100, browser=Firefox
Testing: csp_id=258, page_id=27200, browser=Firefox
Testing: csp_id=258, page_id=27300, browser=Firefox
Testing: csp_id=258, page_id=27400, browser=Firefox
Testing: csp_id=258, page_id=27500, browser=Firefox
Testing: csp_id=258, page_id=27600, browser=Firefox
Testing: csp_id=258, page_id=27700, browser=Firefox
Testing: csp_id=258, page_id=27800, browser=Firefox
Testing: csp_id=258, page_id=27900, browser=Firefox
Testing: csp_id=258, page_id=28000, browser=Firefox
Testing: csp_id=258, page_id=28100, browser=Firefox
Testing: csp_id=258, page_id=28200, browser=Firefox
Testing: csp_id=258, page_id=28300, browser=Firefox
Testing: csp_id=258, page_id=28400, browser=Firefox
Testing: csp_id=258, page_id=28500, browser=Firefox
Testing: csp_id=258, page_id=28600, browser=Firefox
Testing: csp_id=258, page_id=28700, browser=Firefox
Testing: csp_id=258, page_id=28800, browser=Firefox
Testing: csp_id=258, page_id=28900, browser=Firefox
Testing: csp_id=258, page_id=29000, browser=Firefox
Testing: csp_id=258, page_id=29100, browser=Firefox
Testing: csp_id=258, page_id=29200, browser=Firefox
Testing: csp_id=258, page_id=29300, browser=Firefox
Testing: csp_id=258, page_id=29400, browser=Firefox
Testing: csp_id=258, page_id=29500, browser=Firefox
Testing: csp_id=258, page_id=29600, browser=Firefox
Testing: csp_id=258, page_id=29700, browser=Firefox
Testing: csp_id=258, page_id=29800, browser=Firefox
🏊 create_context_pools[first] (5x16): 31.090s
Testing: csp_id=267, page_id=0, browser=Firefox
Testing: csp_id=267, page_id=100, browser=Firefox
Testing: csp_id=267, page_id=200, browser=Firefox
Testing: csp_id=267, page_id=300, browser=Firefox
Testing: csp_id=267, page_id=400, browser=Firefox
Testing: csp_id=267, page_id=500, browser=Firefox
Testing: csp_id=267, page_id=600, browser=Firefox
Testing: csp_id=267, page_id=700, browser=Firefox
Testing: csp_id=267, page_id=800, browser=Firefox
Testing: csp_id=267, page_id=900, browser=Firefox
Testing: csp_id=267, page_id=1000, browser=Firefox
Testing: csp_id=267, page_id=1100, browser=Firefox
Testing: csp_id=267, page_id=1200, browser=Firefox
Testing: csp_id=267, page_id=1300, browser=Firefox
Testing: csp_id=267, page_id=1400, browser=Firefox
Testing: csp_id=267, page_id=1500, browser=Firefox
Testing: csp_id=267, page_id=1600, browser=Firefox
Testing: csp_id=267, page_id=1700, browser=Firefox
Testing: csp_id=267, page_id=1800, browser=Firefox
Testing: csp_id=267, page_id=1900, browser=Firefox
Testing: csp_id=267, page_id=2000, browser=Firefox
Testing: csp_id=267, page_id=2100, browser=Firefox
Testing: csp_id=267, page_id=2200, browser=Firefox
Testing: csp_id=267, page_id=2300, browser=Firefox
Testing: csp_id=267, page_id=2400, browser=Firefox
Testing: csp_id=267, page_id=2500, browser=Firefox
Testing: csp_id=267, page_id=2600, browser=Firefox
Testing: csp_id=267, page_id=2700, browser=Firefox
Testing: csp_id=267, page_id=2800, browser=Firefox
Testing: csp_id=267, page_id=2900, browser=Firefox
Testing: csp_id=267, page_id=3000, browser=Firefox
Testing: csp_id=267, page_id=3100, browser=Firefox
Testing: csp_id=267, page_id=3200, browser=Firefox
Testing: csp_id=267, page_id=3300, browser=Firefox
Testing: csp_id=267, page_id=3400, browser=Firefox
Testing: csp_id=267, page_id=3500, browser=Firefox
Testing: csp_id=267, page_id=3600, browser=Firefox
Testing: csp_id=267, page_id=3700, browser=Firefox
Testing: csp_id=267, page_id=3800, browser=Firefox
Testing: csp_id=267, page_id=3900, browser=Firefox
Testing: csp_id=267, page_id=4000, browser=Firefox
Testing: csp_id=267, page_id=4100, browser=Firefox
Testing: csp_id=267, page_id=4200, browser=Firefox
Testing: csp_id=267, page_id=4300, browser=Firefox
Testing: csp_id=267, page_id=4400, browser=Firefox
Testing: csp_id=267, page_id=4500, browser=Firefox
Testing: csp_id=267, page_id=4600, browser=Firefox
Testing: csp_id=267, page_id=4700, browser=Firefox
Testing: csp_id=267, page_id=4800, browser=Firefox
Testing: csp_id=267, page_id=4900, browser=Firefox
Testing: csp_id=267, page_id=5000, browser=Firefox
Testing: csp_id=267, page_id=5100, browser=Firefox
Testing: csp_id=267, page_id=5200, browser=Firefox
Testing: csp_id=267, page_id=5300, browser=Firefox
Testing: csp_id=267, page_id=5400, browser=Firefox
Testing: csp_id=267, page_id=5500, browser=Firefox
Testing: csp_id=267, page_id=5600, browser=Firefox
Testing: csp_id=267, page_id=5700, browser=Firefox
Testing: csp_id=267, page_id=5800, browser=Firefox
Testing: csp_id=267, page_id=5900, browser=Firefox
Testing: csp_id=267, page_id=6000, browser=Firefox
Testing: csp_id=267, page_id=6100, browser=Firefox
Testing: csp_id=267, page_id=6200, browser=Firefox
Testing: csp_id=267, page_id=6300, browser=Firefox
Testing: csp_id=267, page_id=6400, browser=Firefox
Testing: csp_id=267, page_id=6500, browser=Firefox
Testing: csp_id=267, page_id=6600, browser=Firefox
Testing: csp_id=267, page_id=6700, browser=Firefox
Testing: csp_id=267, page_id=6800, browser=Firefox
Testing: csp_id=267, page_id=6900, browser=Firefox
Testing: csp_id=267, page_id=7000, browser=Firefox
Testing: csp_id=267, page_id=7100, browser=Firefox
Testing: csp_id=267, page_id=7200, browser=Firefox
Testing: csp_id=267, page_id=7300, browser=Firefox
Testing: csp_id=267, page_id=7400, browser=Firefox
Testing: csp_id=267, page_id=7500, browser=Firefox
Testing: csp_id=267, page_id=7600, browser=Firefox
Testing: csp_id=267, page_id=7700, browser=Firefox
Testing: csp_id=267, page_id=7800, browser=Firefox
Testing: csp_id=267, page_id=7900, browser=Firefox
Testing: csp_id=267, page_id=8000, browser=Firefox
Testing: csp_id=267, page_id=8100, browser=Firefox
Testing: csp_id=267, page_id=8200, browser=Firefox
Testing: csp_id=267, page_id=8300, browser=Firefox
Testing: csp_id=267, page_id=8400, browser=Firefox
Testing: csp_id=267, page_id=8500, browser=Firefox
Testing: csp_id=267, page_id=8600, browser=Firefox
Testing: csp_id=267, page_id=8700, browser=Firefox
Testing: csp_id=267, page_id=8800, browser=Firefox
Testing: csp_id=267, page_id=8900, browser=Firefox
Testing: csp_id=267, page_id=9000, browser=Firefox
Testing: csp_id=267, page_id=9100, browser=Firefox
Testing: csp_id=267, page_id=9200, browser=Firefox
Testing: csp_id=267, page_id=9300, browser=Firefox
Testing: csp_id=267, page_id=9400, browser=Firefox
Testing: csp_id=267, page_id=9500, browser=Firefox
Testing: csp_id=267, page_id=9600, browser=Firefox
Testing: csp_id=267, page_id=9700, browser=Firefox
Testing: csp_id=267, page_id=9800, browser=Firefox
Testing: csp_id=267, page_id=9900, browser=Firefox
Testing: csp_id=267, page_id=10000, browser=Firefox
Testing: csp_id=267, page_id=10100, browser=Firefox
Testing: csp_id=267, page_id=10200, browser=Firefox
Testing: csp_id=267, page_id=10300, browser=Firefox
Testing: csp_id=267, page_id=10400, browser=Firefox
Testing: csp_id=267, page_id=10500, browser=Firefox
Testing: csp_id=267, page_id=10600, browser=Firefox
Testing: csp_id=267, page_id=10700, browser=Firefox
Testing: csp_id=267, page_id=10800, browser=Firefox
Testing: csp_id=267, page_id=10900, browser=Firefox
Testing: csp_id=267, page_id=11000, browser=Firefox
Testing: csp_id=267, page_id=11100, browser=Firefox
Testing: csp_id=267, page_id=11200, browser=Firefox
Testing: csp_id=267, page_id=11300, browser=Firefox
Testing: csp_id=267, page_id=11400, browser=Firefox
Testing: csp_id=267, page_id=11500, browser=Firefox
Testing: csp_id=267, page_id=11600, browser=Firefox
Testing: csp_id=267, page_id=11700, browser=Firefox
Testing: csp_id=267, page_id=11800, browser=Firefox
Testing: csp_id=267, page_id=11900, browser=Firefox
Testing: csp_id=267, page_id=12000, browser=Firefox
Testing: csp_id=267, page_id=12100, browser=Firefox
Testing: csp_id=267, page_id=12200, browser=Firefox
Testing: csp_id=267, page_id=12300, browser=Firefox
Testing: csp_id=267, page_id=12400, browser=Firefox
Testing: csp_id=267, page_id=12500, browser=Firefox
Testing: csp_id=267, page_id=12600, browser=Firefox
Testing: csp_id=267, page_id=12700, browser=Firefox
Testing: csp_id=267, page_id=12800, browser=Firefox
Testing: csp_id=267, page_id=12900, browser=Firefox
Testing: csp_id=267, page_id=13000, browser=Firefox
Testing: csp_id=267, page_id=13100, browser=Firefox
Testing: csp_id=267, page_id=13200, browser=Firefox
Testing: csp_id=267, page_id=13300, browser=Firefox
Testing: csp_id=267, page_id=13400, browser=Firefox
Testing: csp_id=267, page_id=13500, browser=Firefox
Testing: csp_id=267, page_id=13600, browser=Firefox
Testing: csp_id=267, page_id=13700, browser=Firefox
Testing: csp_id=267, page_id=13800, browser=Firefox
Testing: csp_id=267, page_id=13900, browser=Firefox
Testing: csp_id=267, page_id=14000, browser=Firefox
Testing: csp_id=267, page_id=14100, browser=Firefox
Testing: csp_id=267, page_id=14200, browser=Firefox
Testing: csp_id=267, page_id=14300, browser=Firefox
Testing: csp_id=267, page_id=14400, browser=Firefox
Testing: csp_id=267, page_id=14500, browser=Firefox
Testing: csp_id=267, page_id=14600, browser=Firefox
Testing: csp_id=267, page_id=14700, browser=Firefox
Testing: csp_id=267, page_id=14800, browser=Firefox
Testing: csp_id=267, page_id=14900, browser=Firefox
Testing: csp_id=267, page_id=15000, browser=Firefox
Testing: csp_id=267, page_id=15100, browser=Firefox
Testing: csp_id=267, page_id=15200, browser=Firefox
Testing: csp_id=267, page_id=15300, browser=Firefox
Testing: csp_id=267, page_id=15400, browser=Firefox
Testing: csp_id=267, page_id=15500, browser=Firefox
Testing: csp_id=267, page_id=15600, browser=Firefox
Testing: csp_id=267, page_id=15700, browser=Firefox
Testing: csp_id=267, page_id=15800, browser=Firefox
Testing: csp_id=267, page_id=15900, browser=Firefox
Testing: csp_id=267, page_id=16000, browser=Firefox
Testing: csp_id=267, page_id=16100, browser=Firefox
Testing: csp_id=267, page_id=16200, browser=Firefox
Testing: csp_id=267, page_id=16300, browser=Firefox
Testing: csp_id=267, page_id=16400, browser=Firefox
Testing: csp_id=267, page_id=16500, browser=Firefox
Testing: csp_id=267, page_id=16600, browser=Firefox
Testing: csp_id=267, page_id=16700, browser=Firefox
Testing: csp_id=267, page_id=16800, browser=Firefox
Testing: csp_id=267, page_id=16900, browser=Firefox
Testing: csp_id=267, page_id=17000, browser=Firefox
Testing: csp_id=267, page_id=17100, browser=Firefox
Testing: csp_id=267, page_id=17200, browser=Firefox
Testing: csp_id=267, page_id=17300, browser=Firefox
Testing: csp_id=267, page_id=17400, browser=Firefox
Testing: csp_id=267, page_id=17500, browser=Firefox
Testing: csp_id=267, page_id=17600, browser=Firefox
Testing: csp_id=267, page_id=17700, browser=Firefox
Testing: csp_id=267, page_id=17800, browser=Firefox
Testing: csp_id=267, page_id=17900, browser=Firefox
Testing: csp_id=267, page_id=18000, browser=Firefox
Testing: csp_id=267, page_id=18100, browser=Firefox
Testing: csp_id=267, page_id=18200, browser=Firefox
Testing: csp_id=267, page_id=18300, browser=Firefox
Testing: csp_id=267, page_id=18400, browser=Firefox
Testing: csp_id=267, page_id=18500, browser=Firefox
Testing: csp_id=267, page_id=18600, browser=Firefox
Testing: csp_id=267, page_id=18700, browser=Firefox
Testing: csp_id=267, page_id=18800, browser=Firefox
Testing: csp_id=267, page_id=18900, browser=Firefox
Testing: csp_id=267, page_id=19000, browser=Firefox
Testing: csp_id=267, page_id=19100, browser=Firefox
Testing: csp_id=267, page_id=19200, browser=Firefox
Testing: csp_id=267, page_id=19300, browser=Firefox
Testing: csp_id=267, page_id=19400, browser=Firefox
Testing: csp_id=267, page_id=19500, browser=Firefox
Testing: csp_id=267, page_id=19600, browser=Firefox
Testing: csp_id=267, page_id=19700, browser=Firefox
Testing: csp_id=267, page_id=19800, browser=Firefox
Testing: csp_id=267, page_id=19900, browser=Firefox
Testing: csp_id=267, page_id=20000, browser=Firefox
Testing: csp_id=267, page_id=20100, browser=Firefox
Testing: csp_id=267, page_id=20200, browser=Firefox
Testing: csp_id=267, page_id=20300, browser=Firefox
Testing: csp_id=267, page_id=20400, browser=Firefox
Testing: csp_id=267, page_id=20500, browser=Firefox
Testing: csp_id=267, page_id=20600, browser=Firefox
Testing: csp_id=267, page_id=20700, browser=Firefox
Testing: csp_id=267, page_id=20800, browser=Firefox
Testing: csp_id=267, page_id=20900, browser=Firefox
Testing: csp_id=267, page_id=21000, browser=Firefox
Testing: csp_id=267, page_id=21100, browser=Firefox
Testing: csp_id=267, page_id=21200, browser=Firefox
Testing: csp_id=267, page_id=21300, browser=Firefox
Testing: csp_id=267, page_id=21400, browser=Firefox
Testing: csp_id=267, page_id=21500, browser=Firefox
Testing: csp_id=267, page_id=21600, browser=Firefox
Testing: csp_id=267, page_id=21700, browser=Firefox
Testing: csp_id=267, page_id=21800, browser=Firefox
Testing: csp_id=267, page_id=21900, browser=Firefox
Testing: csp_id=267, page_id=22000, browser=Firefox
Testing: csp_id=267, page_id=22100, browser=Firefox
Testing: csp_id=267, page_id=22200, browser=Firefox
Testing: csp_id=267, page_id=22300, browser=Firefox
Testing: csp_id=267, page_id=22400, browser=Firefox
Testing: csp_id=267, page_id=22500, browser=Firefox
Testing: csp_id=267, page_id=22600, browser=Firefox
Testing: csp_id=267, page_id=22700, browser=Firefox
Testing: csp_id=267, page_id=22800, browser=Firefox
Testing: csp_id=267, page_id=22900, browser=Firefox
Testing: csp_id=267, page_id=23000, browser=Firefox
Testing: csp_id=267, page_id=23100, browser=Firefox
Testing: csp_id=267, page_id=23200, browser=Firefox
Testing: csp_id=267, page_id=23300, browser=Firefox
Testing: csp_id=267, page_id=23400, browser=Firefox
Testing: csp_id=267, page_id=23500, browser=Firefox
Testing: csp_id=267, page_id=23600, browser=Firefox
Testing: csp_id=267, page_id=23700, browser=Firefox
Testing: csp_id=267, page_id=23800, browser=Firefox
Testing: csp_id=267, page_id=23900, browser=Firefox
Testing: csp_id=267, page_id=24000, browser=Firefox
Testing: csp_id=267, page_id=24100, browser=Firefox
Testing: csp_id=267, page_id=24200, browser=Firefox
Testing: csp_id=267, page_id=24300, browser=Firefox
Testing: csp_id=267, page_id=24400, browser=Firefox
Testing: csp_id=267, page_id=24500, browser=Firefox
Testing: csp_id=267, page_id=24600, browser=Firefox
Testing: csp_id=267, page_id=24700, browser=Firefox
Testing: csp_id=267, page_id=24800, browser=Firefox
Testing: csp_id=267, page_id=24900, browser=Firefox
Testing: csp_id=267, page_id=25000, browser=Firefox
Testing: csp_id=267, page_id=25100, browser=Firefox
Testing: csp_id=267, page_id=25200, browser=Firefox
Testing: csp_id=267, page_id=25300, browser=Firefox
Testing: csp_id=267, page_id=25400, browser=Firefox
Testing: csp_id=267, page_id=25500, browser=Firefox
Testing: csp_id=267, page_id=25600, browser=Firefox
Testing: csp_id=267, page_id=25700, browser=Firefox
Testing: csp_id=267, page_id=25800, browser=Firefox
Testing: csp_id=267, page_id=25900, browser=Firefox
Testing: csp_id=267, page_id=26000, browser=Firefox
Testing: csp_id=267, page_id=26100, browser=Firefox
Testing: csp_id=267, page_id=26200, browser=Firefox
Testing: csp_id=267, page_id=26300, browser=Firefox
Testing: csp_id=267, page_id=26400, browser=Firefox
Testing: csp_id=267, page_id=26500, browser=Firefox
Testing: csp_id=267, page_id=26600, browser=Firefox
Testing: csp_id=267, page_id=26700, browser=Firefox
Testing: csp_id=267, page_id=26800, browser=Firefox
Testing: csp_id=267, page_id=26900, browser=Firefox
Testing: csp_id=267, page_id=27000, browser=Firefox
Testing: csp_id=267, page_id=27100, browser=Firefox
Testing: csp_id=267, page_id=27200, browser=Firefox
Testing: csp_id=267, page_id=27300, browser=Firefox
Testing: csp_id=267, page_id=27400, browser=Firefox
Testing: csp_id=267, page_id=27500, browser=Firefox
Testing: csp_id=267, page_id=27600, browser=Firefox
Testing: csp_id=267, page_id=27700, browser=Firefox
Testing: csp_id=267, page_id=27800, browser=Firefox
Testing: csp_id=267, page_id=27900, browser=Firefox
Testing: csp_id=267, page_id=28000, browser=Firefox
Testing: csp_id=267, page_id=28100, browser=Firefox
Testing: csp_id=267, page_id=28200, browser=Firefox
Testing: csp_id=267, page_id=28300, browser=Firefox
Testing: csp_id=267, page_id=28400, browser=Firefox
Testing: csp_id=267, page_id=28500, browser=Firefox
Testing: csp_id=267, page_id=28600, browser=Firefox
Testing: csp_id=267, page_id=28700, browser=Firefox
Testing: csp_id=267, page_id=28800, browser=Firefox
Testing: csp_id=267, page_id=28900, browser=Firefox
Testing: csp_id=267, page_id=29000, browser=Firefox
Testing: csp_id=267, page_id=29100, browser=Firefox
Testing: csp_id=267, page_id=29200, browser=Firefox
Testing: csp_id=267, page_id=29300, browser=Firefox
Testing: csp_id=267, page_id=29400, browser=Firefox
Testing: csp_id=267, page_id=29500, browser=Firefox
Testing: csp_id=267, page_id=29600, browser=Firefox
Testing: csp_id=267, page_id=29700, browser=Firefox
Testing: csp_id=267, page_id=29800, browser=Firefox
🏊 create_context_pools[first] (5x16): 34.499s
Testing: csp_id=273, page_id=0, browser=Firefox
Testing: csp_id=273, page_id=100, browser=Firefox
Testing: csp_id=273, page_id=200, browser=Firefox
Testing: csp_id=273, page_id=300, browser=Firefox
Testing: csp_id=273, page_id=400, browser=Firefox
Testing: csp_id=273, page_id=500, browser=Firefox
Testing: csp_id=273, page_id=600, browser=Firefox
Testing: csp_id=273, page_id=700, browser=Firefox
Testing: csp_id=273, page_id=800, browser=Firefox
Testing: csp_id=273, page_id=900, browser=Firefox
Testing: csp_id=273, page_id=1000, browser=Firefox
Testing: csp_id=273, page_id=1100, browser=Firefox
Testing: csp_id=273, page_id=1200, browser=Firefox
Testing: csp_id=273, page_id=1300, browser=Firefox
Testing: csp_id=273, page_id=1400, browser=Firefox
Testing: csp_id=273, page_id=1500, browser=Firefox
Testing: csp_id=273, page_id=1600, browser=Firefox
Testing: csp_id=273, page_id=1700, browser=Firefox
Testing: csp_id=273, page_id=1800, browser=Firefox
Testing: csp_id=273, page_id=1900, browser=Firefox
Testing: csp_id=273, page_id=2000, browser=Firefox
Testing: csp_id=273, page_id=2100, browser=Firefox
Testing: csp_id=273, page_id=2200, browser=Firefox
Testing: csp_id=273, page_id=2300, browser=Firefox
Testing: csp_id=273, page_id=2400, browser=Firefox
Testing: csp_id=273, page_id=2500, browser=Firefox
Testing: csp_id=273, page_id=2600, browser=Firefox
Testing: csp_id=273, page_id=2700, browser=Firefox
Testing: csp_id=273, page_id=2800, browser=Firefox
Testing: csp_id=273, page_id=2900, browser=Firefox
Testing: csp_id=273, page_id=3000, browser=Firefox
Testing: csp_id=273, page_id=3100, browser=Firefox
Testing: csp_id=273, page_id=3200, browser=Firefox
Testing: csp_id=273, page_id=3300, browser=Firefox
Testing: csp_id=273, page_id=3400, browser=Firefox
Testing: csp_id=273, page_id=3500, browser=Firefox
Testing: csp_id=273, page_id=3600, browser=Firefox
Testing: csp_id=273, page_id=3700, browser=Firefox
Testing: csp_id=273, page_id=3800, browser=Firefox
Testing: csp_id=273, page_id=3900, browser=Firefox
Testing: csp_id=273, page_id=4000, browser=Firefox
Testing: csp_id=273, page_id=4100, browser=Firefox
Testing: csp_id=273, page_id=4200, browser=Firefox
Testing: csp_id=273, page_id=4300, browser=Firefox
Testing: csp_id=273, page_id=4400, browser=Firefox
Testing: csp_id=273, page_id=4500, browser=Firefox
Testing: csp_id=273, page_id=4600, browser=Firefox
Testing: csp_id=273, page_id=4700, browser=Firefox
Testing: csp_id=273, page_id=4800, browser=Firefox
Testing: csp_id=273, page_id=4900, browser=Firefox
Testing: csp_id=273, page_id=5000, browser=Firefox
Testing: csp_id=273, page_id=5100, browser=Firefox
Testing: csp_id=273, page_id=5200, browser=Firefox
Testing: csp_id=273, page_id=5300, browser=Firefox
Testing: csp_id=273, page_id=5400, browser=Firefox
Testing: csp_id=273, page_id=5500, browser=Firefox
Testing: csp_id=273, page_id=5600, browser=Firefox
Testing: csp_id=273, page_id=5700, browser=Firefox
Testing: csp_id=273, page_id=5800, browser=Firefox
Testing: csp_id=273, page_id=5900, browser=Firefox
Testing: csp_id=273, page_id=6000, browser=Firefox
Testing: csp_id=273, page_id=6100, browser=Firefox
Testing: csp_id=273, page_id=6200, browser=Firefox
Testing: csp_id=273, page_id=6300, browser=Firefox
Testing: csp_id=273, page_id=6400, browser=Firefox
Testing: csp_id=273, page_id=6500, browser=Firefox
Testing: csp_id=273, page_id=6600, browser=Firefox
Testing: csp_id=273, page_id=6700, browser=Firefox
Testing: csp_id=273, page_id=6800, browser=Firefox
Testing: csp_id=273, page_id=6900, browser=Firefox
Testing: csp_id=273, page_id=7000, browser=Firefox
Testing: csp_id=273, page_id=7100, browser=Firefox
Testing: csp_id=273, page_id=7200, browser=Firefox
Testing: csp_id=273, page_id=7300, browser=Firefox
Testing: csp_id=273, page_id=7400, browser=Firefox
Testing: csp_id=273, page_id=7500, browser=Firefox
Testing: csp_id=273, page_id=7600, browser=Firefox
Testing: csp_id=273, page_id=7700, browser=Firefox
Testing: csp_id=273, page_id=7800, browser=Firefox
Testing: csp_id=273, page_id=7900, browser=Firefox
Testing: csp_id=273, page_id=8000, browser=Firefox
Testing: csp_id=273, page_id=8100, browser=Firefox
Testing: csp_id=273, page_id=8200, browser=Firefox
Testing: csp_id=273, page_id=8300, browser=Firefox
Testing: csp_id=273, page_id=8400, browser=Firefox
Testing: csp_id=273, page_id=8500, browser=Firefox
Testing: csp_id=273, page_id=8600, browser=Firefox
Testing: csp_id=273, page_id=8700, browser=Firefox
Testing: csp_id=273, page_id=8800, browser=Firefox
Testing: csp_id=273, page_id=8900, browser=Firefox
Testing: csp_id=273, page_id=9000, browser=Firefox
Testing: csp_id=273, page_id=9100, browser=Firefox
Testing: csp_id=273, page_id=9200, browser=Firefox
Testing: csp_id=273, page_id=9300, browser=Firefox
Testing: csp_id=273, page_id=9400, browser=Firefox
Testing: csp_id=273, page_id=9500, browser=Firefox
Testing: csp_id=273, page_id=9600, browser=Firefox
Testing: csp_id=273, page_id=9700, browser=Firefox
Testing: csp_id=273, page_id=9800, browser=Firefox
Testing: csp_id=273, page_id=9900, browser=Firefox
Testing: csp_id=273, page_id=10000, browser=Firefox
Testing: csp_id=273, page_id=10100, browser=Firefox
Testing: csp_id=273, page_id=10200, browser=Firefox
Testing: csp_id=273, page_id=10300, browser=Firefox
Testing: csp_id=273, page_id=10400, browser=Firefox
Testing: csp_id=273, page_id=10500, browser=Firefox
Testing: csp_id=273, page_id=10600, browser=Firefox
Testing: csp_id=273, page_id=10700, browser=Firefox
Testing: csp_id=273, page_id=10800, browser=Firefox
Testing: csp_id=273, page_id=10900, browser=Firefox
Testing: csp_id=273, page_id=11000, browser=Firefox
Testing: csp_id=273, page_id=11100, browser=Firefox
Testing: csp_id=273, page_id=11200, browser=Firefox
Testing: csp_id=273, page_id=11300, browser=Firefox
Testing: csp_id=273, page_id=11400, browser=Firefox
Testing: csp_id=273, page_id=11500, browser=Firefox
Testing: csp_id=273, page_id=11600, browser=Firefox
Testing: csp_id=273, page_id=11700, browser=Firefox
Testing: csp_id=273, page_id=11800, browser=Firefox
Testing: csp_id=273, page_id=11900, browser=Firefox
Testing: csp_id=273, page_id=12000, browser=Firefox
Testing: csp_id=273, page_id=12100, browser=Firefox
Testing: csp_id=273, page_id=12200, browser=Firefox
Testing: csp_id=273, page_id=12300, browser=Firefox
Testing: csp_id=273, page_id=12400, browser=Firefox
Testing: csp_id=273, page_id=12500, browser=Firefox
Testing: csp_id=273, page_id=12600, browser=Firefox
Testing: csp_id=273, page_id=12700, browser=Firefox
Testing: csp_id=273, page_id=12800, browser=Firefox
Testing: csp_id=273, page_id=12900, browser=Firefox
Testing: csp_id=273, page_id=13000, browser=Firefox
Testing: csp_id=273, page_id=13100, browser=Firefox
Testing: csp_id=273, page_id=13200, browser=Firefox
Testing: csp_id=273, page_id=13300, browser=Firefox
Testing: csp_id=273, page_id=13400, browser=Firefox
Testing: csp_id=273, page_id=13500, browser=Firefox
Testing: csp_id=273, page_id=13600, browser=Firefox
Testing: csp_id=273, page_id=13700, browser=Firefox
Testing: csp_id=273, page_id=13800, browser=Firefox
Testing: csp_id=273, page_id=13900, browser=Firefox
Testing: csp_id=273, page_id=14000, browser=Firefox
Testing: csp_id=273, page_id=14100, browser=Firefox
Testing: csp_id=273, page_id=14200, browser=Firefox
Testing: csp_id=273, page_id=14300, browser=Firefox
Testing: csp_id=273, page_id=14400, browser=Firefox
Testing: csp_id=273, page_id=14500, browser=Firefox
Testing: csp_id=273, page_id=14600, browser=Firefox
Testing: csp_id=273, page_id=14700, browser=Firefox
Testing: csp_id=273, page_id=14800, browser=Firefox
Testing: csp_id=273, page_id=14900, browser=Firefox
Testing: csp_id=273, page_id=15000, browser=Firefox
Testing: csp_id=273, page_id=15100, browser=Firefox
Testing: csp_id=273, page_id=15200, browser=Firefox
Testing: csp_id=273, page_id=15300, browser=Firefox
Testing: csp_id=273, page_id=15400, browser=Firefox
Testing: csp_id=273, page_id=15500, browser=Firefox
Testing: csp_id=273, page_id=15600, browser=Firefox
Testing: csp_id=273, page_id=15700, browser=Firefox
Testing: csp_id=273, page_id=15800, browser=Firefox
Testing: csp_id=273, page_id=15900, browser=Firefox
Testing: csp_id=273, page_id=16000, browser=Firefox
Testing: csp_id=273, page_id=16100, browser=Firefox
Testing: csp_id=273, page_id=16200, browser=Firefox
Testing: csp_id=273, page_id=16300, browser=Firefox
Testing: csp_id=273, page_id=16400, browser=Firefox
Testing: csp_id=273, page_id=16500, browser=Firefox
Testing: csp_id=273, page_id=16600, browser=Firefox
Testing: csp_id=273, page_id=16700, browser=Firefox
Testing: csp_id=273, page_id=16800, browser=Firefox
Testing: csp_id=273, page_id=16900, browser=Firefox
Testing: csp_id=273, page_id=17000, browser=Firefox
Testing: csp_id=273, page_id=17100, browser=Firefox
Testing: csp_id=273, page_id=17200, browser=Firefox
Testing: csp_id=273, page_id=17300, browser=Firefox
Testing: csp_id=273, page_id=17400, browser=Firefox
Testing: csp_id=273, page_id=17500, browser=Firefox
Testing: csp_id=273, page_id=17600, browser=Firefox
Testing: csp_id=273, page_id=17700, browser=Firefox
Testing: csp_id=273, page_id=17800, browser=Firefox
Testing: csp_id=273, page_id=17900, browser=Firefox
Testing: csp_id=273, page_id=18000, browser=Firefox
Testing: csp_id=273, page_id=18100, browser=Firefox
Testing: csp_id=273, page_id=18200, browser=Firefox
Testing: csp_id=273, page_id=18300, browser=Firefox
Testing: csp_id=273, page_id=18400, browser=Firefox
Testing: csp_id=273, page_id=18500, browser=Firefox
Testing: csp_id=273, page_id=18600, browser=Firefox
Testing: csp_id=273, page_id=18700, browser=Firefox
Testing: csp_id=273, page_id=18800, browser=Firefox
Testing: csp_id=273, page_id=18900, browser=Firefox
Testing: csp_id=273, page_id=19000, browser=Firefox
Testing: csp_id=273, page_id=19100, browser=Firefox
Testing: csp_id=273, page_id=19200, browser=Firefox
Testing: csp_id=273, page_id=19300, browser=Firefox
Testing: csp_id=273, page_id=19400, browser=Firefox
Testing: csp_id=273, page_id=19500, browser=Firefox
Testing: csp_id=273, page_id=19600, browser=Firefox
Testing: csp_id=273, page_id=19700, browser=Firefox
Testing: csp_id=273, page_id=19800, browser=Firefox
Testing: csp_id=273, page_id=19900, browser=Firefox
Testing: csp_id=273, page_id=20000, browser=Firefox
Testing: csp_id=273, page_id=20100, browser=Firefox
Testing: csp_id=273, page_id=20200, browser=Firefox
Testing: csp_id=273, page_id=20300, browser=Firefox
Testing: csp_id=273, page_id=20400, browser=Firefox
Testing: csp_id=273, page_id=20500, browser=Firefox
Testing: csp_id=273, page_id=20600, browser=Firefox
Testing: csp_id=273, page_id=20700, browser=Firefox
Testing: csp_id=273, page_id=20800, browser=Firefox
Testing: csp_id=273, page_id=20900, browser=Firefox
Testing: csp_id=273, page_id=21000, browser=Firefox
Testing: csp_id=273, page_id=21100, browser=Firefox
Testing: csp_id=273, page_id=21200, browser=Firefox
Testing: csp_id=273, page_id=21300, browser=Firefox
Testing: csp_id=273, page_id=21400, browser=Firefox
Testing: csp_id=273, page_id=21500, browser=Firefox
Testing: csp_id=273, page_id=21600, browser=Firefox
Testing: csp_id=273, page_id=21700, browser=Firefox
Testing: csp_id=273, page_id=21800, browser=Firefox
Testing: csp_id=273, page_id=21900, browser=Firefox
Testing: csp_id=273, page_id=22000, browser=Firefox
Testing: csp_id=273, page_id=22100, browser=Firefox
Testing: csp_id=273, page_id=22200, browser=Firefox
Testing: csp_id=273, page_id=22300, browser=Firefox
Testing: csp_id=273, page_id=22400, browser=Firefox
Testing: csp_id=273, page_id=22500, browser=Firefox
Testing: csp_id=273, page_id=22600, browser=Firefox
Testing: csp_id=273, page_id=22700, browser=Firefox
Testing: csp_id=273, page_id=22800, browser=Firefox
Testing: csp_id=273, page_id=22900, browser=Firefox
Testing: csp_id=273, page_id=23000, browser=Firefox
Testing: csp_id=273, page_id=23100, browser=Firefox
Testing: csp_id=273, page_id=23200, browser=Firefox
Testing: csp_id=273, page_id=23300, browser=Firefox
Testing: csp_id=273, page_id=23400, browser=Firefox
Testing: csp_id=273, page_id=23500, browser=Firefox
Testing: csp_id=273, page_id=23600, browser=Firefox
Testing: csp_id=273, page_id=23700, browser=Firefox
Testing: csp_id=273, page_id=23800, browser=Firefox
Testing: csp_id=273, page_id=23900, browser=Firefox
Testing: csp_id=273, page_id=24000, browser=Firefox
Testing: csp_id=273, page_id=24100, browser=Firefox
Testing: csp_id=273, page_id=24200, browser=Firefox
Testing: csp_id=273, page_id=24300, browser=Firefox
Testing: csp_id=273, page_id=24400, browser=Firefox
Testing: csp_id=273, page_id=24500, browser=Firefox
Testing: csp_id=273, page_id=24600, browser=Firefox
Testing: csp_id=273, page_id=24700, browser=Firefox
Testing: csp_id=273, page_id=24800, browser=Firefox
Testing: csp_id=273, page_id=24900, browser=Firefox
Testing: csp_id=273, page_id=25000, browser=Firefox
Testing: csp_id=273, page_id=25100, browser=Firefox
Testing: csp_id=273, page_id=25200, browser=Firefox
Testing: csp_id=273, page_id=25300, browser=Firefox
Testing: csp_id=273, page_id=25400, browser=Firefox
Testing: csp_id=273, page_id=25500, browser=Firefox
Testing: csp_id=273, page_id=25600, browser=Firefox
Testing: csp_id=273, page_id=25700, browser=Firefox
Testing: csp_id=273, page_id=25800, browser=Firefox
Testing: csp_id=273, page_id=25900, browser=Firefox
Testing: csp_id=273, page_id=26000, browser=Firefox
Testing: csp_id=273, page_id=26100, browser=Firefox
Testing: csp_id=273, page_id=26200, browser=Firefox
Testing: csp_id=273, page_id=26300, browser=Firefox
Testing: csp_id=273, page_id=26400, browser=Firefox
Testing: csp_id=273, page_id=26500, browser=Firefox
Testing: csp_id=273, page_id=26600, browser=Firefox
Testing: csp_id=273, page_id=26700, browser=Firefox
Testing: csp_id=273, page_id=26800, browser=Firefox
Testing: csp_id=273, page_id=26900, browser=Firefox
Testing: csp_id=273, page_id=27000, browser=Firefox
Testing: csp_id=273, page_id=27100, browser=Firefox
Testing: csp_id=273, page_id=27200, browser=Firefox
Testing: csp_id=273, page_id=27300, browser=Firefox
Testing: csp_id=273, page_id=27400, browser=Firefox
Testing: csp_id=273, page_id=27500, browser=Firefox
Testing: csp_id=273, page_id=27600, browser=Firefox
Testing: csp_id=273, page_id=27700, browser=Firefox
Testing: csp_id=273, page_id=27800, browser=Firefox
Testing: csp_id=273, page_id=27900, browser=Firefox
Testing: csp_id=273, page_id=28000, browser=Firefox
Testing: csp_id=273, page_id=28100, browser=Firefox
Testing: csp_id=273, page_id=28200, browser=Firefox
Testing: csp_id=273, page_id=28300, browser=Firefox
Testing: csp_id=273, page_id=28400, browser=Firefox
Testing: csp_id=273, page_id=28500, browser=Firefox
Testing: csp_id=273, page_id=28600, browser=Firefox
Testing: csp_id=273, page_id=28700, browser=Firefox
Testing: csp_id=273, page_id=28800, browser=Firefox
Testing: csp_id=273, page_id=28900, browser=Firefox
Testing: csp_id=273, page_id=29000, browser=Firefox
Testing: csp_id=273, page_id=29100, browser=Firefox
Testing: csp_id=273, page_id=29200, browser=Firefox
Testing: csp_id=273, page_id=29300, browser=Firefox
Testing: csp_id=273, page_id=29400, browser=Firefox
Testing: csp_id=273, page_id=29500, browser=Firefox
Testing: csp_id=273, page_id=29600, browser=Firefox
Testing: csp_id=273, page_id=29700, browser=Firefox
Testing: csp_id=273, page_id=29800, browser=Firefox
🏊 create_context_pools[first] (5x16): 27.895s
Testing: csp_id=286, page_id=0, browser=Firefox
Testing: csp_id=286, page_id=100, browser=Firefox
Testing: csp_id=286, page_id=200, browser=Firefox
Testing: csp_id=286, page_id=300, browser=Firefox
Testing: csp_id=286, page_id=400, browser=Firefox
Testing: csp_id=286, page_id=500, browser=Firefox
Testing: csp_id=286, page_id=600, browser=Firefox
Testing: csp_id=286, page_id=700, browser=Firefox
Testing: csp_id=286, page_id=800, browser=Firefox
Testing: csp_id=286, page_id=900, browser=Firefox
Testing: csp_id=286, page_id=1000, browser=Firefox
Testing: csp_id=286, page_id=1100, browser=Firefox
Testing: csp_id=286, page_id=1200, browser=Firefox
Testing: csp_id=286, page_id=1300, browser=Firefox
Testing: csp_id=286, page_id=1400, browser=Firefox
Testing: csp_id=286, page_id=1500, browser=Firefox
Testing: csp_id=286, page_id=1600, browser=Firefox
Testing: csp_id=286, page_id=1700, browser=Firefox
Testing: csp_id=286, page_id=1800, browser=Firefox
Testing: csp_id=286, page_id=1900, browser=Firefox
Testing: csp_id=286, page_id=2000, browser=Firefox
Testing: csp_id=286, page_id=2100, browser=Firefox
Testing: csp_id=286, page_id=2200, browser=Firefox
Testing: csp_id=286, page_id=2300, browser=Firefox
Testing: csp_id=286, page_id=2400, browser=Firefox
Testing: csp_id=286, page_id=2500, browser=Firefox
Testing: csp_id=286, page_id=2600, browser=Firefox
Testing: csp_id=286, page_id=2700, browser=Firefox
Testing: csp_id=286, page_id=2800, browser=Firefox
Testing: csp_id=286, page_id=2900, browser=Firefox
Testing: csp_id=286, page_id=3000, browser=Firefox
Testing: csp_id=286, page_id=3100, browser=Firefox
Testing: csp_id=286, page_id=3200, browser=Firefox
Testing: csp_id=286, page_id=3300, browser=Firefox
Testing: csp_id=286, page_id=3400, browser=Firefox
Testing: csp_id=286, page_id=3500, browser=Firefox
Testing: csp_id=286, page_id=3600, browser=Firefox
Testing: csp_id=286, page_id=3700, browser=Firefox
Testing: csp_id=286, page_id=3800, browser=Firefox
Testing: csp_id=286, page_id=3900, browser=Firefox
Testing: csp_id=286, page_id=4000, browser=Firefox
Testing: csp_id=286, page_id=4100, browser=Firefox
Testing: csp_id=286, page_id=4200, browser=Firefox
Testing: csp_id=286, page_id=4300, browser=Firefox
Testing: csp_id=286, page_id=4400, browser=Firefox
Testing: csp_id=286, page_id=4500, browser=Firefox
Testing: csp_id=286, page_id=4600, browser=Firefox
Testing: csp_id=286, page_id=4700, browser=Firefox
Testing: csp_id=286, page_id=4800, browser=Firefox
Testing: csp_id=286, page_id=4900, browser=Firefox
Testing: csp_id=286, page_id=5000, browser=Firefox
Testing: csp_id=286, page_id=5100, browser=Firefox
Testing: csp_id=286, page_id=5200, browser=Firefox
Testing: csp_id=286, page_id=5300, browser=Firefox
Testing: csp_id=286, page_id=5400, browser=Firefox
Testing: csp_id=286, page_id=5500, browser=Firefox
Testing: csp_id=286, page_id=5600, browser=Firefox
Testing: csp_id=286, page_id=5700, browser=Firefox
Testing: csp_id=286, page_id=5800, browser=Firefox
Testing: csp_id=286, page_id=5900, browser=Firefox
Testing: csp_id=286, page_id=6000, browser=Firefox
Testing: csp_id=286, page_id=6100, browser=Firefox
Testing: csp_id=286, page_id=6200, browser=Firefox
Testing: csp_id=286, page_id=6300, browser=Firefox
Testing: csp_id=286, page_id=6400, browser=Firefox
Testing: csp_id=286, page_id=6500, browser=Firefox
Testing: csp_id=286, page_id=6600, browser=Firefox
Testing: csp_id=286, page_id=6700, browser=Firefox
Testing: csp_id=286, page_id=6800, browser=Firefox
Testing: csp_id=286, page_id=6900, browser=Firefox
Testing: csp_id=286, page_id=7000, browser=Firefox
Testing: csp_id=286, page_id=7100, browser=Firefox
Testing: csp_id=286, page_id=7200, browser=Firefox
Testing: csp_id=286, page_id=7300, browser=Firefox
Testing: csp_id=286, page_id=7400, browser=Firefox
Testing: csp_id=286, page_id=7500, browser=Firefox
Testing: csp_id=286, page_id=7600, browser=Firefox
Testing: csp_id=286, page_id=7700, browser=Firefox
Testing: csp_id=286, page_id=7800, browser=Firefox
Testing: csp_id=286, page_id=7900, browser=Firefox
Testing: csp_id=286, page_id=8000, browser=Firefox
Testing: csp_id=286, page_id=8100, browser=Firefox
Testing: csp_id=286, page_id=8200, browser=Firefox
Testing: csp_id=286, page_id=8300, browser=Firefox
Testing: csp_id=286, page_id=8400, browser=Firefox
Testing: csp_id=286, page_id=8500, browser=Firefox
Testing: csp_id=286, page_id=8600, browser=Firefox
Testing: csp_id=286, page_id=8700, browser=Firefox
Testing: csp_id=286, page_id=8800, browser=Firefox
Testing: csp_id=286, page_id=8900, browser=Firefox
Testing: csp_id=286, page_id=9000, browser=Firefox
Testing: csp_id=286, page_id=9100, browser=Firefox
Testing: csp_id=286, page_id=9200, browser=Firefox
Testing: csp_id=286, page_id=9300, browser=Firefox
Testing: csp_id=286, page_id=9400, browser=Firefox
Testing: csp_id=286, page_id=9500, browser=Firefox
Testing: csp_id=286, page_id=9600, browser=Firefox
Testing: csp_id=286, page_id=9700, browser=Firefox
Testing: csp_id=286, page_id=9800, browser=Firefox
Testing: csp_id=286, page_id=9900, browser=Firefox
Testing: csp_id=286, page_id=10000, browser=Firefox
Testing: csp_id=286, page_id=10100, browser=Firefox
Testing: csp_id=286, page_id=10200, browser=Firefox
Testing: csp_id=286, page_id=10300, browser=Firefox
Testing: csp_id=286, page_id=10400, browser=Firefox
Testing: csp_id=286, page_id=10500, browser=Firefox
Testing: csp_id=286, page_id=10600, browser=Firefox
Testing: csp_id=286, page_id=10700, browser=Firefox
Testing: csp_id=286, page_id=10800, browser=Firefox
Testing: csp_id=286, page_id=10900, browser=Firefox
Testing: csp_id=286, page_id=11000, browser=Firefox
Testing: csp_id=286, page_id=11100, browser=Firefox
Testing: csp_id=286, page_id=11200, browser=Firefox
Testing: csp_id=286, page_id=11300, browser=Firefox
Testing: csp_id=286, page_id=11400, browser=Firefox
Testing: csp_id=286, page_id=11500, browser=Firefox
Testing: csp_id=286, page_id=11600, browser=Firefox
Testing: csp_id=286, page_id=11700, browser=Firefox
Testing: csp_id=286, page_id=11800, browser=Firefox
Testing: csp_id=286, page_id=11900, browser=Firefox
Testing: csp_id=286, page_id=12000, browser=Firefox
Testing: csp_id=286, page_id=12100, browser=Firefox
Testing: csp_id=286, page_id=12200, browser=Firefox
Testing: csp_id=286, page_id=12300, browser=Firefox
Testing: csp_id=286, page_id=12400, browser=Firefox
Testing: csp_id=286, page_id=12500, browser=Firefox
Testing: csp_id=286, page_id=12600, browser=Firefox
Testing: csp_id=286, page_id=12700, browser=Firefox
Testing: csp_id=286, page_id=12800, browser=Firefox
Testing: csp_id=286, page_id=12900, browser=Firefox
Testing: csp_id=286, page_id=13000, browser=Firefox
Testing: csp_id=286, page_id=13100, browser=Firefox
Testing: csp_id=286, page_id=13200, browser=Firefox
Testing: csp_id=286, page_id=13300, browser=Firefox
Testing: csp_id=286, page_id=13400, browser=Firefox
Testing: csp_id=286, page_id=13500, browser=Firefox
Testing: csp_id=286, page_id=13600, browser=Firefox
Testing: csp_id=286, page_id=13700, browser=Firefox
Testing: csp_id=286, page_id=13800, browser=Firefox
Testing: csp_id=286, page_id=13900, browser=Firefox
Testing: csp_id=286, page_id=14000, browser=Firefox
Testing: csp_id=286, page_id=14100, browser=Firefox
Testing: csp_id=286, page_id=14200, browser=Firefox
Testing: csp_id=286, page_id=14300, browser=Firefox
Testing: csp_id=286, page_id=14400, browser=Firefox
Testing: csp_id=286, page_id=14500, browser=Firefox
Testing: csp_id=286, page_id=14600, browser=Firefox
Testing: csp_id=286, page_id=14700, browser=Firefox
Testing: csp_id=286, page_id=14800, browser=Firefox
Testing: csp_id=286, page_id=14900, browser=Firefox
Testing: csp_id=286, page_id=15000, browser=Firefox
Testing: csp_id=286, page_id=15100, browser=Firefox
Testing: csp_id=286, page_id=15200, browser=Firefox
Testing: csp_id=286, page_id=15300, browser=Firefox
Testing: csp_id=286, page_id=15400, browser=Firefox
Testing: csp_id=286, page_id=15500, browser=Firefox
Testing: csp_id=286, page_id=15600, browser=Firefox
Testing: csp_id=286, page_id=15700, browser=Firefox
Testing: csp_id=286, page_id=15800, browser=Firefox
Testing: csp_id=286, page_id=15900, browser=Firefox
Testing: csp_id=286, page_id=16000, browser=Firefox
Testing: csp_id=286, page_id=16100, browser=Firefox
Testing: csp_id=286, page_id=16200, browser=Firefox
Testing: csp_id=286, page_id=16300, browser=Firefox
Testing: csp_id=286, page_id=16400, browser=Firefox
Testing: csp_id=286, page_id=16500, browser=Firefox
Testing: csp_id=286, page_id=16600, browser=Firefox
Testing: csp_id=286, page_id=16700, browser=Firefox
Testing: csp_id=286, page_id=16800, browser=Firefox
Testing: csp_id=286, page_id=16900, browser=Firefox
Testing: csp_id=286, page_id=17000, browser=Firefox
Testing: csp_id=286, page_id=17100, browser=Firefox
Testing: csp_id=286, page_id=17200, browser=Firefox
Testing: csp_id=286, page_id=17300, browser=Firefox
Testing: csp_id=286, page_id=17400, browser=Firefox
Testing: csp_id=286, page_id=17500, browser=Firefox
Testing: csp_id=286, page_id=17600, browser=Firefox
Testing: csp_id=286, page_id=17700, browser=Firefox
Testing: csp_id=286, page_id=17800, browser=Firefox
Testing: csp_id=286, page_id=17900, browser=Firefox
Testing: csp_id=286, page_id=18000, browser=Firefox
Testing: csp_id=286, page_id=18100, browser=Firefox
Testing: csp_id=286, page_id=18200, browser=Firefox
Testing: csp_id=286, page_id=18300, browser=Firefox
Testing: csp_id=286, page_id=18400, browser=Firefox
Testing: csp_id=286, page_id=18500, browser=Firefox
Testing: csp_id=286, page_id=18600, browser=Firefox
Testing: csp_id=286, page_id=18700, browser=Firefox
Testing: csp_id=286, page_id=18800, browser=Firefox
Testing: csp_id=286, page_id=18900, browser=Firefox
Testing: csp_id=286, page_id=19000, browser=Firefox
Testing: csp_id=286, page_id=19100, browser=Firefox
Testing: csp_id=286, page_id=19200, browser=Firefox
Testing: csp_id=286, page_id=19300, browser=Firefox
Testing: csp_id=286, page_id=19400, browser=Firefox
Testing: csp_id=286, page_id=19500, browser=Firefox
Testing: csp_id=286, page_id=19600, browser=Firefox
Testing: csp_id=286, page_id=19700, browser=Firefox
Testing: csp_id=286, page_id=19800, browser=Firefox
Testing: csp_id=286, page_id=19900, browser=Firefox
Testing: csp_id=286, page_id=20000, browser=Firefox
Testing: csp_id=286, page_id=20100, browser=Firefox
Testing: csp_id=286, page_id=20200, browser=Firefox
Testing: csp_id=286, page_id=20300, browser=Firefox
Testing: csp_id=286, page_id=20400, browser=Firefox
Testing: csp_id=286, page_id=20500, browser=Firefox
Testing: csp_id=286, page_id=20600, browser=Firefox
Testing: csp_id=286, page_id=20700, browser=Firefox
Testing: csp_id=286, page_id=20800, browser=Firefox
Testing: csp_id=286, page_id=20900, browser=Firefox
Testing: csp_id=286, page_id=21000, browser=Firefox
Testing: csp_id=286, page_id=21100, browser=Firefox
Testing: csp_id=286, page_id=21200, browser=Firefox
Testing: csp_id=286, page_id=21300, browser=Firefox
Testing: csp_id=286, page_id=21400, browser=Firefox
Testing: csp_id=286, page_id=21500, browser=Firefox
Testing: csp_id=286, page_id=21600, browser=Firefox
Testing: csp_id=286, page_id=21700, browser=Firefox
Testing: csp_id=286, page_id=21800, browser=Firefox
Testing: csp_id=286, page_id=21900, browser=Firefox
Testing: csp_id=286, page_id=22000, browser=Firefox
Testing: csp_id=286, page_id=22100, browser=Firefox
Testing: csp_id=286, page_id=22200, browser=Firefox
Testing: csp_id=286, page_id=22300, browser=Firefox
Testing: csp_id=286, page_id=22400, browser=Firefox
Testing: csp_id=286, page_id=22500, browser=Firefox
Testing: csp_id=286, page_id=22600, browser=Firefox
Testing: csp_id=286, page_id=22700, browser=Firefox
Testing: csp_id=286, page_id=22800, browser=Firefox
Testing: csp_id=286, page_id=22900, browser=Firefox
Testing: csp_id=286, page_id=23000, browser=Firefox
Testing: csp_id=286, page_id=23100, browser=Firefox
Testing: csp_id=286, page_id=23200, browser=Firefox
Testing: csp_id=286, page_id=23300, browser=Firefox
Testing: csp_id=286, page_id=23400, browser=Firefox
Testing: csp_id=286, page_id=23500, browser=Firefox
Testing: csp_id=286, page_id=23600, browser=Firefox
Testing: csp_id=286, page_id=23700, browser=Firefox
Testing: csp_id=286, page_id=23800, browser=Firefox
Testing: csp_id=286, page_id=23900, browser=Firefox
Testing: csp_id=286, page_id=24000, browser=Firefox
Testing: csp_id=286, page_id=24100, browser=Firefox
Testing: csp_id=286, page_id=24200, browser=Firefox
Testing: csp_id=286, page_id=24300, browser=Firefox
Testing: csp_id=286, page_id=24400, browser=Firefox
Testing: csp_id=286, page_id=24500, browser=Firefox
Testing: csp_id=286, page_id=24600, browser=Firefox
Testing: csp_id=286, page_id=24700, browser=Firefox
Testing: csp_id=286, page_id=24800, browser=Firefox
Testing: csp_id=286, page_id=24900, browser=Firefox
Testing: csp_id=286, page_id=25000, browser=Firefox
Testing: csp_id=286, page_id=25100, browser=Firefox
Testing: csp_id=286, page_id=25200, browser=Firefox
Testing: csp_id=286, page_id=25300, browser=Firefox
Testing: csp_id=286, page_id=25400, browser=Firefox
Testing: csp_id=286, page_id=25500, browser=Firefox
Testing: csp_id=286, page_id=25600, browser=Firefox
Testing: csp_id=286, page_id=25700, browser=Firefox
Testing: csp_id=286, page_id=25800, browser=Firefox
Testing: csp_id=286, page_id=25900, browser=Firefox
Testing: csp_id=286, page_id=26000, browser=Firefox
Testing: csp_id=286, page_id=26100, browser=Firefox
Testing: csp_id=286, page_id=26200, browser=Firefox
Testing: csp_id=286, page_id=26300, browser=Firefox
Testing: csp_id=286, page_id=26400, browser=Firefox
Testing: csp_id=286, page_id=26500, browser=Firefox
Testing: csp_id=286, page_id=26600, browser=Firefox
Testing: csp_id=286, page_id=26700, browser=Firefox
Testing: csp_id=286, page_id=26800, browser=Firefox
Testing: csp_id=286, page_id=26900, browser=Firefox
Testing: csp_id=286, page_id=27000, browser=Firefox
Testing: csp_id=286, page_id=27100, browser=Firefox
Testing: csp_id=286, page_id=27200, browser=Firefox
Testing: csp_id=286, page_id=27300, browser=Firefox
Testing: csp_id=286, page_id=27400, browser=Firefox
Testing: csp_id=286, page_id=27500, browser=Firefox
Testing: csp_id=286, page_id=27600, browser=Firefox
Testing: csp_id=286, page_id=27700, browser=Firefox
Testing: csp_id=286, page_id=27800, browser=Firefox
Testing: csp_id=286, page_id=27900, browser=Firefox
Testing: csp_id=286, page_id=28000, browser=Firefox
Testing: csp_id=286, page_id=28100, browser=Firefox
Testing: csp_id=286, page_id=28200, browser=Firefox
Testing: csp_id=286, page_id=28300, browser=Firefox
Testing: csp_id=286, page_id=28400, browser=Firefox
Testing: csp_id=286, page_id=28500, browser=Firefox
Testing: csp_id=286, page_id=28600, browser=Firefox
Testing: csp_id=286, page_id=28700, browser=Firefox
Testing: csp_id=286, page_id=28800, browser=Firefox
Testing: csp_id=286, page_id=28900, browser=Firefox
Testing: csp_id=286, page_id=29000, browser=Firefox
Testing: csp_id=286, page_id=29100, browser=Firefox
Testing: csp_id=286, page_id=29200, browser=Firefox
Testing: csp_id=286, page_id=29300, browser=Firefox
Testing: csp_id=286, page_id=29400, browser=Firefox
Testing: csp_id=286, page_id=29500, browser=Firefox
Testing: csp_id=286, page_id=29600, browser=Firefox
Testing: csp_id=286, page_id=29700, browser=Firefox
Testing: csp_id=286, page_id=29800, browser=Firefox
🏊 create_context_pools[first] (5x16): 34.473s
Testing: csp_id=296, page_id=0, browser=Firefox
Testing: csp_id=296, page_id=100, browser=Firefox
Testing: csp_id=296, page_id=200, browser=Firefox
Testing: csp_id=296, page_id=300, browser=Firefox
Testing: csp_id=296, page_id=400, browser=Firefox
Testing: csp_id=296, page_id=500, browser=Firefox
Testing: csp_id=296, page_id=600, browser=Firefox
Testing: csp_id=296, page_id=700, browser=Firefox
Testing: csp_id=296, page_id=800, browser=Firefox
Testing: csp_id=296, page_id=900, browser=Firefox
Testing: csp_id=296, page_id=1000, browser=Firefox
Testing: csp_id=296, page_id=1100, browser=Firefox
Testing: csp_id=296, page_id=1200, browser=Firefox
Testing: csp_id=296, page_id=1300, browser=Firefox
Testing: csp_id=296, page_id=1400, browser=Firefox
Testing: csp_id=296, page_id=1500, browser=Firefox
Testing: csp_id=296, page_id=1600, browser=Firefox
Testing: csp_id=296, page_id=1700, browser=Firefox
Testing: csp_id=296, page_id=1800, browser=Firefox
Testing: csp_id=296, page_id=1900, browser=Firefox
Testing: csp_id=296, page_id=2000, browser=Firefox
Testing: csp_id=296, page_id=2100, browser=Firefox
Testing: csp_id=296, page_id=2200, browser=Firefox
Testing: csp_id=296, page_id=2300, browser=Firefox
Testing: csp_id=296, page_id=2400, browser=Firefox
Testing: csp_id=296, page_id=2500, browser=Firefox
Testing: csp_id=296, page_id=2600, browser=Firefox
Testing: csp_id=296, page_id=2700, browser=Firefox
Testing: csp_id=296, page_id=2800, browser=Firefox
Testing: csp_id=296, page_id=2900, browser=Firefox
Testing: csp_id=296, page_id=3000, browser=Firefox
Testing: csp_id=296, page_id=3100, browser=Firefox
Testing: csp_id=296, page_id=3200, browser=Firefox
Testing: csp_id=296, page_id=3300, browser=Firefox
Testing: csp_id=296, page_id=3400, browser=Firefox
Testing: csp_id=296, page_id=3500, browser=Firefox
Testing: csp_id=296, page_id=3600, browser=Firefox
Testing: csp_id=296, page_id=3700, browser=Firefox
Testing: csp_id=296, page_id=3800, browser=Firefox
Testing: csp_id=296, page_id=3900, browser=Firefox
Testing: csp_id=296, page_id=4000, browser=Firefox
Testing: csp_id=296, page_id=4100, browser=Firefox
Testing: csp_id=296, page_id=4200, browser=Firefox
Testing: csp_id=296, page_id=4300, browser=Firefox
Testing: csp_id=296, page_id=4400, browser=Firefox
Testing: csp_id=296, page_id=4500, browser=Firefox
Testing: csp_id=296, page_id=4600, browser=Firefox
Testing: csp_id=296, page_id=4700, browser=Firefox
Testing: csp_id=296, page_id=4800, browser=Firefox
Testing: csp_id=296, page_id=4900, browser=Firefox
Testing: csp_id=296, page_id=5000, browser=Firefox
Testing: csp_id=296, page_id=5100, browser=Firefox
Testing: csp_id=296, page_id=5200, browser=Firefox
Testing: csp_id=296, page_id=5300, browser=Firefox
Testing: csp_id=296, page_id=5400, browser=Firefox
Testing: csp_id=296, page_id=5500, browser=Firefox
Testing: csp_id=296, page_id=5600, browser=Firefox
Testing: csp_id=296, page_id=5700, browser=Firefox
Testing: csp_id=296, page_id=5800, browser=Firefox
Testing: csp_id=296, page_id=5900, browser=Firefox
Testing: csp_id=296, page_id=6000, browser=Firefox
Testing: csp_id=296, page_id=6100, browser=Firefox
Testing: csp_id=296, page_id=6200, browser=Firefox
Testing: csp_id=296, page_id=6300, browser=Firefox
Testing: csp_id=296, page_id=6400, browser=Firefox
Testing: csp_id=296, page_id=6500, browser=Firefox
Testing: csp_id=296, page_id=6600, browser=Firefox
Testing: csp_id=296, page_id=6700, browser=Firefox
Testing: csp_id=296, page_id=6800, browser=Firefox
Testing: csp_id=296, page_id=6900, browser=Firefox
Testing: csp_id=296, page_id=7000, browser=Firefox
Testing: csp_id=296, page_id=7100, browser=Firefox
Testing: csp_id=296, page_id=7200, browser=Firefox
Testing: csp_id=296, page_id=7300, browser=Firefox
Testing: csp_id=296, page_id=7400, browser=Firefox
Testing: csp_id=296, page_id=7500, browser=Firefox
Testing: csp_id=296, page_id=7600, browser=Firefox
Testing: csp_id=296, page_id=7700, browser=Firefox
Testing: csp_id=296, page_id=7800, browser=Firefox
Testing: csp_id=296, page_id=7900, browser=Firefox
Testing: csp_id=296, page_id=8000, browser=Firefox
Testing: csp_id=296, page_id=8100, browser=Firefox
Testing: csp_id=296, page_id=8200, browser=Firefox
Testing: csp_id=296, page_id=8300, browser=Firefox
Testing: csp_id=296, page_id=8400, browser=Firefox
Testing: csp_id=296, page_id=8500, browser=Firefox
Testing: csp_id=296, page_id=8600, browser=Firefox
Testing: csp_id=296, page_id=8700, browser=Firefox
Testing: csp_id=296, page_id=8800, browser=Firefox
Testing: csp_id=296, page_id=8900, browser=Firefox
Testing: csp_id=296, page_id=9000, browser=Firefox
Testing: csp_id=296, page_id=9100, browser=Firefox
Testing: csp_id=296, page_id=9200, browser=Firefox
Testing: csp_id=296, page_id=9300, browser=Firefox
Testing: csp_id=296, page_id=9400, browser=Firefox
Testing: csp_id=296, page_id=9500, browser=Firefox
Testing: csp_id=296, page_id=9600, browser=Firefox
Testing: csp_id=296, page_id=9700, browser=Firefox
Testing: csp_id=296, page_id=9800, browser=Firefox
Testing: csp_id=296, page_id=9900, browser=Firefox
Testing: csp_id=296, page_id=10000, browser=Firefox
Testing: csp_id=296, page_id=10100, browser=Firefox
Testing: csp_id=296, page_id=10200, browser=Firefox
Testing: csp_id=296, page_id=10300, browser=Firefox
Testing: csp_id=296, page_id=10400, browser=Firefox
Testing: csp_id=296, page_id=10500, browser=Firefox
Testing: csp_id=296, page_id=10600, browser=Firefox
Testing: csp_id=296, page_id=10700, browser=Firefox
Testing: csp_id=296, page_id=10800, browser=Firefox
Testing: csp_id=296, page_id=10900, browser=Firefox
Testing: csp_id=296, page_id=11000, browser=Firefox
Testing: csp_id=296, page_id=11100, browser=Firefox
Testing: csp_id=296, page_id=11200, browser=Firefox
Testing: csp_id=296, page_id=11300, browser=Firefox
Testing: csp_id=296, page_id=11400, browser=Firefox
Testing: csp_id=296, page_id=11500, browser=Firefox
Testing: csp_id=296, page_id=11600, browser=Firefox
Testing: csp_id=296, page_id=11700, browser=Firefox
Testing: csp_id=296, page_id=11800, browser=Firefox
Testing: csp_id=296, page_id=11900, browser=Firefox
Testing: csp_id=296, page_id=12000, browser=Firefox
Testing: csp_id=296, page_id=12100, browser=Firefox
Testing: csp_id=296, page_id=12200, browser=Firefox
Testing: csp_id=296, page_id=12300, browser=Firefox
Testing: csp_id=296, page_id=12400, browser=Firefox
Testing: csp_id=296, page_id=12500, browser=Firefox
Testing: csp_id=296, page_id=12600, browser=Firefox
Testing: csp_id=296, page_id=12700, browser=Firefox
Testing: csp_id=296, page_id=12800, browser=Firefox
Testing: csp_id=296, page_id=12900, browser=Firefox
Testing: csp_id=296, page_id=13000, browser=Firefox
Testing: csp_id=296, page_id=13100, browser=Firefox
Testing: csp_id=296, page_id=13200, browser=Firefox
Testing: csp_id=296, page_id=13300, browser=Firefox
Testing: csp_id=296, page_id=13400, browser=Firefox
Testing: csp_id=296, page_id=13500, browser=Firefox
Testing: csp_id=296, page_id=13600, browser=Firefox
Testing: csp_id=296, page_id=13700, browser=Firefox
Testing: csp_id=296, page_id=13800, browser=Firefox
Testing: csp_id=296, page_id=13900, browser=Firefox
Testing: csp_id=296, page_id=14000, browser=Firefox
Testing: csp_id=296, page_id=14100, browser=Firefox
Testing: csp_id=296, page_id=14200, browser=Firefox
Testing: csp_id=296, page_id=14300, browser=Firefox
Testing: csp_id=296, page_id=14400, browser=Firefox
Testing: csp_id=296, page_id=14500, browser=Firefox
Testing: csp_id=296, page_id=14600, browser=Firefox
Testing: csp_id=296, page_id=14700, browser=Firefox
Testing: csp_id=296, page_id=14800, browser=Firefox
Testing: csp_id=296, page_id=14900, browser=Firefox
Testing: csp_id=296, page_id=15000, browser=Firefox
Testing: csp_id=296, page_id=15100, browser=Firefox
Testing: csp_id=296, page_id=15200, browser=Firefox
Testing: csp_id=296, page_id=15300, browser=Firefox
Testing: csp_id=296, page_id=15400, browser=Firefox
Testing: csp_id=296, page_id=15500, browser=Firefox
Testing: csp_id=296, page_id=15600, browser=Firefox
Testing: csp_id=296, page_id=15700, browser=Firefox
Testing: csp_id=296, page_id=15800, browser=Firefox
Testing: csp_id=296, page_id=15900, browser=Firefox
Testing: csp_id=296, page_id=16000, browser=Firefox
Testing: csp_id=296, page_id=16100, browser=Firefox
Testing: csp_id=296, page_id=16200, browser=Firefox
Testing: csp_id=296, page_id=16300, browser=Firefox
Testing: csp_id=296, page_id=16400, browser=Firefox
Testing: csp_id=296, page_id=16500, browser=Firefox
Testing: csp_id=296, page_id=16600, browser=Firefox
Testing: csp_id=296, page_id=16700, browser=Firefox
Testing: csp_id=296, page_id=16800, browser=Firefox
Testing: csp_id=296, page_id=16900, browser=Firefox
Testing: csp_id=296, page_id=17000, browser=Firefox
Testing: csp_id=296, page_id=17100, browser=Firefox
Testing: csp_id=296, page_id=17200, browser=Firefox
Testing: csp_id=296, page_id=17300, browser=Firefox
Testing: csp_id=296, page_id=17400, browser=Firefox
Testing: csp_id=296, page_id=17500, browser=Firefox
Testing: csp_id=296, page_id=17600, browser=Firefox
Testing: csp_id=296, page_id=17700, browser=Firefox
Testing: csp_id=296, page_id=17800, browser=Firefox
Testing: csp_id=296, page_id=17900, browser=Firefox
Testing: csp_id=296, page_id=18000, browser=Firefox
Testing: csp_id=296, page_id=18100, browser=Firefox
Testing: csp_id=296, page_id=18200, browser=Firefox
Testing: csp_id=296, page_id=18300, browser=Firefox
Testing: csp_id=296, page_id=18400, browser=Firefox
Testing: csp_id=296, page_id=18500, browser=Firefox
Testing: csp_id=296, page_id=18600, browser=Firefox
Testing: csp_id=296, page_id=18700, browser=Firefox
Testing: csp_id=296, page_id=18800, browser=Firefox
Testing: csp_id=296, page_id=18900, browser=Firefox
Testing: csp_id=296, page_id=19000, browser=Firefox
Testing: csp_id=296, page_id=19100, browser=Firefox
Testing: csp_id=296, page_id=19200, browser=Firefox
Testing: csp_id=296, page_id=19300, browser=Firefox
Testing: csp_id=296, page_id=19400, browser=Firefox
Testing: csp_id=296, page_id=19500, browser=Firefox
Testing: csp_id=296, page_id=19600, browser=Firefox
Testing: csp_id=296, page_id=19700, browser=Firefox
Testing: csp_id=296, page_id=19800, browser=Firefox
Testing: csp_id=296, page_id=19900, browser=Firefox
Testing: csp_id=296, page_id=20000, browser=Firefox
Testing: csp_id=296, page_id=20100, browser=Firefox
Testing: csp_id=296, page_id=20200, browser=Firefox
Testing: csp_id=296, page_id=20300, browser=Firefox
Testing: csp_id=296, page_id=20400, browser=Firefox
Testing: csp_id=296, page_id=20500, browser=Firefox
Testing: csp_id=296, page_id=20600, browser=Firefox
Testing: csp_id=296, page_id=20700, browser=Firefox
Testing: csp_id=296, page_id=20800, browser=Firefox
Testing: csp_id=296, page_id=20900, browser=Firefox
Testing: csp_id=296, page_id=21000, browser=Firefox
Testing: csp_id=296, page_id=21100, browser=Firefox
Testing: csp_id=296, page_id=21200, browser=Firefox
Testing: csp_id=296, page_id=21300, browser=Firefox
Testing: csp_id=296, page_id=21400, browser=Firefox
Testing: csp_id=296, page_id=21500, browser=Firefox
Testing: csp_id=296, page_id=21600, browser=Firefox
Testing: csp_id=296, page_id=21700, browser=Firefox
Testing: csp_id=296, page_id=21800, browser=Firefox
Testing: csp_id=296, page_id=21900, browser=Firefox
Testing: csp_id=296, page_id=22000, browser=Firefox
Testing: csp_id=296, page_id=22100, browser=Firefox
Testing: csp_id=296, page_id=22200, browser=Firefox
Testing: csp_id=296, page_id=22300, browser=Firefox
Testing: csp_id=296, page_id=22400, browser=Firefox
Testing: csp_id=296, page_id=22500, browser=Firefox
Testing: csp_id=296, page_id=22600, browser=Firefox
Testing: csp_id=296, page_id=22700, browser=Firefox
Testing: csp_id=296, page_id=22800, browser=Firefox
Testing: csp_id=296, page_id=22900, browser=Firefox
Testing: csp_id=296, page_id=23000, browser=Firefox
Testing: csp_id=296, page_id=23100, browser=Firefox
Testing: csp_id=296, page_id=23200, browser=Firefox
Testing: csp_id=296, page_id=23300, browser=Firefox
Testing: csp_id=296, page_id=23400, browser=Firefox
Testing: csp_id=296, page_id=23500, browser=Firefox
Testing: csp_id=296, page_id=23600, browser=Firefox
Testing: csp_id=296, page_id=23700, browser=Firefox
Testing: csp_id=296, page_id=23800, browser=Firefox
Testing: csp_id=296, page_id=23900, browser=Firefox
Testing: csp_id=296, page_id=24000, browser=Firefox
Testing: csp_id=296, page_id=24100, browser=Firefox
Testing: csp_id=296, page_id=24200, browser=Firefox
Testing: csp_id=296, page_id=24300, browser=Firefox
Testing: csp_id=296, page_id=24400, browser=Firefox
Testing: csp_id=296, page_id=24500, browser=Firefox
Testing: csp_id=296, page_id=24600, browser=Firefox
Testing: csp_id=296, page_id=24700, browser=Firefox
Testing: csp_id=296, page_id=24800, browser=Firefox
Testing: csp_id=296, page_id=24900, browser=Firefox
Testing: csp_id=296, page_id=25000, browser=Firefox
Testing: csp_id=296, page_id=25100, browser=Firefox
Testing: csp_id=296, page_id=25200, browser=Firefox
Testing: csp_id=296, page_id=25300, browser=Firefox
Testing: csp_id=296, page_id=25400, browser=Firefox
Testing: csp_id=296, page_id=25500, browser=Firefox
Testing: csp_id=296, page_id=25600, browser=Firefox
Testing: csp_id=296, page_id=25700, browser=Firefox
Testing: csp_id=296, page_id=25800, browser=Firefox
Testing: csp_id=296, page_id=25900, browser=Firefox
Testing: csp_id=296, page_id=26000, browser=Firefox
Testing: csp_id=296, page_id=26100, browser=Firefox
Testing: csp_id=296, page_id=26200, browser=Firefox
Testing: csp_id=296, page_id=26300, browser=Firefox
Testing: csp_id=296, page_id=26400, browser=Firefox
Testing: csp_id=296, page_id=26500, browser=Firefox
Testing: csp_id=296, page_id=26600, browser=Firefox
Testing: csp_id=296, page_id=26700, browser=Firefox
Testing: csp_id=296, page_id=26800, browser=Firefox
Testing: csp_id=296, page_id=26900, browser=Firefox
Testing: csp_id=296, page_id=27000, browser=Firefox
Testing: csp_id=296, page_id=27100, browser=Firefox
Testing: csp_id=296, page_id=27200, browser=Firefox
Testing: csp_id=296, page_id=27300, browser=Firefox
Testing: csp_id=296, page_id=27400, browser=Firefox
Testing: csp_id=296, page_id=27500, browser=Firefox
Testing: csp_id=296, page_id=27600, browser=Firefox
Testing: csp_id=296, page_id=27700, browser=Firefox
Testing: csp_id=296, page_id=27800, browser=Firefox
Testing: csp_id=296, page_id=27900, browser=Firefox
Testing: csp_id=296, page_id=28000, browser=Firefox
Testing: csp_id=296, page_id=28100, browser=Firefox
Testing: csp_id=296, page_id=28200, browser=Firefox
Testing: csp_id=296, page_id=28300, browser=Firefox
Testing: csp_id=296, page_id=28400, browser=Firefox
Testing: csp_id=296, page_id=28500, browser=Firefox
Testing: csp_id=296, page_id=28600, browser=Firefox
Testing: csp_id=296, page_id=28700, browser=Firefox
Testing: csp_id=296, page_id=28800, browser=Firefox
Testing: csp_id=296, page_id=28900, browser=Firefox
Testing: csp_id=296, page_id=29000, browser=Firefox
Testing: csp_id=296, page_id=29100, browser=Firefox
Testing: csp_id=296, page_id=29200, browser=Firefox
Testing: csp_id=296, page_id=29300, browser=Firefox
Testing: csp_id=296, page_id=29400, browser=Firefox
Testing: csp_id=296, page_id=29500, browser=Firefox
Testing: csp_id=296, page_id=29600, browser=Firefox
Testing: csp_id=296, page_id=29700, browser=Firefox
Testing: csp_id=296, page_id=29800, browser=Firefox
🏊 create_context_pools[first] (5x16): 32.759s
Testing: csp_id=306, page_id=0, browser=Firefox
Testing: csp_id=306, page_id=100, browser=Firefox
Testing: csp_id=306, page_id=200, browser=Firefox
Testing: csp_id=306, page_id=300, browser=Firefox
Testing: csp_id=306, page_id=400, browser=Firefox
Testing: csp_id=306, page_id=500, browser=Firefox
Testing: csp_id=306, page_id=600, browser=Firefox
Testing: csp_id=306, page_id=700, browser=Firefox
Testing: csp_id=306, page_id=800, browser=Firefox
Testing: csp_id=306, page_id=900, browser=Firefox
Testing: csp_id=306, page_id=1000, browser=Firefox
Testing: csp_id=306, page_id=1100, browser=Firefox
Testing: csp_id=306, page_id=1200, browser=Firefox
Testing: csp_id=306, page_id=1300, browser=Firefox
Testing: csp_id=306, page_id=1400, browser=Firefox
Testing: csp_id=306, page_id=1500, browser=Firefox
Testing: csp_id=306, page_id=1600, browser=Firefox
Testing: csp_id=306, page_id=1700, browser=Firefox
Testing: csp_id=306, page_id=1800, browser=Firefox
Testing: csp_id=306, page_id=1900, browser=Firefox
Testing: csp_id=306, page_id=2000, browser=Firefox
Testing: csp_id=306, page_id=2100, browser=Firefox
Testing: csp_id=306, page_id=2200, browser=Firefox
Testing: csp_id=306, page_id=2300, browser=Firefox
Testing: csp_id=306, page_id=2400, browser=Firefox
Testing: csp_id=306, page_id=2500, browser=Firefox
Testing: csp_id=306, page_id=2600, browser=Firefox
Testing: csp_id=306, page_id=2700, browser=Firefox
Testing: csp_id=306, page_id=2800, browser=Firefox
Testing: csp_id=306, page_id=2900, browser=Firefox
Testing: csp_id=306, page_id=3000, browser=Firefox
Testing: csp_id=306, page_id=3100, browser=Firefox
Testing: csp_id=306, page_id=3200, browser=Firefox
Testing: csp_id=306, page_id=3300, browser=Firefox
Testing: csp_id=306, page_id=3400, browser=Firefox
Testing: csp_id=306, page_id=3500, browser=Firefox
Testing: csp_id=306, page_id=3600, browser=Firefox
Testing: csp_id=306, page_id=3700, browser=Firefox
Testing: csp_id=306, page_id=3800, browser=Firefox
Testing: csp_id=306, page_id=3900, browser=Firefox
Testing: csp_id=306, page_id=4000, browser=Firefox
Testing: csp_id=306, page_id=4100, browser=Firefox
Testing: csp_id=306, page_id=4200, browser=Firefox
Testing: csp_id=306, page_id=4300, browser=Firefox
Testing: csp_id=306, page_id=4400, browser=Firefox
Testing: csp_id=306, page_id=4500, browser=Firefox
Testing: csp_id=306, page_id=4600, browser=Firefox
Testing: csp_id=306, page_id=4700, browser=Firefox
Testing: csp_id=306, page_id=4800, browser=Firefox
Testing: csp_id=306, page_id=4900, browser=Firefox
Testing: csp_id=306, page_id=5000, browser=Firefox
Testing: csp_id=306, page_id=5100, browser=Firefox
Testing: csp_id=306, page_id=5200, browser=Firefox
Testing: csp_id=306, page_id=5300, browser=Firefox
Testing: csp_id=306, page_id=5400, browser=Firefox
Testing: csp_id=306, page_id=5500, browser=Firefox
Testing: csp_id=306, page_id=5600, browser=Firefox
Testing: csp_id=306, page_id=5700, browser=Firefox
Testing: csp_id=306, page_id=5800, browser=Firefox
Testing: csp_id=306, page_id=5900, browser=Firefox
Testing: csp_id=306, page_id=6000, browser=Firefox
Testing: csp_id=306, page_id=6100, browser=Firefox
Testing: csp_id=306, page_id=6200, browser=Firefox
Testing: csp_id=306, page_id=6300, browser=Firefox
Testing: csp_id=306, page_id=6400, browser=Firefox
Testing: csp_id=306, page_id=6500, browser=Firefox
Testing: csp_id=306, page_id=6600, browser=Firefox
Testing: csp_id=306, page_id=6700, browser=Firefox
Testing: csp_id=306, page_id=6800, browser=Firefox
Testing: csp_id=306, page_id=6900, browser=Firefox
Testing: csp_id=306, page_id=7000, browser=Firefox
Testing: csp_id=306, page_id=7100, browser=Firefox
Testing: csp_id=306, page_id=7200, browser=Firefox
Testing: csp_id=306, page_id=7300, browser=Firefox
Testing: csp_id=306, page_id=7400, browser=Firefox
Testing: csp_id=306, page_id=7500, browser=Firefox
Testing: csp_id=306, page_id=7600, browser=Firefox
Testing: csp_id=306, page_id=7700, browser=Firefox
Testing: csp_id=306, page_id=7800, browser=Firefox
Testing: csp_id=306, page_id=7900, browser=Firefox
Testing: csp_id=306, page_id=8000, browser=Firefox
Testing: csp_id=306, page_id=8100, browser=Firefox
Testing: csp_id=306, page_id=8200, browser=Firefox
Testing: csp_id=306, page_id=8300, browser=Firefox
Testing: csp_id=306, page_id=8400, browser=Firefox
Testing: csp_id=306, page_id=8500, browser=Firefox
Testing: csp_id=306, page_id=8600, browser=Firefox
Testing: csp_id=306, page_id=8700, browser=Firefox
Testing: csp_id=306, page_id=8800, browser=Firefox
Testing: csp_id=306, page_id=8900, browser=Firefox
Testing: csp_id=306, page_id=9000, browser=Firefox
Testing: csp_id=306, page_id=9100, browser=Firefox
Testing: csp_id=306, page_id=9200, browser=Firefox
Testing: csp_id=306, page_id=9300, browser=Firefox
Testing: csp_id=306, page_id=9400, browser=Firefox
Testing: csp_id=306, page_id=9500, browser=Firefox
Testing: csp_id=306, page_id=9600, browser=Firefox
Testing: csp_id=306, page_id=9700, browser=Firefox
Testing: csp_id=306, page_id=9800, browser=Firefox
Testing: csp_id=306, page_id=9900, browser=Firefox
Testing: csp_id=306, page_id=10000, browser=Firefox
Testing: csp_id=306, page_id=10100, browser=Firefox
Testing: csp_id=306, page_id=10200, browser=Firefox
Testing: csp_id=306, page_id=10300, browser=Firefox
Testing: csp_id=306, page_id=10400, browser=Firefox
Testing: csp_id=306, page_id=10500, browser=Firefox
Testing: csp_id=306, page_id=10600, browser=Firefox
Testing: csp_id=306, page_id=10700, browser=Firefox
Testing: csp_id=306, page_id=10800, browser=Firefox
Testing: csp_id=306, page_id=10900, browser=Firefox
Testing: csp_id=306, page_id=11000, browser=Firefox
Testing: csp_id=306, page_id=11100, browser=Firefox
Testing: csp_id=306, page_id=11200, browser=Firefox
Testing: csp_id=306, page_id=11300, browser=Firefox
Testing: csp_id=306, page_id=11400, browser=Firefox
Testing: csp_id=306, page_id=11500, browser=Firefox
Testing: csp_id=306, page_id=11600, browser=Firefox
Testing: csp_id=306, page_id=11700, browser=Firefox
Testing: csp_id=306, page_id=11800, browser=Firefox
Testing: csp_id=306, page_id=11900, browser=Firefox
Testing: csp_id=306, page_id=12000, browser=Firefox
Testing: csp_id=306, page_id=12100, browser=Firefox
Testing: csp_id=306, page_id=12200, browser=Firefox
Testing: csp_id=306, page_id=12300, browser=Firefox
Testing: csp_id=306, page_id=12400, browser=Firefox
Testing: csp_id=306, page_id=12500, browser=Firefox
Testing: csp_id=306, page_id=12600, browser=Firefox
Testing: csp_id=306, page_id=12700, browser=Firefox
Testing: csp_id=306, page_id=12800, browser=Firefox
Testing: csp_id=306, page_id=12900, browser=Firefox
Testing: csp_id=306, page_id=13000, browser=Firefox
Testing: csp_id=306, page_id=13100, browser=Firefox
Testing: csp_id=306, page_id=13200, browser=Firefox
Testing: csp_id=306, page_id=13300, browser=Firefox
Testing: csp_id=306, page_id=13400, browser=Firefox
Testing: csp_id=306, page_id=13500, browser=Firefox
Testing: csp_id=306, page_id=13600, browser=Firefox
Testing: csp_id=306, page_id=13700, browser=Firefox
Testing: csp_id=306, page_id=13800, browser=Firefox
Testing: csp_id=306, page_id=13900, browser=Firefox
Testing: csp_id=306, page_id=14000, browser=Firefox
Testing: csp_id=306, page_id=14100, browser=Firefox
Testing: csp_id=306, page_id=14200, browser=Firefox
Testing: csp_id=306, page_id=14300, browser=Firefox
Testing: csp_id=306, page_id=14400, browser=Firefox
Testing: csp_id=306, page_id=14500, browser=Firefox
Testing: csp_id=306, page_id=14600, browser=Firefox
Testing: csp_id=306, page_id=14700, browser=Firefox
Testing: csp_id=306, page_id=14800, browser=Firefox
Testing: csp_id=306, page_id=14900, browser=Firefox
Testing: csp_id=306, page_id=15000, browser=Firefox
Testing: csp_id=306, page_id=15100, browser=Firefox
Testing: csp_id=306, page_id=15200, browser=Firefox
Testing: csp_id=306, page_id=15300, browser=Firefox
Testing: csp_id=306, page_id=15400, browser=Firefox
Testing: csp_id=306, page_id=15500, browser=Firefox
Testing: csp_id=306, page_id=15600, browser=Firefox
Testing: csp_id=306, page_id=15700, browser=Firefox
Testing: csp_id=306, page_id=15800, browser=Firefox
Testing: csp_id=306, page_id=15900, browser=Firefox
Testing: csp_id=306, page_id=16000, browser=Firefox
Testing: csp_id=306, page_id=16100, browser=Firefox
Testing: csp_id=306, page_id=16200, browser=Firefox
Testing: csp_id=306, page_id=16300, browser=Firefox
Testing: csp_id=306, page_id=16400, browser=Firefox
Testing: csp_id=306, page_id=16500, browser=Firefox
Testing: csp_id=306, page_id=16600, browser=Firefox
Testing: csp_id=306, page_id=16700, browser=Firefox
Testing: csp_id=306, page_id=16800, browser=Firefox
Testing: csp_id=306, page_id=16900, browser=Firefox
Testing: csp_id=306, page_id=17000, browser=Firefox
Testing: csp_id=306, page_id=17100, browser=Firefox
Testing: csp_id=306, page_id=17200, browser=Firefox
Testing: csp_id=306, page_id=17300, browser=Firefox
Testing: csp_id=306, page_id=17400, browser=Firefox
Testing: csp_id=306, page_id=17500, browser=Firefox
Testing: csp_id=306, page_id=17600, browser=Firefox
Testing: csp_id=306, page_id=17700, browser=Firefox
Testing: csp_id=306, page_id=17800, browser=Firefox
Testing: csp_id=306, page_id=17900, browser=Firefox
Testing: csp_id=306, page_id=18000, browser=Firefox
Testing: csp_id=306, page_id=18100, browser=Firefox
Testing: csp_id=306, page_id=18200, browser=Firefox
Testing: csp_id=306, page_id=18300, browser=Firefox
Testing: csp_id=306, page_id=18400, browser=Firefox
Testing: csp_id=306, page_id=18500, browser=Firefox
Testing: csp_id=306, page_id=18600, browser=Firefox
Testing: csp_id=306, page_id=18700, browser=Firefox
Testing: csp_id=306, page_id=18800, browser=Firefox
Testing: csp_id=306, page_id=18900, browser=Firefox
Testing: csp_id=306, page_id=19000, browser=Firefox
Testing: csp_id=306, page_id=19100, browser=Firefox
Testing: csp_id=306, page_id=19200, browser=Firefox
Testing: csp_id=306, page_id=19300, browser=Firefox
Testing: csp_id=306, page_id=19400, browser=Firefox
Testing: csp_id=306, page_id=19500, browser=Firefox
Testing: csp_id=306, page_id=19600, browser=Firefox
Testing: csp_id=306, page_id=19700, browser=Firefox
Testing: csp_id=306, page_id=19800, browser=Firefox
Testing: csp_id=306, page_id=19900, browser=Firefox
Testing: csp_id=306, page_id=20000, browser=Firefox
Testing: csp_id=306, page_id=20100, browser=Firefox
Testing: csp_id=306, page_id=20200, browser=Firefox
Testing: csp_id=306, page_id=20300, browser=Firefox
Testing: csp_id=306, page_id=20400, browser=Firefox
Testing: csp_id=306, page_id=20500, browser=Firefox
Testing: csp_id=306, page_id=20600, browser=Firefox
Testing: csp_id=306, page_id=20700, browser=Firefox
Testing: csp_id=306, page_id=20800, browser=Firefox
Testing: csp_id=306, page_id=20900, browser=Firefox
Testing: csp_id=306, page_id=21000, browser=Firefox
Testing: csp_id=306, page_id=21100, browser=Firefox
Testing: csp_id=306, page_id=21200, browser=Firefox
Testing: csp_id=306, page_id=21300, browser=Firefox
Testing: csp_id=306, page_id=21400, browser=Firefox
Testing: csp_id=306, page_id=21500, browser=Firefox
Testing: csp_id=306, page_id=21600, browser=Firefox
Testing: csp_id=306, page_id=21700, browser=Firefox
Testing: csp_id=306, page_id=21800, browser=Firefox
Testing: csp_id=306, page_id=21900, browser=Firefox
Testing: csp_id=306, page_id=22000, browser=Firefox
Testing: csp_id=306, page_id=22100, browser=Firefox
Testing: csp_id=306, page_id=22200, browser=Firefox
Testing: csp_id=306, page_id=22300, browser=Firefox
Testing: csp_id=306, page_id=22400, browser=Firefox
Testing: csp_id=306, page_id=22500, browser=Firefox
Testing: csp_id=306, page_id=22600, browser=Firefox
Testing: csp_id=306, page_id=22700, browser=Firefox
Testing: csp_id=306, page_id=22800, browser=Firefox
Testing: csp_id=306, page_id=22900, browser=Firefox
Testing: csp_id=306, page_id=23000, browser=Firefox
Testing: csp_id=306, page_id=23100, browser=Firefox
Testing: csp_id=306, page_id=23200, browser=Firefox
Testing: csp_id=306, page_id=23300, browser=Firefox
Testing: csp_id=306, page_id=23400, browser=Firefox
Testing: csp_id=306, page_id=23500, browser=Firefox
Testing: csp_id=306, page_id=23600, browser=Firefox
Testing: csp_id=306, page_id=23700, browser=Firefox
Testing: csp_id=306, page_id=23800, browser=Firefox
Testing: csp_id=306, page_id=23900, browser=Firefox
Testing: csp_id=306, page_id=24000, browser=Firefox
Testing: csp_id=306, page_id=24100, browser=Firefox
Testing: csp_id=306, page_id=24200, browser=Firefox
Testing: csp_id=306, page_id=24300, browser=Firefox
Testing: csp_id=306, page_id=24400, browser=Firefox
Testing: csp_id=306, page_id=24500, browser=Firefox
Testing: csp_id=306, page_id=24600, browser=Firefox
Testing: csp_id=306, page_id=24700, browser=Firefox
Testing: csp_id=306, page_id=24800, browser=Firefox
Testing: csp_id=306, page_id=24900, browser=Firefox
Testing: csp_id=306, page_id=25000, browser=Firefox
Testing: csp_id=306, page_id=25100, browser=Firefox
Testing: csp_id=306, page_id=25200, browser=Firefox
Testing: csp_id=306, page_id=25300, browser=Firefox
Testing: csp_id=306, page_id=25400, browser=Firefox
Testing: csp_id=306, page_id=25500, browser=Firefox
Testing: csp_id=306, page_id=25600, browser=Firefox
Testing: csp_id=306, page_id=25700, browser=Firefox
Testing: csp_id=306, page_id=25800, browser=Firefox
Testing: csp_id=306, page_id=25900, browser=Firefox
Testing: csp_id=306, page_id=26000, browser=Firefox
Testing: csp_id=306, page_id=26100, browser=Firefox
Testing: csp_id=306, page_id=26200, browser=Firefox
Testing: csp_id=306, page_id=26300, browser=Firefox
Testing: csp_id=306, page_id=26400, browser=Firefox
Testing: csp_id=306, page_id=26500, browser=Firefox
Testing: csp_id=306, page_id=26600, browser=Firefox
Testing: csp_id=306, page_id=26700, browser=Firefox
Testing: csp_id=306, page_id=26800, browser=Firefox
Testing: csp_id=306, page_id=26900, browser=Firefox
Testing: csp_id=306, page_id=27000, browser=Firefox
Testing: csp_id=306, page_id=27100, browser=Firefox
Testing: csp_id=306, page_id=27200, browser=Firefox
Testing: csp_id=306, page_id=27300, browser=Firefox
Testing: csp_id=306, page_id=27400, browser=Firefox
Testing: csp_id=306, page_id=27500, browser=Firefox
Testing: csp_id=306, page_id=27600, browser=Firefox
Testing: csp_id=306, page_id=27700, browser=Firefox
Testing: csp_id=306, page_id=27800, browser=Firefox
Testing: csp_id=306, page_id=27900, browser=Firefox
Testing: csp_id=306, page_id=28000, browser=Firefox
Testing: csp_id=306, page_id=28100, browser=Firefox
Testing: csp_id=306, page_id=28200, browser=Firefox
Testing: csp_id=306, page_id=28300, browser=Firefox
Testing: csp_id=306, page_id=28400, browser=Firefox
Testing: csp_id=306, page_id=28500, browser=Firefox
Testing: csp_id=306, page_id=28600, browser=Firefox
Testing: csp_id=306, page_id=28700, browser=Firefox
Testing: csp_id=306, page_id=28800, browser=Firefox
Testing: csp_id=306, page_id=28900, browser=Firefox
Testing: csp_id=306, page_id=29000, browser=Firefox
Testing: csp_id=306, page_id=29100, browser=Firefox
Testing: csp_id=306, page_id=29200, browser=Firefox
Testing: csp_id=306, page_id=29300, browser=Firefox
Testing: csp_id=306, page_id=29400, browser=Firefox
Testing: csp_id=306, page_id=29500, browser=Firefox
Testing: csp_id=306, page_id=29600, browser=Firefox
Testing: csp_id=306, page_id=29700, browser=Firefox
Testing: csp_id=306, page_id=29800, browser=Firefox
🏊 create_context_pools[first] (5x16): 34.647s
Testing: csp_id=317, page_id=0, browser=Firefox
Testing: csp_id=317, page_id=100, browser=Firefox
Testing: csp_id=317, page_id=200, browser=Firefox
Testing: csp_id=317, page_id=300, browser=Firefox
Testing: csp_id=317, page_id=400, browser=Firefox
Testing: csp_id=317, page_id=500, browser=Firefox
Testing: csp_id=317, page_id=600, browser=Firefox
Testing: csp_id=317, page_id=700, browser=Firefox
Testing: csp_id=317, page_id=800, browser=Firefox
Testing: csp_id=317, page_id=900, browser=Firefox
Testing: csp_id=317, page_id=1000, browser=Firefox
Testing: csp_id=317, page_id=1100, browser=Firefox
Testing: csp_id=317, page_id=1200, browser=Firefox
Testing: csp_id=317, page_id=1300, browser=Firefox
Testing: csp_id=317, page_id=1400, browser=Firefox
Testing: csp_id=317, page_id=1500, browser=Firefox
Testing: csp_id=317, page_id=1600, browser=Firefox
Testing: csp_id=317, page_id=1700, browser=Firefox
Testing: csp_id=317, page_id=1800, browser=Firefox
Testing: csp_id=317, page_id=1900, browser=Firefox
Testing: csp_id=317, page_id=2000, browser=Firefox
Testing: csp_id=317, page_id=2100, browser=Firefox
Testing: csp_id=317, page_id=2200, browser=Firefox
Testing: csp_id=317, page_id=2300, browser=Firefox
Testing: csp_id=317, page_id=2400, browser=Firefox
Testing: csp_id=317, page_id=2500, browser=Firefox
Testing: csp_id=317, page_id=2600, browser=Firefox
Testing: csp_id=317, page_id=2700, browser=Firefox
Testing: csp_id=317, page_id=2800, browser=Firefox
Testing: csp_id=317, page_id=2900, browser=Firefox
Testing: csp_id=317, page_id=3000, browser=Firefox
Testing: csp_id=317, page_id=3100, browser=Firefox
Testing: csp_id=317, page_id=3200, browser=Firefox
Testing: csp_id=317, page_id=3300, browser=Firefox
Testing: csp_id=317, page_id=3400, browser=Firefox
Testing: csp_id=317, page_id=3500, browser=Firefox
Testing: csp_id=317, page_id=3600, browser=Firefox
Testing: csp_id=317, page_id=3700, browser=Firefox
Testing: csp_id=317, page_id=3800, browser=Firefox
Testing: csp_id=317, page_id=3900, browser=Firefox
Testing: csp_id=317, page_id=4000, browser=Firefox
Testing: csp_id=317, page_id=4100, browser=Firefox
Testing: csp_id=317, page_id=4200, browser=Firefox
Testing: csp_id=317, page_id=4300, browser=Firefox
Testing: csp_id=317, page_id=4400, browser=Firefox
Testing: csp_id=317, page_id=4500, browser=Firefox
Testing: csp_id=317, page_id=4600, browser=Firefox
Testing: csp_id=317, page_id=4700, browser=Firefox
Testing: csp_id=317, page_id=4800, browser=Firefox
Testing: csp_id=317, page_id=4900, browser=Firefox
Testing: csp_id=317, page_id=5000, browser=Firefox
Testing: csp_id=317, page_id=5100, browser=Firefox
Testing: csp_id=317, page_id=5200, browser=Firefox
Testing: csp_id=317, page_id=5300, browser=Firefox
Testing: csp_id=317, page_id=5400, browser=Firefox
Testing: csp_id=317, page_id=5500, browser=Firefox
Testing: csp_id=317, page_id=5600, browser=Firefox
Testing: csp_id=317, page_id=5700, browser=Firefox
Testing: csp_id=317, page_id=5800, browser=Firefox
Testing: csp_id=317, page_id=5900, browser=Firefox
Testing: csp_id=317, page_id=6000, browser=Firefox
Testing: csp_id=317, page_id=6100, browser=Firefox
Testing: csp_id=317, page_id=6200, browser=Firefox
Testing: csp_id=317, page_id=6300, browser=Firefox
Testing: csp_id=317, page_id=6400, browser=Firefox
Testing: csp_id=317, page_id=6500, browser=Firefox
Testing: csp_id=317, page_id=6600, browser=Firefox
Testing: csp_id=317, page_id=6700, browser=Firefox
Testing: csp_id=317, page_id=6800, browser=Firefox
Testing: csp_id=317, page_id=6900, browser=Firefox
Testing: csp_id=317, page_id=7000, browser=Firefox
Testing: csp_id=317, page_id=7100, browser=Firefox
Testing: csp_id=317, page_id=7200, browser=Firefox
Testing: csp_id=317, page_id=7300, browser=Firefox
Testing: csp_id=317, page_id=7400, browser=Firefox
Testing: csp_id=317, page_id=7500, browser=Firefox
Testing: csp_id=317, page_id=7600, browser=Firefox
Testing: csp_id=317, page_id=7700, browser=Firefox
Testing: csp_id=317, page_id=7800, browser=Firefox
Testing: csp_id=317, page_id=7900, browser=Firefox
Testing: csp_id=317, page_id=8000, browser=Firefox
Testing: csp_id=317, page_id=8100, browser=Firefox
Testing: csp_id=317, page_id=8200, browser=Firefox
Testing: csp_id=317, page_id=8300, browser=Firefox
Testing: csp_id=317, page_id=8400, browser=Firefox
Testing: csp_id=317, page_id=8500, browser=Firefox
Testing: csp_id=317, page_id=8600, browser=Firefox
Testing: csp_id=317, page_id=8700, browser=Firefox
Testing: csp_id=317, page_id=8800, browser=Firefox
Testing: csp_id=317, page_id=8900, browser=Firefox
Testing: csp_id=317, page_id=9000, browser=Firefox
Testing: csp_id=317, page_id=9100, browser=Firefox
Testing: csp_id=317, page_id=9200, browser=Firefox
Testing: csp_id=317, page_id=9300, browser=Firefox
Testing: csp_id=317, page_id=9400, browser=Firefox
Testing: csp_id=317, page_id=9500, browser=Firefox
Testing: csp_id=317, page_id=9600, browser=Firefox
Testing: csp_id=317, page_id=9700, browser=Firefox
Testing: csp_id=317, page_id=9800, browser=Firefox
Testing: csp_id=317, page_id=9900, browser=Firefox
Testing: csp_id=317, page_id=10000, browser=Firefox
Testing: csp_id=317, page_id=10100, browser=Firefox
Testing: csp_id=317, page_id=10200, browser=Firefox
Testing: csp_id=317, page_id=10300, browser=Firefox
Testing: csp_id=317, page_id=10400, browser=Firefox
Testing: csp_id=317, page_id=10500, browser=Firefox
Testing: csp_id=317, page_id=10600, browser=Firefox
Testing: csp_id=317, page_id=10700, browser=Firefox
Testing: csp_id=317, page_id=10800, browser=Firefox
Testing: csp_id=317, page_id=10900, browser=Firefox
Testing: csp_id=317, page_id=11000, browser=Firefox
Testing: csp_id=317, page_id=11100, browser=Firefox
Testing: csp_id=317, page_id=11200, browser=Firefox
Testing: csp_id=317, page_id=11300, browser=Firefox
Testing: csp_id=317, page_id=11400, browser=Firefox
Testing: csp_id=317, page_id=11500, browser=Firefox
Testing: csp_id=317, page_id=11600, browser=Firefox
Testing: csp_id=317, page_id=11700, browser=Firefox
Testing: csp_id=317, page_id=11800, browser=Firefox
Testing: csp_id=317, page_id=11900, browser=Firefox
Testing: csp_id=317, page_id=12000, browser=Firefox
Testing: csp_id=317, page_id=12100, browser=Firefox
Testing: csp_id=317, page_id=12200, browser=Firefox
Testing: csp_id=317, page_id=12300, browser=Firefox
Testing: csp_id=317, page_id=12400, browser=Firefox
Testing: csp_id=317, page_id=12500, browser=Firefox
Testing: csp_id=317, page_id=12600, browser=Firefox
Testing: csp_id=317, page_id=12700, browser=Firefox
Testing: csp_id=317, page_id=12800, browser=Firefox
Testing: csp_id=317, page_id=12900, browser=Firefox
Testing: csp_id=317, page_id=13000, browser=Firefox
Testing: csp_id=317, page_id=13100, browser=Firefox
Testing: csp_id=317, page_id=13200, browser=Firefox
Testing: csp_id=317, page_id=13300, browser=Firefox
Testing: csp_id=317, page_id=13400, browser=Firefox
Testing: csp_id=317, page_id=13500, browser=Firefox
Testing: csp_id=317, page_id=13600, browser=Firefox
Testing: csp_id=317, page_id=13700, browser=Firefox
Testing: csp_id=317, page_id=13800, browser=Firefox
Testing: csp_id=317, page_id=13900, browser=Firefox
Testing: csp_id=317, page_id=14000, browser=Firefox
Testing: csp_id=317, page_id=14100, browser=Firefox
Testing: csp_id=317, page_id=14200, browser=Firefox
Testing: csp_id=317, page_id=14300, browser=Firefox
Testing: csp_id=317, page_id=14400, browser=Firefox
Testing: csp_id=317, page_id=14500, browser=Firefox
Testing: csp_id=317, page_id=14600, browser=Firefox
Testing: csp_id=317, page_id=14700, browser=Firefox
Testing: csp_id=317, page_id=14800, browser=Firefox
Testing: csp_id=317, page_id=14900, browser=Firefox
Testing: csp_id=317, page_id=15000, browser=Firefox
Testing: csp_id=317, page_id=15100, browser=Firefox
Testing: csp_id=317, page_id=15200, browser=Firefox
Testing: csp_id=317, page_id=15300, browser=Firefox
Testing: csp_id=317, page_id=15400, browser=Firefox
Testing: csp_id=317, page_id=15500, browser=Firefox
Testing: csp_id=317, page_id=15600, browser=Firefox
Testing: csp_id=317, page_id=15700, browser=Firefox
Testing: csp_id=317, page_id=15800, browser=Firefox
Testing: csp_id=317, page_id=15900, browser=Firefox
Testing: csp_id=317, page_id=16000, browser=Firefox
Testing: csp_id=317, page_id=16100, browser=Firefox
Testing: csp_id=317, page_id=16200, browser=Firefox
Testing: csp_id=317, page_id=16300, browser=Firefox
Testing: csp_id=317, page_id=16400, browser=Firefox
Testing: csp_id=317, page_id=16500, browser=Firefox
Testing: csp_id=317, page_id=16600, browser=Firefox
Testing: csp_id=317, page_id=16700, browser=Firefox
Testing: csp_id=317, page_id=16800, browser=Firefox
Testing: csp_id=317, page_id=16900, browser=Firefox
Testing: csp_id=317, page_id=17000, browser=Firefox
Testing: csp_id=317, page_id=17100, browser=Firefox
Testing: csp_id=317, page_id=17200, browser=Firefox
Testing: csp_id=317, page_id=17300, browser=Firefox
Testing: csp_id=317, page_id=17400, browser=Firefox
Testing: csp_id=317, page_id=17500, browser=Firefox
Testing: csp_id=317, page_id=17600, browser=Firefox
Testing: csp_id=317, page_id=17700, browser=Firefox
Testing: csp_id=317, page_id=17800, browser=Firefox
Testing: csp_id=317, page_id=17900, browser=Firefox
Testing: csp_id=317, page_id=18000, browser=Firefox
Testing: csp_id=317, page_id=18100, browser=Firefox
Testing: csp_id=317, page_id=18200, browser=Firefox
Testing: csp_id=317, page_id=18300, browser=Firefox
Testing: csp_id=317, page_id=18400, browser=Firefox
Testing: csp_id=317, page_id=18500, browser=Firefox
Testing: csp_id=317, page_id=18600, browser=Firefox
Testing: csp_id=317, page_id=18700, browser=Firefox
Testing: csp_id=317, page_id=18800, browser=Firefox
Testing: csp_id=317, page_id=18900, browser=Firefox
Testing: csp_id=317, page_id=19000, browser=Firefox
Testing: csp_id=317, page_id=19100, browser=Firefox
Testing: csp_id=317, page_id=19200, browser=Firefox
Testing: csp_id=317, page_id=19300, browser=Firefox
Testing: csp_id=317, page_id=19400, browser=Firefox
Testing: csp_id=317, page_id=19500, browser=Firefox
Testing: csp_id=317, page_id=19600, browser=Firefox
Testing: csp_id=317, page_id=19700, browser=Firefox
Testing: csp_id=317, page_id=19800, browser=Firefox
Testing: csp_id=317, page_id=19900, browser=Firefox
Testing: csp_id=317, page_id=20000, browser=Firefox
Testing: csp_id=317, page_id=20100, browser=Firefox
Testing: csp_id=317, page_id=20200, browser=Firefox
Testing: csp_id=317, page_id=20300, browser=Firefox
Testing: csp_id=317, page_id=20400, browser=Firefox
Testing: csp_id=317, page_id=20500, browser=Firefox
Testing: csp_id=317, page_id=20600, browser=Firefox
Testing: csp_id=317, page_id=20700, browser=Firefox
Testing: csp_id=317, page_id=20800, browser=Firefox
Testing: csp_id=317, page_id=20900, browser=Firefox
Testing: csp_id=317, page_id=21000, browser=Firefox
Testing: csp_id=317, page_id=21100, browser=Firefox
Testing: csp_id=317, page_id=21200, browser=Firefox
Testing: csp_id=317, page_id=21300, browser=Firefox
Testing: csp_id=317, page_id=21400, browser=Firefox
Testing: csp_id=317, page_id=21500, browser=Firefox
Testing: csp_id=317, page_id=21600, browser=Firefox
Testing: csp_id=317, page_id=21700, browser=Firefox
Testing: csp_id=317, page_id=21800, browser=Firefox
Testing: csp_id=317, page_id=21900, browser=Firefox
Testing: csp_id=317, page_id=22000, browser=Firefox
Testing: csp_id=317, page_id=22100, browser=Firefox
Testing: csp_id=317, page_id=22200, browser=Firefox
Testing: csp_id=317, page_id=22300, browser=Firefox
Testing: csp_id=317, page_id=22400, browser=Firefox
Testing: csp_id=317, page_id=22500, browser=Firefox
Testing: csp_id=317, page_id=22600, browser=Firefox
Testing: csp_id=317, page_id=22700, browser=Firefox
Testing: csp_id=317, page_id=22800, browser=Firefox
Testing: csp_id=317, page_id=22900, browser=Firefox
Testing: csp_id=317, page_id=23000, browser=Firefox
Testing: csp_id=317, page_id=23100, browser=Firefox
Testing: csp_id=317, page_id=23200, browser=Firefox
Testing: csp_id=317, page_id=23300, browser=Firefox
Testing: csp_id=317, page_id=23400, browser=Firefox
Testing: csp_id=317, page_id=23500, browser=Firefox
Testing: csp_id=317, page_id=23600, browser=Firefox
Testing: csp_id=317, page_id=23700, browser=Firefox
Testing: csp_id=317, page_id=23800, browser=Firefox
Testing: csp_id=317, page_id=23900, browser=Firefox
Testing: csp_id=317, page_id=24000, browser=Firefox
Testing: csp_id=317, page_id=24100, browser=Firefox
Testing: csp_id=317, page_id=24200, browser=Firefox
Testing: csp_id=317, page_id=24300, browser=Firefox
Testing: csp_id=317, page_id=24400, browser=Firefox
Testing: csp_id=317, page_id=24500, browser=Firefox
Testing: csp_id=317, page_id=24600, browser=Firefox
Testing: csp_id=317, page_id=24700, browser=Firefox
Testing: csp_id=317, page_id=24800, browser=Firefox
Testing: csp_id=317, page_id=24900, browser=Firefox
Testing: csp_id=317, page_id=25000, browser=Firefox
Testing: csp_id=317, page_id=25100, browser=Firefox
Testing: csp_id=317, page_id=25200, browser=Firefox
Testing: csp_id=317, page_id=25300, browser=Firefox
Testing: csp_id=317, page_id=25400, browser=Firefox
Testing: csp_id=317, page_id=25500, browser=Firefox
Testing: csp_id=317, page_id=25600, browser=Firefox
Testing: csp_id=317, page_id=25700, browser=Firefox
Testing: csp_id=317, page_id=25800, browser=Firefox
Testing: csp_id=317, page_id=25900, browser=Firefox
Testing: csp_id=317, page_id=26000, browser=Firefox
Testing: csp_id=317, page_id=26100, browser=Firefox
Testing: csp_id=317, page_id=26200, browser=Firefox
Testing: csp_id=317, page_id=26300, browser=Firefox
Testing: csp_id=317, page_id=26400, browser=Firefox
Testing: csp_id=317, page_id=26500, browser=Firefox
Testing: csp_id=317, page_id=26600, browser=Firefox
Testing: csp_id=317, page_id=26700, browser=Firefox
Testing: csp_id=317, page_id=26800, browser=Firefox
Testing: csp_id=317, page_id=26900, browser=Firefox
Testing: csp_id=317, page_id=27000, browser=Firefox
Testing: csp_id=317, page_id=27100, browser=Firefox
Testing: csp_id=317, page_id=27200, browser=Firefox
Testing: csp_id=317, page_id=27300, browser=Firefox
Testing: csp_id=317, page_id=27400, browser=Firefox
Testing: csp_id=317, page_id=27500, browser=Firefox
Testing: csp_id=317, page_id=27600, browser=Firefox
Testing: csp_id=317, page_id=27700, browser=Firefox
Testing: csp_id=317, page_id=27800, browser=Firefox
Testing: csp_id=317, page_id=27900, browser=Firefox
Testing: csp_id=317, page_id=28000, browser=Firefox
Testing: csp_id=317, page_id=28100, browser=Firefox
Testing: csp_id=317, page_id=28200, browser=Firefox
Testing: csp_id=317, page_id=28300, browser=Firefox
Testing: csp_id=317, page_id=28400, browser=Firefox
Testing: csp_id=317, page_id=28500, browser=Firefox
Testing: csp_id=317, page_id=28600, browser=Firefox
Testing: csp_id=317, page_id=28700, browser=Firefox
Testing: csp_id=317, page_id=28800, browser=Firefox
Testing: csp_id=317, page_id=28900, browser=Firefox
Testing: csp_id=317, page_id=29000, browser=Firefox
Testing: csp_id=317, page_id=29100, browser=Firefox
Testing: csp_id=317, page_id=29200, browser=Firefox
Testing: csp_id=317, page_id=29300, browser=Firefox
Testing: csp_id=317, page_id=29400, browser=Firefox
Testing: csp_id=317, page_id=29500, browser=Firefox
Testing: csp_id=317, page_id=29600, browser=Firefox
Testing: csp_id=317, page_id=29700, browser=Firefox
Testing: csp_id=317, page_id=29800, browser=Firefox
🏊 create_context_pools[first] (5x16): 28.270s
Testing: csp_id=329, page_id=0, browser=Firefox
Testing: csp_id=329, page_id=100, browser=Firefox
Testing: csp_id=329, page_id=200, browser=Firefox
Testing: csp_id=329, page_id=300, browser=Firefox
Testing: csp_id=329, page_id=400, browser=Firefox
Testing: csp_id=329, page_id=500, browser=Firefox
Testing: csp_id=329, page_id=600, browser=Firefox
Testing: csp_id=329, page_id=700, browser=Firefox
Testing: csp_id=329, page_id=800, browser=Firefox
Testing: csp_id=329, page_id=900, browser=Firefox
Testing: csp_id=329, page_id=1000, browser=Firefox
Testing: csp_id=329, page_id=1100, browser=Firefox
Testing: csp_id=329, page_id=1200, browser=Firefox
Testing: csp_id=329, page_id=1300, browser=Firefox
Testing: csp_id=329, page_id=1400, browser=Firefox
Testing: csp_id=329, page_id=1500, browser=Firefox
Testing: csp_id=329, page_id=1600, browser=Firefox
Testing: csp_id=329, page_id=1700, browser=Firefox
Testing: csp_id=329, page_id=1800, browser=Firefox
Testing: csp_id=329, page_id=1900, browser=Firefox
Testing: csp_id=329, page_id=2000, browser=Firefox
Testing: csp_id=329, page_id=2100, browser=Firefox
Testing: csp_id=329, page_id=2200, browser=Firefox
Testing: csp_id=329, page_id=2300, browser=Firefox
Testing: csp_id=329, page_id=2400, browser=Firefox
Testing: csp_id=329, page_id=2500, browser=Firefox
Testing: csp_id=329, page_id=2600, browser=Firefox
Testing: csp_id=329, page_id=2700, browser=Firefox
Testing: csp_id=329, page_id=2800, browser=Firefox
Testing: csp_id=329, page_id=2900, browser=Firefox
Testing: csp_id=329, page_id=3000, browser=Firefox
Testing: csp_id=329, page_id=3100, browser=Firefox
Testing: csp_id=329, page_id=3200, browser=Firefox
Testing: csp_id=329, page_id=3300, browser=Firefox
Testing: csp_id=329, page_id=3400, browser=Firefox
Testing: csp_id=329, page_id=3500, browser=Firefox
Testing: csp_id=329, page_id=3600, browser=Firefox
Testing: csp_id=329, page_id=3700, browser=Firefox
Testing: csp_id=329, page_id=3800, browser=Firefox
Testing: csp_id=329, page_id=3900, browser=Firefox
Testing: csp_id=329, page_id=4000, browser=Firefox
Testing: csp_id=329, page_id=4100, browser=Firefox
Testing: csp_id=329, page_id=4200, browser=Firefox
Testing: csp_id=329, page_id=4300, browser=Firefox
Testing: csp_id=329, page_id=4400, browser=Firefox
Testing: csp_id=329, page_id=4500, browser=Firefox
Testing: csp_id=329, page_id=4600, browser=Firefox
Testing: csp_id=329, page_id=4700, browser=Firefox
Testing: csp_id=329, page_id=4800, browser=Firefox
Testing: csp_id=329, page_id=4900, browser=Firefox
Testing: csp_id=329, page_id=5000, browser=Firefox
Testing: csp_id=329, page_id=5100, browser=Firefox
Testing: csp_id=329, page_id=5200, browser=Firefox
Testing: csp_id=329, page_id=5300, browser=Firefox
Testing: csp_id=329, page_id=5400, browser=Firefox
Testing: csp_id=329, page_id=5500, browser=Firefox
Testing: csp_id=329, page_id=5600, browser=Firefox
Testing: csp_id=329, page_id=5700, browser=Firefox
Testing: csp_id=329, page_id=5800, browser=Firefox
Testing: csp_id=329, page_id=5900, browser=Firefox
Testing: csp_id=329, page_id=6000, browser=Firefox
Testing: csp_id=329, page_id=6100, browser=Firefox
Testing: csp_id=329, page_id=6200, browser=Firefox
Testing: csp_id=329, page_id=6300, browser=Firefox
Testing: csp_id=329, page_id=6400, browser=Firefox
Testing: csp_id=329, page_id=6500, browser=Firefox
Testing: csp_id=329, page_id=6600, browser=Firefox
Testing: csp_id=329, page_id=6700, browser=Firefox
Testing: csp_id=329, page_id=6800, browser=Firefox
Testing: csp_id=329, page_id=6900, browser=Firefox
Testing: csp_id=329, page_id=7000, browser=Firefox
Testing: csp_id=329, page_id=7100, browser=Firefox
Testing: csp_id=329, page_id=7200, browser=Firefox
Testing: csp_id=329, page_id=7300, browser=Firefox
Testing: csp_id=329, page_id=7400, browser=Firefox
Testing: csp_id=329, page_id=7500, browser=Firefox
Testing: csp_id=329, page_id=7600, browser=Firefox
Testing: csp_id=329, page_id=7700, browser=Firefox
Testing: csp_id=329, page_id=7800, browser=Firefox
Testing: csp_id=329, page_id=7900, browser=Firefox
Testing: csp_id=329, page_id=8000, browser=Firefox
Testing: csp_id=329, page_id=8100, browser=Firefox
Testing: csp_id=329, page_id=8200, browser=Firefox
Testing: csp_id=329, page_id=8300, browser=Firefox
Testing: csp_id=329, page_id=8400, browser=Firefox
Testing: csp_id=329, page_id=8500, browser=Firefox
Testing: csp_id=329, page_id=8600, browser=Firefox
Testing: csp_id=329, page_id=8700, browser=Firefox
Testing: csp_id=329, page_id=8800, browser=Firefox
Testing: csp_id=329, page_id=8900, browser=Firefox
Testing: csp_id=329, page_id=9000, browser=Firefox
Testing: csp_id=329, page_id=9100, browser=Firefox
Testing: csp_id=329, page_id=9200, browser=Firefox
Testing: csp_id=329, page_id=9300, browser=Firefox
Testing: csp_id=329, page_id=9400, browser=Firefox
Testing: csp_id=329, page_id=9500, browser=Firefox
Testing: csp_id=329, page_id=9600, browser=Firefox
Testing: csp_id=329, page_id=9700, browser=Firefox
Testing: csp_id=329, page_id=9800, browser=Firefox
Testing: csp_id=329, page_id=9900, browser=Firefox
Testing: csp_id=329, page_id=10000, browser=Firefox
Testing: csp_id=329, page_id=10100, browser=Firefox
Testing: csp_id=329, page_id=10200, browser=Firefox
Testing: csp_id=329, page_id=10300, browser=Firefox
Testing: csp_id=329, page_id=10400, browser=Firefox
Testing: csp_id=329, page_id=10500, browser=Firefox
Testing: csp_id=329, page_id=10600, browser=Firefox
Testing: csp_id=329, page_id=10700, browser=Firefox
Testing: csp_id=329, page_id=10800, browser=Firefox
Testing: csp_id=329, page_id=10900, browser=Firefox
Testing: csp_id=329, page_id=11000, browser=Firefox
Testing: csp_id=329, page_id=11100, browser=Firefox
Testing: csp_id=329, page_id=11200, browser=Firefox
Testing: csp_id=329, page_id=11300, browser=Firefox
Testing: csp_id=329, page_id=11400, browser=Firefox
Testing: csp_id=329, page_id=11500, browser=Firefox
Testing: csp_id=329, page_id=11600, browser=Firefox
Testing: csp_id=329, page_id=11700, browser=Firefox
Testing: csp_id=329, page_id=11800, browser=Firefox
Testing: csp_id=329, page_id=11900, browser=Firefox
Testing: csp_id=329, page_id=12000, browser=Firefox
Testing: csp_id=329, page_id=12100, browser=Firefox
Testing: csp_id=329, page_id=12200, browser=Firefox
Testing: csp_id=329, page_id=12300, browser=Firefox
Testing: csp_id=329, page_id=12400, browser=Firefox
Testing: csp_id=329, page_id=12500, browser=Firefox
Testing: csp_id=329, page_id=12600, browser=Firefox
Testing: csp_id=329, page_id=12700, browser=Firefox
Testing: csp_id=329, page_id=12800, browser=Firefox
Testing: csp_id=329, page_id=12900, browser=Firefox
Testing: csp_id=329, page_id=13000, browser=Firefox
Testing: csp_id=329, page_id=13100, browser=Firefox
Testing: csp_id=329, page_id=13200, browser=Firefox
Testing: csp_id=329, page_id=13300, browser=Firefox
Testing: csp_id=329, page_id=13400, browser=Firefox
Testing: csp_id=329, page_id=13500, browser=Firefox
Testing: csp_id=329, page_id=13600, browser=Firefox
Testing: csp_id=329, page_id=13700, browser=Firefox
Testing: csp_id=329, page_id=13800, browser=Firefox
Testing: csp_id=329, page_id=13900, browser=Firefox
Testing: csp_id=329, page_id=14000, browser=Firefox
Testing: csp_id=329, page_id=14100, browser=Firefox
Testing: csp_id=329, page_id=14200, browser=Firefox
Testing: csp_id=329, page_id=14300, browser=Firefox
Testing: csp_id=329, page_id=14400, browser=Firefox
Testing: csp_id=329, page_id=14500, browser=Firefox
Testing: csp_id=329, page_id=14600, browser=Firefox
Testing: csp_id=329, page_id=14700, browser=Firefox
Testing: csp_id=329, page_id=14800, browser=Firefox
Testing: csp_id=329, page_id=14900, browser=Firefox
Testing: csp_id=329, page_id=15000, browser=Firefox
Testing: csp_id=329, page_id=15100, browser=Firefox
Testing: csp_id=329, page_id=15200, browser=Firefox
Testing: csp_id=329, page_id=15300, browser=Firefox
Testing: csp_id=329, page_id=15400, browser=Firefox
Testing: csp_id=329, page_id=15500, browser=Firefox
Testing: csp_id=329, page_id=15600, browser=Firefox
Testing: csp_id=329, page_id=15700, browser=Firefox
Testing: csp_id=329, page_id=15800, browser=Firefox
Testing: csp_id=329, page_id=15900, browser=Firefox
Testing: csp_id=329, page_id=16000, browser=Firefox
Testing: csp_id=329, page_id=16100, browser=Firefox
Testing: csp_id=329, page_id=16200, browser=Firefox
Testing: csp_id=329, page_id=16300, browser=Firefox
Testing: csp_id=329, page_id=16400, browser=Firefox
Testing: csp_id=329, page_id=16500, browser=Firefox
Testing: csp_id=329, page_id=16600, browser=Firefox
Testing: csp_id=329, page_id=16700, browser=Firefox
Testing: csp_id=329, page_id=16800, browser=Firefox
Testing: csp_id=329, page_id=16900, browser=Firefox
Testing: csp_id=329, page_id=17000, browser=Firefox
Testing: csp_id=329, page_id=17100, browser=Firefox
Testing: csp_id=329, page_id=17200, browser=Firefox
Testing: csp_id=329, page_id=17300, browser=Firefox
Testing: csp_id=329, page_id=17400, browser=Firefox
Testing: csp_id=329, page_id=17500, browser=Firefox
Testing: csp_id=329, page_id=17600, browser=Firefox
Testing: csp_id=329, page_id=17700, browser=Firefox
Testing: csp_id=329, page_id=17800, browser=Firefox
Testing: csp_id=329, page_id=17900, browser=Firefox
Testing: csp_id=329, page_id=18000, browser=Firefox
Testing: csp_id=329, page_id=18100, browser=Firefox
Testing: csp_id=329, page_id=18200, browser=Firefox
Testing: csp_id=329, page_id=18300, browser=Firefox
Testing: csp_id=329, page_id=18400, browser=Firefox
Testing: csp_id=329, page_id=18500, browser=Firefox
Testing: csp_id=329, page_id=18600, browser=Firefox
Testing: csp_id=329, page_id=18700, browser=Firefox
Testing: csp_id=329, page_id=18800, browser=Firefox
Testing: csp_id=329, page_id=18900, browser=Firefox
Testing: csp_id=329, page_id=19000, browser=Firefox
Testing: csp_id=329, page_id=19100, browser=Firefox
Testing: csp_id=329, page_id=19200, browser=Firefox
Testing: csp_id=329, page_id=19300, browser=Firefox
Testing: csp_id=329, page_id=19400, browser=Firefox
Testing: csp_id=329, page_id=19500, browser=Firefox
Testing: csp_id=329, page_id=19600, browser=Firefox
Testing: csp_id=329, page_id=19700, browser=Firefox
Testing: csp_id=329, page_id=19800, browser=Firefox
Testing: csp_id=329, page_id=19900, browser=Firefox
Testing: csp_id=329, page_id=20000, browser=Firefox
Testing: csp_id=329, page_id=20100, browser=Firefox
Testing: csp_id=329, page_id=20200, browser=Firefox
Testing: csp_id=329, page_id=20300, browser=Firefox
Testing: csp_id=329, page_id=20400, browser=Firefox
Testing: csp_id=329, page_id=20500, browser=Firefox
Testing: csp_id=329, page_id=20600, browser=Firefox
Testing: csp_id=329, page_id=20700, browser=Firefox
Testing: csp_id=329, page_id=20800, browser=Firefox
Testing: csp_id=329, page_id=20900, browser=Firefox
Testing: csp_id=329, page_id=21000, browser=Firefox
Testing: csp_id=329, page_id=21100, browser=Firefox
Testing: csp_id=329, page_id=21200, browser=Firefox
Testing: csp_id=329, page_id=21300, browser=Firefox
Testing: csp_id=329, page_id=21400, browser=Firefox
Testing: csp_id=329, page_id=21500, browser=Firefox
Testing: csp_id=329, page_id=21600, browser=Firefox
Testing: csp_id=329, page_id=21700, browser=Firefox
Testing: csp_id=329, page_id=21800, browser=Firefox
Testing: csp_id=329, page_id=21900, browser=Firefox
Testing: csp_id=329, page_id=22000, browser=Firefox
Testing: csp_id=329, page_id=22100, browser=Firefox
Testing: csp_id=329, page_id=22200, browser=Firefox
Testing: csp_id=329, page_id=22300, browser=Firefox
Testing: csp_id=329, page_id=22400, browser=Firefox
Testing: csp_id=329, page_id=22500, browser=Firefox
Testing: csp_id=329, page_id=22600, browser=Firefox
Testing: csp_id=329, page_id=22700, browser=Firefox
Testing: csp_id=329, page_id=22800, browser=Firefox
Testing: csp_id=329, page_id=22900, browser=Firefox
Testing: csp_id=329, page_id=23000, browser=Firefox
Testing: csp_id=329, page_id=23100, browser=Firefox
Testing: csp_id=329, page_id=23200, browser=Firefox
Testing: csp_id=329, page_id=23300, browser=Firefox
Testing: csp_id=329, page_id=23400, browser=Firefox
Testing: csp_id=329, page_id=23500, browser=Firefox
Testing: csp_id=329, page_id=23600, browser=Firefox
Testing: csp_id=329, page_id=23700, browser=Firefox
Testing: csp_id=329, page_id=23800, browser=Firefox
Testing: csp_id=329, page_id=23900, browser=Firefox
Testing: csp_id=329, page_id=24000, browser=Firefox
Testing: csp_id=329, page_id=24100, browser=Firefox
Testing: csp_id=329, page_id=24200, browser=Firefox
Testing: csp_id=329, page_id=24300, browser=Firefox
Testing: csp_id=329, page_id=24400, browser=Firefox
Testing: csp_id=329, page_id=24500, browser=Firefox
Testing: csp_id=329, page_id=24600, browser=Firefox
Testing: csp_id=329, page_id=24700, browser=Firefox
Testing: csp_id=329, page_id=24800, browser=Firefox
Testing: csp_id=329, page_id=24900, browser=Firefox
Testing: csp_id=329, page_id=25000, browser=Firefox
Testing: csp_id=329, page_id=25100, browser=Firefox
Testing: csp_id=329, page_id=25200, browser=Firefox
Testing: csp_id=329, page_id=25300, browser=Firefox
Testing: csp_id=329, page_id=25400, browser=Firefox
Testing: csp_id=329, page_id=25500, browser=Firefox
Testing: csp_id=329, page_id=25600, browser=Firefox
Testing: csp_id=329, page_id=25700, browser=Firefox
Testing: csp_id=329, page_id=25800, browser=Firefox
Testing: csp_id=329, page_id=25900, browser=Firefox
Testing: csp_id=329, page_id=26000, browser=Firefox
Testing: csp_id=329, page_id=26100, browser=Firefox
Testing: csp_id=329, page_id=26200, browser=Firefox
Testing: csp_id=329, page_id=26300, browser=Firefox
Testing: csp_id=329, page_id=26400, browser=Firefox
Testing: csp_id=329, page_id=26500, browser=Firefox
Testing: csp_id=329, page_id=26600, browser=Firefox
Testing: csp_id=329, page_id=26700, browser=Firefox
Testing: csp_id=329, page_id=26800, browser=Firefox
Testing: csp_id=329, page_id=26900, browser=Firefox
Testing: csp_id=329, page_id=27000, browser=Firefox
Testing: csp_id=329, page_id=27100, browser=Firefox
Testing: csp_id=329, page_id=27200, browser=Firefox
Testing: csp_id=329, page_id=27300, browser=Firefox
Testing: csp_id=329, page_id=27400, browser=Firefox
Testing: csp_id=329, page_id=27500, browser=Firefox
Testing: csp_id=329, page_id=27600, browser=Firefox
Testing: csp_id=329, page_id=27700, browser=Firefox
Testing: csp_id=329, page_id=27800, browser=Firefox
Testing: csp_id=329, page_id=27900, browser=Firefox
Testing: csp_id=329, page_id=28000, browser=Firefox
Testing: csp_id=329, page_id=28100, browser=Firefox
Testing: csp_id=329, page_id=28200, browser=Firefox
Testing: csp_id=329, page_id=28300, browser=Firefox
Testing: csp_id=329, page_id=28400, browser=Firefox
Testing: csp_id=329, page_id=28500, browser=Firefox
Testing: csp_id=329, page_id=28600, browser=Firefox
Testing: csp_id=329, page_id=28700, browser=Firefox
Testing: csp_id=329, page_id=28800, browser=Firefox
Testing: csp_id=329, page_id=28900, browser=Firefox
Testing: csp_id=329, page_id=29000, browser=Firefox
Testing: csp_id=329, page_id=29100, browser=Firefox
Testing: csp_id=329, page_id=29200, browser=Firefox
Testing: csp_id=329, page_id=29300, browser=Firefox
Testing: csp_id=329, page_id=29400, browser=Firefox
Testing: csp_id=329, page_id=29500, browser=Firefox
Testing: csp_id=329, page_id=29600, browser=Firefox
Testing: csp_id=329, page_id=29700, browser=Firefox
Testing: csp_id=329, page_id=29800, browser=Firefox
🏊 create_context_pools[first] (5x16): 29.546s
Testing: csp_id=337, page_id=0, browser=Firefox
Testing: csp_id=337, page_id=100, browser=Firefox
Testing: csp_id=337, page_id=200, browser=Firefox
Testing: csp_id=337, page_id=300, browser=Firefox
Testing: csp_id=337, page_id=400, browser=Firefox
Testing: csp_id=337, page_id=500, browser=Firefox
Testing: csp_id=337, page_id=600, browser=Firefox
Testing: csp_id=337, page_id=700, browser=Firefox
Testing: csp_id=337, page_id=800, browser=Firefox
Testing: csp_id=337, page_id=900, browser=Firefox
Testing: csp_id=337, page_id=1000, browser=Firefox
Testing: csp_id=337, page_id=1100, browser=Firefox
Testing: csp_id=337, page_id=1200, browser=Firefox
Testing: csp_id=337, page_id=1300, browser=Firefox
Testing: csp_id=337, page_id=1400, browser=Firefox
Testing: csp_id=337, page_id=1500, browser=Firefox
Testing: csp_id=337, page_id=1600, browser=Firefox
Testing: csp_id=337, page_id=1700, browser=Firefox
Testing: csp_id=337, page_id=1800, browser=Firefox
Testing: csp_id=337, page_id=1900, browser=Firefox
Testing: csp_id=337, page_id=2000, browser=Firefox
Testing: csp_id=337, page_id=2100, browser=Firefox
Testing: csp_id=337, page_id=2200, browser=Firefox
Testing: csp_id=337, page_id=2300, browser=Firefox
Testing: csp_id=337, page_id=2400, browser=Firefox
Testing: csp_id=337, page_id=2500, browser=Firefox
Testing: csp_id=337, page_id=2600, browser=Firefox
Testing: csp_id=337, page_id=2700, browser=Firefox
Testing: csp_id=337, page_id=2800, browser=Firefox
Testing: csp_id=337, page_id=2900, browser=Firefox
Testing: csp_id=337, page_id=3000, browser=Firefox
Testing: csp_id=337, page_id=3100, browser=Firefox
Testing: csp_id=337, page_id=3200, browser=Firefox
Testing: csp_id=337, page_id=3300, browser=Firefox
Testing: csp_id=337, page_id=3400, browser=Firefox
Testing: csp_id=337, page_id=3500, browser=Firefox
Testing: csp_id=337, page_id=3600, browser=Firefox
Testing: csp_id=337, page_id=3700, browser=Firefox
Testing: csp_id=337, page_id=3800, browser=Firefox
Testing: csp_id=337, page_id=3900, browser=Firefox
Testing: csp_id=337, page_id=4000, browser=Firefox
Testing: csp_id=337, page_id=4100, browser=Firefox
Testing: csp_id=337, page_id=4200, browser=Firefox
Testing: csp_id=337, page_id=4300, browser=Firefox
Testing: csp_id=337, page_id=4400, browser=Firefox
Testing: csp_id=337, page_id=4500, browser=Firefox
Testing: csp_id=337, page_id=4600, browser=Firefox
Testing: csp_id=337, page_id=4700, browser=Firefox
Testing: csp_id=337, page_id=4800, browser=Firefox
Testing: csp_id=337, page_id=4900, browser=Firefox
Testing: csp_id=337, page_id=5000, browser=Firefox
Testing: csp_id=337, page_id=5100, browser=Firefox
Testing: csp_id=337, page_id=5200, browser=Firefox
Testing: csp_id=337, page_id=5300, browser=Firefox
Testing: csp_id=337, page_id=5400, browser=Firefox
Testing: csp_id=337, page_id=5500, browser=Firefox
Testing: csp_id=337, page_id=5600, browser=Firefox
Testing: csp_id=337, page_id=5700, browser=Firefox
Testing: csp_id=337, page_id=5800, browser=Firefox
Testing: csp_id=337, page_id=5900, browser=Firefox
Testing: csp_id=337, page_id=6000, browser=Firefox
Testing: csp_id=337, page_id=6100, browser=Firefox
Testing: csp_id=337, page_id=6200, browser=Firefox
Testing: csp_id=337, page_id=6300, browser=Firefox
Testing: csp_id=337, page_id=6400, browser=Firefox
Testing: csp_id=337, page_id=6500, browser=Firefox
Testing: csp_id=337, page_id=6600, browser=Firefox
Testing: csp_id=337, page_id=6700, browser=Firefox
Testing: csp_id=337, page_id=6800, browser=Firefox
Testing: csp_id=337, page_id=6900, browser=Firefox
Testing: csp_id=337, page_id=7000, browser=Firefox
Testing: csp_id=337, page_id=7100, browser=Firefox
Testing: csp_id=337, page_id=7200, browser=Firefox
Testing: csp_id=337, page_id=7300, browser=Firefox
Testing: csp_id=337, page_id=7400, browser=Firefox
Testing: csp_id=337, page_id=7500, browser=Firefox
Testing: csp_id=337, page_id=7600, browser=Firefox
Testing: csp_id=337, page_id=7700, browser=Firefox
Testing: csp_id=337, page_id=7800, browser=Firefox
Testing: csp_id=337, page_id=7900, browser=Firefox
Testing: csp_id=337, page_id=8000, browser=Firefox
Testing: csp_id=337, page_id=8100, browser=Firefox
Testing: csp_id=337, page_id=8200, browser=Firefox
Testing: csp_id=337, page_id=8300, browser=Firefox
Testing: csp_id=337, page_id=8400, browser=Firefox
Testing: csp_id=337, page_id=8500, browser=Firefox
Testing: csp_id=337, page_id=8600, browser=Firefox
Testing: csp_id=337, page_id=8700, browser=Firefox
Testing: csp_id=337, page_id=8800, browser=Firefox
Testing: csp_id=337, page_id=8900, browser=Firefox
Testing: csp_id=337, page_id=9000, browser=Firefox
Testing: csp_id=337, page_id=9100, browser=Firefox
Testing: csp_id=337, page_id=9200, browser=Firefox
Testing: csp_id=337, page_id=9300, browser=Firefox
Testing: csp_id=337, page_id=9400, browser=Firefox
Testing: csp_id=337, page_id=9500, browser=Firefox
Testing: csp_id=337, page_id=9600, browser=Firefox
Testing: csp_id=337, page_id=9700, browser=Firefox
Testing: csp_id=337, page_id=9800, browser=Firefox
Testing: csp_id=337, page_id=9900, browser=Firefox
Testing: csp_id=337, page_id=10000, browser=Firefox
Testing: csp_id=337, page_id=10100, browser=Firefox
Testing: csp_id=337, page_id=10200, browser=Firefox
Testing: csp_id=337, page_id=10300, browser=Firefox
Testing: csp_id=337, page_id=10400, browser=Firefox
Testing: csp_id=337, page_id=10500, browser=Firefox
Testing: csp_id=337, page_id=10600, browser=Firefox
Testing: csp_id=337, page_id=10700, browser=Firefox
Testing: csp_id=337, page_id=10800, browser=Firefox
Testing: csp_id=337, page_id=10900, browser=Firefox
Testing: csp_id=337, page_id=11000, browser=Firefox
Testing: csp_id=337, page_id=11100, browser=Firefox
Testing: csp_id=337, page_id=11200, browser=Firefox
Testing: csp_id=337, page_id=11300, browser=Firefox
Testing: csp_id=337, page_id=11400, browser=Firefox
Testing: csp_id=337, page_id=11500, browser=Firefox
Testing: csp_id=337, page_id=11600, browser=Firefox
Testing: csp_id=337, page_id=11700, browser=Firefox
Testing: csp_id=337, page_id=11800, browser=Firefox
Testing: csp_id=337, page_id=11900, browser=Firefox
Testing: csp_id=337, page_id=12000, browser=Firefox
Testing: csp_id=337, page_id=12100, browser=Firefox
Testing: csp_id=337, page_id=12200, browser=Firefox
Testing: csp_id=337, page_id=12300, browser=Firefox
Testing: csp_id=337, page_id=12400, browser=Firefox
Testing: csp_id=337, page_id=12500, browser=Firefox
Testing: csp_id=337, page_id=12600, browser=Firefox
Testing: csp_id=337, page_id=12700, browser=Firefox
Testing: csp_id=337, page_id=12800, browser=Firefox
Testing: csp_id=337, page_id=12900, browser=Firefox
Testing: csp_id=337, page_id=13000, browser=Firefox
Testing: csp_id=337, page_id=13100, browser=Firefox
Testing: csp_id=337, page_id=13200, browser=Firefox
Testing: csp_id=337, page_id=13300, browser=Firefox
Testing: csp_id=337, page_id=13400, browser=Firefox
Testing: csp_id=337, page_id=13500, browser=Firefox
Testing: csp_id=337, page_id=13600, browser=Firefox
Testing: csp_id=337, page_id=13700, browser=Firefox
Testing: csp_id=337, page_id=13800, browser=Firefox
Testing: csp_id=337, page_id=13900, browser=Firefox
Testing: csp_id=337, page_id=14000, browser=Firefox
Testing: csp_id=337, page_id=14100, browser=Firefox
Testing: csp_id=337, page_id=14200, browser=Firefox
Testing: csp_id=337, page_id=14300, browser=Firefox
Testing: csp_id=337, page_id=14400, browser=Firefox
Testing: csp_id=337, page_id=14500, browser=Firefox
Testing: csp_id=337, page_id=14600, browser=Firefox
Testing: csp_id=337, page_id=14700, browser=Firefox
Testing: csp_id=337, page_id=14800, browser=Firefox
Testing: csp_id=337, page_id=14900, browser=Firefox
Testing: csp_id=337, page_id=15000, browser=Firefox
Testing: csp_id=337, page_id=15100, browser=Firefox
Testing: csp_id=337, page_id=15200, browser=Firefox
Testing: csp_id=337, page_id=15300, browser=Firefox
Testing: csp_id=337, page_id=15400, browser=Firefox
Testing: csp_id=337, page_id=15500, browser=Firefox
Testing: csp_id=337, page_id=15600, browser=Firefox
Testing: csp_id=337, page_id=15700, browser=Firefox
Testing: csp_id=337, page_id=15800, browser=Firefox
Testing: csp_id=337, page_id=15900, browser=Firefox
Testing: csp_id=337, page_id=16000, browser=Firefox
Testing: csp_id=337, page_id=16100, browser=Firefox
Testing: csp_id=337, page_id=16200, browser=Firefox
Testing: csp_id=337, page_id=16300, browser=Firefox
Testing: csp_id=337, page_id=16400, browser=Firefox
Testing: csp_id=337, page_id=16500, browser=Firefox
Testing: csp_id=337, page_id=16600, browser=Firefox
Testing: csp_id=337, page_id=16700, browser=Firefox
Testing: csp_id=337, page_id=16800, browser=Firefox
Testing: csp_id=337, page_id=16900, browser=Firefox
Testing: csp_id=337, page_id=17000, browser=Firefox
Testing: csp_id=337, page_id=17100, browser=Firefox
Testing: csp_id=337, page_id=17200, browser=Firefox
Testing: csp_id=337, page_id=17300, browser=Firefox
Testing: csp_id=337, page_id=17400, browser=Firefox
Testing: csp_id=337, page_id=17500, browser=Firefox
Testing: csp_id=337, page_id=17600, browser=Firefox
Testing: csp_id=337, page_id=17700, browser=Firefox
Testing: csp_id=337, page_id=17800, browser=Firefox
Testing: csp_id=337, page_id=17900, browser=Firefox
Testing: csp_id=337, page_id=18000, browser=Firefox
Testing: csp_id=337, page_id=18100, browser=Firefox
Testing: csp_id=337, page_id=18200, browser=Firefox
Testing: csp_id=337, page_id=18300, browser=Firefox
Testing: csp_id=337, page_id=18400, browser=Firefox
Testing: csp_id=337, page_id=18500, browser=Firefox
Testing: csp_id=337, page_id=18600, browser=Firefox
Testing: csp_id=337, page_id=18700, browser=Firefox
Testing: csp_id=337, page_id=18800, browser=Firefox
Testing: csp_id=337, page_id=18900, browser=Firefox
Testing: csp_id=337, page_id=19000, browser=Firefox
Testing: csp_id=337, page_id=19100, browser=Firefox
Testing: csp_id=337, page_id=19200, browser=Firefox
Testing: csp_id=337, page_id=19300, browser=Firefox
Testing: csp_id=337, page_id=19400, browser=Firefox
Testing: csp_id=337, page_id=19500, browser=Firefox
Testing: csp_id=337, page_id=19600, browser=Firefox
Testing: csp_id=337, page_id=19700, browser=Firefox
Testing: csp_id=337, page_id=19800, browser=Firefox
Testing: csp_id=337, page_id=19900, browser=Firefox
Testing: csp_id=337, page_id=20000, browser=Firefox
Testing: csp_id=337, page_id=20100, browser=Firefox
Testing: csp_id=337, page_id=20200, browser=Firefox
Testing: csp_id=337, page_id=20300, browser=Firefox
Testing: csp_id=337, page_id=20400, browser=Firefox
Testing: csp_id=337, page_id=20500, browser=Firefox
Testing: csp_id=337, page_id=20600, browser=Firefox
Testing: csp_id=337, page_id=20700, browser=Firefox
Testing: csp_id=337, page_id=20800, browser=Firefox
Testing: csp_id=337, page_id=20900, browser=Firefox
Testing: csp_id=337, page_id=21000, browser=Firefox
Testing: csp_id=337, page_id=21100, browser=Firefox
Testing: csp_id=337, page_id=21200, browser=Firefox
Testing: csp_id=337, page_id=21300, browser=Firefox
Testing: csp_id=337, page_id=21400, browser=Firefox
Testing: csp_id=337, page_id=21500, browser=Firefox
Testing: csp_id=337, page_id=21600, browser=Firefox
Testing: csp_id=337, page_id=21700, browser=Firefox
Testing: csp_id=337, page_id=21800, browser=Firefox
Testing: csp_id=337, page_id=21900, browser=Firefox
Testing: csp_id=337, page_id=22000, browser=Firefox
Testing: csp_id=337, page_id=22100, browser=Firefox
Testing: csp_id=337, page_id=22200, browser=Firefox
Testing: csp_id=337, page_id=22300, browser=Firefox
Testing: csp_id=337, page_id=22400, browser=Firefox
Testing: csp_id=337, page_id=22500, browser=Firefox
Testing: csp_id=337, page_id=22600, browser=Firefox
Testing: csp_id=337, page_id=22700, browser=Firefox
Testing: csp_id=337, page_id=22800, browser=Firefox
Testing: csp_id=337, page_id=22900, browser=Firefox
Testing: csp_id=337, page_id=23000, browser=Firefox
Testing: csp_id=337, page_id=23100, browser=Firefox
Testing: csp_id=337, page_id=23200, browser=Firefox
Testing: csp_id=337, page_id=23300, browser=Firefox
Testing: csp_id=337, page_id=23400, browser=Firefox
Testing: csp_id=337, page_id=23500, browser=Firefox
Testing: csp_id=337, page_id=23600, browser=Firefox
Testing: csp_id=337, page_id=23700, browser=Firefox
Testing: csp_id=337, page_id=23800, browser=Firefox
Testing: csp_id=337, page_id=23900, browser=Firefox
Testing: csp_id=337, page_id=24000, browser=Firefox
Testing: csp_id=337, page_id=24100, browser=Firefox
Testing: csp_id=337, page_id=24200, browser=Firefox
Testing: csp_id=337, page_id=24300, browser=Firefox
Testing: csp_id=337, page_id=24400, browser=Firefox
Testing: csp_id=337, page_id=24500, browser=Firefox
Testing: csp_id=337, page_id=24600, browser=Firefox
Testing: csp_id=337, page_id=24700, browser=Firefox
Testing: csp_id=337, page_id=24800, browser=Firefox
Testing: csp_id=337, page_id=24900, browser=Firefox
Testing: csp_id=337, page_id=25000, browser=Firefox
Testing: csp_id=337, page_id=25100, browser=Firefox
Testing: csp_id=337, page_id=25200, browser=Firefox
Testing: csp_id=337, page_id=25300, browser=Firefox
Testing: csp_id=337, page_id=25400, browser=Firefox
Testing: csp_id=337, page_id=25500, browser=Firefox
Testing: csp_id=337, page_id=25600, browser=Firefox
Testing: csp_id=337, page_id=25700, browser=Firefox
Testing: csp_id=337, page_id=25800, browser=Firefox
Testing: csp_id=337, page_id=25900, browser=Firefox
Testing: csp_id=337, page_id=26000, browser=Firefox
Testing: csp_id=337, page_id=26100, browser=Firefox
Testing: csp_id=337, page_id=26200, browser=Firefox
Testing: csp_id=337, page_id=26300, browser=Firefox
Testing: csp_id=337, page_id=26400, browser=Firefox
Testing: csp_id=337, page_id=26500, browser=Firefox
Testing: csp_id=337, page_id=26600, browser=Firefox
Testing: csp_id=337, page_id=26700, browser=Firefox
Testing: csp_id=337, page_id=26800, browser=Firefox
Testing: csp_id=337, page_id=26900, browser=Firefox
Testing: csp_id=337, page_id=27000, browser=Firefox
Testing: csp_id=337, page_id=27100, browser=Firefox
Testing: csp_id=337, page_id=27200, browser=Firefox
Testing: csp_id=337, page_id=27300, browser=Firefox
Testing: csp_id=337, page_id=27400, browser=Firefox
Testing: csp_id=337, page_id=27500, browser=Firefox
Testing: csp_id=337, page_id=27600, browser=Firefox
Testing: csp_id=337, page_id=27700, browser=Firefox
Testing: csp_id=337, page_id=27800, browser=Firefox
Testing: csp_id=337, page_id=27900, browser=Firefox
Testing: csp_id=337, page_id=28000, browser=Firefox
Testing: csp_id=337, page_id=28100, browser=Firefox
Testing: csp_id=337, page_id=28200, browser=Firefox
Testing: csp_id=337, page_id=28300, browser=Firefox
Testing: csp_id=337, page_id=28400, browser=Firefox
Testing: csp_id=337, page_id=28500, browser=Firefox
Testing: csp_id=337, page_id=28600, browser=Firefox
Testing: csp_id=337, page_id=28700, browser=Firefox
Testing: csp_id=337, page_id=28800, browser=Firefox
Testing: csp_id=337, page_id=28900, browser=Firefox
Testing: csp_id=337, page_id=29000, browser=Firefox
Testing: csp_id=337, page_id=29100, browser=Firefox
Testing: csp_id=337, page_id=29200, browser=Firefox
Testing: csp_id=337, page_id=29300, browser=Firefox
Testing: csp_id=337, page_id=29400, browser=Firefox
Testing: csp_id=337, page_id=29500, browser=Firefox
Testing: csp_id=337, page_id=29600, browser=Firefox
Testing: csp_id=337, page_id=29700, browser=Firefox
Testing: csp_id=337, page_id=29800, browser=Firefox
🏊 create_context_pools[first] (5x16): 29.328s
Testing: csp_id=348, page_id=0, browser=Firefox
Testing: csp_id=348, page_id=100, browser=Firefox
Testing: csp_id=348, page_id=200, browser=Firefox
Testing: csp_id=348, page_id=300, browser=Firefox
Testing: csp_id=348, page_id=400, browser=Firefox
Testing: csp_id=348, page_id=500, browser=Firefox
Testing: csp_id=348, page_id=600, browser=Firefox
Testing: csp_id=348, page_id=700, browser=Firefox
Testing: csp_id=348, page_id=800, browser=Firefox
Testing: csp_id=348, page_id=900, browser=Firefox
Testing: csp_id=348, page_id=1000, browser=Firefox
Testing: csp_id=348, page_id=1100, browser=Firefox
Testing: csp_id=348, page_id=1200, browser=Firefox
Testing: csp_id=348, page_id=1300, browser=Firefox
Testing: csp_id=348, page_id=1400, browser=Firefox
Testing: csp_id=348, page_id=1500, browser=Firefox
Testing: csp_id=348, page_id=1600, browser=Firefox
Testing: csp_id=348, page_id=1700, browser=Firefox
Testing: csp_id=348, page_id=1800, browser=Firefox
Testing: csp_id=348, page_id=1900, browser=Firefox
Testing: csp_id=348, page_id=2000, browser=Firefox
Testing: csp_id=348, page_id=2100, browser=Firefox
Testing: csp_id=348, page_id=2200, browser=Firefox
Testing: csp_id=348, page_id=2300, browser=Firefox
Testing: csp_id=348, page_id=2400, browser=Firefox
Testing: csp_id=348, page_id=2500, browser=Firefox
Testing: csp_id=348, page_id=2600, browser=Firefox
Testing: csp_id=348, page_id=2700, browser=Firefox
Testing: csp_id=348, page_id=2800, browser=Firefox
Testing: csp_id=348, page_id=2900, browser=Firefox
Testing: csp_id=348, page_id=3000, browser=Firefox
Testing: csp_id=348, page_id=3100, browser=Firefox
Testing: csp_id=348, page_id=3200, browser=Firefox
Testing: csp_id=348, page_id=3300, browser=Firefox
Testing: csp_id=348, page_id=3400, browser=Firefox
Testing: csp_id=348, page_id=3500, browser=Firefox
Testing: csp_id=348, page_id=3600, browser=Firefox
Testing: csp_id=348, page_id=3700, browser=Firefox
Testing: csp_id=348, page_id=3800, browser=Firefox
Testing: csp_id=348, page_id=3900, browser=Firefox
Testing: csp_id=348, page_id=4000, browser=Firefox
Testing: csp_id=348, page_id=4100, browser=Firefox
Testing: csp_id=348, page_id=4200, browser=Firefox
Testing: csp_id=348, page_id=4300, browser=Firefox
Testing: csp_id=348, page_id=4400, browser=Firefox
Testing: csp_id=348, page_id=4500, browser=Firefox
Testing: csp_id=348, page_id=4600, browser=Firefox
Testing: csp_id=348, page_id=4700, browser=Firefox
Testing: csp_id=348, page_id=4800, browser=Firefox
Testing: csp_id=348, page_id=4900, browser=Firefox
Testing: csp_id=348, page_id=5000, browser=Firefox
Testing: csp_id=348, page_id=5100, browser=Firefox
Testing: csp_id=348, page_id=5200, browser=Firefox
Testing: csp_id=348, page_id=5300, browser=Firefox
Testing: csp_id=348, page_id=5400, browser=Firefox
Testing: csp_id=348, page_id=5500, browser=Firefox
Testing: csp_id=348, page_id=5600, browser=Firefox
Testing: csp_id=348, page_id=5700, browser=Firefox
Testing: csp_id=348, page_id=5800, browser=Firefox
Testing: csp_id=348, page_id=5900, browser=Firefox
Testing: csp_id=348, page_id=6000, browser=Firefox
Testing: csp_id=348, page_id=6100, browser=Firefox
Testing: csp_id=348, page_id=6200, browser=Firefox
Testing: csp_id=348, page_id=6300, browser=Firefox
Testing: csp_id=348, page_id=6400, browser=Firefox
Testing: csp_id=348, page_id=6500, browser=Firefox
Testing: csp_id=348, page_id=6600, browser=Firefox
Testing: csp_id=348, page_id=6700, browser=Firefox
Testing: csp_id=348, page_id=6800, browser=Firefox
Testing: csp_id=348, page_id=6900, browser=Firefox
Testing: csp_id=348, page_id=7000, browser=Firefox
Testing: csp_id=348, page_id=7100, browser=Firefox
Testing: csp_id=348, page_id=7200, browser=Firefox
Testing: csp_id=348, page_id=7300, browser=Firefox
Testing: csp_id=348, page_id=7400, browser=Firefox
Testing: csp_id=348, page_id=7500, browser=Firefox
Testing: csp_id=348, page_id=7600, browser=Firefox
Testing: csp_id=348, page_id=7700, browser=Firefox
Testing: csp_id=348, page_id=7800, browser=Firefox
Testing: csp_id=348, page_id=7900, browser=Firefox
Testing: csp_id=348, page_id=8000, browser=Firefox
Testing: csp_id=348, page_id=8100, browser=Firefox
Testing: csp_id=348, page_id=8200, browser=Firefox
Testing: csp_id=348, page_id=8300, browser=Firefox
Testing: csp_id=348, page_id=8400, browser=Firefox
Testing: csp_id=348, page_id=8500, browser=Firefox
Testing: csp_id=348, page_id=8600, browser=Firefox
Testing: csp_id=348, page_id=8700, browser=Firefox
Testing: csp_id=348, page_id=8800, browser=Firefox
Testing: csp_id=348, page_id=8900, browser=Firefox
Testing: csp_id=348, page_id=9000, browser=Firefox
Testing: csp_id=348, page_id=9100, browser=Firefox
Testing: csp_id=348, page_id=9200, browser=Firefox
Testing: csp_id=348, page_id=9300, browser=Firefox
Testing: csp_id=348, page_id=9400, browser=Firefox
Testing: csp_id=348, page_id=9500, browser=Firefox
Testing: csp_id=348, page_id=9600, browser=Firefox
Testing: csp_id=348, page_id=9700, browser=Firefox
Testing: csp_id=348, page_id=9800, browser=Firefox
Testing: csp_id=348, page_id=9900, browser=Firefox
Testing: csp_id=348, page_id=10000, browser=Firefox
Testing: csp_id=348, page_id=10100, browser=Firefox
Testing: csp_id=348, page_id=10200, browser=Firefox
Testing: csp_id=348, page_id=10300, browser=Firefox
Testing: csp_id=348, page_id=10400, browser=Firefox
Testing: csp_id=348, page_id=10500, browser=Firefox
Testing: csp_id=348, page_id=10600, browser=Firefox
Testing: csp_id=348, page_id=10700, browser=Firefox
Testing: csp_id=348, page_id=10800, browser=Firefox
Testing: csp_id=348, page_id=10900, browser=Firefox
Testing: csp_id=348, page_id=11000, browser=Firefox
Testing: csp_id=348, page_id=11100, browser=Firefox
Testing: csp_id=348, page_id=11200, browser=Firefox
Testing: csp_id=348, page_id=11300, browser=Firefox
Testing: csp_id=348, page_id=11400, browser=Firefox
Testing: csp_id=348, page_id=11500, browser=Firefox
Testing: csp_id=348, page_id=11600, browser=Firefox
Testing: csp_id=348, page_id=11700, browser=Firefox
Testing: csp_id=348, page_id=11800, browser=Firefox
Testing: csp_id=348, page_id=11900, browser=Firefox
Testing: csp_id=348, page_id=12000, browser=Firefox
Testing: csp_id=348, page_id=12100, browser=Firefox
Testing: csp_id=348, page_id=12200, browser=Firefox
Testing: csp_id=348, page_id=12300, browser=Firefox
Testing: csp_id=348, page_id=12400, browser=Firefox
Testing: csp_id=348, page_id=12500, browser=Firefox
Testing: csp_id=348, page_id=12600, browser=Firefox
Testing: csp_id=348, page_id=12700, browser=Firefox
Testing: csp_id=348, page_id=12800, browser=Firefox
Testing: csp_id=348, page_id=12900, browser=Firefox
Testing: csp_id=348, page_id=13000, browser=Firefox
Testing: csp_id=348, page_id=13100, browser=Firefox
Testing: csp_id=348, page_id=13200, browser=Firefox
Testing: csp_id=348, page_id=13300, browser=Firefox
Testing: csp_id=348, page_id=13400, browser=Firefox
Testing: csp_id=348, page_id=13500, browser=Firefox
Testing: csp_id=348, page_id=13600, browser=Firefox
Testing: csp_id=348, page_id=13700, browser=Firefox
Testing: csp_id=348, page_id=13800, browser=Firefox
Testing: csp_id=348, page_id=13900, browser=Firefox
Testing: csp_id=348, page_id=14000, browser=Firefox
Testing: csp_id=348, page_id=14100, browser=Firefox
Testing: csp_id=348, page_id=14200, browser=Firefox
Testing: csp_id=348, page_id=14300, browser=Firefox
Testing: csp_id=348, page_id=14400, browser=Firefox
Testing: csp_id=348, page_id=14500, browser=Firefox
Testing: csp_id=348, page_id=14600, browser=Firefox
Testing: csp_id=348, page_id=14700, browser=Firefox
Testing: csp_id=348, page_id=14800, browser=Firefox
Testing: csp_id=348, page_id=14900, browser=Firefox
Testing: csp_id=348, page_id=15000, browser=Firefox
Testing: csp_id=348, page_id=15100, browser=Firefox
Testing: csp_id=348, page_id=15200, browser=Firefox
Testing: csp_id=348, page_id=15300, browser=Firefox
Testing: csp_id=348, page_id=15400, browser=Firefox
Testing: csp_id=348, page_id=15500, browser=Firefox
Testing: csp_id=348, page_id=15600, browser=Firefox
Testing: csp_id=348, page_id=15700, browser=Firefox
Testing: csp_id=348, page_id=15800, browser=Firefox
Testing: csp_id=348, page_id=15900, browser=Firefox
Testing: csp_id=348, page_id=16000, browser=Firefox
Testing: csp_id=348, page_id=16100, browser=Firefox
Testing: csp_id=348, page_id=16200, browser=Firefox
Testing: csp_id=348, page_id=16300, browser=Firefox
Testing: csp_id=348, page_id=16400, browser=Firefox
Testing: csp_id=348, page_id=16500, browser=Firefox
Testing: csp_id=348, page_id=16600, browser=Firefox
Testing: csp_id=348, page_id=16700, browser=Firefox
Testing: csp_id=348, page_id=16800, browser=Firefox
Testing: csp_id=348, page_id=16900, browser=Firefox
Testing: csp_id=348, page_id=17000, browser=Firefox
Testing: csp_id=348, page_id=17100, browser=Firefox
Testing: csp_id=348, page_id=17200, browser=Firefox
Testing: csp_id=348, page_id=17300, browser=Firefox
Testing: csp_id=348, page_id=17400, browser=Firefox
Testing: csp_id=348, page_id=17500, browser=Firefox
Testing: csp_id=348, page_id=17600, browser=Firefox
Testing: csp_id=348, page_id=17700, browser=Firefox
Testing: csp_id=348, page_id=17800, browser=Firefox
Testing: csp_id=348, page_id=17900, browser=Firefox
Testing: csp_id=348, page_id=18000, browser=Firefox
Testing: csp_id=348, page_id=18100, browser=Firefox
Testing: csp_id=348, page_id=18200, browser=Firefox
Testing: csp_id=348, page_id=18300, browser=Firefox
Testing: csp_id=348, page_id=18400, browser=Firefox
Testing: csp_id=348, page_id=18500, browser=Firefox
Testing: csp_id=348, page_id=18600, browser=Firefox
Testing: csp_id=348, page_id=18700, browser=Firefox
Testing: csp_id=348, page_id=18800, browser=Firefox
Testing: csp_id=348, page_id=18900, browser=Firefox
Testing: csp_id=348, page_id=19000, browser=Firefox
Testing: csp_id=348, page_id=19100, browser=Firefox
Testing: csp_id=348, page_id=19200, browser=Firefox
Testing: csp_id=348, page_id=19300, browser=Firefox
Testing: csp_id=348, page_id=19400, browser=Firefox
Testing: csp_id=348, page_id=19500, browser=Firefox
Testing: csp_id=348, page_id=19600, browser=Firefox
Testing: csp_id=348, page_id=19700, browser=Firefox
Testing: csp_id=348, page_id=19800, browser=Firefox
Testing: csp_id=348, page_id=19900, browser=Firefox
Testing: csp_id=348, page_id=20000, browser=Firefox
Testing: csp_id=348, page_id=20100, browser=Firefox
Testing: csp_id=348, page_id=20200, browser=Firefox
Testing: csp_id=348, page_id=20300, browser=Firefox
Testing: csp_id=348, page_id=20400, browser=Firefox
Testing: csp_id=348, page_id=20500, browser=Firefox
Testing: csp_id=348, page_id=20600, browser=Firefox
Testing: csp_id=348, page_id=20700, browser=Firefox
Testing: csp_id=348, page_id=20800, browser=Firefox
Testing: csp_id=348, page_id=20900, browser=Firefox
Testing: csp_id=348, page_id=21000, browser=Firefox
Testing: csp_id=348, page_id=21100, browser=Firefox
Testing: csp_id=348, page_id=21200, browser=Firefox
Testing: csp_id=348, page_id=21300, browser=Firefox
Testing: csp_id=348, page_id=21400, browser=Firefox
Testing: csp_id=348, page_id=21500, browser=Firefox
Testing: csp_id=348, page_id=21600, browser=Firefox
Testing: csp_id=348, page_id=21700, browser=Firefox
Testing: csp_id=348, page_id=21800, browser=Firefox
Testing: csp_id=348, page_id=21900, browser=Firefox
Testing: csp_id=348, page_id=22000, browser=Firefox
Testing: csp_id=348, page_id=22100, browser=Firefox
Testing: csp_id=348, page_id=22200, browser=Firefox
Testing: csp_id=348, page_id=22300, browser=Firefox
Testing: csp_id=348, page_id=22400, browser=Firefox
Testing: csp_id=348, page_id=22500, browser=Firefox
Testing: csp_id=348, page_id=22600, browser=Firefox
Testing: csp_id=348, page_id=22700, browser=Firefox
Testing: csp_id=348, page_id=22800, browser=Firefox
Testing: csp_id=348, page_id=22900, browser=Firefox
Testing: csp_id=348, page_id=23000, browser=Firefox
Testing: csp_id=348, page_id=23100, browser=Firefox
Testing: csp_id=348, page_id=23200, browser=Firefox
Testing: csp_id=348, page_id=23300, browser=Firefox
Testing: csp_id=348, page_id=23400, browser=Firefox
Testing: csp_id=348, page_id=23500, browser=Firefox
Testing: csp_id=348, page_id=23600, browser=Firefox
Testing: csp_id=348, page_id=23700, browser=Firefox
Testing: csp_id=348, page_id=23800, browser=Firefox
Testing: csp_id=348, page_id=23900, browser=Firefox
Testing: csp_id=348, page_id=24000, browser=Firefox
Testing: csp_id=348, page_id=24100, browser=Firefox
Testing: csp_id=348, page_id=24200, browser=Firefox
Testing: csp_id=348, page_id=24300, browser=Firefox
Testing: csp_id=348, page_id=24400, browser=Firefox
Testing: csp_id=348, page_id=24500, browser=Firefox
Testing: csp_id=348, page_id=24600, browser=Firefox
Testing: csp_id=348, page_id=24700, browser=Firefox
Testing: csp_id=348, page_id=24800, browser=Firefox
Testing: csp_id=348, page_id=24900, browser=Firefox
Testing: csp_id=348, page_id=25000, browser=Firefox
Testing: csp_id=348, page_id=25100, browser=Firefox
Testing: csp_id=348, page_id=25200, browser=Firefox
Testing: csp_id=348, page_id=25300, browser=Firefox
Testing: csp_id=348, page_id=25400, browser=Firefox
Testing: csp_id=348, page_id=25500, browser=Firefox
Testing: csp_id=348, page_id=25600, browser=Firefox
Testing: csp_id=348, page_id=25700, browser=Firefox
Testing: csp_id=348, page_id=25800, browser=Firefox
Testing: csp_id=348, page_id=25900, browser=Firefox
Testing: csp_id=348, page_id=26000, browser=Firefox
Testing: csp_id=348, page_id=26100, browser=Firefox
Testing: csp_id=348, page_id=26200, browser=Firefox
Testing: csp_id=348, page_id=26300, browser=Firefox
Testing: csp_id=348, page_id=26400, browser=Firefox
Testing: csp_id=348, page_id=26500, browser=Firefox
Testing: csp_id=348, page_id=26600, browser=Firefox
Testing: csp_id=348, page_id=26700, browser=Firefox
Testing: csp_id=348, page_id=26800, browser=Firefox
Testing: csp_id=348, page_id=26900, browser=Firefox
Testing: csp_id=348, page_id=27000, browser=Firefox
Testing: csp_id=348, page_id=27100, browser=Firefox
Testing: csp_id=348, page_id=27200, browser=Firefox
Testing: csp_id=348, page_id=27300, browser=Firefox
Testing: csp_id=348, page_id=27400, browser=Firefox
Testing: csp_id=348, page_id=27500, browser=Firefox
Testing: csp_id=348, page_id=27600, browser=Firefox
Testing: csp_id=348, page_id=27700, browser=Firefox
Testing: csp_id=348, page_id=27800, browser=Firefox
Testing: csp_id=348, page_id=27900, browser=Firefox
Testing: csp_id=348, page_id=28000, browser=Firefox
Testing: csp_id=348, page_id=28100, browser=Firefox
Testing: csp_id=348, page_id=28200, browser=Firefox
Testing: csp_id=348, page_id=28300, browser=Firefox
Testing: csp_id=348, page_id=28400, browser=Firefox
Testing: csp_id=348, page_id=28500, browser=Firefox
Testing: csp_id=348, page_id=28600, browser=Firefox
Testing: csp_id=348, page_id=28700, browser=Firefox
Testing: csp_id=348, page_id=28800, browser=Firefox
Testing: csp_id=348, page_id=28900, browser=Firefox
Testing: csp_id=348, page_id=29000, browser=Firefox
Testing: csp_id=348, page_id=29100, browser=Firefox
Testing: csp_id=348, page_id=29200, browser=Firefox
Testing: csp_id=348, page_id=29300, browser=Firefox
Testing: csp_id=348, page_id=29400, browser=Firefox
Testing: csp_id=348, page_id=29500, browser=Firefox
Testing: csp_id=348, page_id=29600, browser=Firefox
Testing: csp_id=348, page_id=29700, browser=Firefox
Testing: csp_id=348, page_id=29800, browser=Firefox
🏊 create_context_pools[first] (5x16): 32.147s
Testing: csp_id=358, page_id=0, browser=Firefox
Testing: csp_id=358, page_id=100, browser=Firefox
Testing: csp_id=358, page_id=200, browser=Firefox
Testing: csp_id=358, page_id=300, browser=Firefox
Testing: csp_id=358, page_id=400, browser=Firefox
Testing: csp_id=358, page_id=500, browser=Firefox
Testing: csp_id=358, page_id=600, browser=Firefox
Testing: csp_id=358, page_id=700, browser=Firefox
Testing: csp_id=358, page_id=800, browser=Firefox
Testing: csp_id=358, page_id=900, browser=Firefox
Testing: csp_id=358, page_id=1000, browser=Firefox
Testing: csp_id=358, page_id=1100, browser=Firefox
Testing: csp_id=358, page_id=1200, browser=Firefox
Testing: csp_id=358, page_id=1300, browser=Firefox
Testing: csp_id=358, page_id=1400, browser=Firefox
Testing: csp_id=358, page_id=1500, browser=Firefox
Testing: csp_id=358, page_id=1600, browser=Firefox
Testing: csp_id=358, page_id=1700, browser=Firefox
Testing: csp_id=358, page_id=1800, browser=Firefox
Testing: csp_id=358, page_id=1900, browser=Firefox
Testing: csp_id=358, page_id=2000, browser=Firefox
Testing: csp_id=358, page_id=2100, browser=Firefox
Testing: csp_id=358, page_id=2200, browser=Firefox
Testing: csp_id=358, page_id=2300, browser=Firefox
Testing: csp_id=358, page_id=2400, browser=Firefox
Testing: csp_id=358, page_id=2500, browser=Firefox
Testing: csp_id=358, page_id=2600, browser=Firefox
Testing: csp_id=358, page_id=2700, browser=Firefox
Testing: csp_id=358, page_id=2800, browser=Firefox
Testing: csp_id=358, page_id=2900, browser=Firefox
Testing: csp_id=358, page_id=3000, browser=Firefox
Testing: csp_id=358, page_id=3100, browser=Firefox
Testing: csp_id=358, page_id=3200, browser=Firefox
Testing: csp_id=358, page_id=3300, browser=Firefox
Testing: csp_id=358, page_id=3400, browser=Firefox
Testing: csp_id=358, page_id=3500, browser=Firefox
Testing: csp_id=358, page_id=3600, browser=Firefox
Testing: csp_id=358, page_id=3700, browser=Firefox
Testing: csp_id=358, page_id=3800, browser=Firefox
Testing: csp_id=358, page_id=3900, browser=Firefox
Testing: csp_id=358, page_id=4000, browser=Firefox
Testing: csp_id=358, page_id=4100, browser=Firefox
Testing: csp_id=358, page_id=4200, browser=Firefox
Testing: csp_id=358, page_id=4300, browser=Firefox
Testing: csp_id=358, page_id=4400, browser=Firefox
Testing: csp_id=358, page_id=4500, browser=Firefox
Testing: csp_id=358, page_id=4600, browser=Firefox
Testing: csp_id=358, page_id=4700, browser=Firefox
Testing: csp_id=358, page_id=4800, browser=Firefox
Testing: csp_id=358, page_id=4900, browser=Firefox
Testing: csp_id=358, page_id=5000, browser=Firefox
Testing: csp_id=358, page_id=5100, browser=Firefox
Testing: csp_id=358, page_id=5200, browser=Firefox
Testing: csp_id=358, page_id=5300, browser=Firefox
Testing: csp_id=358, page_id=5400, browser=Firefox
Testing: csp_id=358, page_id=5500, browser=Firefox
Testing: csp_id=358, page_id=5600, browser=Firefox
Testing: csp_id=358, page_id=5700, browser=Firefox
Testing: csp_id=358, page_id=5800, browser=Firefox
Testing: csp_id=358, page_id=5900, browser=Firefox
Testing: csp_id=358, page_id=6000, browser=Firefox
Testing: csp_id=358, page_id=6100, browser=Firefox
Testing: csp_id=358, page_id=6200, browser=Firefox
Testing: csp_id=358, page_id=6300, browser=Firefox
Testing: csp_id=358, page_id=6400, browser=Firefox
Testing: csp_id=358, page_id=6500, browser=Firefox
Testing: csp_id=358, page_id=6600, browser=Firefox
Testing: csp_id=358, page_id=6700, browser=Firefox
Testing: csp_id=358, page_id=6800, browser=Firefox
Testing: csp_id=358, page_id=6900, browser=Firefox
Testing: csp_id=358, page_id=7000, browser=Firefox
Testing: csp_id=358, page_id=7100, browser=Firefox
Testing: csp_id=358, page_id=7200, browser=Firefox
Testing: csp_id=358, page_id=7300, browser=Firefox
Testing: csp_id=358, page_id=7400, browser=Firefox
Testing: csp_id=358, page_id=7500, browser=Firefox
Testing: csp_id=358, page_id=7600, browser=Firefox
Testing: csp_id=358, page_id=7700, browser=Firefox
Testing: csp_id=358, page_id=7800, browser=Firefox
Testing: csp_id=358, page_id=7900, browser=Firefox
Testing: csp_id=358, page_id=8000, browser=Firefox
Testing: csp_id=358, page_id=8100, browser=Firefox
Testing: csp_id=358, page_id=8200, browser=Firefox
Testing: csp_id=358, page_id=8300, browser=Firefox
Testing: csp_id=358, page_id=8400, browser=Firefox
Testing: csp_id=358, page_id=8500, browser=Firefox
Testing: csp_id=358, page_id=8600, browser=Firefox
Testing: csp_id=358, page_id=8700, browser=Firefox
Testing: csp_id=358, page_id=8800, browser=Firefox
Testing: csp_id=358, page_id=8900, browser=Firefox
Testing: csp_id=358, page_id=9000, browser=Firefox
Testing: csp_id=358, page_id=9100, browser=Firefox
Testing: csp_id=358, page_id=9200, browser=Firefox
Testing: csp_id=358, page_id=9300, browser=Firefox
Testing: csp_id=358, page_id=9400, browser=Firefox
Testing: csp_id=358, page_id=9500, browser=Firefox
Testing: csp_id=358, page_id=9600, browser=Firefox
Testing: csp_id=358, page_id=9700, browser=Firefox
Testing: csp_id=358, page_id=9800, browser=Firefox
Testing: csp_id=358, page_id=9900, browser=Firefox
Testing: csp_id=358, page_id=10000, browser=Firefox
Testing: csp_id=358, page_id=10100, browser=Firefox
Testing: csp_id=358, page_id=10200, browser=Firefox
Testing: csp_id=358, page_id=10300, browser=Firefox
Testing: csp_id=358, page_id=10400, browser=Firefox
Testing: csp_id=358, page_id=10500, browser=Firefox
Testing: csp_id=358, page_id=10600, browser=Firefox
Testing: csp_id=358, page_id=10700, browser=Firefox
Testing: csp_id=358, page_id=10800, browser=Firefox
Testing: csp_id=358, page_id=10900, browser=Firefox
Testing: csp_id=358, page_id=11000, browser=Firefox
Testing: csp_id=358, page_id=11100, browser=Firefox
Testing: csp_id=358, page_id=11200, browser=Firefox
Testing: csp_id=358, page_id=11300, browser=Firefox
Testing: csp_id=358, page_id=11400, browser=Firefox
Testing: csp_id=358, page_id=11500, browser=Firefox
Testing: csp_id=358, page_id=11600, browser=Firefox
Testing: csp_id=358, page_id=11700, browser=Firefox
Testing: csp_id=358, page_id=11800, browser=Firefox
Testing: csp_id=358, page_id=11900, browser=Firefox
Testing: csp_id=358, page_id=12000, browser=Firefox
Testing: csp_id=358, page_id=12100, browser=Firefox
Testing: csp_id=358, page_id=12200, browser=Firefox
Testing: csp_id=358, page_id=12300, browser=Firefox
Testing: csp_id=358, page_id=12400, browser=Firefox
Testing: csp_id=358, page_id=12500, browser=Firefox
Testing: csp_id=358, page_id=12600, browser=Firefox
Testing: csp_id=358, page_id=12700, browser=Firefox
Testing: csp_id=358, page_id=12800, browser=Firefox
Testing: csp_id=358, page_id=12900, browser=Firefox
Testing: csp_id=358, page_id=13000, browser=Firefox
Testing: csp_id=358, page_id=13100, browser=Firefox
Testing: csp_id=358, page_id=13200, browser=Firefox
Testing: csp_id=358, page_id=13300, browser=Firefox
Testing: csp_id=358, page_id=13400, browser=Firefox
Testing: csp_id=358, page_id=13500, browser=Firefox
Testing: csp_id=358, page_id=13600, browser=Firefox
Testing: csp_id=358, page_id=13700, browser=Firefox
Testing: csp_id=358, page_id=13800, browser=Firefox
Testing: csp_id=358, page_id=13900, browser=Firefox
Testing: csp_id=358, page_id=14000, browser=Firefox
Testing: csp_id=358, page_id=14100, browser=Firefox
Testing: csp_id=358, page_id=14200, browser=Firefox
Testing: csp_id=358, page_id=14300, browser=Firefox
Testing: csp_id=358, page_id=14400, browser=Firefox
Testing: csp_id=358, page_id=14500, browser=Firefox
Testing: csp_id=358, page_id=14600, browser=Firefox
Testing: csp_id=358, page_id=14700, browser=Firefox
Testing: csp_id=358, page_id=14800, browser=Firefox
Testing: csp_id=358, page_id=14900, browser=Firefox
Testing: csp_id=358, page_id=15000, browser=Firefox
Testing: csp_id=358, page_id=15100, browser=Firefox
Testing: csp_id=358, page_id=15200, browser=Firefox
Testing: csp_id=358, page_id=15300, browser=Firefox
Testing: csp_id=358, page_id=15400, browser=Firefox
Testing: csp_id=358, page_id=15500, browser=Firefox
Testing: csp_id=358, page_id=15600, browser=Firefox
Testing: csp_id=358, page_id=15700, browser=Firefox
Testing: csp_id=358, page_id=15800, browser=Firefox
Testing: csp_id=358, page_id=15900, browser=Firefox
Testing: csp_id=358, page_id=16000, browser=Firefox
Testing: csp_id=358, page_id=16100, browser=Firefox
Testing: csp_id=358, page_id=16200, browser=Firefox
Testing: csp_id=358, page_id=16300, browser=Firefox
Testing: csp_id=358, page_id=16400, browser=Firefox
Testing: csp_id=358, page_id=16500, browser=Firefox
Testing: csp_id=358, page_id=16600, browser=Firefox
Testing: csp_id=358, page_id=16700, browser=Firefox
Testing: csp_id=358, page_id=16800, browser=Firefox
Testing: csp_id=358, page_id=16900, browser=Firefox
Testing: csp_id=358, page_id=17000, browser=Firefox
Testing: csp_id=358, page_id=17100, browser=Firefox
Testing: csp_id=358, page_id=17200, browser=Firefox
Testing: csp_id=358, page_id=17300, browser=Firefox
Testing: csp_id=358, page_id=17400, browser=Firefox
Testing: csp_id=358, page_id=17500, browser=Firefox
Testing: csp_id=358, page_id=17600, browser=Firefox
Testing: csp_id=358, page_id=17700, browser=Firefox
Testing: csp_id=358, page_id=17800, browser=Firefox
Testing: csp_id=358, page_id=17900, browser=Firefox
Testing: csp_id=358, page_id=18000, browser=Firefox
Testing: csp_id=358, page_id=18100, browser=Firefox
Testing: csp_id=358, page_id=18200, browser=Firefox
Testing: csp_id=358, page_id=18300, browser=Firefox
Testing: csp_id=358, page_id=18400, browser=Firefox
Testing: csp_id=358, page_id=18500, browser=Firefox
Testing: csp_id=358, page_id=18600, browser=Firefox
Testing: csp_id=358, page_id=18700, browser=Firefox
Testing: csp_id=358, page_id=18800, browser=Firefox
Testing: csp_id=358, page_id=18900, browser=Firefox
Testing: csp_id=358, page_id=19000, browser=Firefox
Testing: csp_id=358, page_id=19100, browser=Firefox
Testing: csp_id=358, page_id=19200, browser=Firefox
Testing: csp_id=358, page_id=19300, browser=Firefox
Testing: csp_id=358, page_id=19400, browser=Firefox
Testing: csp_id=358, page_id=19500, browser=Firefox
Testing: csp_id=358, page_id=19600, browser=Firefox
Testing: csp_id=358, page_id=19700, browser=Firefox
Testing: csp_id=358, page_id=19800, browser=Firefox
Testing: csp_id=358, page_id=19900, browser=Firefox
Testing: csp_id=358, page_id=20000, browser=Firefox
Testing: csp_id=358, page_id=20100, browser=Firefox
Testing: csp_id=358, page_id=20200, browser=Firefox
Testing: csp_id=358, page_id=20300, browser=Firefox
Testing: csp_id=358, page_id=20400, browser=Firefox
Testing: csp_id=358, page_id=20500, browser=Firefox
Testing: csp_id=358, page_id=20600, browser=Firefox
Testing: csp_id=358, page_id=20700, browser=Firefox
Testing: csp_id=358, page_id=20800, browser=Firefox
Testing: csp_id=358, page_id=20900, browser=Firefox
Testing: csp_id=358, page_id=21000, browser=Firefox
Testing: csp_id=358, page_id=21100, browser=Firefox
Testing: csp_id=358, page_id=21200, browser=Firefox
Testing: csp_id=358, page_id=21300, browser=Firefox
Testing: csp_id=358, page_id=21400, browser=Firefox
Testing: csp_id=358, page_id=21500, browser=Firefox
Testing: csp_id=358, page_id=21600, browser=Firefox
Testing: csp_id=358, page_id=21700, browser=Firefox
Testing: csp_id=358, page_id=21800, browser=Firefox
Testing: csp_id=358, page_id=21900, browser=Firefox
Testing: csp_id=358, page_id=22000, browser=Firefox
Testing: csp_id=358, page_id=22100, browser=Firefox
Testing: csp_id=358, page_id=22200, browser=Firefox
Testing: csp_id=358, page_id=22300, browser=Firefox
Testing: csp_id=358, page_id=22400, browser=Firefox
Testing: csp_id=358, page_id=22500, browser=Firefox
Testing: csp_id=358, page_id=22600, browser=Firefox
Testing: csp_id=358, page_id=22700, browser=Firefox
Testing: csp_id=358, page_id=22800, browser=Firefox
Testing: csp_id=358, page_id=22900, browser=Firefox
Testing: csp_id=358, page_id=23000, browser=Firefox
Testing: csp_id=358, page_id=23100, browser=Firefox
Testing: csp_id=358, page_id=23200, browser=Firefox
Testing: csp_id=358, page_id=23300, browser=Firefox
Testing: csp_id=358, page_id=23400, browser=Firefox
Testing: csp_id=358, page_id=23500, browser=Firefox
Testing: csp_id=358, page_id=23600, browser=Firefox
Testing: csp_id=358, page_id=23700, browser=Firefox
Testing: csp_id=358, page_id=23800, browser=Firefox
Testing: csp_id=358, page_id=23900, browser=Firefox
Testing: csp_id=358, page_id=24000, browser=Firefox
Testing: csp_id=358, page_id=24100, browser=Firefox
Testing: csp_id=358, page_id=24200, browser=Firefox
Testing: csp_id=358, page_id=24300, browser=Firefox
Testing: csp_id=358, page_id=24400, browser=Firefox
Testing: csp_id=358, page_id=24500, browser=Firefox
Testing: csp_id=358, page_id=24600, browser=Firefox
Testing: csp_id=358, page_id=24700, browser=Firefox
Testing: csp_id=358, page_id=24800, browser=Firefox
Testing: csp_id=358, page_id=24900, browser=Firefox
Testing: csp_id=358, page_id=25000, browser=Firefox
Testing: csp_id=358, page_id=25100, browser=Firefox
Testing: csp_id=358, page_id=25200, browser=Firefox
Testing: csp_id=358, page_id=25300, browser=Firefox
Testing: csp_id=358, page_id=25400, browser=Firefox
Testing: csp_id=358, page_id=25500, browser=Firefox
Testing: csp_id=358, page_id=25600, browser=Firefox
Testing: csp_id=358, page_id=25700, browser=Firefox
Testing: csp_id=358, page_id=25800, browser=Firefox
Testing: csp_id=358, page_id=25900, browser=Firefox
Testing: csp_id=358, page_id=26000, browser=Firefox
Testing: csp_id=358, page_id=26100, browser=Firefox
Testing: csp_id=358, page_id=26200, browser=Firefox
Testing: csp_id=358, page_id=26300, browser=Firefox
Testing: csp_id=358, page_id=26400, browser=Firefox
Testing: csp_id=358, page_id=26500, browser=Firefox
Testing: csp_id=358, page_id=26600, browser=Firefox
Testing: csp_id=358, page_id=26700, browser=Firefox
Testing: csp_id=358, page_id=26800, browser=Firefox
Testing: csp_id=358, page_id=26900, browser=Firefox
Testing: csp_id=358, page_id=27000, browser=Firefox
Testing: csp_id=358, page_id=27100, browser=Firefox
Testing: csp_id=358, page_id=27200, browser=Firefox
Testing: csp_id=358, page_id=27300, browser=Firefox
Testing: csp_id=358, page_id=27400, browser=Firefox
Testing: csp_id=358, page_id=27500, browser=Firefox
Testing: csp_id=358, page_id=27600, browser=Firefox
Testing: csp_id=358, page_id=27700, browser=Firefox
Testing: csp_id=358, page_id=27800, browser=Firefox
Testing: csp_id=358, page_id=27900, browser=Firefox
Testing: csp_id=358, page_id=28000, browser=Firefox
Testing: csp_id=358, page_id=28100, browser=Firefox
Testing: csp_id=358, page_id=28200, browser=Firefox
Testing: csp_id=358, page_id=28300, browser=Firefox
Testing: csp_id=358, page_id=28400, browser=Firefox
Testing: csp_id=358, page_id=28500, browser=Firefox
Testing: csp_id=358, page_id=28600, browser=Firefox
Testing: csp_id=358, page_id=28700, browser=Firefox
Testing: csp_id=358, page_id=28800, browser=Firefox
Testing: csp_id=358, page_id=28900, browser=Firefox
Testing: csp_id=358, page_id=29000, browser=Firefox
Testing: csp_id=358, page_id=29100, browser=Firefox
Testing: csp_id=358, page_id=29200, browser=Firefox
Testing: csp_id=358, page_id=29300, browser=Firefox
Testing: csp_id=358, page_id=29400, browser=Firefox
Testing: csp_id=358, page_id=29500, browser=Firefox
Testing: csp_id=358, page_id=29600, browser=Firefox
Testing: csp_id=358, page_id=29700, browser=Firefox
Testing: csp_id=358, page_id=29800, browser=Firefox
🏊 create_context_pools[first] (5x16): 27.191s
Testing: csp_id=366, page_id=0, browser=Firefox
Testing: csp_id=366, page_id=100, browser=Firefox
Testing: csp_id=366, page_id=200, browser=Firefox
Testing: csp_id=366, page_id=300, browser=Firefox
Testing: csp_id=366, page_id=400, browser=Firefox
Testing: csp_id=366, page_id=500, browser=Firefox
Testing: csp_id=366, page_id=600, browser=Firefox
Testing: csp_id=366, page_id=700, browser=Firefox
Testing: csp_id=366, page_id=800, browser=Firefox
Testing: csp_id=366, page_id=900, browser=Firefox
Testing: csp_id=366, page_id=1000, browser=Firefox
Testing: csp_id=366, page_id=1100, browser=Firefox
Testing: csp_id=366, page_id=1200, browser=Firefox
Testing: csp_id=366, page_id=1300, browser=Firefox
Testing: csp_id=366, page_id=1400, browser=Firefox
Testing: csp_id=366, page_id=1500, browser=Firefox
Testing: csp_id=366, page_id=1600, browser=Firefox
Testing: csp_id=366, page_id=1700, browser=Firefox
Testing: csp_id=366, page_id=1800, browser=Firefox
Testing: csp_id=366, page_id=1900, browser=Firefox
Testing: csp_id=366, page_id=2000, browser=Firefox
Testing: csp_id=366, page_id=2100, browser=Firefox
Testing: csp_id=366, page_id=2200, browser=Firefox
Testing: csp_id=366, page_id=2300, browser=Firefox
Testing: csp_id=366, page_id=2400, browser=Firefox
Testing: csp_id=366, page_id=2500, browser=Firefox
Testing: csp_id=366, page_id=2600, browser=Firefox
Testing: csp_id=366, page_id=2700, browser=Firefox
Testing: csp_id=366, page_id=2800, browser=Firefox
Testing: csp_id=366, page_id=2900, browser=Firefox
Testing: csp_id=366, page_id=3000, browser=Firefox
Testing: csp_id=366, page_id=3100, browser=Firefox
Testing: csp_id=366, page_id=3200, browser=Firefox
Testing: csp_id=366, page_id=3300, browser=Firefox
Testing: csp_id=366, page_id=3400, browser=Firefox
Testing: csp_id=366, page_id=3500, browser=Firefox
Testing: csp_id=366, page_id=3600, browser=Firefox
Testing: csp_id=366, page_id=3700, browser=Firefox
Testing: csp_id=366, page_id=3800, browser=Firefox
Testing: csp_id=366, page_id=3900, browser=Firefox
Testing: csp_id=366, page_id=4000, browser=Firefox
Testing: csp_id=366, page_id=4100, browser=Firefox
Testing: csp_id=366, page_id=4200, browser=Firefox
Testing: csp_id=366, page_id=4300, browser=Firefox
Testing: csp_id=366, page_id=4400, browser=Firefox
Testing: csp_id=366, page_id=4500, browser=Firefox
Testing: csp_id=366, page_id=4600, browser=Firefox
Testing: csp_id=366, page_id=4700, browser=Firefox
Testing: csp_id=366, page_id=4800, browser=Firefox
Testing: csp_id=366, page_id=4900, browser=Firefox
Testing: csp_id=366, page_id=5000, browser=Firefox
Testing: csp_id=366, page_id=5100, browser=Firefox
Testing: csp_id=366, page_id=5200, browser=Firefox
Testing: csp_id=366, page_id=5300, browser=Firefox
Testing: csp_id=366, page_id=5400, browser=Firefox
Testing: csp_id=366, page_id=5500, browser=Firefox
Testing: csp_id=366, page_id=5600, browser=Firefox
Testing: csp_id=366, page_id=5700, browser=Firefox
Testing: csp_id=366, page_id=5800, browser=Firefox
Testing: csp_id=366, page_id=5900, browser=Firefox
Testing: csp_id=366, page_id=6000, browser=Firefox
Testing: csp_id=366, page_id=6100, browser=Firefox
Testing: csp_id=366, page_id=6200, browser=Firefox
Testing: csp_id=366, page_id=6300, browser=Firefox
Testing: csp_id=366, page_id=6400, browser=Firefox
Testing: csp_id=366, page_id=6500, browser=Firefox
Testing: csp_id=366, page_id=6600, browser=Firefox
Testing: csp_id=366, page_id=6700, browser=Firefox
Testing: csp_id=366, page_id=6800, browser=Firefox
Testing: csp_id=366, page_id=6900, browser=Firefox
Testing: csp_id=366, page_id=7000, browser=Firefox
Testing: csp_id=366, page_id=7100, browser=Firefox
Testing: csp_id=366, page_id=7200, browser=Firefox
Testing: csp_id=366, page_id=7300, browser=Firefox
Testing: csp_id=366, page_id=7400, browser=Firefox
Testing: csp_id=366, page_id=7500, browser=Firefox
Testing: csp_id=366, page_id=7600, browser=Firefox
Testing: csp_id=366, page_id=7700, browser=Firefox
Testing: csp_id=366, page_id=7800, browser=Firefox
Testing: csp_id=366, page_id=7900, browser=Firefox
Testing: csp_id=366, page_id=8000, browser=Firefox
Testing: csp_id=366, page_id=8100, browser=Firefox
Testing: csp_id=366, page_id=8200, browser=Firefox
Testing: csp_id=366, page_id=8300, browser=Firefox
Testing: csp_id=366, page_id=8400, browser=Firefox
Testing: csp_id=366, page_id=8500, browser=Firefox
Testing: csp_id=366, page_id=8600, browser=Firefox
Testing: csp_id=366, page_id=8700, browser=Firefox
Testing: csp_id=366, page_id=8800, browser=Firefox
Testing: csp_id=366, page_id=8900, browser=Firefox
Testing: csp_id=366, page_id=9000, browser=Firefox
Testing: csp_id=366, page_id=9100, browser=Firefox
Testing: csp_id=366, page_id=9200, browser=Firefox
Testing: csp_id=366, page_id=9300, browser=Firefox
Testing: csp_id=366, page_id=9400, browser=Firefox
Testing: csp_id=366, page_id=9500, browser=Firefox
Testing: csp_id=366, page_id=9600, browser=Firefox
Testing: csp_id=366, page_id=9700, browser=Firefox
Testing: csp_id=366, page_id=9800, browser=Firefox
Testing: csp_id=366, page_id=9900, browser=Firefox
Testing: csp_id=366, page_id=10000, browser=Firefox
Testing: csp_id=366, page_id=10100, browser=Firefox
Testing: csp_id=366, page_id=10200, browser=Firefox
Testing: csp_id=366, page_id=10300, browser=Firefox
Testing: csp_id=366, page_id=10400, browser=Firefox
Testing: csp_id=366, page_id=10500, browser=Firefox
Testing: csp_id=366, page_id=10600, browser=Firefox
Testing: csp_id=366, page_id=10700, browser=Firefox
Testing: csp_id=366, page_id=10800, browser=Firefox
Testing: csp_id=366, page_id=10900, browser=Firefox
Testing: csp_id=366, page_id=11000, browser=Firefox
Testing: csp_id=366, page_id=11100, browser=Firefox
Testing: csp_id=366, page_id=11200, browser=Firefox
Testing: csp_id=366, page_id=11300, browser=Firefox
Testing: csp_id=366, page_id=11400, browser=Firefox
Testing: csp_id=366, page_id=11500, browser=Firefox
Testing: csp_id=366, page_id=11600, browser=Firefox
Testing: csp_id=366, page_id=11700, browser=Firefox
Testing: csp_id=366, page_id=11800, browser=Firefox
Testing: csp_id=366, page_id=11900, browser=Firefox
Testing: csp_id=366, page_id=12000, browser=Firefox
Testing: csp_id=366, page_id=12100, browser=Firefox
Testing: csp_id=366, page_id=12200, browser=Firefox
Testing: csp_id=366, page_id=12300, browser=Firefox
Testing: csp_id=366, page_id=12400, browser=Firefox
Testing: csp_id=366, page_id=12500, browser=Firefox
Testing: csp_id=366, page_id=12600, browser=Firefox
Testing: csp_id=366, page_id=12700, browser=Firefox
Testing: csp_id=366, page_id=12800, browser=Firefox
Testing: csp_id=366, page_id=12900, browser=Firefox
Testing: csp_id=366, page_id=13000, browser=Firefox
Testing: csp_id=366, page_id=13100, browser=Firefox
Testing: csp_id=366, page_id=13200, browser=Firefox
Testing: csp_id=366, page_id=13300, browser=Firefox
Testing: csp_id=366, page_id=13400, browser=Firefox
Testing: csp_id=366, page_id=13500, browser=Firefox
Testing: csp_id=366, page_id=13600, browser=Firefox
Testing: csp_id=366, page_id=13700, browser=Firefox
Testing: csp_id=366, page_id=13800, browser=Firefox
Testing: csp_id=366, page_id=13900, browser=Firefox
Testing: csp_id=366, page_id=14000, browser=Firefox
Testing: csp_id=366, page_id=14100, browser=Firefox
Testing: csp_id=366, page_id=14200, browser=Firefox
Testing: csp_id=366, page_id=14300, browser=Firefox
Testing: csp_id=366, page_id=14400, browser=Firefox
Testing: csp_id=366, page_id=14500, browser=Firefox
Testing: csp_id=366, page_id=14600, browser=Firefox
Testing: csp_id=366, page_id=14700, browser=Firefox
Testing: csp_id=366, page_id=14800, browser=Firefox
Testing: csp_id=366, page_id=14900, browser=Firefox
Testing: csp_id=366, page_id=15000, browser=Firefox
Testing: csp_id=366, page_id=15100, browser=Firefox
Testing: csp_id=366, page_id=15200, browser=Firefox
Testing: csp_id=366, page_id=15300, browser=Firefox
Testing: csp_id=366, page_id=15400, browser=Firefox
Testing: csp_id=366, page_id=15500, browser=Firefox
Testing: csp_id=366, page_id=15600, browser=Firefox
Testing: csp_id=366, page_id=15700, browser=Firefox
Testing: csp_id=366, page_id=15800, browser=Firefox
Testing: csp_id=366, page_id=15900, browser=Firefox
Testing: csp_id=366, page_id=16000, browser=Firefox
Testing: csp_id=366, page_id=16100, browser=Firefox
Testing: csp_id=366, page_id=16200, browser=Firefox
Testing: csp_id=366, page_id=16300, browser=Firefox
Testing: csp_id=366, page_id=16400, browser=Firefox
Testing: csp_id=366, page_id=16500, browser=Firefox
Testing: csp_id=366, page_id=16600, browser=Firefox
Testing: csp_id=366, page_id=16700, browser=Firefox
Testing: csp_id=366, page_id=16800, browser=Firefox
Testing: csp_id=366, page_id=16900, browser=Firefox
Testing: csp_id=366, page_id=17000, browser=Firefox
Testing: csp_id=366, page_id=17100, browser=Firefox
Testing: csp_id=366, page_id=17200, browser=Firefox
Testing: csp_id=366, page_id=17300, browser=Firefox
Testing: csp_id=366, page_id=17400, browser=Firefox
Testing: csp_id=366, page_id=17500, browser=Firefox
Testing: csp_id=366, page_id=17600, browser=Firefox
Testing: csp_id=366, page_id=17700, browser=Firefox
Testing: csp_id=366, page_id=17800, browser=Firefox
Testing: csp_id=366, page_id=17900, browser=Firefox
Testing: csp_id=366, page_id=18000, browser=Firefox
Testing: csp_id=366, page_id=18100, browser=Firefox
Testing: csp_id=366, page_id=18200, browser=Firefox
Testing: csp_id=366, page_id=18300, browser=Firefox
Testing: csp_id=366, page_id=18400, browser=Firefox
Testing: csp_id=366, page_id=18500, browser=Firefox
Testing: csp_id=366, page_id=18600, browser=Firefox
Testing: csp_id=366, page_id=18700, browser=Firefox
Testing: csp_id=366, page_id=18800, browser=Firefox
Testing: csp_id=366, page_id=18900, browser=Firefox
Testing: csp_id=366, page_id=19000, browser=Firefox
Testing: csp_id=366, page_id=19100, browser=Firefox
Testing: csp_id=366, page_id=19200, browser=Firefox
Testing: csp_id=366, page_id=19300, browser=Firefox
Testing: csp_id=366, page_id=19400, browser=Firefox
Testing: csp_id=366, page_id=19500, browser=Firefox
Testing: csp_id=366, page_id=19600, browser=Firefox
Testing: csp_id=366, page_id=19700, browser=Firefox
Testing: csp_id=366, page_id=19800, browser=Firefox
Testing: csp_id=366, page_id=19900, browser=Firefox
Testing: csp_id=366, page_id=20000, browser=Firefox
Testing: csp_id=366, page_id=20100, browser=Firefox
Testing: csp_id=366, page_id=20200, browser=Firefox
Testing: csp_id=366, page_id=20300, browser=Firefox
Testing: csp_id=366, page_id=20400, browser=Firefox
Testing: csp_id=366, page_id=20500, browser=Firefox
Testing: csp_id=366, page_id=20600, browser=Firefox
Testing: csp_id=366, page_id=20700, browser=Firefox
Testing: csp_id=366, page_id=20800, browser=Firefox
Testing: csp_id=366, page_id=20900, browser=Firefox
Testing: csp_id=366, page_id=21000, browser=Firefox
Testing: csp_id=366, page_id=21100, browser=Firefox
Testing: csp_id=366, page_id=21200, browser=Firefox
Testing: csp_id=366, page_id=21300, browser=Firefox
Testing: csp_id=366, page_id=21400, browser=Firefox
Testing: csp_id=366, page_id=21500, browser=Firefox
Testing: csp_id=366, page_id=21600, browser=Firefox
Testing: csp_id=366, page_id=21700, browser=Firefox
Testing: csp_id=366, page_id=21800, browser=Firefox
Testing: csp_id=366, page_id=21900, browser=Firefox
Testing: csp_id=366, page_id=22000, browser=Firefox
Testing: csp_id=366, page_id=22100, browser=Firefox
Testing: csp_id=366, page_id=22200, browser=Firefox
Testing: csp_id=366, page_id=22300, browser=Firefox
Testing: csp_id=366, page_id=22400, browser=Firefox
Testing: csp_id=366, page_id=22500, browser=Firefox
Testing: csp_id=366, page_id=22600, browser=Firefox
Testing: csp_id=366, page_id=22700, browser=Firefox
Testing: csp_id=366, page_id=22800, browser=Firefox
Testing: csp_id=366, page_id=22900, browser=Firefox
Testing: csp_id=366, page_id=23000, browser=Firefox
Testing: csp_id=366, page_id=23100, browser=Firefox
Testing: csp_id=366, page_id=23200, browser=Firefox
Testing: csp_id=366, page_id=23300, browser=Firefox
Testing: csp_id=366, page_id=23400, browser=Firefox
Testing: csp_id=366, page_id=23500, browser=Firefox
Testing: csp_id=366, page_id=23600, browser=Firefox
Testing: csp_id=366, page_id=23700, browser=Firefox
Testing: csp_id=366, page_id=23800, browser=Firefox
Testing: csp_id=366, page_id=23900, browser=Firefox
Testing: csp_id=366, page_id=24000, browser=Firefox
Testing: csp_id=366, page_id=24100, browser=Firefox
Testing: csp_id=366, page_id=24200, browser=Firefox
Testing: csp_id=366, page_id=24300, browser=Firefox
Testing: csp_id=366, page_id=24400, browser=Firefox
Testing: csp_id=366, page_id=24500, browser=Firefox
Testing: csp_id=366, page_id=24600, browser=Firefox
Testing: csp_id=366, page_id=24700, browser=Firefox
Testing: csp_id=366, page_id=24800, browser=Firefox
Testing: csp_id=366, page_id=24900, browser=Firefox
Testing: csp_id=366, page_id=25000, browser=Firefox
Testing: csp_id=366, page_id=25100, browser=Firefox
Testing: csp_id=366, page_id=25200, browser=Firefox
Testing: csp_id=366, page_id=25300, browser=Firefox
Testing: csp_id=366, page_id=25400, browser=Firefox
Testing: csp_id=366, page_id=25500, browser=Firefox
Testing: csp_id=366, page_id=25600, browser=Firefox
Testing: csp_id=366, page_id=25700, browser=Firefox
Testing: csp_id=366, page_id=25800, browser=Firefox
Testing: csp_id=366, page_id=25900, browser=Firefox
Testing: csp_id=366, page_id=26000, browser=Firefox
Testing: csp_id=366, page_id=26100, browser=Firefox
Testing: csp_id=366, page_id=26200, browser=Firefox
Testing: csp_id=366, page_id=26300, browser=Firefox
Testing: csp_id=366, page_id=26400, browser=Firefox
Testing: csp_id=366, page_id=26500, browser=Firefox
Testing: csp_id=366, page_id=26600, browser=Firefox
Testing: csp_id=366, page_id=26700, browser=Firefox
Testing: csp_id=366, page_id=26800, browser=Firefox
Testing: csp_id=366, page_id=26900, browser=Firefox
Testing: csp_id=366, page_id=27000, browser=Firefox
Testing: csp_id=366, page_id=27100, browser=Firefox
Testing: csp_id=366, page_id=27200, browser=Firefox
Testing: csp_id=366, page_id=27300, browser=Firefox
Testing: csp_id=366, page_id=27400, browser=Firefox
Testing: csp_id=366, page_id=27500, browser=Firefox
Testing: csp_id=366, page_id=27600, browser=Firefox
Testing: csp_id=366, page_id=27700, browser=Firefox
Testing: csp_id=366, page_id=27800, browser=Firefox
Testing: csp_id=366, page_id=27900, browser=Firefox
Testing: csp_id=366, page_id=28000, browser=Firefox
Testing: csp_id=366, page_id=28100, browser=Firefox
Testing: csp_id=366, page_id=28200, browser=Firefox
Testing: csp_id=366, page_id=28300, browser=Firefox
Testing: csp_id=366, page_id=28400, browser=Firefox
Testing: csp_id=366, page_id=28500, browser=Firefox
Testing: csp_id=366, page_id=28600, browser=Firefox
Testing: csp_id=366, page_id=28700, browser=Firefox
Testing: csp_id=366, page_id=28800, browser=Firefox
Testing: csp_id=366, page_id=28900, browser=Firefox
Testing: csp_id=366, page_id=29000, browser=Firefox
Testing: csp_id=366, page_id=29100, browser=Firefox
Testing: csp_id=366, page_id=29200, browser=Firefox
Testing: csp_id=366, page_id=29300, browser=Firefox
Testing: csp_id=366, page_id=29400, browser=Firefox
Testing: csp_id=366, page_id=29500, browser=Firefox
Testing: csp_id=366, page_id=29600, browser=Firefox
Testing: csp_id=366, page_id=29700, browser=Firefox
Testing: csp_id=366, page_id=29800, browser=Firefox
🏊 create_context_pools[first] (5x16): 30.388s
Testing: csp_id=378, page_id=0, browser=Firefox
Testing: csp_id=378, page_id=100, browser=Firefox
Testing: csp_id=378, page_id=200, browser=Firefox
Testing: csp_id=378, page_id=300, browser=Firefox
Testing: csp_id=378, page_id=400, browser=Firefox
Testing: csp_id=378, page_id=500, browser=Firefox
Testing: csp_id=378, page_id=600, browser=Firefox
Testing: csp_id=378, page_id=700, browser=Firefox
Testing: csp_id=378, page_id=800, browser=Firefox
Testing: csp_id=378, page_id=900, browser=Firefox
Testing: csp_id=378, page_id=1000, browser=Firefox
Testing: csp_id=378, page_id=1100, browser=Firefox
Testing: csp_id=378, page_id=1200, browser=Firefox
Testing: csp_id=378, page_id=1300, browser=Firefox
Testing: csp_id=378, page_id=1400, browser=Firefox
Testing: csp_id=378, page_id=1500, browser=Firefox
Testing: csp_id=378, page_id=1600, browser=Firefox
Testing: csp_id=378, page_id=1700, browser=Firefox
Testing: csp_id=378, page_id=1800, browser=Firefox
Testing: csp_id=378, page_id=1900, browser=Firefox
Testing: csp_id=378, page_id=2000, browser=Firefox
Testing: csp_id=378, page_id=2100, browser=Firefox
Testing: csp_id=378, page_id=2200, browser=Firefox
Testing: csp_id=378, page_id=2300, browser=Firefox
Testing: csp_id=378, page_id=2400, browser=Firefox
Testing: csp_id=378, page_id=2500, browser=Firefox
Testing: csp_id=378, page_id=2600, browser=Firefox
Testing: csp_id=378, page_id=2700, browser=Firefox
Testing: csp_id=378, page_id=2800, browser=Firefox
Testing: csp_id=378, page_id=2900, browser=Firefox
Testing: csp_id=378, page_id=3000, browser=Firefox
Testing: csp_id=378, page_id=3100, browser=Firefox
Testing: csp_id=378, page_id=3200, browser=Firefox
Testing: csp_id=378, page_id=3300, browser=Firefox
Testing: csp_id=378, page_id=3400, browser=Firefox
Testing: csp_id=378, page_id=3500, browser=Firefox
Testing: csp_id=378, page_id=3600, browser=Firefox
Testing: csp_id=378, page_id=3700, browser=Firefox
Testing: csp_id=378, page_id=3800, browser=Firefox
Testing: csp_id=378, page_id=3900, browser=Firefox
Testing: csp_id=378, page_id=4000, browser=Firefox
Testing: csp_id=378, page_id=4100, browser=Firefox
Testing: csp_id=378, page_id=4200, browser=Firefox
Testing: csp_id=378, page_id=4300, browser=Firefox
Testing: csp_id=378, page_id=4400, browser=Firefox
Testing: csp_id=378, page_id=4500, browser=Firefox
Testing: csp_id=378, page_id=4600, browser=Firefox
Testing: csp_id=378, page_id=4700, browser=Firefox
Testing: csp_id=378, page_id=4800, browser=Firefox
Testing: csp_id=378, page_id=4900, browser=Firefox
Testing: csp_id=378, page_id=5000, browser=Firefox
Testing: csp_id=378, page_id=5100, browser=Firefox
Testing: csp_id=378, page_id=5200, browser=Firefox
Testing: csp_id=378, page_id=5300, browser=Firefox
Testing: csp_id=378, page_id=5400, browser=Firefox
Testing: csp_id=378, page_id=5500, browser=Firefox
Testing: csp_id=378, page_id=5600, browser=Firefox
Testing: csp_id=378, page_id=5700, browser=Firefox
Testing: csp_id=378, page_id=5800, browser=Firefox
Testing: csp_id=378, page_id=5900, browser=Firefox
Testing: csp_id=378, page_id=6000, browser=Firefox
Testing: csp_id=378, page_id=6100, browser=Firefox
Testing: csp_id=378, page_id=6200, browser=Firefox
Testing: csp_id=378, page_id=6300, browser=Firefox
Testing: csp_id=378, page_id=6400, browser=Firefox
Testing: csp_id=378, page_id=6500, browser=Firefox
Testing: csp_id=378, page_id=6600, browser=Firefox
Testing: csp_id=378, page_id=6700, browser=Firefox
Testing: csp_id=378, page_id=6800, browser=Firefox
Testing: csp_id=378, page_id=6900, browser=Firefox
Testing: csp_id=378, page_id=7000, browser=Firefox
Testing: csp_id=378, page_id=7100, browser=Firefox
Testing: csp_id=378, page_id=7200, browser=Firefox
Testing: csp_id=378, page_id=7300, browser=Firefox
Testing: csp_id=378, page_id=7400, browser=Firefox
Testing: csp_id=378, page_id=7500, browser=Firefox
Testing: csp_id=378, page_id=7600, browser=Firefox
Testing: csp_id=378, page_id=7700, browser=Firefox
Testing: csp_id=378, page_id=7800, browser=Firefox
Testing: csp_id=378, page_id=7900, browser=Firefox
Testing: csp_id=378, page_id=8000, browser=Firefox
Testing: csp_id=378, page_id=8100, browser=Firefox
Testing: csp_id=378, page_id=8200, browser=Firefox
Testing: csp_id=378, page_id=8300, browser=Firefox
Testing: csp_id=378, page_id=8400, browser=Firefox
Testing: csp_id=378, page_id=8500, browser=Firefox
Testing: csp_id=378, page_id=8600, browser=Firefox
Testing: csp_id=378, page_id=8700, browser=Firefox
Testing: csp_id=378, page_id=8800, browser=Firefox
Testing: csp_id=378, page_id=8900, browser=Firefox
Testing: csp_id=378, page_id=9000, browser=Firefox
Testing: csp_id=378, page_id=9100, browser=Firefox
Testing: csp_id=378, page_id=9200, browser=Firefox
Testing: csp_id=378, page_id=9300, browser=Firefox
Testing: csp_id=378, page_id=9400, browser=Firefox
Testing: csp_id=378, page_id=9500, browser=Firefox
Testing: csp_id=378, page_id=9600, browser=Firefox
Testing: csp_id=378, page_id=9700, browser=Firefox
Testing: csp_id=378, page_id=9800, browser=Firefox
Testing: csp_id=378, page_id=9900, browser=Firefox
Testing: csp_id=378, page_id=10000, browser=Firefox
Testing: csp_id=378, page_id=10100, browser=Firefox
Testing: csp_id=378, page_id=10200, browser=Firefox
Testing: csp_id=378, page_id=10300, browser=Firefox
Testing: csp_id=378, page_id=10400, browser=Firefox
Testing: csp_id=378, page_id=10500, browser=Firefox
Testing: csp_id=378, page_id=10600, browser=Firefox
Testing: csp_id=378, page_id=10700, browser=Firefox
Testing: csp_id=378, page_id=10800, browser=Firefox
Testing: csp_id=378, page_id=10900, browser=Firefox
Testing: csp_id=378, page_id=11000, browser=Firefox
Testing: csp_id=378, page_id=11100, browser=Firefox
Testing: csp_id=378, page_id=11200, browser=Firefox
Testing: csp_id=378, page_id=11300, browser=Firefox
Testing: csp_id=378, page_id=11400, browser=Firefox
Testing: csp_id=378, page_id=11500, browser=Firefox
Testing: csp_id=378, page_id=11600, browser=Firefox
Testing: csp_id=378, page_id=11700, browser=Firefox
Testing: csp_id=378, page_id=11800, browser=Firefox
Testing: csp_id=378, page_id=11900, browser=Firefox
Testing: csp_id=378, page_id=12000, browser=Firefox
Testing: csp_id=378, page_id=12100, browser=Firefox
Testing: csp_id=378, page_id=12200, browser=Firefox
Testing: csp_id=378, page_id=12300, browser=Firefox
Testing: csp_id=378, page_id=12400, browser=Firefox
Testing: csp_id=378, page_id=12500, browser=Firefox
Testing: csp_id=378, page_id=12600, browser=Firefox
Testing: csp_id=378, page_id=12700, browser=Firefox
Testing: csp_id=378, page_id=12800, browser=Firefox
Testing: csp_id=378, page_id=12900, browser=Firefox
Testing: csp_id=378, page_id=13000, browser=Firefox
Testing: csp_id=378, page_id=13100, browser=Firefox
Testing: csp_id=378, page_id=13200, browser=Firefox
Testing: csp_id=378, page_id=13300, browser=Firefox
Testing: csp_id=378, page_id=13400, browser=Firefox
Testing: csp_id=378, page_id=13500, browser=Firefox
Testing: csp_id=378, page_id=13600, browser=Firefox
Testing: csp_id=378, page_id=13700, browser=Firefox
Testing: csp_id=378, page_id=13800, browser=Firefox
Testing: csp_id=378, page_id=13900, browser=Firefox
Testing: csp_id=378, page_id=14000, browser=Firefox
Testing: csp_id=378, page_id=14100, browser=Firefox
Testing: csp_id=378, page_id=14200, browser=Firefox
Testing: csp_id=378, page_id=14300, browser=Firefox
Testing: csp_id=378, page_id=14400, browser=Firefox
Testing: csp_id=378, page_id=14500, browser=Firefox
Testing: csp_id=378, page_id=14600, browser=Firefox
Testing: csp_id=378, page_id=14700, browser=Firefox
Testing: csp_id=378, page_id=14800, browser=Firefox
Testing: csp_id=378, page_id=14900, browser=Firefox
Testing: csp_id=378, page_id=15000, browser=Firefox
Testing: csp_id=378, page_id=15100, browser=Firefox
Testing: csp_id=378, page_id=15200, browser=Firefox
Testing: csp_id=378, page_id=15300, browser=Firefox
Testing: csp_id=378, page_id=15400, browser=Firefox
Testing: csp_id=378, page_id=15500, browser=Firefox
Testing: csp_id=378, page_id=15600, browser=Firefox
Testing: csp_id=378, page_id=15700, browser=Firefox
Testing: csp_id=378, page_id=15800, browser=Firefox
Testing: csp_id=378, page_id=15900, browser=Firefox
Testing: csp_id=378, page_id=16000, browser=Firefox
Testing: csp_id=378, page_id=16100, browser=Firefox
Testing: csp_id=378, page_id=16200, browser=Firefox
Testing: csp_id=378, page_id=16300, browser=Firefox
Testing: csp_id=378, page_id=16400, browser=Firefox
Testing: csp_id=378, page_id=16500, browser=Firefox
Testing: csp_id=378, page_id=16600, browser=Firefox
Testing: csp_id=378, page_id=16700, browser=Firefox
Testing: csp_id=378, page_id=16800, browser=Firefox
Testing: csp_id=378, page_id=16900, browser=Firefox
Testing: csp_id=378, page_id=17000, browser=Firefox
Testing: csp_id=378, page_id=17100, browser=Firefox
Testing: csp_id=378, page_id=17200, browser=Firefox
Testing: csp_id=378, page_id=17300, browser=Firefox
Testing: csp_id=378, page_id=17400, browser=Firefox
Testing: csp_id=378, page_id=17500, browser=Firefox
Testing: csp_id=378, page_id=17600, browser=Firefox
Testing: csp_id=378, page_id=17700, browser=Firefox
Testing: csp_id=378, page_id=17800, browser=Firefox
Testing: csp_id=378, page_id=17900, browser=Firefox
Testing: csp_id=378, page_id=18000, browser=Firefox
Testing: csp_id=378, page_id=18100, browser=Firefox
Testing: csp_id=378, page_id=18200, browser=Firefox
Testing: csp_id=378, page_id=18300, browser=Firefox
Testing: csp_id=378, page_id=18400, browser=Firefox
Testing: csp_id=378, page_id=18500, browser=Firefox
Testing: csp_id=378, page_id=18600, browser=Firefox
Testing: csp_id=378, page_id=18700, browser=Firefox
Testing: csp_id=378, page_id=18800, browser=Firefox
Testing: csp_id=378, page_id=18900, browser=Firefox
Testing: csp_id=378, page_id=19000, browser=Firefox
Testing: csp_id=378, page_id=19100, browser=Firefox
Testing: csp_id=378, page_id=19200, browser=Firefox
Testing: csp_id=378, page_id=19300, browser=Firefox
Testing: csp_id=378, page_id=19400, browser=Firefox
Testing: csp_id=378, page_id=19500, browser=Firefox
Testing: csp_id=378, page_id=19600, browser=Firefox
Testing: csp_id=378, page_id=19700, browser=Firefox
Testing: csp_id=378, page_id=19800, browser=Firefox
Testing: csp_id=378, page_id=19900, browser=Firefox
Testing: csp_id=378, page_id=20000, browser=Firefox
Testing: csp_id=378, page_id=20100, browser=Firefox
Testing: csp_id=378, page_id=20200, browser=Firefox
Testing: csp_id=378, page_id=20300, browser=Firefox
Testing: csp_id=378, page_id=20400, browser=Firefox
Testing: csp_id=378, page_id=20500, browser=Firefox
Testing: csp_id=378, page_id=20600, browser=Firefox
Testing: csp_id=378, page_id=20700, browser=Firefox
Testing: csp_id=378, page_id=20800, browser=Firefox
Testing: csp_id=378, page_id=20900, browser=Firefox
Testing: csp_id=378, page_id=21000, browser=Firefox
Testing: csp_id=378, page_id=21100, browser=Firefox
Testing: csp_id=378, page_id=21200, browser=Firefox
Testing: csp_id=378, page_id=21300, browser=Firefox
Testing: csp_id=378, page_id=21400, browser=Firefox
Testing: csp_id=378, page_id=21500, browser=Firefox
Testing: csp_id=378, page_id=21600, browser=Firefox
Testing: csp_id=378, page_id=21700, browser=Firefox
Testing: csp_id=378, page_id=21800, browser=Firefox
Testing: csp_id=378, page_id=21900, browser=Firefox
Testing: csp_id=378, page_id=22000, browser=Firefox
Testing: csp_id=378, page_id=22100, browser=Firefox
Testing: csp_id=378, page_id=22200, browser=Firefox
Testing: csp_id=378, page_id=22300, browser=Firefox
Testing: csp_id=378, page_id=22400, browser=Firefox
Testing: csp_id=378, page_id=22500, browser=Firefox
Testing: csp_id=378, page_id=22600, browser=Firefox
Testing: csp_id=378, page_id=22700, browser=Firefox
Testing: csp_id=378, page_id=22800, browser=Firefox
Testing: csp_id=378, page_id=22900, browser=Firefox
Testing: csp_id=378, page_id=23000, browser=Firefox
Testing: csp_id=378, page_id=23100, browser=Firefox
Testing: csp_id=378, page_id=23200, browser=Firefox
Testing: csp_id=378, page_id=23300, browser=Firefox
Testing: csp_id=378, page_id=23400, browser=Firefox
Testing: csp_id=378, page_id=23500, browser=Firefox
Testing: csp_id=378, page_id=23600, browser=Firefox
Testing: csp_id=378, page_id=23700, browser=Firefox
Testing: csp_id=378, page_id=23800, browser=Firefox
Testing: csp_id=378, page_id=23900, browser=Firefox
Testing: csp_id=378, page_id=24000, browser=Firefox
Testing: csp_id=378, page_id=24100, browser=Firefox
Testing: csp_id=378, page_id=24200, browser=Firefox
Testing: csp_id=378, page_id=24300, browser=Firefox
Testing: csp_id=378, page_id=24400, browser=Firefox
Testing: csp_id=378, page_id=24500, browser=Firefox
Testing: csp_id=378, page_id=24600, browser=Firefox
Testing: csp_id=378, page_id=24700, browser=Firefox
Testing: csp_id=378, page_id=24800, browser=Firefox
Testing: csp_id=378, page_id=24900, browser=Firefox
Testing: csp_id=378, page_id=25000, browser=Firefox
Testing: csp_id=378, page_id=25100, browser=Firefox
Testing: csp_id=378, page_id=25200, browser=Firefox
Testing: csp_id=378, page_id=25300, browser=Firefox
Testing: csp_id=378, page_id=25400, browser=Firefox
Testing: csp_id=378, page_id=25500, browser=Firefox
Testing: csp_id=378, page_id=25600, browser=Firefox
Testing: csp_id=378, page_id=25700, browser=Firefox
Testing: csp_id=378, page_id=25800, browser=Firefox
Testing: csp_id=378, page_id=25900, browser=Firefox
Testing: csp_id=378, page_id=26000, browser=Firefox
Testing: csp_id=378, page_id=26100, browser=Firefox
Testing: csp_id=378, page_id=26200, browser=Firefox
Testing: csp_id=378, page_id=26300, browser=Firefox
Testing: csp_id=378, page_id=26400, browser=Firefox
Testing: csp_id=378, page_id=26500, browser=Firefox
Testing: csp_id=378, page_id=26600, browser=Firefox
Testing: csp_id=378, page_id=26700, browser=Firefox
Testing: csp_id=378, page_id=26800, browser=Firefox
Testing: csp_id=378, page_id=26900, browser=Firefox
Testing: csp_id=378, page_id=27000, browser=Firefox
Testing: csp_id=378, page_id=27100, browser=Firefox
Testing: csp_id=378, page_id=27200, browser=Firefox
Testing: csp_id=378, page_id=27300, browser=Firefox
Testing: csp_id=378, page_id=27400, browser=Firefox
Testing: csp_id=378, page_id=27500, browser=Firefox
Testing: csp_id=378, page_id=27600, browser=Firefox
Testing: csp_id=378, page_id=27700, browser=Firefox
Testing: csp_id=378, page_id=27800, browser=Firefox
Testing: csp_id=378, page_id=27900, browser=Firefox
Testing: csp_id=378, page_id=28000, browser=Firefox
Testing: csp_id=378, page_id=28100, browser=Firefox
Testing: csp_id=378, page_id=28200, browser=Firefox
Testing: csp_id=378, page_id=28300, browser=Firefox
Testing: csp_id=378, page_id=28400, browser=Firefox
Testing: csp_id=378, page_id=28500, browser=Firefox
Testing: csp_id=378, page_id=28600, browser=Firefox
Testing: csp_id=378, page_id=28700, browser=Firefox
Testing: csp_id=378, page_id=28800, browser=Firefox
Testing: csp_id=378, page_id=28900, browser=Firefox
Testing: csp_id=378, page_id=29000, browser=Firefox
Testing: csp_id=378, page_id=29100, browser=Firefox
Testing: csp_id=378, page_id=29200, browser=Firefox
Testing: csp_id=378, page_id=29300, browser=Firefox
Testing: csp_id=378, page_id=29400, browser=Firefox
Testing: csp_id=378, page_id=29500, browser=Firefox
Testing: csp_id=378, page_id=29600, browser=Firefox
Testing: csp_id=378, page_id=29700, browser=Firefox
Testing: csp_id=378, page_id=29800, browser=Firefox
🏊 create_context_pools[first] (5x16): 30.522s
Testing: csp_id=383, page_id=0, browser=Firefox
Testing: csp_id=383, page_id=100, browser=Firefox
Testing: csp_id=383, page_id=200, browser=Firefox
Testing: csp_id=383, page_id=300, browser=Firefox
Testing: csp_id=383, page_id=400, browser=Firefox
Testing: csp_id=383, page_id=500, browser=Firefox
Testing: csp_id=383, page_id=600, browser=Firefox
Testing: csp_id=383, page_id=700, browser=Firefox
Testing: csp_id=383, page_id=800, browser=Firefox
Testing: csp_id=383, page_id=900, browser=Firefox
Testing: csp_id=383, page_id=1000, browser=Firefox
Testing: csp_id=383, page_id=1100, browser=Firefox
Testing: csp_id=383, page_id=1200, browser=Firefox
Testing: csp_id=383, page_id=1300, browser=Firefox
Testing: csp_id=383, page_id=1400, browser=Firefox
Testing: csp_id=383, page_id=1500, browser=Firefox
Testing: csp_id=383, page_id=1600, browser=Firefox
Testing: csp_id=383, page_id=1700, browser=Firefox
Testing: csp_id=383, page_id=1800, browser=Firefox
Testing: csp_id=383, page_id=1900, browser=Firefox
Testing: csp_id=383, page_id=2000, browser=Firefox
Testing: csp_id=383, page_id=2100, browser=Firefox
Testing: csp_id=383, page_id=2200, browser=Firefox
Testing: csp_id=383, page_id=2300, browser=Firefox
Testing: csp_id=383, page_id=2400, browser=Firefox
Testing: csp_id=383, page_id=2500, browser=Firefox
Testing: csp_id=383, page_id=2600, browser=Firefox
Testing: csp_id=383, page_id=2700, browser=Firefox
Testing: csp_id=383, page_id=2800, browser=Firefox
Testing: csp_id=383, page_id=2900, browser=Firefox
Testing: csp_id=383, page_id=3000, browser=Firefox
Testing: csp_id=383, page_id=3100, browser=Firefox
Testing: csp_id=383, page_id=3200, browser=Firefox
Testing: csp_id=383, page_id=3300, browser=Firefox
Testing: csp_id=383, page_id=3400, browser=Firefox
Testing: csp_id=383, page_id=3500, browser=Firefox
Testing: csp_id=383, page_id=3600, browser=Firefox
Testing: csp_id=383, page_id=3700, browser=Firefox
Testing: csp_id=383, page_id=3800, browser=Firefox
Testing: csp_id=383, page_id=3900, browser=Firefox
Testing: csp_id=383, page_id=4000, browser=Firefox
Testing: csp_id=383, page_id=4100, browser=Firefox
Testing: csp_id=383, page_id=4200, browser=Firefox
Testing: csp_id=383, page_id=4300, browser=Firefox
Testing: csp_id=383, page_id=4400, browser=Firefox
Testing: csp_id=383, page_id=4500, browser=Firefox
Testing: csp_id=383, page_id=4600, browser=Firefox
Testing: csp_id=383, page_id=4700, browser=Firefox
Testing: csp_id=383, page_id=4800, browser=Firefox
Testing: csp_id=383, page_id=4900, browser=Firefox
Testing: csp_id=383, page_id=5000, browser=Firefox
Testing: csp_id=383, page_id=5100, browser=Firefox
Testing: csp_id=383, page_id=5200, browser=Firefox
Testing: csp_id=383, page_id=5300, browser=Firefox
Testing: csp_id=383, page_id=5400, browser=Firefox
Testing: csp_id=383, page_id=5500, browser=Firefox
Testing: csp_id=383, page_id=5600, browser=Firefox
Testing: csp_id=383, page_id=5700, browser=Firefox
Testing: csp_id=383, page_id=5800, browser=Firefox
Testing: csp_id=383, page_id=5900, browser=Firefox
Testing: csp_id=383, page_id=6000, browser=Firefox
Testing: csp_id=383, page_id=6100, browser=Firefox
Testing: csp_id=383, page_id=6200, browser=Firefox
Testing: csp_id=383, page_id=6300, browser=Firefox
Testing: csp_id=383, page_id=6400, browser=Firefox
Testing: csp_id=383, page_id=6500, browser=Firefox
Testing: csp_id=383, page_id=6600, browser=Firefox
Testing: csp_id=383, page_id=6700, browser=Firefox
Testing: csp_id=383, page_id=6800, browser=Firefox
Testing: csp_id=383, page_id=6900, browser=Firefox
Testing: csp_id=383, page_id=7000, browser=Firefox
Testing: csp_id=383, page_id=7100, browser=Firefox
Testing: csp_id=383, page_id=7200, browser=Firefox
Testing: csp_id=383, page_id=7300, browser=Firefox
Testing: csp_id=383, page_id=7400, browser=Firefox
Testing: csp_id=383, page_id=7500, browser=Firefox
Testing: csp_id=383, page_id=7600, browser=Firefox
Testing: csp_id=383, page_id=7700, browser=Firefox
Testing: csp_id=383, page_id=7800, browser=Firefox
Testing: csp_id=383, page_id=7900, browser=Firefox
Testing: csp_id=383, page_id=8000, browser=Firefox
Testing: csp_id=383, page_id=8100, browser=Firefox
Testing: csp_id=383, page_id=8200, browser=Firefox
Testing: csp_id=383, page_id=8300, browser=Firefox
Testing: csp_id=383, page_id=8400, browser=Firefox
Testing: csp_id=383, page_id=8500, browser=Firefox
Testing: csp_id=383, page_id=8600, browser=Firefox
Testing: csp_id=383, page_id=8700, browser=Firefox
Testing: csp_id=383, page_id=8800, browser=Firefox
Testing: csp_id=383, page_id=8900, browser=Firefox
Testing: csp_id=383, page_id=9000, browser=Firefox
Testing: csp_id=383, page_id=9100, browser=Firefox
Testing: csp_id=383, page_id=9200, browser=Firefox
Testing: csp_id=383, page_id=9300, browser=Firefox
Testing: csp_id=383, page_id=9400, browser=Firefox
Testing: csp_id=383, page_id=9500, browser=Firefox
Testing: csp_id=383, page_id=9600, browser=Firefox
Testing: csp_id=383, page_id=9700, browser=Firefox
Testing: csp_id=383, page_id=9800, browser=Firefox
Testing: csp_id=383, page_id=9900, browser=Firefox
Testing: csp_id=383, page_id=10000, browser=Firefox
Testing: csp_id=383, page_id=10100, browser=Firefox
Testing: csp_id=383, page_id=10200, browser=Firefox
Testing: csp_id=383, page_id=10300, browser=Firefox
Testing: csp_id=383, page_id=10400, browser=Firefox
Testing: csp_id=383, page_id=10500, browser=Firefox
Testing: csp_id=383, page_id=10600, browser=Firefox
Testing: csp_id=383, page_id=10700, browser=Firefox
Testing: csp_id=383, page_id=10800, browser=Firefox
Testing: csp_id=383, page_id=10900, browser=Firefox
Testing: csp_id=383, page_id=11000, browser=Firefox
Testing: csp_id=383, page_id=11100, browser=Firefox
Testing: csp_id=383, page_id=11200, browser=Firefox
Testing: csp_id=383, page_id=11300, browser=Firefox
Testing: csp_id=383, page_id=11400, browser=Firefox
Testing: csp_id=383, page_id=11500, browser=Firefox
Testing: csp_id=383, page_id=11600, browser=Firefox
Testing: csp_id=383, page_id=11700, browser=Firefox
Testing: csp_id=383, page_id=11800, browser=Firefox
Testing: csp_id=383, page_id=11900, browser=Firefox
Testing: csp_id=383, page_id=12000, browser=Firefox
Testing: csp_id=383, page_id=12100, browser=Firefox
Testing: csp_id=383, page_id=12200, browser=Firefox
Testing: csp_id=383, page_id=12300, browser=Firefox
Testing: csp_id=383, page_id=12400, browser=Firefox
Testing: csp_id=383, page_id=12500, browser=Firefox
Testing: csp_id=383, page_id=12600, browser=Firefox
Testing: csp_id=383, page_id=12700, browser=Firefox
Testing: csp_id=383, page_id=12800, browser=Firefox
Testing: csp_id=383, page_id=12900, browser=Firefox
Testing: csp_id=383, page_id=13000, browser=Firefox
Testing: csp_id=383, page_id=13100, browser=Firefox
Testing: csp_id=383, page_id=13200, browser=Firefox
Testing: csp_id=383, page_id=13300, browser=Firefox
Testing: csp_id=383, page_id=13400, browser=Firefox
Testing: csp_id=383, page_id=13500, browser=Firefox
Testing: csp_id=383, page_id=13600, browser=Firefox
Testing: csp_id=383, page_id=13700, browser=Firefox
Testing: csp_id=383, page_id=13800, browser=Firefox
Testing: csp_id=383, page_id=13900, browser=Firefox
Testing: csp_id=383, page_id=14000, browser=Firefox
Testing: csp_id=383, page_id=14100, browser=Firefox
Testing: csp_id=383, page_id=14200, browser=Firefox
Testing: csp_id=383, page_id=14300, browser=Firefox
Testing: csp_id=383, page_id=14400, browser=Firefox
Testing: csp_id=383, page_id=14500, browser=Firefox
Testing: csp_id=383, page_id=14600, browser=Firefox
Testing: csp_id=383, page_id=14700, browser=Firefox
Testing: csp_id=383, page_id=14800, browser=Firefox
Testing: csp_id=383, page_id=14900, browser=Firefox
Testing: csp_id=383, page_id=15000, browser=Firefox
Testing: csp_id=383, page_id=15100, browser=Firefox
Testing: csp_id=383, page_id=15200, browser=Firefox
Testing: csp_id=383, page_id=15300, browser=Firefox
Testing: csp_id=383, page_id=15400, browser=Firefox
Testing: csp_id=383, page_id=15500, browser=Firefox
Testing: csp_id=383, page_id=15600, browser=Firefox
Testing: csp_id=383, page_id=15700, browser=Firefox
Testing: csp_id=383, page_id=15800, browser=Firefox
Testing: csp_id=383, page_id=15900, browser=Firefox
Testing: csp_id=383, page_id=16000, browser=Firefox
Testing: csp_id=383, page_id=16100, browser=Firefox
Testing: csp_id=383, page_id=16200, browser=Firefox
Testing: csp_id=383, page_id=16300, browser=Firefox
Testing: csp_id=383, page_id=16400, browser=Firefox
Testing: csp_id=383, page_id=16500, browser=Firefox
Testing: csp_id=383, page_id=16600, browser=Firefox
Testing: csp_id=383, page_id=16700, browser=Firefox
Testing: csp_id=383, page_id=16800, browser=Firefox
Testing: csp_id=383, page_id=16900, browser=Firefox
Testing: csp_id=383, page_id=17000, browser=Firefox
Testing: csp_id=383, page_id=17100, browser=Firefox
Testing: csp_id=383, page_id=17200, browser=Firefox
Testing: csp_id=383, page_id=17300, browser=Firefox
Testing: csp_id=383, page_id=17400, browser=Firefox
Testing: csp_id=383, page_id=17500, browser=Firefox
Testing: csp_id=383, page_id=17600, browser=Firefox
Testing: csp_id=383, page_id=17700, browser=Firefox
Testing: csp_id=383, page_id=17800, browser=Firefox
Testing: csp_id=383, page_id=17900, browser=Firefox
Testing: csp_id=383, page_id=18000, browser=Firefox
Testing: csp_id=383, page_id=18100, browser=Firefox
Testing: csp_id=383, page_id=18200, browser=Firefox
Testing: csp_id=383, page_id=18300, browser=Firefox
Testing: csp_id=383, page_id=18400, browser=Firefox
Testing: csp_id=383, page_id=18500, browser=Firefox
Testing: csp_id=383, page_id=18600, browser=Firefox
Testing: csp_id=383, page_id=18700, browser=Firefox
Testing: csp_id=383, page_id=18800, browser=Firefox
Testing: csp_id=383, page_id=18900, browser=Firefox
Testing: csp_id=383, page_id=19000, browser=Firefox
Testing: csp_id=383, page_id=19100, browser=Firefox
Testing: csp_id=383, page_id=19200, browser=Firefox
Testing: csp_id=383, page_id=19300, browser=Firefox
Testing: csp_id=383, page_id=19400, browser=Firefox
Testing: csp_id=383, page_id=19500, browser=Firefox
Testing: csp_id=383, page_id=19600, browser=Firefox
Testing: csp_id=383, page_id=19700, browser=Firefox
Testing: csp_id=383, page_id=19800, browser=Firefox
Testing: csp_id=383, page_id=19900, browser=Firefox
Testing: csp_id=383, page_id=20000, browser=Firefox
Testing: csp_id=383, page_id=20100, browser=Firefox
Testing: csp_id=383, page_id=20200, browser=Firefox
Testing: csp_id=383, page_id=20300, browser=Firefox
Testing: csp_id=383, page_id=20400, browser=Firefox
Testing: csp_id=383, page_id=20500, browser=Firefox
Testing: csp_id=383, page_id=20600, browser=Firefox
Testing: csp_id=383, page_id=20700, browser=Firefox
Testing: csp_id=383, page_id=20800, browser=Firefox
Testing: csp_id=383, page_id=20900, browser=Firefox
Testing: csp_id=383, page_id=21000, browser=Firefox
Testing: csp_id=383, page_id=21100, browser=Firefox
Testing: csp_id=383, page_id=21200, browser=Firefox
Testing: csp_id=383, page_id=21300, browser=Firefox
Testing: csp_id=383, page_id=21400, browser=Firefox
Testing: csp_id=383, page_id=21500, browser=Firefox
Testing: csp_id=383, page_id=21600, browser=Firefox
Testing: csp_id=383, page_id=21700, browser=Firefox
Testing: csp_id=383, page_id=21800, browser=Firefox
Testing: csp_id=383, page_id=21900, browser=Firefox
Testing: csp_id=383, page_id=22000, browser=Firefox
Testing: csp_id=383, page_id=22100, browser=Firefox
Testing: csp_id=383, page_id=22200, browser=Firefox
Testing: csp_id=383, page_id=22300, browser=Firefox
Testing: csp_id=383, page_id=22400, browser=Firefox
Testing: csp_id=383, page_id=22500, browser=Firefox
Testing: csp_id=383, page_id=22600, browser=Firefox
Testing: csp_id=383, page_id=22700, browser=Firefox
Testing: csp_id=383, page_id=22800, browser=Firefox
Testing: csp_id=383, page_id=22900, browser=Firefox
Testing: csp_id=383, page_id=23000, browser=Firefox
Testing: csp_id=383, page_id=23100, browser=Firefox
Testing: csp_id=383, page_id=23200, browser=Firefox
Testing: csp_id=383, page_id=23300, browser=Firefox
Testing: csp_id=383, page_id=23400, browser=Firefox
Testing: csp_id=383, page_id=23500, browser=Firefox
Testing: csp_id=383, page_id=23600, browser=Firefox
Testing: csp_id=383, page_id=23700, browser=Firefox
Testing: csp_id=383, page_id=23800, browser=Firefox
Testing: csp_id=383, page_id=23900, browser=Firefox
Testing: csp_id=383, page_id=24000, browser=Firefox
Testing: csp_id=383, page_id=24100, browser=Firefox
Testing: csp_id=383, page_id=24200, browser=Firefox
Testing: csp_id=383, page_id=24300, browser=Firefox
Testing: csp_id=383, page_id=24400, browser=Firefox
Testing: csp_id=383, page_id=24500, browser=Firefox
Testing: csp_id=383, page_id=24600, browser=Firefox
Testing: csp_id=383, page_id=24700, browser=Firefox
Testing: csp_id=383, page_id=24800, browser=Firefox
Testing: csp_id=383, page_id=24900, browser=Firefox
Testing: csp_id=383, page_id=25000, browser=Firefox
Testing: csp_id=383, page_id=25100, browser=Firefox
Testing: csp_id=383, page_id=25200, browser=Firefox
Testing: csp_id=383, page_id=25300, browser=Firefox
Testing: csp_id=383, page_id=25400, browser=Firefox
Testing: csp_id=383, page_id=25500, browser=Firefox
Testing: csp_id=383, page_id=25600, browser=Firefox
Testing: csp_id=383, page_id=25700, browser=Firefox
Testing: csp_id=383, page_id=25800, browser=Firefox
Testing: csp_id=383, page_id=25900, browser=Firefox
Testing: csp_id=383, page_id=26000, browser=Firefox
Testing: csp_id=383, page_id=26100, browser=Firefox
Testing: csp_id=383, page_id=26200, browser=Firefox
Testing: csp_id=383, page_id=26300, browser=Firefox
Testing: csp_id=383, page_id=26400, browser=Firefox
Testing: csp_id=383, page_id=26500, browser=Firefox
Testing: csp_id=383, page_id=26600, browser=Firefox
Testing: csp_id=383, page_id=26700, browser=Firefox
Testing: csp_id=383, page_id=26800, browser=Firefox
Testing: csp_id=383, page_id=26900, browser=Firefox
Testing: csp_id=383, page_id=27000, browser=Firefox
Testing: csp_id=383, page_id=27100, browser=Firefox
Testing: csp_id=383, page_id=27200, browser=Firefox
Testing: csp_id=383, page_id=27300, browser=Firefox
Testing: csp_id=383, page_id=27400, browser=Firefox
Testing: csp_id=383, page_id=27500, browser=Firefox
Testing: csp_id=383, page_id=27600, browser=Firefox
Testing: csp_id=383, page_id=27700, browser=Firefox
Testing: csp_id=383, page_id=27800, browser=Firefox
Testing: csp_id=383, page_id=27900, browser=Firefox
Testing: csp_id=383, page_id=28000, browser=Firefox
Testing: csp_id=383, page_id=28100, browser=Firefox
Testing: csp_id=383, page_id=28200, browser=Firefox
Testing: csp_id=383, page_id=28300, browser=Firefox
Testing: csp_id=383, page_id=28400, browser=Firefox
Testing: csp_id=383, page_id=28500, browser=Firefox
Testing: csp_id=383, page_id=28600, browser=Firefox
Testing: csp_id=383, page_id=28700, browser=Firefox
Testing: csp_id=383, page_id=28800, browser=Firefox
Testing: csp_id=383, page_id=28900, browser=Firefox
Testing: csp_id=383, page_id=29000, browser=Firefox
Testing: csp_id=383, page_id=29100, browser=Firefox
Testing: csp_id=383, page_id=29200, browser=Firefox
Testing: csp_id=383, page_id=29300, browser=Firefox
Testing: csp_id=383, page_id=29400, browser=Firefox
Testing: csp_id=383, page_id=29500, browser=Firefox
Testing: csp_id=383, page_id=29600, browser=Firefox
Testing: csp_id=383, page_id=29700, browser=Firefox
Testing: csp_id=383, page_id=29800, browser=Firefox
🏊 create_context_pools[first] (5x16): 36.332s
Testing: csp_id=394, page_id=0, browser=Firefox
Testing: csp_id=394, page_id=100, browser=Firefox
Testing: csp_id=394, page_id=200, browser=Firefox
Testing: csp_id=394, page_id=300, browser=Firefox
Testing: csp_id=394, page_id=400, browser=Firefox
Testing: csp_id=394, page_id=500, browser=Firefox
Testing: csp_id=394, page_id=600, browser=Firefox
Testing: csp_id=394, page_id=700, browser=Firefox
Testing: csp_id=394, page_id=800, browser=Firefox
Testing: csp_id=394, page_id=900, browser=Firefox
Testing: csp_id=394, page_id=1000, browser=Firefox
Testing: csp_id=394, page_id=1100, browser=Firefox
Testing: csp_id=394, page_id=1200, browser=Firefox
Testing: csp_id=394, page_id=1300, browser=Firefox
Testing: csp_id=394, page_id=1400, browser=Firefox
Testing: csp_id=394, page_id=1500, browser=Firefox
Testing: csp_id=394, page_id=1600, browser=Firefox
Testing: csp_id=394, page_id=1700, browser=Firefox
Testing: csp_id=394, page_id=1800, browser=Firefox
Testing: csp_id=394, page_id=1900, browser=Firefox
Testing: csp_id=394, page_id=2000, browser=Firefox
Testing: csp_id=394, page_id=2100, browser=Firefox
Testing: csp_id=394, page_id=2200, browser=Firefox
Testing: csp_id=394, page_id=2300, browser=Firefox
Testing: csp_id=394, page_id=2400, browser=Firefox
Testing: csp_id=394, page_id=2500, browser=Firefox
Testing: csp_id=394, page_id=2600, browser=Firefox
Testing: csp_id=394, page_id=2700, browser=Firefox
Testing: csp_id=394, page_id=2800, browser=Firefox
Testing: csp_id=394, page_id=2900, browser=Firefox
Testing: csp_id=394, page_id=3000, browser=Firefox
Testing: csp_id=394, page_id=3100, browser=Firefox
Testing: csp_id=394, page_id=3200, browser=Firefox
Testing: csp_id=394, page_id=3300, browser=Firefox
Testing: csp_id=394, page_id=3400, browser=Firefox
Testing: csp_id=394, page_id=3500, browser=Firefox
Testing: csp_id=394, page_id=3600, browser=Firefox
Testing: csp_id=394, page_id=3700, browser=Firefox
Testing: csp_id=394, page_id=3800, browser=Firefox
Testing: csp_id=394, page_id=3900, browser=Firefox
Testing: csp_id=394, page_id=4000, browser=Firefox
Testing: csp_id=394, page_id=4100, browser=Firefox
Testing: csp_id=394, page_id=4200, browser=Firefox
Testing: csp_id=394, page_id=4300, browser=Firefox
Testing: csp_id=394, page_id=4400, browser=Firefox
Testing: csp_id=394, page_id=4500, browser=Firefox
Testing: csp_id=394, page_id=4600, browser=Firefox
Testing: csp_id=394, page_id=4700, browser=Firefox
Testing: csp_id=394, page_id=4800, browser=Firefox
Testing: csp_id=394, page_id=4900, browser=Firefox
Testing: csp_id=394, page_id=5000, browser=Firefox
Testing: csp_id=394, page_id=5100, browser=Firefox
Testing: csp_id=394, page_id=5200, browser=Firefox
Testing: csp_id=394, page_id=5300, browser=Firefox
Testing: csp_id=394, page_id=5400, browser=Firefox
Testing: csp_id=394, page_id=5500, browser=Firefox
Testing: csp_id=394, page_id=5600, browser=Firefox
Testing: csp_id=394, page_id=5700, browser=Firefox
Testing: csp_id=394, page_id=5800, browser=Firefox
Testing: csp_id=394, page_id=5900, browser=Firefox
Testing: csp_id=394, page_id=6000, browser=Firefox
Testing: csp_id=394, page_id=6100, browser=Firefox
Testing: csp_id=394, page_id=6200, browser=Firefox
Testing: csp_id=394, page_id=6300, browser=Firefox
Testing: csp_id=394, page_id=6400, browser=Firefox
Testing: csp_id=394, page_id=6500, browser=Firefox
Testing: csp_id=394, page_id=6600, browser=Firefox
Testing: csp_id=394, page_id=6700, browser=Firefox
Testing: csp_id=394, page_id=6800, browser=Firefox
Testing: csp_id=394, page_id=6900, browser=Firefox
Testing: csp_id=394, page_id=7000, browser=Firefox
Testing: csp_id=394, page_id=7100, browser=Firefox
Testing: csp_id=394, page_id=7200, browser=Firefox
Testing: csp_id=394, page_id=7300, browser=Firefox
Testing: csp_id=394, page_id=7400, browser=Firefox
Testing: csp_id=394, page_id=7500, browser=Firefox
Testing: csp_id=394, page_id=7600, browser=Firefox
Testing: csp_id=394, page_id=7700, browser=Firefox
Testing: csp_id=394, page_id=7800, browser=Firefox
Testing: csp_id=394, page_id=7900, browser=Firefox
Testing: csp_id=394, page_id=8000, browser=Firefox
Testing: csp_id=394, page_id=8100, browser=Firefox
Testing: csp_id=394, page_id=8200, browser=Firefox
Testing: csp_id=394, page_id=8300, browser=Firefox
Testing: csp_id=394, page_id=8400, browser=Firefox
Testing: csp_id=394, page_id=8500, browser=Firefox
Testing: csp_id=394, page_id=8600, browser=Firefox
Testing: csp_id=394, page_id=8700, browser=Firefox
Testing: csp_id=394, page_id=8800, browser=Firefox
Testing: csp_id=394, page_id=8900, browser=Firefox
Testing: csp_id=394, page_id=9000, browser=Firefox
Testing: csp_id=394, page_id=9100, browser=Firefox
Testing: csp_id=394, page_id=9200, browser=Firefox
Testing: csp_id=394, page_id=9300, browser=Firefox
Testing: csp_id=394, page_id=9400, browser=Firefox
Testing: csp_id=394, page_id=9500, browser=Firefox
Testing: csp_id=394, page_id=9600, browser=Firefox
Testing: csp_id=394, page_id=9700, browser=Firefox
Testing: csp_id=394, page_id=9800, browser=Firefox
Testing: csp_id=394, page_id=9900, browser=Firefox
Testing: csp_id=394, page_id=10000, browser=Firefox
Testing: csp_id=394, page_id=10100, browser=Firefox
Testing: csp_id=394, page_id=10200, browser=Firefox
Testing: csp_id=394, page_id=10300, browser=Firefox
Testing: csp_id=394, page_id=10400, browser=Firefox
Testing: csp_id=394, page_id=10500, browser=Firefox
Testing: csp_id=394, page_id=10600, browser=Firefox
Testing: csp_id=394, page_id=10700, browser=Firefox
Testing: csp_id=394, page_id=10800, browser=Firefox
Testing: csp_id=394, page_id=10900, browser=Firefox
Testing: csp_id=394, page_id=11000, browser=Firefox
Testing: csp_id=394, page_id=11100, browser=Firefox
Testing: csp_id=394, page_id=11200, browser=Firefox
Testing: csp_id=394, page_id=11300, browser=Firefox
Testing: csp_id=394, page_id=11400, browser=Firefox
Testing: csp_id=394, page_id=11500, browser=Firefox
Testing: csp_id=394, page_id=11600, browser=Firefox
Testing: csp_id=394, page_id=11700, browser=Firefox
Testing: csp_id=394, page_id=11800, browser=Firefox
Testing: csp_id=394, page_id=11900, browser=Firefox
Testing: csp_id=394, page_id=12000, browser=Firefox
Testing: csp_id=394, page_id=12100, browser=Firefox
Testing: csp_id=394, page_id=12200, browser=Firefox
Testing: csp_id=394, page_id=12300, browser=Firefox
Testing: csp_id=394, page_id=12400, browser=Firefox
Testing: csp_id=394, page_id=12500, browser=Firefox
Testing: csp_id=394, page_id=12600, browser=Firefox
Testing: csp_id=394, page_id=12700, browser=Firefox
Testing: csp_id=394, page_id=12800, browser=Firefox
Testing: csp_id=394, page_id=12900, browser=Firefox
Testing: csp_id=394, page_id=13000, browser=Firefox
Testing: csp_id=394, page_id=13100, browser=Firefox
Testing: csp_id=394, page_id=13200, browser=Firefox
Testing: csp_id=394, page_id=13300, browser=Firefox
Testing: csp_id=394, page_id=13400, browser=Firefox
Testing: csp_id=394, page_id=13500, browser=Firefox
Testing: csp_id=394, page_id=13600, browser=Firefox
Testing: csp_id=394, page_id=13700, browser=Firefox
Testing: csp_id=394, page_id=13800, browser=Firefox
Testing: csp_id=394, page_id=13900, browser=Firefox
Testing: csp_id=394, page_id=14000, browser=Firefox
Testing: csp_id=394, page_id=14100, browser=Firefox
Testing: csp_id=394, page_id=14200, browser=Firefox
Testing: csp_id=394, page_id=14300, browser=Firefox
Testing: csp_id=394, page_id=14400, browser=Firefox
Testing: csp_id=394, page_id=14500, browser=Firefox
Testing: csp_id=394, page_id=14600, browser=Firefox
Testing: csp_id=394, page_id=14700, browser=Firefox
Testing: csp_id=394, page_id=14800, browser=Firefox
Testing: csp_id=394, page_id=14900, browser=Firefox
Testing: csp_id=394, page_id=15000, browser=Firefox
Testing: csp_id=394, page_id=15100, browser=Firefox
Testing: csp_id=394, page_id=15200, browser=Firefox
Testing: csp_id=394, page_id=15300, browser=Firefox
Testing: csp_id=394, page_id=15400, browser=Firefox
Testing: csp_id=394, page_id=15500, browser=Firefox
Testing: csp_id=394, page_id=15600, browser=Firefox
Testing: csp_id=394, page_id=15700, browser=Firefox
Testing: csp_id=394, page_id=15800, browser=Firefox
Testing: csp_id=394, page_id=15900, browser=Firefox
Testing: csp_id=394, page_id=16000, browser=Firefox
Testing: csp_id=394, page_id=16100, browser=Firefox
Testing: csp_id=394, page_id=16200, browser=Firefox
Testing: csp_id=394, page_id=16300, browser=Firefox
Testing: csp_id=394, page_id=16400, browser=Firefox
Testing: csp_id=394, page_id=16500, browser=Firefox
Testing: csp_id=394, page_id=16600, browser=Firefox
Testing: csp_id=394, page_id=16700, browser=Firefox
Testing: csp_id=394, page_id=16800, browser=Firefox
Testing: csp_id=394, page_id=16900, browser=Firefox
Testing: csp_id=394, page_id=17000, browser=Firefox
Testing: csp_id=394, page_id=17100, browser=Firefox
Testing: csp_id=394, page_id=17200, browser=Firefox
Testing: csp_id=394, page_id=17300, browser=Firefox
Testing: csp_id=394, page_id=17400, browser=Firefox
Testing: csp_id=394, page_id=17500, browser=Firefox
Testing: csp_id=394, page_id=17600, browser=Firefox
Testing: csp_id=394, page_id=17700, browser=Firefox
Testing: csp_id=394, page_id=17800, browser=Firefox
Testing: csp_id=394, page_id=17900, browser=Firefox
Testing: csp_id=394, page_id=18000, browser=Firefox
Testing: csp_id=394, page_id=18100, browser=Firefox
Testing: csp_id=394, page_id=18200, browser=Firefox
Testing: csp_id=394, page_id=18300, browser=Firefox
Testing: csp_id=394, page_id=18400, browser=Firefox
Testing: csp_id=394, page_id=18500, browser=Firefox
Testing: csp_id=394, page_id=18600, browser=Firefox
Testing: csp_id=394, page_id=18700, browser=Firefox
Testing: csp_id=394, page_id=18800, browser=Firefox
Testing: csp_id=394, page_id=18900, browser=Firefox
Testing: csp_id=394, page_id=19000, browser=Firefox
Testing: csp_id=394, page_id=19100, browser=Firefox
Testing: csp_id=394, page_id=19200, browser=Firefox
Testing: csp_id=394, page_id=19300, browser=Firefox
Testing: csp_id=394, page_id=19400, browser=Firefox
Testing: csp_id=394, page_id=19500, browser=Firefox
Testing: csp_id=394, page_id=19600, browser=Firefox
Testing: csp_id=394, page_id=19700, browser=Firefox
Testing: csp_id=394, page_id=19800, browser=Firefox
Testing: csp_id=394, page_id=19900, browser=Firefox
Testing: csp_id=394, page_id=20000, browser=Firefox
Testing: csp_id=394, page_id=20100, browser=Firefox
Testing: csp_id=394, page_id=20200, browser=Firefox
Testing: csp_id=394, page_id=20300, browser=Firefox
Testing: csp_id=394, page_id=20400, browser=Firefox
Testing: csp_id=394, page_id=20500, browser=Firefox
Testing: csp_id=394, page_id=20600, browser=Firefox
Testing: csp_id=394, page_id=20700, browser=Firefox
Testing: csp_id=394, page_id=20800, browser=Firefox
Testing: csp_id=394, page_id=20900, browser=Firefox
Testing: csp_id=394, page_id=21000, browser=Firefox
Testing: csp_id=394, page_id=21100, browser=Firefox
Testing: csp_id=394, page_id=21200, browser=Firefox
Testing: csp_id=394, page_id=21300, browser=Firefox
Testing: csp_id=394, page_id=21400, browser=Firefox
Testing: csp_id=394, page_id=21500, browser=Firefox
Testing: csp_id=394, page_id=21600, browser=Firefox
Testing: csp_id=394, page_id=21700, browser=Firefox
Testing: csp_id=394, page_id=21800, browser=Firefox
Testing: csp_id=394, page_id=21900, browser=Firefox
Testing: csp_id=394, page_id=22000, browser=Firefox
Testing: csp_id=394, page_id=22100, browser=Firefox
Testing: csp_id=394, page_id=22200, browser=Firefox
Testing: csp_id=394, page_id=22300, browser=Firefox
Testing: csp_id=394, page_id=22400, browser=Firefox
Testing: csp_id=394, page_id=22500, browser=Firefox
Testing: csp_id=394, page_id=22600, browser=Firefox
Testing: csp_id=394, page_id=22700, browser=Firefox
Testing: csp_id=394, page_id=22800, browser=Firefox
Testing: csp_id=394, page_id=22900, browser=Firefox
Testing: csp_id=394, page_id=23000, browser=Firefox
Testing: csp_id=394, page_id=23100, browser=Firefox
Testing: csp_id=394, page_id=23200, browser=Firefox
Testing: csp_id=394, page_id=23300, browser=Firefox
Testing: csp_id=394, page_id=23400, browser=Firefox
Testing: csp_id=394, page_id=23500, browser=Firefox
Testing: csp_id=394, page_id=23600, browser=Firefox
Testing: csp_id=394, page_id=23700, browser=Firefox
Testing: csp_id=394, page_id=23800, browser=Firefox
Testing: csp_id=394, page_id=23900, browser=Firefox
Testing: csp_id=394, page_id=24000, browser=Firefox
Testing: csp_id=394, page_id=24100, browser=Firefox
Testing: csp_id=394, page_id=24200, browser=Firefox
Testing: csp_id=394, page_id=24300, browser=Firefox
Testing: csp_id=394, page_id=24400, browser=Firefox
Testing: csp_id=394, page_id=24500, browser=Firefox
Testing: csp_id=394, page_id=24600, browser=Firefox
Testing: csp_id=394, page_id=24700, browser=Firefox
Testing: csp_id=394, page_id=24800, browser=Firefox
Testing: csp_id=394, page_id=24900, browser=Firefox
Testing: csp_id=394, page_id=25000, browser=Firefox
Testing: csp_id=394, page_id=25100, browser=Firefox
Testing: csp_id=394, page_id=25200, browser=Firefox
Testing: csp_id=394, page_id=25300, browser=Firefox
Testing: csp_id=394, page_id=25400, browser=Firefox
Testing: csp_id=394, page_id=25500, browser=Firefox
Testing: csp_id=394, page_id=25600, browser=Firefox
Testing: csp_id=394, page_id=25700, browser=Firefox
Testing: csp_id=394, page_id=25800, browser=Firefox
Testing: csp_id=394, page_id=25900, browser=Firefox
Testing: csp_id=394, page_id=26000, browser=Firefox
Testing: csp_id=394, page_id=26100, browser=Firefox
Testing: csp_id=394, page_id=26200, browser=Firefox
Testing: csp_id=394, page_id=26300, browser=Firefox
Testing: csp_id=394, page_id=26400, browser=Firefox
Testing: csp_id=394, page_id=26500, browser=Firefox
Testing: csp_id=394, page_id=26600, browser=Firefox
Testing: csp_id=394, page_id=26700, browser=Firefox
Testing: csp_id=394, page_id=26800, browser=Firefox
Testing: csp_id=394, page_id=26900, browser=Firefox
Testing: csp_id=394, page_id=27000, browser=Firefox
Testing: csp_id=394, page_id=27100, browser=Firefox
Testing: csp_id=394, page_id=27200, browser=Firefox
Testing: csp_id=394, page_id=27300, browser=Firefox
Testing: csp_id=394, page_id=27400, browser=Firefox
Testing: csp_id=394, page_id=27500, browser=Firefox
Testing: csp_id=394, page_id=27600, browser=Firefox
Testing: csp_id=394, page_id=27700, browser=Firefox
Testing: csp_id=394, page_id=27800, browser=Firefox
Testing: csp_id=394, page_id=27900, browser=Firefox
Testing: csp_id=394, page_id=28000, browser=Firefox
Testing: csp_id=394, page_id=28100, browser=Firefox
Testing: csp_id=394, page_id=28200, browser=Firefox
Testing: csp_id=394, page_id=28300, browser=Firefox
Testing: csp_id=394, page_id=28400, browser=Firefox
Testing: csp_id=394, page_id=28500, browser=Firefox
Testing: csp_id=394, page_id=28600, browser=Firefox
Testing: csp_id=394, page_id=28700, browser=Firefox
Testing: csp_id=394, page_id=28800, browser=Firefox
Testing: csp_id=394, page_id=28900, browser=Firefox
Testing: csp_id=394, page_id=29000, browser=Firefox
Testing: csp_id=394, page_id=29100, browser=Firefox
Testing: csp_id=394, page_id=29200, browser=Firefox
Testing: csp_id=394, page_id=29300, browser=Firefox
Testing: csp_id=394, page_id=29400, browser=Firefox
Testing: csp_id=394, page_id=29500, browser=Firefox
Testing: csp_id=394, page_id=29600, browser=Firefox
Testing: csp_id=394, page_id=29700, browser=Firefox
Testing: csp_id=394, page_id=29800, browser=Firefox
🏊 create_context_pools[first] (5x16): 27.461s
Testing: csp_id=405, page_id=0, browser=Firefox
Testing: csp_id=405, page_id=100, browser=Firefox
Testing: csp_id=405, page_id=200, browser=Firefox
Testing: csp_id=405, page_id=300, browser=Firefox
Testing: csp_id=405, page_id=400, browser=Firefox
Testing: csp_id=405, page_id=500, browser=Firefox
Testing: csp_id=405, page_id=600, browser=Firefox
Testing: csp_id=405, page_id=700, browser=Firefox
Testing: csp_id=405, page_id=800, browser=Firefox
Testing: csp_id=405, page_id=900, browser=Firefox
Testing: csp_id=405, page_id=1000, browser=Firefox
Testing: csp_id=405, page_id=1100, browser=Firefox
Testing: csp_id=405, page_id=1200, browser=Firefox
Testing: csp_id=405, page_id=1300, browser=Firefox
Testing: csp_id=405, page_id=1400, browser=Firefox
Testing: csp_id=405, page_id=1500, browser=Firefox
Testing: csp_id=405, page_id=1600, browser=Firefox
Testing: csp_id=405, page_id=1700, browser=Firefox
Testing: csp_id=405, page_id=1800, browser=Firefox
Testing: csp_id=405, page_id=1900, browser=Firefox
Testing: csp_id=405, page_id=2000, browser=Firefox
Testing: csp_id=405, page_id=2100, browser=Firefox
Testing: csp_id=405, page_id=2200, browser=Firefox
Testing: csp_id=405, page_id=2300, browser=Firefox
Testing: csp_id=405, page_id=2400, browser=Firefox
Testing: csp_id=405, page_id=2500, browser=Firefox
Testing: csp_id=405, page_id=2600, browser=Firefox
Testing: csp_id=405, page_id=2700, browser=Firefox
Testing: csp_id=405, page_id=2800, browser=Firefox
Testing: csp_id=405, page_id=2900, browser=Firefox
Testing: csp_id=405, page_id=3000, browser=Firefox
Testing: csp_id=405, page_id=3100, browser=Firefox
Testing: csp_id=405, page_id=3200, browser=Firefox
Testing: csp_id=405, page_id=3300, browser=Firefox
Testing: csp_id=405, page_id=3400, browser=Firefox
Testing: csp_id=405, page_id=3500, browser=Firefox
Testing: csp_id=405, page_id=3600, browser=Firefox
Testing: csp_id=405, page_id=3700, browser=Firefox
Testing: csp_id=405, page_id=3800, browser=Firefox
Testing: csp_id=405, page_id=3900, browser=Firefox
Testing: csp_id=405, page_id=4000, browser=Firefox
Testing: csp_id=405, page_id=4100, browser=Firefox
Testing: csp_id=405, page_id=4200, browser=Firefox
Testing: csp_id=405, page_id=4300, browser=Firefox
Testing: csp_id=405, page_id=4400, browser=Firefox
Testing: csp_id=405, page_id=4500, browser=Firefox
Testing: csp_id=405, page_id=4600, browser=Firefox
Testing: csp_id=405, page_id=4700, browser=Firefox
Testing: csp_id=405, page_id=4800, browser=Firefox
Testing: csp_id=405, page_id=4900, browser=Firefox
Testing: csp_id=405, page_id=5000, browser=Firefox
Testing: csp_id=405, page_id=5100, browser=Firefox
Testing: csp_id=405, page_id=5200, browser=Firefox
Testing: csp_id=405, page_id=5300, browser=Firefox
Testing: csp_id=405, page_id=5400, browser=Firefox
Testing: csp_id=405, page_id=5500, browser=Firefox
Testing: csp_id=405, page_id=5600, browser=Firefox
Testing: csp_id=405, page_id=5700, browser=Firefox
Testing: csp_id=405, page_id=5800, browser=Firefox
Testing: csp_id=405, page_id=5900, browser=Firefox
Testing: csp_id=405, page_id=6000, browser=Firefox
Testing: csp_id=405, page_id=6100, browser=Firefox
Testing: csp_id=405, page_id=6200, browser=Firefox
Testing: csp_id=405, page_id=6300, browser=Firefox
Testing: csp_id=405, page_id=6400, browser=Firefox
Testing: csp_id=405, page_id=6500, browser=Firefox
Testing: csp_id=405, page_id=6600, browser=Firefox
Testing: csp_id=405, page_id=6700, browser=Firefox
Testing: csp_id=405, page_id=6800, browser=Firefox
Testing: csp_id=405, page_id=6900, browser=Firefox
Testing: csp_id=405, page_id=7000, browser=Firefox
Testing: csp_id=405, page_id=7100, browser=Firefox
Testing: csp_id=405, page_id=7200, browser=Firefox
Testing: csp_id=405, page_id=7300, browser=Firefox
Testing: csp_id=405, page_id=7400, browser=Firefox
Testing: csp_id=405, page_id=7500, browser=Firefox
Testing: csp_id=405, page_id=7600, browser=Firefox
Testing: csp_id=405, page_id=7700, browser=Firefox
Testing: csp_id=405, page_id=7800, browser=Firefox
Testing: csp_id=405, page_id=7900, browser=Firefox
Testing: csp_id=405, page_id=8000, browser=Firefox
Testing: csp_id=405, page_id=8100, browser=Firefox
Testing: csp_id=405, page_id=8200, browser=Firefox
Testing: csp_id=405, page_id=8300, browser=Firefox
Testing: csp_id=405, page_id=8400, browser=Firefox
Testing: csp_id=405, page_id=8500, browser=Firefox
Testing: csp_id=405, page_id=8600, browser=Firefox
Testing: csp_id=405, page_id=8700, browser=Firefox
Testing: csp_id=405, page_id=8800, browser=Firefox
Testing: csp_id=405, page_id=8900, browser=Firefox
Testing: csp_id=405, page_id=9000, browser=Firefox
Testing: csp_id=405, page_id=9100, browser=Firefox
Testing: csp_id=405, page_id=9200, browser=Firefox
Testing: csp_id=405, page_id=9300, browser=Firefox
Testing: csp_id=405, page_id=9400, browser=Firefox
Testing: csp_id=405, page_id=9500, browser=Firefox
Testing: csp_id=405, page_id=9600, browser=Firefox
Testing: csp_id=405, page_id=9700, browser=Firefox
Testing: csp_id=405, page_id=9800, browser=Firefox
Testing: csp_id=405, page_id=9900, browser=Firefox
Testing: csp_id=405, page_id=10000, browser=Firefox
Testing: csp_id=405, page_id=10100, browser=Firefox
Testing: csp_id=405, page_id=10200, browser=Firefox
Testing: csp_id=405, page_id=10300, browser=Firefox
Testing: csp_id=405, page_id=10400, browser=Firefox
Testing: csp_id=405, page_id=10500, browser=Firefox
Testing: csp_id=405, page_id=10600, browser=Firefox
Testing: csp_id=405, page_id=10700, browser=Firefox
Testing: csp_id=405, page_id=10800, browser=Firefox
Testing: csp_id=405, page_id=10900, browser=Firefox
Testing: csp_id=405, page_id=11000, browser=Firefox
Testing: csp_id=405, page_id=11100, browser=Firefox
Testing: csp_id=405, page_id=11200, browser=Firefox
Testing: csp_id=405, page_id=11300, browser=Firefox
Testing: csp_id=405, page_id=11400, browser=Firefox
Testing: csp_id=405, page_id=11500, browser=Firefox
Testing: csp_id=405, page_id=11600, browser=Firefox
Testing: csp_id=405, page_id=11700, browser=Firefox
Testing: csp_id=405, page_id=11800, browser=Firefox
Testing: csp_id=405, page_id=11900, browser=Firefox
Testing: csp_id=405, page_id=12000, browser=Firefox
Testing: csp_id=405, page_id=12100, browser=Firefox
Testing: csp_id=405, page_id=12200, browser=Firefox
Testing: csp_id=405, page_id=12300, browser=Firefox
Testing: csp_id=405, page_id=12400, browser=Firefox
Testing: csp_id=405, page_id=12500, browser=Firefox
Testing: csp_id=405, page_id=12600, browser=Firefox
Testing: csp_id=405, page_id=12700, browser=Firefox
Testing: csp_id=405, page_id=12800, browser=Firefox
Testing: csp_id=405, page_id=12900, browser=Firefox
Testing: csp_id=405, page_id=13000, browser=Firefox
Testing: csp_id=405, page_id=13100, browser=Firefox
Testing: csp_id=405, page_id=13200, browser=Firefox
Testing: csp_id=405, page_id=13300, browser=Firefox
Testing: csp_id=405, page_id=13400, browser=Firefox
Testing: csp_id=405, page_id=13500, browser=Firefox
Testing: csp_id=405, page_id=13600, browser=Firefox
Testing: csp_id=405, page_id=13700, browser=Firefox
Testing: csp_id=405, page_id=13800, browser=Firefox
Testing: csp_id=405, page_id=13900, browser=Firefox
Testing: csp_id=405, page_id=14000, browser=Firefox
Testing: csp_id=405, page_id=14100, browser=Firefox
Testing: csp_id=405, page_id=14200, browser=Firefox
Testing: csp_id=405, page_id=14300, browser=Firefox
Testing: csp_id=405, page_id=14400, browser=Firefox
Testing: csp_id=405, page_id=14500, browser=Firefox
Testing: csp_id=405, page_id=14600, browser=Firefox
Testing: csp_id=405, page_id=14700, browser=Firefox
Testing: csp_id=405, page_id=14800, browser=Firefox
Testing: csp_id=405, page_id=14900, browser=Firefox
Testing: csp_id=405, page_id=15000, browser=Firefox
Testing: csp_id=405, page_id=15100, browser=Firefox
Testing: csp_id=405, page_id=15200, browser=Firefox
Testing: csp_id=405, page_id=15300, browser=Firefox
Testing: csp_id=405, page_id=15400, browser=Firefox
Testing: csp_id=405, page_id=15500, browser=Firefox
Testing: csp_id=405, page_id=15600, browser=Firefox
Testing: csp_id=405, page_id=15700, browser=Firefox
Testing: csp_id=405, page_id=15800, browser=Firefox
Testing: csp_id=405, page_id=15900, browser=Firefox
Testing: csp_id=405, page_id=16000, browser=Firefox
Testing: csp_id=405, page_id=16100, browser=Firefox
Testing: csp_id=405, page_id=16200, browser=Firefox
Testing: csp_id=405, page_id=16300, browser=Firefox
Testing: csp_id=405, page_id=16400, browser=Firefox
Testing: csp_id=405, page_id=16500, browser=Firefox
Testing: csp_id=405, page_id=16600, browser=Firefox
Testing: csp_id=405, page_id=16700, browser=Firefox
Testing: csp_id=405, page_id=16800, browser=Firefox
Testing: csp_id=405, page_id=16900, browser=Firefox
Testing: csp_id=405, page_id=17000, browser=Firefox
Testing: csp_id=405, page_id=17100, browser=Firefox
Testing: csp_id=405, page_id=17200, browser=Firefox
Testing: csp_id=405, page_id=17300, browser=Firefox
Testing: csp_id=405, page_id=17400, browser=Firefox
Testing: csp_id=405, page_id=17500, browser=Firefox
Testing: csp_id=405, page_id=17600, browser=Firefox
Testing: csp_id=405, page_id=17700, browser=Firefox
Testing: csp_id=405, page_id=17800, browser=Firefox
Testing: csp_id=405, page_id=17900, browser=Firefox
Testing: csp_id=405, page_id=18000, browser=Firefox
Testing: csp_id=405, page_id=18100, browser=Firefox
Testing: csp_id=405, page_id=18200, browser=Firefox
Testing: csp_id=405, page_id=18300, browser=Firefox
Testing: csp_id=405, page_id=18400, browser=Firefox
Testing: csp_id=405, page_id=18500, browser=Firefox
Testing: csp_id=405, page_id=18600, browser=Firefox
Testing: csp_id=405, page_id=18700, browser=Firefox
Testing: csp_id=405, page_id=18800, browser=Firefox
Testing: csp_id=405, page_id=18900, browser=Firefox
Testing: csp_id=405, page_id=19000, browser=Firefox
Testing: csp_id=405, page_id=19100, browser=Firefox
Testing: csp_id=405, page_id=19200, browser=Firefox
Testing: csp_id=405, page_id=19300, browser=Firefox
Testing: csp_id=405, page_id=19400, browser=Firefox
Testing: csp_id=405, page_id=19500, browser=Firefox
Testing: csp_id=405, page_id=19600, browser=Firefox
Testing: csp_id=405, page_id=19700, browser=Firefox
Testing: csp_id=405, page_id=19800, browser=Firefox
Testing: csp_id=405, page_id=19900, browser=Firefox
Testing: csp_id=405, page_id=20000, browser=Firefox
Testing: csp_id=405, page_id=20100, browser=Firefox
Testing: csp_id=405, page_id=20200, browser=Firefox
Testing: csp_id=405, page_id=20300, browser=Firefox
Testing: csp_id=405, page_id=20400, browser=Firefox
Testing: csp_id=405, page_id=20500, browser=Firefox
Testing: csp_id=405, page_id=20600, browser=Firefox
Testing: csp_id=405, page_id=20700, browser=Firefox
Testing: csp_id=405, page_id=20800, browser=Firefox
Testing: csp_id=405, page_id=20900, browser=Firefox
Testing: csp_id=405, page_id=21000, browser=Firefox
Testing: csp_id=405, page_id=21100, browser=Firefox
Testing: csp_id=405, page_id=21200, browser=Firefox
Testing: csp_id=405, page_id=21300, browser=Firefox
Testing: csp_id=405, page_id=21400, browser=Firefox
Testing: csp_id=405, page_id=21500, browser=Firefox
Testing: csp_id=405, page_id=21600, browser=Firefox
Testing: csp_id=405, page_id=21700, browser=Firefox
Testing: csp_id=405, page_id=21800, browser=Firefox
Testing: csp_id=405, page_id=21900, browser=Firefox
Testing: csp_id=405, page_id=22000, browser=Firefox
Testing: csp_id=405, page_id=22100, browser=Firefox
Testing: csp_id=405, page_id=22200, browser=Firefox
Testing: csp_id=405, page_id=22300, browser=Firefox
Testing: csp_id=405, page_id=22400, browser=Firefox
Testing: csp_id=405, page_id=22500, browser=Firefox
Testing: csp_id=405, page_id=22600, browser=Firefox
Testing: csp_id=405, page_id=22700, browser=Firefox
Testing: csp_id=405, page_id=22800, browser=Firefox
Testing: csp_id=405, page_id=22900, browser=Firefox
Testing: csp_id=405, page_id=23000, browser=Firefox
Testing: csp_id=405, page_id=23100, browser=Firefox
Testing: csp_id=405, page_id=23200, browser=Firefox
Testing: csp_id=405, page_id=23300, browser=Firefox
Testing: csp_id=405, page_id=23400, browser=Firefox
Testing: csp_id=405, page_id=23500, browser=Firefox
Testing: csp_id=405, page_id=23600, browser=Firefox
Testing: csp_id=405, page_id=23700, browser=Firefox
Testing: csp_id=405, page_id=23800, browser=Firefox
Testing: csp_id=405, page_id=23900, browser=Firefox
Testing: csp_id=405, page_id=24000, browser=Firefox
Testing: csp_id=405, page_id=24100, browser=Firefox
Testing: csp_id=405, page_id=24200, browser=Firefox
Testing: csp_id=405, page_id=24300, browser=Firefox
Testing: csp_id=405, page_id=24400, browser=Firefox
Testing: csp_id=405, page_id=24500, browser=Firefox
Testing: csp_id=405, page_id=24600, browser=Firefox
Testing: csp_id=405, page_id=24700, browser=Firefox
Testing: csp_id=405, page_id=24800, browser=Firefox
Testing: csp_id=405, page_id=24900, browser=Firefox
Testing: csp_id=405, page_id=25000, browser=Firefox
Testing: csp_id=405, page_id=25100, browser=Firefox
Testing: csp_id=405, page_id=25200, browser=Firefox
Testing: csp_id=405, page_id=25300, browser=Firefox
Testing: csp_id=405, page_id=25400, browser=Firefox
Testing: csp_id=405, page_id=25500, browser=Firefox
Testing: csp_id=405, page_id=25600, browser=Firefox
Testing: csp_id=405, page_id=25700, browser=Firefox
Testing: csp_id=405, page_id=25800, browser=Firefox
Testing: csp_id=405, page_id=25900, browser=Firefox
Testing: csp_id=405, page_id=26000, browser=Firefox
Testing: csp_id=405, page_id=26100, browser=Firefox
Testing: csp_id=405, page_id=26200, browser=Firefox
Testing: csp_id=405, page_id=26300, browser=Firefox
Testing: csp_id=405, page_id=26400, browser=Firefox
Testing: csp_id=405, page_id=26500, browser=Firefox
Testing: csp_id=405, page_id=26600, browser=Firefox
Testing: csp_id=405, page_id=26700, browser=Firefox
Testing: csp_id=405, page_id=26800, browser=Firefox
Testing: csp_id=405, page_id=26900, browser=Firefox
Testing: csp_id=405, page_id=27000, browser=Firefox
Testing: csp_id=405, page_id=27100, browser=Firefox
Testing: csp_id=405, page_id=27200, browser=Firefox
Testing: csp_id=405, page_id=27300, browser=Firefox
Testing: csp_id=405, page_id=27400, browser=Firefox
Testing: csp_id=405, page_id=27500, browser=Firefox
Testing: csp_id=405, page_id=27600, browser=Firefox
Testing: csp_id=405, page_id=27700, browser=Firefox
Testing: csp_id=405, page_id=27800, browser=Firefox
Testing: csp_id=405, page_id=27900, browser=Firefox
Testing: csp_id=405, page_id=28000, browser=Firefox
Testing: csp_id=405, page_id=28100, browser=Firefox
Testing: csp_id=405, page_id=28200, browser=Firefox
Testing: csp_id=405, page_id=28300, browser=Firefox
Testing: csp_id=405, page_id=28400, browser=Firefox
Testing: csp_id=405, page_id=28500, browser=Firefox
Testing: csp_id=405, page_id=28600, browser=Firefox
Testing: csp_id=405, page_id=28700, browser=Firefox
Testing: csp_id=405, page_id=28800, browser=Firefox
Testing: csp_id=405, page_id=28900, browser=Firefox
Testing: csp_id=405, page_id=29000, browser=Firefox
Testing: csp_id=405, page_id=29100, browser=Firefox
Testing: csp_id=405, page_id=29200, browser=Firefox
Testing: csp_id=405, page_id=29300, browser=Firefox
Testing: csp_id=405, page_id=29400, browser=Firefox
Testing: csp_id=405, page_id=29500, browser=Firefox
Testing: csp_id=405, page_id=29600, browser=Firefox
Testing: csp_id=405, page_id=29700, browser=Firefox
Testing: csp_id=405, page_id=29800, browser=Firefox
🏊 create_context_pools[first] (5x16): 27.627s
Testing: csp_id=408, page_id=0, browser=Firefox
Testing: csp_id=408, page_id=100, browser=Firefox
Testing: csp_id=408, page_id=200, browser=Firefox
Testing: csp_id=408, page_id=300, browser=Firefox
Testing: csp_id=408, page_id=400, browser=Firefox
Testing: csp_id=408, page_id=500, browser=Firefox
Testing: csp_id=408, page_id=600, browser=Firefox
Testing: csp_id=408, page_id=700, browser=Firefox
Testing: csp_id=408, page_id=800, browser=Firefox
Testing: csp_id=408, page_id=900, browser=Firefox
Testing: csp_id=408, page_id=1000, browser=Firefox
Testing: csp_id=408, page_id=1100, browser=Firefox
Testing: csp_id=408, page_id=1200, browser=Firefox
Testing: csp_id=408, page_id=1300, browser=Firefox
Testing: csp_id=408, page_id=1400, browser=Firefox
Testing: csp_id=408, page_id=1500, browser=Firefox
Testing: csp_id=408, page_id=1600, browser=Firefox
Testing: csp_id=408, page_id=1700, browser=Firefox
Testing: csp_id=408, page_id=1800, browser=Firefox
Testing: csp_id=408, page_id=1900, browser=Firefox
Testing: csp_id=408, page_id=2000, browser=Firefox
Testing: csp_id=408, page_id=2100, browser=Firefox
Testing: csp_id=408, page_id=2200, browser=Firefox
Testing: csp_id=408, page_id=2300, browser=Firefox
Testing: csp_id=408, page_id=2400, browser=Firefox
Testing: csp_id=408, page_id=2500, browser=Firefox
Testing: csp_id=408, page_id=2600, browser=Firefox
Testing: csp_id=408, page_id=2700, browser=Firefox
Testing: csp_id=408, page_id=2800, browser=Firefox
Testing: csp_id=408, page_id=2900, browser=Firefox
Testing: csp_id=408, page_id=3000, browser=Firefox
Testing: csp_id=408, page_id=3100, browser=Firefox
Testing: csp_id=408, page_id=3200, browser=Firefox
Testing: csp_id=408, page_id=3300, browser=Firefox
Testing: csp_id=408, page_id=3400, browser=Firefox
Testing: csp_id=408, page_id=3500, browser=Firefox
Testing: csp_id=408, page_id=3600, browser=Firefox
Testing: csp_id=408, page_id=3700, browser=Firefox
Testing: csp_id=408, page_id=3800, browser=Firefox
Testing: csp_id=408, page_id=3900, browser=Firefox
Testing: csp_id=408, page_id=4000, browser=Firefox
Testing: csp_id=408, page_id=4100, browser=Firefox
Testing: csp_id=408, page_id=4200, browser=Firefox
Testing: csp_id=408, page_id=4300, browser=Firefox
Testing: csp_id=408, page_id=4400, browser=Firefox
Testing: csp_id=408, page_id=4500, browser=Firefox
Testing: csp_id=408, page_id=4600, browser=Firefox
Testing: csp_id=408, page_id=4700, browser=Firefox
Testing: csp_id=408, page_id=4800, browser=Firefox
Testing: csp_id=408, page_id=4900, browser=Firefox
Testing: csp_id=408, page_id=5000, browser=Firefox
Testing: csp_id=408, page_id=5100, browser=Firefox
Testing: csp_id=408, page_id=5200, browser=Firefox
Testing: csp_id=408, page_id=5300, browser=Firefox
Testing: csp_id=408, page_id=5400, browser=Firefox
Testing: csp_id=408, page_id=5500, browser=Firefox
Testing: csp_id=408, page_id=5600, browser=Firefox
Testing: csp_id=408, page_id=5700, browser=Firefox
Testing: csp_id=408, page_id=5800, browser=Firefox
Testing: csp_id=408, page_id=5900, browser=Firefox
Testing: csp_id=408, page_id=6000, browser=Firefox
Testing: csp_id=408, page_id=6100, browser=Firefox
Testing: csp_id=408, page_id=6200, browser=Firefox
Testing: csp_id=408, page_id=6300, browser=Firefox
Testing: csp_id=408, page_id=6400, browser=Firefox
Testing: csp_id=408, page_id=6500, browser=Firefox
Testing: csp_id=408, page_id=6600, browser=Firefox
Testing: csp_id=408, page_id=6700, browser=Firefox
Testing: csp_id=408, page_id=6800, browser=Firefox
Testing: csp_id=408, page_id=6900, browser=Firefox
Testing: csp_id=408, page_id=7000, browser=Firefox
Testing: csp_id=408, page_id=7100, browser=Firefox
Testing: csp_id=408, page_id=7200, browser=Firefox
Testing: csp_id=408, page_id=7300, browser=Firefox
Testing: csp_id=408, page_id=7400, browser=Firefox
Testing: csp_id=408, page_id=7500, browser=Firefox
Testing: csp_id=408, page_id=7600, browser=Firefox
Testing: csp_id=408, page_id=7700, browser=Firefox
Testing: csp_id=408, page_id=7800, browser=Firefox
Testing: csp_id=408, page_id=7900, browser=Firefox
Testing: csp_id=408, page_id=8000, browser=Firefox
Testing: csp_id=408, page_id=8100, browser=Firefox
Testing: csp_id=408, page_id=8200, browser=Firefox
Testing: csp_id=408, page_id=8300, browser=Firefox
Testing: csp_id=408, page_id=8400, browser=Firefox
Testing: csp_id=408, page_id=8500, browser=Firefox
Testing: csp_id=408, page_id=8600, browser=Firefox
Testing: csp_id=408, page_id=8700, browser=Firefox
Testing: csp_id=408, page_id=8800, browser=Firefox
Testing: csp_id=408, page_id=8900, browser=Firefox
Testing: csp_id=408, page_id=9000, browser=Firefox
Testing: csp_id=408, page_id=9100, browser=Firefox
Testing: csp_id=408, page_id=9200, browser=Firefox
Testing: csp_id=408, page_id=9300, browser=Firefox
Testing: csp_id=408, page_id=9400, browser=Firefox
Testing: csp_id=408, page_id=9500, browser=Firefox
Testing: csp_id=408, page_id=9600, browser=Firefox
Testing: csp_id=408, page_id=9700, browser=Firefox
Testing: csp_id=408, page_id=9800, browser=Firefox
Testing: csp_id=408, page_id=9900, browser=Firefox
Testing: csp_id=408, page_id=10000, browser=Firefox
Testing: csp_id=408, page_id=10100, browser=Firefox
Testing: csp_id=408, page_id=10200, browser=Firefox
Testing: csp_id=408, page_id=10300, browser=Firefox
Testing: csp_id=408, page_id=10400, browser=Firefox
Testing: csp_id=408, page_id=10500, browser=Firefox
Testing: csp_id=408, page_id=10600, browser=Firefox
Testing: csp_id=408, page_id=10700, browser=Firefox
Testing: csp_id=408, page_id=10800, browser=Firefox
Testing: csp_id=408, page_id=10900, browser=Firefox
Testing: csp_id=408, page_id=11000, browser=Firefox
Testing: csp_id=408, page_id=11100, browser=Firefox
Testing: csp_id=408, page_id=11200, browser=Firefox
Testing: csp_id=408, page_id=11300, browser=Firefox
Testing: csp_id=408, page_id=11400, browser=Firefox
Testing: csp_id=408, page_id=11500, browser=Firefox
Testing: csp_id=408, page_id=11600, browser=Firefox
Testing: csp_id=408, page_id=11700, browser=Firefox
Testing: csp_id=408, page_id=11800, browser=Firefox
Testing: csp_id=408, page_id=11900, browser=Firefox
Testing: csp_id=408, page_id=12000, browser=Firefox
Testing: csp_id=408, page_id=12100, browser=Firefox
Testing: csp_id=408, page_id=12200, browser=Firefox
Testing: csp_id=408, page_id=12300, browser=Firefox
Testing: csp_id=408, page_id=12400, browser=Firefox
Testing: csp_id=408, page_id=12500, browser=Firefox
Testing: csp_id=408, page_id=12600, browser=Firefox
Testing: csp_id=408, page_id=12700, browser=Firefox
Testing: csp_id=408, page_id=12800, browser=Firefox
Testing: csp_id=408, page_id=12900, browser=Firefox
Testing: csp_id=408, page_id=13000, browser=Firefox
Testing: csp_id=408, page_id=13100, browser=Firefox
Testing: csp_id=408, page_id=13200, browser=Firefox
Testing: csp_id=408, page_id=13300, browser=Firefox
Testing: csp_id=408, page_id=13400, browser=Firefox
Testing: csp_id=408, page_id=13500, browser=Firefox
Testing: csp_id=408, page_id=13600, browser=Firefox
Testing: csp_id=408, page_id=13700, browser=Firefox
Testing: csp_id=408, page_id=13800, browser=Firefox
Testing: csp_id=408, page_id=13900, browser=Firefox
Testing: csp_id=408, page_id=14000, browser=Firefox
Testing: csp_id=408, page_id=14100, browser=Firefox
Testing: csp_id=408, page_id=14200, browser=Firefox
Testing: csp_id=408, page_id=14300, browser=Firefox
Testing: csp_id=408, page_id=14400, browser=Firefox
Testing: csp_id=408, page_id=14500, browser=Firefox
Testing: csp_id=408, page_id=14600, browser=Firefox
Testing: csp_id=408, page_id=14700, browser=Firefox
Testing: csp_id=408, page_id=14800, browser=Firefox
Testing: csp_id=408, page_id=14900, browser=Firefox
Testing: csp_id=408, page_id=15000, browser=Firefox
Testing: csp_id=408, page_id=15100, browser=Firefox
Testing: csp_id=408, page_id=15200, browser=Firefox
Testing: csp_id=408, page_id=15300, browser=Firefox
Testing: csp_id=408, page_id=15400, browser=Firefox
Testing: csp_id=408, page_id=15500, browser=Firefox
Testing: csp_id=408, page_id=15600, browser=Firefox
Testing: csp_id=408, page_id=15700, browser=Firefox
Testing: csp_id=408, page_id=15800, browser=Firefox
Testing: csp_id=408, page_id=15900, browser=Firefox
Testing: csp_id=408, page_id=16000, browser=Firefox
Testing: csp_id=408, page_id=16100, browser=Firefox
Testing: csp_id=408, page_id=16200, browser=Firefox
Testing: csp_id=408, page_id=16300, browser=Firefox
Testing: csp_id=408, page_id=16400, browser=Firefox
Testing: csp_id=408, page_id=16500, browser=Firefox
Testing: csp_id=408, page_id=16600, browser=Firefox
Testing: csp_id=408, page_id=16700, browser=Firefox
Testing: csp_id=408, page_id=16800, browser=Firefox
Testing: csp_id=408, page_id=16900, browser=Firefox
Testing: csp_id=408, page_id=17000, browser=Firefox
Testing: csp_id=408, page_id=17100, browser=Firefox
Testing: csp_id=408, page_id=17200, browser=Firefox
Testing: csp_id=408, page_id=17300, browser=Firefox
Testing: csp_id=408, page_id=17400, browser=Firefox
Testing: csp_id=408, page_id=17500, browser=Firefox
Testing: csp_id=408, page_id=17600, browser=Firefox
Testing: csp_id=408, page_id=17700, browser=Firefox
Testing: csp_id=408, page_id=17800, browser=Firefox
Testing: csp_id=408, page_id=17900, browser=Firefox
Testing: csp_id=408, page_id=18000, browser=Firefox
Testing: csp_id=408, page_id=18100, browser=Firefox
Testing: csp_id=408, page_id=18200, browser=Firefox
Testing: csp_id=408, page_id=18300, browser=Firefox
Testing: csp_id=408, page_id=18400, browser=Firefox
Testing: csp_id=408, page_id=18500, browser=Firefox
Testing: csp_id=408, page_id=18600, browser=Firefox
Testing: csp_id=408, page_id=18700, browser=Firefox
Testing: csp_id=408, page_id=18800, browser=Firefox
Testing: csp_id=408, page_id=18900, browser=Firefox
Testing: csp_id=408, page_id=19000, browser=Firefox
Testing: csp_id=408, page_id=19100, browser=Firefox
Testing: csp_id=408, page_id=19200, browser=Firefox
Testing: csp_id=408, page_id=19300, browser=Firefox
Testing: csp_id=408, page_id=19400, browser=Firefox
Testing: csp_id=408, page_id=19500, browser=Firefox
Testing: csp_id=408, page_id=19600, browser=Firefox
Testing: csp_id=408, page_id=19700, browser=Firefox
Testing: csp_id=408, page_id=19800, browser=Firefox
Testing: csp_id=408, page_id=19900, browser=Firefox
Testing: csp_id=408, page_id=20000, browser=Firefox
Testing: csp_id=408, page_id=20100, browser=Firefox
Testing: csp_id=408, page_id=20200, browser=Firefox
Testing: csp_id=408, page_id=20300, browser=Firefox
Testing: csp_id=408, page_id=20400, browser=Firefox
Testing: csp_id=408, page_id=20500, browser=Firefox
Testing: csp_id=408, page_id=20600, browser=Firefox
Testing: csp_id=408, page_id=20700, browser=Firefox
Testing: csp_id=408, page_id=20800, browser=Firefox
Testing: csp_id=408, page_id=20900, browser=Firefox
Testing: csp_id=408, page_id=21000, browser=Firefox
Testing: csp_id=408, page_id=21100, browser=Firefox
Testing: csp_id=408, page_id=21200, browser=Firefox
Testing: csp_id=408, page_id=21300, browser=Firefox
Testing: csp_id=408, page_id=21400, browser=Firefox
Testing: csp_id=408, page_id=21500, browser=Firefox
Testing: csp_id=408, page_id=21600, browser=Firefox
Testing: csp_id=408, page_id=21700, browser=Firefox
Testing: csp_id=408, page_id=21800, browser=Firefox
Testing: csp_id=408, page_id=21900, browser=Firefox
Testing: csp_id=408, page_id=22000, browser=Firefox
Testing: csp_id=408, page_id=22100, browser=Firefox
Testing: csp_id=408, page_id=22200, browser=Firefox
Testing: csp_id=408, page_id=22300, browser=Firefox
Testing: csp_id=408, page_id=22400, browser=Firefox
Testing: csp_id=408, page_id=22500, browser=Firefox
Testing: csp_id=408, page_id=22600, browser=Firefox
Testing: csp_id=408, page_id=22700, browser=Firefox
Testing: csp_id=408, page_id=22800, browser=Firefox
Testing: csp_id=408, page_id=22900, browser=Firefox
Testing: csp_id=408, page_id=23000, browser=Firefox
Testing: csp_id=408, page_id=23100, browser=Firefox
Testing: csp_id=408, page_id=23200, browser=Firefox
Testing: csp_id=408, page_id=23300, browser=Firefox
Testing: csp_id=408, page_id=23400, browser=Firefox
Testing: csp_id=408, page_id=23500, browser=Firefox
Testing: csp_id=408, page_id=23600, browser=Firefox
Testing: csp_id=408, page_id=23700, browser=Firefox
Testing: csp_id=408, page_id=23800, browser=Firefox
Testing: csp_id=408, page_id=23900, browser=Firefox
Testing: csp_id=408, page_id=24000, browser=Firefox
Testing: csp_id=408, page_id=24100, browser=Firefox
Testing: csp_id=408, page_id=24200, browser=Firefox
Testing: csp_id=408, page_id=24300, browser=Firefox
Testing: csp_id=408, page_id=24400, browser=Firefox
Testing: csp_id=408, page_id=24500, browser=Firefox
Testing: csp_id=408, page_id=24600, browser=Firefox
Testing: csp_id=408, page_id=24700, browser=Firefox
Testing: csp_id=408, page_id=24800, browser=Firefox
Testing: csp_id=408, page_id=24900, browser=Firefox
Testing: csp_id=408, page_id=25000, browser=Firefox
Testing: csp_id=408, page_id=25100, browser=Firefox
Testing: csp_id=408, page_id=25200, browser=Firefox
Testing: csp_id=408, page_id=25300, browser=Firefox
Testing: csp_id=408, page_id=25400, browser=Firefox
Testing: csp_id=408, page_id=25500, browser=Firefox
Testing: csp_id=408, page_id=25600, browser=Firefox
Testing: csp_id=408, page_id=25700, browser=Firefox
Testing: csp_id=408, page_id=25800, browser=Firefox
Testing: csp_id=408, page_id=25900, browser=Firefox
Testing: csp_id=408, page_id=26000, browser=Firefox
Testing: csp_id=408, page_id=26100, browser=Firefox
Testing: csp_id=408, page_id=26200, browser=Firefox
Testing: csp_id=408, page_id=26300, browser=Firefox
Testing: csp_id=408, page_id=26400, browser=Firefox
Testing: csp_id=408, page_id=26500, browser=Firefox
Testing: csp_id=408, page_id=26600, browser=Firefox
Testing: csp_id=408, page_id=26700, browser=Firefox
Testing: csp_id=408, page_id=26800, browser=Firefox
Testing: csp_id=408, page_id=26900, browser=Firefox
Testing: csp_id=408, page_id=27000, browser=Firefox
Testing: csp_id=408, page_id=27100, browser=Firefox
Testing: csp_id=408, page_id=27200, browser=Firefox
Testing: csp_id=408, page_id=27300, browser=Firefox
Testing: csp_id=408, page_id=27400, browser=Firefox
Testing: csp_id=408, page_id=27500, browser=Firefox
Testing: csp_id=408, page_id=27600, browser=Firefox
Testing: csp_id=408, page_id=27700, browser=Firefox
Testing: csp_id=408, page_id=27800, browser=Firefox
Testing: csp_id=408, page_id=27900, browser=Firefox
Testing: csp_id=408, page_id=28000, browser=Firefox
Testing: csp_id=408, page_id=28100, browser=Firefox
Testing: csp_id=408, page_id=28200, browser=Firefox
Testing: csp_id=408, page_id=28300, browser=Firefox
Testing: csp_id=408, page_id=28400, browser=Firefox
Testing: csp_id=408, page_id=28500, browser=Firefox
Testing: csp_id=408, page_id=28600, browser=Firefox
Testing: csp_id=408, page_id=28700, browser=Firefox
Testing: csp_id=408, page_id=28800, browser=Firefox
Testing: csp_id=408, page_id=28900, browser=Firefox
Testing: csp_id=408, page_id=29000, browser=Firefox
Testing: csp_id=408, page_id=29100, browser=Firefox
Testing: csp_id=408, page_id=29200, browser=Firefox
Testing: csp_id=408, page_id=29300, browser=Firefox
Testing: csp_id=408, page_id=29400, browser=Firefox
Testing: csp_id=408, page_id=29500, browser=Firefox
Testing: csp_id=408, page_id=29600, browser=Firefox
Testing: csp_id=408, page_id=29700, browser=Firefox
Testing: csp_id=408, page_id=29800, browser=Firefox
🏊 create_context_pools[first] (5x16): 30.637s
Testing: csp_id=428, page_id=0, browser=Firefox
Testing: csp_id=428, page_id=100, browser=Firefox
Testing: csp_id=428, page_id=200, browser=Firefox
Testing: csp_id=428, page_id=300, browser=Firefox
Testing: csp_id=428, page_id=400, browser=Firefox
Testing: csp_id=428, page_id=500, browser=Firefox
Testing: csp_id=428, page_id=600, browser=Firefox
Testing: csp_id=428, page_id=700, browser=Firefox
Testing: csp_id=428, page_id=800, browser=Firefox
Testing: csp_id=428, page_id=900, browser=Firefox
Testing: csp_id=428, page_id=1000, browser=Firefox
Testing: csp_id=428, page_id=1100, browser=Firefox
Testing: csp_id=428, page_id=1200, browser=Firefox
Testing: csp_id=428, page_id=1300, browser=Firefox
Testing: csp_id=428, page_id=1400, browser=Firefox
Testing: csp_id=428, page_id=1500, browser=Firefox
Testing: csp_id=428, page_id=1600, browser=Firefox
Testing: csp_id=428, page_id=1700, browser=Firefox
Testing: csp_id=428, page_id=1800, browser=Firefox
Testing: csp_id=428, page_id=1900, browser=Firefox
Testing: csp_id=428, page_id=2000, browser=Firefox
Testing: csp_id=428, page_id=2100, browser=Firefox
Testing: csp_id=428, page_id=2200, browser=Firefox
Testing: csp_id=428, page_id=2300, browser=Firefox
Testing: csp_id=428, page_id=2400, browser=Firefox
Testing: csp_id=428, page_id=2500, browser=Firefox
Testing: csp_id=428, page_id=2600, browser=Firefox
Testing: csp_id=428, page_id=2700, browser=Firefox
Testing: csp_id=428, page_id=2800, browser=Firefox
Testing: csp_id=428, page_id=2900, browser=Firefox
Testing: csp_id=428, page_id=3000, browser=Firefox
Testing: csp_id=428, page_id=3100, browser=Firefox
Testing: csp_id=428, page_id=3200, browser=Firefox
Testing: csp_id=428, page_id=3300, browser=Firefox
Testing: csp_id=428, page_id=3400, browser=Firefox
Testing: csp_id=428, page_id=3500, browser=Firefox
Testing: csp_id=428, page_id=3600, browser=Firefox
Testing: csp_id=428, page_id=3700, browser=Firefox
Testing: csp_id=428, page_id=3800, browser=Firefox
Testing: csp_id=428, page_id=3900, browser=Firefox
Testing: csp_id=428, page_id=4000, browser=Firefox
Testing: csp_id=428, page_id=4100, browser=Firefox
Testing: csp_id=428, page_id=4200, browser=Firefox
Testing: csp_id=428, page_id=4300, browser=Firefox
Testing: csp_id=428, page_id=4400, browser=Firefox
Testing: csp_id=428, page_id=4500, browser=Firefox
Testing: csp_id=428, page_id=4600, browser=Firefox
Testing: csp_id=428, page_id=4700, browser=Firefox
Testing: csp_id=428, page_id=4800, browser=Firefox
Testing: csp_id=428, page_id=4900, browser=Firefox
Testing: csp_id=428, page_id=5000, browser=Firefox
Testing: csp_id=428, page_id=5100, browser=Firefox
Testing: csp_id=428, page_id=5200, browser=Firefox
Testing: csp_id=428, page_id=5300, browser=Firefox
Testing: csp_id=428, page_id=5400, browser=Firefox
Testing: csp_id=428, page_id=5500, browser=Firefox
Testing: csp_id=428, page_id=5600, browser=Firefox
Testing: csp_id=428, page_id=5700, browser=Firefox
Testing: csp_id=428, page_id=5800, browser=Firefox
Testing: csp_id=428, page_id=5900, browser=Firefox
Testing: csp_id=428, page_id=6000, browser=Firefox
Testing: csp_id=428, page_id=6100, browser=Firefox
Testing: csp_id=428, page_id=6200, browser=Firefox
Testing: csp_id=428, page_id=6300, browser=Firefox
Testing: csp_id=428, page_id=6400, browser=Firefox
Testing: csp_id=428, page_id=6500, browser=Firefox
Testing: csp_id=428, page_id=6600, browser=Firefox
Testing: csp_id=428, page_id=6700, browser=Firefox
Testing: csp_id=428, page_id=6800, browser=Firefox
Testing: csp_id=428, page_id=6900, browser=Firefox
Testing: csp_id=428, page_id=7000, browser=Firefox
Testing: csp_id=428, page_id=7100, browser=Firefox
Testing: csp_id=428, page_id=7200, browser=Firefox
Testing: csp_id=428, page_id=7300, browser=Firefox
Testing: csp_id=428, page_id=7400, browser=Firefox
Testing: csp_id=428, page_id=7500, browser=Firefox
Testing: csp_id=428, page_id=7600, browser=Firefox
Testing: csp_id=428, page_id=7700, browser=Firefox
Testing: csp_id=428, page_id=7800, browser=Firefox
Testing: csp_id=428, page_id=7900, browser=Firefox
Testing: csp_id=428, page_id=8000, browser=Firefox
Testing: csp_id=428, page_id=8100, browser=Firefox
Testing: csp_id=428, page_id=8200, browser=Firefox
Testing: csp_id=428, page_id=8300, browser=Firefox
Testing: csp_id=428, page_id=8400, browser=Firefox
Testing: csp_id=428, page_id=8500, browser=Firefox
Testing: csp_id=428, page_id=8600, browser=Firefox
Testing: csp_id=428, page_id=8700, browser=Firefox
Testing: csp_id=428, page_id=8800, browser=Firefox
Testing: csp_id=428, page_id=8900, browser=Firefox
Testing: csp_id=428, page_id=9000, browser=Firefox
Testing: csp_id=428, page_id=9100, browser=Firefox
Testing: csp_id=428, page_id=9200, browser=Firefox
Testing: csp_id=428, page_id=9300, browser=Firefox
Testing: csp_id=428, page_id=9400, browser=Firefox
Testing: csp_id=428, page_id=9500, browser=Firefox
Testing: csp_id=428, page_id=9600, browser=Firefox
Testing: csp_id=428, page_id=9700, browser=Firefox
Testing: csp_id=428, page_id=9800, browser=Firefox
Testing: csp_id=428, page_id=9900, browser=Firefox
Testing: csp_id=428, page_id=10000, browser=Firefox
Testing: csp_id=428, page_id=10100, browser=Firefox
Testing: csp_id=428, page_id=10200, browser=Firefox
Testing: csp_id=428, page_id=10300, browser=Firefox
Testing: csp_id=428, page_id=10400, browser=Firefox
Testing: csp_id=428, page_id=10500, browser=Firefox
Testing: csp_id=428, page_id=10600, browser=Firefox
Testing: csp_id=428, page_id=10700, browser=Firefox
Testing: csp_id=428, page_id=10800, browser=Firefox
Testing: csp_id=428, page_id=10900, browser=Firefox
Testing: csp_id=428, page_id=11000, browser=Firefox
Testing: csp_id=428, page_id=11100, browser=Firefox
Testing: csp_id=428, page_id=11200, browser=Firefox
Testing: csp_id=428, page_id=11300, browser=Firefox
Testing: csp_id=428, page_id=11400, browser=Firefox
Testing: csp_id=428, page_id=11500, browser=Firefox
Testing: csp_id=428, page_id=11600, browser=Firefox
Testing: csp_id=428, page_id=11700, browser=Firefox
Testing: csp_id=428, page_id=11800, browser=Firefox
Testing: csp_id=428, page_id=11900, browser=Firefox
Testing: csp_id=428, page_id=12000, browser=Firefox
Testing: csp_id=428, page_id=12100, browser=Firefox
Testing: csp_id=428, page_id=12200, browser=Firefox
Testing: csp_id=428, page_id=12300, browser=Firefox
Testing: csp_id=428, page_id=12400, browser=Firefox
Testing: csp_id=428, page_id=12500, browser=Firefox
Testing: csp_id=428, page_id=12600, browser=Firefox
Testing: csp_id=428, page_id=12700, browser=Firefox
Testing: csp_id=428, page_id=12800, browser=Firefox
Testing: csp_id=428, page_id=12900, browser=Firefox
Testing: csp_id=428, page_id=13000, browser=Firefox
Testing: csp_id=428, page_id=13100, browser=Firefox
Testing: csp_id=428, page_id=13200, browser=Firefox
Testing: csp_id=428, page_id=13300, browser=Firefox
Testing: csp_id=428, page_id=13400, browser=Firefox
Testing: csp_id=428, page_id=13500, browser=Firefox
Testing: csp_id=428, page_id=13600, browser=Firefox
Testing: csp_id=428, page_id=13700, browser=Firefox
Testing: csp_id=428, page_id=13800, browser=Firefox
Testing: csp_id=428, page_id=13900, browser=Firefox
Testing: csp_id=428, page_id=14000, browser=Firefox
Testing: csp_id=428, page_id=14100, browser=Firefox
Testing: csp_id=428, page_id=14200, browser=Firefox
Testing: csp_id=428, page_id=14300, browser=Firefox
Testing: csp_id=428, page_id=14400, browser=Firefox
Testing: csp_id=428, page_id=14500, browser=Firefox
Testing: csp_id=428, page_id=14600, browser=Firefox
Testing: csp_id=428, page_id=14700, browser=Firefox
Testing: csp_id=428, page_id=14800, browser=Firefox
Testing: csp_id=428, page_id=14900, browser=Firefox
Testing: csp_id=428, page_id=15000, browser=Firefox
Testing: csp_id=428, page_id=15100, browser=Firefox
Testing: csp_id=428, page_id=15200, browser=Firefox
Testing: csp_id=428, page_id=15300, browser=Firefox
Testing: csp_id=428, page_id=15400, browser=Firefox
Testing: csp_id=428, page_id=15500, browser=Firefox
Testing: csp_id=428, page_id=15600, browser=Firefox
Testing: csp_id=428, page_id=15700, browser=Firefox
Testing: csp_id=428, page_id=15800, browser=Firefox
Testing: csp_id=428, page_id=15900, browser=Firefox
Testing: csp_id=428, page_id=16000, browser=Firefox
Testing: csp_id=428, page_id=16100, browser=Firefox
Testing: csp_id=428, page_id=16200, browser=Firefox
Testing: csp_id=428, page_id=16300, browser=Firefox
Testing: csp_id=428, page_id=16400, browser=Firefox
Testing: csp_id=428, page_id=16500, browser=Firefox
Testing: csp_id=428, page_id=16600, browser=Firefox
Testing: csp_id=428, page_id=16700, browser=Firefox
Testing: csp_id=428, page_id=16800, browser=Firefox
Testing: csp_id=428, page_id=16900, browser=Firefox
Testing: csp_id=428, page_id=17000, browser=Firefox
Testing: csp_id=428, page_id=17100, browser=Firefox
Testing: csp_id=428, page_id=17200, browser=Firefox
Testing: csp_id=428, page_id=17300, browser=Firefox
Testing: csp_id=428, page_id=17400, browser=Firefox
Testing: csp_id=428, page_id=17500, browser=Firefox
Testing: csp_id=428, page_id=17600, browser=Firefox
Testing: csp_id=428, page_id=17700, browser=Firefox
Testing: csp_id=428, page_id=17800, browser=Firefox
Testing: csp_id=428, page_id=17900, browser=Firefox
Testing: csp_id=428, page_id=18000, browser=Firefox
Testing: csp_id=428, page_id=18100, browser=Firefox
Testing: csp_id=428, page_id=18200, browser=Firefox
Testing: csp_id=428, page_id=18300, browser=Firefox
Testing: csp_id=428, page_id=18400, browser=Firefox
Testing: csp_id=428, page_id=18500, browser=Firefox
Testing: csp_id=428, page_id=18600, browser=Firefox
Testing: csp_id=428, page_id=18700, browser=Firefox
Testing: csp_id=428, page_id=18800, browser=Firefox
Testing: csp_id=428, page_id=18900, browser=Firefox
Testing: csp_id=428, page_id=19000, browser=Firefox
Testing: csp_id=428, page_id=19100, browser=Firefox
Testing: csp_id=428, page_id=19200, browser=Firefox
Testing: csp_id=428, page_id=19300, browser=Firefox
Testing: csp_id=428, page_id=19400, browser=Firefox
Testing: csp_id=428, page_id=19500, browser=Firefox
Testing: csp_id=428, page_id=19600, browser=Firefox
Testing: csp_id=428, page_id=19700, browser=Firefox
Testing: csp_id=428, page_id=19800, browser=Firefox
Testing: csp_id=428, page_id=19900, browser=Firefox
Testing: csp_id=428, page_id=20000, browser=Firefox
Testing: csp_id=428, page_id=20100, browser=Firefox
Testing: csp_id=428, page_id=20200, browser=Firefox
Testing: csp_id=428, page_id=20300, browser=Firefox
Testing: csp_id=428, page_id=20400, browser=Firefox
Testing: csp_id=428, page_id=20500, browser=Firefox
Testing: csp_id=428, page_id=20600, browser=Firefox
Testing: csp_id=428, page_id=20700, browser=Firefox
Testing: csp_id=428, page_id=20800, browser=Firefox
Testing: csp_id=428, page_id=20900, browser=Firefox
Testing: csp_id=428, page_id=21000, browser=Firefox
Testing: csp_id=428, page_id=21100, browser=Firefox
Testing: csp_id=428, page_id=21200, browser=Firefox
Testing: csp_id=428, page_id=21300, browser=Firefox
Testing: csp_id=428, page_id=21400, browser=Firefox
Testing: csp_id=428, page_id=21500, browser=Firefox
Testing: csp_id=428, page_id=21600, browser=Firefox
Testing: csp_id=428, page_id=21700, browser=Firefox
Testing: csp_id=428, page_id=21800, browser=Firefox
Testing: csp_id=428, page_id=21900, browser=Firefox
Testing: csp_id=428, page_id=22000, browser=Firefox
Testing: csp_id=428, page_id=22100, browser=Firefox
Testing: csp_id=428, page_id=22200, browser=Firefox
Testing: csp_id=428, page_id=22300, browser=Firefox
Testing: csp_id=428, page_id=22400, browser=Firefox
Testing: csp_id=428, page_id=22500, browser=Firefox
Testing: csp_id=428, page_id=22600, browser=Firefox
Testing: csp_id=428, page_id=22700, browser=Firefox
Testing: csp_id=428, page_id=22800, browser=Firefox
Testing: csp_id=428, page_id=22900, browser=Firefox
Testing: csp_id=428, page_id=23000, browser=Firefox
Testing: csp_id=428, page_id=23100, browser=Firefox
Testing: csp_id=428, page_id=23200, browser=Firefox
Testing: csp_id=428, page_id=23300, browser=Firefox
Testing: csp_id=428, page_id=23400, browser=Firefox
Testing: csp_id=428, page_id=23500, browser=Firefox
Testing: csp_id=428, page_id=23600, browser=Firefox
Testing: csp_id=428, page_id=23700, browser=Firefox
Testing: csp_id=428, page_id=23800, browser=Firefox
Testing: csp_id=428, page_id=23900, browser=Firefox
Testing: csp_id=428, page_id=24000, browser=Firefox
Testing: csp_id=428, page_id=24100, browser=Firefox
Testing: csp_id=428, page_id=24200, browser=Firefox
Testing: csp_id=428, page_id=24300, browser=Firefox
Testing: csp_id=428, page_id=24400, browser=Firefox
Testing: csp_id=428, page_id=24500, browser=Firefox
Testing: csp_id=428, page_id=24600, browser=Firefox
Testing: csp_id=428, page_id=24700, browser=Firefox
Testing: csp_id=428, page_id=24800, browser=Firefox
Testing: csp_id=428, page_id=24900, browser=Firefox
Testing: csp_id=428, page_id=25000, browser=Firefox
Testing: csp_id=428, page_id=25100, browser=Firefox
Testing: csp_id=428, page_id=25200, browser=Firefox
Testing: csp_id=428, page_id=25300, browser=Firefox
Testing: csp_id=428, page_id=25400, browser=Firefox
Testing: csp_id=428, page_id=25500, browser=Firefox
Testing: csp_id=428, page_id=25600, browser=Firefox
Testing: csp_id=428, page_id=25700, browser=Firefox
Testing: csp_id=428, page_id=25800, browser=Firefox
Testing: csp_id=428, page_id=25900, browser=Firefox
Testing: csp_id=428, page_id=26000, browser=Firefox
Testing: csp_id=428, page_id=26100, browser=Firefox
Testing: csp_id=428, page_id=26200, browser=Firefox
Testing: csp_id=428, page_id=26300, browser=Firefox
Testing: csp_id=428, page_id=26400, browser=Firefox
Testing: csp_id=428, page_id=26500, browser=Firefox
Testing: csp_id=428, page_id=26600, browser=Firefox
Testing: csp_id=428, page_id=26700, browser=Firefox
Testing: csp_id=428, page_id=26800, browser=Firefox
Testing: csp_id=428, page_id=26900, browser=Firefox
Testing: csp_id=428, page_id=27000, browser=Firefox
Testing: csp_id=428, page_id=27100, browser=Firefox
Testing: csp_id=428, page_id=27200, browser=Firefox
Testing: csp_id=428, page_id=27300, browser=Firefox
Testing: csp_id=428, page_id=27400, browser=Firefox
Testing: csp_id=428, page_id=27500, browser=Firefox
Testing: csp_id=428, page_id=27600, browser=Firefox
Testing: csp_id=428, page_id=27700, browser=Firefox
Testing: csp_id=428, page_id=27800, browser=Firefox
Testing: csp_id=428, page_id=27900, browser=Firefox
Testing: csp_id=428, page_id=28000, browser=Firefox
Testing: csp_id=428, page_id=28100, browser=Firefox
Testing: csp_id=428, page_id=28200, browser=Firefox
Testing: csp_id=428, page_id=28300, browser=Firefox
Testing: csp_id=428, page_id=28400, browser=Firefox
Testing: csp_id=428, page_id=28500, browser=Firefox
Testing: csp_id=428, page_id=28600, browser=Firefox
Testing: csp_id=428, page_id=28700, browser=Firefox
Testing: csp_id=428, page_id=28800, browser=Firefox
Testing: csp_id=428, page_id=28900, browser=Firefox
Testing: csp_id=428, page_id=29000, browser=Firefox
Testing: csp_id=428, page_id=29100, browser=Firefox
Testing: csp_id=428, page_id=29200, browser=Firefox
Testing: csp_id=428, page_id=29300, browser=Firefox
Testing: csp_id=428, page_id=29400, browser=Firefox
Testing: csp_id=428, page_id=29500, browser=Firefox
Testing: csp_id=428, page_id=29600, browser=Firefox
Testing: csp_id=428, page_id=29700, browser=Firefox
Testing: csp_id=428, page_id=29800, browser=Firefox
🏊 create_context_pools[first] (5x16): 29.801s
Testing: csp_id=440, page_id=0, browser=Firefox
Testing: csp_id=440, page_id=100, browser=Firefox
Testing: csp_id=440, page_id=200, browser=Firefox
Testing: csp_id=440, page_id=300, browser=Firefox
Testing: csp_id=440, page_id=400, browser=Firefox
Testing: csp_id=440, page_id=500, browser=Firefox
Testing: csp_id=440, page_id=600, browser=Firefox
Testing: csp_id=440, page_id=700, browser=Firefox
Testing: csp_id=440, page_id=800, browser=Firefox
Testing: csp_id=440, page_id=900, browser=Firefox
Testing: csp_id=440, page_id=1000, browser=Firefox
Testing: csp_id=440, page_id=1100, browser=Firefox
Testing: csp_id=440, page_id=1200, browser=Firefox
Testing: csp_id=440, page_id=1300, browser=Firefox
Testing: csp_id=440, page_id=1400, browser=Firefox
Testing: csp_id=440, page_id=1500, browser=Firefox
Testing: csp_id=440, page_id=1600, browser=Firefox
Testing: csp_id=440, page_id=1700, browser=Firefox
Testing: csp_id=440, page_id=1800, browser=Firefox
Testing: csp_id=440, page_id=1900, browser=Firefox
Testing: csp_id=440, page_id=2000, browser=Firefox
Testing: csp_id=440, page_id=2100, browser=Firefox
Testing: csp_id=440, page_id=2200, browser=Firefox
Testing: csp_id=440, page_id=2300, browser=Firefox
Testing: csp_id=440, page_id=2400, browser=Firefox
Testing: csp_id=440, page_id=2500, browser=Firefox
Testing: csp_id=440, page_id=2600, browser=Firefox
Testing: csp_id=440, page_id=2700, browser=Firefox
Testing: csp_id=440, page_id=2800, browser=Firefox
Testing: csp_id=440, page_id=2900, browser=Firefox
Testing: csp_id=440, page_id=3000, browser=Firefox
Testing: csp_id=440, page_id=3100, browser=Firefox
Testing: csp_id=440, page_id=3200, browser=Firefox
Testing: csp_id=440, page_id=3300, browser=Firefox
Testing: csp_id=440, page_id=3400, browser=Firefox
Testing: csp_id=440, page_id=3500, browser=Firefox
Testing: csp_id=440, page_id=3600, browser=Firefox
Testing: csp_id=440, page_id=3700, browser=Firefox
Testing: csp_id=440, page_id=3800, browser=Firefox
Testing: csp_id=440, page_id=3900, browser=Firefox
Testing: csp_id=440, page_id=4000, browser=Firefox
Testing: csp_id=440, page_id=4100, browser=Firefox
Testing: csp_id=440, page_id=4200, browser=Firefox
Testing: csp_id=440, page_id=4300, browser=Firefox
Testing: csp_id=440, page_id=4400, browser=Firefox
Testing: csp_id=440, page_id=4500, browser=Firefox
Testing: csp_id=440, page_id=4600, browser=Firefox
Testing: csp_id=440, page_id=4700, browser=Firefox
Testing: csp_id=440, page_id=4800, browser=Firefox
Testing: csp_id=440, page_id=4900, browser=Firefox
Testing: csp_id=440, page_id=5000, browser=Firefox
Testing: csp_id=440, page_id=5100, browser=Firefox
Testing: csp_id=440, page_id=5200, browser=Firefox
Testing: csp_id=440, page_id=5300, browser=Firefox
Testing: csp_id=440, page_id=5400, browser=Firefox
Testing: csp_id=440, page_id=5500, browser=Firefox
Testing: csp_id=440, page_id=5600, browser=Firefox
Testing: csp_id=440, page_id=5700, browser=Firefox
Testing: csp_id=440, page_id=5800, browser=Firefox
Testing: csp_id=440, page_id=5900, browser=Firefox
Testing: csp_id=440, page_id=6000, browser=Firefox
Testing: csp_id=440, page_id=6100, browser=Firefox
Testing: csp_id=440, page_id=6200, browser=Firefox
Testing: csp_id=440, page_id=6300, browser=Firefox
Testing: csp_id=440, page_id=6400, browser=Firefox
Testing: csp_id=440, page_id=6500, browser=Firefox
Testing: csp_id=440, page_id=6600, browser=Firefox
Testing: csp_id=440, page_id=6700, browser=Firefox
Testing: csp_id=440, page_id=6800, browser=Firefox
Testing: csp_id=440, page_id=6900, browser=Firefox
Testing: csp_id=440, page_id=7000, browser=Firefox
Testing: csp_id=440, page_id=7100, browser=Firefox
Testing: csp_id=440, page_id=7200, browser=Firefox
Testing: csp_id=440, page_id=7300, browser=Firefox
Testing: csp_id=440, page_id=7400, browser=Firefox
Testing: csp_id=440, page_id=7500, browser=Firefox
Testing: csp_id=440, page_id=7600, browser=Firefox
Testing: csp_id=440, page_id=7700, browser=Firefox
Testing: csp_id=440, page_id=7800, browser=Firefox
Testing: csp_id=440, page_id=7900, browser=Firefox
Testing: csp_id=440, page_id=8000, browser=Firefox
Testing: csp_id=440, page_id=8100, browser=Firefox
Testing: csp_id=440, page_id=8200, browser=Firefox
Testing: csp_id=440, page_id=8300, browser=Firefox
Testing: csp_id=440, page_id=8400, browser=Firefox
Testing: csp_id=440, page_id=8500, browser=Firefox
Testing: csp_id=440, page_id=8600, browser=Firefox
Testing: csp_id=440, page_id=8700, browser=Firefox
Testing: csp_id=440, page_id=8800, browser=Firefox
Testing: csp_id=440, page_id=8900, browser=Firefox
Testing: csp_id=440, page_id=9000, browser=Firefox
Testing: csp_id=440, page_id=9100, browser=Firefox
Testing: csp_id=440, page_id=9200, browser=Firefox
Testing: csp_id=440, page_id=9300, browser=Firefox
Testing: csp_id=440, page_id=9400, browser=Firefox
Testing: csp_id=440, page_id=9500, browser=Firefox
Testing: csp_id=440, page_id=9600, browser=Firefox
Testing: csp_id=440, page_id=9700, browser=Firefox
Testing: csp_id=440, page_id=9800, browser=Firefox
Testing: csp_id=440, page_id=9900, browser=Firefox
Testing: csp_id=440, page_id=10000, browser=Firefox
Testing: csp_id=440, page_id=10100, browser=Firefox
Testing: csp_id=440, page_id=10200, browser=Firefox
Testing: csp_id=440, page_id=10300, browser=Firefox
Testing: csp_id=440, page_id=10400, browser=Firefox
Testing: csp_id=440, page_id=10500, browser=Firefox
Testing: csp_id=440, page_id=10600, browser=Firefox
Testing: csp_id=440, page_id=10700, browser=Firefox
Testing: csp_id=440, page_id=10800, browser=Firefox
Testing: csp_id=440, page_id=10900, browser=Firefox
Testing: csp_id=440, page_id=11000, browser=Firefox
Testing: csp_id=440, page_id=11100, browser=Firefox
Testing: csp_id=440, page_id=11200, browser=Firefox
Testing: csp_id=440, page_id=11300, browser=Firefox
Testing: csp_id=440, page_id=11400, browser=Firefox
Testing: csp_id=440, page_id=11500, browser=Firefox
Testing: csp_id=440, page_id=11600, browser=Firefox
Testing: csp_id=440, page_id=11700, browser=Firefox
Testing: csp_id=440, page_id=11800, browser=Firefox
Testing: csp_id=440, page_id=11900, browser=Firefox
Testing: csp_id=440, page_id=12000, browser=Firefox
Testing: csp_id=440, page_id=12100, browser=Firefox
Testing: csp_id=440, page_id=12200, browser=Firefox
Testing: csp_id=440, page_id=12300, browser=Firefox
Testing: csp_id=440, page_id=12400, browser=Firefox
Testing: csp_id=440, page_id=12500, browser=Firefox
Testing: csp_id=440, page_id=12600, browser=Firefox
Testing: csp_id=440, page_id=12700, browser=Firefox
Testing: csp_id=440, page_id=12800, browser=Firefox
Testing: csp_id=440, page_id=12900, browser=Firefox
Testing: csp_id=440, page_id=13000, browser=Firefox
Testing: csp_id=440, page_id=13100, browser=Firefox
Testing: csp_id=440, page_id=13200, browser=Firefox
Testing: csp_id=440, page_id=13300, browser=Firefox
Testing: csp_id=440, page_id=13400, browser=Firefox
Testing: csp_id=440, page_id=13500, browser=Firefox
Testing: csp_id=440, page_id=13600, browser=Firefox
Testing: csp_id=440, page_id=13700, browser=Firefox
Testing: csp_id=440, page_id=13800, browser=Firefox
Testing: csp_id=440, page_id=13900, browser=Firefox
Testing: csp_id=440, page_id=14000, browser=Firefox
Testing: csp_id=440, page_id=14100, browser=Firefox
Testing: csp_id=440, page_id=14200, browser=Firefox
Testing: csp_id=440, page_id=14300, browser=Firefox
Testing: csp_id=440, page_id=14400, browser=Firefox
Testing: csp_id=440, page_id=14500, browser=Firefox
Testing: csp_id=440, page_id=14600, browser=Firefox
Testing: csp_id=440, page_id=14700, browser=Firefox
Testing: csp_id=440, page_id=14800, browser=Firefox
Testing: csp_id=440, page_id=14900, browser=Firefox
Testing: csp_id=440, page_id=15000, browser=Firefox
Testing: csp_id=440, page_id=15100, browser=Firefox
Testing: csp_id=440, page_id=15200, browser=Firefox
Testing: csp_id=440, page_id=15300, browser=Firefox
Testing: csp_id=440, page_id=15400, browser=Firefox
Testing: csp_id=440, page_id=15500, browser=Firefox
Testing: csp_id=440, page_id=15600, browser=Firefox
Testing: csp_id=440, page_id=15700, browser=Firefox
Testing: csp_id=440, page_id=15800, browser=Firefox
Testing: csp_id=440, page_id=15900, browser=Firefox
Testing: csp_id=440, page_id=16000, browser=Firefox
Testing: csp_id=440, page_id=16100, browser=Firefox
Testing: csp_id=440, page_id=16200, browser=Firefox
Testing: csp_id=440, page_id=16300, browser=Firefox
Testing: csp_id=440, page_id=16400, browser=Firefox
Testing: csp_id=440, page_id=16500, browser=Firefox
Testing: csp_id=440, page_id=16600, browser=Firefox
Testing: csp_id=440, page_id=16700, browser=Firefox
Testing: csp_id=440, page_id=16800, browser=Firefox
Testing: csp_id=440, page_id=16900, browser=Firefox
Testing: csp_id=440, page_id=17000, browser=Firefox
Testing: csp_id=440, page_id=17100, browser=Firefox
Testing: csp_id=440, page_id=17200, browser=Firefox
Testing: csp_id=440, page_id=17300, browser=Firefox
Testing: csp_id=440, page_id=17400, browser=Firefox
Testing: csp_id=440, page_id=17500, browser=Firefox
Testing: csp_id=440, page_id=17600, browser=Firefox
Testing: csp_id=440, page_id=17700, browser=Firefox
Testing: csp_id=440, page_id=17800, browser=Firefox
Testing: csp_id=440, page_id=17900, browser=Firefox
Testing: csp_id=440, page_id=18000, browser=Firefox
Testing: csp_id=440, page_id=18100, browser=Firefox
Testing: csp_id=440, page_id=18200, browser=Firefox
Testing: csp_id=440, page_id=18300, browser=Firefox
Testing: csp_id=440, page_id=18400, browser=Firefox
Testing: csp_id=440, page_id=18500, browser=Firefox
Testing: csp_id=440, page_id=18600, browser=Firefox
Testing: csp_id=440, page_id=18700, browser=Firefox
Testing: csp_id=440, page_id=18800, browser=Firefox
Testing: csp_id=440, page_id=18900, browser=Firefox
Testing: csp_id=440, page_id=19000, browser=Firefox
Testing: csp_id=440, page_id=19100, browser=Firefox
Testing: csp_id=440, page_id=19200, browser=Firefox
Testing: csp_id=440, page_id=19300, browser=Firefox
Testing: csp_id=440, page_id=19400, browser=Firefox
Testing: csp_id=440, page_id=19500, browser=Firefox
Testing: csp_id=440, page_id=19600, browser=Firefox
Testing: csp_id=440, page_id=19700, browser=Firefox
Testing: csp_id=440, page_id=19800, browser=Firefox
Testing: csp_id=440, page_id=19900, browser=Firefox
Testing: csp_id=440, page_id=20000, browser=Firefox
Testing: csp_id=440, page_id=20100, browser=Firefox
Testing: csp_id=440, page_id=20200, browser=Firefox
Testing: csp_id=440, page_id=20300, browser=Firefox
Testing: csp_id=440, page_id=20400, browser=Firefox
Testing: csp_id=440, page_id=20500, browser=Firefox
Testing: csp_id=440, page_id=20600, browser=Firefox
Testing: csp_id=440, page_id=20700, browser=Firefox
Testing: csp_id=440, page_id=20800, browser=Firefox
Testing: csp_id=440, page_id=20900, browser=Firefox
Testing: csp_id=440, page_id=21000, browser=Firefox
Testing: csp_id=440, page_id=21100, browser=Firefox
Testing: csp_id=440, page_id=21200, browser=Firefox
Testing: csp_id=440, page_id=21300, browser=Firefox
Testing: csp_id=440, page_id=21400, browser=Firefox
Testing: csp_id=440, page_id=21500, browser=Firefox
Testing: csp_id=440, page_id=21600, browser=Firefox
Testing: csp_id=440, page_id=21700, browser=Firefox
Testing: csp_id=440, page_id=21800, browser=Firefox
Testing: csp_id=440, page_id=21900, browser=Firefox
Testing: csp_id=440, page_id=22000, browser=Firefox
Testing: csp_id=440, page_id=22100, browser=Firefox
Testing: csp_id=440, page_id=22200, browser=Firefox
Testing: csp_id=440, page_id=22300, browser=Firefox
Testing: csp_id=440, page_id=22400, browser=Firefox
Testing: csp_id=440, page_id=22500, browser=Firefox
Testing: csp_id=440, page_id=22600, browser=Firefox
Testing: csp_id=440, page_id=22700, browser=Firefox
Testing: csp_id=440, page_id=22800, browser=Firefox
Testing: csp_id=440, page_id=22900, browser=Firefox
Testing: csp_id=440, page_id=23000, browser=Firefox
Testing: csp_id=440, page_id=23100, browser=Firefox
Testing: csp_id=440, page_id=23200, browser=Firefox
Testing: csp_id=440, page_id=23300, browser=Firefox
Testing: csp_id=440, page_id=23400, browser=Firefox
Testing: csp_id=440, page_id=23500, browser=Firefox
Testing: csp_id=440, page_id=23600, browser=Firefox
Testing: csp_id=440, page_id=23700, browser=Firefox
Testing: csp_id=440, page_id=23800, browser=Firefox
Testing: csp_id=440, page_id=23900, browser=Firefox
Testing: csp_id=440, page_id=24000, browser=Firefox
Testing: csp_id=440, page_id=24100, browser=Firefox
Testing: csp_id=440, page_id=24200, browser=Firefox
Testing: csp_id=440, page_id=24300, browser=Firefox
Testing: csp_id=440, page_id=24400, browser=Firefox
Testing: csp_id=440, page_id=24500, browser=Firefox
Testing: csp_id=440, page_id=24600, browser=Firefox
Testing: csp_id=440, page_id=24700, browser=Firefox
Testing: csp_id=440, page_id=24800, browser=Firefox
Testing: csp_id=440, page_id=24900, browser=Firefox
Testing: csp_id=440, page_id=25000, browser=Firefox
Testing: csp_id=440, page_id=25100, browser=Firefox
Testing: csp_id=440, page_id=25200, browser=Firefox
Testing: csp_id=440, page_id=25300, browser=Firefox
Testing: csp_id=440, page_id=25400, browser=Firefox
Testing: csp_id=440, page_id=25500, browser=Firefox
Testing: csp_id=440, page_id=25600, browser=Firefox
Testing: csp_id=440, page_id=25700, browser=Firefox
Testing: csp_id=440, page_id=25800, browser=Firefox
Testing: csp_id=440, page_id=25900, browser=Firefox
Testing: csp_id=440, page_id=26000, browser=Firefox
Testing: csp_id=440, page_id=26100, browser=Firefox
Testing: csp_id=440, page_id=26200, browser=Firefox
Testing: csp_id=440, page_id=26300, browser=Firefox
Testing: csp_id=440, page_id=26400, browser=Firefox
Testing: csp_id=440, page_id=26500, browser=Firefox
Testing: csp_id=440, page_id=26600, browser=Firefox
Testing: csp_id=440, page_id=26700, browser=Firefox
Testing: csp_id=440, page_id=26800, browser=Firefox
Testing: csp_id=440, page_id=26900, browser=Firefox
Testing: csp_id=440, page_id=27000, browser=Firefox
Testing: csp_id=440, page_id=27100, browser=Firefox
Testing: csp_id=440, page_id=27200, browser=Firefox
Testing: csp_id=440, page_id=27300, browser=Firefox
Testing: csp_id=440, page_id=27400, browser=Firefox
Testing: csp_id=440, page_id=27500, browser=Firefox
Testing: csp_id=440, page_id=27600, browser=Firefox
Testing: csp_id=440, page_id=27700, browser=Firefox
Testing: csp_id=440, page_id=27800, browser=Firefox
Testing: csp_id=440, page_id=27900, browser=Firefox
Testing: csp_id=440, page_id=28000, browser=Firefox
Testing: csp_id=440, page_id=28100, browser=Firefox
Testing: csp_id=440, page_id=28200, browser=Firefox
Testing: csp_id=440, page_id=28300, browser=Firefox
Testing: csp_id=440, page_id=28400, browser=Firefox
Testing: csp_id=440, page_id=28500, browser=Firefox
Testing: csp_id=440, page_id=28600, browser=Firefox
Testing: csp_id=440, page_id=28700, browser=Firefox
Testing: csp_id=440, page_id=28800, browser=Firefox
Testing: csp_id=440, page_id=28900, browser=Firefox
Testing: csp_id=440, page_id=29000, browser=Firefox
Testing: csp_id=440, page_id=29100, browser=Firefox
Testing: csp_id=440, page_id=29200, browser=Firefox
Testing: csp_id=440, page_id=29300, browser=Firefox
Testing: csp_id=440, page_id=29400, browser=Firefox
Testing: csp_id=440, page_id=29500, browser=Firefox
Testing: csp_id=440, page_id=29600, browser=Firefox
Testing: csp_id=440, page_id=29700, browser=Firefox
Testing: csp_id=440, page_id=29800, browser=Firefox
🏊 create_context_pools[first] (5x16): 33.790s
Testing: csp_id=452, page_id=0, browser=Firefox
Testing: csp_id=452, page_id=100, browser=Firefox
Testing: csp_id=452, page_id=200, browser=Firefox
Testing: csp_id=452, page_id=300, browser=Firefox
Testing: csp_id=452, page_id=400, browser=Firefox
Testing: csp_id=452, page_id=500, browser=Firefox
Testing: csp_id=452, page_id=600, browser=Firefox
Testing: csp_id=452, page_id=700, browser=Firefox
Testing: csp_id=452, page_id=800, browser=Firefox
Testing: csp_id=452, page_id=900, browser=Firefox
Testing: csp_id=452, page_id=1000, browser=Firefox
Testing: csp_id=452, page_id=1100, browser=Firefox
Testing: csp_id=452, page_id=1200, browser=Firefox
Testing: csp_id=452, page_id=1300, browser=Firefox
Testing: csp_id=452, page_id=1400, browser=Firefox
Testing: csp_id=452, page_id=1500, browser=Firefox
Testing: csp_id=452, page_id=1600, browser=Firefox
Testing: csp_id=452, page_id=1700, browser=Firefox
Testing: csp_id=452, page_id=1800, browser=Firefox
Testing: csp_id=452, page_id=1900, browser=Firefox
Testing: csp_id=452, page_id=2000, browser=Firefox
Testing: csp_id=452, page_id=2100, browser=Firefox
Testing: csp_id=452, page_id=2200, browser=Firefox
Testing: csp_id=452, page_id=2300, browser=Firefox
Testing: csp_id=452, page_id=2400, browser=Firefox
Testing: csp_id=452, page_id=2500, browser=Firefox
Testing: csp_id=452, page_id=2600, browser=Firefox
Testing: csp_id=452, page_id=2700, browser=Firefox
Testing: csp_id=452, page_id=2800, browser=Firefox
Testing: csp_id=452, page_id=2900, browser=Firefox
Testing: csp_id=452, page_id=3000, browser=Firefox
Testing: csp_id=452, page_id=3100, browser=Firefox
Testing: csp_id=452, page_id=3200, browser=Firefox
Testing: csp_id=452, page_id=3300, browser=Firefox
Testing: csp_id=452, page_id=3400, browser=Firefox
Testing: csp_id=452, page_id=3500, browser=Firefox
Testing: csp_id=452, page_id=3600, browser=Firefox
Testing: csp_id=452, page_id=3700, browser=Firefox
Testing: csp_id=452, page_id=3800, browser=Firefox
Testing: csp_id=452, page_id=3900, browser=Firefox
Testing: csp_id=452, page_id=4000, browser=Firefox
Testing: csp_id=452, page_id=4100, browser=Firefox
Testing: csp_id=452, page_id=4200, browser=Firefox
Testing: csp_id=452, page_id=4300, browser=Firefox
Testing: csp_id=452, page_id=4400, browser=Firefox
Testing: csp_id=452, page_id=4500, browser=Firefox
Testing: csp_id=452, page_id=4600, browser=Firefox
Testing: csp_id=452, page_id=4700, browser=Firefox
Testing: csp_id=452, page_id=4800, browser=Firefox
Testing: csp_id=452, page_id=4900, browser=Firefox
Testing: csp_id=452, page_id=5000, browser=Firefox
Testing: csp_id=452, page_id=5100, browser=Firefox
Testing: csp_id=452, page_id=5200, browser=Firefox
Testing: csp_id=452, page_id=5300, browser=Firefox
Testing: csp_id=452, page_id=5400, browser=Firefox
Testing: csp_id=452, page_id=5500, browser=Firefox
Testing: csp_id=452, page_id=5600, browser=Firefox
Testing: csp_id=452, page_id=5700, browser=Firefox
Testing: csp_id=452, page_id=5800, browser=Firefox
Testing: csp_id=452, page_id=5900, browser=Firefox
Testing: csp_id=452, page_id=6000, browser=Firefox
Testing: csp_id=452, page_id=6100, browser=Firefox
Testing: csp_id=452, page_id=6200, browser=Firefox
Testing: csp_id=452, page_id=6300, browser=Firefox
Testing: csp_id=452, page_id=6400, browser=Firefox
Testing: csp_id=452, page_id=6500, browser=Firefox
Testing: csp_id=452, page_id=6600, browser=Firefox
Testing: csp_id=452, page_id=6700, browser=Firefox
Testing: csp_id=452, page_id=6800, browser=Firefox
Testing: csp_id=452, page_id=6900, browser=Firefox
Testing: csp_id=452, page_id=7000, browser=Firefox
Testing: csp_id=452, page_id=7100, browser=Firefox
Testing: csp_id=452, page_id=7200, browser=Firefox
Testing: csp_id=452, page_id=7300, browser=Firefox
Testing: csp_id=452, page_id=7400, browser=Firefox
Testing: csp_id=452, page_id=7500, browser=Firefox
Testing: csp_id=452, page_id=7600, browser=Firefox
Testing: csp_id=452, page_id=7700, browser=Firefox
Testing: csp_id=452, page_id=7800, browser=Firefox
Testing: csp_id=452, page_id=7900, browser=Firefox
Testing: csp_id=452, page_id=8000, browser=Firefox
Testing: csp_id=452, page_id=8100, browser=Firefox
Testing: csp_id=452, page_id=8200, browser=Firefox
Testing: csp_id=452, page_id=8300, browser=Firefox
Testing: csp_id=452, page_id=8400, browser=Firefox
Testing: csp_id=452, page_id=8500, browser=Firefox
Testing: csp_id=452, page_id=8600, browser=Firefox
Testing: csp_id=452, page_id=8700, browser=Firefox
Testing: csp_id=452, page_id=8800, browser=Firefox
Testing: csp_id=452, page_id=8900, browser=Firefox
Testing: csp_id=452, page_id=9000, browser=Firefox
Testing: csp_id=452, page_id=9100, browser=Firefox
Testing: csp_id=452, page_id=9200, browser=Firefox
Testing: csp_id=452, page_id=9300, browser=Firefox
Testing: csp_id=452, page_id=9400, browser=Firefox
Testing: csp_id=452, page_id=9500, browser=Firefox
Testing: csp_id=452, page_id=9600, browser=Firefox
Testing: csp_id=452, page_id=9700, browser=Firefox
Testing: csp_id=452, page_id=9800, browser=Firefox
Testing: csp_id=452, page_id=9900, browser=Firefox
Testing: csp_id=452, page_id=10000, browser=Firefox
Testing: csp_id=452, page_id=10100, browser=Firefox
Testing: csp_id=452, page_id=10200, browser=Firefox
Testing: csp_id=452, page_id=10300, browser=Firefox
Testing: csp_id=452, page_id=10400, browser=Firefox
Testing: csp_id=452, page_id=10500, browser=Firefox
Testing: csp_id=452, page_id=10600, browser=Firefox
Testing: csp_id=452, page_id=10700, browser=Firefox
Testing: csp_id=452, page_id=10800, browser=Firefox
Testing: csp_id=452, page_id=10900, browser=Firefox
Testing: csp_id=452, page_id=11000, browser=Firefox
Testing: csp_id=452, page_id=11100, browser=Firefox
Testing: csp_id=452, page_id=11200, browser=Firefox
Testing: csp_id=452, page_id=11300, browser=Firefox
Testing: csp_id=452, page_id=11400, browser=Firefox
Testing: csp_id=452, page_id=11500, browser=Firefox
Testing: csp_id=452, page_id=11600, browser=Firefox
Testing: csp_id=452, page_id=11700, browser=Firefox
Testing: csp_id=452, page_id=11800, browser=Firefox
Testing: csp_id=452, page_id=11900, browser=Firefox
Testing: csp_id=452, page_id=12000, browser=Firefox
Testing: csp_id=452, page_id=12100, browser=Firefox
Testing: csp_id=452, page_id=12200, browser=Firefox
Testing: csp_id=452, page_id=12300, browser=Firefox
Testing: csp_id=452, page_id=12400, browser=Firefox
Testing: csp_id=452, page_id=12500, browser=Firefox
Testing: csp_id=452, page_id=12600, browser=Firefox
Testing: csp_id=452, page_id=12700, browser=Firefox
Testing: csp_id=452, page_id=12800, browser=Firefox
Testing: csp_id=452, page_id=12900, browser=Firefox
Testing: csp_id=452, page_id=13000, browser=Firefox
Testing: csp_id=452, page_id=13100, browser=Firefox
Testing: csp_id=452, page_id=13200, browser=Firefox
Testing: csp_id=452, page_id=13300, browser=Firefox
Testing: csp_id=452, page_id=13400, browser=Firefox
Testing: csp_id=452, page_id=13500, browser=Firefox
Testing: csp_id=452, page_id=13600, browser=Firefox
Testing: csp_id=452, page_id=13700, browser=Firefox
Testing: csp_id=452, page_id=13800, browser=Firefox
Testing: csp_id=452, page_id=13900, browser=Firefox
Testing: csp_id=452, page_id=14000, browser=Firefox
Testing: csp_id=452, page_id=14100, browser=Firefox
Testing: csp_id=452, page_id=14200, browser=Firefox
Testing: csp_id=452, page_id=14300, browser=Firefox
Testing: csp_id=452, page_id=14400, browser=Firefox
Testing: csp_id=452, page_id=14500, browser=Firefox
Testing: csp_id=452, page_id=14600, browser=Firefox
Testing: csp_id=452, page_id=14700, browser=Firefox
Testing: csp_id=452, page_id=14800, browser=Firefox
Testing: csp_id=452, page_id=14900, browser=Firefox
Testing: csp_id=452, page_id=15000, browser=Firefox
Testing: csp_id=452, page_id=15100, browser=Firefox
Testing: csp_id=452, page_id=15200, browser=Firefox
Testing: csp_id=452, page_id=15300, browser=Firefox
Testing: csp_id=452, page_id=15400, browser=Firefox
Testing: csp_id=452, page_id=15500, browser=Firefox
Testing: csp_id=452, page_id=15600, browser=Firefox
Testing: csp_id=452, page_id=15700, browser=Firefox
Testing: csp_id=452, page_id=15800, browser=Firefox
Testing: csp_id=452, page_id=15900, browser=Firefox
Testing: csp_id=452, page_id=16000, browser=Firefox
Testing: csp_id=452, page_id=16100, browser=Firefox
Testing: csp_id=452, page_id=16200, browser=Firefox
Testing: csp_id=452, page_id=16300, browser=Firefox
Testing: csp_id=452, page_id=16400, browser=Firefox
Testing: csp_id=452, page_id=16500, browser=Firefox
Testing: csp_id=452, page_id=16600, browser=Firefox
Testing: csp_id=452, page_id=16700, browser=Firefox
Testing: csp_id=452, page_id=16800, browser=Firefox
Testing: csp_id=452, page_id=16900, browser=Firefox
Testing: csp_id=452, page_id=17000, browser=Firefox
Testing: csp_id=452, page_id=17100, browser=Firefox
Testing: csp_id=452, page_id=17200, browser=Firefox
Testing: csp_id=452, page_id=17300, browser=Firefox
Testing: csp_id=452, page_id=17400, browser=Firefox
Testing: csp_id=452, page_id=17500, browser=Firefox
Testing: csp_id=452, page_id=17600, browser=Firefox
Testing: csp_id=452, page_id=17700, browser=Firefox
Testing: csp_id=452, page_id=17800, browser=Firefox
Testing: csp_id=452, page_id=17900, browser=Firefox
Testing: csp_id=452, page_id=18000, browser=Firefox
Testing: csp_id=452, page_id=18100, browser=Firefox
Testing: csp_id=452, page_id=18200, browser=Firefox
Testing: csp_id=452, page_id=18300, browser=Firefox
Testing: csp_id=452, page_id=18400, browser=Firefox
Testing: csp_id=452, page_id=18500, browser=Firefox
Testing: csp_id=452, page_id=18600, browser=Firefox
Testing: csp_id=452, page_id=18700, browser=Firefox
Testing: csp_id=452, page_id=18800, browser=Firefox
Testing: csp_id=452, page_id=18900, browser=Firefox
Testing: csp_id=452, page_id=19000, browser=Firefox
Testing: csp_id=452, page_id=19100, browser=Firefox
Testing: csp_id=452, page_id=19200, browser=Firefox
Testing: csp_id=452, page_id=19300, browser=Firefox
Testing: csp_id=452, page_id=19400, browser=Firefox
Testing: csp_id=452, page_id=19500, browser=Firefox
Testing: csp_id=452, page_id=19600, browser=Firefox
Testing: csp_id=452, page_id=19700, browser=Firefox
Testing: csp_id=452, page_id=19800, browser=Firefox
Testing: csp_id=452, page_id=19900, browser=Firefox
Testing: csp_id=452, page_id=20000, browser=Firefox
Testing: csp_id=452, page_id=20100, browser=Firefox
Testing: csp_id=452, page_id=20200, browser=Firefox
Testing: csp_id=452, page_id=20300, browser=Firefox
Testing: csp_id=452, page_id=20400, browser=Firefox
Testing: csp_id=452, page_id=20500, browser=Firefox
Testing: csp_id=452, page_id=20600, browser=Firefox
Testing: csp_id=452, page_id=20700, browser=Firefox
Testing: csp_id=452, page_id=20800, browser=Firefox
Testing: csp_id=452, page_id=20900, browser=Firefox
Testing: csp_id=452, page_id=21000, browser=Firefox
Testing: csp_id=452, page_id=21100, browser=Firefox
Testing: csp_id=452, page_id=21200, browser=Firefox
Testing: csp_id=452, page_id=21300, browser=Firefox
Testing: csp_id=452, page_id=21400, browser=Firefox
Testing: csp_id=452, page_id=21500, browser=Firefox
Testing: csp_id=452, page_id=21600, browser=Firefox
Testing: csp_id=452, page_id=21700, browser=Firefox
Testing: csp_id=452, page_id=21800, browser=Firefox
Testing: csp_id=452, page_id=21900, browser=Firefox
Testing: csp_id=452, page_id=22000, browser=Firefox
Testing: csp_id=452, page_id=22100, browser=Firefox
Testing: csp_id=452, page_id=22200, browser=Firefox
Testing: csp_id=452, page_id=22300, browser=Firefox
Testing: csp_id=452, page_id=22400, browser=Firefox
Testing: csp_id=452, page_id=22500, browser=Firefox
Testing: csp_id=452, page_id=22600, browser=Firefox
Testing: csp_id=452, page_id=22700, browser=Firefox
Testing: csp_id=452, page_id=22800, browser=Firefox
Testing: csp_id=452, page_id=22900, browser=Firefox
Testing: csp_id=452, page_id=23000, browser=Firefox
Testing: csp_id=452, page_id=23100, browser=Firefox
Testing: csp_id=452, page_id=23200, browser=Firefox
Testing: csp_id=452, page_id=23300, browser=Firefox
Testing: csp_id=452, page_id=23400, browser=Firefox
Testing: csp_id=452, page_id=23500, browser=Firefox
Testing: csp_id=452, page_id=23600, browser=Firefox
Testing: csp_id=452, page_id=23700, browser=Firefox
Testing: csp_id=452, page_id=23800, browser=Firefox
Testing: csp_id=452, page_id=23900, browser=Firefox
Testing: csp_id=452, page_id=24000, browser=Firefox
Testing: csp_id=452, page_id=24100, browser=Firefox
Testing: csp_id=452, page_id=24200, browser=Firefox
Testing: csp_id=452, page_id=24300, browser=Firefox
Testing: csp_id=452, page_id=24400, browser=Firefox
Testing: csp_id=452, page_id=24500, browser=Firefox
Testing: csp_id=452, page_id=24600, browser=Firefox
Testing: csp_id=452, page_id=24700, browser=Firefox
Testing: csp_id=452, page_id=24800, browser=Firefox
Testing: csp_id=452, page_id=24900, browser=Firefox
Testing: csp_id=452, page_id=25000, browser=Firefox
Testing: csp_id=452, page_id=25100, browser=Firefox
Testing: csp_id=452, page_id=25200, browser=Firefox
Testing: csp_id=452, page_id=25300, browser=Firefox
Testing: csp_id=452, page_id=25400, browser=Firefox
Testing: csp_id=452, page_id=25500, browser=Firefox
Testing: csp_id=452, page_id=25600, browser=Firefox
Testing: csp_id=452, page_id=25700, browser=Firefox
Testing: csp_id=452, page_id=25800, browser=Firefox
Testing: csp_id=452, page_id=25900, browser=Firefox
Testing: csp_id=452, page_id=26000, browser=Firefox
Testing: csp_id=452, page_id=26100, browser=Firefox
Testing: csp_id=452, page_id=26200, browser=Firefox
Testing: csp_id=452, page_id=26300, browser=Firefox
Testing: csp_id=452, page_id=26400, browser=Firefox
Testing: csp_id=452, page_id=26500, browser=Firefox
Testing: csp_id=452, page_id=26600, browser=Firefox
Testing: csp_id=452, page_id=26700, browser=Firefox
Testing: csp_id=452, page_id=26800, browser=Firefox
Testing: csp_id=452, page_id=26900, browser=Firefox
Testing: csp_id=452, page_id=27000, browser=Firefox
Testing: csp_id=452, page_id=27100, browser=Firefox
Testing: csp_id=452, page_id=27200, browser=Firefox
Testing: csp_id=452, page_id=27300, browser=Firefox
Testing: csp_id=452, page_id=27400, browser=Firefox
Testing: csp_id=452, page_id=27500, browser=Firefox
Testing: csp_id=452, page_id=27600, browser=Firefox
Testing: csp_id=452, page_id=27700, browser=Firefox
Testing: csp_id=452, page_id=27800, browser=Firefox
Testing: csp_id=452, page_id=27900, browser=Firefox
Testing: csp_id=452, page_id=28000, browser=Firefox
Testing: csp_id=452, page_id=28100, browser=Firefox
Testing: csp_id=452, page_id=28200, browser=Firefox
Testing: csp_id=452, page_id=28300, browser=Firefox
Testing: csp_id=452, page_id=28400, browser=Firefox
Testing: csp_id=452, page_id=28500, browser=Firefox
Testing: csp_id=452, page_id=28600, browser=Firefox
Testing: csp_id=452, page_id=28700, browser=Firefox
Testing: csp_id=452, page_id=28800, browser=Firefox
Testing: csp_id=452, page_id=28900, browser=Firefox
Testing: csp_id=452, page_id=29000, browser=Firefox
Testing: csp_id=452, page_id=29100, browser=Firefox
Testing: csp_id=452, page_id=29200, browser=Firefox
Testing: csp_id=452, page_id=29300, browser=Firefox
Testing: csp_id=452, page_id=29400, browser=Firefox
Testing: csp_id=452, page_id=29500, browser=Firefox
Testing: csp_id=452, page_id=29600, browser=Firefox
Testing: csp_id=452, page_id=29700, browser=Firefox
Testing: csp_id=452, page_id=29800, browser=Firefox
🏊 create_context_pools[first] (5x16): 27.377s
Testing: csp_id=462, page_id=0, browser=Firefox
Testing: csp_id=462, page_id=100, browser=Firefox
Testing: csp_id=462, page_id=200, browser=Firefox
Testing: csp_id=462, page_id=300, browser=Firefox
Testing: csp_id=462, page_id=400, browser=Firefox
Testing: csp_id=462, page_id=500, browser=Firefox
Testing: csp_id=462, page_id=600, browser=Firefox
Testing: csp_id=462, page_id=700, browser=Firefox
Testing: csp_id=462, page_id=800, browser=Firefox
Testing: csp_id=462, page_id=900, browser=Firefox
Testing: csp_id=462, page_id=1000, browser=Firefox
Testing: csp_id=462, page_id=1100, browser=Firefox
Testing: csp_id=462, page_id=1200, browser=Firefox
Testing: csp_id=462, page_id=1300, browser=Firefox
Testing: csp_id=462, page_id=1400, browser=Firefox
Testing: csp_id=462, page_id=1500, browser=Firefox
Testing: csp_id=462, page_id=1600, browser=Firefox
Testing: csp_id=462, page_id=1700, browser=Firefox
Testing: csp_id=462, page_id=1800, browser=Firefox
Testing: csp_id=462, page_id=1900, browser=Firefox
Testing: csp_id=462, page_id=2000, browser=Firefox
Testing: csp_id=462, page_id=2100, browser=Firefox
Testing: csp_id=462, page_id=2200, browser=Firefox
Testing: csp_id=462, page_id=2300, browser=Firefox
Testing: csp_id=462, page_id=2400, browser=Firefox
Testing: csp_id=462, page_id=2500, browser=Firefox
Testing: csp_id=462, page_id=2600, browser=Firefox
Testing: csp_id=462, page_id=2700, browser=Firefox
Testing: csp_id=462, page_id=2800, browser=Firefox
Testing: csp_id=462, page_id=2900, browser=Firefox
Testing: csp_id=462, page_id=3000, browser=Firefox
Testing: csp_id=462, page_id=3100, browser=Firefox
Testing: csp_id=462, page_id=3200, browser=Firefox
Testing: csp_id=462, page_id=3300, browser=Firefox
Testing: csp_id=462, page_id=3400, browser=Firefox
Testing: csp_id=462, page_id=3500, browser=Firefox
Testing: csp_id=462, page_id=3600, browser=Firefox
Testing: csp_id=462, page_id=3700, browser=Firefox
Testing: csp_id=462, page_id=3800, browser=Firefox
Testing: csp_id=462, page_id=3900, browser=Firefox
Testing: csp_id=462, page_id=4000, browser=Firefox
Testing: csp_id=462, page_id=4100, browser=Firefox
Testing: csp_id=462, page_id=4200, browser=Firefox
Testing: csp_id=462, page_id=4300, browser=Firefox
Testing: csp_id=462, page_id=4400, browser=Firefox
Testing: csp_id=462, page_id=4500, browser=Firefox
Testing: csp_id=462, page_id=4600, browser=Firefox
Testing: csp_id=462, page_id=4700, browser=Firefox
Testing: csp_id=462, page_id=4800, browser=Firefox
Testing: csp_id=462, page_id=4900, browser=Firefox
Testing: csp_id=462, page_id=5000, browser=Firefox
Testing: csp_id=462, page_id=5100, browser=Firefox
Testing: csp_id=462, page_id=5200, browser=Firefox
Testing: csp_id=462, page_id=5300, browser=Firefox
Testing: csp_id=462, page_id=5400, browser=Firefox
Testing: csp_id=462, page_id=5500, browser=Firefox
Testing: csp_id=462, page_id=5600, browser=Firefox
Testing: csp_id=462, page_id=5700, browser=Firefox
Testing: csp_id=462, page_id=5800, browser=Firefox
Testing: csp_id=462, page_id=5900, browser=Firefox
Testing: csp_id=462, page_id=6000, browser=Firefox
Testing: csp_id=462, page_id=6100, browser=Firefox
Testing: csp_id=462, page_id=6200, browser=Firefox
Testing: csp_id=462, page_id=6300, browser=Firefox
Testing: csp_id=462, page_id=6400, browser=Firefox
Testing: csp_id=462, page_id=6500, browser=Firefox
Testing: csp_id=462, page_id=6600, browser=Firefox
Testing: csp_id=462, page_id=6700, browser=Firefox
Testing: csp_id=462, page_id=6800, browser=Firefox
Testing: csp_id=462, page_id=6900, browser=Firefox
Testing: csp_id=462, page_id=7000, browser=Firefox
Testing: csp_id=462, page_id=7100, browser=Firefox
Testing: csp_id=462, page_id=7200, browser=Firefox
Testing: csp_id=462, page_id=7300, browser=Firefox
Testing: csp_id=462, page_id=7400, browser=Firefox
Testing: csp_id=462, page_id=7500, browser=Firefox
Testing: csp_id=462, page_id=7600, browser=Firefox
Testing: csp_id=462, page_id=7700, browser=Firefox
Testing: csp_id=462, page_id=7800, browser=Firefox
Testing: csp_id=462, page_id=7900, browser=Firefox
Testing: csp_id=462, page_id=8000, browser=Firefox
Testing: csp_id=462, page_id=8100, browser=Firefox
Testing: csp_id=462, page_id=8200, browser=Firefox
Testing: csp_id=462, page_id=8300, browser=Firefox
Testing: csp_id=462, page_id=8400, browser=Firefox
Testing: csp_id=462, page_id=8500, browser=Firefox
Testing: csp_id=462, page_id=8600, browser=Firefox
Testing: csp_id=462, page_id=8700, browser=Firefox
Testing: csp_id=462, page_id=8800, browser=Firefox
Testing: csp_id=462, page_id=8900, browser=Firefox
Testing: csp_id=462, page_id=9000, browser=Firefox
Testing: csp_id=462, page_id=9100, browser=Firefox
Testing: csp_id=462, page_id=9200, browser=Firefox
Testing: csp_id=462, page_id=9300, browser=Firefox
Testing: csp_id=462, page_id=9400, browser=Firefox
Testing: csp_id=462, page_id=9500, browser=Firefox
Testing: csp_id=462, page_id=9600, browser=Firefox
Testing: csp_id=462, page_id=9700, browser=Firefox
Testing: csp_id=462, page_id=9800, browser=Firefox
Testing: csp_id=462, page_id=9900, browser=Firefox
Testing: csp_id=462, page_id=10000, browser=Firefox
Testing: csp_id=462, page_id=10100, browser=Firefox
Testing: csp_id=462, page_id=10200, browser=Firefox
Testing: csp_id=462, page_id=10300, browser=Firefox
Testing: csp_id=462, page_id=10400, browser=Firefox
Testing: csp_id=462, page_id=10500, browser=Firefox
Testing: csp_id=462, page_id=10600, browser=Firefox
Testing: csp_id=462, page_id=10700, browser=Firefox
Testing: csp_id=462, page_id=10800, browser=Firefox
Testing: csp_id=462, page_id=10900, browser=Firefox
Testing: csp_id=462, page_id=11000, browser=Firefox
Testing: csp_id=462, page_id=11100, browser=Firefox
Testing: csp_id=462, page_id=11200, browser=Firefox
Testing: csp_id=462, page_id=11300, browser=Firefox
Testing: csp_id=462, page_id=11400, browser=Firefox
Testing: csp_id=462, page_id=11500, browser=Firefox
Testing: csp_id=462, page_id=11600, browser=Firefox
Testing: csp_id=462, page_id=11700, browser=Firefox
Testing: csp_id=462, page_id=11800, browser=Firefox
Testing: csp_id=462, page_id=11900, browser=Firefox
Testing: csp_id=462, page_id=12000, browser=Firefox
Testing: csp_id=462, page_id=12100, browser=Firefox
Testing: csp_id=462, page_id=12200, browser=Firefox
Testing: csp_id=462, page_id=12300, browser=Firefox
Testing: csp_id=462, page_id=12400, browser=Firefox
Testing: csp_id=462, page_id=12500, browser=Firefox
Testing: csp_id=462, page_id=12600, browser=Firefox
Testing: csp_id=462, page_id=12700, browser=Firefox
Testing: csp_id=462, page_id=12800, browser=Firefox
Testing: csp_id=462, page_id=12900, browser=Firefox
Testing: csp_id=462, page_id=13000, browser=Firefox
Testing: csp_id=462, page_id=13100, browser=Firefox
Testing: csp_id=462, page_id=13200, browser=Firefox
Testing: csp_id=462, page_id=13300, browser=Firefox
Testing: csp_id=462, page_id=13400, browser=Firefox
Testing: csp_id=462, page_id=13500, browser=Firefox
Testing: csp_id=462, page_id=13600, browser=Firefox
Testing: csp_id=462, page_id=13700, browser=Firefox
Testing: csp_id=462, page_id=13800, browser=Firefox
Testing: csp_id=462, page_id=13900, browser=Firefox
Testing: csp_id=462, page_id=14000, browser=Firefox
Testing: csp_id=462, page_id=14100, browser=Firefox
Testing: csp_id=462, page_id=14200, browser=Firefox
Testing: csp_id=462, page_id=14300, browser=Firefox
Testing: csp_id=462, page_id=14400, browser=Firefox
Testing: csp_id=462, page_id=14500, browser=Firefox
Testing: csp_id=462, page_id=14600, browser=Firefox
Testing: csp_id=462, page_id=14700, browser=Firefox
Testing: csp_id=462, page_id=14800, browser=Firefox
Testing: csp_id=462, page_id=14900, browser=Firefox
Testing: csp_id=462, page_id=15000, browser=Firefox
Testing: csp_id=462, page_id=15100, browser=Firefox
Testing: csp_id=462, page_id=15200, browser=Firefox
Testing: csp_id=462, page_id=15300, browser=Firefox
Testing: csp_id=462, page_id=15400, browser=Firefox
Testing: csp_id=462, page_id=15500, browser=Firefox
Testing: csp_id=462, page_id=15600, browser=Firefox
Testing: csp_id=462, page_id=15700, browser=Firefox
Testing: csp_id=462, page_id=15800, browser=Firefox
Testing: csp_id=462, page_id=15900, browser=Firefox
Testing: csp_id=462, page_id=16000, browser=Firefox
Testing: csp_id=462, page_id=16100, browser=Firefox
Testing: csp_id=462, page_id=16200, browser=Firefox
Testing: csp_id=462, page_id=16300, browser=Firefox
Testing: csp_id=462, page_id=16400, browser=Firefox
Testing: csp_id=462, page_id=16500, browser=Firefox
Testing: csp_id=462, page_id=16600, browser=Firefox
Testing: csp_id=462, page_id=16700, browser=Firefox
Testing: csp_id=462, page_id=16800, browser=Firefox
Testing: csp_id=462, page_id=16900, browser=Firefox
Testing: csp_id=462, page_id=17000, browser=Firefox
Testing: csp_id=462, page_id=17100, browser=Firefox
Testing: csp_id=462, page_id=17200, browser=Firefox
Testing: csp_id=462, page_id=17300, browser=Firefox
Testing: csp_id=462, page_id=17400, browser=Firefox
Testing: csp_id=462, page_id=17500, browser=Firefox
Testing: csp_id=462, page_id=17600, browser=Firefox
Testing: csp_id=462, page_id=17700, browser=Firefox
Testing: csp_id=462, page_id=17800, browser=Firefox
Testing: csp_id=462, page_id=17900, browser=Firefox
Testing: csp_id=462, page_id=18000, browser=Firefox
Testing: csp_id=462, page_id=18100, browser=Firefox
Testing: csp_id=462, page_id=18200, browser=Firefox
Testing: csp_id=462, page_id=18300, browser=Firefox
Testing: csp_id=462, page_id=18400, browser=Firefox
Testing: csp_id=462, page_id=18500, browser=Firefox
Testing: csp_id=462, page_id=18600, browser=Firefox
Testing: csp_id=462, page_id=18700, browser=Firefox
Testing: csp_id=462, page_id=18800, browser=Firefox
Testing: csp_id=462, page_id=18900, browser=Firefox
Testing: csp_id=462, page_id=19000, browser=Firefox
Testing: csp_id=462, page_id=19100, browser=Firefox
Testing: csp_id=462, page_id=19200, browser=Firefox
Testing: csp_id=462, page_id=19300, browser=Firefox
Testing: csp_id=462, page_id=19400, browser=Firefox
Testing: csp_id=462, page_id=19500, browser=Firefox
Testing: csp_id=462, page_id=19600, browser=Firefox
Testing: csp_id=462, page_id=19700, browser=Firefox
Testing: csp_id=462, page_id=19800, browser=Firefox
Testing: csp_id=462, page_id=19900, browser=Firefox
Testing: csp_id=462, page_id=20000, browser=Firefox
Testing: csp_id=462, page_id=20100, browser=Firefox
Testing: csp_id=462, page_id=20200, browser=Firefox
Testing: csp_id=462, page_id=20300, browser=Firefox
Testing: csp_id=462, page_id=20400, browser=Firefox
Testing: csp_id=462, page_id=20500, browser=Firefox
Testing: csp_id=462, page_id=20600, browser=Firefox
Testing: csp_id=462, page_id=20700, browser=Firefox
Testing: csp_id=462, page_id=20800, browser=Firefox
Testing: csp_id=462, page_id=20900, browser=Firefox
Testing: csp_id=462, page_id=21000, browser=Firefox
Testing: csp_id=462, page_id=21100, browser=Firefox
Testing: csp_id=462, page_id=21200, browser=Firefox
Testing: csp_id=462, page_id=21300, browser=Firefox
Testing: csp_id=462, page_id=21400, browser=Firefox
Testing: csp_id=462, page_id=21500, browser=Firefox
Testing: csp_id=462, page_id=21600, browser=Firefox
Testing: csp_id=462, page_id=21700, browser=Firefox
Testing: csp_id=462, page_id=21800, browser=Firefox
Testing: csp_id=462, page_id=21900, browser=Firefox
Testing: csp_id=462, page_id=22000, browser=Firefox
Testing: csp_id=462, page_id=22100, browser=Firefox
Testing: csp_id=462, page_id=22200, browser=Firefox
Testing: csp_id=462, page_id=22300, browser=Firefox
Testing: csp_id=462, page_id=22400, browser=Firefox
Testing: csp_id=462, page_id=22500, browser=Firefox
Testing: csp_id=462, page_id=22600, browser=Firefox
Testing: csp_id=462, page_id=22700, browser=Firefox
Testing: csp_id=462, page_id=22800, browser=Firefox
Testing: csp_id=462, page_id=22900, browser=Firefox
Testing: csp_id=462, page_id=23000, browser=Firefox
Testing: csp_id=462, page_id=23100, browser=Firefox
Testing: csp_id=462, page_id=23200, browser=Firefox
Testing: csp_id=462, page_id=23300, browser=Firefox
Testing: csp_id=462, page_id=23400, browser=Firefox
Testing: csp_id=462, page_id=23500, browser=Firefox
Testing: csp_id=462, page_id=23600, browser=Firefox
Testing: csp_id=462, page_id=23700, browser=Firefox
Testing: csp_id=462, page_id=23800, browser=Firefox
Testing: csp_id=462, page_id=23900, browser=Firefox
Testing: csp_id=462, page_id=24000, browser=Firefox
Testing: csp_id=462, page_id=24100, browser=Firefox
Testing: csp_id=462, page_id=24200, browser=Firefox
Testing: csp_id=462, page_id=24300, browser=Firefox
Testing: csp_id=462, page_id=24400, browser=Firefox
Testing: csp_id=462, page_id=24500, browser=Firefox
Testing: csp_id=462, page_id=24600, browser=Firefox
Testing: csp_id=462, page_id=24700, browser=Firefox
Testing: csp_id=462, page_id=24800, browser=Firefox
Testing: csp_id=462, page_id=24900, browser=Firefox
Testing: csp_id=462, page_id=25000, browser=Firefox
Testing: csp_id=462, page_id=25100, browser=Firefox
Testing: csp_id=462, page_id=25200, browser=Firefox
Testing: csp_id=462, page_id=25300, browser=Firefox
Testing: csp_id=462, page_id=25400, browser=Firefox
Testing: csp_id=462, page_id=25500, browser=Firefox
Testing: csp_id=462, page_id=25600, browser=Firefox
Testing: csp_id=462, page_id=25700, browser=Firefox
Testing: csp_id=462, page_id=25800, browser=Firefox
Testing: csp_id=462, page_id=25900, browser=Firefox
Testing: csp_id=462, page_id=26000, browser=Firefox
Testing: csp_id=462, page_id=26100, browser=Firefox
Testing: csp_id=462, page_id=26200, browser=Firefox
Testing: csp_id=462, page_id=26300, browser=Firefox
Testing: csp_id=462, page_id=26400, browser=Firefox
Testing: csp_id=462, page_id=26500, browser=Firefox
Testing: csp_id=462, page_id=26600, browser=Firefox
Testing: csp_id=462, page_id=26700, browser=Firefox
Testing: csp_id=462, page_id=26800, browser=Firefox
Testing: csp_id=462, page_id=26900, browser=Firefox
Testing: csp_id=462, page_id=27000, browser=Firefox
Testing: csp_id=462, page_id=27100, browser=Firefox
Testing: csp_id=462, page_id=27200, browser=Firefox
Testing: csp_id=462, page_id=27300, browser=Firefox
Testing: csp_id=462, page_id=27400, browser=Firefox
Testing: csp_id=462, page_id=27500, browser=Firefox
Testing: csp_id=462, page_id=27600, browser=Firefox
Testing: csp_id=462, page_id=27700, browser=Firefox
Testing: csp_id=462, page_id=27800, browser=Firefox
Testing: csp_id=462, page_id=27900, browser=Firefox
Testing: csp_id=462, page_id=28000, browser=Firefox
Testing: csp_id=462, page_id=28100, browser=Firefox
Testing: csp_id=462, page_id=28200, browser=Firefox
Testing: csp_id=462, page_id=28300, browser=Firefox
Testing: csp_id=462, page_id=28400, browser=Firefox
Testing: csp_id=462, page_id=28500, browser=Firefox
Testing: csp_id=462, page_id=28600, browser=Firefox
Testing: csp_id=462, page_id=28700, browser=Firefox
Testing: csp_id=462, page_id=28800, browser=Firefox
Testing: csp_id=462, page_id=28900, browser=Firefox
Testing: csp_id=462, page_id=29000, browser=Firefox
Testing: csp_id=462, page_id=29100, browser=Firefox
Testing: csp_id=462, page_id=29200, browser=Firefox
Testing: csp_id=462, page_id=29300, browser=Firefox
Testing: csp_id=462, page_id=29400, browser=Firefox
Testing: csp_id=462, page_id=29500, browser=Firefox
Testing: csp_id=462, page_id=29600, browser=Firefox
Testing: csp_id=462, page_id=29700, browser=Firefox
Testing: csp_id=462, page_id=29800, browser=Firefox
🏊 create_context_pools[first] (5x16): 32.707s
Testing: csp_id=471, page_id=0, browser=Firefox
Testing: csp_id=471, page_id=100, browser=Firefox
Testing: csp_id=471, page_id=200, browser=Firefox
Testing: csp_id=471, page_id=300, browser=Firefox
Testing: csp_id=471, page_id=400, browser=Firefox
Testing: csp_id=471, page_id=500, browser=Firefox
Testing: csp_id=471, page_id=600, browser=Firefox
Testing: csp_id=471, page_id=700, browser=Firefox
Testing: csp_id=471, page_id=800, browser=Firefox
Testing: csp_id=471, page_id=900, browser=Firefox
Testing: csp_id=471, page_id=1000, browser=Firefox
Testing: csp_id=471, page_id=1100, browser=Firefox
Testing: csp_id=471, page_id=1200, browser=Firefox
Testing: csp_id=471, page_id=1300, browser=Firefox
Testing: csp_id=471, page_id=1400, browser=Firefox
Testing: csp_id=471, page_id=1500, browser=Firefox
Testing: csp_id=471, page_id=1600, browser=Firefox
Testing: csp_id=471, page_id=1700, browser=Firefox
Testing: csp_id=471, page_id=1800, browser=Firefox
Testing: csp_id=471, page_id=1900, browser=Firefox
Testing: csp_id=471, page_id=2000, browser=Firefox
Testing: csp_id=471, page_id=2100, browser=Firefox
Testing: csp_id=471, page_id=2200, browser=Firefox
Testing: csp_id=471, page_id=2300, browser=Firefox
Testing: csp_id=471, page_id=2400, browser=Firefox
Testing: csp_id=471, page_id=2500, browser=Firefox
Testing: csp_id=471, page_id=2600, browser=Firefox
Testing: csp_id=471, page_id=2700, browser=Firefox
Testing: csp_id=471, page_id=2800, browser=Firefox
Testing: csp_id=471, page_id=2900, browser=Firefox
Testing: csp_id=471, page_id=3000, browser=Firefox
Testing: csp_id=471, page_id=3100, browser=Firefox
Testing: csp_id=471, page_id=3200, browser=Firefox
Testing: csp_id=471, page_id=3300, browser=Firefox
Testing: csp_id=471, page_id=3400, browser=Firefox
Testing: csp_id=471, page_id=3500, browser=Firefox
Testing: csp_id=471, page_id=3600, browser=Firefox
Testing: csp_id=471, page_id=3700, browser=Firefox
Testing: csp_id=471, page_id=3800, browser=Firefox
Testing: csp_id=471, page_id=3900, browser=Firefox
Testing: csp_id=471, page_id=4000, browser=Firefox
Testing: csp_id=471, page_id=4100, browser=Firefox
Testing: csp_id=471, page_id=4200, browser=Firefox
Testing: csp_id=471, page_id=4300, browser=Firefox
Testing: csp_id=471, page_id=4400, browser=Firefox
Testing: csp_id=471, page_id=4500, browser=Firefox
Testing: csp_id=471, page_id=4600, browser=Firefox
Testing: csp_id=471, page_id=4700, browser=Firefox
Testing: csp_id=471, page_id=4800, browser=Firefox
Testing: csp_id=471, page_id=4900, browser=Firefox
Testing: csp_id=471, page_id=5000, browser=Firefox
Testing: csp_id=471, page_id=5100, browser=Firefox
Testing: csp_id=471, page_id=5200, browser=Firefox
Testing: csp_id=471, page_id=5300, browser=Firefox
Testing: csp_id=471, page_id=5400, browser=Firefox
Testing: csp_id=471, page_id=5500, browser=Firefox
Testing: csp_id=471, page_id=5600, browser=Firefox
Testing: csp_id=471, page_id=5700, browser=Firefox
Testing: csp_id=471, page_id=5800, browser=Firefox
Testing: csp_id=471, page_id=5900, browser=Firefox
Testing: csp_id=471, page_id=6000, browser=Firefox
Testing: csp_id=471, page_id=6100, browser=Firefox
Testing: csp_id=471, page_id=6200, browser=Firefox
Testing: csp_id=471, page_id=6300, browser=Firefox
Testing: csp_id=471, page_id=6400, browser=Firefox
Testing: csp_id=471, page_id=6500, browser=Firefox
Testing: csp_id=471, page_id=6600, browser=Firefox
Testing: csp_id=471, page_id=6700, browser=Firefox
Testing: csp_id=471, page_id=6800, browser=Firefox
Testing: csp_id=471, page_id=6900, browser=Firefox
Testing: csp_id=471, page_id=7000, browser=Firefox
Testing: csp_id=471, page_id=7100, browser=Firefox
Testing: csp_id=471, page_id=7200, browser=Firefox
Testing: csp_id=471, page_id=7300, browser=Firefox
Testing: csp_id=471, page_id=7400, browser=Firefox
Testing: csp_id=471, page_id=7500, browser=Firefox
Testing: csp_id=471, page_id=7600, browser=Firefox
Testing: csp_id=471, page_id=7700, browser=Firefox
Testing: csp_id=471, page_id=7800, browser=Firefox
Testing: csp_id=471, page_id=7900, browser=Firefox
Testing: csp_id=471, page_id=8000, browser=Firefox
Testing: csp_id=471, page_id=8100, browser=Firefox
Testing: csp_id=471, page_id=8200, browser=Firefox
Testing: csp_id=471, page_id=8300, browser=Firefox
Testing: csp_id=471, page_id=8400, browser=Firefox
Testing: csp_id=471, page_id=8500, browser=Firefox
Testing: csp_id=471, page_id=8600, browser=Firefox
Testing: csp_id=471, page_id=8700, browser=Firefox
Testing: csp_id=471, page_id=8800, browser=Firefox
Testing: csp_id=471, page_id=8900, browser=Firefox
Testing: csp_id=471, page_id=9000, browser=Firefox
Testing: csp_id=471, page_id=9100, browser=Firefox
Testing: csp_id=471, page_id=9200, browser=Firefox
Testing: csp_id=471, page_id=9300, browser=Firefox
Testing: csp_id=471, page_id=9400, browser=Firefox
Testing: csp_id=471, page_id=9500, browser=Firefox
Testing: csp_id=471, page_id=9600, browser=Firefox
Testing: csp_id=471, page_id=9700, browser=Firefox
Testing: csp_id=471, page_id=9800, browser=Firefox
Testing: csp_id=471, page_id=9900, browser=Firefox
Testing: csp_id=471, page_id=10000, browser=Firefox
Testing: csp_id=471, page_id=10100, browser=Firefox
Testing: csp_id=471, page_id=10200, browser=Firefox
Testing: csp_id=471, page_id=10300, browser=Firefox
Testing: csp_id=471, page_id=10400, browser=Firefox
Testing: csp_id=471, page_id=10500, browser=Firefox
Testing: csp_id=471, page_id=10600, browser=Firefox
Testing: csp_id=471, page_id=10700, browser=Firefox
Testing: csp_id=471, page_id=10800, browser=Firefox
Testing: csp_id=471, page_id=10900, browser=Firefox
Testing: csp_id=471, page_id=11000, browser=Firefox
Testing: csp_id=471, page_id=11100, browser=Firefox
Testing: csp_id=471, page_id=11200, browser=Firefox
Testing: csp_id=471, page_id=11300, browser=Firefox
Testing: csp_id=471, page_id=11400, browser=Firefox
Testing: csp_id=471, page_id=11500, browser=Firefox
Testing: csp_id=471, page_id=11600, browser=Firefox
Testing: csp_id=471, page_id=11700, browser=Firefox
Testing: csp_id=471, page_id=11800, browser=Firefox
Testing: csp_id=471, page_id=11900, browser=Firefox
Testing: csp_id=471, page_id=12000, browser=Firefox
Testing: csp_id=471, page_id=12100, browser=Firefox
Testing: csp_id=471, page_id=12200, browser=Firefox
Testing: csp_id=471, page_id=12300, browser=Firefox
Testing: csp_id=471, page_id=12400, browser=Firefox
Testing: csp_id=471, page_id=12500, browser=Firefox
Testing: csp_id=471, page_id=12600, browser=Firefox
Testing: csp_id=471, page_id=12700, browser=Firefox
Testing: csp_id=471, page_id=12800, browser=Firefox
Testing: csp_id=471, page_id=12900, browser=Firefox
Testing: csp_id=471, page_id=13000, browser=Firefox
Testing: csp_id=471, page_id=13100, browser=Firefox
Testing: csp_id=471, page_id=13200, browser=Firefox
Testing: csp_id=471, page_id=13300, browser=Firefox
Testing: csp_id=471, page_id=13400, browser=Firefox
Testing: csp_id=471, page_id=13500, browser=Firefox
Testing: csp_id=471, page_id=13600, browser=Firefox
Testing: csp_id=471, page_id=13700, browser=Firefox
Testing: csp_id=471, page_id=13800, browser=Firefox
Testing: csp_id=471, page_id=13900, browser=Firefox
Testing: csp_id=471, page_id=14000, browser=Firefox
Testing: csp_id=471, page_id=14100, browser=Firefox
Testing: csp_id=471, page_id=14200, browser=Firefox
Testing: csp_id=471, page_id=14300, browser=Firefox
Testing: csp_id=471, page_id=14400, browser=Firefox
Testing: csp_id=471, page_id=14500, browser=Firefox
Testing: csp_id=471, page_id=14600, browser=Firefox
Testing: csp_id=471, page_id=14700, browser=Firefox
Testing: csp_id=471, page_id=14800, browser=Firefox
Testing: csp_id=471, page_id=14900, browser=Firefox
Testing: csp_id=471, page_id=15000, browser=Firefox
Testing: csp_id=471, page_id=15100, browser=Firefox
Testing: csp_id=471, page_id=15200, browser=Firefox
Testing: csp_id=471, page_id=15300, browser=Firefox
Testing: csp_id=471, page_id=15400, browser=Firefox
Testing: csp_id=471, page_id=15500, browser=Firefox
Testing: csp_id=471, page_id=15600, browser=Firefox
Testing: csp_id=471, page_id=15700, browser=Firefox
Testing: csp_id=471, page_id=15800, browser=Firefox
Testing: csp_id=471, page_id=15900, browser=Firefox
Testing: csp_id=471, page_id=16000, browser=Firefox
Testing: csp_id=471, page_id=16100, browser=Firefox
Testing: csp_id=471, page_id=16200, browser=Firefox
Testing: csp_id=471, page_id=16300, browser=Firefox
Testing: csp_id=471, page_id=16400, browser=Firefox
Testing: csp_id=471, page_id=16500, browser=Firefox
Testing: csp_id=471, page_id=16600, browser=Firefox
Testing: csp_id=471, page_id=16700, browser=Firefox
Testing: csp_id=471, page_id=16800, browser=Firefox
Testing: csp_id=471, page_id=16900, browser=Firefox
Testing: csp_id=471, page_id=17000, browser=Firefox
Testing: csp_id=471, page_id=17100, browser=Firefox
Testing: csp_id=471, page_id=17200, browser=Firefox
Testing: csp_id=471, page_id=17300, browser=Firefox
Testing: csp_id=471, page_id=17400, browser=Firefox
Testing: csp_id=471, page_id=17500, browser=Firefox
Testing: csp_id=471, page_id=17600, browser=Firefox
Testing: csp_id=471, page_id=17700, browser=Firefox
Testing: csp_id=471, page_id=17800, browser=Firefox
Testing: csp_id=471, page_id=17900, browser=Firefox
Testing: csp_id=471, page_id=18000, browser=Firefox
Testing: csp_id=471, page_id=18100, browser=Firefox
Testing: csp_id=471, page_id=18200, browser=Firefox
Testing: csp_id=471, page_id=18300, browser=Firefox
Testing: csp_id=471, page_id=18400, browser=Firefox
Testing: csp_id=471, page_id=18500, browser=Firefox
Testing: csp_id=471, page_id=18600, browser=Firefox
Testing: csp_id=471, page_id=18700, browser=Firefox
Testing: csp_id=471, page_id=18800, browser=Firefox
Testing: csp_id=471, page_id=18900, browser=Firefox
Testing: csp_id=471, page_id=19000, browser=Firefox
Testing: csp_id=471, page_id=19100, browser=Firefox
Testing: csp_id=471, page_id=19200, browser=Firefox
Testing: csp_id=471, page_id=19300, browser=Firefox
Testing: csp_id=471, page_id=19400, browser=Firefox
Testing: csp_id=471, page_id=19500, browser=Firefox
Testing: csp_id=471, page_id=19600, browser=Firefox
Testing: csp_id=471, page_id=19700, browser=Firefox
Testing: csp_id=471, page_id=19800, browser=Firefox
Testing: csp_id=471, page_id=19900, browser=Firefox
Testing: csp_id=471, page_id=20000, browser=Firefox
Testing: csp_id=471, page_id=20100, browser=Firefox
Testing: csp_id=471, page_id=20200, browser=Firefox
Testing: csp_id=471, page_id=20300, browser=Firefox
Testing: csp_id=471, page_id=20400, browser=Firefox
Testing: csp_id=471, page_id=20500, browser=Firefox
Testing: csp_id=471, page_id=20600, browser=Firefox
Testing: csp_id=471, page_id=20700, browser=Firefox
Testing: csp_id=471, page_id=20800, browser=Firefox
Testing: csp_id=471, page_id=20900, browser=Firefox
Testing: csp_id=471, page_id=21000, browser=Firefox
Testing: csp_id=471, page_id=21100, browser=Firefox
Testing: csp_id=471, page_id=21200, browser=Firefox
Testing: csp_id=471, page_id=21300, browser=Firefox
Testing: csp_id=471, page_id=21400, browser=Firefox
Testing: csp_id=471, page_id=21500, browser=Firefox
Testing: csp_id=471, page_id=21600, browser=Firefox
Testing: csp_id=471, page_id=21700, browser=Firefox
Testing: csp_id=471, page_id=21800, browser=Firefox
Testing: csp_id=471, page_id=21900, browser=Firefox
Testing: csp_id=471, page_id=22000, browser=Firefox
Testing: csp_id=471, page_id=22100, browser=Firefox
Testing: csp_id=471, page_id=22200, browser=Firefox
Testing: csp_id=471, page_id=22300, browser=Firefox
Testing: csp_id=471, page_id=22400, browser=Firefox
Testing: csp_id=471, page_id=22500, browser=Firefox
Testing: csp_id=471, page_id=22600, browser=Firefox
Testing: csp_id=471, page_id=22700, browser=Firefox
Testing: csp_id=471, page_id=22800, browser=Firefox
Testing: csp_id=471, page_id=22900, browser=Firefox
Testing: csp_id=471, page_id=23000, browser=Firefox
Testing: csp_id=471, page_id=23100, browser=Firefox
Testing: csp_id=471, page_id=23200, browser=Firefox
Testing: csp_id=471, page_id=23300, browser=Firefox
Testing: csp_id=471, page_id=23400, browser=Firefox
Testing: csp_id=471, page_id=23500, browser=Firefox
Testing: csp_id=471, page_id=23600, browser=Firefox
Testing: csp_id=471, page_id=23700, browser=Firefox
Testing: csp_id=471, page_id=23800, browser=Firefox
Testing: csp_id=471, page_id=23900, browser=Firefox
Testing: csp_id=471, page_id=24000, browser=Firefox
Testing: csp_id=471, page_id=24100, browser=Firefox
Testing: csp_id=471, page_id=24200, browser=Firefox
Testing: csp_id=471, page_id=24300, browser=Firefox
Testing: csp_id=471, page_id=24400, browser=Firefox
Testing: csp_id=471, page_id=24500, browser=Firefox
Testing: csp_id=471, page_id=24600, browser=Firefox
Testing: csp_id=471, page_id=24700, browser=Firefox
Testing: csp_id=471, page_id=24800, browser=Firefox
Testing: csp_id=471, page_id=24900, browser=Firefox
Testing: csp_id=471, page_id=25000, browser=Firefox
Testing: csp_id=471, page_id=25100, browser=Firefox
Testing: csp_id=471, page_id=25200, browser=Firefox
Testing: csp_id=471, page_id=25300, browser=Firefox
Testing: csp_id=471, page_id=25400, browser=Firefox
Testing: csp_id=471, page_id=25500, browser=Firefox
Testing: csp_id=471, page_id=25600, browser=Firefox
Testing: csp_id=471, page_id=25700, browser=Firefox
Testing: csp_id=471, page_id=25800, browser=Firefox
Testing: csp_id=471, page_id=25900, browser=Firefox
Testing: csp_id=471, page_id=26000, browser=Firefox
Testing: csp_id=471, page_id=26100, browser=Firefox
Testing: csp_id=471, page_id=26200, browser=Firefox
Testing: csp_id=471, page_id=26300, browser=Firefox
Testing: csp_id=471, page_id=26400, browser=Firefox
Testing: csp_id=471, page_id=26500, browser=Firefox
Testing: csp_id=471, page_id=26600, browser=Firefox
Testing: csp_id=471, page_id=26700, browser=Firefox
Testing: csp_id=471, page_id=26800, browser=Firefox
Testing: csp_id=471, page_id=26900, browser=Firefox
Testing: csp_id=471, page_id=27000, browser=Firefox
Testing: csp_id=471, page_id=27100, browser=Firefox
Testing: csp_id=471, page_id=27200, browser=Firefox
Testing: csp_id=471, page_id=27300, browser=Firefox
Testing: csp_id=471, page_id=27400, browser=Firefox
Testing: csp_id=471, page_id=27500, browser=Firefox
Testing: csp_id=471, page_id=27600, browser=Firefox
Testing: csp_id=471, page_id=27700, browser=Firefox
Testing: csp_id=471, page_id=27800, browser=Firefox
Testing: csp_id=471, page_id=27900, browser=Firefox
Testing: csp_id=471, page_id=28000, browser=Firefox
Testing: csp_id=471, page_id=28100, browser=Firefox
Testing: csp_id=471, page_id=28200, browser=Firefox
Testing: csp_id=471, page_id=28300, browser=Firefox
Testing: csp_id=471, page_id=28400, browser=Firefox
Testing: csp_id=471, page_id=28500, browser=Firefox
Testing: csp_id=471, page_id=28600, browser=Firefox
Testing: csp_id=471, page_id=28700, browser=Firefox
Testing: csp_id=471, page_id=28800, browser=Firefox
Testing: csp_id=471, page_id=28900, browser=Firefox
Testing: csp_id=471, page_id=29000, browser=Firefox
Testing: csp_id=471, page_id=29100, browser=Firefox
Testing: csp_id=471, page_id=29200, browser=Firefox
Testing: csp_id=471, page_id=29300, browser=Firefox
Testing: csp_id=471, page_id=29400, browser=Firefox
Testing: csp_id=471, page_id=29500, browser=Firefox
Testing: csp_id=471, page_id=29600, browser=Firefox
Testing: csp_id=471, page_id=29700, browser=Firefox
Testing: csp_id=471, page_id=29800, browser=Firefox
🏊 create_context_pools[first] (5x16): 30.977s
Testing: csp_id=482, page_id=0, browser=Firefox
Testing: csp_id=482, page_id=100, browser=Firefox
Testing: csp_id=482, page_id=200, browser=Firefox
Testing: csp_id=482, page_id=300, browser=Firefox
Testing: csp_id=482, page_id=400, browser=Firefox
Testing: csp_id=482, page_id=500, browser=Firefox
Testing: csp_id=482, page_id=600, browser=Firefox
Testing: csp_id=482, page_id=700, browser=Firefox
Testing: csp_id=482, page_id=800, browser=Firefox
Testing: csp_id=482, page_id=900, browser=Firefox
Testing: csp_id=482, page_id=1000, browser=Firefox
Testing: csp_id=482, page_id=1100, browser=Firefox
Testing: csp_id=482, page_id=1200, browser=Firefox
Testing: csp_id=482, page_id=1300, browser=Firefox
Testing: csp_id=482, page_id=1400, browser=Firefox
Testing: csp_id=482, page_id=1500, browser=Firefox
Testing: csp_id=482, page_id=1600, browser=Firefox
Testing: csp_id=482, page_id=1700, browser=Firefox
Testing: csp_id=482, page_id=1800, browser=Firefox
Testing: csp_id=482, page_id=1900, browser=Firefox
Testing: csp_id=482, page_id=2000, browser=Firefox
Testing: csp_id=482, page_id=2100, browser=Firefox
Testing: csp_id=482, page_id=2200, browser=Firefox
Testing: csp_id=482, page_id=2300, browser=Firefox
Testing: csp_id=482, page_id=2400, browser=Firefox
Testing: csp_id=482, page_id=2500, browser=Firefox
Testing: csp_id=482, page_id=2600, browser=Firefox
Testing: csp_id=482, page_id=2700, browser=Firefox
Testing: csp_id=482, page_id=2800, browser=Firefox
Testing: csp_id=482, page_id=2900, browser=Firefox
Testing: csp_id=482, page_id=3000, browser=Firefox
Testing: csp_id=482, page_id=3100, browser=Firefox
Testing: csp_id=482, page_id=3200, browser=Firefox
Testing: csp_id=482, page_id=3300, browser=Firefox
Testing: csp_id=482, page_id=3400, browser=Firefox
Testing: csp_id=482, page_id=3500, browser=Firefox
Testing: csp_id=482, page_id=3600, browser=Firefox
Testing: csp_id=482, page_id=3700, browser=Firefox
Testing: csp_id=482, page_id=3800, browser=Firefox
Testing: csp_id=482, page_id=3900, browser=Firefox
Testing: csp_id=482, page_id=4000, browser=Firefox
Testing: csp_id=482, page_id=4100, browser=Firefox
Testing: csp_id=482, page_id=4200, browser=Firefox
Testing: csp_id=482, page_id=4300, browser=Firefox
Testing: csp_id=482, page_id=4400, browser=Firefox
Testing: csp_id=482, page_id=4500, browser=Firefox
Testing: csp_id=482, page_id=4600, browser=Firefox
Testing: csp_id=482, page_id=4700, browser=Firefox
Testing: csp_id=482, page_id=4800, browser=Firefox
Testing: csp_id=482, page_id=4900, browser=Firefox
Testing: csp_id=482, page_id=5000, browser=Firefox
Testing: csp_id=482, page_id=5100, browser=Firefox
Testing: csp_id=482, page_id=5200, browser=Firefox
Testing: csp_id=482, page_id=5300, browser=Firefox
Testing: csp_id=482, page_id=5400, browser=Firefox
Testing: csp_id=482, page_id=5500, browser=Firefox
Testing: csp_id=482, page_id=5600, browser=Firefox
Testing: csp_id=482, page_id=5700, browser=Firefox
Testing: csp_id=482, page_id=5800, browser=Firefox
Testing: csp_id=482, page_id=5900, browser=Firefox
Testing: csp_id=482, page_id=6000, browser=Firefox
Testing: csp_id=482, page_id=6100, browser=Firefox
Testing: csp_id=482, page_id=6200, browser=Firefox
Testing: csp_id=482, page_id=6300, browser=Firefox
Testing: csp_id=482, page_id=6400, browser=Firefox
Testing: csp_id=482, page_id=6500, browser=Firefox
Testing: csp_id=482, page_id=6600, browser=Firefox
Testing: csp_id=482, page_id=6700, browser=Firefox
Testing: csp_id=482, page_id=6800, browser=Firefox
Testing: csp_id=482, page_id=6900, browser=Firefox
Testing: csp_id=482, page_id=7000, browser=Firefox
Testing: csp_id=482, page_id=7100, browser=Firefox
Testing: csp_id=482, page_id=7200, browser=Firefox
Testing: csp_id=482, page_id=7300, browser=Firefox
Testing: csp_id=482, page_id=7400, browser=Firefox
Testing: csp_id=482, page_id=7500, browser=Firefox
Testing: csp_id=482, page_id=7600, browser=Firefox
Testing: csp_id=482, page_id=7700, browser=Firefox
Testing: csp_id=482, page_id=7800, browser=Firefox
Testing: csp_id=482, page_id=7900, browser=Firefox
Testing: csp_id=482, page_id=8000, browser=Firefox
Testing: csp_id=482, page_id=8100, browser=Firefox
Testing: csp_id=482, page_id=8200, browser=Firefox
Testing: csp_id=482, page_id=8300, browser=Firefox
Testing: csp_id=482, page_id=8400, browser=Firefox
Testing: csp_id=482, page_id=8500, browser=Firefox
Testing: csp_id=482, page_id=8600, browser=Firefox
Testing: csp_id=482, page_id=8700, browser=Firefox
Testing: csp_id=482, page_id=8800, browser=Firefox
Testing: csp_id=482, page_id=8900, browser=Firefox
Testing: csp_id=482, page_id=9000, browser=Firefox
Testing: csp_id=482, page_id=9100, browser=Firefox
Testing: csp_id=482, page_id=9200, browser=Firefox
Testing: csp_id=482, page_id=9300, browser=Firefox
Testing: csp_id=482, page_id=9400, browser=Firefox
Testing: csp_id=482, page_id=9500, browser=Firefox
Testing: csp_id=482, page_id=9600, browser=Firefox
Testing: csp_id=482, page_id=9700, browser=Firefox
Testing: csp_id=482, page_id=9800, browser=Firefox
Testing: csp_id=482, page_id=9900, browser=Firefox
Testing: csp_id=482, page_id=10000, browser=Firefox
Testing: csp_id=482, page_id=10100, browser=Firefox
Testing: csp_id=482, page_id=10200, browser=Firefox
Testing: csp_id=482, page_id=10300, browser=Firefox
Testing: csp_id=482, page_id=10400, browser=Firefox
Testing: csp_id=482, page_id=10500, browser=Firefox
Testing: csp_id=482, page_id=10600, browser=Firefox
Testing: csp_id=482, page_id=10700, browser=Firefox
Testing: csp_id=482, page_id=10800, browser=Firefox
Testing: csp_id=482, page_id=10900, browser=Firefox
Testing: csp_id=482, page_id=11000, browser=Firefox
Testing: csp_id=482, page_id=11100, browser=Firefox
Testing: csp_id=482, page_id=11200, browser=Firefox
Testing: csp_id=482, page_id=11300, browser=Firefox
Testing: csp_id=482, page_id=11400, browser=Firefox
Testing: csp_id=482, page_id=11500, browser=Firefox
Testing: csp_id=482, page_id=11600, browser=Firefox
Testing: csp_id=482, page_id=11700, browser=Firefox
Testing: csp_id=482, page_id=11800, browser=Firefox
Testing: csp_id=482, page_id=11900, browser=Firefox
Testing: csp_id=482, page_id=12000, browser=Firefox
Testing: csp_id=482, page_id=12100, browser=Firefox
Testing: csp_id=482, page_id=12200, browser=Firefox
Testing: csp_id=482, page_id=12300, browser=Firefox
Testing: csp_id=482, page_id=12400, browser=Firefox
Testing: csp_id=482, page_id=12500, browser=Firefox
Testing: csp_id=482, page_id=12600, browser=Firefox
Testing: csp_id=482, page_id=12700, browser=Firefox
Testing: csp_id=482, page_id=12800, browser=Firefox
Testing: csp_id=482, page_id=12900, browser=Firefox
Testing: csp_id=482, page_id=13000, browser=Firefox
Testing: csp_id=482, page_id=13100, browser=Firefox
Testing: csp_id=482, page_id=13200, browser=Firefox
Testing: csp_id=482, page_id=13300, browser=Firefox
Testing: csp_id=482, page_id=13400, browser=Firefox
Testing: csp_id=482, page_id=13500, browser=Firefox
Testing: csp_id=482, page_id=13600, browser=Firefox
Testing: csp_id=482, page_id=13700, browser=Firefox
Testing: csp_id=482, page_id=13800, browser=Firefox
Testing: csp_id=482, page_id=13900, browser=Firefox
Testing: csp_id=482, page_id=14000, browser=Firefox
Testing: csp_id=482, page_id=14100, browser=Firefox
Testing: csp_id=482, page_id=14200, browser=Firefox
Testing: csp_id=482, page_id=14300, browser=Firefox
Testing: csp_id=482, page_id=14400, browser=Firefox
Testing: csp_id=482, page_id=14500, browser=Firefox
Testing: csp_id=482, page_id=14600, browser=Firefox
Testing: csp_id=482, page_id=14700, browser=Firefox
Testing: csp_id=482, page_id=14800, browser=Firefox
Testing: csp_id=482, page_id=14900, browser=Firefox
Testing: csp_id=482, page_id=15000, browser=Firefox
Testing: csp_id=482, page_id=15100, browser=Firefox
Testing: csp_id=482, page_id=15200, browser=Firefox
Testing: csp_id=482, page_id=15300, browser=Firefox
Testing: csp_id=482, page_id=15400, browser=Firefox
Testing: csp_id=482, page_id=15500, browser=Firefox
Testing: csp_id=482, page_id=15600, browser=Firefox
Testing: csp_id=482, page_id=15700, browser=Firefox
Testing: csp_id=482, page_id=15800, browser=Firefox
Testing: csp_id=482, page_id=15900, browser=Firefox
Testing: csp_id=482, page_id=16000, browser=Firefox
Testing: csp_id=482, page_id=16100, browser=Firefox
Testing: csp_id=482, page_id=16200, browser=Firefox
Testing: csp_id=482, page_id=16300, browser=Firefox
Testing: csp_id=482, page_id=16400, browser=Firefox
Testing: csp_id=482, page_id=16500, browser=Firefox
Testing: csp_id=482, page_id=16600, browser=Firefox
Testing: csp_id=482, page_id=16700, browser=Firefox
Testing: csp_id=482, page_id=16800, browser=Firefox
Testing: csp_id=482, page_id=16900, browser=Firefox
Testing: csp_id=482, page_id=17000, browser=Firefox
Testing: csp_id=482, page_id=17100, browser=Firefox
Testing: csp_id=482, page_id=17200, browser=Firefox
Testing: csp_id=482, page_id=17300, browser=Firefox
Testing: csp_id=482, page_id=17400, browser=Firefox
Testing: csp_id=482, page_id=17500, browser=Firefox
Testing: csp_id=482, page_id=17600, browser=Firefox
Testing: csp_id=482, page_id=17700, browser=Firefox
Testing: csp_id=482, page_id=17800, browser=Firefox
Testing: csp_id=482, page_id=17900, browser=Firefox
Testing: csp_id=482, page_id=18000, browser=Firefox
Testing: csp_id=482, page_id=18100, browser=Firefox
Testing: csp_id=482, page_id=18200, browser=Firefox
Testing: csp_id=482, page_id=18300, browser=Firefox
Testing: csp_id=482, page_id=18400, browser=Firefox
Testing: csp_id=482, page_id=18500, browser=Firefox
Testing: csp_id=482, page_id=18600, browser=Firefox
Testing: csp_id=482, page_id=18700, browser=Firefox
Testing: csp_id=482, page_id=18800, browser=Firefox
Testing: csp_id=482, page_id=18900, browser=Firefox
Testing: csp_id=482, page_id=19000, browser=Firefox
Testing: csp_id=482, page_id=19100, browser=Firefox
Testing: csp_id=482, page_id=19200, browser=Firefox
Testing: csp_id=482, page_id=19300, browser=Firefox
Testing: csp_id=482, page_id=19400, browser=Firefox
Testing: csp_id=482, page_id=19500, browser=Firefox
Testing: csp_id=482, page_id=19600, browser=Firefox
Testing: csp_id=482, page_id=19700, browser=Firefox
Testing: csp_id=482, page_id=19800, browser=Firefox
Testing: csp_id=482, page_id=19900, browser=Firefox
Testing: csp_id=482, page_id=20000, browser=Firefox
Testing: csp_id=482, page_id=20100, browser=Firefox
Testing: csp_id=482, page_id=20200, browser=Firefox
Testing: csp_id=482, page_id=20300, browser=Firefox
Testing: csp_id=482, page_id=20400, browser=Firefox
Testing: csp_id=482, page_id=20500, browser=Firefox
Testing: csp_id=482, page_id=20600, browser=Firefox
Testing: csp_id=482, page_id=20700, browser=Firefox
Testing: csp_id=482, page_id=20800, browser=Firefox
Testing: csp_id=482, page_id=20900, browser=Firefox
Testing: csp_id=482, page_id=21000, browser=Firefox
Testing: csp_id=482, page_id=21100, browser=Firefox
Testing: csp_id=482, page_id=21200, browser=Firefox
Testing: csp_id=482, page_id=21300, browser=Firefox
Testing: csp_id=482, page_id=21400, browser=Firefox
Testing: csp_id=482, page_id=21500, browser=Firefox
Testing: csp_id=482, page_id=21600, browser=Firefox
Testing: csp_id=482, page_id=21700, browser=Firefox
Testing: csp_id=482, page_id=21800, browser=Firefox
Testing: csp_id=482, page_id=21900, browser=Firefox
Testing: csp_id=482, page_id=22000, browser=Firefox
Testing: csp_id=482, page_id=22100, browser=Firefox
Testing: csp_id=482, page_id=22200, browser=Firefox
Testing: csp_id=482, page_id=22300, browser=Firefox
Testing: csp_id=482, page_id=22400, browser=Firefox
Testing: csp_id=482, page_id=22500, browser=Firefox
Testing: csp_id=482, page_id=22600, browser=Firefox
Testing: csp_id=482, page_id=22700, browser=Firefox
Testing: csp_id=482, page_id=22800, browser=Firefox
Testing: csp_id=482, page_id=22900, browser=Firefox
Testing: csp_id=482, page_id=23000, browser=Firefox
Testing: csp_id=482, page_id=23100, browser=Firefox
Testing: csp_id=482, page_id=23200, browser=Firefox
Testing: csp_id=482, page_id=23300, browser=Firefox
Testing: csp_id=482, page_id=23400, browser=Firefox
Testing: csp_id=482, page_id=23500, browser=Firefox
Testing: csp_id=482, page_id=23600, browser=Firefox
Testing: csp_id=482, page_id=23700, browser=Firefox
Testing: csp_id=482, page_id=23800, browser=Firefox
Testing: csp_id=482, page_id=23900, browser=Firefox
Testing: csp_id=482, page_id=24000, browser=Firefox
Testing: csp_id=482, page_id=24100, browser=Firefox
Testing: csp_id=482, page_id=24200, browser=Firefox
Testing: csp_id=482, page_id=24300, browser=Firefox
Testing: csp_id=482, page_id=24400, browser=Firefox
Testing: csp_id=482, page_id=24500, browser=Firefox
Testing: csp_id=482, page_id=24600, browser=Firefox
Testing: csp_id=482, page_id=24700, browser=Firefox
Testing: csp_id=482, page_id=24800, browser=Firefox
Testing: csp_id=482, page_id=24900, browser=Firefox
Testing: csp_id=482, page_id=25000, browser=Firefox
Testing: csp_id=482, page_id=25100, browser=Firefox
Testing: csp_id=482, page_id=25200, browser=Firefox
Testing: csp_id=482, page_id=25300, browser=Firefox
Testing: csp_id=482, page_id=25400, browser=Firefox
Testing: csp_id=482, page_id=25500, browser=Firefox
Testing: csp_id=482, page_id=25600, browser=Firefox
Testing: csp_id=482, page_id=25700, browser=Firefox
Testing: csp_id=482, page_id=25800, browser=Firefox
Testing: csp_id=482, page_id=25900, browser=Firefox
Testing: csp_id=482, page_id=26000, browser=Firefox
Testing: csp_id=482, page_id=26100, browser=Firefox
Testing: csp_id=482, page_id=26200, browser=Firefox
Testing: csp_id=482, page_id=26300, browser=Firefox
Testing: csp_id=482, page_id=26400, browser=Firefox
Testing: csp_id=482, page_id=26500, browser=Firefox
Testing: csp_id=482, page_id=26600, browser=Firefox
Testing: csp_id=482, page_id=26700, browser=Firefox
Testing: csp_id=482, page_id=26800, browser=Firefox
Testing: csp_id=482, page_id=26900, browser=Firefox
Testing: csp_id=482, page_id=27000, browser=Firefox
Testing: csp_id=482, page_id=27100, browser=Firefox
Testing: csp_id=482, page_id=27200, browser=Firefox
Testing: csp_id=482, page_id=27300, browser=Firefox
Testing: csp_id=482, page_id=27400, browser=Firefox
Testing: csp_id=482, page_id=27500, browser=Firefox
Testing: csp_id=482, page_id=27600, browser=Firefox
Testing: csp_id=482, page_id=27700, browser=Firefox
Testing: csp_id=482, page_id=27800, browser=Firefox
Testing: csp_id=482, page_id=27900, browser=Firefox
Testing: csp_id=482, page_id=28000, browser=Firefox
Testing: csp_id=482, page_id=28100, browser=Firefox
Testing: csp_id=482, page_id=28200, browser=Firefox
Testing: csp_id=482, page_id=28300, browser=Firefox
Testing: csp_id=482, page_id=28400, browser=Firefox
Testing: csp_id=482, page_id=28500, browser=Firefox
Testing: csp_id=482, page_id=28600, browser=Firefox
Testing: csp_id=482, page_id=28700, browser=Firefox
Testing: csp_id=482, page_id=28800, browser=Firefox
Testing: csp_id=482, page_id=28900, browser=Firefox
Testing: csp_id=482, page_id=29000, browser=Firefox
Testing: csp_id=482, page_id=29100, browser=Firefox
Testing: csp_id=482, page_id=29200, browser=Firefox
Testing: csp_id=482, page_id=29300, browser=Firefox
Testing: csp_id=482, page_id=29400, browser=Firefox
Testing: csp_id=482, page_id=29500, browser=Firefox
Testing: csp_id=482, page_id=29600, browser=Firefox
Testing: csp_id=482, page_id=29700, browser=Firefox
Testing: csp_id=482, page_id=29800, browser=Firefox
🏊 create_context_pools[first] (5x16): 31.821s
Testing: csp_id=484, page_id=0, browser=Firefox
Testing: csp_id=484, page_id=100, browser=Firefox
Testing: csp_id=484, page_id=200, browser=Firefox
Testing: csp_id=484, page_id=300, browser=Firefox
Testing: csp_id=484, page_id=400, browser=Firefox
Testing: csp_id=484, page_id=500, browser=Firefox
Testing: csp_id=484, page_id=600, browser=Firefox
Testing: csp_id=484, page_id=700, browser=Firefox
Testing: csp_id=484, page_id=800, browser=Firefox
Testing: csp_id=484, page_id=900, browser=Firefox
Testing: csp_id=484, page_id=1000, browser=Firefox
Testing: csp_id=484, page_id=1100, browser=Firefox
Testing: csp_id=484, page_id=1200, browser=Firefox
Testing: csp_id=484, page_id=1300, browser=Firefox
Testing: csp_id=484, page_id=1400, browser=Firefox
Testing: csp_id=484, page_id=1500, browser=Firefox
Testing: csp_id=484, page_id=1600, browser=Firefox
Testing: csp_id=484, page_id=1700, browser=Firefox
Testing: csp_id=484, page_id=1800, browser=Firefox
Testing: csp_id=484, page_id=1900, browser=Firefox
Testing: csp_id=484, page_id=2000, browser=Firefox
Testing: csp_id=484, page_id=2100, browser=Firefox
Testing: csp_id=484, page_id=2200, browser=Firefox
Testing: csp_id=484, page_id=2300, browser=Firefox
Testing: csp_id=484, page_id=2400, browser=Firefox
Testing: csp_id=484, page_id=2500, browser=Firefox
Testing: csp_id=484, page_id=2600, browser=Firefox
Testing: csp_id=484, page_id=2700, browser=Firefox
Testing: csp_id=484, page_id=2800, browser=Firefox
Testing: csp_id=484, page_id=2900, browser=Firefox
Testing: csp_id=484, page_id=3000, browser=Firefox
Testing: csp_id=484, page_id=3100, browser=Firefox
Testing: csp_id=484, page_id=3200, browser=Firefox
Testing: csp_id=484, page_id=3300, browser=Firefox
Testing: csp_id=484, page_id=3400, browser=Firefox
Testing: csp_id=484, page_id=3500, browser=Firefox
Testing: csp_id=484, page_id=3600, browser=Firefox
Testing: csp_id=484, page_id=3700, browser=Firefox
Testing: csp_id=484, page_id=3800, browser=Firefox
Testing: csp_id=484, page_id=3900, browser=Firefox
Testing: csp_id=484, page_id=4000, browser=Firefox
Testing: csp_id=484, page_id=4100, browser=Firefox
Testing: csp_id=484, page_id=4200, browser=Firefox
Testing: csp_id=484, page_id=4300, browser=Firefox
Testing: csp_id=484, page_id=4400, browser=Firefox
Testing: csp_id=484, page_id=4500, browser=Firefox
Testing: csp_id=484, page_id=4600, browser=Firefox
Testing: csp_id=484, page_id=4700, browser=Firefox
Testing: csp_id=484, page_id=4800, browser=Firefox
Testing: csp_id=484, page_id=4900, browser=Firefox
Testing: csp_id=484, page_id=5000, browser=Firefox
Testing: csp_id=484, page_id=5100, browser=Firefox
Testing: csp_id=484, page_id=5200, browser=Firefox
Testing: csp_id=484, page_id=5300, browser=Firefox
Testing: csp_id=484, page_id=5400, browser=Firefox
Testing: csp_id=484, page_id=5500, browser=Firefox
Testing: csp_id=484, page_id=5600, browser=Firefox
Testing: csp_id=484, page_id=5700, browser=Firefox
Testing: csp_id=484, page_id=5800, browser=Firefox
Testing: csp_id=484, page_id=5900, browser=Firefox
Testing: csp_id=484, page_id=6000, browser=Firefox
Testing: csp_id=484, page_id=6100, browser=Firefox
Testing: csp_id=484, page_id=6200, browser=Firefox
Testing: csp_id=484, page_id=6300, browser=Firefox
Testing: csp_id=484, page_id=6400, browser=Firefox
Testing: csp_id=484, page_id=6500, browser=Firefox
Testing: csp_id=484, page_id=6600, browser=Firefox
Testing: csp_id=484, page_id=6700, browser=Firefox
Testing: csp_id=484, page_id=6800, browser=Firefox
Testing: csp_id=484, page_id=6900, browser=Firefox
Testing: csp_id=484, page_id=7000, browser=Firefox
Testing: csp_id=484, page_id=7100, browser=Firefox
Testing: csp_id=484, page_id=7200, browser=Firefox
Testing: csp_id=484, page_id=7300, browser=Firefox
Testing: csp_id=484, page_id=7400, browser=Firefox
Testing: csp_id=484, page_id=7500, browser=Firefox
Testing: csp_id=484, page_id=7600, browser=Firefox
Testing: csp_id=484, page_id=7700, browser=Firefox
Testing: csp_id=484, page_id=7800, browser=Firefox
Testing: csp_id=484, page_id=7900, browser=Firefox
Testing: csp_id=484, page_id=8000, browser=Firefox
Testing: csp_id=484, page_id=8100, browser=Firefox
Testing: csp_id=484, page_id=8200, browser=Firefox
Testing: csp_id=484, page_id=8300, browser=Firefox
Testing: csp_id=484, page_id=8400, browser=Firefox
Testing: csp_id=484, page_id=8500, browser=Firefox
Testing: csp_id=484, page_id=8600, browser=Firefox
Testing: csp_id=484, page_id=8700, browser=Firefox
Testing: csp_id=484, page_id=8800, browser=Firefox
Testing: csp_id=484, page_id=8900, browser=Firefox
Testing: csp_id=484, page_id=9000, browser=Firefox
Testing: csp_id=484, page_id=9100, browser=Firefox
Testing: csp_id=484, page_id=9200, browser=Firefox
Testing: csp_id=484, page_id=9300, browser=Firefox
Testing: csp_id=484, page_id=9400, browser=Firefox
Testing: csp_id=484, page_id=9500, browser=Firefox
Testing: csp_id=484, page_id=9600, browser=Firefox
Testing: csp_id=484, page_id=9700, browser=Firefox
Testing: csp_id=484, page_id=9800, browser=Firefox
Testing: csp_id=484, page_id=9900, browser=Firefox
Testing: csp_id=484, page_id=10000, browser=Firefox
Testing: csp_id=484, page_id=10100, browser=Firefox
Testing: csp_id=484, page_id=10200, browser=Firefox
Testing: csp_id=484, page_id=10300, browser=Firefox
Testing: csp_id=484, page_id=10400, browser=Firefox
Testing: csp_id=484, page_id=10500, browser=Firefox
Testing: csp_id=484, page_id=10600, browser=Firefox
Testing: csp_id=484, page_id=10700, browser=Firefox
Testing: csp_id=484, page_id=10800, browser=Firefox
Testing: csp_id=484, page_id=10900, browser=Firefox
Testing: csp_id=484, page_id=11000, browser=Firefox
Testing: csp_id=484, page_id=11100, browser=Firefox
Testing: csp_id=484, page_id=11200, browser=Firefox
Testing: csp_id=484, page_id=11300, browser=Firefox
Testing: csp_id=484, page_id=11400, browser=Firefox
Testing: csp_id=484, page_id=11500, browser=Firefox
Testing: csp_id=484, page_id=11600, browser=Firefox
Testing: csp_id=484, page_id=11700, browser=Firefox
Testing: csp_id=484, page_id=11800, browser=Firefox
Testing: csp_id=484, page_id=11900, browser=Firefox
Testing: csp_id=484, page_id=12000, browser=Firefox
Testing: csp_id=484, page_id=12100, browser=Firefox
Testing: csp_id=484, page_id=12200, browser=Firefox
Testing: csp_id=484, page_id=12300, browser=Firefox
Testing: csp_id=484, page_id=12400, browser=Firefox
Testing: csp_id=484, page_id=12500, browser=Firefox
Testing: csp_id=484, page_id=12600, browser=Firefox
Testing: csp_id=484, page_id=12700, browser=Firefox
Testing: csp_id=484, page_id=12800, browser=Firefox
Testing: csp_id=484, page_id=12900, browser=Firefox
Testing: csp_id=484, page_id=13000, browser=Firefox
Testing: csp_id=484, page_id=13100, browser=Firefox
Testing: csp_id=484, page_id=13200, browser=Firefox
Testing: csp_id=484, page_id=13300, browser=Firefox
Testing: csp_id=484, page_id=13400, browser=Firefox
Testing: csp_id=484, page_id=13500, browser=Firefox
Testing: csp_id=484, page_id=13600, browser=Firefox
Testing: csp_id=484, page_id=13700, browser=Firefox
Testing: csp_id=484, page_id=13800, browser=Firefox
Testing: csp_id=484, page_id=13900, browser=Firefox
Testing: csp_id=484, page_id=14000, browser=Firefox
Testing: csp_id=484, page_id=14100, browser=Firefox
Testing: csp_id=484, page_id=14200, browser=Firefox
Testing: csp_id=484, page_id=14300, browser=Firefox
Testing: csp_id=484, page_id=14400, browser=Firefox
Testing: csp_id=484, page_id=14500, browser=Firefox
Testing: csp_id=484, page_id=14600, browser=Firefox
Testing: csp_id=484, page_id=14700, browser=Firefox
Testing: csp_id=484, page_id=14800, browser=Firefox
Testing: csp_id=484, page_id=14900, browser=Firefox
Testing: csp_id=484, page_id=15000, browser=Firefox
Testing: csp_id=484, page_id=15100, browser=Firefox
Testing: csp_id=484, page_id=15200, browser=Firefox
Testing: csp_id=484, page_id=15300, browser=Firefox
Testing: csp_id=484, page_id=15400, browser=Firefox
Testing: csp_id=484, page_id=15500, browser=Firefox
Testing: csp_id=484, page_id=15600, browser=Firefox
Testing: csp_id=484, page_id=15700, browser=Firefox
Testing: csp_id=484, page_id=15800, browser=Firefox
Testing: csp_id=484, page_id=15900, browser=Firefox
Testing: csp_id=484, page_id=16000, browser=Firefox
Testing: csp_id=484, page_id=16100, browser=Firefox
Testing: csp_id=484, page_id=16200, browser=Firefox
Testing: csp_id=484, page_id=16300, browser=Firefox
Testing: csp_id=484, page_id=16400, browser=Firefox
Testing: csp_id=484, page_id=16500, browser=Firefox
Testing: csp_id=484, page_id=16600, browser=Firefox
Testing: csp_id=484, page_id=16700, browser=Firefox
Testing: csp_id=484, page_id=16800, browser=Firefox
Testing: csp_id=484, page_id=16900, browser=Firefox
Testing: csp_id=484, page_id=17000, browser=Firefox
Testing: csp_id=484, page_id=17100, browser=Firefox
Testing: csp_id=484, page_id=17200, browser=Firefox
Testing: csp_id=484, page_id=17300, browser=Firefox
Testing: csp_id=484, page_id=17400, browser=Firefox
Testing: csp_id=484, page_id=17500, browser=Firefox
Testing: csp_id=484, page_id=17600, browser=Firefox
Testing: csp_id=484, page_id=17700, browser=Firefox
Testing: csp_id=484, page_id=17800, browser=Firefox
Testing: csp_id=484, page_id=17900, browser=Firefox
Testing: csp_id=484, page_id=18000, browser=Firefox
Testing: csp_id=484, page_id=18100, browser=Firefox
Testing: csp_id=484, page_id=18200, browser=Firefox
Testing: csp_id=484, page_id=18300, browser=Firefox
Testing: csp_id=484, page_id=18400, browser=Firefox
Testing: csp_id=484, page_id=18500, browser=Firefox
Testing: csp_id=484, page_id=18600, browser=Firefox
Testing: csp_id=484, page_id=18700, browser=Firefox
Testing: csp_id=484, page_id=18800, browser=Firefox
Testing: csp_id=484, page_id=18900, browser=Firefox
Testing: csp_id=484, page_id=19000, browser=Firefox
Testing: csp_id=484, page_id=19100, browser=Firefox
Testing: csp_id=484, page_id=19200, browser=Firefox
Testing: csp_id=484, page_id=19300, browser=Firefox
Testing: csp_id=484, page_id=19400, browser=Firefox
Testing: csp_id=484, page_id=19500, browser=Firefox
Testing: csp_id=484, page_id=19600, browser=Firefox
Testing: csp_id=484, page_id=19700, browser=Firefox
Testing: csp_id=484, page_id=19800, browser=Firefox
Testing: csp_id=484, page_id=19900, browser=Firefox
Testing: csp_id=484, page_id=20000, browser=Firefox
Testing: csp_id=484, page_id=20100, browser=Firefox
Testing: csp_id=484, page_id=20200, browser=Firefox
Testing: csp_id=484, page_id=20300, browser=Firefox
Testing: csp_id=484, page_id=20400, browser=Firefox
Testing: csp_id=484, page_id=20500, browser=Firefox
Testing: csp_id=484, page_id=20600, browser=Firefox
Testing: csp_id=484, page_id=20700, browser=Firefox
Testing: csp_id=484, page_id=20800, browser=Firefox
Testing: csp_id=484, page_id=20900, browser=Firefox
Testing: csp_id=484, page_id=21000, browser=Firefox
Testing: csp_id=484, page_id=21100, browser=Firefox
Testing: csp_id=484, page_id=21200, browser=Firefox
Testing: csp_id=484, page_id=21300, browser=Firefox
Testing: csp_id=484, page_id=21400, browser=Firefox
Testing: csp_id=484, page_id=21500, browser=Firefox
Testing: csp_id=484, page_id=21600, browser=Firefox
Testing: csp_id=484, page_id=21700, browser=Firefox
Testing: csp_id=484, page_id=21800, browser=Firefox
Testing: csp_id=484, page_id=21900, browser=Firefox
Testing: csp_id=484, page_id=22000, browser=Firefox
Testing: csp_id=484, page_id=22100, browser=Firefox
Testing: csp_id=484, page_id=22200, browser=Firefox
Testing: csp_id=484, page_id=22300, browser=Firefox
Testing: csp_id=484, page_id=22400, browser=Firefox
Testing: csp_id=484, page_id=22500, browser=Firefox
Testing: csp_id=484, page_id=22600, browser=Firefox
Testing: csp_id=484, page_id=22700, browser=Firefox
Testing: csp_id=484, page_id=22800, browser=Firefox
Testing: csp_id=484, page_id=22900, browser=Firefox
Testing: csp_id=484, page_id=23000, browser=Firefox
Testing: csp_id=484, page_id=23100, browser=Firefox
Testing: csp_id=484, page_id=23200, browser=Firefox
Testing: csp_id=484, page_id=23300, browser=Firefox
Testing: csp_id=484, page_id=23400, browser=Firefox
Testing: csp_id=484, page_id=23500, browser=Firefox
Testing: csp_id=484, page_id=23600, browser=Firefox
Testing: csp_id=484, page_id=23700, browser=Firefox
Testing: csp_id=484, page_id=23800, browser=Firefox
Testing: csp_id=484, page_id=23900, browser=Firefox
Testing: csp_id=484, page_id=24000, browser=Firefox
Testing: csp_id=484, page_id=24100, browser=Firefox
Testing: csp_id=484, page_id=24200, browser=Firefox
Testing: csp_id=484, page_id=24300, browser=Firefox
Testing: csp_id=484, page_id=24400, browser=Firefox
Testing: csp_id=484, page_id=24500, browser=Firefox
Testing: csp_id=484, page_id=24600, browser=Firefox
Testing: csp_id=484, page_id=24700, browser=Firefox
Testing: csp_id=484, page_id=24800, browser=Firefox
Testing: csp_id=484, page_id=24900, browser=Firefox
Testing: csp_id=484, page_id=25000, browser=Firefox
Testing: csp_id=484, page_id=25100, browser=Firefox
Testing: csp_id=484, page_id=25200, browser=Firefox
Testing: csp_id=484, page_id=25300, browser=Firefox
Testing: csp_id=484, page_id=25400, browser=Firefox
Testing: csp_id=484, page_id=25500, browser=Firefox
Testing: csp_id=484, page_id=25600, browser=Firefox
Testing: csp_id=484, page_id=25700, browser=Firefox
Testing: csp_id=484, page_id=25800, browser=Firefox
Testing: csp_id=484, page_id=25900, browser=Firefox
Testing: csp_id=484, page_id=26000, browser=Firefox
Testing: csp_id=484, page_id=26100, browser=Firefox
Testing: csp_id=484, page_id=26200, browser=Firefox
Testing: csp_id=484, page_id=26300, browser=Firefox
Testing: csp_id=484, page_id=26400, browser=Firefox
Testing: csp_id=484, page_id=26500, browser=Firefox
Testing: csp_id=484, page_id=26600, browser=Firefox
Testing: csp_id=484, page_id=26700, browser=Firefox
Testing: csp_id=484, page_id=26800, browser=Firefox
Testing: csp_id=484, page_id=26900, browser=Firefox
Testing: csp_id=484, page_id=27000, browser=Firefox
Testing: csp_id=484, page_id=27100, browser=Firefox
Testing: csp_id=484, page_id=27200, browser=Firefox
Testing: csp_id=484, page_id=27300, browser=Firefox
Testing: csp_id=484, page_id=27400, browser=Firefox
Testing: csp_id=484, page_id=27500, browser=Firefox
Testing: csp_id=484, page_id=27600, browser=Firefox
Testing: csp_id=484, page_id=27700, browser=Firefox
Testing: csp_id=484, page_id=27800, browser=Firefox
Testing: csp_id=484, page_id=27900, browser=Firefox
Testing: csp_id=484, page_id=28000, browser=Firefox
Testing: csp_id=484, page_id=28100, browser=Firefox
Testing: csp_id=484, page_id=28200, browser=Firefox
Testing: csp_id=484, page_id=28300, browser=Firefox
Testing: csp_id=484, page_id=28400, browser=Firefox
Testing: csp_id=484, page_id=28500, browser=Firefox
Testing: csp_id=484, page_id=28600, browser=Firefox
Testing: csp_id=484, page_id=28700, browser=Firefox
Testing: csp_id=484, page_id=28800, browser=Firefox
Testing: csp_id=484, page_id=28900, browser=Firefox
Testing: csp_id=484, page_id=29000, browser=Firefox
Testing: csp_id=484, page_id=29100, browser=Firefox
Testing: csp_id=484, page_id=29200, browser=Firefox
Testing: csp_id=484, page_id=29300, browser=Firefox
Testing: csp_id=484, page_id=29400, browser=Firefox
Testing: csp_id=484, page_id=29500, browser=Firefox
Testing: csp_id=484, page_id=29600, browser=Firefox
Testing: csp_id=484, page_id=29700, browser=Firefox
Testing: csp_id=484, page_id=29800, browser=Firefox
🏊 create_context_pools[first] (5x16): 35.614s
Testing: csp_id=502, page_id=0, browser=Firefox
Testing: csp_id=502, page_id=100, browser=Firefox
Testing: csp_id=502, page_id=200, browser=Firefox
Testing: csp_id=502, page_id=300, browser=Firefox
Testing: csp_id=502, page_id=400, browser=Firefox
Testing: csp_id=502, page_id=500, browser=Firefox
Testing: csp_id=502, page_id=600, browser=Firefox
Testing: csp_id=502, page_id=700, browser=Firefox
Testing: csp_id=502, page_id=800, browser=Firefox
Testing: csp_id=502, page_id=900, browser=Firefox
Testing: csp_id=502, page_id=1000, browser=Firefox
Testing: csp_id=502, page_id=1100, browser=Firefox
Testing: csp_id=502, page_id=1200, browser=Firefox
Testing: csp_id=502, page_id=1300, browser=Firefox
Testing: csp_id=502, page_id=1400, browser=Firefox
Testing: csp_id=502, page_id=1500, browser=Firefox
Testing: csp_id=502, page_id=1600, browser=Firefox
Testing: csp_id=502, page_id=1700, browser=Firefox
Testing: csp_id=502, page_id=1800, browser=Firefox
Testing: csp_id=502, page_id=1900, browser=Firefox
Testing: csp_id=502, page_id=2000, browser=Firefox
Testing: csp_id=502, page_id=2100, browser=Firefox
Testing: csp_id=502, page_id=2200, browser=Firefox
Testing: csp_id=502, page_id=2300, browser=Firefox
Testing: csp_id=502, page_id=2400, browser=Firefox
Testing: csp_id=502, page_id=2500, browser=Firefox
Testing: csp_id=502, page_id=2600, browser=Firefox
Testing: csp_id=502, page_id=2700, browser=Firefox
Testing: csp_id=502, page_id=2800, browser=Firefox
Testing: csp_id=502, page_id=2900, browser=Firefox
Testing: csp_id=502, page_id=3000, browser=Firefox
Testing: csp_id=502, page_id=3100, browser=Firefox
Testing: csp_id=502, page_id=3200, browser=Firefox
Testing: csp_id=502, page_id=3300, browser=Firefox
Testing: csp_id=502, page_id=3400, browser=Firefox
Testing: csp_id=502, page_id=3500, browser=Firefox
Testing: csp_id=502, page_id=3600, browser=Firefox
Testing: csp_id=502, page_id=3700, browser=Firefox
Testing: csp_id=502, page_id=3800, browser=Firefox
Testing: csp_id=502, page_id=3900, browser=Firefox
Testing: csp_id=502, page_id=4000, browser=Firefox
Testing: csp_id=502, page_id=4100, browser=Firefox
Testing: csp_id=502, page_id=4200, browser=Firefox
Testing: csp_id=502, page_id=4300, browser=Firefox
Testing: csp_id=502, page_id=4400, browser=Firefox
Testing: csp_id=502, page_id=4500, browser=Firefox
Testing: csp_id=502, page_id=4600, browser=Firefox
Testing: csp_id=502, page_id=4700, browser=Firefox
Testing: csp_id=502, page_id=4800, browser=Firefox
Testing: csp_id=502, page_id=4900, browser=Firefox
Testing: csp_id=502, page_id=5000, browser=Firefox
Testing: csp_id=502, page_id=5100, browser=Firefox
Testing: csp_id=502, page_id=5200, browser=Firefox
Testing: csp_id=502, page_id=5300, browser=Firefox
Testing: csp_id=502, page_id=5400, browser=Firefox
Testing: csp_id=502, page_id=5500, browser=Firefox
Testing: csp_id=502, page_id=5600, browser=Firefox
Testing: csp_id=502, page_id=5700, browser=Firefox
Testing: csp_id=502, page_id=5800, browser=Firefox
Testing: csp_id=502, page_id=5900, browser=Firefox
Testing: csp_id=502, page_id=6000, browser=Firefox
Testing: csp_id=502, page_id=6100, browser=Firefox
Testing: csp_id=502, page_id=6200, browser=Firefox
Testing: csp_id=502, page_id=6300, browser=Firefox
Testing: csp_id=502, page_id=6400, browser=Firefox
Testing: csp_id=502, page_id=6500, browser=Firefox
Testing: csp_id=502, page_id=6600, browser=Firefox
Testing: csp_id=502, page_id=6700, browser=Firefox
Testing: csp_id=502, page_id=6800, browser=Firefox
Testing: csp_id=502, page_id=6900, browser=Firefox
Testing: csp_id=502, page_id=7000, browser=Firefox
Testing: csp_id=502, page_id=7100, browser=Firefox
Testing: csp_id=502, page_id=7200, browser=Firefox
Testing: csp_id=502, page_id=7300, browser=Firefox
Testing: csp_id=502, page_id=7400, browser=Firefox
Testing: csp_id=502, page_id=7500, browser=Firefox
Testing: csp_id=502, page_id=7600, browser=Firefox
Testing: csp_id=502, page_id=7700, browser=Firefox
Testing: csp_id=502, page_id=7800, browser=Firefox
Testing: csp_id=502, page_id=7900, browser=Firefox
Testing: csp_id=502, page_id=8000, browser=Firefox
Testing: csp_id=502, page_id=8100, browser=Firefox
Testing: csp_id=502, page_id=8200, browser=Firefox
Testing: csp_id=502, page_id=8300, browser=Firefox
Testing: csp_id=502, page_id=8400, browser=Firefox
Testing: csp_id=502, page_id=8500, browser=Firefox
Testing: csp_id=502, page_id=8600, browser=Firefox
Testing: csp_id=502, page_id=8700, browser=Firefox
Testing: csp_id=502, page_id=8800, browser=Firefox
Testing: csp_id=502, page_id=8900, browser=Firefox
Testing: csp_id=502, page_id=9000, browser=Firefox
Testing: csp_id=502, page_id=9100, browser=Firefox
Testing: csp_id=502, page_id=9200, browser=Firefox
Testing: csp_id=502, page_id=9300, browser=Firefox
Testing: csp_id=502, page_id=9400, browser=Firefox
Testing: csp_id=502, page_id=9500, browser=Firefox
Testing: csp_id=502, page_id=9600, browser=Firefox
Testing: csp_id=502, page_id=9700, browser=Firefox
Testing: csp_id=502, page_id=9800, browser=Firefox
Testing: csp_id=502, page_id=9900, browser=Firefox
Testing: csp_id=502, page_id=10000, browser=Firefox
Testing: csp_id=502, page_id=10100, browser=Firefox
Testing: csp_id=502, page_id=10200, browser=Firefox
Testing: csp_id=502, page_id=10300, browser=Firefox
Testing: csp_id=502, page_id=10400, browser=Firefox
Testing: csp_id=502, page_id=10500, browser=Firefox
Testing: csp_id=502, page_id=10600, browser=Firefox
Testing: csp_id=502, page_id=10700, browser=Firefox
Testing: csp_id=502, page_id=10800, browser=Firefox
Testing: csp_id=502, page_id=10900, browser=Firefox
Testing: csp_id=502, page_id=11000, browser=Firefox
Testing: csp_id=502, page_id=11100, browser=Firefox
Testing: csp_id=502, page_id=11200, browser=Firefox
Testing: csp_id=502, page_id=11300, browser=Firefox
Testing: csp_id=502, page_id=11400, browser=Firefox
Testing: csp_id=502, page_id=11500, browser=Firefox
Testing: csp_id=502, page_id=11600, browser=Firefox
Testing: csp_id=502, page_id=11700, browser=Firefox
Testing: csp_id=502, page_id=11800, browser=Firefox
Testing: csp_id=502, page_id=11900, browser=Firefox
Testing: csp_id=502, page_id=12000, browser=Firefox
Testing: csp_id=502, page_id=12100, browser=Firefox
Testing: csp_id=502, page_id=12200, browser=Firefox
Testing: csp_id=502, page_id=12300, browser=Firefox
Testing: csp_id=502, page_id=12400, browser=Firefox
Testing: csp_id=502, page_id=12500, browser=Firefox
Testing: csp_id=502, page_id=12600, browser=Firefox
Testing: csp_id=502, page_id=12700, browser=Firefox
Testing: csp_id=502, page_id=12800, browser=Firefox
Testing: csp_id=502, page_id=12900, browser=Firefox
Testing: csp_id=502, page_id=13000, browser=Firefox
Testing: csp_id=502, page_id=13100, browser=Firefox
Testing: csp_id=502, page_id=13200, browser=Firefox
Testing: csp_id=502, page_id=13300, browser=Firefox
Testing: csp_id=502, page_id=13400, browser=Firefox
Testing: csp_id=502, page_id=13500, browser=Firefox
Testing: csp_id=502, page_id=13600, browser=Firefox
Testing: csp_id=502, page_id=13700, browser=Firefox
Testing: csp_id=502, page_id=13800, browser=Firefox
Testing: csp_id=502, page_id=13900, browser=Firefox
Testing: csp_id=502, page_id=14000, browser=Firefox
Testing: csp_id=502, page_id=14100, browser=Firefox
Testing: csp_id=502, page_id=14200, browser=Firefox
Testing: csp_id=502, page_id=14300, browser=Firefox
Testing: csp_id=502, page_id=14400, browser=Firefox
Testing: csp_id=502, page_id=14500, browser=Firefox
Testing: csp_id=502, page_id=14600, browser=Firefox
Testing: csp_id=502, page_id=14700, browser=Firefox
Testing: csp_id=502, page_id=14800, browser=Firefox
Testing: csp_id=502, page_id=14900, browser=Firefox
Testing: csp_id=502, page_id=15000, browser=Firefox
Testing: csp_id=502, page_id=15100, browser=Firefox
Testing: csp_id=502, page_id=15200, browser=Firefox
Testing: csp_id=502, page_id=15300, browser=Firefox
Testing: csp_id=502, page_id=15400, browser=Firefox
Testing: csp_id=502, page_id=15500, browser=Firefox
Testing: csp_id=502, page_id=15600, browser=Firefox
Testing: csp_id=502, page_id=15700, browser=Firefox
Testing: csp_id=502, page_id=15800, browser=Firefox
Testing: csp_id=502, page_id=15900, browser=Firefox
Testing: csp_id=502, page_id=16000, browser=Firefox
Testing: csp_id=502, page_id=16100, browser=Firefox
Testing: csp_id=502, page_id=16200, browser=Firefox
Testing: csp_id=502, page_id=16300, browser=Firefox
Testing: csp_id=502, page_id=16400, browser=Firefox
Testing: csp_id=502, page_id=16500, browser=Firefox
Testing: csp_id=502, page_id=16600, browser=Firefox
Testing: csp_id=502, page_id=16700, browser=Firefox
Testing: csp_id=502, page_id=16800, browser=Firefox
Testing: csp_id=502, page_id=16900, browser=Firefox
Testing: csp_id=502, page_id=17000, browser=Firefox
Testing: csp_id=502, page_id=17100, browser=Firefox
Testing: csp_id=502, page_id=17200, browser=Firefox
Testing: csp_id=502, page_id=17300, browser=Firefox
Testing: csp_id=502, page_id=17400, browser=Firefox
Testing: csp_id=502, page_id=17500, browser=Firefox
Testing: csp_id=502, page_id=17600, browser=Firefox
Testing: csp_id=502, page_id=17700, browser=Firefox
Testing: csp_id=502, page_id=17800, browser=Firefox
Testing: csp_id=502, page_id=17900, browser=Firefox
Testing: csp_id=502, page_id=18000, browser=Firefox
Testing: csp_id=502, page_id=18100, browser=Firefox
Testing: csp_id=502, page_id=18200, browser=Firefox
Testing: csp_id=502, page_id=18300, browser=Firefox
Testing: csp_id=502, page_id=18400, browser=Firefox
Testing: csp_id=502, page_id=18500, browser=Firefox
Testing: csp_id=502, page_id=18600, browser=Firefox
Testing: csp_id=502, page_id=18700, browser=Firefox
Testing: csp_id=502, page_id=18800, browser=Firefox
Testing: csp_id=502, page_id=18900, browser=Firefox
Testing: csp_id=502, page_id=19000, browser=Firefox
Testing: csp_id=502, page_id=19100, browser=Firefox
Testing: csp_id=502, page_id=19200, browser=Firefox
Testing: csp_id=502, page_id=19300, browser=Firefox
Testing: csp_id=502, page_id=19400, browser=Firefox
Testing: csp_id=502, page_id=19500, browser=Firefox
Testing: csp_id=502, page_id=19600, browser=Firefox
Testing: csp_id=502, page_id=19700, browser=Firefox
Testing: csp_id=502, page_id=19800, browser=Firefox
Testing: csp_id=502, page_id=19900, browser=Firefox
Testing: csp_id=502, page_id=20000, browser=Firefox
Testing: csp_id=502, page_id=20100, browser=Firefox
Testing: csp_id=502, page_id=20200, browser=Firefox
Testing: csp_id=502, page_id=20300, browser=Firefox
Testing: csp_id=502, page_id=20400, browser=Firefox
Testing: csp_id=502, page_id=20500, browser=Firefox
Testing: csp_id=502, page_id=20600, browser=Firefox
Testing: csp_id=502, page_id=20700, browser=Firefox
Testing: csp_id=502, page_id=20800, browser=Firefox
Testing: csp_id=502, page_id=20900, browser=Firefox
Testing: csp_id=502, page_id=21000, browser=Firefox
Testing: csp_id=502, page_id=21100, browser=Firefox
Testing: csp_id=502, page_id=21200, browser=Firefox
Testing: csp_id=502, page_id=21300, browser=Firefox
Testing: csp_id=502, page_id=21400, browser=Firefox
Testing: csp_id=502, page_id=21500, browser=Firefox
Testing: csp_id=502, page_id=21600, browser=Firefox
Testing: csp_id=502, page_id=21700, browser=Firefox
Testing: csp_id=502, page_id=21800, browser=Firefox
Testing: csp_id=502, page_id=21900, browser=Firefox
Testing: csp_id=502, page_id=22000, browser=Firefox
Testing: csp_id=502, page_id=22100, browser=Firefox
Testing: csp_id=502, page_id=22200, browser=Firefox
Testing: csp_id=502, page_id=22300, browser=Firefox
Testing: csp_id=502, page_id=22400, browser=Firefox
Testing: csp_id=502, page_id=22500, browser=Firefox
Testing: csp_id=502, page_id=22600, browser=Firefox
Testing: csp_id=502, page_id=22700, browser=Firefox
Testing: csp_id=502, page_id=22800, browser=Firefox
Testing: csp_id=502, page_id=22900, browser=Firefox
Testing: csp_id=502, page_id=23000, browser=Firefox
Testing: csp_id=502, page_id=23100, browser=Firefox
Testing: csp_id=502, page_id=23200, browser=Firefox
Testing: csp_id=502, page_id=23300, browser=Firefox
Testing: csp_id=502, page_id=23400, browser=Firefox
Testing: csp_id=502, page_id=23500, browser=Firefox
Testing: csp_id=502, page_id=23600, browser=Firefox
Testing: csp_id=502, page_id=23700, browser=Firefox
Testing: csp_id=502, page_id=23800, browser=Firefox
Testing: csp_id=502, page_id=23900, browser=Firefox
Testing: csp_id=502, page_id=24000, browser=Firefox
Testing: csp_id=502, page_id=24100, browser=Firefox
Testing: csp_id=502, page_id=24200, browser=Firefox
Testing: csp_id=502, page_id=24300, browser=Firefox
Testing: csp_id=502, page_id=24400, browser=Firefox
Testing: csp_id=502, page_id=24500, browser=Firefox
Testing: csp_id=502, page_id=24600, browser=Firefox
Testing: csp_id=502, page_id=24700, browser=Firefox
Testing: csp_id=502, page_id=24800, browser=Firefox
Testing: csp_id=502, page_id=24900, browser=Firefox
Testing: csp_id=502, page_id=25000, browser=Firefox
Testing: csp_id=502, page_id=25100, browser=Firefox
Testing: csp_id=502, page_id=25200, browser=Firefox
Testing: csp_id=502, page_id=25300, browser=Firefox
Testing: csp_id=502, page_id=25400, browser=Firefox
Testing: csp_id=502, page_id=25500, browser=Firefox
Testing: csp_id=502, page_id=25600, browser=Firefox
Testing: csp_id=502, page_id=25700, browser=Firefox
Testing: csp_id=502, page_id=25800, browser=Firefox
Testing: csp_id=502, page_id=25900, browser=Firefox
Testing: csp_id=502, page_id=26000, browser=Firefox
Testing: csp_id=502, page_id=26100, browser=Firefox
Testing: csp_id=502, page_id=26200, browser=Firefox
Testing: csp_id=502, page_id=26300, browser=Firefox
Testing: csp_id=502, page_id=26400, browser=Firefox
Testing: csp_id=502, page_id=26500, browser=Firefox
Testing: csp_id=502, page_id=26600, browser=Firefox
Testing: csp_id=502, page_id=26700, browser=Firefox
Testing: csp_id=502, page_id=26800, browser=Firefox
Testing: csp_id=502, page_id=26900, browser=Firefox
Testing: csp_id=502, page_id=27000, browser=Firefox
Testing: csp_id=502, page_id=27100, browser=Firefox
Testing: csp_id=502, page_id=27200, browser=Firefox
Testing: csp_id=502, page_id=27300, browser=Firefox
Testing: csp_id=502, page_id=27400, browser=Firefox
Testing: csp_id=502, page_id=27500, browser=Firefox
Testing: csp_id=502, page_id=27600, browser=Firefox
Testing: csp_id=502, page_id=27700, browser=Firefox
Testing: csp_id=502, page_id=27800, browser=Firefox
Testing: csp_id=502, page_id=27900, browser=Firefox
Testing: csp_id=502, page_id=28000, browser=Firefox
Testing: csp_id=502, page_id=28100, browser=Firefox
Testing: csp_id=502, page_id=28200, browser=Firefox
Testing: csp_id=502, page_id=28300, browser=Firefox
Testing: csp_id=502, page_id=28400, browser=Firefox
Testing: csp_id=502, page_id=28500, browser=Firefox
Testing: csp_id=502, page_id=28600, browser=Firefox
Testing: csp_id=502, page_id=28700, browser=Firefox
Testing: csp_id=502, page_id=28800, browser=Firefox
Testing: csp_id=502, page_id=28900, browser=Firefox
Testing: csp_id=502, page_id=29000, browser=Firefox
Testing: csp_id=502, page_id=29100, browser=Firefox
Testing: csp_id=502, page_id=29200, browser=Firefox
Testing: csp_id=502, page_id=29300, browser=Firefox
Testing: csp_id=502, page_id=29400, browser=Firefox
Testing: csp_id=502, page_id=29500, browser=Firefox
Testing: csp_id=502, page_id=29600, browser=Firefox
Testing: csp_id=502, page_id=29700, browser=Firefox
Testing: csp_id=502, page_id=29800, browser=Firefox
🏊 create_context_pools[first] (5x16): 27.834s
Testing: csp_id=511, page_id=0, browser=Firefox
Testing: csp_id=511, page_id=100, browser=Firefox
Testing: csp_id=511, page_id=200, browser=Firefox
Testing: csp_id=511, page_id=300, browser=Firefox
Testing: csp_id=511, page_id=400, browser=Firefox
Testing: csp_id=511, page_id=500, browser=Firefox
Testing: csp_id=511, page_id=600, browser=Firefox
Testing: csp_id=511, page_id=700, browser=Firefox
Testing: csp_id=511, page_id=800, browser=Firefox
Testing: csp_id=511, page_id=900, browser=Firefox
Testing: csp_id=511, page_id=1000, browser=Firefox
Testing: csp_id=511, page_id=1100, browser=Firefox
Testing: csp_id=511, page_id=1200, browser=Firefox
Testing: csp_id=511, page_id=1300, browser=Firefox
Testing: csp_id=511, page_id=1400, browser=Firefox
Testing: csp_id=511, page_id=1500, browser=Firefox
Testing: csp_id=511, page_id=1600, browser=Firefox
Testing: csp_id=511, page_id=1700, browser=Firefox
Testing: csp_id=511, page_id=1800, browser=Firefox
Testing: csp_id=511, page_id=1900, browser=Firefox
Testing: csp_id=511, page_id=2000, browser=Firefox
Testing: csp_id=511, page_id=2100, browser=Firefox
Testing: csp_id=511, page_id=2200, browser=Firefox
Testing: csp_id=511, page_id=2300, browser=Firefox
Testing: csp_id=511, page_id=2400, browser=Firefox
Testing: csp_id=511, page_id=2500, browser=Firefox
Testing: csp_id=511, page_id=2600, browser=Firefox
Testing: csp_id=511, page_id=2700, browser=Firefox
Testing: csp_id=511, page_id=2800, browser=Firefox
Testing: csp_id=511, page_id=2900, browser=Firefox
Testing: csp_id=511, page_id=3000, browser=Firefox
Testing: csp_id=511, page_id=3100, browser=Firefox
Testing: csp_id=511, page_id=3200, browser=Firefox
Testing: csp_id=511, page_id=3300, browser=Firefox
Testing: csp_id=511, page_id=3400, browser=Firefox
Testing: csp_id=511, page_id=3500, browser=Firefox
Testing: csp_id=511, page_id=3600, browser=Firefox
Testing: csp_id=511, page_id=3700, browser=Firefox
Testing: csp_id=511, page_id=3800, browser=Firefox
Testing: csp_id=511, page_id=3900, browser=Firefox
Testing: csp_id=511, page_id=4000, browser=Firefox
Testing: csp_id=511, page_id=4100, browser=Firefox
Testing: csp_id=511, page_id=4200, browser=Firefox
Testing: csp_id=511, page_id=4300, browser=Firefox
Testing: csp_id=511, page_id=4400, browser=Firefox
Testing: csp_id=511, page_id=4500, browser=Firefox
Testing: csp_id=511, page_id=4600, browser=Firefox
Testing: csp_id=511, page_id=4700, browser=Firefox
Testing: csp_id=511, page_id=4800, browser=Firefox
Testing: csp_id=511, page_id=4900, browser=Firefox
Testing: csp_id=511, page_id=5000, browser=Firefox
Testing: csp_id=511, page_id=5100, browser=Firefox
Testing: csp_id=511, page_id=5200, browser=Firefox
Testing: csp_id=511, page_id=5300, browser=Firefox
Testing: csp_id=511, page_id=5400, browser=Firefox
Testing: csp_id=511, page_id=5500, browser=Firefox
Testing: csp_id=511, page_id=5600, browser=Firefox
Testing: csp_id=511, page_id=5700, browser=Firefox
Testing: csp_id=511, page_id=5800, browser=Firefox
Testing: csp_id=511, page_id=5900, browser=Firefox
Testing: csp_id=511, page_id=6000, browser=Firefox
Testing: csp_id=511, page_id=6100, browser=Firefox
Testing: csp_id=511, page_id=6200, browser=Firefox
Testing: csp_id=511, page_id=6300, browser=Firefox
Testing: csp_id=511, page_id=6400, browser=Firefox
Testing: csp_id=511, page_id=6500, browser=Firefox
Testing: csp_id=511, page_id=6600, browser=Firefox
Testing: csp_id=511, page_id=6700, browser=Firefox
Testing: csp_id=511, page_id=6800, browser=Firefox
Testing: csp_id=511, page_id=6900, browser=Firefox
Testing: csp_id=511, page_id=7000, browser=Firefox
Testing: csp_id=511, page_id=7100, browser=Firefox
Testing: csp_id=511, page_id=7200, browser=Firefox
Testing: csp_id=511, page_id=7300, browser=Firefox
Testing: csp_id=511, page_id=7400, browser=Firefox
Testing: csp_id=511, page_id=7500, browser=Firefox
Testing: csp_id=511, page_id=7600, browser=Firefox
Testing: csp_id=511, page_id=7700, browser=Firefox
Testing: csp_id=511, page_id=7800, browser=Firefox
Testing: csp_id=511, page_id=7900, browser=Firefox
Testing: csp_id=511, page_id=8000, browser=Firefox
Testing: csp_id=511, page_id=8100, browser=Firefox
Testing: csp_id=511, page_id=8200, browser=Firefox
Testing: csp_id=511, page_id=8300, browser=Firefox
Testing: csp_id=511, page_id=8400, browser=Firefox
Testing: csp_id=511, page_id=8500, browser=Firefox
Testing: csp_id=511, page_id=8600, browser=Firefox
Testing: csp_id=511, page_id=8700, browser=Firefox
Testing: csp_id=511, page_id=8800, browser=Firefox
Testing: csp_id=511, page_id=8900, browser=Firefox
Testing: csp_id=511, page_id=9000, browser=Firefox
Testing: csp_id=511, page_id=9100, browser=Firefox
Testing: csp_id=511, page_id=9200, browser=Firefox
Testing: csp_id=511, page_id=9300, browser=Firefox
Testing: csp_id=511, page_id=9400, browser=Firefox
Testing: csp_id=511, page_id=9500, browser=Firefox
Testing: csp_id=511, page_id=9600, browser=Firefox
Testing: csp_id=511, page_id=9700, browser=Firefox
Testing: csp_id=511, page_id=9800, browser=Firefox
Testing: csp_id=511, page_id=9900, browser=Firefox
Testing: csp_id=511, page_id=10000, browser=Firefox
Testing: csp_id=511, page_id=10100, browser=Firefox
Testing: csp_id=511, page_id=10200, browser=Firefox
Testing: csp_id=511, page_id=10300, browser=Firefox
Testing: csp_id=511, page_id=10400, browser=Firefox
Testing: csp_id=511, page_id=10500, browser=Firefox
Testing: csp_id=511, page_id=10600, browser=Firefox
Testing: csp_id=511, page_id=10700, browser=Firefox
Testing: csp_id=511, page_id=10800, browser=Firefox
Testing: csp_id=511, page_id=10900, browser=Firefox
Testing: csp_id=511, page_id=11000, browser=Firefox
Testing: csp_id=511, page_id=11100, browser=Firefox
Testing: csp_id=511, page_id=11200, browser=Firefox
Testing: csp_id=511, page_id=11300, browser=Firefox
Testing: csp_id=511, page_id=11400, browser=Firefox
Testing: csp_id=511, page_id=11500, browser=Firefox
Testing: csp_id=511, page_id=11600, browser=Firefox
Testing: csp_id=511, page_id=11700, browser=Firefox
Testing: csp_id=511, page_id=11800, browser=Firefox
Testing: csp_id=511, page_id=11900, browser=Firefox
Testing: csp_id=511, page_id=12000, browser=Firefox
Testing: csp_id=511, page_id=12100, browser=Firefox
Testing: csp_id=511, page_id=12200, browser=Firefox
Testing: csp_id=511, page_id=12300, browser=Firefox
Testing: csp_id=511, page_id=12400, browser=Firefox
Testing: csp_id=511, page_id=12500, browser=Firefox
Testing: csp_id=511, page_id=12600, browser=Firefox
Testing: csp_id=511, page_id=12700, browser=Firefox
Testing: csp_id=511, page_id=12800, browser=Firefox
Testing: csp_id=511, page_id=12900, browser=Firefox
Testing: csp_id=511, page_id=13000, browser=Firefox
Testing: csp_id=511, page_id=13100, browser=Firefox
Testing: csp_id=511, page_id=13200, browser=Firefox
Testing: csp_id=511, page_id=13300, browser=Firefox
Testing: csp_id=511, page_id=13400, browser=Firefox
Testing: csp_id=511, page_id=13500, browser=Firefox
Testing: csp_id=511, page_id=13600, browser=Firefox
Testing: csp_id=511, page_id=13700, browser=Firefox
Testing: csp_id=511, page_id=13800, browser=Firefox
Testing: csp_id=511, page_id=13900, browser=Firefox
Testing: csp_id=511, page_id=14000, browser=Firefox
Testing: csp_id=511, page_id=14100, browser=Firefox
Testing: csp_id=511, page_id=14200, browser=Firefox
Testing: csp_id=511, page_id=14300, browser=Firefox
Testing: csp_id=511, page_id=14400, browser=Firefox
Testing: csp_id=511, page_id=14500, browser=Firefox
Testing: csp_id=511, page_id=14600, browser=Firefox
Testing: csp_id=511, page_id=14700, browser=Firefox
Testing: csp_id=511, page_id=14800, browser=Firefox
Testing: csp_id=511, page_id=14900, browser=Firefox
Testing: csp_id=511, page_id=15000, browser=Firefox
Testing: csp_id=511, page_id=15100, browser=Firefox
Testing: csp_id=511, page_id=15200, browser=Firefox
Testing: csp_id=511, page_id=15300, browser=Firefox
Testing: csp_id=511, page_id=15400, browser=Firefox
Testing: csp_id=511, page_id=15500, browser=Firefox
Testing: csp_id=511, page_id=15600, browser=Firefox
Testing: csp_id=511, page_id=15700, browser=Firefox
Testing: csp_id=511, page_id=15800, browser=Firefox
Testing: csp_id=511, page_id=15900, browser=Firefox
Testing: csp_id=511, page_id=16000, browser=Firefox
Testing: csp_id=511, page_id=16100, browser=Firefox
Testing: csp_id=511, page_id=16200, browser=Firefox
Testing: csp_id=511, page_id=16300, browser=Firefox
Testing: csp_id=511, page_id=16400, browser=Firefox
Testing: csp_id=511, page_id=16500, browser=Firefox
Testing: csp_id=511, page_id=16600, browser=Firefox
Testing: csp_id=511, page_id=16700, browser=Firefox
Testing: csp_id=511, page_id=16800, browser=Firefox
Testing: csp_id=511, page_id=16900, browser=Firefox
Testing: csp_id=511, page_id=17000, browser=Firefox
Testing: csp_id=511, page_id=17100, browser=Firefox
Testing: csp_id=511, page_id=17200, browser=Firefox
Testing: csp_id=511, page_id=17300, browser=Firefox
Testing: csp_id=511, page_id=17400, browser=Firefox
Testing: csp_id=511, page_id=17500, browser=Firefox
Testing: csp_id=511, page_id=17600, browser=Firefox
Testing: csp_id=511, page_id=17700, browser=Firefox
Testing: csp_id=511, page_id=17800, browser=Firefox
Testing: csp_id=511, page_id=17900, browser=Firefox
Testing: csp_id=511, page_id=18000, browser=Firefox
Testing: csp_id=511, page_id=18100, browser=Firefox
Testing: csp_id=511, page_id=18200, browser=Firefox
Testing: csp_id=511, page_id=18300, browser=Firefox
Testing: csp_id=511, page_id=18400, browser=Firefox
Testing: csp_id=511, page_id=18500, browser=Firefox
Testing: csp_id=511, page_id=18600, browser=Firefox
Testing: csp_id=511, page_id=18700, browser=Firefox
Testing: csp_id=511, page_id=18800, browser=Firefox
Testing: csp_id=511, page_id=18900, browser=Firefox
Testing: csp_id=511, page_id=19000, browser=Firefox
Testing: csp_id=511, page_id=19100, browser=Firefox
Testing: csp_id=511, page_id=19200, browser=Firefox
Testing: csp_id=511, page_id=19300, browser=Firefox
Testing: csp_id=511, page_id=19400, browser=Firefox
Testing: csp_id=511, page_id=19500, browser=Firefox
Testing: csp_id=511, page_id=19600, browser=Firefox
Testing: csp_id=511, page_id=19700, browser=Firefox
Testing: csp_id=511, page_id=19800, browser=Firefox
Testing: csp_id=511, page_id=19900, browser=Firefox
Testing: csp_id=511, page_id=20000, browser=Firefox
Testing: csp_id=511, page_id=20100, browser=Firefox
Testing: csp_id=511, page_id=20200, browser=Firefox
Testing: csp_id=511, page_id=20300, browser=Firefox
Testing: csp_id=511, page_id=20400, browser=Firefox
Testing: csp_id=511, page_id=20500, browser=Firefox
Testing: csp_id=511, page_id=20600, browser=Firefox
Testing: csp_id=511, page_id=20700, browser=Firefox
Testing: csp_id=511, page_id=20800, browser=Firefox
Testing: csp_id=511, page_id=20900, browser=Firefox
Testing: csp_id=511, page_id=21000, browser=Firefox
Testing: csp_id=511, page_id=21100, browser=Firefox
Testing: csp_id=511, page_id=21200, browser=Firefox
Testing: csp_id=511, page_id=21300, browser=Firefox
Testing: csp_id=511, page_id=21400, browser=Firefox
Testing: csp_id=511, page_id=21500, browser=Firefox
Testing: csp_id=511, page_id=21600, browser=Firefox
Testing: csp_id=511, page_id=21700, browser=Firefox
Testing: csp_id=511, page_id=21800, browser=Firefox
Testing: csp_id=511, page_id=21900, browser=Firefox
Testing: csp_id=511, page_id=22000, browser=Firefox
Testing: csp_id=511, page_id=22100, browser=Firefox
Testing: csp_id=511, page_id=22200, browser=Firefox
Testing: csp_id=511, page_id=22300, browser=Firefox
Testing: csp_id=511, page_id=22400, browser=Firefox
Testing: csp_id=511, page_id=22500, browser=Firefox
Testing: csp_id=511, page_id=22600, browser=Firefox
Testing: csp_id=511, page_id=22700, browser=Firefox
Testing: csp_id=511, page_id=22800, browser=Firefox
Testing: csp_id=511, page_id=22900, browser=Firefox
Testing: csp_id=511, page_id=23000, browser=Firefox
Testing: csp_id=511, page_id=23100, browser=Firefox
Testing: csp_id=511, page_id=23200, browser=Firefox
Testing: csp_id=511, page_id=23300, browser=Firefox
Testing: csp_id=511, page_id=23400, browser=Firefox
Testing: csp_id=511, page_id=23500, browser=Firefox
Testing: csp_id=511, page_id=23600, browser=Firefox
Testing: csp_id=511, page_id=23700, browser=Firefox
Testing: csp_id=511, page_id=23800, browser=Firefox
Testing: csp_id=511, page_id=23900, browser=Firefox
Testing: csp_id=511, page_id=24000, browser=Firefox
Testing: csp_id=511, page_id=24100, browser=Firefox
Testing: csp_id=511, page_id=24200, browser=Firefox
Testing: csp_id=511, page_id=24300, browser=Firefox
Testing: csp_id=511, page_id=24400, browser=Firefox
Testing: csp_id=511, page_id=24500, browser=Firefox
Testing: csp_id=511, page_id=24600, browser=Firefox
Testing: csp_id=511, page_id=24700, browser=Firefox
Testing: csp_id=511, page_id=24800, browser=Firefox
Testing: csp_id=511, page_id=24900, browser=Firefox
Testing: csp_id=511, page_id=25000, browser=Firefox
Testing: csp_id=511, page_id=25100, browser=Firefox
Testing: csp_id=511, page_id=25200, browser=Firefox
Testing: csp_id=511, page_id=25300, browser=Firefox
Testing: csp_id=511, page_id=25400, browser=Firefox
Testing: csp_id=511, page_id=25500, browser=Firefox
Testing: csp_id=511, page_id=25600, browser=Firefox
Testing: csp_id=511, page_id=25700, browser=Firefox
Testing: csp_id=511, page_id=25800, browser=Firefox
Testing: csp_id=511, page_id=25900, browser=Firefox
Testing: csp_id=511, page_id=26000, browser=Firefox
Testing: csp_id=511, page_id=26100, browser=Firefox
Testing: csp_id=511, page_id=26200, browser=Firefox
Testing: csp_id=511, page_id=26300, browser=Firefox
Testing: csp_id=511, page_id=26400, browser=Firefox
Testing: csp_id=511, page_id=26500, browser=Firefox
Testing: csp_id=511, page_id=26600, browser=Firefox
Testing: csp_id=511, page_id=26700, browser=Firefox
Testing: csp_id=511, page_id=26800, browser=Firefox
Testing: csp_id=511, page_id=26900, browser=Firefox
Testing: csp_id=511, page_id=27000, browser=Firefox
Testing: csp_id=511, page_id=27100, browser=Firefox
Testing: csp_id=511, page_id=27200, browser=Firefox
Testing: csp_id=511, page_id=27300, browser=Firefox
Testing: csp_id=511, page_id=27400, browser=Firefox
Testing: csp_id=511, page_id=27500, browser=Firefox
Testing: csp_id=511, page_id=27600, browser=Firefox
Testing: csp_id=511, page_id=27700, browser=Firefox
Testing: csp_id=511, page_id=27800, browser=Firefox
Testing: csp_id=511, page_id=27900, browser=Firefox
Testing: csp_id=511, page_id=28000, browser=Firefox
Testing: csp_id=511, page_id=28100, browser=Firefox
Testing: csp_id=511, page_id=28200, browser=Firefox
Testing: csp_id=511, page_id=28300, browser=Firefox
Testing: csp_id=511, page_id=28400, browser=Firefox
Testing: csp_id=511, page_id=28500, browser=Firefox
Testing: csp_id=511, page_id=28600, browser=Firefox
Testing: csp_id=511, page_id=28700, browser=Firefox
Testing: csp_id=511, page_id=28800, browser=Firefox
Testing: csp_id=511, page_id=28900, browser=Firefox
Testing: csp_id=511, page_id=29000, browser=Firefox
Testing: csp_id=511, page_id=29100, browser=Firefox
Testing: csp_id=511, page_id=29200, browser=Firefox
Testing: csp_id=511, page_id=29300, browser=Firefox
Testing: csp_id=511, page_id=29400, browser=Firefox
Testing: csp_id=511, page_id=29500, browser=Firefox
Testing: csp_id=511, page_id=29600, browser=Firefox
Testing: csp_id=511, page_id=29700, browser=Firefox
Testing: csp_id=511, page_id=29800, browser=Firefox
🏊 create_context_pools[first] (5x16): 30.954s
Testing: csp_id=522, page_id=0, browser=Firefox
Testing: csp_id=522, page_id=100, browser=Firefox
Testing: csp_id=522, page_id=200, browser=Firefox
Testing: csp_id=522, page_id=300, browser=Firefox
Testing: csp_id=522, page_id=400, browser=Firefox
Testing: csp_id=522, page_id=500, browser=Firefox
Testing: csp_id=522, page_id=600, browser=Firefox
Testing: csp_id=522, page_id=700, browser=Firefox
Testing: csp_id=522, page_id=800, browser=Firefox
Testing: csp_id=522, page_id=900, browser=Firefox
Testing: csp_id=522, page_id=1000, browser=Firefox
Testing: csp_id=522, page_id=1100, browser=Firefox
Testing: csp_id=522, page_id=1200, browser=Firefox
Testing: csp_id=522, page_id=1300, browser=Firefox
Testing: csp_id=522, page_id=1400, browser=Firefox
Testing: csp_id=522, page_id=1500, browser=Firefox
Testing: csp_id=522, page_id=1600, browser=Firefox
Testing: csp_id=522, page_id=1700, browser=Firefox
Testing: csp_id=522, page_id=1800, browser=Firefox
Testing: csp_id=522, page_id=1900, browser=Firefox
Testing: csp_id=522, page_id=2000, browser=Firefox
Testing: csp_id=522, page_id=2100, browser=Firefox
Testing: csp_id=522, page_id=2200, browser=Firefox
Testing: csp_id=522, page_id=2300, browser=Firefox
Testing: csp_id=522, page_id=2400, browser=Firefox
Testing: csp_id=522, page_id=2500, browser=Firefox
Testing: csp_id=522, page_id=2600, browser=Firefox
Testing: csp_id=522, page_id=2700, browser=Firefox
Testing: csp_id=522, page_id=2800, browser=Firefox
Testing: csp_id=522, page_id=2900, browser=Firefox
Testing: csp_id=522, page_id=3000, browser=Firefox
Testing: csp_id=522, page_id=3100, browser=Firefox
Testing: csp_id=522, page_id=3200, browser=Firefox
Testing: csp_id=522, page_id=3300, browser=Firefox
Testing: csp_id=522, page_id=3400, browser=Firefox
Testing: csp_id=522, page_id=3500, browser=Firefox
Testing: csp_id=522, page_id=3600, browser=Firefox
Testing: csp_id=522, page_id=3700, browser=Firefox
Testing: csp_id=522, page_id=3800, browser=Firefox
Testing: csp_id=522, page_id=3900, browser=Firefox
Testing: csp_id=522, page_id=4000, browser=Firefox
Testing: csp_id=522, page_id=4100, browser=Firefox
Testing: csp_id=522, page_id=4200, browser=Firefox
Testing: csp_id=522, page_id=4300, browser=Firefox
Testing: csp_id=522, page_id=4400, browser=Firefox
Testing: csp_id=522, page_id=4500, browser=Firefox
Testing: csp_id=522, page_id=4600, browser=Firefox
Testing: csp_id=522, page_id=4700, browser=Firefox
Testing: csp_id=522, page_id=4800, browser=Firefox
Testing: csp_id=522, page_id=4900, browser=Firefox
Testing: csp_id=522, page_id=5000, browser=Firefox
Testing: csp_id=522, page_id=5100, browser=Firefox
Testing: csp_id=522, page_id=5200, browser=Firefox
Testing: csp_id=522, page_id=5300, browser=Firefox
Testing: csp_id=522, page_id=5400, browser=Firefox
Testing: csp_id=522, page_id=5500, browser=Firefox
Testing: csp_id=522, page_id=5600, browser=Firefox
Testing: csp_id=522, page_id=5700, browser=Firefox
Testing: csp_id=522, page_id=5800, browser=Firefox
Testing: csp_id=522, page_id=5900, browser=Firefox
Testing: csp_id=522, page_id=6000, browser=Firefox
Testing: csp_id=522, page_id=6100, browser=Firefox
Testing: csp_id=522, page_id=6200, browser=Firefox
Testing: csp_id=522, page_id=6300, browser=Firefox
Testing: csp_id=522, page_id=6400, browser=Firefox
Testing: csp_id=522, page_id=6500, browser=Firefox
Testing: csp_id=522, page_id=6600, browser=Firefox
Testing: csp_id=522, page_id=6700, browser=Firefox
Testing: csp_id=522, page_id=6800, browser=Firefox
Testing: csp_id=522, page_id=6900, browser=Firefox
Testing: csp_id=522, page_id=7000, browser=Firefox
Testing: csp_id=522, page_id=7100, browser=Firefox
Testing: csp_id=522, page_id=7200, browser=Firefox
Testing: csp_id=522, page_id=7300, browser=Firefox
Testing: csp_id=522, page_id=7400, browser=Firefox
Testing: csp_id=522, page_id=7500, browser=Firefox
Testing: csp_id=522, page_id=7600, browser=Firefox
Testing: csp_id=522, page_id=7700, browser=Firefox
Testing: csp_id=522, page_id=7800, browser=Firefox
Testing: csp_id=522, page_id=7900, browser=Firefox
Testing: csp_id=522, page_id=8000, browser=Firefox
Testing: csp_id=522, page_id=8100, browser=Firefox
Testing: csp_id=522, page_id=8200, browser=Firefox
Testing: csp_id=522, page_id=8300, browser=Firefox
Testing: csp_id=522, page_id=8400, browser=Firefox
Testing: csp_id=522, page_id=8500, browser=Firefox
Testing: csp_id=522, page_id=8600, browser=Firefox
Testing: csp_id=522, page_id=8700, browser=Firefox
Testing: csp_id=522, page_id=8800, browser=Firefox
Testing: csp_id=522, page_id=8900, browser=Firefox
Testing: csp_id=522, page_id=9000, browser=Firefox
Testing: csp_id=522, page_id=9100, browser=Firefox
Testing: csp_id=522, page_id=9200, browser=Firefox
Testing: csp_id=522, page_id=9300, browser=Firefox
Testing: csp_id=522, page_id=9400, browser=Firefox
Testing: csp_id=522, page_id=9500, browser=Firefox
Testing: csp_id=522, page_id=9600, browser=Firefox
Testing: csp_id=522, page_id=9700, browser=Firefox
Testing: csp_id=522, page_id=9800, browser=Firefox
Testing: csp_id=522, page_id=9900, browser=Firefox
Testing: csp_id=522, page_id=10000, browser=Firefox
Testing: csp_id=522, page_id=10100, browser=Firefox
Testing: csp_id=522, page_id=10200, browser=Firefox
Testing: csp_id=522, page_id=10300, browser=Firefox
Testing: csp_id=522, page_id=10400, browser=Firefox
Testing: csp_id=522, page_id=10500, browser=Firefox
Testing: csp_id=522, page_id=10600, browser=Firefox
Testing: csp_id=522, page_id=10700, browser=Firefox
Testing: csp_id=522, page_id=10800, browser=Firefox
Testing: csp_id=522, page_id=10900, browser=Firefox
Testing: csp_id=522, page_id=11000, browser=Firefox
Testing: csp_id=522, page_id=11100, browser=Firefox
Testing: csp_id=522, page_id=11200, browser=Firefox
Testing: csp_id=522, page_id=11300, browser=Firefox
Testing: csp_id=522, page_id=11400, browser=Firefox
Testing: csp_id=522, page_id=11500, browser=Firefox
Testing: csp_id=522, page_id=11600, browser=Firefox
Testing: csp_id=522, page_id=11700, browser=Firefox
Testing: csp_id=522, page_id=11800, browser=Firefox
Testing: csp_id=522, page_id=11900, browser=Firefox
Testing: csp_id=522, page_id=12000, browser=Firefox
Testing: csp_id=522, page_id=12100, browser=Firefox
Testing: csp_id=522, page_id=12200, browser=Firefox
Testing: csp_id=522, page_id=12300, browser=Firefox
Testing: csp_id=522, page_id=12400, browser=Firefox
Testing: csp_id=522, page_id=12500, browser=Firefox
Testing: csp_id=522, page_id=12600, browser=Firefox
Testing: csp_id=522, page_id=12700, browser=Firefox
Testing: csp_id=522, page_id=12800, browser=Firefox
Testing: csp_id=522, page_id=12900, browser=Firefox
Testing: csp_id=522, page_id=13000, browser=Firefox
Testing: csp_id=522, page_id=13100, browser=Firefox
Testing: csp_id=522, page_id=13200, browser=Firefox
Testing: csp_id=522, page_id=13300, browser=Firefox
Testing: csp_id=522, page_id=13400, browser=Firefox
Testing: csp_id=522, page_id=13500, browser=Firefox
Testing: csp_id=522, page_id=13600, browser=Firefox
Testing: csp_id=522, page_id=13700, browser=Firefox
Testing: csp_id=522, page_id=13800, browser=Firefox
Testing: csp_id=522, page_id=13900, browser=Firefox
Testing: csp_id=522, page_id=14000, browser=Firefox
Testing: csp_id=522, page_id=14100, browser=Firefox
Testing: csp_id=522, page_id=14200, browser=Firefox
Testing: csp_id=522, page_id=14300, browser=Firefox
Testing: csp_id=522, page_id=14400, browser=Firefox
Testing: csp_id=522, page_id=14500, browser=Firefox
Testing: csp_id=522, page_id=14600, browser=Firefox
Testing: csp_id=522, page_id=14700, browser=Firefox
Testing: csp_id=522, page_id=14800, browser=Firefox
Testing: csp_id=522, page_id=14900, browser=Firefox
Testing: csp_id=522, page_id=15000, browser=Firefox
Testing: csp_id=522, page_id=15100, browser=Firefox
Testing: csp_id=522, page_id=15200, browser=Firefox
Testing: csp_id=522, page_id=15300, browser=Firefox
Testing: csp_id=522, page_id=15400, browser=Firefox
Testing: csp_id=522, page_id=15500, browser=Firefox
Testing: csp_id=522, page_id=15600, browser=Firefox
Testing: csp_id=522, page_id=15700, browser=Firefox
Testing: csp_id=522, page_id=15800, browser=Firefox
Testing: csp_id=522, page_id=15900, browser=Firefox
Testing: csp_id=522, page_id=16000, browser=Firefox
Testing: csp_id=522, page_id=16100, browser=Firefox
Testing: csp_id=522, page_id=16200, browser=Firefox
Testing: csp_id=522, page_id=16300, browser=Firefox
Testing: csp_id=522, page_id=16400, browser=Firefox
Testing: csp_id=522, page_id=16500, browser=Firefox
Testing: csp_id=522, page_id=16600, browser=Firefox
Testing: csp_id=522, page_id=16700, browser=Firefox
Testing: csp_id=522, page_id=16800, browser=Firefox
Testing: csp_id=522, page_id=16900, browser=Firefox
Testing: csp_id=522, page_id=17000, browser=Firefox
Testing: csp_id=522, page_id=17100, browser=Firefox
Testing: csp_id=522, page_id=17200, browser=Firefox
Testing: csp_id=522, page_id=17300, browser=Firefox
Testing: csp_id=522, page_id=17400, browser=Firefox
Testing: csp_id=522, page_id=17500, browser=Firefox
Testing: csp_id=522, page_id=17600, browser=Firefox
Testing: csp_id=522, page_id=17700, browser=Firefox
Testing: csp_id=522, page_id=17800, browser=Firefox
Testing: csp_id=522, page_id=17900, browser=Firefox
Testing: csp_id=522, page_id=18000, browser=Firefox
Testing: csp_id=522, page_id=18100, browser=Firefox
Testing: csp_id=522, page_id=18200, browser=Firefox
Testing: csp_id=522, page_id=18300, browser=Firefox
Testing: csp_id=522, page_id=18400, browser=Firefox
Testing: csp_id=522, page_id=18500, browser=Firefox
Testing: csp_id=522, page_id=18600, browser=Firefox
Testing: csp_id=522, page_id=18700, browser=Firefox
Testing: csp_id=522, page_id=18800, browser=Firefox
Testing: csp_id=522, page_id=18900, browser=Firefox
Testing: csp_id=522, page_id=19000, browser=Firefox
Testing: csp_id=522, page_id=19100, browser=Firefox
Testing: csp_id=522, page_id=19200, browser=Firefox
Testing: csp_id=522, page_id=19300, browser=Firefox
Testing: csp_id=522, page_id=19400, browser=Firefox
Testing: csp_id=522, page_id=19500, browser=Firefox
Testing: csp_id=522, page_id=19600, browser=Firefox
Testing: csp_id=522, page_id=19700, browser=Firefox
Testing: csp_id=522, page_id=19800, browser=Firefox
Testing: csp_id=522, page_id=19900, browser=Firefox
Testing: csp_id=522, page_id=20000, browser=Firefox
Testing: csp_id=522, page_id=20100, browser=Firefox
Testing: csp_id=522, page_id=20200, browser=Firefox
Testing: csp_id=522, page_id=20300, browser=Firefox
Testing: csp_id=522, page_id=20400, browser=Firefox
Testing: csp_id=522, page_id=20500, browser=Firefox
Testing: csp_id=522, page_id=20600, browser=Firefox
Testing: csp_id=522, page_id=20700, browser=Firefox
Testing: csp_id=522, page_id=20800, browser=Firefox
Testing: csp_id=522, page_id=20900, browser=Firefox
Testing: csp_id=522, page_id=21000, browser=Firefox
Testing: csp_id=522, page_id=21100, browser=Firefox
Testing: csp_id=522, page_id=21200, browser=Firefox
Testing: csp_id=522, page_id=21300, browser=Firefox
Testing: csp_id=522, page_id=21400, browser=Firefox
Testing: csp_id=522, page_id=21500, browser=Firefox
Testing: csp_id=522, page_id=21600, browser=Firefox
Testing: csp_id=522, page_id=21700, browser=Firefox
Testing: csp_id=522, page_id=21800, browser=Firefox
Testing: csp_id=522, page_id=21900, browser=Firefox
Testing: csp_id=522, page_id=22000, browser=Firefox
Testing: csp_id=522, page_id=22100, browser=Firefox
Testing: csp_id=522, page_id=22200, browser=Firefox
Testing: csp_id=522, page_id=22300, browser=Firefox
Testing: csp_id=522, page_id=22400, browser=Firefox
Testing: csp_id=522, page_id=22500, browser=Firefox
Testing: csp_id=522, page_id=22600, browser=Firefox
Testing: csp_id=522, page_id=22700, browser=Firefox
Testing: csp_id=522, page_id=22800, browser=Firefox
Testing: csp_id=522, page_id=22900, browser=Firefox
Testing: csp_id=522, page_id=23000, browser=Firefox
Testing: csp_id=522, page_id=23100, browser=Firefox
Testing: csp_id=522, page_id=23200, browser=Firefox
Testing: csp_id=522, page_id=23300, browser=Firefox
Testing: csp_id=522, page_id=23400, browser=Firefox
Testing: csp_id=522, page_id=23500, browser=Firefox
Testing: csp_id=522, page_id=23600, browser=Firefox
Testing: csp_id=522, page_id=23700, browser=Firefox
Testing: csp_id=522, page_id=23800, browser=Firefox
Testing: csp_id=522, page_id=23900, browser=Firefox
Testing: csp_id=522, page_id=24000, browser=Firefox
Testing: csp_id=522, page_id=24100, browser=Firefox
Testing: csp_id=522, page_id=24200, browser=Firefox
Testing: csp_id=522, page_id=24300, browser=Firefox
Testing: csp_id=522, page_id=24400, browser=Firefox
Testing: csp_id=522, page_id=24500, browser=Firefox
Testing: csp_id=522, page_id=24600, browser=Firefox
Testing: csp_id=522, page_id=24700, browser=Firefox
Testing: csp_id=522, page_id=24800, browser=Firefox
Testing: csp_id=522, page_id=24900, browser=Firefox
Testing: csp_id=522, page_id=25000, browser=Firefox
Testing: csp_id=522, page_id=25100, browser=Firefox
Testing: csp_id=522, page_id=25200, browser=Firefox
Testing: csp_id=522, page_id=25300, browser=Firefox
Testing: csp_id=522, page_id=25400, browser=Firefox
Testing: csp_id=522, page_id=25500, browser=Firefox
Testing: csp_id=522, page_id=25600, browser=Firefox
Testing: csp_id=522, page_id=25700, browser=Firefox
Testing: csp_id=522, page_id=25800, browser=Firefox
Testing: csp_id=522, page_id=25900, browser=Firefox
Testing: csp_id=522, page_id=26000, browser=Firefox
Testing: csp_id=522, page_id=26100, browser=Firefox
Testing: csp_id=522, page_id=26200, browser=Firefox
Testing: csp_id=522, page_id=26300, browser=Firefox
Testing: csp_id=522, page_id=26400, browser=Firefox
Testing: csp_id=522, page_id=26500, browser=Firefox
Testing: csp_id=522, page_id=26600, browser=Firefox
Testing: csp_id=522, page_id=26700, browser=Firefox
Testing: csp_id=522, page_id=26800, browser=Firefox
Testing: csp_id=522, page_id=26900, browser=Firefox
Testing: csp_id=522, page_id=27000, browser=Firefox
Testing: csp_id=522, page_id=27100, browser=Firefox
Testing: csp_id=522, page_id=27200, browser=Firefox
Testing: csp_id=522, page_id=27300, browser=Firefox
Testing: csp_id=522, page_id=27400, browser=Firefox
Testing: csp_id=522, page_id=27500, browser=Firefox
Testing: csp_id=522, page_id=27600, browser=Firefox
Testing: csp_id=522, page_id=27700, browser=Firefox
Testing: csp_id=522, page_id=27800, browser=Firefox
Testing: csp_id=522, page_id=27900, browser=Firefox
Testing: csp_id=522, page_id=28000, browser=Firefox
Testing: csp_id=522, page_id=28100, browser=Firefox
Testing: csp_id=522, page_id=28200, browser=Firefox
Testing: csp_id=522, page_id=28300, browser=Firefox
Testing: csp_id=522, page_id=28400, browser=Firefox
Testing: csp_id=522, page_id=28500, browser=Firefox
Testing: csp_id=522, page_id=28600, browser=Firefox
Testing: csp_id=522, page_id=28700, browser=Firefox
Testing: csp_id=522, page_id=28800, browser=Firefox
Testing: csp_id=522, page_id=28900, browser=Firefox
Testing: csp_id=522, page_id=29000, browser=Firefox
Testing: csp_id=522, page_id=29100, browser=Firefox
Testing: csp_id=522, page_id=29200, browser=Firefox
Testing: csp_id=522, page_id=29300, browser=Firefox
Testing: csp_id=522, page_id=29400, browser=Firefox
Testing: csp_id=522, page_id=29500, browser=Firefox
Testing: csp_id=522, page_id=29600, browser=Firefox
Testing: csp_id=522, page_id=29700, browser=Firefox
Testing: csp_id=522, page_id=29800, browser=Firefox
🏊 create_context_pools[first] (5x16): 27.038s
Testing: csp_id=531, page_id=0, browser=Firefox
Testing: csp_id=531, page_id=100, browser=Firefox
Testing: csp_id=531, page_id=200, browser=Firefox
Testing: csp_id=531, page_id=300, browser=Firefox
Testing: csp_id=531, page_id=400, browser=Firefox
Testing: csp_id=531, page_id=500, browser=Firefox
Testing: csp_id=531, page_id=600, browser=Firefox
Testing: csp_id=531, page_id=700, browser=Firefox
Testing: csp_id=531, page_id=800, browser=Firefox
Testing: csp_id=531, page_id=900, browser=Firefox
Testing: csp_id=531, page_id=1000, browser=Firefox
Testing: csp_id=531, page_id=1100, browser=Firefox
Testing: csp_id=531, page_id=1200, browser=Firefox
Testing: csp_id=531, page_id=1300, browser=Firefox
Testing: csp_id=531, page_id=1400, browser=Firefox
Testing: csp_id=531, page_id=1500, browser=Firefox
Testing: csp_id=531, page_id=1600, browser=Firefox
Testing: csp_id=531, page_id=1700, browser=Firefox
Testing: csp_id=531, page_id=1800, browser=Firefox
Testing: csp_id=531, page_id=1900, browser=Firefox
Testing: csp_id=531, page_id=2000, browser=Firefox
Testing: csp_id=531, page_id=2100, browser=Firefox
Testing: csp_id=531, page_id=2200, browser=Firefox
Testing: csp_id=531, page_id=2300, browser=Firefox
Testing: csp_id=531, page_id=2400, browser=Firefox
Testing: csp_id=531, page_id=2500, browser=Firefox
Testing: csp_id=531, page_id=2600, browser=Firefox
Testing: csp_id=531, page_id=2700, browser=Firefox
Testing: csp_id=531, page_id=2800, browser=Firefox
Testing: csp_id=531, page_id=2900, browser=Firefox
Testing: csp_id=531, page_id=3000, browser=Firefox
Testing: csp_id=531, page_id=3100, browser=Firefox
Testing: csp_id=531, page_id=3200, browser=Firefox
Testing: csp_id=531, page_id=3300, browser=Firefox
Testing: csp_id=531, page_id=3400, browser=Firefox
Testing: csp_id=531, page_id=3500, browser=Firefox
Testing: csp_id=531, page_id=3600, browser=Firefox
Testing: csp_id=531, page_id=3700, browser=Firefox
Testing: csp_id=531, page_id=3800, browser=Firefox
Testing: csp_id=531, page_id=3900, browser=Firefox
Testing: csp_id=531, page_id=4000, browser=Firefox
Testing: csp_id=531, page_id=4100, browser=Firefox
Testing: csp_id=531, page_id=4200, browser=Firefox
Testing: csp_id=531, page_id=4300, browser=Firefox
Testing: csp_id=531, page_id=4400, browser=Firefox
Testing: csp_id=531, page_id=4500, browser=Firefox
Testing: csp_id=531, page_id=4600, browser=Firefox
Testing: csp_id=531, page_id=4700, browser=Firefox
Testing: csp_id=531, page_id=4800, browser=Firefox
Testing: csp_id=531, page_id=4900, browser=Firefox
Testing: csp_id=531, page_id=5000, browser=Firefox
Testing: csp_id=531, page_id=5100, browser=Firefox
Testing: csp_id=531, page_id=5200, browser=Firefox
Testing: csp_id=531, page_id=5300, browser=Firefox
Testing: csp_id=531, page_id=5400, browser=Firefox
Testing: csp_id=531, page_id=5500, browser=Firefox
Testing: csp_id=531, page_id=5600, browser=Firefox
Testing: csp_id=531, page_id=5700, browser=Firefox
Testing: csp_id=531, page_id=5800, browser=Firefox
Testing: csp_id=531, page_id=5900, browser=Firefox
Testing: csp_id=531, page_id=6000, browser=Firefox
Testing: csp_id=531, page_id=6100, browser=Firefox
Testing: csp_id=531, page_id=6200, browser=Firefox
Testing: csp_id=531, page_id=6300, browser=Firefox
Testing: csp_id=531, page_id=6400, browser=Firefox
Testing: csp_id=531, page_id=6500, browser=Firefox
Testing: csp_id=531, page_id=6600, browser=Firefox
Testing: csp_id=531, page_id=6700, browser=Firefox
Testing: csp_id=531, page_id=6800, browser=Firefox
Testing: csp_id=531, page_id=6900, browser=Firefox
Testing: csp_id=531, page_id=7000, browser=Firefox
Testing: csp_id=531, page_id=7100, browser=Firefox
Testing: csp_id=531, page_id=7200, browser=Firefox
Testing: csp_id=531, page_id=7300, browser=Firefox
Testing: csp_id=531, page_id=7400, browser=Firefox
Testing: csp_id=531, page_id=7500, browser=Firefox
Testing: csp_id=531, page_id=7600, browser=Firefox
Testing: csp_id=531, page_id=7700, browser=Firefox
Testing: csp_id=531, page_id=7800, browser=Firefox
Testing: csp_id=531, page_id=7900, browser=Firefox
Testing: csp_id=531, page_id=8000, browser=Firefox
Testing: csp_id=531, page_id=8100, browser=Firefox
Testing: csp_id=531, page_id=8200, browser=Firefox
Testing: csp_id=531, page_id=8300, browser=Firefox
Testing: csp_id=531, page_id=8400, browser=Firefox
Testing: csp_id=531, page_id=8500, browser=Firefox
Testing: csp_id=531, page_id=8600, browser=Firefox
Testing: csp_id=531, page_id=8700, browser=Firefox
Testing: csp_id=531, page_id=8800, browser=Firefox
Testing: csp_id=531, page_id=8900, browser=Firefox
Testing: csp_id=531, page_id=9000, browser=Firefox
Testing: csp_id=531, page_id=9100, browser=Firefox
Testing: csp_id=531, page_id=9200, browser=Firefox
Testing: csp_id=531, page_id=9300, browser=Firefox
Testing: csp_id=531, page_id=9400, browser=Firefox
Testing: csp_id=531, page_id=9500, browser=Firefox
Testing: csp_id=531, page_id=9600, browser=Firefox
Testing: csp_id=531, page_id=9700, browser=Firefox
Testing: csp_id=531, page_id=9800, browser=Firefox
Testing: csp_id=531, page_id=9900, browser=Firefox
Testing: csp_id=531, page_id=10000, browser=Firefox
Testing: csp_id=531, page_id=10100, browser=Firefox
Testing: csp_id=531, page_id=10200, browser=Firefox
Testing: csp_id=531, page_id=10300, browser=Firefox
Testing: csp_id=531, page_id=10400, browser=Firefox
Testing: csp_id=531, page_id=10500, browser=Firefox
Testing: csp_id=531, page_id=10600, browser=Firefox
Testing: csp_id=531, page_id=10700, browser=Firefox
Testing: csp_id=531, page_id=10800, browser=Firefox
Testing: csp_id=531, page_id=10900, browser=Firefox
Testing: csp_id=531, page_id=11000, browser=Firefox
Testing: csp_id=531, page_id=11100, browser=Firefox
Testing: csp_id=531, page_id=11200, browser=Firefox
Testing: csp_id=531, page_id=11300, browser=Firefox
Testing: csp_id=531, page_id=11400, browser=Firefox
Testing: csp_id=531, page_id=11500, browser=Firefox
Testing: csp_id=531, page_id=11600, browser=Firefox
Testing: csp_id=531, page_id=11700, browser=Firefox
Testing: csp_id=531, page_id=11800, browser=Firefox
Testing: csp_id=531, page_id=11900, browser=Firefox
Testing: csp_id=531, page_id=12000, browser=Firefox
Testing: csp_id=531, page_id=12100, browser=Firefox
Testing: csp_id=531, page_id=12200, browser=Firefox
Testing: csp_id=531, page_id=12300, browser=Firefox
Testing: csp_id=531, page_id=12400, browser=Firefox
Testing: csp_id=531, page_id=12500, browser=Firefox
Testing: csp_id=531, page_id=12600, browser=Firefox
Testing: csp_id=531, page_id=12700, browser=Firefox
Testing: csp_id=531, page_id=12800, browser=Firefox
Testing: csp_id=531, page_id=12900, browser=Firefox
Testing: csp_id=531, page_id=13000, browser=Firefox
Testing: csp_id=531, page_id=13100, browser=Firefox
Testing: csp_id=531, page_id=13200, browser=Firefox
Testing: csp_id=531, page_id=13300, browser=Firefox
Testing: csp_id=531, page_id=13400, browser=Firefox
Testing: csp_id=531, page_id=13500, browser=Firefox
Testing: csp_id=531, page_id=13600, browser=Firefox
Testing: csp_id=531, page_id=13700, browser=Firefox
Testing: csp_id=531, page_id=13800, browser=Firefox
Testing: csp_id=531, page_id=13900, browser=Firefox
Testing: csp_id=531, page_id=14000, browser=Firefox
Testing: csp_id=531, page_id=14100, browser=Firefox
Testing: csp_id=531, page_id=14200, browser=Firefox
Testing: csp_id=531, page_id=14300, browser=Firefox
Testing: csp_id=531, page_id=14400, browser=Firefox
Testing: csp_id=531, page_id=14500, browser=Firefox
Testing: csp_id=531, page_id=14600, browser=Firefox
Testing: csp_id=531, page_id=14700, browser=Firefox
Testing: csp_id=531, page_id=14800, browser=Firefox
Testing: csp_id=531, page_id=14900, browser=Firefox
Testing: csp_id=531, page_id=15000, browser=Firefox
Testing: csp_id=531, page_id=15100, browser=Firefox
Testing: csp_id=531, page_id=15200, browser=Firefox
Testing: csp_id=531, page_id=15300, browser=Firefox
Testing: csp_id=531, page_id=15400, browser=Firefox
Testing: csp_id=531, page_id=15500, browser=Firefox
Testing: csp_id=531, page_id=15600, browser=Firefox
Testing: csp_id=531, page_id=15700, browser=Firefox
Testing: csp_id=531, page_id=15800, browser=Firefox
Testing: csp_id=531, page_id=15900, browser=Firefox
Testing: csp_id=531, page_id=16000, browser=Firefox
Testing: csp_id=531, page_id=16100, browser=Firefox
Testing: csp_id=531, page_id=16200, browser=Firefox
Testing: csp_id=531, page_id=16300, browser=Firefox
Testing: csp_id=531, page_id=16400, browser=Firefox
Testing: csp_id=531, page_id=16500, browser=Firefox
Testing: csp_id=531, page_id=16600, browser=Firefox
Testing: csp_id=531, page_id=16700, browser=Firefox
Testing: csp_id=531, page_id=16800, browser=Firefox
Testing: csp_id=531, page_id=16900, browser=Firefox
Testing: csp_id=531, page_id=17000, browser=Firefox
Testing: csp_id=531, page_id=17100, browser=Firefox
Testing: csp_id=531, page_id=17200, browser=Firefox
Testing: csp_id=531, page_id=17300, browser=Firefox
Testing: csp_id=531, page_id=17400, browser=Firefox
Testing: csp_id=531, page_id=17500, browser=Firefox
Testing: csp_id=531, page_id=17600, browser=Firefox
Testing: csp_id=531, page_id=17700, browser=Firefox
Testing: csp_id=531, page_id=17800, browser=Firefox
Testing: csp_id=531, page_id=17900, browser=Firefox
Testing: csp_id=531, page_id=18000, browser=Firefox
Testing: csp_id=531, page_id=18100, browser=Firefox
Testing: csp_id=531, page_id=18200, browser=Firefox
Testing: csp_id=531, page_id=18300, browser=Firefox
Testing: csp_id=531, page_id=18400, browser=Firefox
Testing: csp_id=531, page_id=18500, browser=Firefox
Testing: csp_id=531, page_id=18600, browser=Firefox
Testing: csp_id=531, page_id=18700, browser=Firefox
Testing: csp_id=531, page_id=18800, browser=Firefox
Testing: csp_id=531, page_id=18900, browser=Firefox
Testing: csp_id=531, page_id=19000, browser=Firefox
Testing: csp_id=531, page_id=19100, browser=Firefox
Testing: csp_id=531, page_id=19200, browser=Firefox
Testing: csp_id=531, page_id=19300, browser=Firefox
Testing: csp_id=531, page_id=19400, browser=Firefox
Testing: csp_id=531, page_id=19500, browser=Firefox
Testing: csp_id=531, page_id=19600, browser=Firefox
Testing: csp_id=531, page_id=19700, browser=Firefox
Testing: csp_id=531, page_id=19800, browser=Firefox
Testing: csp_id=531, page_id=19900, browser=Firefox
Testing: csp_id=531, page_id=20000, browser=Firefox
Testing: csp_id=531, page_id=20100, browser=Firefox
Testing: csp_id=531, page_id=20200, browser=Firefox
Testing: csp_id=531, page_id=20300, browser=Firefox
Testing: csp_id=531, page_id=20400, browser=Firefox
Testing: csp_id=531, page_id=20500, browser=Firefox
Testing: csp_id=531, page_id=20600, browser=Firefox
Testing: csp_id=531, page_id=20700, browser=Firefox
Testing: csp_id=531, page_id=20800, browser=Firefox
Testing: csp_id=531, page_id=20900, browser=Firefox
Testing: csp_id=531, page_id=21000, browser=Firefox
Testing: csp_id=531, page_id=21100, browser=Firefox
Testing: csp_id=531, page_id=21200, browser=Firefox
Testing: csp_id=531, page_id=21300, browser=Firefox
Testing: csp_id=531, page_id=21400, browser=Firefox
Testing: csp_id=531, page_id=21500, browser=Firefox
Testing: csp_id=531, page_id=21600, browser=Firefox
Testing: csp_id=531, page_id=21700, browser=Firefox
Testing: csp_id=531, page_id=21800, browser=Firefox
Testing: csp_id=531, page_id=21900, browser=Firefox
Testing: csp_id=531, page_id=22000, browser=Firefox
Testing: csp_id=531, page_id=22100, browser=Firefox
Testing: csp_id=531, page_id=22200, browser=Firefox
Testing: csp_id=531, page_id=22300, browser=Firefox
Testing: csp_id=531, page_id=22400, browser=Firefox
Testing: csp_id=531, page_id=22500, browser=Firefox
Testing: csp_id=531, page_id=22600, browser=Firefox
Testing: csp_id=531, page_id=22700, browser=Firefox
Testing: csp_id=531, page_id=22800, browser=Firefox
Testing: csp_id=531, page_id=22900, browser=Firefox
Testing: csp_id=531, page_id=23000, browser=Firefox
Testing: csp_id=531, page_id=23100, browser=Firefox
Testing: csp_id=531, page_id=23200, browser=Firefox
Testing: csp_id=531, page_id=23300, browser=Firefox
Testing: csp_id=531, page_id=23400, browser=Firefox
Testing: csp_id=531, page_id=23500, browser=Firefox
Testing: csp_id=531, page_id=23600, browser=Firefox
Testing: csp_id=531, page_id=23700, browser=Firefox
Testing: csp_id=531, page_id=23800, browser=Firefox
Testing: csp_id=531, page_id=23900, browser=Firefox
Testing: csp_id=531, page_id=24000, browser=Firefox
Testing: csp_id=531, page_id=24100, browser=Firefox
Testing: csp_id=531, page_id=24200, browser=Firefox
Testing: csp_id=531, page_id=24300, browser=Firefox
Testing: csp_id=531, page_id=24400, browser=Firefox
Testing: csp_id=531, page_id=24500, browser=Firefox
Testing: csp_id=531, page_id=24600, browser=Firefox
Testing: csp_id=531, page_id=24700, browser=Firefox
Testing: csp_id=531, page_id=24800, browser=Firefox
Testing: csp_id=531, page_id=24900, browser=Firefox
Testing: csp_id=531, page_id=25000, browser=Firefox
Testing: csp_id=531, page_id=25100, browser=Firefox
Testing: csp_id=531, page_id=25200, browser=Firefox
Testing: csp_id=531, page_id=25300, browser=Firefox
Testing: csp_id=531, page_id=25400, browser=Firefox
Testing: csp_id=531, page_id=25500, browser=Firefox
Testing: csp_id=531, page_id=25600, browser=Firefox
Testing: csp_id=531, page_id=25700, browser=Firefox
Testing: csp_id=531, page_id=25800, browser=Firefox
Testing: csp_id=531, page_id=25900, browser=Firefox
Testing: csp_id=531, page_id=26000, browser=Firefox
Testing: csp_id=531, page_id=26100, browser=Firefox
Testing: csp_id=531, page_id=26200, browser=Firefox
Testing: csp_id=531, page_id=26300, browser=Firefox
Testing: csp_id=531, page_id=26400, browser=Firefox
Testing: csp_id=531, page_id=26500, browser=Firefox
Testing: csp_id=531, page_id=26600, browser=Firefox
Testing: csp_id=531, page_id=26700, browser=Firefox
Testing: csp_id=531, page_id=26800, browser=Firefox
Testing: csp_id=531, page_id=26900, browser=Firefox
Testing: csp_id=531, page_id=27000, browser=Firefox
Testing: csp_id=531, page_id=27100, browser=Firefox
Testing: csp_id=531, page_id=27200, browser=Firefox
Testing: csp_id=531, page_id=27300, browser=Firefox
Testing: csp_id=531, page_id=27400, browser=Firefox
Testing: csp_id=531, page_id=27500, browser=Firefox
Testing: csp_id=531, page_id=27600, browser=Firefox
Testing: csp_id=531, page_id=27700, browser=Firefox
Testing: csp_id=531, page_id=27800, browser=Firefox
Testing: csp_id=531, page_id=27900, browser=Firefox
Testing: csp_id=531, page_id=28000, browser=Firefox
Testing: csp_id=531, page_id=28100, browser=Firefox
Testing: csp_id=531, page_id=28200, browser=Firefox
Testing: csp_id=531, page_id=28300, browser=Firefox
Testing: csp_id=531, page_id=28400, browser=Firefox
Testing: csp_id=531, page_id=28500, browser=Firefox
Testing: csp_id=531, page_id=28600, browser=Firefox
Testing: csp_id=531, page_id=28700, browser=Firefox
Testing: csp_id=531, page_id=28800, browser=Firefox
Testing: csp_id=531, page_id=28900, browser=Firefox
Testing: csp_id=531, page_id=29000, browser=Firefox
Testing: csp_id=531, page_id=29100, browser=Firefox
Testing: csp_id=531, page_id=29200, browser=Firefox
Testing: csp_id=531, page_id=29300, browser=Firefox
Testing: csp_id=531, page_id=29400, browser=Firefox
Testing: csp_id=531, page_id=29500, browser=Firefox
Testing: csp_id=531, page_id=29600, browser=Firefox
Testing: csp_id=531, page_id=29700, browser=Firefox
Testing: csp_id=531, page_id=29800, browser=Firefox
🏊 create_context_pools[first] (5x16): 29.826s
Testing: csp_id=542, page_id=0, browser=Firefox
Testing: csp_id=542, page_id=100, browser=Firefox
Testing: csp_id=542, page_id=200, browser=Firefox
Testing: csp_id=542, page_id=300, browser=Firefox
Testing: csp_id=542, page_id=400, browser=Firefox
Testing: csp_id=542, page_id=500, browser=Firefox
Testing: csp_id=542, page_id=600, browser=Firefox
Testing: csp_id=542, page_id=700, browser=Firefox
Testing: csp_id=542, page_id=800, browser=Firefox
Testing: csp_id=542, page_id=900, browser=Firefox
Testing: csp_id=542, page_id=1000, browser=Firefox
Testing: csp_id=542, page_id=1100, browser=Firefox
Testing: csp_id=542, page_id=1200, browser=Firefox
Testing: csp_id=542, page_id=1300, browser=Firefox
Testing: csp_id=542, page_id=1400, browser=Firefox
Testing: csp_id=542, page_id=1500, browser=Firefox
Testing: csp_id=542, page_id=1600, browser=Firefox
Testing: csp_id=542, page_id=1700, browser=Firefox
Testing: csp_id=542, page_id=1800, browser=Firefox
Testing: csp_id=542, page_id=1900, browser=Firefox
Testing: csp_id=542, page_id=2000, browser=Firefox
Testing: csp_id=542, page_id=2100, browser=Firefox
Testing: csp_id=542, page_id=2200, browser=Firefox
Testing: csp_id=542, page_id=2300, browser=Firefox
Testing: csp_id=542, page_id=2400, browser=Firefox
Testing: csp_id=542, page_id=2500, browser=Firefox
Testing: csp_id=542, page_id=2600, browser=Firefox
Testing: csp_id=542, page_id=2700, browser=Firefox
Testing: csp_id=542, page_id=2800, browser=Firefox
Testing: csp_id=542, page_id=2900, browser=Firefox
Testing: csp_id=542, page_id=3000, browser=Firefox
Testing: csp_id=542, page_id=3100, browser=Firefox
Testing: csp_id=542, page_id=3200, browser=Firefox
Testing: csp_id=542, page_id=3300, browser=Firefox
Testing: csp_id=542, page_id=3400, browser=Firefox
Testing: csp_id=542, page_id=3500, browser=Firefox
Testing: csp_id=542, page_id=3600, browser=Firefox
Testing: csp_id=542, page_id=3700, browser=Firefox
Testing: csp_id=542, page_id=3800, browser=Firefox
Testing: csp_id=542, page_id=3900, browser=Firefox
Testing: csp_id=542, page_id=4000, browser=Firefox
Testing: csp_id=542, page_id=4100, browser=Firefox
Testing: csp_id=542, page_id=4200, browser=Firefox
Testing: csp_id=542, page_id=4300, browser=Firefox
Testing: csp_id=542, page_id=4400, browser=Firefox
Testing: csp_id=542, page_id=4500, browser=Firefox
Testing: csp_id=542, page_id=4600, browser=Firefox
Testing: csp_id=542, page_id=4700, browser=Firefox
Testing: csp_id=542, page_id=4800, browser=Firefox
Testing: csp_id=542, page_id=4900, browser=Firefox
Testing: csp_id=542, page_id=5000, browser=Firefox
Testing: csp_id=542, page_id=5100, browser=Firefox
Testing: csp_id=542, page_id=5200, browser=Firefox
Testing: csp_id=542, page_id=5300, browser=Firefox
Testing: csp_id=542, page_id=5400, browser=Firefox
Testing: csp_id=542, page_id=5500, browser=Firefox
Testing: csp_id=542, page_id=5600, browser=Firefox
Testing: csp_id=542, page_id=5700, browser=Firefox
Testing: csp_id=542, page_id=5800, browser=Firefox
Testing: csp_id=542, page_id=5900, browser=Firefox
Testing: csp_id=542, page_id=6000, browser=Firefox
Testing: csp_id=542, page_id=6100, browser=Firefox
Testing: csp_id=542, page_id=6200, browser=Firefox
Testing: csp_id=542, page_id=6300, browser=Firefox
Testing: csp_id=542, page_id=6400, browser=Firefox
Testing: csp_id=542, page_id=6500, browser=Firefox
Testing: csp_id=542, page_id=6600, browser=Firefox
Testing: csp_id=542, page_id=6700, browser=Firefox
Testing: csp_id=542, page_id=6800, browser=Firefox
Testing: csp_id=542, page_id=6900, browser=Firefox
Testing: csp_id=542, page_id=7000, browser=Firefox
Testing: csp_id=542, page_id=7100, browser=Firefox
Testing: csp_id=542, page_id=7200, browser=Firefox
Testing: csp_id=542, page_id=7300, browser=Firefox
Testing: csp_id=542, page_id=7400, browser=Firefox
Testing: csp_id=542, page_id=7500, browser=Firefox
Testing: csp_id=542, page_id=7600, browser=Firefox
Testing: csp_id=542, page_id=7700, browser=Firefox
Testing: csp_id=542, page_id=7800, browser=Firefox
Testing: csp_id=542, page_id=7900, browser=Firefox
Testing: csp_id=542, page_id=8000, browser=Firefox
Testing: csp_id=542, page_id=8100, browser=Firefox
Testing: csp_id=542, page_id=8200, browser=Firefox
Testing: csp_id=542, page_id=8300, browser=Firefox
Testing: csp_id=542, page_id=8400, browser=Firefox
Testing: csp_id=542, page_id=8500, browser=Firefox
Testing: csp_id=542, page_id=8600, browser=Firefox
Testing: csp_id=542, page_id=8700, browser=Firefox
Testing: csp_id=542, page_id=8800, browser=Firefox
Testing: csp_id=542, page_id=8900, browser=Firefox
Testing: csp_id=542, page_id=9000, browser=Firefox
Testing: csp_id=542, page_id=9100, browser=Firefox
Testing: csp_id=542, page_id=9200, browser=Firefox
Testing: csp_id=542, page_id=9300, browser=Firefox
Testing: csp_id=542, page_id=9400, browser=Firefox
Testing: csp_id=542, page_id=9500, browser=Firefox
Testing: csp_id=542, page_id=9600, browser=Firefox
Testing: csp_id=542, page_id=9700, browser=Firefox
Testing: csp_id=542, page_id=9800, browser=Firefox
Testing: csp_id=542, page_id=9900, browser=Firefox
Testing: csp_id=542, page_id=10000, browser=Firefox
Testing: csp_id=542, page_id=10100, browser=Firefox
Testing: csp_id=542, page_id=10200, browser=Firefox
Testing: csp_id=542, page_id=10300, browser=Firefox
Testing: csp_id=542, page_id=10400, browser=Firefox
Testing: csp_id=542, page_id=10500, browser=Firefox
Testing: csp_id=542, page_id=10600, browser=Firefox
Testing: csp_id=542, page_id=10700, browser=Firefox
Testing: csp_id=542, page_id=10800, browser=Firefox
Testing: csp_id=542, page_id=10900, browser=Firefox
Testing: csp_id=542, page_id=11000, browser=Firefox
Testing: csp_id=542, page_id=11100, browser=Firefox
Testing: csp_id=542, page_id=11200, browser=Firefox
Testing: csp_id=542, page_id=11300, browser=Firefox
Testing: csp_id=542, page_id=11400, browser=Firefox
Testing: csp_id=542, page_id=11500, browser=Firefox
Testing: csp_id=542, page_id=11600, browser=Firefox
Testing: csp_id=542, page_id=11700, browser=Firefox
Testing: csp_id=542, page_id=11800, browser=Firefox
Testing: csp_id=542, page_id=11900, browser=Firefox
Testing: csp_id=542, page_id=12000, browser=Firefox
Testing: csp_id=542, page_id=12100, browser=Firefox
Testing: csp_id=542, page_id=12200, browser=Firefox
Testing: csp_id=542, page_id=12300, browser=Firefox
Testing: csp_id=542, page_id=12400, browser=Firefox
Testing: csp_id=542, page_id=12500, browser=Firefox
Testing: csp_id=542, page_id=12600, browser=Firefox
Testing: csp_id=542, page_id=12700, browser=Firefox
Testing: csp_id=542, page_id=12800, browser=Firefox
Testing: csp_id=542, page_id=12900, browser=Firefox
Testing: csp_id=542, page_id=13000, browser=Firefox
Testing: csp_id=542, page_id=13100, browser=Firefox
Testing: csp_id=542, page_id=13200, browser=Firefox
Testing: csp_id=542, page_id=13300, browser=Firefox
Testing: csp_id=542, page_id=13400, browser=Firefox
Testing: csp_id=542, page_id=13500, browser=Firefox
Testing: csp_id=542, page_id=13600, browser=Firefox
Testing: csp_id=542, page_id=13700, browser=Firefox
Testing: csp_id=542, page_id=13800, browser=Firefox
Testing: csp_id=542, page_id=13900, browser=Firefox
Testing: csp_id=542, page_id=14000, browser=Firefox
Testing: csp_id=542, page_id=14100, browser=Firefox
Testing: csp_id=542, page_id=14200, browser=Firefox
Testing: csp_id=542, page_id=14300, browser=Firefox
Testing: csp_id=542, page_id=14400, browser=Firefox
Testing: csp_id=542, page_id=14500, browser=Firefox
Testing: csp_id=542, page_id=14600, browser=Firefox
Testing: csp_id=542, page_id=14700, browser=Firefox
Testing: csp_id=542, page_id=14800, browser=Firefox
Testing: csp_id=542, page_id=14900, browser=Firefox
Testing: csp_id=542, page_id=15000, browser=Firefox
Testing: csp_id=542, page_id=15100, browser=Firefox
Testing: csp_id=542, page_id=15200, browser=Firefox
Testing: csp_id=542, page_id=15300, browser=Firefox
Testing: csp_id=542, page_id=15400, browser=Firefox
Testing: csp_id=542, page_id=15500, browser=Firefox
Testing: csp_id=542, page_id=15600, browser=Firefox
Testing: csp_id=542, page_id=15700, browser=Firefox
Testing: csp_id=542, page_id=15800, browser=Firefox
Testing: csp_id=542, page_id=15900, browser=Firefox
Testing: csp_id=542, page_id=16000, browser=Firefox
Testing: csp_id=542, page_id=16100, browser=Firefox
Testing: csp_id=542, page_id=16200, browser=Firefox
Testing: csp_id=542, page_id=16300, browser=Firefox
Testing: csp_id=542, page_id=16400, browser=Firefox
Testing: csp_id=542, page_id=16500, browser=Firefox
Testing: csp_id=542, page_id=16600, browser=Firefox
Testing: csp_id=542, page_id=16700, browser=Firefox
Testing: csp_id=542, page_id=16800, browser=Firefox
Testing: csp_id=542, page_id=16900, browser=Firefox
Testing: csp_id=542, page_id=17000, browser=Firefox
Testing: csp_id=542, page_id=17100, browser=Firefox
Testing: csp_id=542, page_id=17200, browser=Firefox
Testing: csp_id=542, page_id=17300, browser=Firefox
Testing: csp_id=542, page_id=17400, browser=Firefox
Testing: csp_id=542, page_id=17500, browser=Firefox
Testing: csp_id=542, page_id=17600, browser=Firefox
Testing: csp_id=542, page_id=17700, browser=Firefox
Testing: csp_id=542, page_id=17800, browser=Firefox
Testing: csp_id=542, page_id=17900, browser=Firefox
Testing: csp_id=542, page_id=18000, browser=Firefox
Testing: csp_id=542, page_id=18100, browser=Firefox
Testing: csp_id=542, page_id=18200, browser=Firefox
Testing: csp_id=542, page_id=18300, browser=Firefox
Testing: csp_id=542, page_id=18400, browser=Firefox
Testing: csp_id=542, page_id=18500, browser=Firefox
Testing: csp_id=542, page_id=18600, browser=Firefox
Testing: csp_id=542, page_id=18700, browser=Firefox
Testing: csp_id=542, page_id=18800, browser=Firefox
Testing: csp_id=542, page_id=18900, browser=Firefox
Testing: csp_id=542, page_id=19000, browser=Firefox
Testing: csp_id=542, page_id=19100, browser=Firefox
Testing: csp_id=542, page_id=19200, browser=Firefox
Testing: csp_id=542, page_id=19300, browser=Firefox
Testing: csp_id=542, page_id=19400, browser=Firefox
Testing: csp_id=542, page_id=19500, browser=Firefox
Testing: csp_id=542, page_id=19600, browser=Firefox
Testing: csp_id=542, page_id=19700, browser=Firefox
Testing: csp_id=542, page_id=19800, browser=Firefox
Testing: csp_id=542, page_id=19900, browser=Firefox
Testing: csp_id=542, page_id=20000, browser=Firefox
Testing: csp_id=542, page_id=20100, browser=Firefox
Testing: csp_id=542, page_id=20200, browser=Firefox
Testing: csp_id=542, page_id=20300, browser=Firefox
Testing: csp_id=542, page_id=20400, browser=Firefox
Testing: csp_id=542, page_id=20500, browser=Firefox
Testing: csp_id=542, page_id=20600, browser=Firefox
Testing: csp_id=542, page_id=20700, browser=Firefox
Testing: csp_id=542, page_id=20800, browser=Firefox
Testing: csp_id=542, page_id=20900, browser=Firefox
Testing: csp_id=542, page_id=21000, browser=Firefox
Testing: csp_id=542, page_id=21100, browser=Firefox
Testing: csp_id=542, page_id=21200, browser=Firefox
Testing: csp_id=542, page_id=21300, browser=Firefox
Testing: csp_id=542, page_id=21400, browser=Firefox
Testing: csp_id=542, page_id=21500, browser=Firefox
Testing: csp_id=542, page_id=21600, browser=Firefox
Testing: csp_id=542, page_id=21700, browser=Firefox
Testing: csp_id=542, page_id=21800, browser=Firefox
Testing: csp_id=542, page_id=21900, browser=Firefox
Testing: csp_id=542, page_id=22000, browser=Firefox
Testing: csp_id=542, page_id=22100, browser=Firefox
Testing: csp_id=542, page_id=22200, browser=Firefox
Testing: csp_id=542, page_id=22300, browser=Firefox
Testing: csp_id=542, page_id=22400, browser=Firefox
Testing: csp_id=542, page_id=22500, browser=Firefox
Testing: csp_id=542, page_id=22600, browser=Firefox
Testing: csp_id=542, page_id=22700, browser=Firefox
Testing: csp_id=542, page_id=22800, browser=Firefox
Testing: csp_id=542, page_id=22900, browser=Firefox
Testing: csp_id=542, page_id=23000, browser=Firefox
Testing: csp_id=542, page_id=23100, browser=Firefox
Testing: csp_id=542, page_id=23200, browser=Firefox
Testing: csp_id=542, page_id=23300, browser=Firefox
Testing: csp_id=542, page_id=23400, browser=Firefox
Testing: csp_id=542, page_id=23500, browser=Firefox
Testing: csp_id=542, page_id=23600, browser=Firefox
Testing: csp_id=542, page_id=23700, browser=Firefox
Testing: csp_id=542, page_id=23800, browser=Firefox
Testing: csp_id=542, page_id=23900, browser=Firefox
Testing: csp_id=542, page_id=24000, browser=Firefox
Testing: csp_id=542, page_id=24100, browser=Firefox
Testing: csp_id=542, page_id=24200, browser=Firefox
Testing: csp_id=542, page_id=24300, browser=Firefox
Testing: csp_id=542, page_id=24400, browser=Firefox
Testing: csp_id=542, page_id=24500, browser=Firefox
Testing: csp_id=542, page_id=24600, browser=Firefox
Testing: csp_id=542, page_id=24700, browser=Firefox
Testing: csp_id=542, page_id=24800, browser=Firefox
Testing: csp_id=542, page_id=24900, browser=Firefox
Testing: csp_id=542, page_id=25000, browser=Firefox
Testing: csp_id=542, page_id=25100, browser=Firefox
Testing: csp_id=542, page_id=25200, browser=Firefox
Testing: csp_id=542, page_id=25300, browser=Firefox
Testing: csp_id=542, page_id=25400, browser=Firefox
Testing: csp_id=542, page_id=25500, browser=Firefox
Testing: csp_id=542, page_id=25600, browser=Firefox
Testing: csp_id=542, page_id=25700, browser=Firefox
Testing: csp_id=542, page_id=25800, browser=Firefox
Testing: csp_id=542, page_id=25900, browser=Firefox
Testing: csp_id=542, page_id=26000, browser=Firefox
Testing: csp_id=542, page_id=26100, browser=Firefox
Testing: csp_id=542, page_id=26200, browser=Firefox
Testing: csp_id=542, page_id=26300, browser=Firefox
Testing: csp_id=542, page_id=26400, browser=Firefox
Testing: csp_id=542, page_id=26500, browser=Firefox
Testing: csp_id=542, page_id=26600, browser=Firefox
Testing: csp_id=542, page_id=26700, browser=Firefox
Testing: csp_id=542, page_id=26800, browser=Firefox
Testing: csp_id=542, page_id=26900, browser=Firefox
Testing: csp_id=542, page_id=27000, browser=Firefox
Testing: csp_id=542, page_id=27100, browser=Firefox
Testing: csp_id=542, page_id=27200, browser=Firefox
Testing: csp_id=542, page_id=27300, browser=Firefox
Testing: csp_id=542, page_id=27400, browser=Firefox
Testing: csp_id=542, page_id=27500, browser=Firefox
Testing: csp_id=542, page_id=27600, browser=Firefox
Testing: csp_id=542, page_id=27700, browser=Firefox
Testing: csp_id=542, page_id=27800, browser=Firefox
Testing: csp_id=542, page_id=27900, browser=Firefox
Testing: csp_id=542, page_id=28000, browser=Firefox
Testing: csp_id=542, page_id=28100, browser=Firefox
Testing: csp_id=542, page_id=28200, browser=Firefox
Testing: csp_id=542, page_id=28300, browser=Firefox
Testing: csp_id=542, page_id=28400, browser=Firefox
Testing: csp_id=542, page_id=28500, browser=Firefox
Testing: csp_id=542, page_id=28600, browser=Firefox
Testing: csp_id=542, page_id=28700, browser=Firefox
Testing: csp_id=542, page_id=28800, browser=Firefox
Testing: csp_id=542, page_id=28900, browser=Firefox
Testing: csp_id=542, page_id=29000, browser=Firefox
Testing: csp_id=542, page_id=29100, browser=Firefox
Testing: csp_id=542, page_id=29200, browser=Firefox
Testing: csp_id=542, page_id=29300, browser=Firefox
Testing: csp_id=542, page_id=29400, browser=Firefox
Testing: csp_id=542, page_id=29500, browser=Firefox
Testing: csp_id=542, page_id=29600, browser=Firefox
Testing: csp_id=542, page_id=29700, browser=Firefox
Testing: csp_id=542, page_id=29800, browser=Firefox
🏊 create_context_pools[first] (5x16): 39.770s
Testing: csp_id=552, page_id=0, browser=Firefox
Testing: csp_id=552, page_id=100, browser=Firefox
Testing: csp_id=552, page_id=200, browser=Firefox
Testing: csp_id=552, page_id=300, browser=Firefox
Testing: csp_id=552, page_id=400, browser=Firefox
Testing: csp_id=552, page_id=500, browser=Firefox
Testing: csp_id=552, page_id=600, browser=Firefox
Testing: csp_id=552, page_id=700, browser=Firefox
Testing: csp_id=552, page_id=800, browser=Firefox
Testing: csp_id=552, page_id=900, browser=Firefox
Testing: csp_id=552, page_id=1000, browser=Firefox
Testing: csp_id=552, page_id=1100, browser=Firefox
Testing: csp_id=552, page_id=1200, browser=Firefox
Testing: csp_id=552, page_id=1300, browser=Firefox
Testing: csp_id=552, page_id=1400, browser=Firefox
Testing: csp_id=552, page_id=1500, browser=Firefox
Testing: csp_id=552, page_id=1600, browser=Firefox
Testing: csp_id=552, page_id=1700, browser=Firefox
Testing: csp_id=552, page_id=1800, browser=Firefox
Testing: csp_id=552, page_id=1900, browser=Firefox
Testing: csp_id=552, page_id=2000, browser=Firefox
Testing: csp_id=552, page_id=2100, browser=Firefox
Testing: csp_id=552, page_id=2200, browser=Firefox
Testing: csp_id=552, page_id=2300, browser=Firefox
Testing: csp_id=552, page_id=2400, browser=Firefox
Testing: csp_id=552, page_id=2500, browser=Firefox
Testing: csp_id=552, page_id=2600, browser=Firefox
Testing: csp_id=552, page_id=2700, browser=Firefox
Testing: csp_id=552, page_id=2800, browser=Firefox
Testing: csp_id=552, page_id=2900, browser=Firefox
Testing: csp_id=552, page_id=3000, browser=Firefox
Testing: csp_id=552, page_id=3100, browser=Firefox
Testing: csp_id=552, page_id=3200, browser=Firefox
Testing: csp_id=552, page_id=3300, browser=Firefox
Testing: csp_id=552, page_id=3400, browser=Firefox
Testing: csp_id=552, page_id=3500, browser=Firefox
Testing: csp_id=552, page_id=3600, browser=Firefox
Testing: csp_id=552, page_id=3700, browser=Firefox
Testing: csp_id=552, page_id=3800, browser=Firefox
Testing: csp_id=552, page_id=3900, browser=Firefox
Testing: csp_id=552, page_id=4000, browser=Firefox
Testing: csp_id=552, page_id=4100, browser=Firefox
Testing: csp_id=552, page_id=4200, browser=Firefox
Testing: csp_id=552, page_id=4300, browser=Firefox
Testing: csp_id=552, page_id=4400, browser=Firefox
Testing: csp_id=552, page_id=4500, browser=Firefox
Testing: csp_id=552, page_id=4600, browser=Firefox
Testing: csp_id=552, page_id=4700, browser=Firefox
Testing: csp_id=552, page_id=4800, browser=Firefox
Testing: csp_id=552, page_id=4900, browser=Firefox
Testing: csp_id=552, page_id=5000, browser=Firefox
Testing: csp_id=552, page_id=5100, browser=Firefox
Testing: csp_id=552, page_id=5200, browser=Firefox
Testing: csp_id=552, page_id=5300, browser=Firefox
Testing: csp_id=552, page_id=5400, browser=Firefox
Testing: csp_id=552, page_id=5500, browser=Firefox
Testing: csp_id=552, page_id=5600, browser=Firefox
Testing: csp_id=552, page_id=5700, browser=Firefox
Testing: csp_id=552, page_id=5800, browser=Firefox
Testing: csp_id=552, page_id=5900, browser=Firefox
Testing: csp_id=552, page_id=6000, browser=Firefox
Testing: csp_id=552, page_id=6100, browser=Firefox
Testing: csp_id=552, page_id=6200, browser=Firefox
Testing: csp_id=552, page_id=6300, browser=Firefox
Testing: csp_id=552, page_id=6400, browser=Firefox
Testing: csp_id=552, page_id=6500, browser=Firefox
Testing: csp_id=552, page_id=6600, browser=Firefox
Testing: csp_id=552, page_id=6700, browser=Firefox
Testing: csp_id=552, page_id=6800, browser=Firefox
Testing: csp_id=552, page_id=6900, browser=Firefox
Testing: csp_id=552, page_id=7000, browser=Firefox
Testing: csp_id=552, page_id=7100, browser=Firefox
Testing: csp_id=552, page_id=7200, browser=Firefox
Testing: csp_id=552, page_id=7300, browser=Firefox
Testing: csp_id=552, page_id=7400, browser=Firefox
Testing: csp_id=552, page_id=7500, browser=Firefox
Testing: csp_id=552, page_id=7600, browser=Firefox
Testing: csp_id=552, page_id=7700, browser=Firefox
Testing: csp_id=552, page_id=7800, browser=Firefox
Testing: csp_id=552, page_id=7900, browser=Firefox
Testing: csp_id=552, page_id=8000, browser=Firefox
Testing: csp_id=552, page_id=8100, browser=Firefox
Testing: csp_id=552, page_id=8200, browser=Firefox
Testing: csp_id=552, page_id=8300, browser=Firefox
Testing: csp_id=552, page_id=8400, browser=Firefox
Testing: csp_id=552, page_id=8500, browser=Firefox
Testing: csp_id=552, page_id=8600, browser=Firefox
Testing: csp_id=552, page_id=8700, browser=Firefox
Testing: csp_id=552, page_id=8800, browser=Firefox
Testing: csp_id=552, page_id=8900, browser=Firefox
Testing: csp_id=552, page_id=9000, browser=Firefox
Testing: csp_id=552, page_id=9100, browser=Firefox
Testing: csp_id=552, page_id=9200, browser=Firefox
Testing: csp_id=552, page_id=9300, browser=Firefox
Testing: csp_id=552, page_id=9400, browser=Firefox
Testing: csp_id=552, page_id=9500, browser=Firefox
Testing: csp_id=552, page_id=9600, browser=Firefox
Testing: csp_id=552, page_id=9700, browser=Firefox
Testing: csp_id=552, page_id=9800, browser=Firefox
Testing: csp_id=552, page_id=9900, browser=Firefox
Testing: csp_id=552, page_id=10000, browser=Firefox
Testing: csp_id=552, page_id=10100, browser=Firefox
Testing: csp_id=552, page_id=10200, browser=Firefox
Testing: csp_id=552, page_id=10300, browser=Firefox
Testing: csp_id=552, page_id=10400, browser=Firefox
Testing: csp_id=552, page_id=10500, browser=Firefox
Testing: csp_id=552, page_id=10600, browser=Firefox
Testing: csp_id=552, page_id=10700, browser=Firefox
Testing: csp_id=552, page_id=10800, browser=Firefox
Testing: csp_id=552, page_id=10900, browser=Firefox
Testing: csp_id=552, page_id=11000, browser=Firefox
Testing: csp_id=552, page_id=11100, browser=Firefox
Testing: csp_id=552, page_id=11200, browser=Firefox
Testing: csp_id=552, page_id=11300, browser=Firefox
Testing: csp_id=552, page_id=11400, browser=Firefox
Testing: csp_id=552, page_id=11500, browser=Firefox
Testing: csp_id=552, page_id=11600, browser=Firefox
Testing: csp_id=552, page_id=11700, browser=Firefox
Testing: csp_id=552, page_id=11800, browser=Firefox
Testing: csp_id=552, page_id=11900, browser=Firefox
Testing: csp_id=552, page_id=12000, browser=Firefox
Testing: csp_id=552, page_id=12100, browser=Firefox
Testing: csp_id=552, page_id=12200, browser=Firefox
Testing: csp_id=552, page_id=12300, browser=Firefox
Testing: csp_id=552, page_id=12400, browser=Firefox
Testing: csp_id=552, page_id=12500, browser=Firefox
Testing: csp_id=552, page_id=12600, browser=Firefox
Testing: csp_id=552, page_id=12700, browser=Firefox
Testing: csp_id=552, page_id=12800, browser=Firefox
Testing: csp_id=552, page_id=12900, browser=Firefox
Testing: csp_id=552, page_id=13000, browser=Firefox
Testing: csp_id=552, page_id=13100, browser=Firefox
Testing: csp_id=552, page_id=13200, browser=Firefox
Testing: csp_id=552, page_id=13300, browser=Firefox
Testing: csp_id=552, page_id=13400, browser=Firefox
Testing: csp_id=552, page_id=13500, browser=Firefox
Testing: csp_id=552, page_id=13600, browser=Firefox
Testing: csp_id=552, page_id=13700, browser=Firefox
Testing: csp_id=552, page_id=13800, browser=Firefox
Testing: csp_id=552, page_id=13900, browser=Firefox
Testing: csp_id=552, page_id=14000, browser=Firefox
Testing: csp_id=552, page_id=14100, browser=Firefox
Testing: csp_id=552, page_id=14200, browser=Firefox
Testing: csp_id=552, page_id=14300, browser=Firefox
Testing: csp_id=552, page_id=14400, browser=Firefox
Testing: csp_id=552, page_id=14500, browser=Firefox
Testing: csp_id=552, page_id=14600, browser=Firefox
Testing: csp_id=552, page_id=14700, browser=Firefox
Testing: csp_id=552, page_id=14800, browser=Firefox
Testing: csp_id=552, page_id=14900, browser=Firefox
Testing: csp_id=552, page_id=15000, browser=Firefox
Testing: csp_id=552, page_id=15100, browser=Firefox
Testing: csp_id=552, page_id=15200, browser=Firefox
Testing: csp_id=552, page_id=15300, browser=Firefox
Testing: csp_id=552, page_id=15400, browser=Firefox
Testing: csp_id=552, page_id=15500, browser=Firefox
Testing: csp_id=552, page_id=15600, browser=Firefox
Testing: csp_id=552, page_id=15700, browser=Firefox
Testing: csp_id=552, page_id=15800, browser=Firefox
Testing: csp_id=552, page_id=15900, browser=Firefox
Testing: csp_id=552, page_id=16000, browser=Firefox
Testing: csp_id=552, page_id=16100, browser=Firefox
Testing: csp_id=552, page_id=16200, browser=Firefox
Testing: csp_id=552, page_id=16300, browser=Firefox
Testing: csp_id=552, page_id=16400, browser=Firefox
Testing: csp_id=552, page_id=16500, browser=Firefox
Testing: csp_id=552, page_id=16600, browser=Firefox
Testing: csp_id=552, page_id=16700, browser=Firefox
Testing: csp_id=552, page_id=16800, browser=Firefox
Testing: csp_id=552, page_id=16900, browser=Firefox
Testing: csp_id=552, page_id=17000, browser=Firefox
Testing: csp_id=552, page_id=17100, browser=Firefox
Testing: csp_id=552, page_id=17200, browser=Firefox
Testing: csp_id=552, page_id=17300, browser=Firefox
Testing: csp_id=552, page_id=17400, browser=Firefox
Testing: csp_id=552, page_id=17500, browser=Firefox
Testing: csp_id=552, page_id=17600, browser=Firefox
Testing: csp_id=552, page_id=17700, browser=Firefox
Testing: csp_id=552, page_id=17800, browser=Firefox
Testing: csp_id=552, page_id=17900, browser=Firefox
Testing: csp_id=552, page_id=18000, browser=Firefox
Testing: csp_id=552, page_id=18100, browser=Firefox
Testing: csp_id=552, page_id=18200, browser=Firefox
Testing: csp_id=552, page_id=18300, browser=Firefox
Testing: csp_id=552, page_id=18400, browser=Firefox
Testing: csp_id=552, page_id=18500, browser=Firefox
Testing: csp_id=552, page_id=18600, browser=Firefox
Testing: csp_id=552, page_id=18700, browser=Firefox
Testing: csp_id=552, page_id=18800, browser=Firefox
Testing: csp_id=552, page_id=18900, browser=Firefox
Testing: csp_id=552, page_id=19000, browser=Firefox
Testing: csp_id=552, page_id=19100, browser=Firefox
Testing: csp_id=552, page_id=19200, browser=Firefox
Testing: csp_id=552, page_id=19300, browser=Firefox
Testing: csp_id=552, page_id=19400, browser=Firefox
Testing: csp_id=552, page_id=19500, browser=Firefox
Testing: csp_id=552, page_id=19600, browser=Firefox
Testing: csp_id=552, page_id=19700, browser=Firefox
Testing: csp_id=552, page_id=19800, browser=Firefox
Testing: csp_id=552, page_id=19900, browser=Firefox
Testing: csp_id=552, page_id=20000, browser=Firefox
Testing: csp_id=552, page_id=20100, browser=Firefox
Testing: csp_id=552, page_id=20200, browser=Firefox
Testing: csp_id=552, page_id=20300, browser=Firefox
Testing: csp_id=552, page_id=20400, browser=Firefox
Testing: csp_id=552, page_id=20500, browser=Firefox
Testing: csp_id=552, page_id=20600, browser=Firefox
Testing: csp_id=552, page_id=20700, browser=Firefox
Testing: csp_id=552, page_id=20800, browser=Firefox
Testing: csp_id=552, page_id=20900, browser=Firefox
Testing: csp_id=552, page_id=21000, browser=Firefox
Testing: csp_id=552, page_id=21100, browser=Firefox
Testing: csp_id=552, page_id=21200, browser=Firefox
Testing: csp_id=552, page_id=21300, browser=Firefox
Testing: csp_id=552, page_id=21400, browser=Firefox
Testing: csp_id=552, page_id=21500, browser=Firefox
Testing: csp_id=552, page_id=21600, browser=Firefox
Testing: csp_id=552, page_id=21700, browser=Firefox
Testing: csp_id=552, page_id=21800, browser=Firefox
Testing: csp_id=552, page_id=21900, browser=Firefox
Testing: csp_id=552, page_id=22000, browser=Firefox
Testing: csp_id=552, page_id=22100, browser=Firefox
Testing: csp_id=552, page_id=22200, browser=Firefox
Testing: csp_id=552, page_id=22300, browser=Firefox
Testing: csp_id=552, page_id=22400, browser=Firefox
Testing: csp_id=552, page_id=22500, browser=Firefox
Testing: csp_id=552, page_id=22600, browser=Firefox
Testing: csp_id=552, page_id=22700, browser=Firefox
Testing: csp_id=552, page_id=22800, browser=Firefox
Testing: csp_id=552, page_id=22900, browser=Firefox
Testing: csp_id=552, page_id=23000, browser=Firefox
Testing: csp_id=552, page_id=23100, browser=Firefox
Testing: csp_id=552, page_id=23200, browser=Firefox
Testing: csp_id=552, page_id=23300, browser=Firefox
Testing: csp_id=552, page_id=23400, browser=Firefox
Testing: csp_id=552, page_id=23500, browser=Firefox
Testing: csp_id=552, page_id=23600, browser=Firefox
Testing: csp_id=552, page_id=23700, browser=Firefox
Testing: csp_id=552, page_id=23800, browser=Firefox
Testing: csp_id=552, page_id=23900, browser=Firefox
Testing: csp_id=552, page_id=24000, browser=Firefox
Testing: csp_id=552, page_id=24100, browser=Firefox
Testing: csp_id=552, page_id=24200, browser=Firefox
Testing: csp_id=552, page_id=24300, browser=Firefox
Testing: csp_id=552, page_id=24400, browser=Firefox
Testing: csp_id=552, page_id=24500, browser=Firefox
Testing: csp_id=552, page_id=24600, browser=Firefox
Testing: csp_id=552, page_id=24700, browser=Firefox
Testing: csp_id=552, page_id=24800, browser=Firefox
Testing: csp_id=552, page_id=24900, browser=Firefox
Testing: csp_id=552, page_id=25000, browser=Firefox
Testing: csp_id=552, page_id=25100, browser=Firefox
Testing: csp_id=552, page_id=25200, browser=Firefox
Testing: csp_id=552, page_id=25300, browser=Firefox
Testing: csp_id=552, page_id=25400, browser=Firefox
Testing: csp_id=552, page_id=25500, browser=Firefox
Testing: csp_id=552, page_id=25600, browser=Firefox
Testing: csp_id=552, page_id=25700, browser=Firefox
Testing: csp_id=552, page_id=25800, browser=Firefox
Testing: csp_id=552, page_id=25900, browser=Firefox
Testing: csp_id=552, page_id=26000, browser=Firefox
Testing: csp_id=552, page_id=26100, browser=Firefox
Testing: csp_id=552, page_id=26200, browser=Firefox
Testing: csp_id=552, page_id=26300, browser=Firefox
Testing: csp_id=552, page_id=26400, browser=Firefox
Testing: csp_id=552, page_id=26500, browser=Firefox
Testing: csp_id=552, page_id=26600, browser=Firefox
Testing: csp_id=552, page_id=26700, browser=Firefox
Testing: csp_id=552, page_id=26800, browser=Firefox
Testing: csp_id=552, page_id=26900, browser=Firefox
Testing: csp_id=552, page_id=27000, browser=Firefox
Testing: csp_id=552, page_id=27100, browser=Firefox
Testing: csp_id=552, page_id=27200, browser=Firefox
Testing: csp_id=552, page_id=27300, browser=Firefox
Testing: csp_id=552, page_id=27400, browser=Firefox
Testing: csp_id=552, page_id=27500, browser=Firefox
Testing: csp_id=552, page_id=27600, browser=Firefox
Testing: csp_id=552, page_id=27700, browser=Firefox
Testing: csp_id=552, page_id=27800, browser=Firefox
Testing: csp_id=552, page_id=27900, browser=Firefox
Testing: csp_id=552, page_id=28000, browser=Firefox
Testing: csp_id=552, page_id=28100, browser=Firefox
Testing: csp_id=552, page_id=28200, browser=Firefox
Testing: csp_id=552, page_id=28300, browser=Firefox
Testing: csp_id=552, page_id=28400, browser=Firefox
Testing: csp_id=552, page_id=28500, browser=Firefox
Testing: csp_id=552, page_id=28600, browser=Firefox
Testing: csp_id=552, page_id=28700, browser=Firefox
Testing: csp_id=552, page_id=28800, browser=Firefox
Testing: csp_id=552, page_id=28900, browser=Firefox
Testing: csp_id=552, page_id=29000, browser=Firefox
Testing: csp_id=552, page_id=29100, browser=Firefox
Testing: csp_id=552, page_id=29200, browser=Firefox
Testing: csp_id=552, page_id=29300, browser=Firefox
Testing: csp_id=552, page_id=29400, browser=Firefox
Testing: csp_id=552, page_id=29500, browser=Firefox
Testing: csp_id=552, page_id=29600, browser=Firefox
Testing: csp_id=552, page_id=29700, browser=Firefox
Testing: csp_id=552, page_id=29800, browser=Firefox
🏊 create_context_pools[first] (5x16): 33.561s
Testing: csp_id=562, page_id=0, browser=Firefox
Testing: csp_id=562, page_id=100, browser=Firefox
Testing: csp_id=562, page_id=200, browser=Firefox
Testing: csp_id=562, page_id=300, browser=Firefox
Testing: csp_id=562, page_id=400, browser=Firefox
Testing: csp_id=562, page_id=500, browser=Firefox
Testing: csp_id=562, page_id=600, browser=Firefox
Testing: csp_id=562, page_id=700, browser=Firefox
Testing: csp_id=562, page_id=800, browser=Firefox
Testing: csp_id=562, page_id=900, browser=Firefox
Testing: csp_id=562, page_id=1000, browser=Firefox
Testing: csp_id=562, page_id=1100, browser=Firefox
Testing: csp_id=562, page_id=1200, browser=Firefox
Testing: csp_id=562, page_id=1300, browser=Firefox
Testing: csp_id=562, page_id=1400, browser=Firefox
Testing: csp_id=562, page_id=1500, browser=Firefox
Testing: csp_id=562, page_id=1600, browser=Firefox
Testing: csp_id=562, page_id=1700, browser=Firefox
Testing: csp_id=562, page_id=1800, browser=Firefox
Testing: csp_id=562, page_id=1900, browser=Firefox
Testing: csp_id=562, page_id=2000, browser=Firefox
Testing: csp_id=562, page_id=2100, browser=Firefox
Testing: csp_id=562, page_id=2200, browser=Firefox
Testing: csp_id=562, page_id=2300, browser=Firefox
Testing: csp_id=562, page_id=2400, browser=Firefox
Testing: csp_id=562, page_id=2500, browser=Firefox
Testing: csp_id=562, page_id=2600, browser=Firefox
Testing: csp_id=562, page_id=2700, browser=Firefox
Testing: csp_id=562, page_id=2800, browser=Firefox
Testing: csp_id=562, page_id=2900, browser=Firefox
Testing: csp_id=562, page_id=3000, browser=Firefox
Testing: csp_id=562, page_id=3100, browser=Firefox
Testing: csp_id=562, page_id=3200, browser=Firefox
Testing: csp_id=562, page_id=3300, browser=Firefox
Testing: csp_id=562, page_id=3400, browser=Firefox
Testing: csp_id=562, page_id=3500, browser=Firefox
Testing: csp_id=562, page_id=3600, browser=Firefox
Testing: csp_id=562, page_id=3700, browser=Firefox
Testing: csp_id=562, page_id=3800, browser=Firefox
Testing: csp_id=562, page_id=3900, browser=Firefox
Testing: csp_id=562, page_id=4000, browser=Firefox
Testing: csp_id=562, page_id=4100, browser=Firefox
Testing: csp_id=562, page_id=4200, browser=Firefox
Testing: csp_id=562, page_id=4300, browser=Firefox
Testing: csp_id=562, page_id=4400, browser=Firefox
Testing: csp_id=562, page_id=4500, browser=Firefox
Testing: csp_id=562, page_id=4600, browser=Firefox
Testing: csp_id=562, page_id=4700, browser=Firefox
Testing: csp_id=562, page_id=4800, browser=Firefox
Testing: csp_id=562, page_id=4900, browser=Firefox
Testing: csp_id=562, page_id=5000, browser=Firefox
Testing: csp_id=562, page_id=5100, browser=Firefox
Testing: csp_id=562, page_id=5200, browser=Firefox
Testing: csp_id=562, page_id=5300, browser=Firefox
Testing: csp_id=562, page_id=5400, browser=Firefox
Testing: csp_id=562, page_id=5500, browser=Firefox
Testing: csp_id=562, page_id=5600, browser=Firefox
Testing: csp_id=562, page_id=5700, browser=Firefox
Testing: csp_id=562, page_id=5800, browser=Firefox
Testing: csp_id=562, page_id=5900, browser=Firefox
Testing: csp_id=562, page_id=6000, browser=Firefox
Testing: csp_id=562, page_id=6100, browser=Firefox
Testing: csp_id=562, page_id=6200, browser=Firefox
Testing: csp_id=562, page_id=6300, browser=Firefox
Testing: csp_id=562, page_id=6400, browser=Firefox
Testing: csp_id=562, page_id=6500, browser=Firefox
Testing: csp_id=562, page_id=6600, browser=Firefox
Testing: csp_id=562, page_id=6700, browser=Firefox
Testing: csp_id=562, page_id=6800, browser=Firefox
Testing: csp_id=562, page_id=6900, browser=Firefox
Testing: csp_id=562, page_id=7000, browser=Firefox
Testing: csp_id=562, page_id=7100, browser=Firefox
Testing: csp_id=562, page_id=7200, browser=Firefox
Testing: csp_id=562, page_id=7300, browser=Firefox
Testing: csp_id=562, page_id=7400, browser=Firefox
Testing: csp_id=562, page_id=7500, browser=Firefox
Testing: csp_id=562, page_id=7600, browser=Firefox
Testing: csp_id=562, page_id=7700, browser=Firefox
Testing: csp_id=562, page_id=7800, browser=Firefox
Testing: csp_id=562, page_id=7900, browser=Firefox
Testing: csp_id=562, page_id=8000, browser=Firefox
Testing: csp_id=562, page_id=8100, browser=Firefox
Testing: csp_id=562, page_id=8200, browser=Firefox
Testing: csp_id=562, page_id=8300, browser=Firefox
Testing: csp_id=562, page_id=8400, browser=Firefox
Testing: csp_id=562, page_id=8500, browser=Firefox
Testing: csp_id=562, page_id=8600, browser=Firefox
Testing: csp_id=562, page_id=8700, browser=Firefox
Testing: csp_id=562, page_id=8800, browser=Firefox
Testing: csp_id=562, page_id=8900, browser=Firefox
Testing: csp_id=562, page_id=9000, browser=Firefox
Testing: csp_id=562, page_id=9100, browser=Firefox
Testing: csp_id=562, page_id=9200, browser=Firefox
Testing: csp_id=562, page_id=9300, browser=Firefox
Testing: csp_id=562, page_id=9400, browser=Firefox
Testing: csp_id=562, page_id=9500, browser=Firefox
Testing: csp_id=562, page_id=9600, browser=Firefox
Testing: csp_id=562, page_id=9700, browser=Firefox
Testing: csp_id=562, page_id=9800, browser=Firefox
Testing: csp_id=562, page_id=9900, browser=Firefox
Testing: csp_id=562, page_id=10000, browser=Firefox
Testing: csp_id=562, page_id=10100, browser=Firefox
Testing: csp_id=562, page_id=10200, browser=Firefox
Testing: csp_id=562, page_id=10300, browser=Firefox
Testing: csp_id=562, page_id=10400, browser=Firefox
Testing: csp_id=562, page_id=10500, browser=Firefox
Testing: csp_id=562, page_id=10600, browser=Firefox
Testing: csp_id=562, page_id=10700, browser=Firefox
Testing: csp_id=562, page_id=10800, browser=Firefox
Testing: csp_id=562, page_id=10900, browser=Firefox
Testing: csp_id=562, page_id=11000, browser=Firefox
Testing: csp_id=562, page_id=11100, browser=Firefox
Testing: csp_id=562, page_id=11200, browser=Firefox
Testing: csp_id=562, page_id=11300, browser=Firefox
Testing: csp_id=562, page_id=11400, browser=Firefox
Testing: csp_id=562, page_id=11500, browser=Firefox
Testing: csp_id=562, page_id=11600, browser=Firefox
Testing: csp_id=562, page_id=11700, browser=Firefox
Testing: csp_id=562, page_id=11800, browser=Firefox
Testing: csp_id=562, page_id=11900, browser=Firefox
Testing: csp_id=562, page_id=12000, browser=Firefox
Testing: csp_id=562, page_id=12100, browser=Firefox
Testing: csp_id=562, page_id=12200, browser=Firefox
Testing: csp_id=562, page_id=12300, browser=Firefox
Testing: csp_id=562, page_id=12400, browser=Firefox
Testing: csp_id=562, page_id=12500, browser=Firefox
Testing: csp_id=562, page_id=12600, browser=Firefox
Testing: csp_id=562, page_id=12700, browser=Firefox
Testing: csp_id=562, page_id=12800, browser=Firefox
Testing: csp_id=562, page_id=12900, browser=Firefox
Testing: csp_id=562, page_id=13000, browser=Firefox
Testing: csp_id=562, page_id=13100, browser=Firefox
Testing: csp_id=562, page_id=13200, browser=Firefox
Testing: csp_id=562, page_id=13300, browser=Firefox
Testing: csp_id=562, page_id=13400, browser=Firefox
Testing: csp_id=562, page_id=13500, browser=Firefox
Testing: csp_id=562, page_id=13600, browser=Firefox
Testing: csp_id=562, page_id=13700, browser=Firefox
Testing: csp_id=562, page_id=13800, browser=Firefox
Testing: csp_id=562, page_id=13900, browser=Firefox
Testing: csp_id=562, page_id=14000, browser=Firefox
Testing: csp_id=562, page_id=14100, browser=Firefox
Testing: csp_id=562, page_id=14200, browser=Firefox
Testing: csp_id=562, page_id=14300, browser=Firefox
Testing: csp_id=562, page_id=14400, browser=Firefox
Testing: csp_id=562, page_id=14500, browser=Firefox
Testing: csp_id=562, page_id=14600, browser=Firefox
Testing: csp_id=562, page_id=14700, browser=Firefox
Testing: csp_id=562, page_id=14800, browser=Firefox
Testing: csp_id=562, page_id=14900, browser=Firefox
Testing: csp_id=562, page_id=15000, browser=Firefox
Testing: csp_id=562, page_id=15100, browser=Firefox
Testing: csp_id=562, page_id=15200, browser=Firefox
Testing: csp_id=562, page_id=15300, browser=Firefox
Testing: csp_id=562, page_id=15400, browser=Firefox
Testing: csp_id=562, page_id=15500, browser=Firefox
Testing: csp_id=562, page_id=15600, browser=Firefox
Testing: csp_id=562, page_id=15700, browser=Firefox
Testing: csp_id=562, page_id=15800, browser=Firefox
Testing: csp_id=562, page_id=15900, browser=Firefox
Testing: csp_id=562, page_id=16000, browser=Firefox
Testing: csp_id=562, page_id=16100, browser=Firefox
Testing: csp_id=562, page_id=16200, browser=Firefox
Testing: csp_id=562, page_id=16300, browser=Firefox
Testing: csp_id=562, page_id=16400, browser=Firefox
Testing: csp_id=562, page_id=16500, browser=Firefox
Testing: csp_id=562, page_id=16600, browser=Firefox
Testing: csp_id=562, page_id=16700, browser=Firefox
Testing: csp_id=562, page_id=16800, browser=Firefox
Testing: csp_id=562, page_id=16900, browser=Firefox
Testing: csp_id=562, page_id=17000, browser=Firefox
Testing: csp_id=562, page_id=17100, browser=Firefox
Testing: csp_id=562, page_id=17200, browser=Firefox
Testing: csp_id=562, page_id=17300, browser=Firefox
Testing: csp_id=562, page_id=17400, browser=Firefox
Testing: csp_id=562, page_id=17500, browser=Firefox
Testing: csp_id=562, page_id=17600, browser=Firefox
Testing: csp_id=562, page_id=17700, browser=Firefox
Testing: csp_id=562, page_id=17800, browser=Firefox
Testing: csp_id=562, page_id=17900, browser=Firefox
Testing: csp_id=562, page_id=18000, browser=Firefox
Testing: csp_id=562, page_id=18100, browser=Firefox
Testing: csp_id=562, page_id=18200, browser=Firefox
Testing: csp_id=562, page_id=18300, browser=Firefox
Testing: csp_id=562, page_id=18400, browser=Firefox
Testing: csp_id=562, page_id=18500, browser=Firefox
Testing: csp_id=562, page_id=18600, browser=Firefox
Testing: csp_id=562, page_id=18700, browser=Firefox
Testing: csp_id=562, page_id=18800, browser=Firefox
Testing: csp_id=562, page_id=18900, browser=Firefox
Testing: csp_id=562, page_id=19000, browser=Firefox
Testing: csp_id=562, page_id=19100, browser=Firefox
Testing: csp_id=562, page_id=19200, browser=Firefox
Testing: csp_id=562, page_id=19300, browser=Firefox
Testing: csp_id=562, page_id=19400, browser=Firefox
Testing: csp_id=562, page_id=19500, browser=Firefox
Testing: csp_id=562, page_id=19600, browser=Firefox
Testing: csp_id=562, page_id=19700, browser=Firefox
Testing: csp_id=562, page_id=19800, browser=Firefox
Testing: csp_id=562, page_id=19900, browser=Firefox
Testing: csp_id=562, page_id=20000, browser=Firefox
Testing: csp_id=562, page_id=20100, browser=Firefox
Testing: csp_id=562, page_id=20200, browser=Firefox
Testing: csp_id=562, page_id=20300, browser=Firefox
Testing: csp_id=562, page_id=20400, browser=Firefox
Testing: csp_id=562, page_id=20500, browser=Firefox
Testing: csp_id=562, page_id=20600, browser=Firefox
Testing: csp_id=562, page_id=20700, browser=Firefox
Testing: csp_id=562, page_id=20800, browser=Firefox
Testing: csp_id=562, page_id=20900, browser=Firefox
Testing: csp_id=562, page_id=21000, browser=Firefox
Testing: csp_id=562, page_id=21100, browser=Firefox
Testing: csp_id=562, page_id=21200, browser=Firefox
Testing: csp_id=562, page_id=21300, browser=Firefox
Testing: csp_id=562, page_id=21400, browser=Firefox
Testing: csp_id=562, page_id=21500, browser=Firefox
Testing: csp_id=562, page_id=21600, browser=Firefox
Testing: csp_id=562, page_id=21700, browser=Firefox
Testing: csp_id=562, page_id=21800, browser=Firefox
Testing: csp_id=562, page_id=21900, browser=Firefox
Testing: csp_id=562, page_id=22000, browser=Firefox
Testing: csp_id=562, page_id=22100, browser=Firefox
Testing: csp_id=562, page_id=22200, browser=Firefox
Testing: csp_id=562, page_id=22300, browser=Firefox
Testing: csp_id=562, page_id=22400, browser=Firefox
Testing: csp_id=562, page_id=22500, browser=Firefox
Testing: csp_id=562, page_id=22600, browser=Firefox
Testing: csp_id=562, page_id=22700, browser=Firefox
Testing: csp_id=562, page_id=22800, browser=Firefox
Testing: csp_id=562, page_id=22900, browser=Firefox
Testing: csp_id=562, page_id=23000, browser=Firefox
Testing: csp_id=562, page_id=23100, browser=Firefox
Testing: csp_id=562, page_id=23200, browser=Firefox
Testing: csp_id=562, page_id=23300, browser=Firefox
Testing: csp_id=562, page_id=23400, browser=Firefox
Testing: csp_id=562, page_id=23500, browser=Firefox
Testing: csp_id=562, page_id=23600, browser=Firefox
Testing: csp_id=562, page_id=23700, browser=Firefox
Testing: csp_id=562, page_id=23800, browser=Firefox
Testing: csp_id=562, page_id=23900, browser=Firefox
Testing: csp_id=562, page_id=24000, browser=Firefox
Testing: csp_id=562, page_id=24100, browser=Firefox
Testing: csp_id=562, page_id=24200, browser=Firefox
Testing: csp_id=562, page_id=24300, browser=Firefox
Testing: csp_id=562, page_id=24400, browser=Firefox
Testing: csp_id=562, page_id=24500, browser=Firefox
Testing: csp_id=562, page_id=24600, browser=Firefox
Testing: csp_id=562, page_id=24700, browser=Firefox
Testing: csp_id=562, page_id=24800, browser=Firefox
Testing: csp_id=562, page_id=24900, browser=Firefox
Testing: csp_id=562, page_id=25000, browser=Firefox
Testing: csp_id=562, page_id=25100, browser=Firefox
Testing: csp_id=562, page_id=25200, browser=Firefox
Testing: csp_id=562, page_id=25300, browser=Firefox
Testing: csp_id=562, page_id=25400, browser=Firefox
Testing: csp_id=562, page_id=25500, browser=Firefox
Testing: csp_id=562, page_id=25600, browser=Firefox
Testing: csp_id=562, page_id=25700, browser=Firefox
Testing: csp_id=562, page_id=25800, browser=Firefox
Testing: csp_id=562, page_id=25900, browser=Firefox
Testing: csp_id=562, page_id=26000, browser=Firefox
Testing: csp_id=562, page_id=26100, browser=Firefox
Testing: csp_id=562, page_id=26200, browser=Firefox
Testing: csp_id=562, page_id=26300, browser=Firefox
Testing: csp_id=562, page_id=26400, browser=Firefox
Testing: csp_id=562, page_id=26500, browser=Firefox
Testing: csp_id=562, page_id=26600, browser=Firefox
Testing: csp_id=562, page_id=26700, browser=Firefox
Testing: csp_id=562, page_id=26800, browser=Firefox
Testing: csp_id=562, page_id=26900, browser=Firefox
Testing: csp_id=562, page_id=27000, browser=Firefox
Testing: csp_id=562, page_id=27100, browser=Firefox
Testing: csp_id=562, page_id=27200, browser=Firefox
Testing: csp_id=562, page_id=27300, browser=Firefox
Testing: csp_id=562, page_id=27400, browser=Firefox
Testing: csp_id=562, page_id=27500, browser=Firefox
Testing: csp_id=562, page_id=27600, browser=Firefox
Testing: csp_id=562, page_id=27700, browser=Firefox
Testing: csp_id=562, page_id=27800, browser=Firefox
Testing: csp_id=562, page_id=27900, browser=Firefox
Testing: csp_id=562, page_id=28000, browser=Firefox
Testing: csp_id=562, page_id=28100, browser=Firefox
Testing: csp_id=562, page_id=28200, browser=Firefox
Testing: csp_id=562, page_id=28300, browser=Firefox
Testing: csp_id=562, page_id=28400, browser=Firefox
Testing: csp_id=562, page_id=28500, browser=Firefox
Testing: csp_id=562, page_id=28600, browser=Firefox
Testing: csp_id=562, page_id=28700, browser=Firefox
Testing: csp_id=562, page_id=28800, browser=Firefox
Testing: csp_id=562, page_id=28900, browser=Firefox
Testing: csp_id=562, page_id=29000, browser=Firefox
Testing: csp_id=562, page_id=29100, browser=Firefox
Testing: csp_id=562, page_id=29200, browser=Firefox
Testing: csp_id=562, page_id=29300, browser=Firefox
Testing: csp_id=562, page_id=29400, browser=Firefox
Testing: csp_id=562, page_id=29500, browser=Firefox
Testing: csp_id=562, page_id=29600, browser=Firefox
Testing: csp_id=562, page_id=29700, browser=Firefox
Testing: csp_id=562, page_id=29800, browser=Firefox
🏊 create_context_pools[first] (5x16): 29.710s
Testing: csp_id=573, page_id=0, browser=Firefox
Testing: csp_id=573, page_id=100, browser=Firefox
Testing: csp_id=573, page_id=200, browser=Firefox
Testing: csp_id=573, page_id=300, browser=Firefox
Testing: csp_id=573, page_id=400, browser=Firefox
Testing: csp_id=573, page_id=500, browser=Firefox
Testing: csp_id=573, page_id=600, browser=Firefox
Testing: csp_id=573, page_id=700, browser=Firefox
Testing: csp_id=573, page_id=800, browser=Firefox
Testing: csp_id=573, page_id=900, browser=Firefox
Testing: csp_id=573, page_id=1000, browser=Firefox
Testing: csp_id=573, page_id=1100, browser=Firefox
Testing: csp_id=573, page_id=1200, browser=Firefox
Testing: csp_id=573, page_id=1300, browser=Firefox
Testing: csp_id=573, page_id=1400, browser=Firefox
Testing: csp_id=573, page_id=1500, browser=Firefox
Testing: csp_id=573, page_id=1600, browser=Firefox
Testing: csp_id=573, page_id=1700, browser=Firefox
Testing: csp_id=573, page_id=1800, browser=Firefox
Testing: csp_id=573, page_id=1900, browser=Firefox
Testing: csp_id=573, page_id=2000, browser=Firefox
Testing: csp_id=573, page_id=2100, browser=Firefox
Testing: csp_id=573, page_id=2200, browser=Firefox
Testing: csp_id=573, page_id=2300, browser=Firefox
Testing: csp_id=573, page_id=2400, browser=Firefox
Testing: csp_id=573, page_id=2500, browser=Firefox
Testing: csp_id=573, page_id=2600, browser=Firefox
Testing: csp_id=573, page_id=2700, browser=Firefox
Testing: csp_id=573, page_id=2800, browser=Firefox
Testing: csp_id=573, page_id=2900, browser=Firefox
Testing: csp_id=573, page_id=3000, browser=Firefox
Testing: csp_id=573, page_id=3100, browser=Firefox
Testing: csp_id=573, page_id=3200, browser=Firefox
Testing: csp_id=573, page_id=3300, browser=Firefox
Testing: csp_id=573, page_id=3400, browser=Firefox
Testing: csp_id=573, page_id=3500, browser=Firefox
Testing: csp_id=573, page_id=3600, browser=Firefox
Testing: csp_id=573, page_id=3700, browser=Firefox
Testing: csp_id=573, page_id=3800, browser=Firefox
Testing: csp_id=573, page_id=3900, browser=Firefox
Testing: csp_id=573, page_id=4000, browser=Firefox
Testing: csp_id=573, page_id=4100, browser=Firefox
Testing: csp_id=573, page_id=4200, browser=Firefox
Testing: csp_id=573, page_id=4300, browser=Firefox
Testing: csp_id=573, page_id=4400, browser=Firefox
Testing: csp_id=573, page_id=4500, browser=Firefox
Testing: csp_id=573, page_id=4600, browser=Firefox
Testing: csp_id=573, page_id=4700, browser=Firefox
Testing: csp_id=573, page_id=4800, browser=Firefox
Testing: csp_id=573, page_id=4900, browser=Firefox
Testing: csp_id=573, page_id=5000, browser=Firefox
Testing: csp_id=573, page_id=5100, browser=Firefox
Testing: csp_id=573, page_id=5200, browser=Firefox
Testing: csp_id=573, page_id=5300, browser=Firefox
Testing: csp_id=573, page_id=5400, browser=Firefox
Testing: csp_id=573, page_id=5500, browser=Firefox
Testing: csp_id=573, page_id=5600, browser=Firefox
Testing: csp_id=573, page_id=5700, browser=Firefox
Testing: csp_id=573, page_id=5800, browser=Firefox
Testing: csp_id=573, page_id=5900, browser=Firefox
Testing: csp_id=573, page_id=6000, browser=Firefox
Testing: csp_id=573, page_id=6100, browser=Firefox
Testing: csp_id=573, page_id=6200, browser=Firefox
Testing: csp_id=573, page_id=6300, browser=Firefox
Testing: csp_id=573, page_id=6400, browser=Firefox
Testing: csp_id=573, page_id=6500, browser=Firefox
Testing: csp_id=573, page_id=6600, browser=Firefox
Testing: csp_id=573, page_id=6700, browser=Firefox
Testing: csp_id=573, page_id=6800, browser=Firefox
Testing: csp_id=573, page_id=6900, browser=Firefox
Testing: csp_id=573, page_id=7000, browser=Firefox
Testing: csp_id=573, page_id=7100, browser=Firefox
Testing: csp_id=573, page_id=7200, browser=Firefox
Testing: csp_id=573, page_id=7300, browser=Firefox
Testing: csp_id=573, page_id=7400, browser=Firefox
Testing: csp_id=573, page_id=7500, browser=Firefox
Testing: csp_id=573, page_id=7600, browser=Firefox
Testing: csp_id=573, page_id=7700, browser=Firefox
Testing: csp_id=573, page_id=7800, browser=Firefox
Testing: csp_id=573, page_id=7900, browser=Firefox
Testing: csp_id=573, page_id=8000, browser=Firefox
Testing: csp_id=573, page_id=8100, browser=Firefox
Testing: csp_id=573, page_id=8200, browser=Firefox
Testing: csp_id=573, page_id=8300, browser=Firefox
Testing: csp_id=573, page_id=8400, browser=Firefox
Testing: csp_id=573, page_id=8500, browser=Firefox
Testing: csp_id=573, page_id=8600, browser=Firefox
Testing: csp_id=573, page_id=8700, browser=Firefox
Testing: csp_id=573, page_id=8800, browser=Firefox
Testing: csp_id=573, page_id=8900, browser=Firefox
Testing: csp_id=573, page_id=9000, browser=Firefox
Testing: csp_id=573, page_id=9100, browser=Firefox
Testing: csp_id=573, page_id=9200, browser=Firefox
Testing: csp_id=573, page_id=9300, browser=Firefox
Testing: csp_id=573, page_id=9400, browser=Firefox
Testing: csp_id=573, page_id=9500, browser=Firefox
Testing: csp_id=573, page_id=9600, browser=Firefox
Testing: csp_id=573, page_id=9700, browser=Firefox
Testing: csp_id=573, page_id=9800, browser=Firefox
Testing: csp_id=573, page_id=9900, browser=Firefox
Testing: csp_id=573, page_id=10000, browser=Firefox
Testing: csp_id=573, page_id=10100, browser=Firefox
Testing: csp_id=573, page_id=10200, browser=Firefox
Testing: csp_id=573, page_id=10300, browser=Firefox
Testing: csp_id=573, page_id=10400, browser=Firefox
Testing: csp_id=573, page_id=10500, browser=Firefox
Testing: csp_id=573, page_id=10600, browser=Firefox
Testing: csp_id=573, page_id=10700, browser=Firefox
Testing: csp_id=573, page_id=10800, browser=Firefox
Testing: csp_id=573, page_id=10900, browser=Firefox
Testing: csp_id=573, page_id=11000, browser=Firefox
Testing: csp_id=573, page_id=11100, browser=Firefox
Testing: csp_id=573, page_id=11200, browser=Firefox
Testing: csp_id=573, page_id=11300, browser=Firefox
Testing: csp_id=573, page_id=11400, browser=Firefox
Testing: csp_id=573, page_id=11500, browser=Firefox
Testing: csp_id=573, page_id=11600, browser=Firefox
Testing: csp_id=573, page_id=11700, browser=Firefox
Testing: csp_id=573, page_id=11800, browser=Firefox
Testing: csp_id=573, page_id=11900, browser=Firefox
Testing: csp_id=573, page_id=12000, browser=Firefox
Testing: csp_id=573, page_id=12100, browser=Firefox
Testing: csp_id=573, page_id=12200, browser=Firefox
Testing: csp_id=573, page_id=12300, browser=Firefox
Testing: csp_id=573, page_id=12400, browser=Firefox
Testing: csp_id=573, page_id=12500, browser=Firefox
Testing: csp_id=573, page_id=12600, browser=Firefox
Testing: csp_id=573, page_id=12700, browser=Firefox
Testing: csp_id=573, page_id=12800, browser=Firefox
Testing: csp_id=573, page_id=12900, browser=Firefox
Testing: csp_id=573, page_id=13000, browser=Firefox
Testing: csp_id=573, page_id=13100, browser=Firefox
Testing: csp_id=573, page_id=13200, browser=Firefox
Testing: csp_id=573, page_id=13300, browser=Firefox
Testing: csp_id=573, page_id=13400, browser=Firefox
Testing: csp_id=573, page_id=13500, browser=Firefox
Testing: csp_id=573, page_id=13600, browser=Firefox
Testing: csp_id=573, page_id=13700, browser=Firefox
Testing: csp_id=573, page_id=13800, browser=Firefox
Testing: csp_id=573, page_id=13900, browser=Firefox
Testing: csp_id=573, page_id=14000, browser=Firefox
Testing: csp_id=573, page_id=14100, browser=Firefox
Testing: csp_id=573, page_id=14200, browser=Firefox
Testing: csp_id=573, page_id=14300, browser=Firefox
Testing: csp_id=573, page_id=14400, browser=Firefox
Testing: csp_id=573, page_id=14500, browser=Firefox
Testing: csp_id=573, page_id=14600, browser=Firefox
Testing: csp_id=573, page_id=14700, browser=Firefox
Testing: csp_id=573, page_id=14800, browser=Firefox
Testing: csp_id=573, page_id=14900, browser=Firefox
Testing: csp_id=573, page_id=15000, browser=Firefox
Testing: csp_id=573, page_id=15100, browser=Firefox
Testing: csp_id=573, page_id=15200, browser=Firefox
Testing: csp_id=573, page_id=15300, browser=Firefox
Testing: csp_id=573, page_id=15400, browser=Firefox
Testing: csp_id=573, page_id=15500, browser=Firefox
Testing: csp_id=573, page_id=15600, browser=Firefox
Testing: csp_id=573, page_id=15700, browser=Firefox
Testing: csp_id=573, page_id=15800, browser=Firefox
Testing: csp_id=573, page_id=15900, browser=Firefox
Testing: csp_id=573, page_id=16000, browser=Firefox
Testing: csp_id=573, page_id=16100, browser=Firefox
Testing: csp_id=573, page_id=16200, browser=Firefox
Testing: csp_id=573, page_id=16300, browser=Firefox
Testing: csp_id=573, page_id=16400, browser=Firefox
Testing: csp_id=573, page_id=16500, browser=Firefox
Testing: csp_id=573, page_id=16600, browser=Firefox
Testing: csp_id=573, page_id=16700, browser=Firefox
Testing: csp_id=573, page_id=16800, browser=Firefox
Testing: csp_id=573, page_id=16900, browser=Firefox
Testing: csp_id=573, page_id=17000, browser=Firefox
Testing: csp_id=573, page_id=17100, browser=Firefox
Testing: csp_id=573, page_id=17200, browser=Firefox
Testing: csp_id=573, page_id=17300, browser=Firefox
Testing: csp_id=573, page_id=17400, browser=Firefox
Testing: csp_id=573, page_id=17500, browser=Firefox
Testing: csp_id=573, page_id=17600, browser=Firefox
Testing: csp_id=573, page_id=17700, browser=Firefox
Testing: csp_id=573, page_id=17800, browser=Firefox
Testing: csp_id=573, page_id=17900, browser=Firefox
Testing: csp_id=573, page_id=18000, browser=Firefox
Testing: csp_id=573, page_id=18100, browser=Firefox
Testing: csp_id=573, page_id=18200, browser=Firefox
Testing: csp_id=573, page_id=18300, browser=Firefox
Testing: csp_id=573, page_id=18400, browser=Firefox
Testing: csp_id=573, page_id=18500, browser=Firefox
Testing: csp_id=573, page_id=18600, browser=Firefox
Testing: csp_id=573, page_id=18700, browser=Firefox
Testing: csp_id=573, page_id=18800, browser=Firefox
Testing: csp_id=573, page_id=18900, browser=Firefox
Testing: csp_id=573, page_id=19000, browser=Firefox
Testing: csp_id=573, page_id=19100, browser=Firefox
Testing: csp_id=573, page_id=19200, browser=Firefox
Testing: csp_id=573, page_id=19300, browser=Firefox
Testing: csp_id=573, page_id=19400, browser=Firefox
Testing: csp_id=573, page_id=19500, browser=Firefox
Testing: csp_id=573, page_id=19600, browser=Firefox
Testing: csp_id=573, page_id=19700, browser=Firefox
Testing: csp_id=573, page_id=19800, browser=Firefox
Testing: csp_id=573, page_id=19900, browser=Firefox
Testing: csp_id=573, page_id=20000, browser=Firefox
Testing: csp_id=573, page_id=20100, browser=Firefox
Testing: csp_id=573, page_id=20200, browser=Firefox
Testing: csp_id=573, page_id=20300, browser=Firefox
Testing: csp_id=573, page_id=20400, browser=Firefox
Testing: csp_id=573, page_id=20500, browser=Firefox
Testing: csp_id=573, page_id=20600, browser=Firefox
Testing: csp_id=573, page_id=20700, browser=Firefox
Testing: csp_id=573, page_id=20800, browser=Firefox
Testing: csp_id=573, page_id=20900, browser=Firefox
Testing: csp_id=573, page_id=21000, browser=Firefox
Testing: csp_id=573, page_id=21100, browser=Firefox
Testing: csp_id=573, page_id=21200, browser=Firefox
Testing: csp_id=573, page_id=21300, browser=Firefox
Testing: csp_id=573, page_id=21400, browser=Firefox
Testing: csp_id=573, page_id=21500, browser=Firefox
Testing: csp_id=573, page_id=21600, browser=Firefox
Testing: csp_id=573, page_id=21700, browser=Firefox
Testing: csp_id=573, page_id=21800, browser=Firefox
Testing: csp_id=573, page_id=21900, browser=Firefox
Testing: csp_id=573, page_id=22000, browser=Firefox
Testing: csp_id=573, page_id=22100, browser=Firefox
Testing: csp_id=573, page_id=22200, browser=Firefox
Testing: csp_id=573, page_id=22300, browser=Firefox
Testing: csp_id=573, page_id=22400, browser=Firefox
Testing: csp_id=573, page_id=22500, browser=Firefox
Testing: csp_id=573, page_id=22600, browser=Firefox
Testing: csp_id=573, page_id=22700, browser=Firefox
Testing: csp_id=573, page_id=22800, browser=Firefox
Testing: csp_id=573, page_id=22900, browser=Firefox
Testing: csp_id=573, page_id=23000, browser=Firefox
Testing: csp_id=573, page_id=23100, browser=Firefox
Testing: csp_id=573, page_id=23200, browser=Firefox
Testing: csp_id=573, page_id=23300, browser=Firefox
Testing: csp_id=573, page_id=23400, browser=Firefox
Testing: csp_id=573, page_id=23500, browser=Firefox
Testing: csp_id=573, page_id=23600, browser=Firefox
Testing: csp_id=573, page_id=23700, browser=Firefox
Testing: csp_id=573, page_id=23800, browser=Firefox
Testing: csp_id=573, page_id=23900, browser=Firefox
Testing: csp_id=573, page_id=24000, browser=Firefox
Testing: csp_id=573, page_id=24100, browser=Firefox
Testing: csp_id=573, page_id=24200, browser=Firefox
Testing: csp_id=573, page_id=24300, browser=Firefox
Testing: csp_id=573, page_id=24400, browser=Firefox
Testing: csp_id=573, page_id=24500, browser=Firefox
Testing: csp_id=573, page_id=24600, browser=Firefox
Testing: csp_id=573, page_id=24700, browser=Firefox
Testing: csp_id=573, page_id=24800, browser=Firefox
Testing: csp_id=573, page_id=24900, browser=Firefox
Testing: csp_id=573, page_id=25000, browser=Firefox
Testing: csp_id=573, page_id=25100, browser=Firefox
Testing: csp_id=573, page_id=25200, browser=Firefox
Testing: csp_id=573, page_id=25300, browser=Firefox
Testing: csp_id=573, page_id=25400, browser=Firefox
Testing: csp_id=573, page_id=25500, browser=Firefox
Testing: csp_id=573, page_id=25600, browser=Firefox
Testing: csp_id=573, page_id=25700, browser=Firefox
Testing: csp_id=573, page_id=25800, browser=Firefox
Testing: csp_id=573, page_id=25900, browser=Firefox
Testing: csp_id=573, page_id=26000, browser=Firefox
Testing: csp_id=573, page_id=26100, browser=Firefox
Testing: csp_id=573, page_id=26200, browser=Firefox
Testing: csp_id=573, page_id=26300, browser=Firefox
Testing: csp_id=573, page_id=26400, browser=Firefox
Testing: csp_id=573, page_id=26500, browser=Firefox
Testing: csp_id=573, page_id=26600, browser=Firefox
Testing: csp_id=573, page_id=26700, browser=Firefox
Testing: csp_id=573, page_id=26800, browser=Firefox
Testing: csp_id=573, page_id=26900, browser=Firefox
Testing: csp_id=573, page_id=27000, browser=Firefox
Testing: csp_id=573, page_id=27100, browser=Firefox
Testing: csp_id=573, page_id=27200, browser=Firefox
Testing: csp_id=573, page_id=27300, browser=Firefox
Testing: csp_id=573, page_id=27400, browser=Firefox
Testing: csp_id=573, page_id=27500, browser=Firefox
Testing: csp_id=573, page_id=27600, browser=Firefox
Testing: csp_id=573, page_id=27700, browser=Firefox
Testing: csp_id=573, page_id=27800, browser=Firefox
Testing: csp_id=573, page_id=27900, browser=Firefox
Testing: csp_id=573, page_id=28000, browser=Firefox
Testing: csp_id=573, page_id=28100, browser=Firefox
Testing: csp_id=573, page_id=28200, browser=Firefox
Testing: csp_id=573, page_id=28300, browser=Firefox
Testing: csp_id=573, page_id=28400, browser=Firefox
Testing: csp_id=573, page_id=28500, browser=Firefox
Testing: csp_id=573, page_id=28600, browser=Firefox
Testing: csp_id=573, page_id=28700, browser=Firefox
Testing: csp_id=573, page_id=28800, browser=Firefox
Testing: csp_id=573, page_id=28900, browser=Firefox
Testing: csp_id=573, page_id=29000, browser=Firefox
Testing: csp_id=573, page_id=29100, browser=Firefox
Testing: csp_id=573, page_id=29200, browser=Firefox
Testing: csp_id=573, page_id=29300, browser=Firefox
Testing: csp_id=573, page_id=29400, browser=Firefox
Testing: csp_id=573, page_id=29500, browser=Firefox
Testing: csp_id=573, page_id=29600, browser=Firefox
Testing: csp_id=573, page_id=29700, browser=Firefox
Testing: csp_id=573, page_id=29800, browser=Firefox
🏊 create_context_pools[first] (5x16): 31.575s
Testing: csp_id=580, page_id=0, browser=Firefox
Testing: csp_id=580, page_id=100, browser=Firefox
Testing: csp_id=580, page_id=200, browser=Firefox
Testing: csp_id=580, page_id=300, browser=Firefox
Testing: csp_id=580, page_id=400, browser=Firefox
Testing: csp_id=580, page_id=500, browser=Firefox
Testing: csp_id=580, page_id=600, browser=Firefox
Testing: csp_id=580, page_id=700, browser=Firefox
Testing: csp_id=580, page_id=800, browser=Firefox
Testing: csp_id=580, page_id=900, browser=Firefox
Testing: csp_id=580, page_id=1000, browser=Firefox
Testing: csp_id=580, page_id=1100, browser=Firefox
Testing: csp_id=580, page_id=1200, browser=Firefox
Testing: csp_id=580, page_id=1300, browser=Firefox
Testing: csp_id=580, page_id=1400, browser=Firefox
Testing: csp_id=580, page_id=1500, browser=Firefox
Testing: csp_id=580, page_id=1600, browser=Firefox
Testing: csp_id=580, page_id=1700, browser=Firefox
Testing: csp_id=580, page_id=1800, browser=Firefox
Testing: csp_id=580, page_id=1900, browser=Firefox
Testing: csp_id=580, page_id=2000, browser=Firefox
Testing: csp_id=580, page_id=2100, browser=Firefox
Testing: csp_id=580, page_id=2200, browser=Firefox
Testing: csp_id=580, page_id=2300, browser=Firefox
Testing: csp_id=580, page_id=2400, browser=Firefox
Testing: csp_id=580, page_id=2500, browser=Firefox
Testing: csp_id=580, page_id=2600, browser=Firefox
Testing: csp_id=580, page_id=2700, browser=Firefox
Testing: csp_id=580, page_id=2800, browser=Firefox
Testing: csp_id=580, page_id=2900, browser=Firefox
Testing: csp_id=580, page_id=3000, browser=Firefox
Testing: csp_id=580, page_id=3100, browser=Firefox
Testing: csp_id=580, page_id=3200, browser=Firefox
Testing: csp_id=580, page_id=3300, browser=Firefox
Testing: csp_id=580, page_id=3400, browser=Firefox
Testing: csp_id=580, page_id=3500, browser=Firefox
Testing: csp_id=580, page_id=3600, browser=Firefox
Testing: csp_id=580, page_id=3700, browser=Firefox
Testing: csp_id=580, page_id=3800, browser=Firefox
Testing: csp_id=580, page_id=3900, browser=Firefox
Testing: csp_id=580, page_id=4000, browser=Firefox
Testing: csp_id=580, page_id=4100, browser=Firefox
Testing: csp_id=580, page_id=4200, browser=Firefox
Testing: csp_id=580, page_id=4300, browser=Firefox
Testing: csp_id=580, page_id=4400, browser=Firefox
Testing: csp_id=580, page_id=4500, browser=Firefox
Testing: csp_id=580, page_id=4600, browser=Firefox
Testing: csp_id=580, page_id=4700, browser=Firefox
Testing: csp_id=580, page_id=4800, browser=Firefox
Testing: csp_id=580, page_id=4900, browser=Firefox
Testing: csp_id=580, page_id=5000, browser=Firefox
Testing: csp_id=580, page_id=5100, browser=Firefox
Testing: csp_id=580, page_id=5200, browser=Firefox
Testing: csp_id=580, page_id=5300, browser=Firefox
Testing: csp_id=580, page_id=5400, browser=Firefox
Testing: csp_id=580, page_id=5500, browser=Firefox
Testing: csp_id=580, page_id=5600, browser=Firefox
Testing: csp_id=580, page_id=5700, browser=Firefox
Testing: csp_id=580, page_id=5800, browser=Firefox
Testing: csp_id=580, page_id=5900, browser=Firefox
Testing: csp_id=580, page_id=6000, browser=Firefox
Testing: csp_id=580, page_id=6100, browser=Firefox
Testing: csp_id=580, page_id=6200, browser=Firefox
Testing: csp_id=580, page_id=6300, browser=Firefox
Testing: csp_id=580, page_id=6400, browser=Firefox
Testing: csp_id=580, page_id=6500, browser=Firefox
Testing: csp_id=580, page_id=6600, browser=Firefox
Testing: csp_id=580, page_id=6700, browser=Firefox
Testing: csp_id=580, page_id=6800, browser=Firefox
Testing: csp_id=580, page_id=6900, browser=Firefox
Testing: csp_id=580, page_id=7000, browser=Firefox
Testing: csp_id=580, page_id=7100, browser=Firefox
Testing: csp_id=580, page_id=7200, browser=Firefox
Testing: csp_id=580, page_id=7300, browser=Firefox
Testing: csp_id=580, page_id=7400, browser=Firefox
Testing: csp_id=580, page_id=7500, browser=Firefox
Testing: csp_id=580, page_id=7600, browser=Firefox
Testing: csp_id=580, page_id=7700, browser=Firefox
Testing: csp_id=580, page_id=7800, browser=Firefox
Testing: csp_id=580, page_id=7900, browser=Firefox
Testing: csp_id=580, page_id=8000, browser=Firefox
Testing: csp_id=580, page_id=8100, browser=Firefox
Testing: csp_id=580, page_id=8200, browser=Firefox
Testing: csp_id=580, page_id=8300, browser=Firefox
Testing: csp_id=580, page_id=8400, browser=Firefox
Testing: csp_id=580, page_id=8500, browser=Firefox
Testing: csp_id=580, page_id=8600, browser=Firefox
Testing: csp_id=580, page_id=8700, browser=Firefox
Testing: csp_id=580, page_id=8800, browser=Firefox
Testing: csp_id=580, page_id=8900, browser=Firefox
Testing: csp_id=580, page_id=9000, browser=Firefox
Testing: csp_id=580, page_id=9100, browser=Firefox
Testing: csp_id=580, page_id=9200, browser=Firefox
Testing: csp_id=580, page_id=9300, browser=Firefox
Testing: csp_id=580, page_id=9400, browser=Firefox
Testing: csp_id=580, page_id=9500, browser=Firefox
Testing: csp_id=580, page_id=9600, browser=Firefox
Testing: csp_id=580, page_id=9700, browser=Firefox
Testing: csp_id=580, page_id=9800, browser=Firefox
Testing: csp_id=580, page_id=9900, browser=Firefox
Testing: csp_id=580, page_id=10000, browser=Firefox
Testing: csp_id=580, page_id=10100, browser=Firefox
Testing: csp_id=580, page_id=10200, browser=Firefox
Testing: csp_id=580, page_id=10300, browser=Firefox
Testing: csp_id=580, page_id=10400, browser=Firefox
Testing: csp_id=580, page_id=10500, browser=Firefox
Testing: csp_id=580, page_id=10600, browser=Firefox
Testing: csp_id=580, page_id=10700, browser=Firefox
Testing: csp_id=580, page_id=10800, browser=Firefox
Testing: csp_id=580, page_id=10900, browser=Firefox
Testing: csp_id=580, page_id=11000, browser=Firefox
Testing: csp_id=580, page_id=11100, browser=Firefox
Testing: csp_id=580, page_id=11200, browser=Firefox
Testing: csp_id=580, page_id=11300, browser=Firefox
Testing: csp_id=580, page_id=11400, browser=Firefox
Testing: csp_id=580, page_id=11500, browser=Firefox
Testing: csp_id=580, page_id=11600, browser=Firefox
Testing: csp_id=580, page_id=11700, browser=Firefox
Testing: csp_id=580, page_id=11800, browser=Firefox
Testing: csp_id=580, page_id=11900, browser=Firefox
Testing: csp_id=580, page_id=12000, browser=Firefox
Testing: csp_id=580, page_id=12100, browser=Firefox
Testing: csp_id=580, page_id=12200, browser=Firefox
Testing: csp_id=580, page_id=12300, browser=Firefox
Testing: csp_id=580, page_id=12400, browser=Firefox
Testing: csp_id=580, page_id=12500, browser=Firefox
Testing: csp_id=580, page_id=12600, browser=Firefox
Testing: csp_id=580, page_id=12700, browser=Firefox
Testing: csp_id=580, page_id=12800, browser=Firefox
Testing: csp_id=580, page_id=12900, browser=Firefox
Testing: csp_id=580, page_id=13000, browser=Firefox
Testing: csp_id=580, page_id=13100, browser=Firefox
Testing: csp_id=580, page_id=13200, browser=Firefox
Testing: csp_id=580, page_id=13300, browser=Firefox
Testing: csp_id=580, page_id=13400, browser=Firefox
Testing: csp_id=580, page_id=13500, browser=Firefox
Testing: csp_id=580, page_id=13600, browser=Firefox
Testing: csp_id=580, page_id=13700, browser=Firefox
Testing: csp_id=580, page_id=13800, browser=Firefox
Testing: csp_id=580, page_id=13900, browser=Firefox
Testing: csp_id=580, page_id=14000, browser=Firefox
Testing: csp_id=580, page_id=14100, browser=Firefox
Testing: csp_id=580, page_id=14200, browser=Firefox
Testing: csp_id=580, page_id=14300, browser=Firefox
Testing: csp_id=580, page_id=14400, browser=Firefox
Testing: csp_id=580, page_id=14500, browser=Firefox
Testing: csp_id=580, page_id=14600, browser=Firefox
Testing: csp_id=580, page_id=14700, browser=Firefox
Testing: csp_id=580, page_id=14800, browser=Firefox
Testing: csp_id=580, page_id=14900, browser=Firefox
Testing: csp_id=580, page_id=15000, browser=Firefox
Testing: csp_id=580, page_id=15100, browser=Firefox
Testing: csp_id=580, page_id=15200, browser=Firefox
Testing: csp_id=580, page_id=15300, browser=Firefox
Testing: csp_id=580, page_id=15400, browser=Firefox
Testing: csp_id=580, page_id=15500, browser=Firefox
Testing: csp_id=580, page_id=15600, browser=Firefox
Testing: csp_id=580, page_id=15700, browser=Firefox
Testing: csp_id=580, page_id=15800, browser=Firefox
Testing: csp_id=580, page_id=15900, browser=Firefox
Testing: csp_id=580, page_id=16000, browser=Firefox
Testing: csp_id=580, page_id=16100, browser=Firefox
Testing: csp_id=580, page_id=16200, browser=Firefox
Testing: csp_id=580, page_id=16300, browser=Firefox
Testing: csp_id=580, page_id=16400, browser=Firefox
Testing: csp_id=580, page_id=16500, browser=Firefox
Testing: csp_id=580, page_id=16600, browser=Firefox
Testing: csp_id=580, page_id=16700, browser=Firefox
Testing: csp_id=580, page_id=16800, browser=Firefox
Testing: csp_id=580, page_id=16900, browser=Firefox
Testing: csp_id=580, page_id=17000, browser=Firefox
Testing: csp_id=580, page_id=17100, browser=Firefox
Testing: csp_id=580, page_id=17200, browser=Firefox
Testing: csp_id=580, page_id=17300, browser=Firefox
Testing: csp_id=580, page_id=17400, browser=Firefox
Testing: csp_id=580, page_id=17500, browser=Firefox
Testing: csp_id=580, page_id=17600, browser=Firefox
Testing: csp_id=580, page_id=17700, browser=Firefox
Testing: csp_id=580, page_id=17800, browser=Firefox
Testing: csp_id=580, page_id=17900, browser=Firefox
Testing: csp_id=580, page_id=18000, browser=Firefox
Testing: csp_id=580, page_id=18100, browser=Firefox
Testing: csp_id=580, page_id=18200, browser=Firefox
Testing: csp_id=580, page_id=18300, browser=Firefox
Testing: csp_id=580, page_id=18400, browser=Firefox
Testing: csp_id=580, page_id=18500, browser=Firefox
Testing: csp_id=580, page_id=18600, browser=Firefox
Testing: csp_id=580, page_id=18700, browser=Firefox
Testing: csp_id=580, page_id=18800, browser=Firefox
Testing: csp_id=580, page_id=18900, browser=Firefox
Testing: csp_id=580, page_id=19000, browser=Firefox
Testing: csp_id=580, page_id=19100, browser=Firefox
Testing: csp_id=580, page_id=19200, browser=Firefox
Testing: csp_id=580, page_id=19300, browser=Firefox
Testing: csp_id=580, page_id=19400, browser=Firefox
Testing: csp_id=580, page_id=19500, browser=Firefox
Testing: csp_id=580, page_id=19600, browser=Firefox
Testing: csp_id=580, page_id=19700, browser=Firefox
Testing: csp_id=580, page_id=19800, browser=Firefox
Testing: csp_id=580, page_id=19900, browser=Firefox
Testing: csp_id=580, page_id=20000, browser=Firefox
Testing: csp_id=580, page_id=20100, browser=Firefox
Testing: csp_id=580, page_id=20200, browser=Firefox
Testing: csp_id=580, page_id=20300, browser=Firefox
Testing: csp_id=580, page_id=20400, browser=Firefox
Testing: csp_id=580, page_id=20500, browser=Firefox
Testing: csp_id=580, page_id=20600, browser=Firefox
Testing: csp_id=580, page_id=20700, browser=Firefox
Testing: csp_id=580, page_id=20800, browser=Firefox
Testing: csp_id=580, page_id=20900, browser=Firefox
Testing: csp_id=580, page_id=21000, browser=Firefox
Testing: csp_id=580, page_id=21100, browser=Firefox
Testing: csp_id=580, page_id=21200, browser=Firefox
Testing: csp_id=580, page_id=21300, browser=Firefox
Testing: csp_id=580, page_id=21400, browser=Firefox
Testing: csp_id=580, page_id=21500, browser=Firefox
Testing: csp_id=580, page_id=21600, browser=Firefox
Testing: csp_id=580, page_id=21700, browser=Firefox
Testing: csp_id=580, page_id=21800, browser=Firefox
Testing: csp_id=580, page_id=21900, browser=Firefox
Testing: csp_id=580, page_id=22000, browser=Firefox
Testing: csp_id=580, page_id=22100, browser=Firefox
Testing: csp_id=580, page_id=22200, browser=Firefox
Testing: csp_id=580, page_id=22300, browser=Firefox
Testing: csp_id=580, page_id=22400, browser=Firefox
Testing: csp_id=580, page_id=22500, browser=Firefox
Testing: csp_id=580, page_id=22600, browser=Firefox
Testing: csp_id=580, page_id=22700, browser=Firefox
Testing: csp_id=580, page_id=22800, browser=Firefox
Testing: csp_id=580, page_id=22900, browser=Firefox
Testing: csp_id=580, page_id=23000, browser=Firefox
Testing: csp_id=580, page_id=23100, browser=Firefox
Testing: csp_id=580, page_id=23200, browser=Firefox
Testing: csp_id=580, page_id=23300, browser=Firefox
Testing: csp_id=580, page_id=23400, browser=Firefox
Testing: csp_id=580, page_id=23500, browser=Firefox
Testing: csp_id=580, page_id=23600, browser=Firefox
Testing: csp_id=580, page_id=23700, browser=Firefox
Testing: csp_id=580, page_id=23800, browser=Firefox
Testing: csp_id=580, page_id=23900, browser=Firefox
Testing: csp_id=580, page_id=24000, browser=Firefox
Testing: csp_id=580, page_id=24100, browser=Firefox
Testing: csp_id=580, page_id=24200, browser=Firefox
Testing: csp_id=580, page_id=24300, browser=Firefox
Testing: csp_id=580, page_id=24400, browser=Firefox
Testing: csp_id=580, page_id=24500, browser=Firefox
Testing: csp_id=580, page_id=24600, browser=Firefox
Testing: csp_id=580, page_id=24700, browser=Firefox
Testing: csp_id=580, page_id=24800, browser=Firefox
Testing: csp_id=580, page_id=24900, browser=Firefox
Testing: csp_id=580, page_id=25000, browser=Firefox
Testing: csp_id=580, page_id=25100, browser=Firefox
Testing: csp_id=580, page_id=25200, browser=Firefox
Testing: csp_id=580, page_id=25300, browser=Firefox
Testing: csp_id=580, page_id=25400, browser=Firefox
Testing: csp_id=580, page_id=25500, browser=Firefox
Testing: csp_id=580, page_id=25600, browser=Firefox
Testing: csp_id=580, page_id=25700, browser=Firefox
Testing: csp_id=580, page_id=25800, browser=Firefox
Testing: csp_id=580, page_id=25900, browser=Firefox
Testing: csp_id=580, page_id=26000, browser=Firefox
Testing: csp_id=580, page_id=26100, browser=Firefox
Testing: csp_id=580, page_id=26200, browser=Firefox
Testing: csp_id=580, page_id=26300, browser=Firefox
Testing: csp_id=580, page_id=26400, browser=Firefox
Testing: csp_id=580, page_id=26500, browser=Firefox
Testing: csp_id=580, page_id=26600, browser=Firefox
Testing: csp_id=580, page_id=26700, browser=Firefox
Testing: csp_id=580, page_id=26800, browser=Firefox
Testing: csp_id=580, page_id=26900, browser=Firefox
Testing: csp_id=580, page_id=27000, browser=Firefox
Testing: csp_id=580, page_id=27100, browser=Firefox
Testing: csp_id=580, page_id=27200, browser=Firefox
Testing: csp_id=580, page_id=27300, browser=Firefox
Testing: csp_id=580, page_id=27400, browser=Firefox
Testing: csp_id=580, page_id=27500, browser=Firefox
Testing: csp_id=580, page_id=27600, browser=Firefox
Testing: csp_id=580, page_id=27700, browser=Firefox
Testing: csp_id=580, page_id=27800, browser=Firefox
Testing: csp_id=580, page_id=27900, browser=Firefox
Testing: csp_id=580, page_id=28000, browser=Firefox
Testing: csp_id=580, page_id=28100, browser=Firefox
Testing: csp_id=580, page_id=28200, browser=Firefox
Testing: csp_id=580, page_id=28300, browser=Firefox
Testing: csp_id=580, page_id=28400, browser=Firefox
Testing: csp_id=580, page_id=28500, browser=Firefox
Testing: csp_id=580, page_id=28600, browser=Firefox
Testing: csp_id=580, page_id=28700, browser=Firefox
Testing: csp_id=580, page_id=28800, browser=Firefox
Testing: csp_id=580, page_id=28900, browser=Firefox
Testing: csp_id=580, page_id=29000, browser=Firefox
Testing: csp_id=580, page_id=29100, browser=Firefox
Testing: csp_id=580, page_id=29200, browser=Firefox
Testing: csp_id=580, page_id=29300, browser=Firefox
Testing: csp_id=580, page_id=29400, browser=Firefox
Testing: csp_id=580, page_id=29500, browser=Firefox
Testing: csp_id=580, page_id=29600, browser=Firefox
Testing: csp_id=580, page_id=29700, browser=Firefox
Testing: csp_id=580, page_id=29800, browser=Firefox
🏊 create_context_pools[first] (5x16): 27.758s
Testing: csp_id=591, page_id=0, browser=Firefox
Testing: csp_id=591, page_id=100, browser=Firefox
Testing: csp_id=591, page_id=200, browser=Firefox
Testing: csp_id=591, page_id=300, browser=Firefox
Testing: csp_id=591, page_id=400, browser=Firefox
Testing: csp_id=591, page_id=500, browser=Firefox
Testing: csp_id=591, page_id=600, browser=Firefox
Testing: csp_id=591, page_id=700, browser=Firefox
Testing: csp_id=591, page_id=800, browser=Firefox
Testing: csp_id=591, page_id=900, browser=Firefox
Testing: csp_id=591, page_id=1000, browser=Firefox
Testing: csp_id=591, page_id=1100, browser=Firefox
Testing: csp_id=591, page_id=1200, browser=Firefox
Testing: csp_id=591, page_id=1300, browser=Firefox
Testing: csp_id=591, page_id=1400, browser=Firefox
Testing: csp_id=591, page_id=1500, browser=Firefox
Testing: csp_id=591, page_id=1600, browser=Firefox
Testing: csp_id=591, page_id=1700, browser=Firefox
Testing: csp_id=591, page_id=1800, browser=Firefox
Testing: csp_id=591, page_id=1900, browser=Firefox
Testing: csp_id=591, page_id=2000, browser=Firefox
Testing: csp_id=591, page_id=2100, browser=Firefox
Testing: csp_id=591, page_id=2200, browser=Firefox
Testing: csp_id=591, page_id=2300, browser=Firefox
Testing: csp_id=591, page_id=2400, browser=Firefox
Testing: csp_id=591, page_id=2500, browser=Firefox
Testing: csp_id=591, page_id=2600, browser=Firefox
Testing: csp_id=591, page_id=2700, browser=Firefox
Testing: csp_id=591, page_id=2800, browser=Firefox
Testing: csp_id=591, page_id=2900, browser=Firefox
Testing: csp_id=591, page_id=3000, browser=Firefox
Testing: csp_id=591, page_id=3100, browser=Firefox
Testing: csp_id=591, page_id=3200, browser=Firefox
Testing: csp_id=591, page_id=3300, browser=Firefox
Testing: csp_id=591, page_id=3400, browser=Firefox
Testing: csp_id=591, page_id=3500, browser=Firefox
Testing: csp_id=591, page_id=3600, browser=Firefox
Testing: csp_id=591, page_id=3700, browser=Firefox
Testing: csp_id=591, page_id=3800, browser=Firefox
Testing: csp_id=591, page_id=3900, browser=Firefox
Testing: csp_id=591, page_id=4000, browser=Firefox
Testing: csp_id=591, page_id=4100, browser=Firefox
Testing: csp_id=591, page_id=4200, browser=Firefox
Testing: csp_id=591, page_id=4300, browser=Firefox
Testing: csp_id=591, page_id=4400, browser=Firefox
Testing: csp_id=591, page_id=4500, browser=Firefox
Testing: csp_id=591, page_id=4600, browser=Firefox
Testing: csp_id=591, page_id=4700, browser=Firefox
Testing: csp_id=591, page_id=4800, browser=Firefox
Testing: csp_id=591, page_id=4900, browser=Firefox
Testing: csp_id=591, page_id=5000, browser=Firefox
Testing: csp_id=591, page_id=5100, browser=Firefox
Testing: csp_id=591, page_id=5200, browser=Firefox
Testing: csp_id=591, page_id=5300, browser=Firefox
Testing: csp_id=591, page_id=5400, browser=Firefox
Testing: csp_id=591, page_id=5500, browser=Firefox
Testing: csp_id=591, page_id=5600, browser=Firefox
Testing: csp_id=591, page_id=5700, browser=Firefox
Testing: csp_id=591, page_id=5800, browser=Firefox
Testing: csp_id=591, page_id=5900, browser=Firefox
Testing: csp_id=591, page_id=6000, browser=Firefox
Testing: csp_id=591, page_id=6100, browser=Firefox
Testing: csp_id=591, page_id=6200, browser=Firefox
Testing: csp_id=591, page_id=6300, browser=Firefox
Testing: csp_id=591, page_id=6400, browser=Firefox
Testing: csp_id=591, page_id=6500, browser=Firefox
Testing: csp_id=591, page_id=6600, browser=Firefox
Testing: csp_id=591, page_id=6700, browser=Firefox
Testing: csp_id=591, page_id=6800, browser=Firefox
Testing: csp_id=591, page_id=6900, browser=Firefox
Testing: csp_id=591, page_id=7000, browser=Firefox
Testing: csp_id=591, page_id=7100, browser=Firefox
Testing: csp_id=591, page_id=7200, browser=Firefox
Testing: csp_id=591, page_id=7300, browser=Firefox
Testing: csp_id=591, page_id=7400, browser=Firefox
Testing: csp_id=591, page_id=7500, browser=Firefox
Testing: csp_id=591, page_id=7600, browser=Firefox
Testing: csp_id=591, page_id=7700, browser=Firefox
Testing: csp_id=591, page_id=7800, browser=Firefox
Testing: csp_id=591, page_id=7900, browser=Firefox
Testing: csp_id=591, page_id=8000, browser=Firefox
Testing: csp_id=591, page_id=8100, browser=Firefox
Testing: csp_id=591, page_id=8200, browser=Firefox
Testing: csp_id=591, page_id=8300, browser=Firefox
Testing: csp_id=591, page_id=8400, browser=Firefox
Testing: csp_id=591, page_id=8500, browser=Firefox
Testing: csp_id=591, page_id=8600, browser=Firefox
Testing: csp_id=591, page_id=8700, browser=Firefox
Testing: csp_id=591, page_id=8800, browser=Firefox
Testing: csp_id=591, page_id=8900, browser=Firefox
Testing: csp_id=591, page_id=9000, browser=Firefox
Testing: csp_id=591, page_id=9100, browser=Firefox
Testing: csp_id=591, page_id=9200, browser=Firefox
Testing: csp_id=591, page_id=9300, browser=Firefox
Testing: csp_id=591, page_id=9400, browser=Firefox
Testing: csp_id=591, page_id=9500, browser=Firefox
Testing: csp_id=591, page_id=9600, browser=Firefox
Testing: csp_id=591, page_id=9700, browser=Firefox
Testing: csp_id=591, page_id=9800, browser=Firefox
Testing: csp_id=591, page_id=9900, browser=Firefox
Testing: csp_id=591, page_id=10000, browser=Firefox
Testing: csp_id=591, page_id=10100, browser=Firefox
Testing: csp_id=591, page_id=10200, browser=Firefox
Testing: csp_id=591, page_id=10300, browser=Firefox
Testing: csp_id=591, page_id=10400, browser=Firefox
Testing: csp_id=591, page_id=10500, browser=Firefox
Testing: csp_id=591, page_id=10600, browser=Firefox
Testing: csp_id=591, page_id=10700, browser=Firefox
Testing: csp_id=591, page_id=10800, browser=Firefox
Testing: csp_id=591, page_id=10900, browser=Firefox
Testing: csp_id=591, page_id=11000, browser=Firefox
Testing: csp_id=591, page_id=11100, browser=Firefox
Testing: csp_id=591, page_id=11200, browser=Firefox
Testing: csp_id=591, page_id=11300, browser=Firefox
Testing: csp_id=591, page_id=11400, browser=Firefox
Testing: csp_id=591, page_id=11500, browser=Firefox
Testing: csp_id=591, page_id=11600, browser=Firefox
Testing: csp_id=591, page_id=11700, browser=Firefox
Testing: csp_id=591, page_id=11800, browser=Firefox
Testing: csp_id=591, page_id=11900, browser=Firefox
Testing: csp_id=591, page_id=12000, browser=Firefox
Testing: csp_id=591, page_id=12100, browser=Firefox
Testing: csp_id=591, page_id=12200, browser=Firefox
Testing: csp_id=591, page_id=12300, browser=Firefox
Testing: csp_id=591, page_id=12400, browser=Firefox
Testing: csp_id=591, page_id=12500, browser=Firefox
Testing: csp_id=591, page_id=12600, browser=Firefox
Testing: csp_id=591, page_id=12700, browser=Firefox
Testing: csp_id=591, page_id=12800, browser=Firefox
Testing: csp_id=591, page_id=12900, browser=Firefox
Testing: csp_id=591, page_id=13000, browser=Firefox
Testing: csp_id=591, page_id=13100, browser=Firefox
Testing: csp_id=591, page_id=13200, browser=Firefox
Testing: csp_id=591, page_id=13300, browser=Firefox
Testing: csp_id=591, page_id=13400, browser=Firefox
Testing: csp_id=591, page_id=13500, browser=Firefox
Testing: csp_id=591, page_id=13600, browser=Firefox
Testing: csp_id=591, page_id=13700, browser=Firefox
Testing: csp_id=591, page_id=13800, browser=Firefox
Testing: csp_id=591, page_id=13900, browser=Firefox
Testing: csp_id=591, page_id=14000, browser=Firefox
Testing: csp_id=591, page_id=14100, browser=Firefox
Testing: csp_id=591, page_id=14200, browser=Firefox
Testing: csp_id=591, page_id=14300, browser=Firefox
Testing: csp_id=591, page_id=14400, browser=Firefox
Testing: csp_id=591, page_id=14500, browser=Firefox
Testing: csp_id=591, page_id=14600, browser=Firefox
Testing: csp_id=591, page_id=14700, browser=Firefox
Testing: csp_id=591, page_id=14800, browser=Firefox
Testing: csp_id=591, page_id=14900, browser=Firefox
Testing: csp_id=591, page_id=15000, browser=Firefox
Testing: csp_id=591, page_id=15100, browser=Firefox
Testing: csp_id=591, page_id=15200, browser=Firefox
Testing: csp_id=591, page_id=15300, browser=Firefox
Testing: csp_id=591, page_id=15400, browser=Firefox
Testing: csp_id=591, page_id=15500, browser=Firefox
Testing: csp_id=591, page_id=15600, browser=Firefox
Testing: csp_id=591, page_id=15700, browser=Firefox
Testing: csp_id=591, page_id=15800, browser=Firefox
Testing: csp_id=591, page_id=15900, browser=Firefox
Testing: csp_id=591, page_id=16000, browser=Firefox
Testing: csp_id=591, page_id=16100, browser=Firefox
Testing: csp_id=591, page_id=16200, browser=Firefox
Testing: csp_id=591, page_id=16300, browser=Firefox
Testing: csp_id=591, page_id=16400, browser=Firefox
[ERROR] page_id=16434 csp_id=591, Page.goto: Connection closed while reading from the driver
[ERROR] page_id=16435 csp_id=591, Page.goto: Connection closed while reading from the driver
[ERROR] page_id=16436 csp_id=591, Page.goto: Connection closed while reading from the driver
[ERROR] page_id=16437 csp_id=591, Page.goto: Connection closed while reading from the driver
[ERROR] page_id=16438 csp_id=591, Page.goto: Connection closed while reading from the driver
[ERROR] page_id=16439 csp_id=591, Page.goto: Connection closed while reading from the driver
[ERROR] page_id=16440 csp_id=591, Page.goto: Connection closed while reading from the driver
[ERROR] page_id=16441 csp_id=591, Page.goto: Connection closed while reading from the driver
[ERROR] page_id=16442 csp_id=591, Page.goto: Connection closed while reading from the driver
[ERROR] page_id=16443 csp_id=591, Page.goto: Connection closed while reading from the driver
[ERROR] page_id=16444 csp_id=591, Page.goto: Connection closed while reading from the driver
[ERROR] page_id=16445 csp_id=591, Page.goto: Connection closed while reading from the driver
[ERROR] page_id=16446 csp_id=591, Page.goto: Connection closed while reading from the driver
[ERROR] page_id=16447 csp_id=591, Page.goto: Connection closed while reading from the driver
pipe closed by peer or os.write(pipe, data) raised exception.
pipe closed by peer or os.write(pipe, data) raised exception.
pipe closed by peer or os.write(pipe, data) raised exception.
pipe closed by peer or os.write(pipe, data) raised exception.
pipe closed by peer or os.write(pipe, data) raised exception.
pipe closed by peer or os.write(pipe, data) raised exception.
pipe closed by peer or os.write(pipe, data) raised exception.
pipe closed by peer or os.write(pipe, data) raised exception.
pipe closed by peer or os.write(pipe, data) raised exception.
pipe closed by peer or os.write(pipe, data) raised exception.
pipe closed by peer or os.write(pipe, data) raised exception.
[ERROR] page_id=16448 csp_id=591, Page.goto: Connection closed while reading from the driver
[ERROR] page_id=16449 csp_id=591, Page.goto: Connection closed while reading from the driver
[ERROR] page_id=16450 csp_id=591, Page.goto: Connection closed while reading from the driver
[ERROR] page_id=16451 csp_id=591, Page.goto: Connection closed while reading from the driver
[ERROR] page_id=16452 csp_id=591, Page.goto: Connection closed while reading from the driver
[ERROR] page_id=16453 csp_id=591, Page.goto: Connection closed while reading from the driver
[ERROR] page_id=16454 csp_id=591, Page.goto: Connection closed while reading from the driver
[ERROR] page_id=16455 csp_id=591, Page.goto: Connection closed while reading from the driver
[ERROR] page_id=16456 csp_id=591, Page.goto: Connection closed while reading from the driver
[ERROR] page_id=16457 csp_id=591, Page.goto: Connection closed while reading from the driver
[ERROR] page_id=16458 csp_id=591, Page.goto: Connection closed while reading from the driver
[ERROR] page_id=16459 csp_id=591, Page.goto: Connection closed while reading from the driver
[ERROR] page_id=16460 csp_id=591, Page.goto: Connection closed while reading from the driver
[ERROR] page_id=16461 csp_id=591, Page.goto: Connection closed while reading from the driver
[ERROR] page_id=16462 csp_id=591, Page.goto: Connection closed while reading from the driver
[ERROR] page_id=16463 csp_id=591, Page.goto: Connection closed while reading from the driver
pipe closed by peer or os.write(pipe, data) raised exception.
pipe closed by peer or os.write(pipe, data) raised exception.
pipe closed by peer or os.write(pipe, data) raised exception.
pipe closed by peer or os.write(pipe, data) raised exception.
pipe closed by peer or os.write(pipe, data) raised exception.
pipe closed by peer or os.write(pipe, data) raised exception.
pipe closed by peer or os.write(pipe, data) raised exception.
pipe closed by peer or os.write(pipe, data) raised exception.
pipe closed by peer or os.write(pipe, data) raised exception.
pipe closed by peer or os.write(pipe, data) raised exception.
pipe closed by peer or os.write(pipe, data) raised exception.
pipe closed by peer or os.write(pipe, data) raised exception.
pipe closed by peer or os.write(pipe, data) raised exception.
pipe closed by peer or os.write(pipe, data) raised exception.
pipe closed by peer or os.write(pipe, data) raised exception.
pipe closed by peer or os.write(pipe, data) raised exception.
[ERROR] page_id=16464 csp_id=591, Page.goto: Connection closed while reading from the driver
[ERROR] page_id=16465 csp_id=591, Page.goto: Connection closed while reading from the driver
[ERROR] page_id=16466 csp_id=591, Page.goto: Connection closed while reading from the driver
[ERROR] page_id=16467 csp_id=591, Page.goto: Connection closed while reading from the driver
[ERROR] page_id=16468 csp_id=591, Page.goto: Connection closed while reading from the driver
[ERROR] page_id=16469 csp_id=591, Page.goto: Connection closed while reading from the driver
[ERROR] page_id=16470 csp_id=591, Page.goto: Connection closed while reading from the driver
[ERROR] page_id=16471 csp_id=591, Page.goto: Connection closed while reading from the driver
[ERROR] page_id=16472 csp_id=591, Page.goto: Connection closed while reading from the driver
[ERROR] page_id=16473 csp_id=591, Page.goto: Connection closed while reading from the driver
[ERROR] page_id=16474 csp_id=591, Page.goto: Connection closed while reading from the driver
[ERROR] page_id=16475 csp_id=591, Page.goto: Connection closed while reading from the driver
[ERROR] page_id=16476 csp_id=591, Page.goto: Connection closed while reading from the driver
[ERROR] page_id=16477 csp_id=591, Page.goto: Connection closed while reading from the driver
[ERROR] page_id=16478 csp_id=591, Page.goto: Connection closed while reading from the driver
[ERROR] page_id=16479 csp_id=591, Page.goto: Connection closed while reading from the driver
pipe closed by peer or os.write(pipe, data) raised exception.
pipe closed by peer or os.write(pipe, data) raised exception.
pipe closed by peer or os.write(pipe, data) raised exception.
pipe closed by peer or os.write(pipe, data) raised exception.
pipe closed by peer or os.write(pipe, data) raised exception.
pipe closed by peer or os.write(pipe, data) raised exception.
pipe closed by peer or os.write(pipe, data) raised exception.
pipe closed by peer or os.write(pipe, data) raised exception.
pipe closed by peer or os.write(pipe, data) raised exception.
pipe closed by peer or os.write(pipe, data) raised exception.
pipe closed by peer or os.write(pipe, data) raised exception.
pipe closed by peer or os.write(pipe, data) raised exception.
pipe closed by peer or os.write(pipe, data) raised exception.
pipe closed by peer or os.write(pipe, data) raised exception.
pipe closed by peer or os.write(pipe, data) raised exception.
pipe closed by peer or os.write(pipe, data) raised exception.
[ERROR] page_id=16480 csp_id=591, Page.goto: Connection closed while reading from the driver
[ERROR] page_id=16481 csp_id=591, Page.goto: Connection closed while reading from the driver
[ERROR] page_id=16482 csp_id=591, Page.goto: Connection closed while reading from the driver
[ERROR] page_id=16483 csp_id=591, Page.goto: Connection closed while reading from the driver
[ERROR] page_id=16484 csp_id=591, Page.goto: Connection closed while reading from the driver
[ERROR] page_id=16485 csp_id=591, Page.goto: Connection closed while reading from the driver
[ERROR] page_id=16486 csp_id=591, Page.goto: Connection closed while reading from the driver
[ERROR] page_id=16487 csp_id=591, Page.goto: Connection closed while reading from the driver
[ERROR] page_id=16488 csp_id=591, Page.goto: Connection closed while reading from the driver
[ERROR] page_id=16489 csp_id=591, Page.goto: Connection closed while reading from the driver
[ERROR] page_id=16490 csp_id=591, Page.goto: Connection closed while reading from the driver
[ERROR] page_id=16491 csp_id=591, Page.goto: Connection closed while reading from the driver
[ERROR] page_id=16492 csp_id=591, Page.goto: Connection closed while reading from the driver
[ERROR] page_id=16493 csp_id=591, Page.goto: Connection closed while reading from the driver
[ERROR] page_id=16494 csp_id=591, Page.goto: Connection closed while reading from the driver
[ERROR] page_id=16495 csp_id=591, Page.goto: Connection closed while reading from the driver
