=========Notice: Full run mode=========
current_playwright_page_split_num is 1
=======================================
🏊 create_context_pools[first] (5x16): 20.020s
Testing: csp_id=7, page_id=0, browser=Firefox
Testing: csp_id=7, page_id=100, browser=Firefox
Testing: csp_id=7, page_id=200, browser=Firefox
Testing: csp_id=7, page_id=300, browser=Firefox
Testing: csp_id=7, page_id=400, browser=Firefox
Testing: csp_id=7, page_id=500, browser=Firefox
Testing: csp_id=7, page_id=600, browser=Firefox
Testing: csp_id=7, page_id=700, browser=Firefox
Testing: csp_id=7, page_id=800, browser=Firefox
Testing: csp_id=7, page_id=900, browser=Firefox
Testing: csp_id=7, page_id=1000, browser=Firefox
Testing: csp_id=7, page_id=1100, browser=Firefox
Testing: csp_id=7, page_id=1200, browser=Firefox
Testing: csp_id=7, page_id=1300, browser=Firefox
Testing: csp_id=7, page_id=1400, browser=Firefox
Testing: csp_id=7, page_id=1500, browser=Firefox
Testing: csp_id=7, page_id=1600, browser=Firefox
Testing: csp_id=7, page_id=1700, browser=Firefox
Testing: csp_id=7, page_id=1800, browser=Firefox
Testing: csp_id=7, page_id=1900, browser=Firefox
Testing: csp_id=7, page_id=2000, browser=Firefox
Testing: csp_id=7, page_id=2100, browser=Firefox
Testing: csp_id=7, page_id=2200, browser=Firefox
Testing: csp_id=7, page_id=2300, browser=Firefox
Testing: csp_id=7, page_id=2400, browser=Firefox
Testing: csp_id=7, page_id=2500, browser=Firefox
Testing: csp_id=7, page_id=2600, browser=Firefox
Testing: csp_id=7, page_id=2700, browser=Firefox
Testing: csp_id=7, page_id=2800, browser=Firefox
Testing: csp_id=7, page_id=2900, browser=Firefox
Testing: csp_id=7, page_id=3000, browser=Firefox
Testing: csp_id=7, page_id=3100, browser=Firefox
Testing: csp_id=7, page_id=3200, browser=Firefox
Testing: csp_id=7, page_id=3300, browser=Firefox
Testing: csp_id=7, page_id=3400, browser=Firefox
Testing: csp_id=7, page_id=3500, browser=Firefox
Testing: csp_id=7, page_id=3600, browser=Firefox
Testing: csp_id=7, page_id=3700, browser=Firefox
Testing: csp_id=7, page_id=3800, browser=Firefox
Testing: csp_id=7, page_id=3900, browser=Firefox
Testing: csp_id=7, page_id=4000, browser=Firefox
Testing: csp_id=7, page_id=4100, browser=Firefox
Testing: csp_id=7, page_id=4200, browser=Firefox
Testing: csp_id=7, page_id=4300, browser=Firefox
Testing: csp_id=7, page_id=4400, browser=Firefox
Testing: csp_id=7, page_id=4500, browser=Firefox
Testing: csp_id=7, page_id=4600, browser=Firefox
Testing: csp_id=7, page_id=4700, browser=Firefox
Testing: csp_id=7, page_id=4800, browser=Firefox
Testing: csp_id=7, page_id=4900, browser=Firefox
Testing: csp_id=7, page_id=5000, browser=Firefox
Testing: csp_id=7, page_id=5100, browser=Firefox
Testing: csp_id=7, page_id=5200, browser=Firefox
Testing: csp_id=7, page_id=5300, browser=Firefox
Testing: csp_id=7, page_id=5400, browser=Firefox
Testing: csp_id=7, page_id=5500, browser=Firefox
Testing: csp_id=7, page_id=5600, browser=Firefox
Testing: csp_id=7, page_id=5700, browser=Firefox
Testing: csp_id=7, page_id=5800, browser=Firefox
Testing: csp_id=7, page_id=5900, browser=Firefox
Testing: csp_id=7, page_id=6000, browser=Firefox
Testing: csp_id=7, page_id=6100, browser=Firefox
Testing: csp_id=7, page_id=6200, browser=Firefox
Testing: csp_id=7, page_id=6300, browser=Firefox
Testing: csp_id=7, page_id=6400, browser=Firefox
Testing: csp_id=7, page_id=6500, browser=Firefox
Testing: csp_id=7, page_id=6600, browser=Firefox
Testing: csp_id=7, page_id=6700, browser=Firefox
Testing: csp_id=7, page_id=6800, browser=Firefox
Testing: csp_id=7, page_id=6900, browser=Firefox
Testing: csp_id=7, page_id=7000, browser=Firefox
Testing: csp_id=7, page_id=7100, browser=Firefox
Testing: csp_id=7, page_id=7200, browser=Firefox
Testing: csp_id=7, page_id=7300, browser=Firefox
Testing: csp_id=7, page_id=7400, browser=Firefox
Testing: csp_id=7, page_id=7500, browser=Firefox
Testing: csp_id=7, page_id=7600, browser=Firefox
Testing: csp_id=7, page_id=7700, browser=Firefox
Testing: csp_id=7, page_id=7800, browser=Firefox
Testing: csp_id=7, page_id=7900, browser=Firefox
Testing: csp_id=7, page_id=8000, browser=Firefox
Testing: csp_id=7, page_id=8100, browser=Firefox
Testing: csp_id=7, page_id=8200, browser=Firefox
Testing: csp_id=7, page_id=8300, browser=Firefox
Testing: csp_id=7, page_id=8400, browser=Firefox
Testing: csp_id=7, page_id=8500, browser=Firefox
Testing: csp_id=7, page_id=8600, browser=Firefox
Testing: csp_id=7, page_id=8700, browser=Firefox
Testing: csp_id=7, page_id=8800, browser=Firefox
Testing: csp_id=7, page_id=8900, browser=Firefox
Testing: csp_id=7, page_id=9000, browser=Firefox
Testing: csp_id=7, page_id=9100, browser=Firefox
Testing: csp_id=7, page_id=9200, browser=Firefox
Testing: csp_id=7, page_id=9300, browser=Firefox
Testing: csp_id=7, page_id=9400, browser=Firefox
Testing: csp_id=7, page_id=9500, browser=Firefox
Testing: csp_id=7, page_id=9600, browser=Firefox
Testing: csp_id=7, page_id=9700, browser=Firefox
Testing: csp_id=7, page_id=9800, browser=Firefox
Testing: csp_id=7, page_id=9900, browser=Firefox
Testing: csp_id=7, page_id=10000, browser=Firefox
Testing: csp_id=7, page_id=10100, browser=Firefox
Testing: csp_id=7, page_id=10200, browser=Firefox
Testing: csp_id=7, page_id=10300, browser=Firefox
Testing: csp_id=7, page_id=10400, browser=Firefox
Testing: csp_id=7, page_id=10500, browser=Firefox
Testing: csp_id=7, page_id=10600, browser=Firefox
Testing: csp_id=7, page_id=10700, browser=Firefox
Testing: csp_id=7, page_id=10800, browser=Firefox
Testing: csp_id=7, page_id=10900, browser=Firefox
Testing: csp_id=7, page_id=11000, browser=Firefox
Testing: csp_id=7, page_id=11100, browser=Firefox
Testing: csp_id=7, page_id=11200, browser=Firefox
Testing: csp_id=7, page_id=11300, browser=Firefox
Testing: csp_id=7, page_id=11400, browser=Firefox
Testing: csp_id=7, page_id=11500, browser=Firefox
Testing: csp_id=7, page_id=11600, browser=Firefox
Testing: csp_id=7, page_id=11700, browser=Firefox
Testing: csp_id=7, page_id=11800, browser=Firefox
Testing: csp_id=7, page_id=11900, browser=Firefox
Testing: csp_id=7, page_id=12000, browser=Firefox
Testing: csp_id=7, page_id=12100, browser=Firefox
Testing: csp_id=7, page_id=12200, browser=Firefox
Testing: csp_id=7, page_id=12300, browser=Firefox
Testing: csp_id=7, page_id=12400, browser=Firefox
Testing: csp_id=7, page_id=12500, browser=Firefox
Testing: csp_id=7, page_id=12600, browser=Firefox
Testing: csp_id=7, page_id=12700, browser=Firefox
Testing: csp_id=7, page_id=12800, browser=Firefox
Testing: csp_id=7, page_id=12900, browser=Firefox
Testing: csp_id=7, page_id=13000, browser=Firefox
Testing: csp_id=7, page_id=13100, browser=Firefox
Testing: csp_id=7, page_id=13200, browser=Firefox
Testing: csp_id=7, page_id=13300, browser=Firefox
Testing: csp_id=7, page_id=13400, browser=Firefox
Testing: csp_id=7, page_id=13500, browser=Firefox
Testing: csp_id=7, page_id=13600, browser=Firefox
Testing: csp_id=7, page_id=13700, browser=Firefox
Testing: csp_id=7, page_id=13800, browser=Firefox
Testing: csp_id=7, page_id=13900, browser=Firefox
Testing: csp_id=7, page_id=14000, browser=Firefox
Testing: csp_id=7, page_id=14100, browser=Firefox
Testing: csp_id=7, page_id=14200, browser=Firefox
Testing: csp_id=7, page_id=14300, browser=Firefox
Testing: csp_id=7, page_id=14400, browser=Firefox
Testing: csp_id=7, page_id=14500, browser=Firefox
Testing: csp_id=7, page_id=14600, browser=Firefox
Testing: csp_id=7, page_id=14700, browser=Firefox
Testing: csp_id=7, page_id=14800, browser=Firefox
Testing: csp_id=7, page_id=14900, browser=Firefox
Testing: csp_id=7, page_id=15000, browser=Firefox
Testing: csp_id=7, page_id=15100, browser=Firefox
Testing: csp_id=7, page_id=15200, browser=Firefox
Testing: csp_id=7, page_id=15300, browser=Firefox
Testing: csp_id=7, page_id=15400, browser=Firefox
Testing: csp_id=7, page_id=15500, browser=Firefox
Testing: csp_id=7, page_id=15600, browser=Firefox
Testing: csp_id=7, page_id=15700, browser=Firefox
Testing: csp_id=7, page_id=15800, browser=Firefox
Testing: csp_id=7, page_id=15900, browser=Firefox
Testing: csp_id=7, page_id=16000, browser=Firefox
Testing: csp_id=7, page_id=16100, browser=Firefox
Testing: csp_id=7, page_id=16200, browser=Firefox
Testing: csp_id=7, page_id=16300, browser=Firefox
Testing: csp_id=7, page_id=16400, browser=Firefox
Testing: csp_id=7, page_id=16500, browser=Firefox
Testing: csp_id=7, page_id=16600, browser=Firefox
Testing: csp_id=7, page_id=16700, browser=Firefox
Testing: csp_id=7, page_id=16800, browser=Firefox
Testing: csp_id=7, page_id=16900, browser=Firefox
Testing: csp_id=7, page_id=17000, browser=Firefox
Testing: csp_id=7, page_id=17100, browser=Firefox
Testing: csp_id=7, page_id=17200, browser=Firefox
Testing: csp_id=7, page_id=17300, browser=Firefox
Testing: csp_id=7, page_id=17400, browser=Firefox
Testing: csp_id=7, page_id=17500, browser=Firefox
Testing: csp_id=7, page_id=17600, browser=Firefox
Testing: csp_id=7, page_id=17700, browser=Firefox
Testing: csp_id=7, page_id=17800, browser=Firefox
Testing: csp_id=7, page_id=17900, browser=Firefox
Testing: csp_id=7, page_id=18000, browser=Firefox
Testing: csp_id=7, page_id=18100, browser=Firefox
Testing: csp_id=7, page_id=18200, browser=Firefox
Testing: csp_id=7, page_id=18300, browser=Firefox
Testing: csp_id=7, page_id=18400, browser=Firefox
Testing: csp_id=7, page_id=18500, browser=Firefox
Testing: csp_id=7, page_id=18600, browser=Firefox
Testing: csp_id=7, page_id=18700, browser=Firefox
Testing: csp_id=7, page_id=18800, browser=Firefox
Testing: csp_id=7, page_id=18900, browser=Firefox
Testing: csp_id=7, page_id=19000, browser=Firefox
Testing: csp_id=7, page_id=19100, browser=Firefox
Testing: csp_id=7, page_id=19200, browser=Firefox
Testing: csp_id=7, page_id=19300, browser=Firefox
Testing: csp_id=7, page_id=19400, browser=Firefox
Testing: csp_id=7, page_id=19500, browser=Firefox
Testing: csp_id=7, page_id=19600, browser=Firefox
Testing: csp_id=7, page_id=19700, browser=Firefox
Testing: csp_id=7, page_id=19800, browser=Firefox
Testing: csp_id=7, page_id=19900, browser=Firefox
Testing: csp_id=7, page_id=20000, browser=Firefox
Testing: csp_id=7, page_id=20100, browser=Firefox
Testing: csp_id=7, page_id=20200, browser=Firefox
Testing: csp_id=7, page_id=20300, browser=Firefox
Testing: csp_id=7, page_id=20400, browser=Firefox
Testing: csp_id=7, page_id=20500, browser=Firefox
Testing: csp_id=7, page_id=20600, browser=Firefox
Testing: csp_id=7, page_id=20700, browser=Firefox
Testing: csp_id=7, page_id=20800, browser=Firefox
Testing: csp_id=7, page_id=20900, browser=Firefox
Testing: csp_id=7, page_id=21000, browser=Firefox
Testing: csp_id=7, page_id=21100, browser=Firefox
Testing: csp_id=7, page_id=21200, browser=Firefox
Testing: csp_id=7, page_id=21300, browser=Firefox
Testing: csp_id=7, page_id=21400, browser=Firefox
Testing: csp_id=7, page_id=21500, browser=Firefox
Testing: csp_id=7, page_id=21600, browser=Firefox
Testing: csp_id=7, page_id=21700, browser=Firefox
Testing: csp_id=7, page_id=21800, browser=Firefox
Testing: csp_id=7, page_id=21900, browser=Firefox
Testing: csp_id=7, page_id=22000, browser=Firefox
Testing: csp_id=7, page_id=22100, browser=Firefox
Testing: csp_id=7, page_id=22200, browser=Firefox
Testing: csp_id=7, page_id=22300, browser=Firefox
Testing: csp_id=7, page_id=22400, browser=Firefox
Testing: csp_id=7, page_id=22500, browser=Firefox
Testing: csp_id=7, page_id=22600, browser=Firefox
Testing: csp_id=7, page_id=22700, browser=Firefox
Testing: csp_id=7, page_id=22800, browser=Firefox
Testing: csp_id=7, page_id=22900, browser=Firefox
Testing: csp_id=7, page_id=23000, browser=Firefox
Testing: csp_id=7, page_id=23100, browser=Firefox
Testing: csp_id=7, page_id=23200, browser=Firefox
Testing: csp_id=7, page_id=23300, browser=Firefox
Testing: csp_id=7, page_id=23400, browser=Firefox
Testing: csp_id=7, page_id=23500, browser=Firefox
Testing: csp_id=7, page_id=23600, browser=Firefox
Testing: csp_id=7, page_id=23700, browser=Firefox
Testing: csp_id=7, page_id=23800, browser=Firefox
Testing: csp_id=7, page_id=23900, browser=Firefox
Testing: csp_id=7, page_id=24000, browser=Firefox
Testing: csp_id=7, page_id=24100, browser=Firefox
Testing: csp_id=7, page_id=24200, browser=Firefox
Testing: csp_id=7, page_id=24300, browser=Firefox
Testing: csp_id=7, page_id=24400, browser=Firefox
Testing: csp_id=7, page_id=24500, browser=Firefox
Testing: csp_id=7, page_id=24600, browser=Firefox
Testing: csp_id=7, page_id=24700, browser=Firefox
Testing: csp_id=7, page_id=24800, browser=Firefox
Testing: csp_id=7, page_id=24900, browser=Firefox
Testing: csp_id=7, page_id=25000, browser=Firefox
Testing: csp_id=7, page_id=25100, browser=Firefox
Testing: csp_id=7, page_id=25200, browser=Firefox
Testing: csp_id=7, page_id=25300, browser=Firefox
Testing: csp_id=7, page_id=25400, browser=Firefox
Testing: csp_id=7, page_id=25500, browser=Firefox
Testing: csp_id=7, page_id=25600, browser=Firefox
Testing: csp_id=7, page_id=25700, browser=Firefox
Testing: csp_id=7, page_id=25800, browser=Firefox
Testing: csp_id=7, page_id=25900, browser=Firefox
Testing: csp_id=7, page_id=26000, browser=Firefox
Testing: csp_id=7, page_id=26100, browser=Firefox
Testing: csp_id=7, page_id=26200, browser=Firefox
Testing: csp_id=7, page_id=26300, browser=Firefox
Testing: csp_id=7, page_id=26400, browser=Firefox
Testing: csp_id=7, page_id=26500, browser=Firefox
Testing: csp_id=7, page_id=26600, browser=Firefox
Testing: csp_id=7, page_id=26700, browser=Firefox
Testing: csp_id=7, page_id=26800, browser=Firefox
Testing: csp_id=7, page_id=26900, browser=Firefox
Testing: csp_id=7, page_id=27000, browser=Firefox
Testing: csp_id=7, page_id=27100, browser=Firefox
Testing: csp_id=7, page_id=27200, browser=Firefox
Testing: csp_id=7, page_id=27300, browser=Firefox
Testing: csp_id=7, page_id=27400, browser=Firefox
Testing: csp_id=7, page_id=27500, browser=Firefox
Testing: csp_id=7, page_id=27600, browser=Firefox
Testing: csp_id=7, page_id=27700, browser=Firefox
Testing: csp_id=7, page_id=27800, browser=Firefox
Testing: csp_id=7, page_id=27900, browser=Firefox
Testing: csp_id=7, page_id=28000, browser=Firefox
Testing: csp_id=7, page_id=28100, browser=Firefox
Testing: csp_id=7, page_id=28200, browser=Firefox
Testing: csp_id=7, page_id=28300, browser=Firefox
Testing: csp_id=7, page_id=28400, browser=Firefox
Testing: csp_id=7, page_id=28500, browser=Firefox
Testing: csp_id=7, page_id=28600, browser=Firefox
Testing: csp_id=7, page_id=28700, browser=Firefox
Testing: csp_id=7, page_id=28800, browser=Firefox
Testing: csp_id=7, page_id=28900, browser=Firefox
Testing: csp_id=7, page_id=29000, browser=Firefox
Testing: csp_id=7, page_id=29100, browser=Firefox
Testing: csp_id=7, page_id=29200, browser=Firefox
Testing: csp_id=7, page_id=29300, browser=Firefox
Testing: csp_id=7, page_id=29400, browser=Firefox
Testing: csp_id=7, page_id=29500, browser=Firefox
Testing: csp_id=7, page_id=29600, browser=Firefox
Testing: csp_id=7, page_id=29700, browser=Firefox
Testing: csp_id=7, page_id=29800, browser=Firefox
🏊 create_context_pools[first] (5x16): 21.769s
Testing: csp_id=16, page_id=0, browser=Firefox
Testing: csp_id=16, page_id=100, browser=Firefox
Testing: csp_id=16, page_id=200, browser=Firefox
Testing: csp_id=16, page_id=300, browser=Firefox
Testing: csp_id=16, page_id=400, browser=Firefox
Testing: csp_id=16, page_id=500, browser=Firefox
Testing: csp_id=16, page_id=600, browser=Firefox
Testing: csp_id=16, page_id=700, browser=Firefox
Testing: csp_id=16, page_id=800, browser=Firefox
Testing: csp_id=16, page_id=900, browser=Firefox
Testing: csp_id=16, page_id=1000, browser=Firefox
Testing: csp_id=16, page_id=1100, browser=Firefox
Testing: csp_id=16, page_id=1200, browser=Firefox
Testing: csp_id=16, page_id=1300, browser=Firefox
Testing: csp_id=16, page_id=1400, browser=Firefox
Testing: csp_id=16, page_id=1500, browser=Firefox
Testing: csp_id=16, page_id=1600, browser=Firefox
Testing: csp_id=16, page_id=1700, browser=Firefox
Testing: csp_id=16, page_id=1800, browser=Firefox
Testing: csp_id=16, page_id=1900, browser=Firefox
Testing: csp_id=16, page_id=2000, browser=Firefox
Testing: csp_id=16, page_id=2100, browser=Firefox
Testing: csp_id=16, page_id=2200, browser=Firefox
Testing: csp_id=16, page_id=2300, browser=Firefox
Testing: csp_id=16, page_id=2400, browser=Firefox
Testing: csp_id=16, page_id=2500, browser=Firefox
Testing: csp_id=16, page_id=2600, browser=Firefox
Testing: csp_id=16, page_id=2700, browser=Firefox
Testing: csp_id=16, page_id=2800, browser=Firefox
Testing: csp_id=16, page_id=2900, browser=Firefox
Testing: csp_id=16, page_id=3000, browser=Firefox
Testing: csp_id=16, page_id=3100, browser=Firefox
Testing: csp_id=16, page_id=3200, browser=Firefox
Testing: csp_id=16, page_id=3300, browser=Firefox
Testing: csp_id=16, page_id=3400, browser=Firefox
Testing: csp_id=16, page_id=3500, browser=Firefox
Testing: csp_id=16, page_id=3600, browser=Firefox
Testing: csp_id=16, page_id=3700, browser=Firefox
Testing: csp_id=16, page_id=3800, browser=Firefox
Testing: csp_id=16, page_id=3900, browser=Firefox
Testing: csp_id=16, page_id=4000, browser=Firefox
Testing: csp_id=16, page_id=4100, browser=Firefox
Testing: csp_id=16, page_id=4200, browser=Firefox
Testing: csp_id=16, page_id=4300, browser=Firefox
Testing: csp_id=16, page_id=4400, browser=Firefox
Testing: csp_id=16, page_id=4500, browser=Firefox
Testing: csp_id=16, page_id=4600, browser=Firefox
Testing: csp_id=16, page_id=4700, browser=Firefox
Testing: csp_id=16, page_id=4800, browser=Firefox
Testing: csp_id=16, page_id=4900, browser=Firefox
Testing: csp_id=16, page_id=5000, browser=Firefox
Testing: csp_id=16, page_id=5100, browser=Firefox
Testing: csp_id=16, page_id=5200, browser=Firefox
Testing: csp_id=16, page_id=5300, browser=Firefox
Testing: csp_id=16, page_id=5400, browser=Firefox
Testing: csp_id=16, page_id=5500, browser=Firefox
Testing: csp_id=16, page_id=5600, browser=Firefox
Testing: csp_id=16, page_id=5700, browser=Firefox
Testing: csp_id=16, page_id=5800, browser=Firefox
Testing: csp_id=16, page_id=5900, browser=Firefox
Testing: csp_id=16, page_id=6000, browser=Firefox
Testing: csp_id=16, page_id=6100, browser=Firefox
Testing: csp_id=16, page_id=6200, browser=Firefox
Testing: csp_id=16, page_id=6300, browser=Firefox
Testing: csp_id=16, page_id=6400, browser=Firefox
Testing: csp_id=16, page_id=6500, browser=Firefox
Testing: csp_id=16, page_id=6600, browser=Firefox
Testing: csp_id=16, page_id=6700, browser=Firefox
Testing: csp_id=16, page_id=6800, browser=Firefox
Testing: csp_id=16, page_id=6900, browser=Firefox
Testing: csp_id=16, page_id=7000, browser=Firefox
Testing: csp_id=16, page_id=7100, browser=Firefox
Testing: csp_id=16, page_id=7200, browser=Firefox
Testing: csp_id=16, page_id=7300, browser=Firefox
Testing: csp_id=16, page_id=7400, browser=Firefox
Testing: csp_id=16, page_id=7500, browser=Firefox
Testing: csp_id=16, page_id=7600, browser=Firefox
Testing: csp_id=16, page_id=7700, browser=Firefox
Testing: csp_id=16, page_id=7800, browser=Firefox
Testing: csp_id=16, page_id=7900, browser=Firefox
Testing: csp_id=16, page_id=8000, browser=Firefox
Testing: csp_id=16, page_id=8100, browser=Firefox
Testing: csp_id=16, page_id=8200, browser=Firefox
Testing: csp_id=16, page_id=8300, browser=Firefox
Testing: csp_id=16, page_id=8400, browser=Firefox
Testing: csp_id=16, page_id=8500, browser=Firefox
Testing: csp_id=16, page_id=8600, browser=Firefox
Testing: csp_id=16, page_id=8700, browser=Firefox
Testing: csp_id=16, page_id=8800, browser=Firefox
Testing: csp_id=16, page_id=8900, browser=Firefox
Testing: csp_id=16, page_id=9000, browser=Firefox
Testing: csp_id=16, page_id=9100, browser=Firefox
Testing: csp_id=16, page_id=9200, browser=Firefox
Testing: csp_id=16, page_id=9300, browser=Firefox
Testing: csp_id=16, page_id=9400, browser=Firefox
Testing: csp_id=16, page_id=9500, browser=Firefox
Testing: csp_id=16, page_id=9600, browser=Firefox
Testing: csp_id=16, page_id=9700, browser=Firefox
Testing: csp_id=16, page_id=9800, browser=Firefox
Testing: csp_id=16, page_id=9900, browser=Firefox
Testing: csp_id=16, page_id=10000, browser=Firefox
Testing: csp_id=16, page_id=10100, browser=Firefox
Testing: csp_id=16, page_id=10200, browser=Firefox
Testing: csp_id=16, page_id=10300, browser=Firefox
Testing: csp_id=16, page_id=10400, browser=Firefox
Testing: csp_id=16, page_id=10500, browser=Firefox
Testing: csp_id=16, page_id=10600, browser=Firefox
Testing: csp_id=16, page_id=10700, browser=Firefox
Testing: csp_id=16, page_id=10800, browser=Firefox
Testing: csp_id=16, page_id=10900, browser=Firefox
Testing: csp_id=16, page_id=11000, browser=Firefox
Testing: csp_id=16, page_id=11100, browser=Firefox
Testing: csp_id=16, page_id=11200, browser=Firefox
Testing: csp_id=16, page_id=11300, browser=Firefox
Testing: csp_id=16, page_id=11400, browser=Firefox
Testing: csp_id=16, page_id=11500, browser=Firefox
Testing: csp_id=16, page_id=11600, browser=Firefox
Testing: csp_id=16, page_id=11700, browser=Firefox
Testing: csp_id=16, page_id=11800, browser=Firefox
Testing: csp_id=16, page_id=11900, browser=Firefox
Testing: csp_id=16, page_id=12000, browser=Firefox
Testing: csp_id=16, page_id=12100, browser=Firefox
Testing: csp_id=16, page_id=12200, browser=Firefox
Testing: csp_id=16, page_id=12300, browser=Firefox
Testing: csp_id=16, page_id=12400, browser=Firefox
Testing: csp_id=16, page_id=12500, browser=Firefox
Testing: csp_id=16, page_id=12600, browser=Firefox
Testing: csp_id=16, page_id=12700, browser=Firefox
Testing: csp_id=16, page_id=12800, browser=Firefox
Testing: csp_id=16, page_id=12900, browser=Firefox
Testing: csp_id=16, page_id=13000, browser=Firefox
Testing: csp_id=16, page_id=13100, browser=Firefox
Testing: csp_id=16, page_id=13200, browser=Firefox
Testing: csp_id=16, page_id=13300, browser=Firefox
Testing: csp_id=16, page_id=13400, browser=Firefox
Testing: csp_id=16, page_id=13500, browser=Firefox
Testing: csp_id=16, page_id=13600, browser=Firefox
Testing: csp_id=16, page_id=13700, browser=Firefox
Testing: csp_id=16, page_id=13800, browser=Firefox
Testing: csp_id=16, page_id=13900, browser=Firefox
Testing: csp_id=16, page_id=14000, browser=Firefox
Testing: csp_id=16, page_id=14100, browser=Firefox
Testing: csp_id=16, page_id=14200, browser=Firefox
Testing: csp_id=16, page_id=14300, browser=Firefox
Testing: csp_id=16, page_id=14400, browser=Firefox
Testing: csp_id=16, page_id=14500, browser=Firefox
Testing: csp_id=16, page_id=14600, browser=Firefox
Testing: csp_id=16, page_id=14700, browser=Firefox
Testing: csp_id=16, page_id=14800, browser=Firefox
Testing: csp_id=16, page_id=14900, browser=Firefox
Testing: csp_id=16, page_id=15000, browser=Firefox
Testing: csp_id=16, page_id=15100, browser=Firefox
Testing: csp_id=16, page_id=15200, browser=Firefox
Testing: csp_id=16, page_id=15300, browser=Firefox
Testing: csp_id=16, page_id=15400, browser=Firefox
Testing: csp_id=16, page_id=15500, browser=Firefox
Testing: csp_id=16, page_id=15600, browser=Firefox
Testing: csp_id=16, page_id=15700, browser=Firefox
Testing: csp_id=16, page_id=15800, browser=Firefox
Testing: csp_id=16, page_id=15900, browser=Firefox
Testing: csp_id=16, page_id=16000, browser=Firefox
Testing: csp_id=16, page_id=16100, browser=Firefox
Testing: csp_id=16, page_id=16200, browser=Firefox
Testing: csp_id=16, page_id=16300, browser=Firefox
Testing: csp_id=16, page_id=16400, browser=Firefox
Testing: csp_id=16, page_id=16500, browser=Firefox
Testing: csp_id=16, page_id=16600, browser=Firefox
Testing: csp_id=16, page_id=16700, browser=Firefox
Testing: csp_id=16, page_id=16800, browser=Firefox
Testing: csp_id=16, page_id=16900, browser=Firefox
Testing: csp_id=16, page_id=17000, browser=Firefox
Testing: csp_id=16, page_id=17100, browser=Firefox
Testing: csp_id=16, page_id=17200, browser=Firefox
Testing: csp_id=16, page_id=17300, browser=Firefox
Testing: csp_id=16, page_id=17400, browser=Firefox
Testing: csp_id=16, page_id=17500, browser=Firefox
Testing: csp_id=16, page_id=17600, browser=Firefox
Testing: csp_id=16, page_id=17700, browser=Firefox
Testing: csp_id=16, page_id=17800, browser=Firefox
Testing: csp_id=16, page_id=17900, browser=Firefox
Testing: csp_id=16, page_id=18000, browser=Firefox
Testing: csp_id=16, page_id=18100, browser=Firefox
Testing: csp_id=16, page_id=18200, browser=Firefox
Testing: csp_id=16, page_id=18300, browser=Firefox
Testing: csp_id=16, page_id=18400, browser=Firefox
Testing: csp_id=16, page_id=18500, browser=Firefox
Testing: csp_id=16, page_id=18600, browser=Firefox
Testing: csp_id=16, page_id=18700, browser=Firefox
Testing: csp_id=16, page_id=18800, browser=Firefox
Testing: csp_id=16, page_id=18900, browser=Firefox
Testing: csp_id=16, page_id=19000, browser=Firefox
Testing: csp_id=16, page_id=19100, browser=Firefox
Testing: csp_id=16, page_id=19200, browser=Firefox
Testing: csp_id=16, page_id=19300, browser=Firefox
Testing: csp_id=16, page_id=19400, browser=Firefox
Testing: csp_id=16, page_id=19500, browser=Firefox
Testing: csp_id=16, page_id=19600, browser=Firefox
Testing: csp_id=16, page_id=19700, browser=Firefox
Testing: csp_id=16, page_id=19800, browser=Firefox
Testing: csp_id=16, page_id=19900, browser=Firefox
Testing: csp_id=16, page_id=20000, browser=Firefox
Testing: csp_id=16, page_id=20100, browser=Firefox
Testing: csp_id=16, page_id=20200, browser=Firefox
Testing: csp_id=16, page_id=20300, browser=Firefox
Testing: csp_id=16, page_id=20400, browser=Firefox
Testing: csp_id=16, page_id=20500, browser=Firefox
Testing: csp_id=16, page_id=20600, browser=Firefox
Testing: csp_id=16, page_id=20700, browser=Firefox
Testing: csp_id=16, page_id=20800, browser=Firefox
Testing: csp_id=16, page_id=20900, browser=Firefox
Testing: csp_id=16, page_id=21000, browser=Firefox
Testing: csp_id=16, page_id=21100, browser=Firefox
Testing: csp_id=16, page_id=21200, browser=Firefox
Testing: csp_id=16, page_id=21300, browser=Firefox
Testing: csp_id=16, page_id=21400, browser=Firefox
Testing: csp_id=16, page_id=21500, browser=Firefox
Testing: csp_id=16, page_id=21600, browser=Firefox
Testing: csp_id=16, page_id=21700, browser=Firefox
Testing: csp_id=16, page_id=21800, browser=Firefox
Testing: csp_id=16, page_id=21900, browser=Firefox
Testing: csp_id=16, page_id=22000, browser=Firefox
Testing: csp_id=16, page_id=22100, browser=Firefox
Testing: csp_id=16, page_id=22200, browser=Firefox
Testing: csp_id=16, page_id=22300, browser=Firefox
Testing: csp_id=16, page_id=22400, browser=Firefox
Testing: csp_id=16, page_id=22500, browser=Firefox
Testing: csp_id=16, page_id=22600, browser=Firefox
Testing: csp_id=16, page_id=22700, browser=Firefox
Testing: csp_id=16, page_id=22800, browser=Firefox
Testing: csp_id=16, page_id=22900, browser=Firefox
Testing: csp_id=16, page_id=23000, browser=Firefox
Testing: csp_id=16, page_id=23100, browser=Firefox
Testing: csp_id=16, page_id=23200, browser=Firefox
Testing: csp_id=16, page_id=23300, browser=Firefox
Testing: csp_id=16, page_id=23400, browser=Firefox
Testing: csp_id=16, page_id=23500, browser=Firefox
Testing: csp_id=16, page_id=23600, browser=Firefox
Testing: csp_id=16, page_id=23700, browser=Firefox
Testing: csp_id=16, page_id=23800, browser=Firefox
Testing: csp_id=16, page_id=23900, browser=Firefox
Testing: csp_id=16, page_id=24000, browser=Firefox
Testing: csp_id=16, page_id=24100, browser=Firefox
Testing: csp_id=16, page_id=24200, browser=Firefox
Testing: csp_id=16, page_id=24300, browser=Firefox
Testing: csp_id=16, page_id=24400, browser=Firefox
Testing: csp_id=16, page_id=24500, browser=Firefox
Testing: csp_id=16, page_id=24600, browser=Firefox
Testing: csp_id=16, page_id=24700, browser=Firefox
Testing: csp_id=16, page_id=24800, browser=Firefox
Testing: csp_id=16, page_id=24900, browser=Firefox
Testing: csp_id=16, page_id=25000, browser=Firefox
Testing: csp_id=16, page_id=25100, browser=Firefox
Testing: csp_id=16, page_id=25200, browser=Firefox
Testing: csp_id=16, page_id=25300, browser=Firefox
Testing: csp_id=16, page_id=25400, browser=Firefox
Testing: csp_id=16, page_id=25500, browser=Firefox
Testing: csp_id=16, page_id=25600, browser=Firefox
Testing: csp_id=16, page_id=25700, browser=Firefox
Testing: csp_id=16, page_id=25800, browser=Firefox
Testing: csp_id=16, page_id=25900, browser=Firefox
Testing: csp_id=16, page_id=26000, browser=Firefox
Testing: csp_id=16, page_id=26100, browser=Firefox
Testing: csp_id=16, page_id=26200, browser=Firefox
Testing: csp_id=16, page_id=26300, browser=Firefox
Testing: csp_id=16, page_id=26400, browser=Firefox
Testing: csp_id=16, page_id=26500, browser=Firefox
Testing: csp_id=16, page_id=26600, browser=Firefox
Testing: csp_id=16, page_id=26700, browser=Firefox
Testing: csp_id=16, page_id=26800, browser=Firefox
Testing: csp_id=16, page_id=26900, browser=Firefox
Testing: csp_id=16, page_id=27000, browser=Firefox
Testing: csp_id=16, page_id=27100, browser=Firefox
Testing: csp_id=16, page_id=27200, browser=Firefox
Testing: csp_id=16, page_id=27300, browser=Firefox
Testing: csp_id=16, page_id=27400, browser=Firefox
Testing: csp_id=16, page_id=27500, browser=Firefox
Testing: csp_id=16, page_id=27600, browser=Firefox
Testing: csp_id=16, page_id=27700, browser=Firefox
Testing: csp_id=16, page_id=27800, browser=Firefox
Testing: csp_id=16, page_id=27900, browser=Firefox
Testing: csp_id=16, page_id=28000, browser=Firefox
Testing: csp_id=16, page_id=28100, browser=Firefox
Testing: csp_id=16, page_id=28200, browser=Firefox
Testing: csp_id=16, page_id=28300, browser=Firefox
Testing: csp_id=16, page_id=28400, browser=Firefox
Testing: csp_id=16, page_id=28500, browser=Firefox
Testing: csp_id=16, page_id=28600, browser=Firefox
Testing: csp_id=16, page_id=28700, browser=Firefox
Testing: csp_id=16, page_id=28800, browser=Firefox
Testing: csp_id=16, page_id=28900, browser=Firefox
Testing: csp_id=16, page_id=29000, browser=Firefox
Testing: csp_id=16, page_id=29100, browser=Firefox
Testing: csp_id=16, page_id=29200, browser=Firefox
Testing: csp_id=16, page_id=29300, browser=Firefox
Testing: csp_id=16, page_id=29400, browser=Firefox
Testing: csp_id=16, page_id=29500, browser=Firefox
Testing: csp_id=16, page_id=29600, browser=Firefox
Testing: csp_id=16, page_id=29700, browser=Firefox
Testing: csp_id=16, page_id=29800, browser=Firefox
🏊 create_context_pools[first] (5x16): 21.451s
Testing: csp_id=27, page_id=0, browser=Firefox
Testing: csp_id=27, page_id=100, browser=Firefox
Testing: csp_id=27, page_id=200, browser=Firefox
Testing: csp_id=27, page_id=300, browser=Firefox
Testing: csp_id=27, page_id=400, browser=Firefox
Testing: csp_id=27, page_id=500, browser=Firefox
Testing: csp_id=27, page_id=600, browser=Firefox
Testing: csp_id=27, page_id=700, browser=Firefox
Testing: csp_id=27, page_id=800, browser=Firefox
Testing: csp_id=27, page_id=900, browser=Firefox
Testing: csp_id=27, page_id=1000, browser=Firefox
Testing: csp_id=27, page_id=1100, browser=Firefox
Testing: csp_id=27, page_id=1200, browser=Firefox
Testing: csp_id=27, page_id=1300, browser=Firefox
Testing: csp_id=27, page_id=1400, browser=Firefox
Testing: csp_id=27, page_id=1500, browser=Firefox
Testing: csp_id=27, page_id=1600, browser=Firefox
Testing: csp_id=27, page_id=1700, browser=Firefox
Testing: csp_id=27, page_id=1800, browser=Firefox
Testing: csp_id=27, page_id=1900, browser=Firefox
Testing: csp_id=27, page_id=2000, browser=Firefox
Testing: csp_id=27, page_id=2100, browser=Firefox
Testing: csp_id=27, page_id=2200, browser=Firefox
Testing: csp_id=27, page_id=2300, browser=Firefox
Testing: csp_id=27, page_id=2400, browser=Firefox
Testing: csp_id=27, page_id=2500, browser=Firefox
Testing: csp_id=27, page_id=2600, browser=Firefox
Testing: csp_id=27, page_id=2700, browser=Firefox
Testing: csp_id=27, page_id=2800, browser=Firefox
Testing: csp_id=27, page_id=2900, browser=Firefox
Testing: csp_id=27, page_id=3000, browser=Firefox
Testing: csp_id=27, page_id=3100, browser=Firefox
Testing: csp_id=27, page_id=3200, browser=Firefox
Testing: csp_id=27, page_id=3300, browser=Firefox
Testing: csp_id=27, page_id=3400, browser=Firefox
Testing: csp_id=27, page_id=3500, browser=Firefox
Testing: csp_id=27, page_id=3600, browser=Firefox
Testing: csp_id=27, page_id=3700, browser=Firefox
Testing: csp_id=27, page_id=3800, browser=Firefox
Testing: csp_id=27, page_id=3900, browser=Firefox
Testing: csp_id=27, page_id=4000, browser=Firefox
Testing: csp_id=27, page_id=4100, browser=Firefox
Testing: csp_id=27, page_id=4200, browser=Firefox
Testing: csp_id=27, page_id=4300, browser=Firefox
Testing: csp_id=27, page_id=4400, browser=Firefox
Testing: csp_id=27, page_id=4500, browser=Firefox
Testing: csp_id=27, page_id=4600, browser=Firefox
Testing: csp_id=27, page_id=4700, browser=Firefox
Testing: csp_id=27, page_id=4800, browser=Firefox
Testing: csp_id=27, page_id=4900, browser=Firefox
Testing: csp_id=27, page_id=5000, browser=Firefox
Testing: csp_id=27, page_id=5100, browser=Firefox
Testing: csp_id=27, page_id=5200, browser=Firefox
Testing: csp_id=27, page_id=5300, browser=Firefox
Testing: csp_id=27, page_id=5400, browser=Firefox
Testing: csp_id=27, page_id=5500, browser=Firefox
Testing: csp_id=27, page_id=5600, browser=Firefox
Testing: csp_id=27, page_id=5700, browser=Firefox
Testing: csp_id=27, page_id=5800, browser=Firefox
Testing: csp_id=27, page_id=5900, browser=Firefox
Testing: csp_id=27, page_id=6000, browser=Firefox
Testing: csp_id=27, page_id=6100, browser=Firefox
Testing: csp_id=27, page_id=6200, browser=Firefox
Testing: csp_id=27, page_id=6300, browser=Firefox
Testing: csp_id=27, page_id=6400, browser=Firefox
Testing: csp_id=27, page_id=6500, browser=Firefox
Testing: csp_id=27, page_id=6600, browser=Firefox
Testing: csp_id=27, page_id=6700, browser=Firefox
Testing: csp_id=27, page_id=6800, browser=Firefox
Testing: csp_id=27, page_id=6900, browser=Firefox
Testing: csp_id=27, page_id=7000, browser=Firefox
Testing: csp_id=27, page_id=7100, browser=Firefox
Testing: csp_id=27, page_id=7200, browser=Firefox
Testing: csp_id=27, page_id=7300, browser=Firefox
Testing: csp_id=27, page_id=7400, browser=Firefox
Testing: csp_id=27, page_id=7500, browser=Firefox
Testing: csp_id=27, page_id=7600, browser=Firefox
Testing: csp_id=27, page_id=7700, browser=Firefox
Testing: csp_id=27, page_id=7800, browser=Firefox
Testing: csp_id=27, page_id=7900, browser=Firefox
Testing: csp_id=27, page_id=8000, browser=Firefox
Testing: csp_id=27, page_id=8100, browser=Firefox
Testing: csp_id=27, page_id=8200, browser=Firefox
Testing: csp_id=27, page_id=8300, browser=Firefox
Testing: csp_id=27, page_id=8400, browser=Firefox
Testing: csp_id=27, page_id=8500, browser=Firefox
Testing: csp_id=27, page_id=8600, browser=Firefox
Testing: csp_id=27, page_id=8700, browser=Firefox
Testing: csp_id=27, page_id=8800, browser=Firefox
Testing: csp_id=27, page_id=8900, browser=Firefox
Testing: csp_id=27, page_id=9000, browser=Firefox
Testing: csp_id=27, page_id=9100, browser=Firefox
Testing: csp_id=27, page_id=9200, browser=Firefox
Testing: csp_id=27, page_id=9300, browser=Firefox
Testing: csp_id=27, page_id=9400, browser=Firefox
Testing: csp_id=27, page_id=9500, browser=Firefox
Testing: csp_id=27, page_id=9600, browser=Firefox
Testing: csp_id=27, page_id=9700, browser=Firefox
Testing: csp_id=27, page_id=9800, browser=Firefox
Testing: csp_id=27, page_id=9900, browser=Firefox
Testing: csp_id=27, page_id=10000, browser=Firefox
Testing: csp_id=27, page_id=10100, browser=Firefox
Testing: csp_id=27, page_id=10200, browser=Firefox
Testing: csp_id=27, page_id=10300, browser=Firefox
Testing: csp_id=27, page_id=10400, browser=Firefox
Testing: csp_id=27, page_id=10500, browser=Firefox
Testing: csp_id=27, page_id=10600, browser=Firefox
Testing: csp_id=27, page_id=10700, browser=Firefox
Testing: csp_id=27, page_id=10800, browser=Firefox
Testing: csp_id=27, page_id=10900, browser=Firefox
Testing: csp_id=27, page_id=11000, browser=Firefox
Testing: csp_id=27, page_id=11100, browser=Firefox
Testing: csp_id=27, page_id=11200, browser=Firefox
Testing: csp_id=27, page_id=11300, browser=Firefox
Testing: csp_id=27, page_id=11400, browser=Firefox
Testing: csp_id=27, page_id=11500, browser=Firefox
Testing: csp_id=27, page_id=11600, browser=Firefox
Testing: csp_id=27, page_id=11700, browser=Firefox
Testing: csp_id=27, page_id=11800, browser=Firefox
Testing: csp_id=27, page_id=11900, browser=Firefox
Testing: csp_id=27, page_id=12000, browser=Firefox
Testing: csp_id=27, page_id=12100, browser=Firefox
Testing: csp_id=27, page_id=12200, browser=Firefox
Testing: csp_id=27, page_id=12300, browser=Firefox
Testing: csp_id=27, page_id=12400, browser=Firefox
Testing: csp_id=27, page_id=12500, browser=Firefox
Testing: csp_id=27, page_id=12600, browser=Firefox
Testing: csp_id=27, page_id=12700, browser=Firefox
Testing: csp_id=27, page_id=12800, browser=Firefox
Testing: csp_id=27, page_id=12900, browser=Firefox
Testing: csp_id=27, page_id=13000, browser=Firefox
Testing: csp_id=27, page_id=13100, browser=Firefox
Testing: csp_id=27, page_id=13200, browser=Firefox
Testing: csp_id=27, page_id=13300, browser=Firefox
Testing: csp_id=27, page_id=13400, browser=Firefox
Testing: csp_id=27, page_id=13500, browser=Firefox
Testing: csp_id=27, page_id=13600, browser=Firefox
Testing: csp_id=27, page_id=13700, browser=Firefox
Testing: csp_id=27, page_id=13800, browser=Firefox
Testing: csp_id=27, page_id=13900, browser=Firefox
Testing: csp_id=27, page_id=14000, browser=Firefox
Testing: csp_id=27, page_id=14100, browser=Firefox
Testing: csp_id=27, page_id=14200, browser=Firefox
Testing: csp_id=27, page_id=14300, browser=Firefox
Testing: csp_id=27, page_id=14400, browser=Firefox
Testing: csp_id=27, page_id=14500, browser=Firefox
Testing: csp_id=27, page_id=14600, browser=Firefox
Testing: csp_id=27, page_id=14700, browser=Firefox
Testing: csp_id=27, page_id=14800, browser=Firefox
Testing: csp_id=27, page_id=14900, browser=Firefox
Testing: csp_id=27, page_id=15000, browser=Firefox
Testing: csp_id=27, page_id=15100, browser=Firefox
Testing: csp_id=27, page_id=15200, browser=Firefox
Testing: csp_id=27, page_id=15300, browser=Firefox
Testing: csp_id=27, page_id=15400, browser=Firefox
Testing: csp_id=27, page_id=15500, browser=Firefox
Testing: csp_id=27, page_id=15600, browser=Firefox
Testing: csp_id=27, page_id=15700, browser=Firefox
Testing: csp_id=27, page_id=15800, browser=Firefox
Testing: csp_id=27, page_id=15900, browser=Firefox
Testing: csp_id=27, page_id=16000, browser=Firefox
Testing: csp_id=27, page_id=16100, browser=Firefox
Testing: csp_id=27, page_id=16200, browser=Firefox
Testing: csp_id=27, page_id=16300, browser=Firefox
Testing: csp_id=27, page_id=16400, browser=Firefox
Testing: csp_id=27, page_id=16500, browser=Firefox
Testing: csp_id=27, page_id=16600, browser=Firefox
Testing: csp_id=27, page_id=16700, browser=Firefox
Testing: csp_id=27, page_id=16800, browser=Firefox
Testing: csp_id=27, page_id=16900, browser=Firefox
Testing: csp_id=27, page_id=17000, browser=Firefox
Testing: csp_id=27, page_id=17100, browser=Firefox
Testing: csp_id=27, page_id=17200, browser=Firefox
Testing: csp_id=27, page_id=17300, browser=Firefox
Testing: csp_id=27, page_id=17400, browser=Firefox
Testing: csp_id=27, page_id=17500, browser=Firefox
Testing: csp_id=27, page_id=17600, browser=Firefox
Testing: csp_id=27, page_id=17700, browser=Firefox
Testing: csp_id=27, page_id=17800, browser=Firefox
Testing: csp_id=27, page_id=17900, browser=Firefox
Testing: csp_id=27, page_id=18000, browser=Firefox
Testing: csp_id=27, page_id=18100, browser=Firefox
Testing: csp_id=27, page_id=18200, browser=Firefox
Testing: csp_id=27, page_id=18300, browser=Firefox
Testing: csp_id=27, page_id=18400, browser=Firefox
Testing: csp_id=27, page_id=18500, browser=Firefox
Testing: csp_id=27, page_id=18600, browser=Firefox
Testing: csp_id=27, page_id=18700, browser=Firefox
Testing: csp_id=27, page_id=18800, browser=Firefox
Testing: csp_id=27, page_id=18900, browser=Firefox
Testing: csp_id=27, page_id=19000, browser=Firefox
Testing: csp_id=27, page_id=19100, browser=Firefox
Testing: csp_id=27, page_id=19200, browser=Firefox
Testing: csp_id=27, page_id=19300, browser=Firefox
Testing: csp_id=27, page_id=19400, browser=Firefox
Testing: csp_id=27, page_id=19500, browser=Firefox
Testing: csp_id=27, page_id=19600, browser=Firefox
Testing: csp_id=27, page_id=19700, browser=Firefox
Testing: csp_id=27, page_id=19800, browser=Firefox
Testing: csp_id=27, page_id=19900, browser=Firefox
Testing: csp_id=27, page_id=20000, browser=Firefox
Testing: csp_id=27, page_id=20100, browser=Firefox
Testing: csp_id=27, page_id=20200, browser=Firefox
Testing: csp_id=27, page_id=20300, browser=Firefox
Testing: csp_id=27, page_id=20400, browser=Firefox
Testing: csp_id=27, page_id=20500, browser=Firefox
Testing: csp_id=27, page_id=20600, browser=Firefox
Testing: csp_id=27, page_id=20700, browser=Firefox
Testing: csp_id=27, page_id=20800, browser=Firefox
Testing: csp_id=27, page_id=20900, browser=Firefox
Testing: csp_id=27, page_id=21000, browser=Firefox
Testing: csp_id=27, page_id=21100, browser=Firefox
Testing: csp_id=27, page_id=21200, browser=Firefox
Testing: csp_id=27, page_id=21300, browser=Firefox
Testing: csp_id=27, page_id=21400, browser=Firefox
Testing: csp_id=27, page_id=21500, browser=Firefox
Testing: csp_id=27, page_id=21600, browser=Firefox
Testing: csp_id=27, page_id=21700, browser=Firefox
Testing: csp_id=27, page_id=21800, browser=Firefox
Testing: csp_id=27, page_id=21900, browser=Firefox
Testing: csp_id=27, page_id=22000, browser=Firefox
Testing: csp_id=27, page_id=22100, browser=Firefox
Testing: csp_id=27, page_id=22200, browser=Firefox
Testing: csp_id=27, page_id=22300, browser=Firefox
Testing: csp_id=27, page_id=22400, browser=Firefox
Testing: csp_id=27, page_id=22500, browser=Firefox
Testing: csp_id=27, page_id=22600, browser=Firefox
Testing: csp_id=27, page_id=22700, browser=Firefox
Testing: csp_id=27, page_id=22800, browser=Firefox
Testing: csp_id=27, page_id=22900, browser=Firefox
Testing: csp_id=27, page_id=23000, browser=Firefox
Testing: csp_id=27, page_id=23100, browser=Firefox
Testing: csp_id=27, page_id=23200, browser=Firefox
Testing: csp_id=27, page_id=23300, browser=Firefox
Testing: csp_id=27, page_id=23400, browser=Firefox
Testing: csp_id=27, page_id=23500, browser=Firefox
Testing: csp_id=27, page_id=23600, browser=Firefox
Testing: csp_id=27, page_id=23700, browser=Firefox
Testing: csp_id=27, page_id=23800, browser=Firefox
Testing: csp_id=27, page_id=23900, browser=Firefox
Testing: csp_id=27, page_id=24000, browser=Firefox
Testing: csp_id=27, page_id=24100, browser=Firefox
Testing: csp_id=27, page_id=24200, browser=Firefox
Testing: csp_id=27, page_id=24300, browser=Firefox
Testing: csp_id=27, page_id=24400, browser=Firefox
Testing: csp_id=27, page_id=24500, browser=Firefox
Testing: csp_id=27, page_id=24600, browser=Firefox
Testing: csp_id=27, page_id=24700, browser=Firefox
Testing: csp_id=27, page_id=24800, browser=Firefox
Testing: csp_id=27, page_id=24900, browser=Firefox
Testing: csp_id=27, page_id=25000, browser=Firefox
Testing: csp_id=27, page_id=25100, browser=Firefox
Testing: csp_id=27, page_id=25200, browser=Firefox
Testing: csp_id=27, page_id=25300, browser=Firefox
Testing: csp_id=27, page_id=25400, browser=Firefox
Testing: csp_id=27, page_id=25500, browser=Firefox
Testing: csp_id=27, page_id=25600, browser=Firefox
Testing: csp_id=27, page_id=25700, browser=Firefox
Testing: csp_id=27, page_id=25800, browser=Firefox
Testing: csp_id=27, page_id=25900, browser=Firefox
Testing: csp_id=27, page_id=26000, browser=Firefox
Testing: csp_id=27, page_id=26100, browser=Firefox
Testing: csp_id=27, page_id=26200, browser=Firefox
Testing: csp_id=27, page_id=26300, browser=Firefox
Testing: csp_id=27, page_id=26400, browser=Firefox
Testing: csp_id=27, page_id=26500, browser=Firefox
Testing: csp_id=27, page_id=26600, browser=Firefox
Testing: csp_id=27, page_id=26700, browser=Firefox
Testing: csp_id=27, page_id=26800, browser=Firefox
Testing: csp_id=27, page_id=26900, browser=Firefox
Testing: csp_id=27, page_id=27000, browser=Firefox
Testing: csp_id=27, page_id=27100, browser=Firefox
Testing: csp_id=27, page_id=27200, browser=Firefox
Testing: csp_id=27, page_id=27300, browser=Firefox
Testing: csp_id=27, page_id=27400, browser=Firefox
Testing: csp_id=27, page_id=27500, browser=Firefox
Testing: csp_id=27, page_id=27600, browser=Firefox
Testing: csp_id=27, page_id=27700, browser=Firefox
Testing: csp_id=27, page_id=27800, browser=Firefox
Testing: csp_id=27, page_id=27900, browser=Firefox
Testing: csp_id=27, page_id=28000, browser=Firefox
Testing: csp_id=27, page_id=28100, browser=Firefox
Testing: csp_id=27, page_id=28200, browser=Firefox
Testing: csp_id=27, page_id=28300, browser=Firefox
Testing: csp_id=27, page_id=28400, browser=Firefox
Testing: csp_id=27, page_id=28500, browser=Firefox
Testing: csp_id=27, page_id=28600, browser=Firefox
Testing: csp_id=27, page_id=28700, browser=Firefox
Testing: csp_id=27, page_id=28800, browser=Firefox
Testing: csp_id=27, page_id=28900, browser=Firefox
Testing: csp_id=27, page_id=29000, browser=Firefox
Testing: csp_id=27, page_id=29100, browser=Firefox
Testing: csp_id=27, page_id=29200, browser=Firefox
Testing: csp_id=27, page_id=29300, browser=Firefox
Testing: csp_id=27, page_id=29400, browser=Firefox
Testing: csp_id=27, page_id=29500, browser=Firefox
Testing: csp_id=27, page_id=29600, browser=Firefox
Testing: csp_id=27, page_id=29700, browser=Firefox
Testing: csp_id=27, page_id=29800, browser=Firefox
🏊 create_context_pools[first] (5x16): 25.645s
Testing: csp_id=37, page_id=0, browser=Firefox
Testing: csp_id=37, page_id=100, browser=Firefox
Testing: csp_id=37, page_id=200, browser=Firefox
Testing: csp_id=37, page_id=300, browser=Firefox
Testing: csp_id=37, page_id=400, browser=Firefox
Testing: csp_id=37, page_id=500, browser=Firefox
Testing: csp_id=37, page_id=600, browser=Firefox
Testing: csp_id=37, page_id=700, browser=Firefox
Testing: csp_id=37, page_id=800, browser=Firefox
Testing: csp_id=37, page_id=900, browser=Firefox
Testing: csp_id=37, page_id=1000, browser=Firefox
Testing: csp_id=37, page_id=1100, browser=Firefox
Testing: csp_id=37, page_id=1200, browser=Firefox
Testing: csp_id=37, page_id=1300, browser=Firefox
Testing: csp_id=37, page_id=1400, browser=Firefox
Testing: csp_id=37, page_id=1500, browser=Firefox
Testing: csp_id=37, page_id=1600, browser=Firefox
Testing: csp_id=37, page_id=1700, browser=Firefox
Testing: csp_id=37, page_id=1800, browser=Firefox
Testing: csp_id=37, page_id=1900, browser=Firefox
Testing: csp_id=37, page_id=2000, browser=Firefox
Testing: csp_id=37, page_id=2100, browser=Firefox
Testing: csp_id=37, page_id=2200, browser=Firefox
Testing: csp_id=37, page_id=2300, browser=Firefox
Testing: csp_id=37, page_id=2400, browser=Firefox
Testing: csp_id=37, page_id=2500, browser=Firefox
Testing: csp_id=37, page_id=2600, browser=Firefox
Testing: csp_id=37, page_id=2700, browser=Firefox
Testing: csp_id=37, page_id=2800, browser=Firefox
Testing: csp_id=37, page_id=2900, browser=Firefox
Testing: csp_id=37, page_id=3000, browser=Firefox
Testing: csp_id=37, page_id=3100, browser=Firefox
Testing: csp_id=37, page_id=3200, browser=Firefox
Testing: csp_id=37, page_id=3300, browser=Firefox
Testing: csp_id=37, page_id=3400, browser=Firefox
Testing: csp_id=37, page_id=3500, browser=Firefox
Testing: csp_id=37, page_id=3600, browser=Firefox
Testing: csp_id=37, page_id=3700, browser=Firefox
Testing: csp_id=37, page_id=3800, browser=Firefox
Testing: csp_id=37, page_id=3900, browser=Firefox
Testing: csp_id=37, page_id=4000, browser=Firefox
Testing: csp_id=37, page_id=4100, browser=Firefox
Testing: csp_id=37, page_id=4200, browser=Firefox
Testing: csp_id=37, page_id=4300, browser=Firefox
Testing: csp_id=37, page_id=4400, browser=Firefox
Testing: csp_id=37, page_id=4500, browser=Firefox
Testing: csp_id=37, page_id=4600, browser=Firefox
Testing: csp_id=37, page_id=4700, browser=Firefox
Testing: csp_id=37, page_id=4800, browser=Firefox
Testing: csp_id=37, page_id=4900, browser=Firefox
Testing: csp_id=37, page_id=5000, browser=Firefox
Testing: csp_id=37, page_id=5100, browser=Firefox
Testing: csp_id=37, page_id=5200, browser=Firefox
Testing: csp_id=37, page_id=5300, browser=Firefox
Testing: csp_id=37, page_id=5400, browser=Firefox
Testing: csp_id=37, page_id=5500, browser=Firefox
Testing: csp_id=37, page_id=5600, browser=Firefox
Testing: csp_id=37, page_id=5700, browser=Firefox
Testing: csp_id=37, page_id=5800, browser=Firefox
Testing: csp_id=37, page_id=5900, browser=Firefox
Testing: csp_id=37, page_id=6000, browser=Firefox
Testing: csp_id=37, page_id=6100, browser=Firefox
Testing: csp_id=37, page_id=6200, browser=Firefox
Testing: csp_id=37, page_id=6300, browser=Firefox
Testing: csp_id=37, page_id=6400, browser=Firefox
Testing: csp_id=37, page_id=6500, browser=Firefox
Testing: csp_id=37, page_id=6600, browser=Firefox
Testing: csp_id=37, page_id=6700, browser=Firefox
Testing: csp_id=37, page_id=6800, browser=Firefox
Testing: csp_id=37, page_id=6900, browser=Firefox
Testing: csp_id=37, page_id=7000, browser=Firefox
Testing: csp_id=37, page_id=7100, browser=Firefox
Testing: csp_id=37, page_id=7200, browser=Firefox
Testing: csp_id=37, page_id=7300, browser=Firefox
Testing: csp_id=37, page_id=7400, browser=Firefox
Testing: csp_id=37, page_id=7500, browser=Firefox
Testing: csp_id=37, page_id=7600, browser=Firefox
Testing: csp_id=37, page_id=7700, browser=Firefox
Testing: csp_id=37, page_id=7800, browser=Firefox
Testing: csp_id=37, page_id=7900, browser=Firefox
Testing: csp_id=37, page_id=8000, browser=Firefox
Testing: csp_id=37, page_id=8100, browser=Firefox
Testing: csp_id=37, page_id=8200, browser=Firefox
Testing: csp_id=37, page_id=8300, browser=Firefox
Testing: csp_id=37, page_id=8400, browser=Firefox
Testing: csp_id=37, page_id=8500, browser=Firefox
Testing: csp_id=37, page_id=8600, browser=Firefox
Testing: csp_id=37, page_id=8700, browser=Firefox
Testing: csp_id=37, page_id=8800, browser=Firefox
Testing: csp_id=37, page_id=8900, browser=Firefox
Testing: csp_id=37, page_id=9000, browser=Firefox
Testing: csp_id=37, page_id=9100, browser=Firefox
Testing: csp_id=37, page_id=9200, browser=Firefox
Testing: csp_id=37, page_id=9300, browser=Firefox
Testing: csp_id=37, page_id=9400, browser=Firefox
Testing: csp_id=37, page_id=9500, browser=Firefox
Testing: csp_id=37, page_id=9600, browser=Firefox
Testing: csp_id=37, page_id=9700, browser=Firefox
Testing: csp_id=37, page_id=9800, browser=Firefox
Testing: csp_id=37, page_id=9900, browser=Firefox
Testing: csp_id=37, page_id=10000, browser=Firefox
Testing: csp_id=37, page_id=10100, browser=Firefox
Testing: csp_id=37, page_id=10200, browser=Firefox
Testing: csp_id=37, page_id=10300, browser=Firefox
Testing: csp_id=37, page_id=10400, browser=Firefox
Testing: csp_id=37, page_id=10500, browser=Firefox
Testing: csp_id=37, page_id=10600, browser=Firefox
Testing: csp_id=37, page_id=10700, browser=Firefox
Testing: csp_id=37, page_id=10800, browser=Firefox
Testing: csp_id=37, page_id=10900, browser=Firefox
Testing: csp_id=37, page_id=11000, browser=Firefox
Testing: csp_id=37, page_id=11100, browser=Firefox
Testing: csp_id=37, page_id=11200, browser=Firefox
Testing: csp_id=37, page_id=11300, browser=Firefox
Testing: csp_id=37, page_id=11400, browser=Firefox
Testing: csp_id=37, page_id=11500, browser=Firefox
Testing: csp_id=37, page_id=11600, browser=Firefox
Testing: csp_id=37, page_id=11700, browser=Firefox
Testing: csp_id=37, page_id=11800, browser=Firefox
Testing: csp_id=37, page_id=11900, browser=Firefox
Testing: csp_id=37, page_id=12000, browser=Firefox
Testing: csp_id=37, page_id=12100, browser=Firefox
Testing: csp_id=37, page_id=12200, browser=Firefox
Testing: csp_id=37, page_id=12300, browser=Firefox
Testing: csp_id=37, page_id=12400, browser=Firefox
Testing: csp_id=37, page_id=12500, browser=Firefox
Testing: csp_id=37, page_id=12600, browser=Firefox
Testing: csp_id=37, page_id=12700, browser=Firefox
Testing: csp_id=37, page_id=12800, browser=Firefox
Testing: csp_id=37, page_id=12900, browser=Firefox
Testing: csp_id=37, page_id=13000, browser=Firefox
Testing: csp_id=37, page_id=13100, browser=Firefox
Testing: csp_id=37, page_id=13200, browser=Firefox
Testing: csp_id=37, page_id=13300, browser=Firefox
Testing: csp_id=37, page_id=13400, browser=Firefox
Testing: csp_id=37, page_id=13500, browser=Firefox
Testing: csp_id=37, page_id=13600, browser=Firefox
Testing: csp_id=37, page_id=13700, browser=Firefox
Testing: csp_id=37, page_id=13800, browser=Firefox
Testing: csp_id=37, page_id=13900, browser=Firefox
Testing: csp_id=37, page_id=14000, browser=Firefox
Testing: csp_id=37, page_id=14100, browser=Firefox
Testing: csp_id=37, page_id=14200, browser=Firefox
Testing: csp_id=37, page_id=14300, browser=Firefox
Testing: csp_id=37, page_id=14400, browser=Firefox
Testing: csp_id=37, page_id=14500, browser=Firefox
Testing: csp_id=37, page_id=14600, browser=Firefox
Testing: csp_id=37, page_id=14700, browser=Firefox
Testing: csp_id=37, page_id=14800, browser=Firefox
Testing: csp_id=37, page_id=14900, browser=Firefox
Testing: csp_id=37, page_id=15000, browser=Firefox
Testing: csp_id=37, page_id=15100, browser=Firefox
Testing: csp_id=37, page_id=15200, browser=Firefox
Testing: csp_id=37, page_id=15300, browser=Firefox
Testing: csp_id=37, page_id=15400, browser=Firefox
Testing: csp_id=37, page_id=15500, browser=Firefox
Testing: csp_id=37, page_id=15600, browser=Firefox
Testing: csp_id=37, page_id=15700, browser=Firefox
Testing: csp_id=37, page_id=15800, browser=Firefox
Testing: csp_id=37, page_id=15900, browser=Firefox
Testing: csp_id=37, page_id=16000, browser=Firefox
Testing: csp_id=37, page_id=16100, browser=Firefox
Testing: csp_id=37, page_id=16200, browser=Firefox
Testing: csp_id=37, page_id=16300, browser=Firefox
Testing: csp_id=37, page_id=16400, browser=Firefox
Testing: csp_id=37, page_id=16500, browser=Firefox
Testing: csp_id=37, page_id=16600, browser=Firefox
Testing: csp_id=37, page_id=16700, browser=Firefox
Testing: csp_id=37, page_id=16800, browser=Firefox
Testing: csp_id=37, page_id=16900, browser=Firefox
Testing: csp_id=37, page_id=17000, browser=Firefox
Testing: csp_id=37, page_id=17100, browser=Firefox
Testing: csp_id=37, page_id=17200, browser=Firefox
Testing: csp_id=37, page_id=17300, browser=Firefox
Testing: csp_id=37, page_id=17400, browser=Firefox
Testing: csp_id=37, page_id=17500, browser=Firefox
Testing: csp_id=37, page_id=17600, browser=Firefox
Testing: csp_id=37, page_id=17700, browser=Firefox
Testing: csp_id=37, page_id=17800, browser=Firefox
Testing: csp_id=37, page_id=17900, browser=Firefox
Testing: csp_id=37, page_id=18000, browser=Firefox
Testing: csp_id=37, page_id=18100, browser=Firefox
Testing: csp_id=37, page_id=18200, browser=Firefox
Testing: csp_id=37, page_id=18300, browser=Firefox
Testing: csp_id=37, page_id=18400, browser=Firefox
Testing: csp_id=37, page_id=18500, browser=Firefox
Testing: csp_id=37, page_id=18600, browser=Firefox
Testing: csp_id=37, page_id=18700, browser=Firefox
Testing: csp_id=37, page_id=18800, browser=Firefox
Testing: csp_id=37, page_id=18900, browser=Firefox
Testing: csp_id=37, page_id=19000, browser=Firefox
Testing: csp_id=37, page_id=19100, browser=Firefox
Testing: csp_id=37, page_id=19200, browser=Firefox
Testing: csp_id=37, page_id=19300, browser=Firefox
Testing: csp_id=37, page_id=19400, browser=Firefox
Testing: csp_id=37, page_id=19500, browser=Firefox
Testing: csp_id=37, page_id=19600, browser=Firefox
Testing: csp_id=37, page_id=19700, browser=Firefox
Testing: csp_id=37, page_id=19800, browser=Firefox
Testing: csp_id=37, page_id=19900, browser=Firefox
Testing: csp_id=37, page_id=20000, browser=Firefox
Testing: csp_id=37, page_id=20100, browser=Firefox
Testing: csp_id=37, page_id=20200, browser=Firefox
Testing: csp_id=37, page_id=20300, browser=Firefox
Testing: csp_id=37, page_id=20400, browser=Firefox
Testing: csp_id=37, page_id=20500, browser=Firefox
Testing: csp_id=37, page_id=20600, browser=Firefox
Testing: csp_id=37, page_id=20700, browser=Firefox
Testing: csp_id=37, page_id=20800, browser=Firefox
Testing: csp_id=37, page_id=20900, browser=Firefox
Testing: csp_id=37, page_id=21000, browser=Firefox
Testing: csp_id=37, page_id=21100, browser=Firefox
Testing: csp_id=37, page_id=21200, browser=Firefox
Testing: csp_id=37, page_id=21300, browser=Firefox
Testing: csp_id=37, page_id=21400, browser=Firefox
Testing: csp_id=37, page_id=21500, browser=Firefox
Testing: csp_id=37, page_id=21600, browser=Firefox
Testing: csp_id=37, page_id=21700, browser=Firefox
Testing: csp_id=37, page_id=21800, browser=Firefox
Testing: csp_id=37, page_id=21900, browser=Firefox
Testing: csp_id=37, page_id=22000, browser=Firefox
Testing: csp_id=37, page_id=22100, browser=Firefox
Testing: csp_id=37, page_id=22200, browser=Firefox
Testing: csp_id=37, page_id=22300, browser=Firefox
Testing: csp_id=37, page_id=22400, browser=Firefox
Testing: csp_id=37, page_id=22500, browser=Firefox
Testing: csp_id=37, page_id=22600, browser=Firefox
Testing: csp_id=37, page_id=22700, browser=Firefox
Testing: csp_id=37, page_id=22800, browser=Firefox
Testing: csp_id=37, page_id=22900, browser=Firefox
Testing: csp_id=37, page_id=23000, browser=Firefox
Testing: csp_id=37, page_id=23100, browser=Firefox
Testing: csp_id=37, page_id=23200, browser=Firefox
Testing: csp_id=37, page_id=23300, browser=Firefox
Testing: csp_id=37, page_id=23400, browser=Firefox
Testing: csp_id=37, page_id=23500, browser=Firefox
Testing: csp_id=37, page_id=23600, browser=Firefox
Testing: csp_id=37, page_id=23700, browser=Firefox
Testing: csp_id=37, page_id=23800, browser=Firefox
Testing: csp_id=37, page_id=23900, browser=Firefox
Testing: csp_id=37, page_id=24000, browser=Firefox
Testing: csp_id=37, page_id=24100, browser=Firefox
Testing: csp_id=37, page_id=24200, browser=Firefox
Testing: csp_id=37, page_id=24300, browser=Firefox
Testing: csp_id=37, page_id=24400, browser=Firefox
Testing: csp_id=37, page_id=24500, browser=Firefox
Testing: csp_id=37, page_id=24600, browser=Firefox
Testing: csp_id=37, page_id=24700, browser=Firefox
Testing: csp_id=37, page_id=24800, browser=Firefox
Testing: csp_id=37, page_id=24900, browser=Firefox
Testing: csp_id=37, page_id=25000, browser=Firefox
Testing: csp_id=37, page_id=25100, browser=Firefox
Testing: csp_id=37, page_id=25200, browser=Firefox
Testing: csp_id=37, page_id=25300, browser=Firefox
Testing: csp_id=37, page_id=25400, browser=Firefox
Testing: csp_id=37, page_id=25500, browser=Firefox
Testing: csp_id=37, page_id=25600, browser=Firefox
Testing: csp_id=37, page_id=25700, browser=Firefox
Testing: csp_id=37, page_id=25800, browser=Firefox
Testing: csp_id=37, page_id=25900, browser=Firefox
Testing: csp_id=37, page_id=26000, browser=Firefox
Testing: csp_id=37, page_id=26100, browser=Firefox
Testing: csp_id=37, page_id=26200, browser=Firefox
Testing: csp_id=37, page_id=26300, browser=Firefox
Testing: csp_id=37, page_id=26400, browser=Firefox
Testing: csp_id=37, page_id=26500, browser=Firefox
Testing: csp_id=37, page_id=26600, browser=Firefox
Testing: csp_id=37, page_id=26700, browser=Firefox
Testing: csp_id=37, page_id=26800, browser=Firefox
Testing: csp_id=37, page_id=26900, browser=Firefox
Testing: csp_id=37, page_id=27000, browser=Firefox
Testing: csp_id=37, page_id=27100, browser=Firefox
Testing: csp_id=37, page_id=27200, browser=Firefox
Testing: csp_id=37, page_id=27300, browser=Firefox
Testing: csp_id=37, page_id=27400, browser=Firefox
Testing: csp_id=37, page_id=27500, browser=Firefox
Testing: csp_id=37, page_id=27600, browser=Firefox
Testing: csp_id=37, page_id=27700, browser=Firefox
Testing: csp_id=37, page_id=27800, browser=Firefox
Testing: csp_id=37, page_id=27900, browser=Firefox
Testing: csp_id=37, page_id=28000, browser=Firefox
Testing: csp_id=37, page_id=28100, browser=Firefox
Testing: csp_id=37, page_id=28200, browser=Firefox
Testing: csp_id=37, page_id=28300, browser=Firefox
Testing: csp_id=37, page_id=28400, browser=Firefox
Testing: csp_id=37, page_id=28500, browser=Firefox
Testing: csp_id=37, page_id=28600, browser=Firefox
Testing: csp_id=37, page_id=28700, browser=Firefox
Testing: csp_id=37, page_id=28800, browser=Firefox
Testing: csp_id=37, page_id=28900, browser=Firefox
Testing: csp_id=37, page_id=29000, browser=Firefox
Testing: csp_id=37, page_id=29100, browser=Firefox
Testing: csp_id=37, page_id=29200, browser=Firefox
Testing: csp_id=37, page_id=29300, browser=Firefox
Testing: csp_id=37, page_id=29400, browser=Firefox
Testing: csp_id=37, page_id=29500, browser=Firefox
Testing: csp_id=37, page_id=29600, browser=Firefox
Testing: csp_id=37, page_id=29700, browser=Firefox
Testing: csp_id=37, page_id=29800, browser=Firefox
🏊 create_context_pools[first] (5x16): 21.645s
Testing: csp_id=40, page_id=0, browser=Firefox
Testing: csp_id=40, page_id=100, browser=Firefox
Testing: csp_id=40, page_id=200, browser=Firefox
Testing: csp_id=40, page_id=300, browser=Firefox
Testing: csp_id=40, page_id=400, browser=Firefox
Testing: csp_id=40, page_id=500, browser=Firefox
Testing: csp_id=40, page_id=600, browser=Firefox
Testing: csp_id=40, page_id=700, browser=Firefox
Testing: csp_id=40, page_id=800, browser=Firefox
Testing: csp_id=40, page_id=900, browser=Firefox
Testing: csp_id=40, page_id=1000, browser=Firefox
Testing: csp_id=40, page_id=1100, browser=Firefox
Testing: csp_id=40, page_id=1200, browser=Firefox
Testing: csp_id=40, page_id=1300, browser=Firefox
Testing: csp_id=40, page_id=1400, browser=Firefox
Testing: csp_id=40, page_id=1500, browser=Firefox
Testing: csp_id=40, page_id=1600, browser=Firefox
Testing: csp_id=40, page_id=1700, browser=Firefox
Testing: csp_id=40, page_id=1800, browser=Firefox
Testing: csp_id=40, page_id=1900, browser=Firefox
Testing: csp_id=40, page_id=2000, browser=Firefox
Testing: csp_id=40, page_id=2100, browser=Firefox
Testing: csp_id=40, page_id=2200, browser=Firefox
Testing: csp_id=40, page_id=2300, browser=Firefox
Testing: csp_id=40, page_id=2400, browser=Firefox
Testing: csp_id=40, page_id=2500, browser=Firefox
Testing: csp_id=40, page_id=2600, browser=Firefox
Testing: csp_id=40, page_id=2700, browser=Firefox
Testing: csp_id=40, page_id=2800, browser=Firefox
Testing: csp_id=40, page_id=2900, browser=Firefox
Testing: csp_id=40, page_id=3000, browser=Firefox
Testing: csp_id=40, page_id=3100, browser=Firefox
Testing: csp_id=40, page_id=3200, browser=Firefox
Testing: csp_id=40, page_id=3300, browser=Firefox
Testing: csp_id=40, page_id=3400, browser=Firefox
Testing: csp_id=40, page_id=3500, browser=Firefox
Testing: csp_id=40, page_id=3600, browser=Firefox
Testing: csp_id=40, page_id=3700, browser=Firefox
Testing: csp_id=40, page_id=3800, browser=Firefox
Testing: csp_id=40, page_id=3900, browser=Firefox
Testing: csp_id=40, page_id=4000, browser=Firefox
Testing: csp_id=40, page_id=4100, browser=Firefox
Testing: csp_id=40, page_id=4200, browser=Firefox
Testing: csp_id=40, page_id=4300, browser=Firefox
Testing: csp_id=40, page_id=4400, browser=Firefox
Testing: csp_id=40, page_id=4500, browser=Firefox
Testing: csp_id=40, page_id=4600, browser=Firefox
Testing: csp_id=40, page_id=4700, browser=Firefox
Testing: csp_id=40, page_id=4800, browser=Firefox
Testing: csp_id=40, page_id=4900, browser=Firefox
Testing: csp_id=40, page_id=5000, browser=Firefox
Testing: csp_id=40, page_id=5100, browser=Firefox
Testing: csp_id=40, page_id=5200, browser=Firefox
Testing: csp_id=40, page_id=5300, browser=Firefox
Testing: csp_id=40, page_id=5400, browser=Firefox
Testing: csp_id=40, page_id=5500, browser=Firefox
Testing: csp_id=40, page_id=5600, browser=Firefox
Testing: csp_id=40, page_id=5700, browser=Firefox
Testing: csp_id=40, page_id=5800, browser=Firefox
Testing: csp_id=40, page_id=5900, browser=Firefox
Testing: csp_id=40, page_id=6000, browser=Firefox
Testing: csp_id=40, page_id=6100, browser=Firefox
Testing: csp_id=40, page_id=6200, browser=Firefox
Testing: csp_id=40, page_id=6300, browser=Firefox
Testing: csp_id=40, page_id=6400, browser=Firefox
Testing: csp_id=40, page_id=6500, browser=Firefox
Testing: csp_id=40, page_id=6600, browser=Firefox
Testing: csp_id=40, page_id=6700, browser=Firefox
Testing: csp_id=40, page_id=6800, browser=Firefox
Testing: csp_id=40, page_id=6900, browser=Firefox
Testing: csp_id=40, page_id=7000, browser=Firefox
Testing: csp_id=40, page_id=7100, browser=Firefox
Testing: csp_id=40, page_id=7200, browser=Firefox
Testing: csp_id=40, page_id=7300, browser=Firefox
Testing: csp_id=40, page_id=7400, browser=Firefox
Testing: csp_id=40, page_id=7500, browser=Firefox
Testing: csp_id=40, page_id=7600, browser=Firefox
Testing: csp_id=40, page_id=7700, browser=Firefox
Testing: csp_id=40, page_id=7800, browser=Firefox
Testing: csp_id=40, page_id=7900, browser=Firefox
Testing: csp_id=40, page_id=8000, browser=Firefox
Testing: csp_id=40, page_id=8100, browser=Firefox
Testing: csp_id=40, page_id=8200, browser=Firefox
Testing: csp_id=40, page_id=8300, browser=Firefox
Testing: csp_id=40, page_id=8400, browser=Firefox
Testing: csp_id=40, page_id=8500, browser=Firefox
Testing: csp_id=40, page_id=8600, browser=Firefox
Testing: csp_id=40, page_id=8700, browser=Firefox
Testing: csp_id=40, page_id=8800, browser=Firefox
Testing: csp_id=40, page_id=8900, browser=Firefox
Testing: csp_id=40, page_id=9000, browser=Firefox
Testing: csp_id=40, page_id=9100, browser=Firefox
Testing: csp_id=40, page_id=9200, browser=Firefox
Testing: csp_id=40, page_id=9300, browser=Firefox
Testing: csp_id=40, page_id=9400, browser=Firefox
Testing: csp_id=40, page_id=9500, browser=Firefox
Testing: csp_id=40, page_id=9600, browser=Firefox
Testing: csp_id=40, page_id=9700, browser=Firefox
Testing: csp_id=40, page_id=9800, browser=Firefox
Testing: csp_id=40, page_id=9900, browser=Firefox
Testing: csp_id=40, page_id=10000, browser=Firefox
Testing: csp_id=40, page_id=10100, browser=Firefox
Testing: csp_id=40, page_id=10200, browser=Firefox
Testing: csp_id=40, page_id=10300, browser=Firefox
Testing: csp_id=40, page_id=10400, browser=Firefox
Testing: csp_id=40, page_id=10500, browser=Firefox
Testing: csp_id=40, page_id=10600, browser=Firefox
Testing: csp_id=40, page_id=10700, browser=Firefox
Testing: csp_id=40, page_id=10800, browser=Firefox
Testing: csp_id=40, page_id=10900, browser=Firefox
Testing: csp_id=40, page_id=11000, browser=Firefox
Testing: csp_id=40, page_id=11100, browser=Firefox
Testing: csp_id=40, page_id=11200, browser=Firefox
Testing: csp_id=40, page_id=11300, browser=Firefox
Testing: csp_id=40, page_id=11400, browser=Firefox
Testing: csp_id=40, page_id=11500, browser=Firefox
Testing: csp_id=40, page_id=11600, browser=Firefox
Testing: csp_id=40, page_id=11700, browser=Firefox
Testing: csp_id=40, page_id=11800, browser=Firefox
Testing: csp_id=40, page_id=11900, browser=Firefox
Testing: csp_id=40, page_id=12000, browser=Firefox
Testing: csp_id=40, page_id=12100, browser=Firefox
Testing: csp_id=40, page_id=12200, browser=Firefox
Testing: csp_id=40, page_id=12300, browser=Firefox
Testing: csp_id=40, page_id=12400, browser=Firefox
Testing: csp_id=40, page_id=12500, browser=Firefox
Testing: csp_id=40, page_id=12600, browser=Firefox
Testing: csp_id=40, page_id=12700, browser=Firefox
Testing: csp_id=40, page_id=12800, browser=Firefox
Testing: csp_id=40, page_id=12900, browser=Firefox
Testing: csp_id=40, page_id=13000, browser=Firefox
Testing: csp_id=40, page_id=13100, browser=Firefox
Testing: csp_id=40, page_id=13200, browser=Firefox
Testing: csp_id=40, page_id=13300, browser=Firefox
Testing: csp_id=40, page_id=13400, browser=Firefox
Testing: csp_id=40, page_id=13500, browser=Firefox
Testing: csp_id=40, page_id=13600, browser=Firefox
Testing: csp_id=40, page_id=13700, browser=Firefox
Testing: csp_id=40, page_id=13800, browser=Firefox
Testing: csp_id=40, page_id=13900, browser=Firefox
Testing: csp_id=40, page_id=14000, browser=Firefox
Testing: csp_id=40, page_id=14100, browser=Firefox
Testing: csp_id=40, page_id=14200, browser=Firefox
Testing: csp_id=40, page_id=14300, browser=Firefox
Testing: csp_id=40, page_id=14400, browser=Firefox
Testing: csp_id=40, page_id=14500, browser=Firefox
Testing: csp_id=40, page_id=14600, browser=Firefox
Testing: csp_id=40, page_id=14700, browser=Firefox
Testing: csp_id=40, page_id=14800, browser=Firefox
Testing: csp_id=40, page_id=14900, browser=Firefox
Testing: csp_id=40, page_id=15000, browser=Firefox
Testing: csp_id=40, page_id=15100, browser=Firefox
Testing: csp_id=40, page_id=15200, browser=Firefox
Testing: csp_id=40, page_id=15300, browser=Firefox
Testing: csp_id=40, page_id=15400, browser=Firefox
Testing: csp_id=40, page_id=15500, browser=Firefox
Testing: csp_id=40, page_id=15600, browser=Firefox
Testing: csp_id=40, page_id=15700, browser=Firefox
Testing: csp_id=40, page_id=15800, browser=Firefox
Testing: csp_id=40, page_id=15900, browser=Firefox
Testing: csp_id=40, page_id=16000, browser=Firefox
Testing: csp_id=40, page_id=16100, browser=Firefox
Testing: csp_id=40, page_id=16200, browser=Firefox
Testing: csp_id=40, page_id=16300, browser=Firefox
Testing: csp_id=40, page_id=16400, browser=Firefox
Testing: csp_id=40, page_id=16500, browser=Firefox
Testing: csp_id=40, page_id=16600, browser=Firefox
Testing: csp_id=40, page_id=16700, browser=Firefox
Testing: csp_id=40, page_id=16800, browser=Firefox
Testing: csp_id=40, page_id=16900, browser=Firefox
Testing: csp_id=40, page_id=17000, browser=Firefox
Testing: csp_id=40, page_id=17100, browser=Firefox
Testing: csp_id=40, page_id=17200, browser=Firefox
Testing: csp_id=40, page_id=17300, browser=Firefox
Testing: csp_id=40, page_id=17400, browser=Firefox
Testing: csp_id=40, page_id=17500, browser=Firefox
Testing: csp_id=40, page_id=17600, browser=Firefox
Testing: csp_id=40, page_id=17700, browser=Firefox
Testing: csp_id=40, page_id=17800, browser=Firefox
Testing: csp_id=40, page_id=17900, browser=Firefox
Testing: csp_id=40, page_id=18000, browser=Firefox
Testing: csp_id=40, page_id=18100, browser=Firefox
Testing: csp_id=40, page_id=18200, browser=Firefox
Testing: csp_id=40, page_id=18300, browser=Firefox
Testing: csp_id=40, page_id=18400, browser=Firefox
Testing: csp_id=40, page_id=18500, browser=Firefox
Testing: csp_id=40, page_id=18600, browser=Firefox
Testing: csp_id=40, page_id=18700, browser=Firefox
Testing: csp_id=40, page_id=18800, browser=Firefox
Testing: csp_id=40, page_id=18900, browser=Firefox
Testing: csp_id=40, page_id=19000, browser=Firefox
Testing: csp_id=40, page_id=19100, browser=Firefox
Testing: csp_id=40, page_id=19200, browser=Firefox
Testing: csp_id=40, page_id=19300, browser=Firefox
Testing: csp_id=40, page_id=19400, browser=Firefox
Testing: csp_id=40, page_id=19500, browser=Firefox
Testing: csp_id=40, page_id=19600, browser=Firefox
Testing: csp_id=40, page_id=19700, browser=Firefox
Testing: csp_id=40, page_id=19800, browser=Firefox
Testing: csp_id=40, page_id=19900, browser=Firefox
Testing: csp_id=40, page_id=20000, browser=Firefox
Testing: csp_id=40, page_id=20100, browser=Firefox
Testing: csp_id=40, page_id=20200, browser=Firefox
Testing: csp_id=40, page_id=20300, browser=Firefox
Testing: csp_id=40, page_id=20400, browser=Firefox
Testing: csp_id=40, page_id=20500, browser=Firefox
Testing: csp_id=40, page_id=20600, browser=Firefox
Testing: csp_id=40, page_id=20700, browser=Firefox
Testing: csp_id=40, page_id=20800, browser=Firefox
Testing: csp_id=40, page_id=20900, browser=Firefox
Testing: csp_id=40, page_id=21000, browser=Firefox
Testing: csp_id=40, page_id=21100, browser=Firefox
Testing: csp_id=40, page_id=21200, browser=Firefox
Testing: csp_id=40, page_id=21300, browser=Firefox
Testing: csp_id=40, page_id=21400, browser=Firefox
Testing: csp_id=40, page_id=21500, browser=Firefox
Testing: csp_id=40, page_id=21600, browser=Firefox
Testing: csp_id=40, page_id=21700, browser=Firefox
Testing: csp_id=40, page_id=21800, browser=Firefox
Testing: csp_id=40, page_id=21900, browser=Firefox
Testing: csp_id=40, page_id=22000, browser=Firefox
Testing: csp_id=40, page_id=22100, browser=Firefox
Testing: csp_id=40, page_id=22200, browser=Firefox
Testing: csp_id=40, page_id=22300, browser=Firefox
Testing: csp_id=40, page_id=22400, browser=Firefox
Testing: csp_id=40, page_id=22500, browser=Firefox
Testing: csp_id=40, page_id=22600, browser=Firefox
Testing: csp_id=40, page_id=22700, browser=Firefox
Testing: csp_id=40, page_id=22800, browser=Firefox
Testing: csp_id=40, page_id=22900, browser=Firefox
Testing: csp_id=40, page_id=23000, browser=Firefox
Testing: csp_id=40, page_id=23100, browser=Firefox
Testing: csp_id=40, page_id=23200, browser=Firefox
Testing: csp_id=40, page_id=23300, browser=Firefox
Testing: csp_id=40, page_id=23400, browser=Firefox
Testing: csp_id=40, page_id=23500, browser=Firefox
Testing: csp_id=40, page_id=23600, browser=Firefox
Testing: csp_id=40, page_id=23700, browser=Firefox
Testing: csp_id=40, page_id=23800, browser=Firefox
Testing: csp_id=40, page_id=23900, browser=Firefox
Testing: csp_id=40, page_id=24000, browser=Firefox
Testing: csp_id=40, page_id=24100, browser=Firefox
Testing: csp_id=40, page_id=24200, browser=Firefox
Testing: csp_id=40, page_id=24300, browser=Firefox
Testing: csp_id=40, page_id=24400, browser=Firefox
Testing: csp_id=40, page_id=24500, browser=Firefox
Testing: csp_id=40, page_id=24600, browser=Firefox
Testing: csp_id=40, page_id=24700, browser=Firefox
Testing: csp_id=40, page_id=24800, browser=Firefox
Testing: csp_id=40, page_id=24900, browser=Firefox
Testing: csp_id=40, page_id=25000, browser=Firefox
Testing: csp_id=40, page_id=25100, browser=Firefox
Testing: csp_id=40, page_id=25200, browser=Firefox
Testing: csp_id=40, page_id=25300, browser=Firefox
Testing: csp_id=40, page_id=25400, browser=Firefox
Testing: csp_id=40, page_id=25500, browser=Firefox
Testing: csp_id=40, page_id=25600, browser=Firefox
Testing: csp_id=40, page_id=25700, browser=Firefox
Testing: csp_id=40, page_id=25800, browser=Firefox
Testing: csp_id=40, page_id=25900, browser=Firefox
Testing: csp_id=40, page_id=26000, browser=Firefox
Testing: csp_id=40, page_id=26100, browser=Firefox
Testing: csp_id=40, page_id=26200, browser=Firefox
Testing: csp_id=40, page_id=26300, browser=Firefox
Testing: csp_id=40, page_id=26400, browser=Firefox
Testing: csp_id=40, page_id=26500, browser=Firefox
Testing: csp_id=40, page_id=26600, browser=Firefox
Testing: csp_id=40, page_id=26700, browser=Firefox
Testing: csp_id=40, page_id=26800, browser=Firefox
Testing: csp_id=40, page_id=26900, browser=Firefox
Testing: csp_id=40, page_id=27000, browser=Firefox
Testing: csp_id=40, page_id=27100, browser=Firefox
Testing: csp_id=40, page_id=27200, browser=Firefox
Testing: csp_id=40, page_id=27300, browser=Firefox
Testing: csp_id=40, page_id=27400, browser=Firefox
Testing: csp_id=40, page_id=27500, browser=Firefox
Testing: csp_id=40, page_id=27600, browser=Firefox
Testing: csp_id=40, page_id=27700, browser=Firefox
Testing: csp_id=40, page_id=27800, browser=Firefox
Testing: csp_id=40, page_id=27900, browser=Firefox
Testing: csp_id=40, page_id=28000, browser=Firefox
Testing: csp_id=40, page_id=28100, browser=Firefox
Testing: csp_id=40, page_id=28200, browser=Firefox
Testing: csp_id=40, page_id=28300, browser=Firefox
Testing: csp_id=40, page_id=28400, browser=Firefox
Testing: csp_id=40, page_id=28500, browser=Firefox
Testing: csp_id=40, page_id=28600, browser=Firefox
Testing: csp_id=40, page_id=28700, browser=Firefox
Testing: csp_id=40, page_id=28800, browser=Firefox
Testing: csp_id=40, page_id=28900, browser=Firefox
Testing: csp_id=40, page_id=29000, browser=Firefox
Testing: csp_id=40, page_id=29100, browser=Firefox
Testing: csp_id=40, page_id=29200, browser=Firefox
Testing: csp_id=40, page_id=29300, browser=Firefox
Testing: csp_id=40, page_id=29400, browser=Firefox
Testing: csp_id=40, page_id=29500, browser=Firefox
Testing: csp_id=40, page_id=29600, browser=Firefox
Testing: csp_id=40, page_id=29700, browser=Firefox
Testing: csp_id=40, page_id=29800, browser=Firefox
🏊 create_context_pools[first] (5x16): 23.243s
Testing: csp_id=61, page_id=0, browser=Firefox
Testing: csp_id=61, page_id=100, browser=Firefox
Testing: csp_id=61, page_id=200, browser=Firefox
Testing: csp_id=61, page_id=300, browser=Firefox
Testing: csp_id=61, page_id=400, browser=Firefox
Testing: csp_id=61, page_id=500, browser=Firefox
Testing: csp_id=61, page_id=600, browser=Firefox
Testing: csp_id=61, page_id=700, browser=Firefox
Testing: csp_id=61, page_id=800, browser=Firefox
Testing: csp_id=61, page_id=900, browser=Firefox
Testing: csp_id=61, page_id=1000, browser=Firefox
Testing: csp_id=61, page_id=1100, browser=Firefox
Testing: csp_id=61, page_id=1200, browser=Firefox
Testing: csp_id=61, page_id=1300, browser=Firefox
Testing: csp_id=61, page_id=1400, browser=Firefox
Testing: csp_id=61, page_id=1500, browser=Firefox
Testing: csp_id=61, page_id=1600, browser=Firefox
Testing: csp_id=61, page_id=1700, browser=Firefox
Testing: csp_id=61, page_id=1800, browser=Firefox
Testing: csp_id=61, page_id=1900, browser=Firefox
Testing: csp_id=61, page_id=2000, browser=Firefox
Testing: csp_id=61, page_id=2100, browser=Firefox
Testing: csp_id=61, page_id=2200, browser=Firefox
Testing: csp_id=61, page_id=2300, browser=Firefox
Testing: csp_id=61, page_id=2400, browser=Firefox
Testing: csp_id=61, page_id=2500, browser=Firefox
Testing: csp_id=61, page_id=2600, browser=Firefox
Testing: csp_id=61, page_id=2700, browser=Firefox
Testing: csp_id=61, page_id=2800, browser=Firefox
Testing: csp_id=61, page_id=2900, browser=Firefox
Testing: csp_id=61, page_id=3000, browser=Firefox
Testing: csp_id=61, page_id=3100, browser=Firefox
Testing: csp_id=61, page_id=3200, browser=Firefox
Testing: csp_id=61, page_id=3300, browser=Firefox
Testing: csp_id=61, page_id=3400, browser=Firefox
Testing: csp_id=61, page_id=3500, browser=Firefox
Testing: csp_id=61, page_id=3600, browser=Firefox
Testing: csp_id=61, page_id=3700, browser=Firefox
Testing: csp_id=61, page_id=3800, browser=Firefox
Testing: csp_id=61, page_id=3900, browser=Firefox
Testing: csp_id=61, page_id=4000, browser=Firefox
Testing: csp_id=61, page_id=4100, browser=Firefox
Testing: csp_id=61, page_id=4200, browser=Firefox
Testing: csp_id=61, page_id=4300, browser=Firefox
Testing: csp_id=61, page_id=4400, browser=Firefox
Testing: csp_id=61, page_id=4500, browser=Firefox
Testing: csp_id=61, page_id=4600, browser=Firefox
Testing: csp_id=61, page_id=4700, browser=Firefox
Testing: csp_id=61, page_id=4800, browser=Firefox
Testing: csp_id=61, page_id=4900, browser=Firefox
Testing: csp_id=61, page_id=5000, browser=Firefox
Testing: csp_id=61, page_id=5100, browser=Firefox
Testing: csp_id=61, page_id=5200, browser=Firefox
Testing: csp_id=61, page_id=5300, browser=Firefox
Testing: csp_id=61, page_id=5400, browser=Firefox
Testing: csp_id=61, page_id=5500, browser=Firefox
Testing: csp_id=61, page_id=5600, browser=Firefox
Testing: csp_id=61, page_id=5700, browser=Firefox
Testing: csp_id=61, page_id=5800, browser=Firefox
Testing: csp_id=61, page_id=5900, browser=Firefox
Testing: csp_id=61, page_id=6000, browser=Firefox
Testing: csp_id=61, page_id=6100, browser=Firefox
Testing: csp_id=61, page_id=6200, browser=Firefox
Testing: csp_id=61, page_id=6300, browser=Firefox
Testing: csp_id=61, page_id=6400, browser=Firefox
Testing: csp_id=61, page_id=6500, browser=Firefox
Testing: csp_id=61, page_id=6600, browser=Firefox
Testing: csp_id=61, page_id=6700, browser=Firefox
Testing: csp_id=61, page_id=6800, browser=Firefox
Testing: csp_id=61, page_id=6900, browser=Firefox
Testing: csp_id=61, page_id=7000, browser=Firefox
Testing: csp_id=61, page_id=7100, browser=Firefox
Testing: csp_id=61, page_id=7200, browser=Firefox
Testing: csp_id=61, page_id=7300, browser=Firefox
Testing: csp_id=61, page_id=7400, browser=Firefox
Testing: csp_id=61, page_id=7500, browser=Firefox
Testing: csp_id=61, page_id=7600, browser=Firefox
Testing: csp_id=61, page_id=7700, browser=Firefox
Testing: csp_id=61, page_id=7800, browser=Firefox
Testing: csp_id=61, page_id=7900, browser=Firefox
Testing: csp_id=61, page_id=8000, browser=Firefox
Testing: csp_id=61, page_id=8100, browser=Firefox
Testing: csp_id=61, page_id=8200, browser=Firefox
Testing: csp_id=61, page_id=8300, browser=Firefox
Testing: csp_id=61, page_id=8400, browser=Firefox
Testing: csp_id=61, page_id=8500, browser=Firefox
Testing: csp_id=61, page_id=8600, browser=Firefox
Testing: csp_id=61, page_id=8700, browser=Firefox
Testing: csp_id=61, page_id=8800, browser=Firefox
Testing: csp_id=61, page_id=8900, browser=Firefox
Testing: csp_id=61, page_id=9000, browser=Firefox
Testing: csp_id=61, page_id=9100, browser=Firefox
Testing: csp_id=61, page_id=9200, browser=Firefox
Testing: csp_id=61, page_id=9300, browser=Firefox
Testing: csp_id=61, page_id=9400, browser=Firefox
Testing: csp_id=61, page_id=9500, browser=Firefox
Testing: csp_id=61, page_id=9600, browser=Firefox
Testing: csp_id=61, page_id=9700, browser=Firefox
Testing: csp_id=61, page_id=9800, browser=Firefox
Testing: csp_id=61, page_id=9900, browser=Firefox
Testing: csp_id=61, page_id=10000, browser=Firefox
Testing: csp_id=61, page_id=10100, browser=Firefox
Testing: csp_id=61, page_id=10200, browser=Firefox
Testing: csp_id=61, page_id=10300, browser=Firefox
Testing: csp_id=61, page_id=10400, browser=Firefox
Testing: csp_id=61, page_id=10500, browser=Firefox
Testing: csp_id=61, page_id=10600, browser=Firefox
Testing: csp_id=61, page_id=10700, browser=Firefox
Testing: csp_id=61, page_id=10800, browser=Firefox
Testing: csp_id=61, page_id=10900, browser=Firefox
Testing: csp_id=61, page_id=11000, browser=Firefox
Testing: csp_id=61, page_id=11100, browser=Firefox
Testing: csp_id=61, page_id=11200, browser=Firefox
Testing: csp_id=61, page_id=11300, browser=Firefox
Testing: csp_id=61, page_id=11400, browser=Firefox
Testing: csp_id=61, page_id=11500, browser=Firefox
Testing: csp_id=61, page_id=11600, browser=Firefox
Testing: csp_id=61, page_id=11700, browser=Firefox
Testing: csp_id=61, page_id=11800, browser=Firefox
Testing: csp_id=61, page_id=11900, browser=Firefox
Testing: csp_id=61, page_id=12000, browser=Firefox
Testing: csp_id=61, page_id=12100, browser=Firefox
Testing: csp_id=61, page_id=12200, browser=Firefox
Testing: csp_id=61, page_id=12300, browser=Firefox
Testing: csp_id=61, page_id=12400, browser=Firefox
Testing: csp_id=61, page_id=12500, browser=Firefox
Testing: csp_id=61, page_id=12600, browser=Firefox
Testing: csp_id=61, page_id=12700, browser=Firefox
Testing: csp_id=61, page_id=12800, browser=Firefox
Testing: csp_id=61, page_id=12900, browser=Firefox
Testing: csp_id=61, page_id=13000, browser=Firefox
Testing: csp_id=61, page_id=13100, browser=Firefox
Testing: csp_id=61, page_id=13200, browser=Firefox
Testing: csp_id=61, page_id=13300, browser=Firefox
Testing: csp_id=61, page_id=13400, browser=Firefox
Testing: csp_id=61, page_id=13500, browser=Firefox
Testing: csp_id=61, page_id=13600, browser=Firefox
Testing: csp_id=61, page_id=13700, browser=Firefox
Testing: csp_id=61, page_id=13800, browser=Firefox
Testing: csp_id=61, page_id=13900, browser=Firefox
Testing: csp_id=61, page_id=14000, browser=Firefox
Testing: csp_id=61, page_id=14100, browser=Firefox
Testing: csp_id=61, page_id=14200, browser=Firefox
Testing: csp_id=61, page_id=14300, browser=Firefox
Testing: csp_id=61, page_id=14400, browser=Firefox
Testing: csp_id=61, page_id=14500, browser=Firefox
Testing: csp_id=61, page_id=14600, browser=Firefox
Testing: csp_id=61, page_id=14700, browser=Firefox
Testing: csp_id=61, page_id=14800, browser=Firefox
Testing: csp_id=61, page_id=14900, browser=Firefox
Testing: csp_id=61, page_id=15000, browser=Firefox
Testing: csp_id=61, page_id=15100, browser=Firefox
Testing: csp_id=61, page_id=15200, browser=Firefox
Testing: csp_id=61, page_id=15300, browser=Firefox
Testing: csp_id=61, page_id=15400, browser=Firefox
Testing: csp_id=61, page_id=15500, browser=Firefox
Testing: csp_id=61, page_id=15600, browser=Firefox
Testing: csp_id=61, page_id=15700, browser=Firefox
Testing: csp_id=61, page_id=15800, browser=Firefox
Testing: csp_id=61, page_id=15900, browser=Firefox
Testing: csp_id=61, page_id=16000, browser=Firefox
Testing: csp_id=61, page_id=16100, browser=Firefox
Testing: csp_id=61, page_id=16200, browser=Firefox
Testing: csp_id=61, page_id=16300, browser=Firefox
Testing: csp_id=61, page_id=16400, browser=Firefox
Testing: csp_id=61, page_id=16500, browser=Firefox
Testing: csp_id=61, page_id=16600, browser=Firefox
Testing: csp_id=61, page_id=16700, browser=Firefox
Testing: csp_id=61, page_id=16800, browser=Firefox
Testing: csp_id=61, page_id=16900, browser=Firefox
Testing: csp_id=61, page_id=17000, browser=Firefox
Testing: csp_id=61, page_id=17100, browser=Firefox
Testing: csp_id=61, page_id=17200, browser=Firefox
Testing: csp_id=61, page_id=17300, browser=Firefox
Testing: csp_id=61, page_id=17400, browser=Firefox
Testing: csp_id=61, page_id=17500, browser=Firefox
Testing: csp_id=61, page_id=17600, browser=Firefox
Testing: csp_id=61, page_id=17700, browser=Firefox
Testing: csp_id=61, page_id=17800, browser=Firefox
Testing: csp_id=61, page_id=17900, browser=Firefox
Testing: csp_id=61, page_id=18000, browser=Firefox
Testing: csp_id=61, page_id=18100, browser=Firefox
Testing: csp_id=61, page_id=18200, browser=Firefox
Testing: csp_id=61, page_id=18300, browser=Firefox
Testing: csp_id=61, page_id=18400, browser=Firefox
Testing: csp_id=61, page_id=18500, browser=Firefox
Testing: csp_id=61, page_id=18600, browser=Firefox
Testing: csp_id=61, page_id=18700, browser=Firefox
Testing: csp_id=61, page_id=18800, browser=Firefox
Testing: csp_id=61, page_id=18900, browser=Firefox
Testing: csp_id=61, page_id=19000, browser=Firefox
Testing: csp_id=61, page_id=19100, browser=Firefox
Testing: csp_id=61, page_id=19200, browser=Firefox
Testing: csp_id=61, page_id=19300, browser=Firefox
Testing: csp_id=61, page_id=19400, browser=Firefox
Testing: csp_id=61, page_id=19500, browser=Firefox
Testing: csp_id=61, page_id=19600, browser=Firefox
Testing: csp_id=61, page_id=19700, browser=Firefox
Testing: csp_id=61, page_id=19800, browser=Firefox
Testing: csp_id=61, page_id=19900, browser=Firefox
Testing: csp_id=61, page_id=20000, browser=Firefox
Testing: csp_id=61, page_id=20100, browser=Firefox
Testing: csp_id=61, page_id=20200, browser=Firefox
Testing: csp_id=61, page_id=20300, browser=Firefox
Testing: csp_id=61, page_id=20400, browser=Firefox
Testing: csp_id=61, page_id=20500, browser=Firefox
Testing: csp_id=61, page_id=20600, browser=Firefox
Testing: csp_id=61, page_id=20700, browser=Firefox
Testing: csp_id=61, page_id=20800, browser=Firefox
Testing: csp_id=61, page_id=20900, browser=Firefox
Testing: csp_id=61, page_id=21000, browser=Firefox
Testing: csp_id=61, page_id=21100, browser=Firefox
Testing: csp_id=61, page_id=21200, browser=Firefox
Testing: csp_id=61, page_id=21300, browser=Firefox
Testing: csp_id=61, page_id=21400, browser=Firefox
Testing: csp_id=61, page_id=21500, browser=Firefox
Testing: csp_id=61, page_id=21600, browser=Firefox
Testing: csp_id=61, page_id=21700, browser=Firefox
Testing: csp_id=61, page_id=21800, browser=Firefox
Testing: csp_id=61, page_id=21900, browser=Firefox
Testing: csp_id=61, page_id=22000, browser=Firefox
Testing: csp_id=61, page_id=22100, browser=Firefox
Testing: csp_id=61, page_id=22200, browser=Firefox
Testing: csp_id=61, page_id=22300, browser=Firefox
Testing: csp_id=61, page_id=22400, browser=Firefox
Testing: csp_id=61, page_id=22500, browser=Firefox
Testing: csp_id=61, page_id=22600, browser=Firefox
Testing: csp_id=61, page_id=22700, browser=Firefox
Testing: csp_id=61, page_id=22800, browser=Firefox
Testing: csp_id=61, page_id=22900, browser=Firefox
Testing: csp_id=61, page_id=23000, browser=Firefox
Testing: csp_id=61, page_id=23100, browser=Firefox
Testing: csp_id=61, page_id=23200, browser=Firefox
Testing: csp_id=61, page_id=23300, browser=Firefox
Testing: csp_id=61, page_id=23400, browser=Firefox
Testing: csp_id=61, page_id=23500, browser=Firefox
Testing: csp_id=61, page_id=23600, browser=Firefox
Testing: csp_id=61, page_id=23700, browser=Firefox
Testing: csp_id=61, page_id=23800, browser=Firefox
Testing: csp_id=61, page_id=23900, browser=Firefox
Testing: csp_id=61, page_id=24000, browser=Firefox
Testing: csp_id=61, page_id=24100, browser=Firefox
Testing: csp_id=61, page_id=24200, browser=Firefox
Testing: csp_id=61, page_id=24300, browser=Firefox
Testing: csp_id=61, page_id=24400, browser=Firefox
Testing: csp_id=61, page_id=24500, browser=Firefox
Testing: csp_id=61, page_id=24600, browser=Firefox
Testing: csp_id=61, page_id=24700, browser=Firefox
Testing: csp_id=61, page_id=24800, browser=Firefox
Testing: csp_id=61, page_id=24900, browser=Firefox
Testing: csp_id=61, page_id=25000, browser=Firefox
Testing: csp_id=61, page_id=25100, browser=Firefox
Testing: csp_id=61, page_id=25200, browser=Firefox
Testing: csp_id=61, page_id=25300, browser=Firefox
Testing: csp_id=61, page_id=25400, browser=Firefox
Testing: csp_id=61, page_id=25500, browser=Firefox
Testing: csp_id=61, page_id=25600, browser=Firefox
Testing: csp_id=61, page_id=25700, browser=Firefox
Testing: csp_id=61, page_id=25800, browser=Firefox
Testing: csp_id=61, page_id=25900, browser=Firefox
Testing: csp_id=61, page_id=26000, browser=Firefox
Testing: csp_id=61, page_id=26100, browser=Firefox
Testing: csp_id=61, page_id=26200, browser=Firefox
Testing: csp_id=61, page_id=26300, browser=Firefox
Testing: csp_id=61, page_id=26400, browser=Firefox
Testing: csp_id=61, page_id=26500, browser=Firefox
Testing: csp_id=61, page_id=26600, browser=Firefox
Testing: csp_id=61, page_id=26700, browser=Firefox
Testing: csp_id=61, page_id=26800, browser=Firefox
Testing: csp_id=61, page_id=26900, browser=Firefox
Testing: csp_id=61, page_id=27000, browser=Firefox
Testing: csp_id=61, page_id=27100, browser=Firefox
Testing: csp_id=61, page_id=27200, browser=Firefox
Testing: csp_id=61, page_id=27300, browser=Firefox
Testing: csp_id=61, page_id=27400, browser=Firefox
Testing: csp_id=61, page_id=27500, browser=Firefox
Testing: csp_id=61, page_id=27600, browser=Firefox
Testing: csp_id=61, page_id=27700, browser=Firefox
Testing: csp_id=61, page_id=27800, browser=Firefox
Testing: csp_id=61, page_id=27900, browser=Firefox
Testing: csp_id=61, page_id=28000, browser=Firefox
Testing: csp_id=61, page_id=28100, browser=Firefox
Testing: csp_id=61, page_id=28200, browser=Firefox
Testing: csp_id=61, page_id=28300, browser=Firefox
Testing: csp_id=61, page_id=28400, browser=Firefox
Testing: csp_id=61, page_id=28500, browser=Firefox
Testing: csp_id=61, page_id=28600, browser=Firefox
Testing: csp_id=61, page_id=28700, browser=Firefox
Testing: csp_id=61, page_id=28800, browser=Firefox
Testing: csp_id=61, page_id=28900, browser=Firefox
Testing: csp_id=61, page_id=29000, browser=Firefox
Testing: csp_id=61, page_id=29100, browser=Firefox
Testing: csp_id=61, page_id=29200, browser=Firefox
Testing: csp_id=61, page_id=29300, browser=Firefox
Testing: csp_id=61, page_id=29400, browser=Firefox
Testing: csp_id=61, page_id=29500, browser=Firefox
Testing: csp_id=61, page_id=29600, browser=Firefox
Testing: csp_id=61, page_id=29700, browser=Firefox
Testing: csp_id=61, page_id=29800, browser=Firefox
🏊 create_context_pools[first] (5x16): 30.864s
Testing: csp_id=68, page_id=0, browser=Firefox
Testing: csp_id=68, page_id=100, browser=Firefox
Testing: csp_id=68, page_id=200, browser=Firefox
Testing: csp_id=68, page_id=300, browser=Firefox
Testing: csp_id=68, page_id=400, browser=Firefox
Testing: csp_id=68, page_id=500, browser=Firefox
Testing: csp_id=68, page_id=600, browser=Firefox
Testing: csp_id=68, page_id=700, browser=Firefox
Testing: csp_id=68, page_id=800, browser=Firefox
Testing: csp_id=68, page_id=900, browser=Firefox
Testing: csp_id=68, page_id=1000, browser=Firefox
Testing: csp_id=68, page_id=1100, browser=Firefox
Testing: csp_id=68, page_id=1200, browser=Firefox
Testing: csp_id=68, page_id=1300, browser=Firefox
Testing: csp_id=68, page_id=1400, browser=Firefox
Testing: csp_id=68, page_id=1500, browser=Firefox
Testing: csp_id=68, page_id=1600, browser=Firefox
Testing: csp_id=68, page_id=1700, browser=Firefox
Testing: csp_id=68, page_id=1800, browser=Firefox
Testing: csp_id=68, page_id=1900, browser=Firefox
Testing: csp_id=68, page_id=2000, browser=Firefox
Testing: csp_id=68, page_id=2100, browser=Firefox
Testing: csp_id=68, page_id=2200, browser=Firefox
Testing: csp_id=68, page_id=2300, browser=Firefox
Testing: csp_id=68, page_id=2400, browser=Firefox
Testing: csp_id=68, page_id=2500, browser=Firefox
Testing: csp_id=68, page_id=2600, browser=Firefox
Testing: csp_id=68, page_id=2700, browser=Firefox
Testing: csp_id=68, page_id=2800, browser=Firefox
Testing: csp_id=68, page_id=2900, browser=Firefox
Testing: csp_id=68, page_id=3000, browser=Firefox
Testing: csp_id=68, page_id=3100, browser=Firefox
Testing: csp_id=68, page_id=3200, browser=Firefox
Testing: csp_id=68, page_id=3300, browser=Firefox
Testing: csp_id=68, page_id=3400, browser=Firefox
Testing: csp_id=68, page_id=3500, browser=Firefox
Testing: csp_id=68, page_id=3600, browser=Firefox
Testing: csp_id=68, page_id=3700, browser=Firefox
Testing: csp_id=68, page_id=3800, browser=Firefox
Testing: csp_id=68, page_id=3900, browser=Firefox
Testing: csp_id=68, page_id=4000, browser=Firefox
Testing: csp_id=68, page_id=4100, browser=Firefox
Testing: csp_id=68, page_id=4200, browser=Firefox
Testing: csp_id=68, page_id=4300, browser=Firefox
Testing: csp_id=68, page_id=4400, browser=Firefox
Testing: csp_id=68, page_id=4500, browser=Firefox
Testing: csp_id=68, page_id=4600, browser=Firefox
Testing: csp_id=68, page_id=4700, browser=Firefox
Testing: csp_id=68, page_id=4800, browser=Firefox
Testing: csp_id=68, page_id=4900, browser=Firefox
Testing: csp_id=68, page_id=5000, browser=Firefox
Testing: csp_id=68, page_id=5100, browser=Firefox
Testing: csp_id=68, page_id=5200, browser=Firefox
Testing: csp_id=68, page_id=5300, browser=Firefox
Testing: csp_id=68, page_id=5400, browser=Firefox
Testing: csp_id=68, page_id=5500, browser=Firefox
Testing: csp_id=68, page_id=5600, browser=Firefox
Testing: csp_id=68, page_id=5700, browser=Firefox
Testing: csp_id=68, page_id=5800, browser=Firefox
Testing: csp_id=68, page_id=5900, browser=Firefox
Testing: csp_id=68, page_id=6000, browser=Firefox
Testing: csp_id=68, page_id=6100, browser=Firefox
Testing: csp_id=68, page_id=6200, browser=Firefox
Testing: csp_id=68, page_id=6300, browser=Firefox
Testing: csp_id=68, page_id=6400, browser=Firefox
Testing: csp_id=68, page_id=6500, browser=Firefox
Testing: csp_id=68, page_id=6600, browser=Firefox
Testing: csp_id=68, page_id=6700, browser=Firefox
Testing: csp_id=68, page_id=6800, browser=Firefox
Testing: csp_id=68, page_id=6900, browser=Firefox
Testing: csp_id=68, page_id=7000, browser=Firefox
Testing: csp_id=68, page_id=7100, browser=Firefox
Testing: csp_id=68, page_id=7200, browser=Firefox
Testing: csp_id=68, page_id=7300, browser=Firefox
Testing: csp_id=68, page_id=7400, browser=Firefox
Testing: csp_id=68, page_id=7500, browser=Firefox
Testing: csp_id=68, page_id=7600, browser=Firefox
Testing: csp_id=68, page_id=7700, browser=Firefox
Testing: csp_id=68, page_id=7800, browser=Firefox
Testing: csp_id=68, page_id=7900, browser=Firefox
Testing: csp_id=68, page_id=8000, browser=Firefox
Testing: csp_id=68, page_id=8100, browser=Firefox
Testing: csp_id=68, page_id=8200, browser=Firefox
Testing: csp_id=68, page_id=8300, browser=Firefox
Testing: csp_id=68, page_id=8400, browser=Firefox
Testing: csp_id=68, page_id=8500, browser=Firefox
Testing: csp_id=68, page_id=8600, browser=Firefox
Testing: csp_id=68, page_id=8700, browser=Firefox
Testing: csp_id=68, page_id=8800, browser=Firefox
Testing: csp_id=68, page_id=8900, browser=Firefox
Testing: csp_id=68, page_id=9000, browser=Firefox
Testing: csp_id=68, page_id=9100, browser=Firefox
Testing: csp_id=68, page_id=9200, browser=Firefox
Testing: csp_id=68, page_id=9300, browser=Firefox
Testing: csp_id=68, page_id=9400, browser=Firefox
Testing: csp_id=68, page_id=9500, browser=Firefox
Testing: csp_id=68, page_id=9600, browser=Firefox
Testing: csp_id=68, page_id=9700, browser=Firefox
Testing: csp_id=68, page_id=9800, browser=Firefox
Testing: csp_id=68, page_id=9900, browser=Firefox
Testing: csp_id=68, page_id=10000, browser=Firefox
Testing: csp_id=68, page_id=10100, browser=Firefox
Testing: csp_id=68, page_id=10200, browser=Firefox
Testing: csp_id=68, page_id=10300, browser=Firefox
Testing: csp_id=68, page_id=10400, browser=Firefox
Testing: csp_id=68, page_id=10500, browser=Firefox
Testing: csp_id=68, page_id=10600, browser=Firefox
Testing: csp_id=68, page_id=10700, browser=Firefox
Testing: csp_id=68, page_id=10800, browser=Firefox
Testing: csp_id=68, page_id=10900, browser=Firefox
Testing: csp_id=68, page_id=11000, browser=Firefox
Testing: csp_id=68, page_id=11100, browser=Firefox
Testing: csp_id=68, page_id=11200, browser=Firefox
Testing: csp_id=68, page_id=11300, browser=Firefox
Testing: csp_id=68, page_id=11400, browser=Firefox
Testing: csp_id=68, page_id=11500, browser=Firefox
Testing: csp_id=68, page_id=11600, browser=Firefox
Testing: csp_id=68, page_id=11700, browser=Firefox
Testing: csp_id=68, page_id=11800, browser=Firefox
Testing: csp_id=68, page_id=11900, browser=Firefox
Testing: csp_id=68, page_id=12000, browser=Firefox
Testing: csp_id=68, page_id=12100, browser=Firefox
Testing: csp_id=68, page_id=12200, browser=Firefox
Testing: csp_id=68, page_id=12300, browser=Firefox
Testing: csp_id=68, page_id=12400, browser=Firefox
Testing: csp_id=68, page_id=12500, browser=Firefox
Testing: csp_id=68, page_id=12600, browser=Firefox
Testing: csp_id=68, page_id=12700, browser=Firefox
Testing: csp_id=68, page_id=12800, browser=Firefox
Testing: csp_id=68, page_id=12900, browser=Firefox
Testing: csp_id=68, page_id=13000, browser=Firefox
Testing: csp_id=68, page_id=13100, browser=Firefox
Testing: csp_id=68, page_id=13200, browser=Firefox
Testing: csp_id=68, page_id=13300, browser=Firefox
Testing: csp_id=68, page_id=13400, browser=Firefox
Testing: csp_id=68, page_id=13500, browser=Firefox
Testing: csp_id=68, page_id=13600, browser=Firefox
Testing: csp_id=68, page_id=13700, browser=Firefox
Testing: csp_id=68, page_id=13800, browser=Firefox
Testing: csp_id=68, page_id=13900, browser=Firefox
Testing: csp_id=68, page_id=14000, browser=Firefox
Testing: csp_id=68, page_id=14100, browser=Firefox
Testing: csp_id=68, page_id=14200, browser=Firefox
Testing: csp_id=68, page_id=14300, browser=Firefox
Testing: csp_id=68, page_id=14400, browser=Firefox
Testing: csp_id=68, page_id=14500, browser=Firefox
Testing: csp_id=68, page_id=14600, browser=Firefox
Testing: csp_id=68, page_id=14700, browser=Firefox
Testing: csp_id=68, page_id=14800, browser=Firefox
Testing: csp_id=68, page_id=14900, browser=Firefox
Testing: csp_id=68, page_id=15000, browser=Firefox
Testing: csp_id=68, page_id=15100, browser=Firefox
Testing: csp_id=68, page_id=15200, browser=Firefox
Testing: csp_id=68, page_id=15300, browser=Firefox
Testing: csp_id=68, page_id=15400, browser=Firefox
Testing: csp_id=68, page_id=15500, browser=Firefox
Testing: csp_id=68, page_id=15600, browser=Firefox
Testing: csp_id=68, page_id=15700, browser=Firefox
Testing: csp_id=68, page_id=15800, browser=Firefox
Testing: csp_id=68, page_id=15900, browser=Firefox
Testing: csp_id=68, page_id=16000, browser=Firefox
Testing: csp_id=68, page_id=16100, browser=Firefox
Testing: csp_id=68, page_id=16200, browser=Firefox
Testing: csp_id=68, page_id=16300, browser=Firefox
Testing: csp_id=68, page_id=16400, browser=Firefox
Testing: csp_id=68, page_id=16500, browser=Firefox
Testing: csp_id=68, page_id=16600, browser=Firefox
Testing: csp_id=68, page_id=16700, browser=Firefox
Testing: csp_id=68, page_id=16800, browser=Firefox
Testing: csp_id=68, page_id=16900, browser=Firefox
Testing: csp_id=68, page_id=17000, browser=Firefox
Testing: csp_id=68, page_id=17100, browser=Firefox
Testing: csp_id=68, page_id=17200, browser=Firefox
Testing: csp_id=68, page_id=17300, browser=Firefox
Testing: csp_id=68, page_id=17400, browser=Firefox
Testing: csp_id=68, page_id=17500, browser=Firefox
Testing: csp_id=68, page_id=17600, browser=Firefox
Testing: csp_id=68, page_id=17700, browser=Firefox
Testing: csp_id=68, page_id=17800, browser=Firefox
Testing: csp_id=68, page_id=17900, browser=Firefox
Testing: csp_id=68, page_id=18000, browser=Firefox
Testing: csp_id=68, page_id=18100, browser=Firefox
Testing: csp_id=68, page_id=18200, browser=Firefox
Testing: csp_id=68, page_id=18300, browser=Firefox
Testing: csp_id=68, page_id=18400, browser=Firefox
Testing: csp_id=68, page_id=18500, browser=Firefox
Testing: csp_id=68, page_id=18600, browser=Firefox
Testing: csp_id=68, page_id=18700, browser=Firefox
Testing: csp_id=68, page_id=18800, browser=Firefox
Testing: csp_id=68, page_id=18900, browser=Firefox
Testing: csp_id=68, page_id=19000, browser=Firefox
Testing: csp_id=68, page_id=19100, browser=Firefox
Testing: csp_id=68, page_id=19200, browser=Firefox
Testing: csp_id=68, page_id=19300, browser=Firefox
Testing: csp_id=68, page_id=19400, browser=Firefox
Testing: csp_id=68, page_id=19500, browser=Firefox
Testing: csp_id=68, page_id=19600, browser=Firefox
Testing: csp_id=68, page_id=19700, browser=Firefox
Testing: csp_id=68, page_id=19800, browser=Firefox
Testing: csp_id=68, page_id=19900, browser=Firefox
Testing: csp_id=68, page_id=20000, browser=Firefox
Testing: csp_id=68, page_id=20100, browser=Firefox
Testing: csp_id=68, page_id=20200, browser=Firefox
Testing: csp_id=68, page_id=20300, browser=Firefox
Testing: csp_id=68, page_id=20400, browser=Firefox
Testing: csp_id=68, page_id=20500, browser=Firefox
Testing: csp_id=68, page_id=20600, browser=Firefox
Testing: csp_id=68, page_id=20700, browser=Firefox
Testing: csp_id=68, page_id=20800, browser=Firefox
Testing: csp_id=68, page_id=20900, browser=Firefox
Testing: csp_id=68, page_id=21000, browser=Firefox
Testing: csp_id=68, page_id=21100, browser=Firefox
Testing: csp_id=68, page_id=21200, browser=Firefox
Testing: csp_id=68, page_id=21300, browser=Firefox
Testing: csp_id=68, page_id=21400, browser=Firefox
Testing: csp_id=68, page_id=21500, browser=Firefox
Testing: csp_id=68, page_id=21600, browser=Firefox
Testing: csp_id=68, page_id=21700, browser=Firefox
Testing: csp_id=68, page_id=21800, browser=Firefox
Testing: csp_id=68, page_id=21900, browser=Firefox
Testing: csp_id=68, page_id=22000, browser=Firefox
Testing: csp_id=68, page_id=22100, browser=Firefox
Testing: csp_id=68, page_id=22200, browser=Firefox
Testing: csp_id=68, page_id=22300, browser=Firefox
Testing: csp_id=68, page_id=22400, browser=Firefox
Testing: csp_id=68, page_id=22500, browser=Firefox
Testing: csp_id=68, page_id=22600, browser=Firefox
Testing: csp_id=68, page_id=22700, browser=Firefox
Testing: csp_id=68, page_id=22800, browser=Firefox
Testing: csp_id=68, page_id=22900, browser=Firefox
Testing: csp_id=68, page_id=23000, browser=Firefox
Testing: csp_id=68, page_id=23100, browser=Firefox
Testing: csp_id=68, page_id=23200, browser=Firefox
Testing: csp_id=68, page_id=23300, browser=Firefox
Testing: csp_id=68, page_id=23400, browser=Firefox
Testing: csp_id=68, page_id=23500, browser=Firefox
Testing: csp_id=68, page_id=23600, browser=Firefox
Testing: csp_id=68, page_id=23700, browser=Firefox
Testing: csp_id=68, page_id=23800, browser=Firefox
Testing: csp_id=68, page_id=23900, browser=Firefox
Testing: csp_id=68, page_id=24000, browser=Firefox
Testing: csp_id=68, page_id=24100, browser=Firefox
Testing: csp_id=68, page_id=24200, browser=Firefox
Testing: csp_id=68, page_id=24300, browser=Firefox
Testing: csp_id=68, page_id=24400, browser=Firefox
Testing: csp_id=68, page_id=24500, browser=Firefox
Testing: csp_id=68, page_id=24600, browser=Firefox
Testing: csp_id=68, page_id=24700, browser=Firefox
Testing: csp_id=68, page_id=24800, browser=Firefox
Testing: csp_id=68, page_id=24900, browser=Firefox
Testing: csp_id=68, page_id=25000, browser=Firefox
Testing: csp_id=68, page_id=25100, browser=Firefox
Testing: csp_id=68, page_id=25200, browser=Firefox
Testing: csp_id=68, page_id=25300, browser=Firefox
Testing: csp_id=68, page_id=25400, browser=Firefox
Testing: csp_id=68, page_id=25500, browser=Firefox
Testing: csp_id=68, page_id=25600, browser=Firefox
Testing: csp_id=68, page_id=25700, browser=Firefox
Testing: csp_id=68, page_id=25800, browser=Firefox
Testing: csp_id=68, page_id=25900, browser=Firefox
Testing: csp_id=68, page_id=26000, browser=Firefox
Testing: csp_id=68, page_id=26100, browser=Firefox
Testing: csp_id=68, page_id=26200, browser=Firefox
Testing: csp_id=68, page_id=26300, browser=Firefox
Testing: csp_id=68, page_id=26400, browser=Firefox
Testing: csp_id=68, page_id=26500, browser=Firefox
Testing: csp_id=68, page_id=26600, browser=Firefox
Testing: csp_id=68, page_id=26700, browser=Firefox
Testing: csp_id=68, page_id=26800, browser=Firefox
Testing: csp_id=68, page_id=26900, browser=Firefox
Testing: csp_id=68, page_id=27000, browser=Firefox
Testing: csp_id=68, page_id=27100, browser=Firefox
Testing: csp_id=68, page_id=27200, browser=Firefox
Testing: csp_id=68, page_id=27300, browser=Firefox
Testing: csp_id=68, page_id=27400, browser=Firefox
Testing: csp_id=68, page_id=27500, browser=Firefox
Testing: csp_id=68, page_id=27600, browser=Firefox
Testing: csp_id=68, page_id=27700, browser=Firefox
Testing: csp_id=68, page_id=27800, browser=Firefox
Testing: csp_id=68, page_id=27900, browser=Firefox
Testing: csp_id=68, page_id=28000, browser=Firefox
Testing: csp_id=68, page_id=28100, browser=Firefox
Testing: csp_id=68, page_id=28200, browser=Firefox
Testing: csp_id=68, page_id=28300, browser=Firefox
Testing: csp_id=68, page_id=28400, browser=Firefox
Testing: csp_id=68, page_id=28500, browser=Firefox
Testing: csp_id=68, page_id=28600, browser=Firefox
Testing: csp_id=68, page_id=28700, browser=Firefox
Testing: csp_id=68, page_id=28800, browser=Firefox
Testing: csp_id=68, page_id=28900, browser=Firefox
Testing: csp_id=68, page_id=29000, browser=Firefox
Testing: csp_id=68, page_id=29100, browser=Firefox
Testing: csp_id=68, page_id=29200, browser=Firefox
Testing: csp_id=68, page_id=29300, browser=Firefox
Testing: csp_id=68, page_id=29400, browser=Firefox
Testing: csp_id=68, page_id=29500, browser=Firefox
Testing: csp_id=68, page_id=29600, browser=Firefox
Testing: csp_id=68, page_id=29700, browser=Firefox
Testing: csp_id=68, page_id=29800, browser=Firefox
🏊 create_context_pools[first] (5x16): 26.769s
Testing: csp_id=81, page_id=0, browser=Firefox
Testing: csp_id=81, page_id=100, browser=Firefox
Testing: csp_id=81, page_id=200, browser=Firefox
Testing: csp_id=81, page_id=300, browser=Firefox
Testing: csp_id=81, page_id=400, browser=Firefox
Testing: csp_id=81, page_id=500, browser=Firefox
Testing: csp_id=81, page_id=600, browser=Firefox
Testing: csp_id=81, page_id=700, browser=Firefox
Testing: csp_id=81, page_id=800, browser=Firefox
Testing: csp_id=81, page_id=900, browser=Firefox
Testing: csp_id=81, page_id=1000, browser=Firefox
Testing: csp_id=81, page_id=1100, browser=Firefox
Testing: csp_id=81, page_id=1200, browser=Firefox
Testing: csp_id=81, page_id=1300, browser=Firefox
Testing: csp_id=81, page_id=1400, browser=Firefox
Testing: csp_id=81, page_id=1500, browser=Firefox
Testing: csp_id=81, page_id=1600, browser=Firefox
Testing: csp_id=81, page_id=1700, browser=Firefox
Testing: csp_id=81, page_id=1800, browser=Firefox
Testing: csp_id=81, page_id=1900, browser=Firefox
Testing: csp_id=81, page_id=2000, browser=Firefox
Testing: csp_id=81, page_id=2100, browser=Firefox
Testing: csp_id=81, page_id=2200, browser=Firefox
Testing: csp_id=81, page_id=2300, browser=Firefox
Testing: csp_id=81, page_id=2400, browser=Firefox
Testing: csp_id=81, page_id=2500, browser=Firefox
Testing: csp_id=81, page_id=2600, browser=Firefox
Testing: csp_id=81, page_id=2700, browser=Firefox
Testing: csp_id=81, page_id=2800, browser=Firefox
Testing: csp_id=81, page_id=2900, browser=Firefox
Testing: csp_id=81, page_id=3000, browser=Firefox
Testing: csp_id=81, page_id=3100, browser=Firefox
Testing: csp_id=81, page_id=3200, browser=Firefox
Testing: csp_id=81, page_id=3300, browser=Firefox
Testing: csp_id=81, page_id=3400, browser=Firefox
Testing: csp_id=81, page_id=3500, browser=Firefox
Testing: csp_id=81, page_id=3600, browser=Firefox
Testing: csp_id=81, page_id=3700, browser=Firefox
Testing: csp_id=81, page_id=3800, browser=Firefox
Testing: csp_id=81, page_id=3900, browser=Firefox
Testing: csp_id=81, page_id=4000, browser=Firefox
Testing: csp_id=81, page_id=4100, browser=Firefox
Testing: csp_id=81, page_id=4200, browser=Firefox
Testing: csp_id=81, page_id=4300, browser=Firefox
Testing: csp_id=81, page_id=4400, browser=Firefox
Testing: csp_id=81, page_id=4500, browser=Firefox
Testing: csp_id=81, page_id=4600, browser=Firefox
Testing: csp_id=81, page_id=4700, browser=Firefox
Testing: csp_id=81, page_id=4800, browser=Firefox
Testing: csp_id=81, page_id=4900, browser=Firefox
Testing: csp_id=81, page_id=5000, browser=Firefox
Testing: csp_id=81, page_id=5100, browser=Firefox
Testing: csp_id=81, page_id=5200, browser=Firefox
Testing: csp_id=81, page_id=5300, browser=Firefox
Testing: csp_id=81, page_id=5400, browser=Firefox
Testing: csp_id=81, page_id=5500, browser=Firefox
Testing: csp_id=81, page_id=5600, browser=Firefox
Testing: csp_id=81, page_id=5700, browser=Firefox
Testing: csp_id=81, page_id=5800, browser=Firefox
Testing: csp_id=81, page_id=5900, browser=Firefox
Testing: csp_id=81, page_id=6000, browser=Firefox
Testing: csp_id=81, page_id=6100, browser=Firefox
Testing: csp_id=81, page_id=6200, browser=Firefox
Testing: csp_id=81, page_id=6300, browser=Firefox
Testing: csp_id=81, page_id=6400, browser=Firefox
Testing: csp_id=81, page_id=6500, browser=Firefox
Testing: csp_id=81, page_id=6600, browser=Firefox
Testing: csp_id=81, page_id=6700, browser=Firefox
Testing: csp_id=81, page_id=6800, browser=Firefox
Testing: csp_id=81, page_id=6900, browser=Firefox
Testing: csp_id=81, page_id=7000, browser=Firefox
Testing: csp_id=81, page_id=7100, browser=Firefox
Testing: csp_id=81, page_id=7200, browser=Firefox
Testing: csp_id=81, page_id=7300, browser=Firefox
Testing: csp_id=81, page_id=7400, browser=Firefox
Testing: csp_id=81, page_id=7500, browser=Firefox
Testing: csp_id=81, page_id=7600, browser=Firefox
Testing: csp_id=81, page_id=7700, browser=Firefox
Testing: csp_id=81, page_id=7800, browser=Firefox
Testing: csp_id=81, page_id=7900, browser=Firefox
Testing: csp_id=81, page_id=8000, browser=Firefox
Testing: csp_id=81, page_id=8100, browser=Firefox
Testing: csp_id=81, page_id=8200, browser=Firefox
Testing: csp_id=81, page_id=8300, browser=Firefox
Testing: csp_id=81, page_id=8400, browser=Firefox
Testing: csp_id=81, page_id=8500, browser=Firefox
Testing: csp_id=81, page_id=8600, browser=Firefox
Testing: csp_id=81, page_id=8700, browser=Firefox
Testing: csp_id=81, page_id=8800, browser=Firefox
Testing: csp_id=81, page_id=8900, browser=Firefox
Testing: csp_id=81, page_id=9000, browser=Firefox
Testing: csp_id=81, page_id=9100, browser=Firefox
Testing: csp_id=81, page_id=9200, browser=Firefox
Testing: csp_id=81, page_id=9300, browser=Firefox
Testing: csp_id=81, page_id=9400, browser=Firefox
Testing: csp_id=81, page_id=9500, browser=Firefox
Testing: csp_id=81, page_id=9600, browser=Firefox
Testing: csp_id=81, page_id=9700, browser=Firefox
Testing: csp_id=81, page_id=9800, browser=Firefox
Testing: csp_id=81, page_id=9900, browser=Firefox
Testing: csp_id=81, page_id=10000, browser=Firefox
Testing: csp_id=81, page_id=10100, browser=Firefox
Testing: csp_id=81, page_id=10200, browser=Firefox
Testing: csp_id=81, page_id=10300, browser=Firefox
Testing: csp_id=81, page_id=10400, browser=Firefox
Testing: csp_id=81, page_id=10500, browser=Firefox
Testing: csp_id=81, page_id=10600, browser=Firefox
Testing: csp_id=81, page_id=10700, browser=Firefox
Testing: csp_id=81, page_id=10800, browser=Firefox
Testing: csp_id=81, page_id=10900, browser=Firefox
Testing: csp_id=81, page_id=11000, browser=Firefox
Testing: csp_id=81, page_id=11100, browser=Firefox
Testing: csp_id=81, page_id=11200, browser=Firefox
Testing: csp_id=81, page_id=11300, browser=Firefox
Testing: csp_id=81, page_id=11400, browser=Firefox
Testing: csp_id=81, page_id=11500, browser=Firefox
Testing: csp_id=81, page_id=11600, browser=Firefox
Testing: csp_id=81, page_id=11700, browser=Firefox
Testing: csp_id=81, page_id=11800, browser=Firefox
Testing: csp_id=81, page_id=11900, browser=Firefox
Testing: csp_id=81, page_id=12000, browser=Firefox
Testing: csp_id=81, page_id=12100, browser=Firefox
Testing: csp_id=81, page_id=12200, browser=Firefox
Testing: csp_id=81, page_id=12300, browser=Firefox
Testing: csp_id=81, page_id=12400, browser=Firefox
Testing: csp_id=81, page_id=12500, browser=Firefox
Testing: csp_id=81, page_id=12600, browser=Firefox
Testing: csp_id=81, page_id=12700, browser=Firefox
Testing: csp_id=81, page_id=12800, browser=Firefox
Testing: csp_id=81, page_id=12900, browser=Firefox
Testing: csp_id=81, page_id=13000, browser=Firefox
Testing: csp_id=81, page_id=13100, browser=Firefox
Testing: csp_id=81, page_id=13200, browser=Firefox
Testing: csp_id=81, page_id=13300, browser=Firefox
Testing: csp_id=81, page_id=13400, browser=Firefox
Testing: csp_id=81, page_id=13500, browser=Firefox
Testing: csp_id=81, page_id=13600, browser=Firefox
Testing: csp_id=81, page_id=13700, browser=Firefox
Testing: csp_id=81, page_id=13800, browser=Firefox
Testing: csp_id=81, page_id=13900, browser=Firefox
Testing: csp_id=81, page_id=14000, browser=Firefox
Testing: csp_id=81, page_id=14100, browser=Firefox
Testing: csp_id=81, page_id=14200, browser=Firefox
Testing: csp_id=81, page_id=14300, browser=Firefox
Testing: csp_id=81, page_id=14400, browser=Firefox
Testing: csp_id=81, page_id=14500, browser=Firefox
Testing: csp_id=81, page_id=14600, browser=Firefox
Testing: csp_id=81, page_id=14700, browser=Firefox
Testing: csp_id=81, page_id=14800, browser=Firefox
Testing: csp_id=81, page_id=14900, browser=Firefox
Testing: csp_id=81, page_id=15000, browser=Firefox
Testing: csp_id=81, page_id=15100, browser=Firefox
Testing: csp_id=81, page_id=15200, browser=Firefox
Testing: csp_id=81, page_id=15300, browser=Firefox
Testing: csp_id=81, page_id=15400, browser=Firefox
Testing: csp_id=81, page_id=15500, browser=Firefox
Testing: csp_id=81, page_id=15600, browser=Firefox
Testing: csp_id=81, page_id=15700, browser=Firefox
Testing: csp_id=81, page_id=15800, browser=Firefox
Testing: csp_id=81, page_id=15900, browser=Firefox
Testing: csp_id=81, page_id=16000, browser=Firefox
Testing: csp_id=81, page_id=16100, browser=Firefox
Testing: csp_id=81, page_id=16200, browser=Firefox
Testing: csp_id=81, page_id=16300, browser=Firefox
Testing: csp_id=81, page_id=16400, browser=Firefox
Testing: csp_id=81, page_id=16500, browser=Firefox
Testing: csp_id=81, page_id=16600, browser=Firefox
Testing: csp_id=81, page_id=16700, browser=Firefox
Testing: csp_id=81, page_id=16800, browser=Firefox
Testing: csp_id=81, page_id=16900, browser=Firefox
Testing: csp_id=81, page_id=17000, browser=Firefox
Testing: csp_id=81, page_id=17100, browser=Firefox
Testing: csp_id=81, page_id=17200, browser=Firefox
Testing: csp_id=81, page_id=17300, browser=Firefox
Testing: csp_id=81, page_id=17400, browser=Firefox
Testing: csp_id=81, page_id=17500, browser=Firefox
Testing: csp_id=81, page_id=17600, browser=Firefox
Testing: csp_id=81, page_id=17700, browser=Firefox
Testing: csp_id=81, page_id=17800, browser=Firefox
Testing: csp_id=81, page_id=17900, browser=Firefox
Testing: csp_id=81, page_id=18000, browser=Firefox
Testing: csp_id=81, page_id=18100, browser=Firefox
Testing: csp_id=81, page_id=18200, browser=Firefox
Testing: csp_id=81, page_id=18300, browser=Firefox
Testing: csp_id=81, page_id=18400, browser=Firefox
Testing: csp_id=81, page_id=18500, browser=Firefox
Testing: csp_id=81, page_id=18600, browser=Firefox
Testing: csp_id=81, page_id=18700, browser=Firefox
Testing: csp_id=81, page_id=18800, browser=Firefox
Testing: csp_id=81, page_id=18900, browser=Firefox
Testing: csp_id=81, page_id=19000, browser=Firefox
Testing: csp_id=81, page_id=19100, browser=Firefox
Testing: csp_id=81, page_id=19200, browser=Firefox
Testing: csp_id=81, page_id=19300, browser=Firefox
Testing: csp_id=81, page_id=19400, browser=Firefox
Testing: csp_id=81, page_id=19500, browser=Firefox
Testing: csp_id=81, page_id=19600, browser=Firefox
Testing: csp_id=81, page_id=19700, browser=Firefox
Testing: csp_id=81, page_id=19800, browser=Firefox
Testing: csp_id=81, page_id=19900, browser=Firefox
Testing: csp_id=81, page_id=20000, browser=Firefox
Testing: csp_id=81, page_id=20100, browser=Firefox
Testing: csp_id=81, page_id=20200, browser=Firefox
Testing: csp_id=81, page_id=20300, browser=Firefox
Testing: csp_id=81, page_id=20400, browser=Firefox
Testing: csp_id=81, page_id=20500, browser=Firefox
Testing: csp_id=81, page_id=20600, browser=Firefox
Testing: csp_id=81, page_id=20700, browser=Firefox
Testing: csp_id=81, page_id=20800, browser=Firefox
Testing: csp_id=81, page_id=20900, browser=Firefox
Testing: csp_id=81, page_id=21000, browser=Firefox
Testing: csp_id=81, page_id=21100, browser=Firefox
Testing: csp_id=81, page_id=21200, browser=Firefox
Testing: csp_id=81, page_id=21300, browser=Firefox
Testing: csp_id=81, page_id=21400, browser=Firefox
Testing: csp_id=81, page_id=21500, browser=Firefox
Testing: csp_id=81, page_id=21600, browser=Firefox
Testing: csp_id=81, page_id=21700, browser=Firefox
Testing: csp_id=81, page_id=21800, browser=Firefox
Testing: csp_id=81, page_id=21900, browser=Firefox
Testing: csp_id=81, page_id=22000, browser=Firefox
Testing: csp_id=81, page_id=22100, browser=Firefox
Testing: csp_id=81, page_id=22200, browser=Firefox
Testing: csp_id=81, page_id=22300, browser=Firefox
Testing: csp_id=81, page_id=22400, browser=Firefox
Testing: csp_id=81, page_id=22500, browser=Firefox
Testing: csp_id=81, page_id=22600, browser=Firefox
Testing: csp_id=81, page_id=22700, browser=Firefox
Testing: csp_id=81, page_id=22800, browser=Firefox
Testing: csp_id=81, page_id=22900, browser=Firefox
Testing: csp_id=81, page_id=23000, browser=Firefox
Testing: csp_id=81, page_id=23100, browser=Firefox
Testing: csp_id=81, page_id=23200, browser=Firefox
Testing: csp_id=81, page_id=23300, browser=Firefox
Testing: csp_id=81, page_id=23400, browser=Firefox
Testing: csp_id=81, page_id=23500, browser=Firefox
Testing: csp_id=81, page_id=23600, browser=Firefox
Testing: csp_id=81, page_id=23700, browser=Firefox
Testing: csp_id=81, page_id=23800, browser=Firefox
Testing: csp_id=81, page_id=23900, browser=Firefox
Testing: csp_id=81, page_id=24000, browser=Firefox
Testing: csp_id=81, page_id=24100, browser=Firefox
Testing: csp_id=81, page_id=24200, browser=Firefox
Testing: csp_id=81, page_id=24300, browser=Firefox
Testing: csp_id=81, page_id=24400, browser=Firefox
Testing: csp_id=81, page_id=24500, browser=Firefox
Testing: csp_id=81, page_id=24600, browser=Firefox
Testing: csp_id=81, page_id=24700, browser=Firefox
Testing: csp_id=81, page_id=24800, browser=Firefox
Testing: csp_id=81, page_id=24900, browser=Firefox
Testing: csp_id=81, page_id=25000, browser=Firefox
Testing: csp_id=81, page_id=25100, browser=Firefox
Testing: csp_id=81, page_id=25200, browser=Firefox
Testing: csp_id=81, page_id=25300, browser=Firefox
Testing: csp_id=81, page_id=25400, browser=Firefox
Testing: csp_id=81, page_id=25500, browser=Firefox
Testing: csp_id=81, page_id=25600, browser=Firefox
Testing: csp_id=81, page_id=25700, browser=Firefox
Testing: csp_id=81, page_id=25800, browser=Firefox
Testing: csp_id=81, page_id=25900, browser=Firefox
Testing: csp_id=81, page_id=26000, browser=Firefox
Testing: csp_id=81, page_id=26100, browser=Firefox
Testing: csp_id=81, page_id=26200, browser=Firefox
Testing: csp_id=81, page_id=26300, browser=Firefox
Testing: csp_id=81, page_id=26400, browser=Firefox
Testing: csp_id=81, page_id=26500, browser=Firefox
Testing: csp_id=81, page_id=26600, browser=Firefox
Testing: csp_id=81, page_id=26700, browser=Firefox
Testing: csp_id=81, page_id=26800, browser=Firefox
Testing: csp_id=81, page_id=26900, browser=Firefox
Testing: csp_id=81, page_id=27000, browser=Firefox
Testing: csp_id=81, page_id=27100, browser=Firefox
Testing: csp_id=81, page_id=27200, browser=Firefox
Testing: csp_id=81, page_id=27300, browser=Firefox
Testing: csp_id=81, page_id=27400, browser=Firefox
Testing: csp_id=81, page_id=27500, browser=Firefox
Testing: csp_id=81, page_id=27600, browser=Firefox
Testing: csp_id=81, page_id=27700, browser=Firefox
Testing: csp_id=81, page_id=27800, browser=Firefox
Testing: csp_id=81, page_id=27900, browser=Firefox
Testing: csp_id=81, page_id=28000, browser=Firefox
Testing: csp_id=81, page_id=28100, browser=Firefox
Testing: csp_id=81, page_id=28200, browser=Firefox
Testing: csp_id=81, page_id=28300, browser=Firefox
Testing: csp_id=81, page_id=28400, browser=Firefox
Testing: csp_id=81, page_id=28500, browser=Firefox
Testing: csp_id=81, page_id=28600, browser=Firefox
Testing: csp_id=81, page_id=28700, browser=Firefox
Testing: csp_id=81, page_id=28800, browser=Firefox
Testing: csp_id=81, page_id=28900, browser=Firefox
Testing: csp_id=81, page_id=29000, browser=Firefox
Testing: csp_id=81, page_id=29100, browser=Firefox
Testing: csp_id=81, page_id=29200, browser=Firefox
Testing: csp_id=81, page_id=29300, browser=Firefox
Testing: csp_id=81, page_id=29400, browser=Firefox
Testing: csp_id=81, page_id=29500, browser=Firefox
Testing: csp_id=81, page_id=29600, browser=Firefox
Testing: csp_id=81, page_id=29700, browser=Firefox
Testing: csp_id=81, page_id=29800, browser=Firefox
🏊 create_context_pools[first] (5x16): 27.677s
Testing: csp_id=93, page_id=0, browser=Firefox
Testing: csp_id=93, page_id=100, browser=Firefox
Testing: csp_id=93, page_id=200, browser=Firefox
Testing: csp_id=93, page_id=300, browser=Firefox
Testing: csp_id=93, page_id=400, browser=Firefox
Testing: csp_id=93, page_id=500, browser=Firefox
Testing: csp_id=93, page_id=600, browser=Firefox
Testing: csp_id=93, page_id=700, browser=Firefox
Testing: csp_id=93, page_id=800, browser=Firefox
Testing: csp_id=93, page_id=900, browser=Firefox
Testing: csp_id=93, page_id=1000, browser=Firefox
Testing: csp_id=93, page_id=1100, browser=Firefox
Testing: csp_id=93, page_id=1200, browser=Firefox
Testing: csp_id=93, page_id=1300, browser=Firefox
Testing: csp_id=93, page_id=1400, browser=Firefox
Testing: csp_id=93, page_id=1500, browser=Firefox
Testing: csp_id=93, page_id=1600, browser=Firefox
Testing: csp_id=93, page_id=1700, browser=Firefox
Testing: csp_id=93, page_id=1800, browser=Firefox
Testing: csp_id=93, page_id=1900, browser=Firefox
Testing: csp_id=93, page_id=2000, browser=Firefox
Testing: csp_id=93, page_id=2100, browser=Firefox
Testing: csp_id=93, page_id=2200, browser=Firefox
Testing: csp_id=93, page_id=2300, browser=Firefox
Testing: csp_id=93, page_id=2400, browser=Firefox
Testing: csp_id=93, page_id=2500, browser=Firefox
Testing: csp_id=93, page_id=2600, browser=Firefox
Testing: csp_id=93, page_id=2700, browser=Firefox
Testing: csp_id=93, page_id=2800, browser=Firefox
Testing: csp_id=93, page_id=2900, browser=Firefox
Testing: csp_id=93, page_id=3000, browser=Firefox
Testing: csp_id=93, page_id=3100, browser=Firefox
Testing: csp_id=93, page_id=3200, browser=Firefox
Testing: csp_id=93, page_id=3300, browser=Firefox
Testing: csp_id=93, page_id=3400, browser=Firefox
Testing: csp_id=93, page_id=3500, browser=Firefox
Testing: csp_id=93, page_id=3600, browser=Firefox
Testing: csp_id=93, page_id=3700, browser=Firefox
Testing: csp_id=93, page_id=3800, browser=Firefox
Testing: csp_id=93, page_id=3900, browser=Firefox
Testing: csp_id=93, page_id=4000, browser=Firefox
Testing: csp_id=93, page_id=4100, browser=Firefox
Testing: csp_id=93, page_id=4200, browser=Firefox
Testing: csp_id=93, page_id=4300, browser=Firefox
Testing: csp_id=93, page_id=4400, browser=Firefox
Testing: csp_id=93, page_id=4500, browser=Firefox
Testing: csp_id=93, page_id=4600, browser=Firefox
Testing: csp_id=93, page_id=4700, browser=Firefox
Testing: csp_id=93, page_id=4800, browser=Firefox
Testing: csp_id=93, page_id=4900, browser=Firefox
Testing: csp_id=93, page_id=5000, browser=Firefox
Testing: csp_id=93, page_id=5100, browser=Firefox
Testing: csp_id=93, page_id=5200, browser=Firefox
Testing: csp_id=93, page_id=5300, browser=Firefox
Testing: csp_id=93, page_id=5400, browser=Firefox
Testing: csp_id=93, page_id=5500, browser=Firefox
Testing: csp_id=93, page_id=5600, browser=Firefox
Testing: csp_id=93, page_id=5700, browser=Firefox
Testing: csp_id=93, page_id=5800, browser=Firefox
Testing: csp_id=93, page_id=5900, browser=Firefox
Testing: csp_id=93, page_id=6000, browser=Firefox
Testing: csp_id=93, page_id=6100, browser=Firefox
Testing: csp_id=93, page_id=6200, browser=Firefox
Testing: csp_id=93, page_id=6300, browser=Firefox
Testing: csp_id=93, page_id=6400, browser=Firefox
Testing: csp_id=93, page_id=6500, browser=Firefox
Testing: csp_id=93, page_id=6600, browser=Firefox
Testing: csp_id=93, page_id=6700, browser=Firefox
Testing: csp_id=93, page_id=6800, browser=Firefox
Testing: csp_id=93, page_id=6900, browser=Firefox
Testing: csp_id=93, page_id=7000, browser=Firefox
Testing: csp_id=93, page_id=7100, browser=Firefox
Testing: csp_id=93, page_id=7200, browser=Firefox
Testing: csp_id=93, page_id=7300, browser=Firefox
Testing: csp_id=93, page_id=7400, browser=Firefox
Testing: csp_id=93, page_id=7500, browser=Firefox
Testing: csp_id=93, page_id=7600, browser=Firefox
Testing: csp_id=93, page_id=7700, browser=Firefox
Testing: csp_id=93, page_id=7800, browser=Firefox
Testing: csp_id=93, page_id=7900, browser=Firefox
Testing: csp_id=93, page_id=8000, browser=Firefox
Testing: csp_id=93, page_id=8100, browser=Firefox
Testing: csp_id=93, page_id=8200, browser=Firefox
Testing: csp_id=93, page_id=8300, browser=Firefox
Testing: csp_id=93, page_id=8400, browser=Firefox
Testing: csp_id=93, page_id=8500, browser=Firefox
Testing: csp_id=93, page_id=8600, browser=Firefox
Testing: csp_id=93, page_id=8700, browser=Firefox
Testing: csp_id=93, page_id=8800, browser=Firefox
Testing: csp_id=93, page_id=8900, browser=Firefox
Testing: csp_id=93, page_id=9000, browser=Firefox
Testing: csp_id=93, page_id=9100, browser=Firefox
Testing: csp_id=93, page_id=9200, browser=Firefox
Testing: csp_id=93, page_id=9300, browser=Firefox
Testing: csp_id=93, page_id=9400, browser=Firefox
Testing: csp_id=93, page_id=9500, browser=Firefox
Testing: csp_id=93, page_id=9600, browser=Firefox
Testing: csp_id=93, page_id=9700, browser=Firefox
Testing: csp_id=93, page_id=9800, browser=Firefox
Testing: csp_id=93, page_id=9900, browser=Firefox
Testing: csp_id=93, page_id=10000, browser=Firefox
Testing: csp_id=93, page_id=10100, browser=Firefox
Testing: csp_id=93, page_id=10200, browser=Firefox
Testing: csp_id=93, page_id=10300, browser=Firefox
Testing: csp_id=93, page_id=10400, browser=Firefox
Testing: csp_id=93, page_id=10500, browser=Firefox
Testing: csp_id=93, page_id=10600, browser=Firefox
Testing: csp_id=93, page_id=10700, browser=Firefox
Testing: csp_id=93, page_id=10800, browser=Firefox
Testing: csp_id=93, page_id=10900, browser=Firefox
Testing: csp_id=93, page_id=11000, browser=Firefox
Testing: csp_id=93, page_id=11100, browser=Firefox
Testing: csp_id=93, page_id=11200, browser=Firefox
Testing: csp_id=93, page_id=11300, browser=Firefox
Testing: csp_id=93, page_id=11400, browser=Firefox
Testing: csp_id=93, page_id=11500, browser=Firefox
Testing: csp_id=93, page_id=11600, browser=Firefox
Testing: csp_id=93, page_id=11700, browser=Firefox
Testing: csp_id=93, page_id=11800, browser=Firefox
Testing: csp_id=93, page_id=11900, browser=Firefox
Testing: csp_id=93, page_id=12000, browser=Firefox
Testing: csp_id=93, page_id=12100, browser=Firefox
Testing: csp_id=93, page_id=12200, browser=Firefox
Testing: csp_id=93, page_id=12300, browser=Firefox
Testing: csp_id=93, page_id=12400, browser=Firefox
Testing: csp_id=93, page_id=12500, browser=Firefox
Testing: csp_id=93, page_id=12600, browser=Firefox
Testing: csp_id=93, page_id=12700, browser=Firefox
Testing: csp_id=93, page_id=12800, browser=Firefox
Testing: csp_id=93, page_id=12900, browser=Firefox
Testing: csp_id=93, page_id=13000, browser=Firefox
Testing: csp_id=93, page_id=13100, browser=Firefox
Testing: csp_id=93, page_id=13200, browser=Firefox
Testing: csp_id=93, page_id=13300, browser=Firefox
Testing: csp_id=93, page_id=13400, browser=Firefox
Testing: csp_id=93, page_id=13500, browser=Firefox
Testing: csp_id=93, page_id=13600, browser=Firefox
Testing: csp_id=93, page_id=13700, browser=Firefox
Testing: csp_id=93, page_id=13800, browser=Firefox
Testing: csp_id=93, page_id=13900, browser=Firefox
Testing: csp_id=93, page_id=14000, browser=Firefox
Testing: csp_id=93, page_id=14100, browser=Firefox
Testing: csp_id=93, page_id=14200, browser=Firefox
Testing: csp_id=93, page_id=14300, browser=Firefox
Testing: csp_id=93, page_id=14400, browser=Firefox
Testing: csp_id=93, page_id=14500, browser=Firefox
Testing: csp_id=93, page_id=14600, browser=Firefox
Testing: csp_id=93, page_id=14700, browser=Firefox
Testing: csp_id=93, page_id=14800, browser=Firefox
Testing: csp_id=93, page_id=14900, browser=Firefox
Testing: csp_id=93, page_id=15000, browser=Firefox
Testing: csp_id=93, page_id=15100, browser=Firefox
Testing: csp_id=93, page_id=15200, browser=Firefox
Testing: csp_id=93, page_id=15300, browser=Firefox
Testing: csp_id=93, page_id=15400, browser=Firefox
Testing: csp_id=93, page_id=15500, browser=Firefox
Testing: csp_id=93, page_id=15600, browser=Firefox
Testing: csp_id=93, page_id=15700, browser=Firefox
Testing: csp_id=93, page_id=15800, browser=Firefox
Testing: csp_id=93, page_id=15900, browser=Firefox
Testing: csp_id=93, page_id=16000, browser=Firefox
Testing: csp_id=93, page_id=16100, browser=Firefox
Testing: csp_id=93, page_id=16200, browser=Firefox
Testing: csp_id=93, page_id=16300, browser=Firefox
Testing: csp_id=93, page_id=16400, browser=Firefox
Testing: csp_id=93, page_id=16500, browser=Firefox
Testing: csp_id=93, page_id=16600, browser=Firefox
Testing: csp_id=93, page_id=16700, browser=Firefox
Testing: csp_id=93, page_id=16800, browser=Firefox
Testing: csp_id=93, page_id=16900, browser=Firefox
Testing: csp_id=93, page_id=17000, browser=Firefox
Testing: csp_id=93, page_id=17100, browser=Firefox
Testing: csp_id=93, page_id=17200, browser=Firefox
Testing: csp_id=93, page_id=17300, browser=Firefox
Testing: csp_id=93, page_id=17400, browser=Firefox
Testing: csp_id=93, page_id=17500, browser=Firefox
Testing: csp_id=93, page_id=17600, browser=Firefox
Testing: csp_id=93, page_id=17700, browser=Firefox
Testing: csp_id=93, page_id=17800, browser=Firefox
Testing: csp_id=93, page_id=17900, browser=Firefox
Testing: csp_id=93, page_id=18000, browser=Firefox
Testing: csp_id=93, page_id=18100, browser=Firefox
Testing: csp_id=93, page_id=18200, browser=Firefox
Testing: csp_id=93, page_id=18300, browser=Firefox
Testing: csp_id=93, page_id=18400, browser=Firefox
Testing: csp_id=93, page_id=18500, browser=Firefox
Testing: csp_id=93, page_id=18600, browser=Firefox
Testing: csp_id=93, page_id=18700, browser=Firefox
Testing: csp_id=93, page_id=18800, browser=Firefox
Testing: csp_id=93, page_id=18900, browser=Firefox
Testing: csp_id=93, page_id=19000, browser=Firefox
Testing: csp_id=93, page_id=19100, browser=Firefox
Testing: csp_id=93, page_id=19200, browser=Firefox
Testing: csp_id=93, page_id=19300, browser=Firefox
Testing: csp_id=93, page_id=19400, browser=Firefox
Testing: csp_id=93, page_id=19500, browser=Firefox
Testing: csp_id=93, page_id=19600, browser=Firefox
Testing: csp_id=93, page_id=19700, browser=Firefox
Testing: csp_id=93, page_id=19800, browser=Firefox
Testing: csp_id=93, page_id=19900, browser=Firefox
Testing: csp_id=93, page_id=20000, browser=Firefox
Testing: csp_id=93, page_id=20100, browser=Firefox
Testing: csp_id=93, page_id=20200, browser=Firefox
Testing: csp_id=93, page_id=20300, browser=Firefox
Testing: csp_id=93, page_id=20400, browser=Firefox
Testing: csp_id=93, page_id=20500, browser=Firefox
Testing: csp_id=93, page_id=20600, browser=Firefox
Testing: csp_id=93, page_id=20700, browser=Firefox
Testing: csp_id=93, page_id=20800, browser=Firefox
Testing: csp_id=93, page_id=20900, browser=Firefox
Testing: csp_id=93, page_id=21000, browser=Firefox
Testing: csp_id=93, page_id=21100, browser=Firefox
Testing: csp_id=93, page_id=21200, browser=Firefox
Testing: csp_id=93, page_id=21300, browser=Firefox
Testing: csp_id=93, page_id=21400, browser=Firefox
Testing: csp_id=93, page_id=21500, browser=Firefox
Testing: csp_id=93, page_id=21600, browser=Firefox
Testing: csp_id=93, page_id=21700, browser=Firefox
Testing: csp_id=93, page_id=21800, browser=Firefox
Testing: csp_id=93, page_id=21900, browser=Firefox
Testing: csp_id=93, page_id=22000, browser=Firefox
Testing: csp_id=93, page_id=22100, browser=Firefox
Testing: csp_id=93, page_id=22200, browser=Firefox
Testing: csp_id=93, page_id=22300, browser=Firefox
Testing: csp_id=93, page_id=22400, browser=Firefox
Testing: csp_id=93, page_id=22500, browser=Firefox
Testing: csp_id=93, page_id=22600, browser=Firefox
Testing: csp_id=93, page_id=22700, browser=Firefox
Testing: csp_id=93, page_id=22800, browser=Firefox
Testing: csp_id=93, page_id=22900, browser=Firefox
Testing: csp_id=93, page_id=23000, browser=Firefox
Testing: csp_id=93, page_id=23100, browser=Firefox
Testing: csp_id=93, page_id=23200, browser=Firefox
Testing: csp_id=93, page_id=23300, browser=Firefox
Testing: csp_id=93, page_id=23400, browser=Firefox
Testing: csp_id=93, page_id=23500, browser=Firefox
Testing: csp_id=93, page_id=23600, browser=Firefox
Testing: csp_id=93, page_id=23700, browser=Firefox
Testing: csp_id=93, page_id=23800, browser=Firefox
Testing: csp_id=93, page_id=23900, browser=Firefox
Testing: csp_id=93, page_id=24000, browser=Firefox
Testing: csp_id=93, page_id=24100, browser=Firefox
Testing: csp_id=93, page_id=24200, browser=Firefox
Testing: csp_id=93, page_id=24300, browser=Firefox
Testing: csp_id=93, page_id=24400, browser=Firefox
Testing: csp_id=93, page_id=24500, browser=Firefox
Testing: csp_id=93, page_id=24600, browser=Firefox
Testing: csp_id=93, page_id=24700, browser=Firefox
Testing: csp_id=93, page_id=24800, browser=Firefox
Testing: csp_id=93, page_id=24900, browser=Firefox
Testing: csp_id=93, page_id=25000, browser=Firefox
Testing: csp_id=93, page_id=25100, browser=Firefox
Testing: csp_id=93, page_id=25200, browser=Firefox
Testing: csp_id=93, page_id=25300, browser=Firefox
Testing: csp_id=93, page_id=25400, browser=Firefox
Testing: csp_id=93, page_id=25500, browser=Firefox
Testing: csp_id=93, page_id=25600, browser=Firefox
Testing: csp_id=93, page_id=25700, browser=Firefox
Testing: csp_id=93, page_id=25800, browser=Firefox
Testing: csp_id=93, page_id=25900, browser=Firefox
Testing: csp_id=93, page_id=26000, browser=Firefox
Testing: csp_id=93, page_id=26100, browser=Firefox
Testing: csp_id=93, page_id=26200, browser=Firefox
Testing: csp_id=93, page_id=26300, browser=Firefox
Testing: csp_id=93, page_id=26400, browser=Firefox
Testing: csp_id=93, page_id=26500, browser=Firefox
Testing: csp_id=93, page_id=26600, browser=Firefox
Testing: csp_id=93, page_id=26700, browser=Firefox
Testing: csp_id=93, page_id=26800, browser=Firefox
Testing: csp_id=93, page_id=26900, browser=Firefox
Testing: csp_id=93, page_id=27000, browser=Firefox
Testing: csp_id=93, page_id=27100, browser=Firefox
Testing: csp_id=93, page_id=27200, browser=Firefox
Testing: csp_id=93, page_id=27300, browser=Firefox
Testing: csp_id=93, page_id=27400, browser=Firefox
Testing: csp_id=93, page_id=27500, browser=Firefox
Testing: csp_id=93, page_id=27600, browser=Firefox
Testing: csp_id=93, page_id=27700, browser=Firefox
Testing: csp_id=93, page_id=27800, browser=Firefox
Testing: csp_id=93, page_id=27900, browser=Firefox
Testing: csp_id=93, page_id=28000, browser=Firefox
Testing: csp_id=93, page_id=28100, browser=Firefox
Testing: csp_id=93, page_id=28200, browser=Firefox
Testing: csp_id=93, page_id=28300, browser=Firefox
Testing: csp_id=93, page_id=28400, browser=Firefox
Testing: csp_id=93, page_id=28500, browser=Firefox
Testing: csp_id=93, page_id=28600, browser=Firefox
Testing: csp_id=93, page_id=28700, browser=Firefox
Testing: csp_id=93, page_id=28800, browser=Firefox
Testing: csp_id=93, page_id=28900, browser=Firefox
Testing: csp_id=93, page_id=29000, browser=Firefox
Testing: csp_id=93, page_id=29100, browser=Firefox
Testing: csp_id=93, page_id=29200, browser=Firefox
Testing: csp_id=93, page_id=29300, browser=Firefox
Testing: csp_id=93, page_id=29400, browser=Firefox
Testing: csp_id=93, page_id=29500, browser=Firefox
Testing: csp_id=93, page_id=29600, browser=Firefox
Testing: csp_id=93, page_id=29700, browser=Firefox
Testing: csp_id=93, page_id=29800, browser=Firefox
🏊 create_context_pools[first] (5x16): 31.211s
Testing: csp_id=108, page_id=0, browser=Firefox
Testing: csp_id=108, page_id=100, browser=Firefox
Testing: csp_id=108, page_id=200, browser=Firefox
Testing: csp_id=108, page_id=300, browser=Firefox
Testing: csp_id=108, page_id=400, browser=Firefox
Testing: csp_id=108, page_id=500, browser=Firefox
Testing: csp_id=108, page_id=600, browser=Firefox
Testing: csp_id=108, page_id=700, browser=Firefox
Testing: csp_id=108, page_id=800, browser=Firefox
Testing: csp_id=108, page_id=900, browser=Firefox
Testing: csp_id=108, page_id=1000, browser=Firefox
Testing: csp_id=108, page_id=1100, browser=Firefox
Testing: csp_id=108, page_id=1200, browser=Firefox
Testing: csp_id=108, page_id=1300, browser=Firefox
Testing: csp_id=108, page_id=1400, browser=Firefox
Testing: csp_id=108, page_id=1500, browser=Firefox
Testing: csp_id=108, page_id=1600, browser=Firefox
Testing: csp_id=108, page_id=1700, browser=Firefox
Testing: csp_id=108, page_id=1800, browser=Firefox
Testing: csp_id=108, page_id=1900, browser=Firefox
Testing: csp_id=108, page_id=2000, browser=Firefox
Testing: csp_id=108, page_id=2100, browser=Firefox
Testing: csp_id=108, page_id=2200, browser=Firefox
Testing: csp_id=108, page_id=2300, browser=Firefox
Testing: csp_id=108, page_id=2400, browser=Firefox
Testing: csp_id=108, page_id=2500, browser=Firefox
Testing: csp_id=108, page_id=2600, browser=Firefox
Testing: csp_id=108, page_id=2700, browser=Firefox
Testing: csp_id=108, page_id=2800, browser=Firefox
Testing: csp_id=108, page_id=2900, browser=Firefox
Testing: csp_id=108, page_id=3000, browser=Firefox
Testing: csp_id=108, page_id=3100, browser=Firefox
Testing: csp_id=108, page_id=3200, browser=Firefox
Testing: csp_id=108, page_id=3300, browser=Firefox
Testing: csp_id=108, page_id=3400, browser=Firefox
Testing: csp_id=108, page_id=3500, browser=Firefox
Testing: csp_id=108, page_id=3600, browser=Firefox
Testing: csp_id=108, page_id=3700, browser=Firefox
Testing: csp_id=108, page_id=3800, browser=Firefox
Testing: csp_id=108, page_id=3900, browser=Firefox
Testing: csp_id=108, page_id=4000, browser=Firefox
Testing: csp_id=108, page_id=4100, browser=Firefox
Testing: csp_id=108, page_id=4200, browser=Firefox
Testing: csp_id=108, page_id=4300, browser=Firefox
Testing: csp_id=108, page_id=4400, browser=Firefox
Testing: csp_id=108, page_id=4500, browser=Firefox
Testing: csp_id=108, page_id=4600, browser=Firefox
Testing: csp_id=108, page_id=4700, browser=Firefox
Testing: csp_id=108, page_id=4800, browser=Firefox
Testing: csp_id=108, page_id=4900, browser=Firefox
Testing: csp_id=108, page_id=5000, browser=Firefox
Testing: csp_id=108, page_id=5100, browser=Firefox
Testing: csp_id=108, page_id=5200, browser=Firefox
Testing: csp_id=108, page_id=5300, browser=Firefox
Testing: csp_id=108, page_id=5400, browser=Firefox
Testing: csp_id=108, page_id=5500, browser=Firefox
Testing: csp_id=108, page_id=5600, browser=Firefox
Testing: csp_id=108, page_id=5700, browser=Firefox
Testing: csp_id=108, page_id=5800, browser=Firefox
Testing: csp_id=108, page_id=5900, browser=Firefox
Testing: csp_id=108, page_id=6000, browser=Firefox
Testing: csp_id=108, page_id=6100, browser=Firefox
Testing: csp_id=108, page_id=6200, browser=Firefox
Testing: csp_id=108, page_id=6300, browser=Firefox
Testing: csp_id=108, page_id=6400, browser=Firefox
Testing: csp_id=108, page_id=6500, browser=Firefox
Testing: csp_id=108, page_id=6600, browser=Firefox
Testing: csp_id=108, page_id=6700, browser=Firefox
Testing: csp_id=108, page_id=6800, browser=Firefox
Testing: csp_id=108, page_id=6900, browser=Firefox
Testing: csp_id=108, page_id=7000, browser=Firefox
Testing: csp_id=108, page_id=7100, browser=Firefox
Testing: csp_id=108, page_id=7200, browser=Firefox
Testing: csp_id=108, page_id=7300, browser=Firefox
Testing: csp_id=108, page_id=7400, browser=Firefox
Testing: csp_id=108, page_id=7500, browser=Firefox
Testing: csp_id=108, page_id=7600, browser=Firefox
Testing: csp_id=108, page_id=7700, browser=Firefox
Testing: csp_id=108, page_id=7800, browser=Firefox
Testing: csp_id=108, page_id=7900, browser=Firefox
Testing: csp_id=108, page_id=8000, browser=Firefox
Testing: csp_id=108, page_id=8100, browser=Firefox
Testing: csp_id=108, page_id=8200, browser=Firefox
Testing: csp_id=108, page_id=8300, browser=Firefox
Testing: csp_id=108, page_id=8400, browser=Firefox
Testing: csp_id=108, page_id=8500, browser=Firefox
Testing: csp_id=108, page_id=8600, browser=Firefox
Testing: csp_id=108, page_id=8700, browser=Firefox
Testing: csp_id=108, page_id=8800, browser=Firefox
Testing: csp_id=108, page_id=8900, browser=Firefox
Testing: csp_id=108, page_id=9000, browser=Firefox
Testing: csp_id=108, page_id=9100, browser=Firefox
Testing: csp_id=108, page_id=9200, browser=Firefox
Testing: csp_id=108, page_id=9300, browser=Firefox
Testing: csp_id=108, page_id=9400, browser=Firefox
Testing: csp_id=108, page_id=9500, browser=Firefox
Testing: csp_id=108, page_id=9600, browser=Firefox
Testing: csp_id=108, page_id=9700, browser=Firefox
Testing: csp_id=108, page_id=9800, browser=Firefox
Testing: csp_id=108, page_id=9900, browser=Firefox
Testing: csp_id=108, page_id=10000, browser=Firefox
Testing: csp_id=108, page_id=10100, browser=Firefox
Testing: csp_id=108, page_id=10200, browser=Firefox
Testing: csp_id=108, page_id=10300, browser=Firefox
Testing: csp_id=108, page_id=10400, browser=Firefox
Testing: csp_id=108, page_id=10500, browser=Firefox
Testing: csp_id=108, page_id=10600, browser=Firefox
Testing: csp_id=108, page_id=10700, browser=Firefox
Testing: csp_id=108, page_id=10800, browser=Firefox
Testing: csp_id=108, page_id=10900, browser=Firefox
Testing: csp_id=108, page_id=11000, browser=Firefox
Testing: csp_id=108, page_id=11100, browser=Firefox
Testing: csp_id=108, page_id=11200, browser=Firefox
Testing: csp_id=108, page_id=11300, browser=Firefox
Testing: csp_id=108, page_id=11400, browser=Firefox
Testing: csp_id=108, page_id=11500, browser=Firefox
Testing: csp_id=108, page_id=11600, browser=Firefox
Testing: csp_id=108, page_id=11700, browser=Firefox
Testing: csp_id=108, page_id=11800, browser=Firefox
Testing: csp_id=108, page_id=11900, browser=Firefox
Testing: csp_id=108, page_id=12000, browser=Firefox
Testing: csp_id=108, page_id=12100, browser=Firefox
Testing: csp_id=108, page_id=12200, browser=Firefox
Testing: csp_id=108, page_id=12300, browser=Firefox
Testing: csp_id=108, page_id=12400, browser=Firefox
Testing: csp_id=108, page_id=12500, browser=Firefox
Testing: csp_id=108, page_id=12600, browser=Firefox
Testing: csp_id=108, page_id=12700, browser=Firefox
Testing: csp_id=108, page_id=12800, browser=Firefox
Testing: csp_id=108, page_id=12900, browser=Firefox
Testing: csp_id=108, page_id=13000, browser=Firefox
Testing: csp_id=108, page_id=13100, browser=Firefox
Testing: csp_id=108, page_id=13200, browser=Firefox
Testing: csp_id=108, page_id=13300, browser=Firefox
Testing: csp_id=108, page_id=13400, browser=Firefox
Testing: csp_id=108, page_id=13500, browser=Firefox
Testing: csp_id=108, page_id=13600, browser=Firefox
Testing: csp_id=108, page_id=13700, browser=Firefox
Testing: csp_id=108, page_id=13800, browser=Firefox
Testing: csp_id=108, page_id=13900, browser=Firefox
Testing: csp_id=108, page_id=14000, browser=Firefox
Testing: csp_id=108, page_id=14100, browser=Firefox
Testing: csp_id=108, page_id=14200, browser=Firefox
Testing: csp_id=108, page_id=14300, browser=Firefox
Testing: csp_id=108, page_id=14400, browser=Firefox
Testing: csp_id=108, page_id=14500, browser=Firefox
Testing: csp_id=108, page_id=14600, browser=Firefox
Testing: csp_id=108, page_id=14700, browser=Firefox
Testing: csp_id=108, page_id=14800, browser=Firefox
Testing: csp_id=108, page_id=14900, browser=Firefox
Testing: csp_id=108, page_id=15000, browser=Firefox
Testing: csp_id=108, page_id=15100, browser=Firefox
Testing: csp_id=108, page_id=15200, browser=Firefox
Testing: csp_id=108, page_id=15300, browser=Firefox
Testing: csp_id=108, page_id=15400, browser=Firefox
Testing: csp_id=108, page_id=15500, browser=Firefox
Testing: csp_id=108, page_id=15600, browser=Firefox
Testing: csp_id=108, page_id=15700, browser=Firefox
Testing: csp_id=108, page_id=15800, browser=Firefox
Testing: csp_id=108, page_id=15900, browser=Firefox
Testing: csp_id=108, page_id=16000, browser=Firefox
Testing: csp_id=108, page_id=16100, browser=Firefox
Testing: csp_id=108, page_id=16200, browser=Firefox
Testing: csp_id=108, page_id=16300, browser=Firefox
Testing: csp_id=108, page_id=16400, browser=Firefox
Testing: csp_id=108, page_id=16500, browser=Firefox
Testing: csp_id=108, page_id=16600, browser=Firefox
Testing: csp_id=108, page_id=16700, browser=Firefox
Testing: csp_id=108, page_id=16800, browser=Firefox
Testing: csp_id=108, page_id=16900, browser=Firefox
Testing: csp_id=108, page_id=17000, browser=Firefox
Testing: csp_id=108, page_id=17100, browser=Firefox
Testing: csp_id=108, page_id=17200, browser=Firefox
Testing: csp_id=108, page_id=17300, browser=Firefox
Testing: csp_id=108, page_id=17400, browser=Firefox
Testing: csp_id=108, page_id=17500, browser=Firefox
Testing: csp_id=108, page_id=17600, browser=Firefox
Testing: csp_id=108, page_id=17700, browser=Firefox
Testing: csp_id=108, page_id=17800, browser=Firefox
Testing: csp_id=108, page_id=17900, browser=Firefox
Testing: csp_id=108, page_id=18000, browser=Firefox
Testing: csp_id=108, page_id=18100, browser=Firefox
Testing: csp_id=108, page_id=18200, browser=Firefox
Testing: csp_id=108, page_id=18300, browser=Firefox
Testing: csp_id=108, page_id=18400, browser=Firefox
Testing: csp_id=108, page_id=18500, browser=Firefox
Testing: csp_id=108, page_id=18600, browser=Firefox
Testing: csp_id=108, page_id=18700, browser=Firefox
Testing: csp_id=108, page_id=18800, browser=Firefox
Testing: csp_id=108, page_id=18900, browser=Firefox
Testing: csp_id=108, page_id=19000, browser=Firefox
Testing: csp_id=108, page_id=19100, browser=Firefox
Testing: csp_id=108, page_id=19200, browser=Firefox
Testing: csp_id=108, page_id=19300, browser=Firefox
Testing: csp_id=108, page_id=19400, browser=Firefox
Testing: csp_id=108, page_id=19500, browser=Firefox
Testing: csp_id=108, page_id=19600, browser=Firefox
Testing: csp_id=108, page_id=19700, browser=Firefox
Testing: csp_id=108, page_id=19800, browser=Firefox
Testing: csp_id=108, page_id=19900, browser=Firefox
Testing: csp_id=108, page_id=20000, browser=Firefox
Testing: csp_id=108, page_id=20100, browser=Firefox
Testing: csp_id=108, page_id=20200, browser=Firefox
Testing: csp_id=108, page_id=20300, browser=Firefox
Testing: csp_id=108, page_id=20400, browser=Firefox
Testing: csp_id=108, page_id=20500, browser=Firefox
Testing: csp_id=108, page_id=20600, browser=Firefox
Testing: csp_id=108, page_id=20700, browser=Firefox
Testing: csp_id=108, page_id=20800, browser=Firefox
Testing: csp_id=108, page_id=20900, browser=Firefox
Testing: csp_id=108, page_id=21000, browser=Firefox
Testing: csp_id=108, page_id=21100, browser=Firefox
Testing: csp_id=108, page_id=21200, browser=Firefox
Testing: csp_id=108, page_id=21300, browser=Firefox
Testing: csp_id=108, page_id=21400, browser=Firefox
Testing: csp_id=108, page_id=21500, browser=Firefox
Testing: csp_id=108, page_id=21600, browser=Firefox
Testing: csp_id=108, page_id=21700, browser=Firefox
Testing: csp_id=108, page_id=21800, browser=Firefox
Testing: csp_id=108, page_id=21900, browser=Firefox
Testing: csp_id=108, page_id=22000, browser=Firefox
Testing: csp_id=108, page_id=22100, browser=Firefox
Testing: csp_id=108, page_id=22200, browser=Firefox
Testing: csp_id=108, page_id=22300, browser=Firefox
Testing: csp_id=108, page_id=22400, browser=Firefox
Testing: csp_id=108, page_id=22500, browser=Firefox
Testing: csp_id=108, page_id=22600, browser=Firefox
Testing: csp_id=108, page_id=22700, browser=Firefox
Testing: csp_id=108, page_id=22800, browser=Firefox
Testing: csp_id=108, page_id=22900, browser=Firefox
Testing: csp_id=108, page_id=23000, browser=Firefox
Testing: csp_id=108, page_id=23100, browser=Firefox
Testing: csp_id=108, page_id=23200, browser=Firefox
Testing: csp_id=108, page_id=23300, browser=Firefox
Testing: csp_id=108, page_id=23400, browser=Firefox
Testing: csp_id=108, page_id=23500, browser=Firefox
Testing: csp_id=108, page_id=23600, browser=Firefox
Testing: csp_id=108, page_id=23700, browser=Firefox
Testing: csp_id=108, page_id=23800, browser=Firefox
Testing: csp_id=108, page_id=23900, browser=Firefox
Testing: csp_id=108, page_id=24000, browser=Firefox
Testing: csp_id=108, page_id=24100, browser=Firefox
Testing: csp_id=108, page_id=24200, browser=Firefox
Testing: csp_id=108, page_id=24300, browser=Firefox
Testing: csp_id=108, page_id=24400, browser=Firefox
Testing: csp_id=108, page_id=24500, browser=Firefox
Testing: csp_id=108, page_id=24600, browser=Firefox
Testing: csp_id=108, page_id=24700, browser=Firefox
Testing: csp_id=108, page_id=24800, browser=Firefox
Testing: csp_id=108, page_id=24900, browser=Firefox
Testing: csp_id=108, page_id=25000, browser=Firefox
Testing: csp_id=108, page_id=25100, browser=Firefox
Testing: csp_id=108, page_id=25200, browser=Firefox
Testing: csp_id=108, page_id=25300, browser=Firefox
Testing: csp_id=108, page_id=25400, browser=Firefox
Testing: csp_id=108, page_id=25500, browser=Firefox
Testing: csp_id=108, page_id=25600, browser=Firefox
Testing: csp_id=108, page_id=25700, browser=Firefox
Testing: csp_id=108, page_id=25800, browser=Firefox
Testing: csp_id=108, page_id=25900, browser=Firefox
Testing: csp_id=108, page_id=26000, browser=Firefox
Testing: csp_id=108, page_id=26100, browser=Firefox
Testing: csp_id=108, page_id=26200, browser=Firefox
Testing: csp_id=108, page_id=26300, browser=Firefox
Testing: csp_id=108, page_id=26400, browser=Firefox
Testing: csp_id=108, page_id=26500, browser=Firefox
Testing: csp_id=108, page_id=26600, browser=Firefox
Testing: csp_id=108, page_id=26700, browser=Firefox
Testing: csp_id=108, page_id=26800, browser=Firefox
Testing: csp_id=108, page_id=26900, browser=Firefox
Testing: csp_id=108, page_id=27000, browser=Firefox
Testing: csp_id=108, page_id=27100, browser=Firefox
Testing: csp_id=108, page_id=27200, browser=Firefox
Testing: csp_id=108, page_id=27300, browser=Firefox
Testing: csp_id=108, page_id=27400, browser=Firefox
Testing: csp_id=108, page_id=27500, browser=Firefox
Testing: csp_id=108, page_id=27600, browser=Firefox
Testing: csp_id=108, page_id=27700, browser=Firefox
Testing: csp_id=108, page_id=27800, browser=Firefox
Testing: csp_id=108, page_id=27900, browser=Firefox
Testing: csp_id=108, page_id=28000, browser=Firefox
Testing: csp_id=108, page_id=28100, browser=Firefox
Testing: csp_id=108, page_id=28200, browser=Firefox
Testing: csp_id=108, page_id=28300, browser=Firefox
Testing: csp_id=108, page_id=28400, browser=Firefox
Testing: csp_id=108, page_id=28500, browser=Firefox
Testing: csp_id=108, page_id=28600, browser=Firefox
Testing: csp_id=108, page_id=28700, browser=Firefox
Testing: csp_id=108, page_id=28800, browser=Firefox
Testing: csp_id=108, page_id=28900, browser=Firefox
Testing: csp_id=108, page_id=29000, browser=Firefox
Testing: csp_id=108, page_id=29100, browser=Firefox
Testing: csp_id=108, page_id=29200, browser=Firefox
Testing: csp_id=108, page_id=29300, browser=Firefox
Testing: csp_id=108, page_id=29400, browser=Firefox
Testing: csp_id=108, page_id=29500, browser=Firefox
Testing: csp_id=108, page_id=29600, browser=Firefox
Testing: csp_id=108, page_id=29700, browser=Firefox
Testing: csp_id=108, page_id=29800, browser=Firefox
🏊 create_context_pools[first] (5x16): 32.487s
Testing: csp_id=119, page_id=0, browser=Firefox
Testing: csp_id=119, page_id=100, browser=Firefox
Testing: csp_id=119, page_id=200, browser=Firefox
Testing: csp_id=119, page_id=300, browser=Firefox
Testing: csp_id=119, page_id=400, browser=Firefox
Testing: csp_id=119, page_id=500, browser=Firefox
Testing: csp_id=119, page_id=600, browser=Firefox
Testing: csp_id=119, page_id=700, browser=Firefox
Testing: csp_id=119, page_id=800, browser=Firefox
Testing: csp_id=119, page_id=900, browser=Firefox
Testing: csp_id=119, page_id=1000, browser=Firefox
Testing: csp_id=119, page_id=1100, browser=Firefox
Testing: csp_id=119, page_id=1200, browser=Firefox
Testing: csp_id=119, page_id=1300, browser=Firefox
Testing: csp_id=119, page_id=1400, browser=Firefox
Testing: csp_id=119, page_id=1500, browser=Firefox
Testing: csp_id=119, page_id=1600, browser=Firefox
Testing: csp_id=119, page_id=1700, browser=Firefox
Testing: csp_id=119, page_id=1800, browser=Firefox
Testing: csp_id=119, page_id=1900, browser=Firefox
Testing: csp_id=119, page_id=2000, browser=Firefox
Testing: csp_id=119, page_id=2100, browser=Firefox
Testing: csp_id=119, page_id=2200, browser=Firefox
Testing: csp_id=119, page_id=2300, browser=Firefox
Testing: csp_id=119, page_id=2400, browser=Firefox
Testing: csp_id=119, page_id=2500, browser=Firefox
Testing: csp_id=119, page_id=2600, browser=Firefox
Testing: csp_id=119, page_id=2700, browser=Firefox
Testing: csp_id=119, page_id=2800, browser=Firefox
Testing: csp_id=119, page_id=2900, browser=Firefox
Testing: csp_id=119, page_id=3000, browser=Firefox
Testing: csp_id=119, page_id=3100, browser=Firefox
Testing: csp_id=119, page_id=3200, browser=Firefox
Testing: csp_id=119, page_id=3300, browser=Firefox
Testing: csp_id=119, page_id=3400, browser=Firefox
Testing: csp_id=119, page_id=3500, browser=Firefox
Testing: csp_id=119, page_id=3600, browser=Firefox
Testing: csp_id=119, page_id=3700, browser=Firefox
Testing: csp_id=119, page_id=3800, browser=Firefox
Testing: csp_id=119, page_id=3900, browser=Firefox
Testing: csp_id=119, page_id=4000, browser=Firefox
Testing: csp_id=119, page_id=4100, browser=Firefox
Testing: csp_id=119, page_id=4200, browser=Firefox
Testing: csp_id=119, page_id=4300, browser=Firefox
Testing: csp_id=119, page_id=4400, browser=Firefox
Testing: csp_id=119, page_id=4500, browser=Firefox
Testing: csp_id=119, page_id=4600, browser=Firefox
Testing: csp_id=119, page_id=4700, browser=Firefox
Testing: csp_id=119, page_id=4800, browser=Firefox
Testing: csp_id=119, page_id=4900, browser=Firefox
Testing: csp_id=119, page_id=5000, browser=Firefox
Testing: csp_id=119, page_id=5100, browser=Firefox
Testing: csp_id=119, page_id=5200, browser=Firefox
Testing: csp_id=119, page_id=5300, browser=Firefox
Testing: csp_id=119, page_id=5400, browser=Firefox
Testing: csp_id=119, page_id=5500, browser=Firefox
Testing: csp_id=119, page_id=5600, browser=Firefox
Testing: csp_id=119, page_id=5700, browser=Firefox
Testing: csp_id=119, page_id=5800, browser=Firefox
Testing: csp_id=119, page_id=5900, browser=Firefox
Testing: csp_id=119, page_id=6000, browser=Firefox
Testing: csp_id=119, page_id=6100, browser=Firefox
Testing: csp_id=119, page_id=6200, browser=Firefox
Testing: csp_id=119, page_id=6300, browser=Firefox
Testing: csp_id=119, page_id=6400, browser=Firefox
Testing: csp_id=119, page_id=6500, browser=Firefox
Testing: csp_id=119, page_id=6600, browser=Firefox
Testing: csp_id=119, page_id=6700, browser=Firefox
Testing: csp_id=119, page_id=6800, browser=Firefox
Testing: csp_id=119, page_id=6900, browser=Firefox
Testing: csp_id=119, page_id=7000, browser=Firefox
Testing: csp_id=119, page_id=7100, browser=Firefox
Testing: csp_id=119, page_id=7200, browser=Firefox
Testing: csp_id=119, page_id=7300, browser=Firefox
Testing: csp_id=119, page_id=7400, browser=Firefox
Testing: csp_id=119, page_id=7500, browser=Firefox
Testing: csp_id=119, page_id=7600, browser=Firefox
Testing: csp_id=119, page_id=7700, browser=Firefox
Testing: csp_id=119, page_id=7800, browser=Firefox
Testing: csp_id=119, page_id=7900, browser=Firefox
Testing: csp_id=119, page_id=8000, browser=Firefox
Testing: csp_id=119, page_id=8100, browser=Firefox
Testing: csp_id=119, page_id=8200, browser=Firefox
Testing: csp_id=119, page_id=8300, browser=Firefox
Testing: csp_id=119, page_id=8400, browser=Firefox
Testing: csp_id=119, page_id=8500, browser=Firefox
Testing: csp_id=119, page_id=8600, browser=Firefox
Testing: csp_id=119, page_id=8700, browser=Firefox
Testing: csp_id=119, page_id=8800, browser=Firefox
Testing: csp_id=119, page_id=8900, browser=Firefox
Testing: csp_id=119, page_id=9000, browser=Firefox
Testing: csp_id=119, page_id=9100, browser=Firefox
Testing: csp_id=119, page_id=9200, browser=Firefox
Testing: csp_id=119, page_id=9300, browser=Firefox
Testing: csp_id=119, page_id=9400, browser=Firefox
Testing: csp_id=119, page_id=9500, browser=Firefox
Testing: csp_id=119, page_id=9600, browser=Firefox
Testing: csp_id=119, page_id=9700, browser=Firefox
Testing: csp_id=119, page_id=9800, browser=Firefox
Testing: csp_id=119, page_id=9900, browser=Firefox
Testing: csp_id=119, page_id=10000, browser=Firefox
Testing: csp_id=119, page_id=10100, browser=Firefox
Testing: csp_id=119, page_id=10200, browser=Firefox
Testing: csp_id=119, page_id=10300, browser=Firefox
Testing: csp_id=119, page_id=10400, browser=Firefox
Testing: csp_id=119, page_id=10500, browser=Firefox
Testing: csp_id=119, page_id=10600, browser=Firefox
Testing: csp_id=119, page_id=10700, browser=Firefox
Testing: csp_id=119, page_id=10800, browser=Firefox
Testing: csp_id=119, page_id=10900, browser=Firefox
Testing: csp_id=119, page_id=11000, browser=Firefox
Testing: csp_id=119, page_id=11100, browser=Firefox
Testing: csp_id=119, page_id=11200, browser=Firefox
Testing: csp_id=119, page_id=11300, browser=Firefox
Testing: csp_id=119, page_id=11400, browser=Firefox
Testing: csp_id=119, page_id=11500, browser=Firefox
Testing: csp_id=119, page_id=11600, browser=Firefox
Testing: csp_id=119, page_id=11700, browser=Firefox
Testing: csp_id=119, page_id=11800, browser=Firefox
Testing: csp_id=119, page_id=11900, browser=Firefox
Testing: csp_id=119, page_id=12000, browser=Firefox
Testing: csp_id=119, page_id=12100, browser=Firefox
Testing: csp_id=119, page_id=12200, browser=Firefox
Testing: csp_id=119, page_id=12300, browser=Firefox
Testing: csp_id=119, page_id=12400, browser=Firefox
Testing: csp_id=119, page_id=12500, browser=Firefox
Testing: csp_id=119, page_id=12600, browser=Firefox
Testing: csp_id=119, page_id=12700, browser=Firefox
Testing: csp_id=119, page_id=12800, browser=Firefox
Testing: csp_id=119, page_id=12900, browser=Firefox
Testing: csp_id=119, page_id=13000, browser=Firefox
Testing: csp_id=119, page_id=13100, browser=Firefox
Testing: csp_id=119, page_id=13200, browser=Firefox
Testing: csp_id=119, page_id=13300, browser=Firefox
Testing: csp_id=119, page_id=13400, browser=Firefox
Testing: csp_id=119, page_id=13500, browser=Firefox
Testing: csp_id=119, page_id=13600, browser=Firefox
Testing: csp_id=119, page_id=13700, browser=Firefox
Testing: csp_id=119, page_id=13800, browser=Firefox
Testing: csp_id=119, page_id=13900, browser=Firefox
Testing: csp_id=119, page_id=14000, browser=Firefox
Testing: csp_id=119, page_id=14100, browser=Firefox
Testing: csp_id=119, page_id=14200, browser=Firefox
Testing: csp_id=119, page_id=14300, browser=Firefox
Testing: csp_id=119, page_id=14400, browser=Firefox
Testing: csp_id=119, page_id=14500, browser=Firefox
Testing: csp_id=119, page_id=14600, browser=Firefox
Testing: csp_id=119, page_id=14700, browser=Firefox
Testing: csp_id=119, page_id=14800, browser=Firefox
Testing: csp_id=119, page_id=14900, browser=Firefox
Testing: csp_id=119, page_id=15000, browser=Firefox
Testing: csp_id=119, page_id=15100, browser=Firefox
Testing: csp_id=119, page_id=15200, browser=Firefox
Testing: csp_id=119, page_id=15300, browser=Firefox
Testing: csp_id=119, page_id=15400, browser=Firefox
Testing: csp_id=119, page_id=15500, browser=Firefox
Testing: csp_id=119, page_id=15600, browser=Firefox
Testing: csp_id=119, page_id=15700, browser=Firefox
Testing: csp_id=119, page_id=15800, browser=Firefox
Testing: csp_id=119, page_id=15900, browser=Firefox
Testing: csp_id=119, page_id=16000, browser=Firefox
Testing: csp_id=119, page_id=16100, browser=Firefox
Testing: csp_id=119, page_id=16200, browser=Firefox
Testing: csp_id=119, page_id=16300, browser=Firefox
Testing: csp_id=119, page_id=16400, browser=Firefox
Testing: csp_id=119, page_id=16500, browser=Firefox
Testing: csp_id=119, page_id=16600, browser=Firefox
Testing: csp_id=119, page_id=16700, browser=Firefox
Testing: csp_id=119, page_id=16800, browser=Firefox
Testing: csp_id=119, page_id=16900, browser=Firefox
Testing: csp_id=119, page_id=17000, browser=Firefox
Testing: csp_id=119, page_id=17100, browser=Firefox
Testing: csp_id=119, page_id=17200, browser=Firefox
Testing: csp_id=119, page_id=17300, browser=Firefox
Testing: csp_id=119, page_id=17400, browser=Firefox
Testing: csp_id=119, page_id=17500, browser=Firefox
Testing: csp_id=119, page_id=17600, browser=Firefox
Testing: csp_id=119, page_id=17700, browser=Firefox
Testing: csp_id=119, page_id=17800, browser=Firefox
Testing: csp_id=119, page_id=17900, browser=Firefox
Testing: csp_id=119, page_id=18000, browser=Firefox
Testing: csp_id=119, page_id=18100, browser=Firefox
Testing: csp_id=119, page_id=18200, browser=Firefox
Testing: csp_id=119, page_id=18300, browser=Firefox
Testing: csp_id=119, page_id=18400, browser=Firefox
Testing: csp_id=119, page_id=18500, browser=Firefox
Testing: csp_id=119, page_id=18600, browser=Firefox
Testing: csp_id=119, page_id=18700, browser=Firefox
Testing: csp_id=119, page_id=18800, browser=Firefox
Testing: csp_id=119, page_id=18900, browser=Firefox
Testing: csp_id=119, page_id=19000, browser=Firefox
Testing: csp_id=119, page_id=19100, browser=Firefox
Testing: csp_id=119, page_id=19200, browser=Firefox
Testing: csp_id=119, page_id=19300, browser=Firefox
Testing: csp_id=119, page_id=19400, browser=Firefox
Testing: csp_id=119, page_id=19500, browser=Firefox
Testing: csp_id=119, page_id=19600, browser=Firefox
Testing: csp_id=119, page_id=19700, browser=Firefox
Testing: csp_id=119, page_id=19800, browser=Firefox
Testing: csp_id=119, page_id=19900, browser=Firefox
Testing: csp_id=119, page_id=20000, browser=Firefox
Testing: csp_id=119, page_id=20100, browser=Firefox
Testing: csp_id=119, page_id=20200, browser=Firefox
Testing: csp_id=119, page_id=20300, browser=Firefox
Testing: csp_id=119, page_id=20400, browser=Firefox
Testing: csp_id=119, page_id=20500, browser=Firefox
Testing: csp_id=119, page_id=20600, browser=Firefox
Testing: csp_id=119, page_id=20700, browser=Firefox
Testing: csp_id=119, page_id=20800, browser=Firefox
Testing: csp_id=119, page_id=20900, browser=Firefox
Testing: csp_id=119, page_id=21000, browser=Firefox
Testing: csp_id=119, page_id=21100, browser=Firefox
Testing: csp_id=119, page_id=21200, browser=Firefox
Testing: csp_id=119, page_id=21300, browser=Firefox
Testing: csp_id=119, page_id=21400, browser=Firefox
Testing: csp_id=119, page_id=21500, browser=Firefox
Testing: csp_id=119, page_id=21600, browser=Firefox
Testing: csp_id=119, page_id=21700, browser=Firefox
Testing: csp_id=119, page_id=21800, browser=Firefox
Testing: csp_id=119, page_id=21900, browser=Firefox
Testing: csp_id=119, page_id=22000, browser=Firefox
Testing: csp_id=119, page_id=22100, browser=Firefox
Testing: csp_id=119, page_id=22200, browser=Firefox
Testing: csp_id=119, page_id=22300, browser=Firefox
Testing: csp_id=119, page_id=22400, browser=Firefox
Testing: csp_id=119, page_id=22500, browser=Firefox
Testing: csp_id=119, page_id=22600, browser=Firefox
Testing: csp_id=119, page_id=22700, browser=Firefox
Testing: csp_id=119, page_id=22800, browser=Firefox
Testing: csp_id=119, page_id=22900, browser=Firefox
Testing: csp_id=119, page_id=23000, browser=Firefox
Testing: csp_id=119, page_id=23100, browser=Firefox
Testing: csp_id=119, page_id=23200, browser=Firefox
Testing: csp_id=119, page_id=23300, browser=Firefox
Testing: csp_id=119, page_id=23400, browser=Firefox
Testing: csp_id=119, page_id=23500, browser=Firefox
Testing: csp_id=119, page_id=23600, browser=Firefox
Testing: csp_id=119, page_id=23700, browser=Firefox
Testing: csp_id=119, page_id=23800, browser=Firefox
Testing: csp_id=119, page_id=23900, browser=Firefox
Testing: csp_id=119, page_id=24000, browser=Firefox
Testing: csp_id=119, page_id=24100, browser=Firefox
Testing: csp_id=119, page_id=24200, browser=Firefox
Testing: csp_id=119, page_id=24300, browser=Firefox
Testing: csp_id=119, page_id=24400, browser=Firefox
Testing: csp_id=119, page_id=24500, browser=Firefox
Testing: csp_id=119, page_id=24600, browser=Firefox
Testing: csp_id=119, page_id=24700, browser=Firefox
Testing: csp_id=119, page_id=24800, browser=Firefox
Testing: csp_id=119, page_id=24900, browser=Firefox
Testing: csp_id=119, page_id=25000, browser=Firefox
Testing: csp_id=119, page_id=25100, browser=Firefox
Testing: csp_id=119, page_id=25200, browser=Firefox
Testing: csp_id=119, page_id=25300, browser=Firefox
Testing: csp_id=119, page_id=25400, browser=Firefox
Testing: csp_id=119, page_id=25500, browser=Firefox
Testing: csp_id=119, page_id=25600, browser=Firefox
Testing: csp_id=119, page_id=25700, browser=Firefox
Testing: csp_id=119, page_id=25800, browser=Firefox
Testing: csp_id=119, page_id=25900, browser=Firefox
Testing: csp_id=119, page_id=26000, browser=Firefox
Testing: csp_id=119, page_id=26100, browser=Firefox
Testing: csp_id=119, page_id=26200, browser=Firefox
Testing: csp_id=119, page_id=26300, browser=Firefox
Testing: csp_id=119, page_id=26400, browser=Firefox
Testing: csp_id=119, page_id=26500, browser=Firefox
Testing: csp_id=119, page_id=26600, browser=Firefox
Testing: csp_id=119, page_id=26700, browser=Firefox
Testing: csp_id=119, page_id=26800, browser=Firefox
Testing: csp_id=119, page_id=26900, browser=Firefox
Testing: csp_id=119, page_id=27000, browser=Firefox
Testing: csp_id=119, page_id=27100, browser=Firefox
Testing: csp_id=119, page_id=27200, browser=Firefox
Testing: csp_id=119, page_id=27300, browser=Firefox
Testing: csp_id=119, page_id=27400, browser=Firefox
Testing: csp_id=119, page_id=27500, browser=Firefox
Testing: csp_id=119, page_id=27600, browser=Firefox
Testing: csp_id=119, page_id=27700, browser=Firefox
Testing: csp_id=119, page_id=27800, browser=Firefox
Testing: csp_id=119, page_id=27900, browser=Firefox
Testing: csp_id=119, page_id=28000, browser=Firefox
Testing: csp_id=119, page_id=28100, browser=Firefox
Testing: csp_id=119, page_id=28200, browser=Firefox
Testing: csp_id=119, page_id=28300, browser=Firefox
Testing: csp_id=119, page_id=28400, browser=Firefox
Testing: csp_id=119, page_id=28500, browser=Firefox
Testing: csp_id=119, page_id=28600, browser=Firefox
Testing: csp_id=119, page_id=28700, browser=Firefox
Testing: csp_id=119, page_id=28800, browser=Firefox
Testing: csp_id=119, page_id=28900, browser=Firefox
Testing: csp_id=119, page_id=29000, browser=Firefox
Testing: csp_id=119, page_id=29100, browser=Firefox
Testing: csp_id=119, page_id=29200, browser=Firefox
Testing: csp_id=119, page_id=29300, browser=Firefox
Testing: csp_id=119, page_id=29400, browser=Firefox
Testing: csp_id=119, page_id=29500, browser=Firefox
Testing: csp_id=119, page_id=29600, browser=Firefox
Testing: csp_id=119, page_id=29700, browser=Firefox
Testing: csp_id=119, page_id=29800, browser=Firefox
🏊 create_context_pools[first] (5x16): 36.142s
Testing: csp_id=129, page_id=0, browser=Firefox
Testing: csp_id=129, page_id=100, browser=Firefox
Testing: csp_id=129, page_id=200, browser=Firefox
Testing: csp_id=129, page_id=300, browser=Firefox
Testing: csp_id=129, page_id=400, browser=Firefox
Testing: csp_id=129, page_id=500, browser=Firefox
Testing: csp_id=129, page_id=600, browser=Firefox
Testing: csp_id=129, page_id=700, browser=Firefox
Testing: csp_id=129, page_id=800, browser=Firefox
Testing: csp_id=129, page_id=900, browser=Firefox
Testing: csp_id=129, page_id=1000, browser=Firefox
Testing: csp_id=129, page_id=1100, browser=Firefox
Testing: csp_id=129, page_id=1200, browser=Firefox
Testing: csp_id=129, page_id=1300, browser=Firefox
Testing: csp_id=129, page_id=1400, browser=Firefox
Testing: csp_id=129, page_id=1500, browser=Firefox
Testing: csp_id=129, page_id=1600, browser=Firefox
Testing: csp_id=129, page_id=1700, browser=Firefox
Testing: csp_id=129, page_id=1800, browser=Firefox
Testing: csp_id=129, page_id=1900, browser=Firefox
Testing: csp_id=129, page_id=2000, browser=Firefox
Testing: csp_id=129, page_id=2100, browser=Firefox
Testing: csp_id=129, page_id=2200, browser=Firefox
Testing: csp_id=129, page_id=2300, browser=Firefox
Testing: csp_id=129, page_id=2400, browser=Firefox
Testing: csp_id=129, page_id=2500, browser=Firefox
Testing: csp_id=129, page_id=2600, browser=Firefox
Testing: csp_id=129, page_id=2700, browser=Firefox
Testing: csp_id=129, page_id=2800, browser=Firefox
Testing: csp_id=129, page_id=2900, browser=Firefox
Testing: csp_id=129, page_id=3000, browser=Firefox
Testing: csp_id=129, page_id=3100, browser=Firefox
Testing: csp_id=129, page_id=3200, browser=Firefox
Testing: csp_id=129, page_id=3300, browser=Firefox
Testing: csp_id=129, page_id=3400, browser=Firefox
Testing: csp_id=129, page_id=3500, browser=Firefox
Testing: csp_id=129, page_id=3600, browser=Firefox
Testing: csp_id=129, page_id=3700, browser=Firefox
Testing: csp_id=129, page_id=3800, browser=Firefox
Testing: csp_id=129, page_id=3900, browser=Firefox
Testing: csp_id=129, page_id=4000, browser=Firefox
Testing: csp_id=129, page_id=4100, browser=Firefox
Testing: csp_id=129, page_id=4200, browser=Firefox
Testing: csp_id=129, page_id=4300, browser=Firefox
Testing: csp_id=129, page_id=4400, browser=Firefox
Testing: csp_id=129, page_id=4500, browser=Firefox
Testing: csp_id=129, page_id=4600, browser=Firefox
Testing: csp_id=129, page_id=4700, browser=Firefox
Testing: csp_id=129, page_id=4800, browser=Firefox
Testing: csp_id=129, page_id=4900, browser=Firefox
Testing: csp_id=129, page_id=5000, browser=Firefox
Testing: csp_id=129, page_id=5100, browser=Firefox
Testing: csp_id=129, page_id=5200, browser=Firefox
Testing: csp_id=129, page_id=5300, browser=Firefox
Testing: csp_id=129, page_id=5400, browser=Firefox
Testing: csp_id=129, page_id=5500, browser=Firefox
Testing: csp_id=129, page_id=5600, browser=Firefox
Testing: csp_id=129, page_id=5700, browser=Firefox
Testing: csp_id=129, page_id=5800, browser=Firefox
Testing: csp_id=129, page_id=5900, browser=Firefox
Testing: csp_id=129, page_id=6000, browser=Firefox
Testing: csp_id=129, page_id=6100, browser=Firefox
Testing: csp_id=129, page_id=6200, browser=Firefox
Testing: csp_id=129, page_id=6300, browser=Firefox
Testing: csp_id=129, page_id=6400, browser=Firefox
Testing: csp_id=129, page_id=6500, browser=Firefox
Testing: csp_id=129, page_id=6600, browser=Firefox
Testing: csp_id=129, page_id=6700, browser=Firefox
Testing: csp_id=129, page_id=6800, browser=Firefox
Testing: csp_id=129, page_id=6900, browser=Firefox
Testing: csp_id=129, page_id=7000, browser=Firefox
Testing: csp_id=129, page_id=7100, browser=Firefox
Testing: csp_id=129, page_id=7200, browser=Firefox
Testing: csp_id=129, page_id=7300, browser=Firefox
Testing: csp_id=129, page_id=7400, browser=Firefox
Testing: csp_id=129, page_id=7500, browser=Firefox
Testing: csp_id=129, page_id=7600, browser=Firefox
Testing: csp_id=129, page_id=7700, browser=Firefox
Testing: csp_id=129, page_id=7800, browser=Firefox
Testing: csp_id=129, page_id=7900, browser=Firefox
Testing: csp_id=129, page_id=8000, browser=Firefox
Testing: csp_id=129, page_id=8100, browser=Firefox
Testing: csp_id=129, page_id=8200, browser=Firefox
Testing: csp_id=129, page_id=8300, browser=Firefox
Testing: csp_id=129, page_id=8400, browser=Firefox
Testing: csp_id=129, page_id=8500, browser=Firefox
Testing: csp_id=129, page_id=8600, browser=Firefox
Testing: csp_id=129, page_id=8700, browser=Firefox
Testing: csp_id=129, page_id=8800, browser=Firefox
Testing: csp_id=129, page_id=8900, browser=Firefox
Testing: csp_id=129, page_id=9000, browser=Firefox
Testing: csp_id=129, page_id=9100, browser=Firefox
Testing: csp_id=129, page_id=9200, browser=Firefox
Testing: csp_id=129, page_id=9300, browser=Firefox
Testing: csp_id=129, page_id=9400, browser=Firefox
Testing: csp_id=129, page_id=9500, browser=Firefox
Testing: csp_id=129, page_id=9600, browser=Firefox
Testing: csp_id=129, page_id=9700, browser=Firefox
Testing: csp_id=129, page_id=9800, browser=Firefox
Testing: csp_id=129, page_id=9900, browser=Firefox
Testing: csp_id=129, page_id=10000, browser=Firefox
Testing: csp_id=129, page_id=10100, browser=Firefox
Testing: csp_id=129, page_id=10200, browser=Firefox
Testing: csp_id=129, page_id=10300, browser=Firefox
Testing: csp_id=129, page_id=10400, browser=Firefox
Testing: csp_id=129, page_id=10500, browser=Firefox
Testing: csp_id=129, page_id=10600, browser=Firefox
Testing: csp_id=129, page_id=10700, browser=Firefox
Testing: csp_id=129, page_id=10800, browser=Firefox
Testing: csp_id=129, page_id=10900, browser=Firefox
Testing: csp_id=129, page_id=11000, browser=Firefox
Testing: csp_id=129, page_id=11100, browser=Firefox
Testing: csp_id=129, page_id=11200, browser=Firefox
Testing: csp_id=129, page_id=11300, browser=Firefox
Testing: csp_id=129, page_id=11400, browser=Firefox
Testing: csp_id=129, page_id=11500, browser=Firefox
Testing: csp_id=129, page_id=11600, browser=Firefox
Testing: csp_id=129, page_id=11700, browser=Firefox
Testing: csp_id=129, page_id=11800, browser=Firefox
Testing: csp_id=129, page_id=11900, browser=Firefox
Testing: csp_id=129, page_id=12000, browser=Firefox
Testing: csp_id=129, page_id=12100, browser=Firefox
Testing: csp_id=129, page_id=12200, browser=Firefox
Testing: csp_id=129, page_id=12300, browser=Firefox
Testing: csp_id=129, page_id=12400, browser=Firefox
Testing: csp_id=129, page_id=12500, browser=Firefox
Testing: csp_id=129, page_id=12600, browser=Firefox
Testing: csp_id=129, page_id=12700, browser=Firefox
Testing: csp_id=129, page_id=12800, browser=Firefox
Testing: csp_id=129, page_id=12900, browser=Firefox
Testing: csp_id=129, page_id=13000, browser=Firefox
Testing: csp_id=129, page_id=13100, browser=Firefox
Testing: csp_id=129, page_id=13200, browser=Firefox
Testing: csp_id=129, page_id=13300, browser=Firefox
Testing: csp_id=129, page_id=13400, browser=Firefox
Testing: csp_id=129, page_id=13500, browser=Firefox
Testing: csp_id=129, page_id=13600, browser=Firefox
Testing: csp_id=129, page_id=13700, browser=Firefox
Testing: csp_id=129, page_id=13800, browser=Firefox
Testing: csp_id=129, page_id=13900, browser=Firefox
Testing: csp_id=129, page_id=14000, browser=Firefox
Testing: csp_id=129, page_id=14100, browser=Firefox
Testing: csp_id=129, page_id=14200, browser=Firefox
Testing: csp_id=129, page_id=14300, browser=Firefox
Testing: csp_id=129, page_id=14400, browser=Firefox
Testing: csp_id=129, page_id=14500, browser=Firefox
Testing: csp_id=129, page_id=14600, browser=Firefox
Testing: csp_id=129, page_id=14700, browser=Firefox
Testing: csp_id=129, page_id=14800, browser=Firefox
Testing: csp_id=129, page_id=14900, browser=Firefox
Testing: csp_id=129, page_id=15000, browser=Firefox
Testing: csp_id=129, page_id=15100, browser=Firefox
Testing: csp_id=129, page_id=15200, browser=Firefox
Testing: csp_id=129, page_id=15300, browser=Firefox
Testing: csp_id=129, page_id=15400, browser=Firefox
Testing: csp_id=129, page_id=15500, browser=Firefox
Testing: csp_id=129, page_id=15600, browser=Firefox
Testing: csp_id=129, page_id=15700, browser=Firefox
Testing: csp_id=129, page_id=15800, browser=Firefox
Testing: csp_id=129, page_id=15900, browser=Firefox
Testing: csp_id=129, page_id=16000, browser=Firefox
Testing: csp_id=129, page_id=16100, browser=Firefox
Testing: csp_id=129, page_id=16200, browser=Firefox
Testing: csp_id=129, page_id=16300, browser=Firefox
Testing: csp_id=129, page_id=16400, browser=Firefox
Testing: csp_id=129, page_id=16500, browser=Firefox
Testing: csp_id=129, page_id=16600, browser=Firefox
Testing: csp_id=129, page_id=16700, browser=Firefox
Testing: csp_id=129, page_id=16800, browser=Firefox
Testing: csp_id=129, page_id=16900, browser=Firefox
Testing: csp_id=129, page_id=17000, browser=Firefox
Testing: csp_id=129, page_id=17100, browser=Firefox
Testing: csp_id=129, page_id=17200, browser=Firefox
Testing: csp_id=129, page_id=17300, browser=Firefox
Testing: csp_id=129, page_id=17400, browser=Firefox
Testing: csp_id=129, page_id=17500, browser=Firefox
Testing: csp_id=129, page_id=17600, browser=Firefox
Testing: csp_id=129, page_id=17700, browser=Firefox
Testing: csp_id=129, page_id=17800, browser=Firefox
Testing: csp_id=129, page_id=17900, browser=Firefox
Testing: csp_id=129, page_id=18000, browser=Firefox
Testing: csp_id=129, page_id=18100, browser=Firefox
Testing: csp_id=129, page_id=18200, browser=Firefox
Testing: csp_id=129, page_id=18300, browser=Firefox
Testing: csp_id=129, page_id=18400, browser=Firefox
Testing: csp_id=129, page_id=18500, browser=Firefox
Testing: csp_id=129, page_id=18600, browser=Firefox
Testing: csp_id=129, page_id=18700, browser=Firefox
Testing: csp_id=129, page_id=18800, browser=Firefox
Testing: csp_id=129, page_id=18900, browser=Firefox
Testing: csp_id=129, page_id=19000, browser=Firefox
Testing: csp_id=129, page_id=19100, browser=Firefox
Testing: csp_id=129, page_id=19200, browser=Firefox
Testing: csp_id=129, page_id=19300, browser=Firefox
Testing: csp_id=129, page_id=19400, browser=Firefox
Testing: csp_id=129, page_id=19500, browser=Firefox
Testing: csp_id=129, page_id=19600, browser=Firefox
Testing: csp_id=129, page_id=19700, browser=Firefox
Testing: csp_id=129, page_id=19800, browser=Firefox
Testing: csp_id=129, page_id=19900, browser=Firefox
Testing: csp_id=129, page_id=20000, browser=Firefox
Testing: csp_id=129, page_id=20100, browser=Firefox
Testing: csp_id=129, page_id=20200, browser=Firefox
Testing: csp_id=129, page_id=20300, browser=Firefox
Testing: csp_id=129, page_id=20400, browser=Firefox
Testing: csp_id=129, page_id=20500, browser=Firefox
Testing: csp_id=129, page_id=20600, browser=Firefox
Testing: csp_id=129, page_id=20700, browser=Firefox
Testing: csp_id=129, page_id=20800, browser=Firefox
Testing: csp_id=129, page_id=20900, browser=Firefox
Testing: csp_id=129, page_id=21000, browser=Firefox
Testing: csp_id=129, page_id=21100, browser=Firefox
Testing: csp_id=129, page_id=21200, browser=Firefox
Testing: csp_id=129, page_id=21300, browser=Firefox
Testing: csp_id=129, page_id=21400, browser=Firefox
Testing: csp_id=129, page_id=21500, browser=Firefox
Testing: csp_id=129, page_id=21600, browser=Firefox
Testing: csp_id=129, page_id=21700, browser=Firefox
Testing: csp_id=129, page_id=21800, browser=Firefox
Testing: csp_id=129, page_id=21900, browser=Firefox
Testing: csp_id=129, page_id=22000, browser=Firefox
Testing: csp_id=129, page_id=22100, browser=Firefox
Testing: csp_id=129, page_id=22200, browser=Firefox
Testing: csp_id=129, page_id=22300, browser=Firefox
Testing: csp_id=129, page_id=22400, browser=Firefox
Testing: csp_id=129, page_id=22500, browser=Firefox
Testing: csp_id=129, page_id=22600, browser=Firefox
Testing: csp_id=129, page_id=22700, browser=Firefox
Testing: csp_id=129, page_id=22800, browser=Firefox
Testing: csp_id=129, page_id=22900, browser=Firefox
Testing: csp_id=129, page_id=23000, browser=Firefox
Testing: csp_id=129, page_id=23100, browser=Firefox
Testing: csp_id=129, page_id=23200, browser=Firefox
Testing: csp_id=129, page_id=23300, browser=Firefox
Testing: csp_id=129, page_id=23400, browser=Firefox
Testing: csp_id=129, page_id=23500, browser=Firefox
Testing: csp_id=129, page_id=23600, browser=Firefox
Testing: csp_id=129, page_id=23700, browser=Firefox
Testing: csp_id=129, page_id=23800, browser=Firefox
Testing: csp_id=129, page_id=23900, browser=Firefox
Testing: csp_id=129, page_id=24000, browser=Firefox
Testing: csp_id=129, page_id=24100, browser=Firefox
Testing: csp_id=129, page_id=24200, browser=Firefox
Testing: csp_id=129, page_id=24300, browser=Firefox
Testing: csp_id=129, page_id=24400, browser=Firefox
Testing: csp_id=129, page_id=24500, browser=Firefox
Testing: csp_id=129, page_id=24600, browser=Firefox
Testing: csp_id=129, page_id=24700, browser=Firefox
Testing: csp_id=129, page_id=24800, browser=Firefox
Testing: csp_id=129, page_id=24900, browser=Firefox
Testing: csp_id=129, page_id=25000, browser=Firefox
Testing: csp_id=129, page_id=25100, browser=Firefox
Testing: csp_id=129, page_id=25200, browser=Firefox
Testing: csp_id=129, page_id=25300, browser=Firefox
Testing: csp_id=129, page_id=25400, browser=Firefox
Testing: csp_id=129, page_id=25500, browser=Firefox
Testing: csp_id=129, page_id=25600, browser=Firefox
Testing: csp_id=129, page_id=25700, browser=Firefox
Testing: csp_id=129, page_id=25800, browser=Firefox
Testing: csp_id=129, page_id=25900, browser=Firefox
Testing: csp_id=129, page_id=26000, browser=Firefox
Testing: csp_id=129, page_id=26100, browser=Firefox
Testing: csp_id=129, page_id=26200, browser=Firefox
Testing: csp_id=129, page_id=26300, browser=Firefox
Testing: csp_id=129, page_id=26400, browser=Firefox
Testing: csp_id=129, page_id=26500, browser=Firefox
Testing: csp_id=129, page_id=26600, browser=Firefox
Testing: csp_id=129, page_id=26700, browser=Firefox
Testing: csp_id=129, page_id=26800, browser=Firefox
Testing: csp_id=129, page_id=26900, browser=Firefox
Testing: csp_id=129, page_id=27000, browser=Firefox
Testing: csp_id=129, page_id=27100, browser=Firefox
Testing: csp_id=129, page_id=27200, browser=Firefox
Testing: csp_id=129, page_id=27300, browser=Firefox
Testing: csp_id=129, page_id=27400, browser=Firefox
Testing: csp_id=129, page_id=27500, browser=Firefox
Testing: csp_id=129, page_id=27600, browser=Firefox
Testing: csp_id=129, page_id=27700, browser=Firefox
Testing: csp_id=129, page_id=27800, browser=Firefox
Testing: csp_id=129, page_id=27900, browser=Firefox
Testing: csp_id=129, page_id=28000, browser=Firefox
Testing: csp_id=129, page_id=28100, browser=Firefox
Testing: csp_id=129, page_id=28200, browser=Firefox
Testing: csp_id=129, page_id=28300, browser=Firefox
Testing: csp_id=129, page_id=28400, browser=Firefox
Testing: csp_id=129, page_id=28500, browser=Firefox
Testing: csp_id=129, page_id=28600, browser=Firefox
Testing: csp_id=129, page_id=28700, browser=Firefox
Testing: csp_id=129, page_id=28800, browser=Firefox
Testing: csp_id=129, page_id=28900, browser=Firefox
Testing: csp_id=129, page_id=29000, browser=Firefox
Testing: csp_id=129, page_id=29100, browser=Firefox
Testing: csp_id=129, page_id=29200, browser=Firefox
Testing: csp_id=129, page_id=29300, browser=Firefox
Testing: csp_id=129, page_id=29400, browser=Firefox
Testing: csp_id=129, page_id=29500, browser=Firefox
Testing: csp_id=129, page_id=29600, browser=Firefox
Testing: csp_id=129, page_id=29700, browser=Firefox
Testing: csp_id=129, page_id=29800, browser=Firefox
🏊 create_context_pools[first] (5x16): 26.048s
Testing: csp_id=138, page_id=0, browser=Firefox
Testing: csp_id=138, page_id=100, browser=Firefox
Testing: csp_id=138, page_id=200, browser=Firefox
Testing: csp_id=138, page_id=300, browser=Firefox
Testing: csp_id=138, page_id=400, browser=Firefox
Testing: csp_id=138, page_id=500, browser=Firefox
Testing: csp_id=138, page_id=600, browser=Firefox
Testing: csp_id=138, page_id=700, browser=Firefox
Testing: csp_id=138, page_id=800, browser=Firefox
Testing: csp_id=138, page_id=900, browser=Firefox
Testing: csp_id=138, page_id=1000, browser=Firefox
Testing: csp_id=138, page_id=1100, browser=Firefox
Testing: csp_id=138, page_id=1200, browser=Firefox
Testing: csp_id=138, page_id=1300, browser=Firefox
Testing: csp_id=138, page_id=1400, browser=Firefox
Testing: csp_id=138, page_id=1500, browser=Firefox
Testing: csp_id=138, page_id=1600, browser=Firefox
Testing: csp_id=138, page_id=1700, browser=Firefox
Testing: csp_id=138, page_id=1800, browser=Firefox
Testing: csp_id=138, page_id=1900, browser=Firefox
Testing: csp_id=138, page_id=2000, browser=Firefox
Testing: csp_id=138, page_id=2100, browser=Firefox
Testing: csp_id=138, page_id=2200, browser=Firefox
Testing: csp_id=138, page_id=2300, browser=Firefox
Testing: csp_id=138, page_id=2400, browser=Firefox
Testing: csp_id=138, page_id=2500, browser=Firefox
Testing: csp_id=138, page_id=2600, browser=Firefox
Testing: csp_id=138, page_id=2700, browser=Firefox
Testing: csp_id=138, page_id=2800, browser=Firefox
Testing: csp_id=138, page_id=2900, browser=Firefox
Testing: csp_id=138, page_id=3000, browser=Firefox
Testing: csp_id=138, page_id=3100, browser=Firefox
Testing: csp_id=138, page_id=3200, browser=Firefox
Testing: csp_id=138, page_id=3300, browser=Firefox
Testing: csp_id=138, page_id=3400, browser=Firefox
Testing: csp_id=138, page_id=3500, browser=Firefox
Testing: csp_id=138, page_id=3600, browser=Firefox
Testing: csp_id=138, page_id=3700, browser=Firefox
Testing: csp_id=138, page_id=3800, browser=Firefox
Testing: csp_id=138, page_id=3900, browser=Firefox
Testing: csp_id=138, page_id=4000, browser=Firefox
Testing: csp_id=138, page_id=4100, browser=Firefox
Testing: csp_id=138, page_id=4200, browser=Firefox
Testing: csp_id=138, page_id=4300, browser=Firefox
Testing: csp_id=138, page_id=4400, browser=Firefox
Testing: csp_id=138, page_id=4500, browser=Firefox
Testing: csp_id=138, page_id=4600, browser=Firefox
Testing: csp_id=138, page_id=4700, browser=Firefox
Testing: csp_id=138, page_id=4800, browser=Firefox
Testing: csp_id=138, page_id=4900, browser=Firefox
Testing: csp_id=138, page_id=5000, browser=Firefox
Testing: csp_id=138, page_id=5100, browser=Firefox
Testing: csp_id=138, page_id=5200, browser=Firefox
Testing: csp_id=138, page_id=5300, browser=Firefox
Testing: csp_id=138, page_id=5400, browser=Firefox
Testing: csp_id=138, page_id=5500, browser=Firefox
Testing: csp_id=138, page_id=5600, browser=Firefox
Testing: csp_id=138, page_id=5700, browser=Firefox
Testing: csp_id=138, page_id=5800, browser=Firefox
Testing: csp_id=138, page_id=5900, browser=Firefox
Testing: csp_id=138, page_id=6000, browser=Firefox
Testing: csp_id=138, page_id=6100, browser=Firefox
Testing: csp_id=138, page_id=6200, browser=Firefox
Testing: csp_id=138, page_id=6300, browser=Firefox
Testing: csp_id=138, page_id=6400, browser=Firefox
Testing: csp_id=138, page_id=6500, browser=Firefox
Testing: csp_id=138, page_id=6600, browser=Firefox
Testing: csp_id=138, page_id=6700, browser=Firefox
Testing: csp_id=138, page_id=6800, browser=Firefox
Testing: csp_id=138, page_id=6900, browser=Firefox
Testing: csp_id=138, page_id=7000, browser=Firefox
Testing: csp_id=138, page_id=7100, browser=Firefox
Testing: csp_id=138, page_id=7200, browser=Firefox
Testing: csp_id=138, page_id=7300, browser=Firefox
Testing: csp_id=138, page_id=7400, browser=Firefox
Testing: csp_id=138, page_id=7500, browser=Firefox
Testing: csp_id=138, page_id=7600, browser=Firefox
Testing: csp_id=138, page_id=7700, browser=Firefox
Testing: csp_id=138, page_id=7800, browser=Firefox
Testing: csp_id=138, page_id=7900, browser=Firefox
Testing: csp_id=138, page_id=8000, browser=Firefox
Testing: csp_id=138, page_id=8100, browser=Firefox
Testing: csp_id=138, page_id=8200, browser=Firefox
Testing: csp_id=138, page_id=8300, browser=Firefox
Testing: csp_id=138, page_id=8400, browser=Firefox
Testing: csp_id=138, page_id=8500, browser=Firefox
Testing: csp_id=138, page_id=8600, browser=Firefox
Testing: csp_id=138, page_id=8700, browser=Firefox
Testing: csp_id=138, page_id=8800, browser=Firefox
Testing: csp_id=138, page_id=8900, browser=Firefox
Testing: csp_id=138, page_id=9000, browser=Firefox
Testing: csp_id=138, page_id=9100, browser=Firefox
Testing: csp_id=138, page_id=9200, browser=Firefox
Testing: csp_id=138, page_id=9300, browser=Firefox
Testing: csp_id=138, page_id=9400, browser=Firefox
Testing: csp_id=138, page_id=9500, browser=Firefox
Testing: csp_id=138, page_id=9600, browser=Firefox
Testing: csp_id=138, page_id=9700, browser=Firefox
Testing: csp_id=138, page_id=9800, browser=Firefox
Testing: csp_id=138, page_id=9900, browser=Firefox
Testing: csp_id=138, page_id=10000, browser=Firefox
Testing: csp_id=138, page_id=10100, browser=Firefox
Testing: csp_id=138, page_id=10200, browser=Firefox
Testing: csp_id=138, page_id=10300, browser=Firefox
Testing: csp_id=138, page_id=10400, browser=Firefox
Testing: csp_id=138, page_id=10500, browser=Firefox
Testing: csp_id=138, page_id=10600, browser=Firefox
Testing: csp_id=138, page_id=10700, browser=Firefox
Testing: csp_id=138, page_id=10800, browser=Firefox
Testing: csp_id=138, page_id=10900, browser=Firefox
Testing: csp_id=138, page_id=11000, browser=Firefox
Testing: csp_id=138, page_id=11100, browser=Firefox
Testing: csp_id=138, page_id=11200, browser=Firefox
Testing: csp_id=138, page_id=11300, browser=Firefox
Testing: csp_id=138, page_id=11400, browser=Firefox
Testing: csp_id=138, page_id=11500, browser=Firefox
Testing: csp_id=138, page_id=11600, browser=Firefox
Testing: csp_id=138, page_id=11700, browser=Firefox
Testing: csp_id=138, page_id=11800, browser=Firefox
Testing: csp_id=138, page_id=11900, browser=Firefox
Testing: csp_id=138, page_id=12000, browser=Firefox
Testing: csp_id=138, page_id=12100, browser=Firefox
Testing: csp_id=138, page_id=12200, browser=Firefox
Testing: csp_id=138, page_id=12300, browser=Firefox
Testing: csp_id=138, page_id=12400, browser=Firefox
Testing: csp_id=138, page_id=12500, browser=Firefox
Testing: csp_id=138, page_id=12600, browser=Firefox
Testing: csp_id=138, page_id=12700, browser=Firefox
Testing: csp_id=138, page_id=12800, browser=Firefox
Testing: csp_id=138, page_id=12900, browser=Firefox
Testing: csp_id=138, page_id=13000, browser=Firefox
Testing: csp_id=138, page_id=13100, browser=Firefox
Testing: csp_id=138, page_id=13200, browser=Firefox
Testing: csp_id=138, page_id=13300, browser=Firefox
Testing: csp_id=138, page_id=13400, browser=Firefox
Testing: csp_id=138, page_id=13500, browser=Firefox
Testing: csp_id=138, page_id=13600, browser=Firefox
Testing: csp_id=138, page_id=13700, browser=Firefox
Testing: csp_id=138, page_id=13800, browser=Firefox
Testing: csp_id=138, page_id=13900, browser=Firefox
Testing: csp_id=138, page_id=14000, browser=Firefox
Testing: csp_id=138, page_id=14100, browser=Firefox
Testing: csp_id=138, page_id=14200, browser=Firefox
Testing: csp_id=138, page_id=14300, browser=Firefox
Testing: csp_id=138, page_id=14400, browser=Firefox
Testing: csp_id=138, page_id=14500, browser=Firefox
Testing: csp_id=138, page_id=14600, browser=Firefox
Testing: csp_id=138, page_id=14700, browser=Firefox
Testing: csp_id=138, page_id=14800, browser=Firefox
Testing: csp_id=138, page_id=14900, browser=Firefox
Testing: csp_id=138, page_id=15000, browser=Firefox
Testing: csp_id=138, page_id=15100, browser=Firefox
Testing: csp_id=138, page_id=15200, browser=Firefox
Testing: csp_id=138, page_id=15300, browser=Firefox
Testing: csp_id=138, page_id=15400, browser=Firefox
Testing: csp_id=138, page_id=15500, browser=Firefox
Testing: csp_id=138, page_id=15600, browser=Firefox
Testing: csp_id=138, page_id=15700, browser=Firefox
Testing: csp_id=138, page_id=15800, browser=Firefox
Testing: csp_id=138, page_id=15900, browser=Firefox
Testing: csp_id=138, page_id=16000, browser=Firefox
Testing: csp_id=138, page_id=16100, browser=Firefox
Testing: csp_id=138, page_id=16200, browser=Firefox
Testing: csp_id=138, page_id=16300, browser=Firefox
Testing: csp_id=138, page_id=16400, browser=Firefox
Testing: csp_id=138, page_id=16500, browser=Firefox
Testing: csp_id=138, page_id=16600, browser=Firefox
Testing: csp_id=138, page_id=16700, browser=Firefox
Testing: csp_id=138, page_id=16800, browser=Firefox
Testing: csp_id=138, page_id=16900, browser=Firefox
Testing: csp_id=138, page_id=17000, browser=Firefox
Testing: csp_id=138, page_id=17100, browser=Firefox
Testing: csp_id=138, page_id=17200, browser=Firefox
Testing: csp_id=138, page_id=17300, browser=Firefox
Testing: csp_id=138, page_id=17400, browser=Firefox
Testing: csp_id=138, page_id=17500, browser=Firefox
Testing: csp_id=138, page_id=17600, browser=Firefox
Testing: csp_id=138, page_id=17700, browser=Firefox
Testing: csp_id=138, page_id=17800, browser=Firefox
Testing: csp_id=138, page_id=17900, browser=Firefox
Testing: csp_id=138, page_id=18000, browser=Firefox
Testing: csp_id=138, page_id=18100, browser=Firefox
Testing: csp_id=138, page_id=18200, browser=Firefox
Testing: csp_id=138, page_id=18300, browser=Firefox
Testing: csp_id=138, page_id=18400, browser=Firefox
Testing: csp_id=138, page_id=18500, browser=Firefox
Testing: csp_id=138, page_id=18600, browser=Firefox
Testing: csp_id=138, page_id=18700, browser=Firefox
Testing: csp_id=138, page_id=18800, browser=Firefox
Testing: csp_id=138, page_id=18900, browser=Firefox
Testing: csp_id=138, page_id=19000, browser=Firefox
Testing: csp_id=138, page_id=19100, browser=Firefox
Testing: csp_id=138, page_id=19200, browser=Firefox
Testing: csp_id=138, page_id=19300, browser=Firefox
Testing: csp_id=138, page_id=19400, browser=Firefox
Testing: csp_id=138, page_id=19500, browser=Firefox
Testing: csp_id=138, page_id=19600, browser=Firefox
Testing: csp_id=138, page_id=19700, browser=Firefox
Testing: csp_id=138, page_id=19800, browser=Firefox
Testing: csp_id=138, page_id=19900, browser=Firefox
Testing: csp_id=138, page_id=20000, browser=Firefox
Testing: csp_id=138, page_id=20100, browser=Firefox
Testing: csp_id=138, page_id=20200, browser=Firefox
Testing: csp_id=138, page_id=20300, browser=Firefox
Testing: csp_id=138, page_id=20400, browser=Firefox
Testing: csp_id=138, page_id=20500, browser=Firefox
Testing: csp_id=138, page_id=20600, browser=Firefox
Testing: csp_id=138, page_id=20700, browser=Firefox
Testing: csp_id=138, page_id=20800, browser=Firefox
Testing: csp_id=138, page_id=20900, browser=Firefox
Testing: csp_id=138, page_id=21000, browser=Firefox
Testing: csp_id=138, page_id=21100, browser=Firefox
Testing: csp_id=138, page_id=21200, browser=Firefox
Testing: csp_id=138, page_id=21300, browser=Firefox
Testing: csp_id=138, page_id=21400, browser=Firefox
Testing: csp_id=138, page_id=21500, browser=Firefox
Testing: csp_id=138, page_id=21600, browser=Firefox
Testing: csp_id=138, page_id=21700, browser=Firefox
Testing: csp_id=138, page_id=21800, browser=Firefox
Testing: csp_id=138, page_id=21900, browser=Firefox
Testing: csp_id=138, page_id=22000, browser=Firefox
Testing: csp_id=138, page_id=22100, browser=Firefox
Testing: csp_id=138, page_id=22200, browser=Firefox
Testing: csp_id=138, page_id=22300, browser=Firefox
Testing: csp_id=138, page_id=22400, browser=Firefox
Testing: csp_id=138, page_id=22500, browser=Firefox
Testing: csp_id=138, page_id=22600, browser=Firefox
Testing: csp_id=138, page_id=22700, browser=Firefox
Testing: csp_id=138, page_id=22800, browser=Firefox
Testing: csp_id=138, page_id=22900, browser=Firefox
Testing: csp_id=138, page_id=23000, browser=Firefox
Testing: csp_id=138, page_id=23100, browser=Firefox
Testing: csp_id=138, page_id=23200, browser=Firefox
Testing: csp_id=138, page_id=23300, browser=Firefox
Testing: csp_id=138, page_id=23400, browser=Firefox
Testing: csp_id=138, page_id=23500, browser=Firefox
Testing: csp_id=138, page_id=23600, browser=Firefox
Testing: csp_id=138, page_id=23700, browser=Firefox
Testing: csp_id=138, page_id=23800, browser=Firefox
Testing: csp_id=138, page_id=23900, browser=Firefox
Testing: csp_id=138, page_id=24000, browser=Firefox
Testing: csp_id=138, page_id=24100, browser=Firefox
Testing: csp_id=138, page_id=24200, browser=Firefox
Testing: csp_id=138, page_id=24300, browser=Firefox
Testing: csp_id=138, page_id=24400, browser=Firefox
Testing: csp_id=138, page_id=24500, browser=Firefox
Testing: csp_id=138, page_id=24600, browser=Firefox
Testing: csp_id=138, page_id=24700, browser=Firefox
Testing: csp_id=138, page_id=24800, browser=Firefox
Testing: csp_id=138, page_id=24900, browser=Firefox
Testing: csp_id=138, page_id=25000, browser=Firefox
Testing: csp_id=138, page_id=25100, browser=Firefox
Testing: csp_id=138, page_id=25200, browser=Firefox
Testing: csp_id=138, page_id=25300, browser=Firefox
Testing: csp_id=138, page_id=25400, browser=Firefox
Testing: csp_id=138, page_id=25500, browser=Firefox
Testing: csp_id=138, page_id=25600, browser=Firefox
Testing: csp_id=138, page_id=25700, browser=Firefox
Testing: csp_id=138, page_id=25800, browser=Firefox
Testing: csp_id=138, page_id=25900, browser=Firefox
Testing: csp_id=138, page_id=26000, browser=Firefox
Testing: csp_id=138, page_id=26100, browser=Firefox
Testing: csp_id=138, page_id=26200, browser=Firefox
Testing: csp_id=138, page_id=26300, browser=Firefox
Testing: csp_id=138, page_id=26400, browser=Firefox
Testing: csp_id=138, page_id=26500, browser=Firefox
Testing: csp_id=138, page_id=26600, browser=Firefox
Testing: csp_id=138, page_id=26700, browser=Firefox
Testing: csp_id=138, page_id=26800, browser=Firefox
Testing: csp_id=138, page_id=26900, browser=Firefox
Testing: csp_id=138, page_id=27000, browser=Firefox
Testing: csp_id=138, page_id=27100, browser=Firefox
Testing: csp_id=138, page_id=27200, browser=Firefox
Testing: csp_id=138, page_id=27300, browser=Firefox
Testing: csp_id=138, page_id=27400, browser=Firefox
Testing: csp_id=138, page_id=27500, browser=Firefox
Testing: csp_id=138, page_id=27600, browser=Firefox
Testing: csp_id=138, page_id=27700, browser=Firefox
Testing: csp_id=138, page_id=27800, browser=Firefox
Testing: csp_id=138, page_id=27900, browser=Firefox
Testing: csp_id=138, page_id=28000, browser=Firefox
Testing: csp_id=138, page_id=28100, browser=Firefox
Testing: csp_id=138, page_id=28200, browser=Firefox
Testing: csp_id=138, page_id=28300, browser=Firefox
Testing: csp_id=138, page_id=28400, browser=Firefox
Testing: csp_id=138, page_id=28500, browser=Firefox
Testing: csp_id=138, page_id=28600, browser=Firefox
Testing: csp_id=138, page_id=28700, browser=Firefox
Testing: csp_id=138, page_id=28800, browser=Firefox
Testing: csp_id=138, page_id=28900, browser=Firefox
Testing: csp_id=138, page_id=29000, browser=Firefox
Testing: csp_id=138, page_id=29100, browser=Firefox
Testing: csp_id=138, page_id=29200, browser=Firefox
Testing: csp_id=138, page_id=29300, browser=Firefox
Testing: csp_id=138, page_id=29400, browser=Firefox
Testing: csp_id=138, page_id=29500, browser=Firefox
Testing: csp_id=138, page_id=29600, browser=Firefox
Testing: csp_id=138, page_id=29700, browser=Firefox
Testing: csp_id=138, page_id=29800, browser=Firefox
🏊 create_context_pools[first] (5x16): 32.027s
Testing: csp_id=149, page_id=0, browser=Firefox
Testing: csp_id=149, page_id=100, browser=Firefox
Testing: csp_id=149, page_id=200, browser=Firefox
Testing: csp_id=149, page_id=300, browser=Firefox
Testing: csp_id=149, page_id=400, browser=Firefox
Testing: csp_id=149, page_id=500, browser=Firefox
Testing: csp_id=149, page_id=600, browser=Firefox
Testing: csp_id=149, page_id=700, browser=Firefox
Testing: csp_id=149, page_id=800, browser=Firefox
Testing: csp_id=149, page_id=900, browser=Firefox
Testing: csp_id=149, page_id=1000, browser=Firefox
Testing: csp_id=149, page_id=1100, browser=Firefox
Testing: csp_id=149, page_id=1200, browser=Firefox
Testing: csp_id=149, page_id=1300, browser=Firefox
Testing: csp_id=149, page_id=1400, browser=Firefox
Testing: csp_id=149, page_id=1500, browser=Firefox
Testing: csp_id=149, page_id=1600, browser=Firefox
Testing: csp_id=149, page_id=1700, browser=Firefox
Testing: csp_id=149, page_id=1800, browser=Firefox
Testing: csp_id=149, page_id=1900, browser=Firefox
Testing: csp_id=149, page_id=2000, browser=Firefox
Testing: csp_id=149, page_id=2100, browser=Firefox
Testing: csp_id=149, page_id=2200, browser=Firefox
Testing: csp_id=149, page_id=2300, browser=Firefox
Testing: csp_id=149, page_id=2400, browser=Firefox
Testing: csp_id=149, page_id=2500, browser=Firefox
Testing: csp_id=149, page_id=2600, browser=Firefox
Testing: csp_id=149, page_id=2700, browser=Firefox
Testing: csp_id=149, page_id=2800, browser=Firefox
Testing: csp_id=149, page_id=2900, browser=Firefox
Testing: csp_id=149, page_id=3000, browser=Firefox
Testing: csp_id=149, page_id=3100, browser=Firefox
Testing: csp_id=149, page_id=3200, browser=Firefox
Testing: csp_id=149, page_id=3300, browser=Firefox
Testing: csp_id=149, page_id=3400, browser=Firefox
Testing: csp_id=149, page_id=3500, browser=Firefox
Testing: csp_id=149, page_id=3600, browser=Firefox
Testing: csp_id=149, page_id=3700, browser=Firefox
Testing: csp_id=149, page_id=3800, browser=Firefox
Testing: csp_id=149, page_id=3900, browser=Firefox
Testing: csp_id=149, page_id=4000, browser=Firefox
Testing: csp_id=149, page_id=4100, browser=Firefox
Testing: csp_id=149, page_id=4200, browser=Firefox
Testing: csp_id=149, page_id=4300, browser=Firefox
Testing: csp_id=149, page_id=4400, browser=Firefox
Testing: csp_id=149, page_id=4500, browser=Firefox
Testing: csp_id=149, page_id=4600, browser=Firefox
Testing: csp_id=149, page_id=4700, browser=Firefox
Testing: csp_id=149, page_id=4800, browser=Firefox
Testing: csp_id=149, page_id=4900, browser=Firefox
Testing: csp_id=149, page_id=5000, browser=Firefox
Testing: csp_id=149, page_id=5100, browser=Firefox
Testing: csp_id=149, page_id=5200, browser=Firefox
Testing: csp_id=149, page_id=5300, browser=Firefox
Testing: csp_id=149, page_id=5400, browser=Firefox
Testing: csp_id=149, page_id=5500, browser=Firefox
Testing: csp_id=149, page_id=5600, browser=Firefox
Testing: csp_id=149, page_id=5700, browser=Firefox
Testing: csp_id=149, page_id=5800, browser=Firefox
Testing: csp_id=149, page_id=5900, browser=Firefox
Testing: csp_id=149, page_id=6000, browser=Firefox
Testing: csp_id=149, page_id=6100, browser=Firefox
Testing: csp_id=149, page_id=6200, browser=Firefox
Testing: csp_id=149, page_id=6300, browser=Firefox
Testing: csp_id=149, page_id=6400, browser=Firefox
Testing: csp_id=149, page_id=6500, browser=Firefox
Testing: csp_id=149, page_id=6600, browser=Firefox
Testing: csp_id=149, page_id=6700, browser=Firefox
Testing: csp_id=149, page_id=6800, browser=Firefox
Testing: csp_id=149, page_id=6900, browser=Firefox
Testing: csp_id=149, page_id=7000, browser=Firefox
Testing: csp_id=149, page_id=7100, browser=Firefox
Testing: csp_id=149, page_id=7200, browser=Firefox
Testing: csp_id=149, page_id=7300, browser=Firefox
Testing: csp_id=149, page_id=7400, browser=Firefox
Testing: csp_id=149, page_id=7500, browser=Firefox
Testing: csp_id=149, page_id=7600, browser=Firefox
Testing: csp_id=149, page_id=7700, browser=Firefox
Testing: csp_id=149, page_id=7800, browser=Firefox
Testing: csp_id=149, page_id=7900, browser=Firefox
Testing: csp_id=149, page_id=8000, browser=Firefox
Testing: csp_id=149, page_id=8100, browser=Firefox
Testing: csp_id=149, page_id=8200, browser=Firefox
Testing: csp_id=149, page_id=8300, browser=Firefox
Testing: csp_id=149, page_id=8400, browser=Firefox
Testing: csp_id=149, page_id=8500, browser=Firefox
Testing: csp_id=149, page_id=8600, browser=Firefox
Testing: csp_id=149, page_id=8700, browser=Firefox
Testing: csp_id=149, page_id=8800, browser=Firefox
Testing: csp_id=149, page_id=8900, browser=Firefox
Testing: csp_id=149, page_id=9000, browser=Firefox
Testing: csp_id=149, page_id=9100, browser=Firefox
Testing: csp_id=149, page_id=9200, browser=Firefox
Testing: csp_id=149, page_id=9300, browser=Firefox
Testing: csp_id=149, page_id=9400, browser=Firefox
Testing: csp_id=149, page_id=9500, browser=Firefox
Testing: csp_id=149, page_id=9600, browser=Firefox
Testing: csp_id=149, page_id=9700, browser=Firefox
Testing: csp_id=149, page_id=9800, browser=Firefox
Testing: csp_id=149, page_id=9900, browser=Firefox
Testing: csp_id=149, page_id=10000, browser=Firefox
Testing: csp_id=149, page_id=10100, browser=Firefox
Testing: csp_id=149, page_id=10200, browser=Firefox
Testing: csp_id=149, page_id=10300, browser=Firefox
Testing: csp_id=149, page_id=10400, browser=Firefox
Testing: csp_id=149, page_id=10500, browser=Firefox
Testing: csp_id=149, page_id=10600, browser=Firefox
Testing: csp_id=149, page_id=10700, browser=Firefox
Testing: csp_id=149, page_id=10800, browser=Firefox
Testing: csp_id=149, page_id=10900, browser=Firefox
Testing: csp_id=149, page_id=11000, browser=Firefox
Testing: csp_id=149, page_id=11100, browser=Firefox
Testing: csp_id=149, page_id=11200, browser=Firefox
Testing: csp_id=149, page_id=11300, browser=Firefox
Testing: csp_id=149, page_id=11400, browser=Firefox
Testing: csp_id=149, page_id=11500, browser=Firefox
Testing: csp_id=149, page_id=11600, browser=Firefox
Testing: csp_id=149, page_id=11700, browser=Firefox
Testing: csp_id=149, page_id=11800, browser=Firefox
Testing: csp_id=149, page_id=11900, browser=Firefox
Testing: csp_id=149, page_id=12000, browser=Firefox
Testing: csp_id=149, page_id=12100, browser=Firefox
Testing: csp_id=149, page_id=12200, browser=Firefox
Testing: csp_id=149, page_id=12300, browser=Firefox
Testing: csp_id=149, page_id=12400, browser=Firefox
Testing: csp_id=149, page_id=12500, browser=Firefox
Testing: csp_id=149, page_id=12600, browser=Firefox
Testing: csp_id=149, page_id=12700, browser=Firefox
Testing: csp_id=149, page_id=12800, browser=Firefox
Testing: csp_id=149, page_id=12900, browser=Firefox
Testing: csp_id=149, page_id=13000, browser=Firefox
Testing: csp_id=149, page_id=13100, browser=Firefox
Testing: csp_id=149, page_id=13200, browser=Firefox
Testing: csp_id=149, page_id=13300, browser=Firefox
Testing: csp_id=149, page_id=13400, browser=Firefox
Testing: csp_id=149, page_id=13500, browser=Firefox
Testing: csp_id=149, page_id=13600, browser=Firefox
Testing: csp_id=149, page_id=13700, browser=Firefox
Testing: csp_id=149, page_id=13800, browser=Firefox
Testing: csp_id=149, page_id=13900, browser=Firefox
Testing: csp_id=149, page_id=14000, browser=Firefox
Testing: csp_id=149, page_id=14100, browser=Firefox
Testing: csp_id=149, page_id=14200, browser=Firefox
Testing: csp_id=149, page_id=14300, browser=Firefox
Testing: csp_id=149, page_id=14400, browser=Firefox
Testing: csp_id=149, page_id=14500, browser=Firefox
Testing: csp_id=149, page_id=14600, browser=Firefox
Testing: csp_id=149, page_id=14700, browser=Firefox
Testing: csp_id=149, page_id=14800, browser=Firefox
Testing: csp_id=149, page_id=14900, browser=Firefox
Testing: csp_id=149, page_id=15000, browser=Firefox
Testing: csp_id=149, page_id=15100, browser=Firefox
Testing: csp_id=149, page_id=15200, browser=Firefox
Testing: csp_id=149, page_id=15300, browser=Firefox
Testing: csp_id=149, page_id=15400, browser=Firefox
Testing: csp_id=149, page_id=15500, browser=Firefox
Testing: csp_id=149, page_id=15600, browser=Firefox
Testing: csp_id=149, page_id=15700, browser=Firefox
Testing: csp_id=149, page_id=15800, browser=Firefox
Testing: csp_id=149, page_id=15900, browser=Firefox
Testing: csp_id=149, page_id=16000, browser=Firefox
Testing: csp_id=149, page_id=16100, browser=Firefox
Testing: csp_id=149, page_id=16200, browser=Firefox
Testing: csp_id=149, page_id=16300, browser=Firefox
Testing: csp_id=149, page_id=16400, browser=Firefox
Testing: csp_id=149, page_id=16500, browser=Firefox
Testing: csp_id=149, page_id=16600, browser=Firefox
Testing: csp_id=149, page_id=16700, browser=Firefox
Testing: csp_id=149, page_id=16800, browser=Firefox
Testing: csp_id=149, page_id=16900, browser=Firefox
Testing: csp_id=149, page_id=17000, browser=Firefox
Testing: csp_id=149, page_id=17100, browser=Firefox
Testing: csp_id=149, page_id=17200, browser=Firefox
Testing: csp_id=149, page_id=17300, browser=Firefox
Testing: csp_id=149, page_id=17400, browser=Firefox
Testing: csp_id=149, page_id=17500, browser=Firefox
Testing: csp_id=149, page_id=17600, browser=Firefox
Testing: csp_id=149, page_id=17700, browser=Firefox
Testing: csp_id=149, page_id=17800, browser=Firefox
Testing: csp_id=149, page_id=17900, browser=Firefox
Testing: csp_id=149, page_id=18000, browser=Firefox
Testing: csp_id=149, page_id=18100, browser=Firefox
Testing: csp_id=149, page_id=18200, browser=Firefox
Testing: csp_id=149, page_id=18300, browser=Firefox
Testing: csp_id=149, page_id=18400, browser=Firefox
Testing: csp_id=149, page_id=18500, browser=Firefox
Testing: csp_id=149, page_id=18600, browser=Firefox
Testing: csp_id=149, page_id=18700, browser=Firefox
Testing: csp_id=149, page_id=18800, browser=Firefox
Testing: csp_id=149, page_id=18900, browser=Firefox
Testing: csp_id=149, page_id=19000, browser=Firefox
Testing: csp_id=149, page_id=19100, browser=Firefox
Testing: csp_id=149, page_id=19200, browser=Firefox
Testing: csp_id=149, page_id=19300, browser=Firefox
Testing: csp_id=149, page_id=19400, browser=Firefox
Testing: csp_id=149, page_id=19500, browser=Firefox
Testing: csp_id=149, page_id=19600, browser=Firefox
Testing: csp_id=149, page_id=19700, browser=Firefox
Testing: csp_id=149, page_id=19800, browser=Firefox
Testing: csp_id=149, page_id=19900, browser=Firefox
Testing: csp_id=149, page_id=20000, browser=Firefox
Testing: csp_id=149, page_id=20100, browser=Firefox
Testing: csp_id=149, page_id=20200, browser=Firefox
Testing: csp_id=149, page_id=20300, browser=Firefox
Testing: csp_id=149, page_id=20400, browser=Firefox
Testing: csp_id=149, page_id=20500, browser=Firefox
Testing: csp_id=149, page_id=20600, browser=Firefox
Testing: csp_id=149, page_id=20700, browser=Firefox
Testing: csp_id=149, page_id=20800, browser=Firefox
Testing: csp_id=149, page_id=20900, browser=Firefox
Testing: csp_id=149, page_id=21000, browser=Firefox
Testing: csp_id=149, page_id=21100, browser=Firefox
Testing: csp_id=149, page_id=21200, browser=Firefox
Testing: csp_id=149, page_id=21300, browser=Firefox
Testing: csp_id=149, page_id=21400, browser=Firefox
Testing: csp_id=149, page_id=21500, browser=Firefox
Testing: csp_id=149, page_id=21600, browser=Firefox
Testing: csp_id=149, page_id=21700, browser=Firefox
Testing: csp_id=149, page_id=21800, browser=Firefox
Testing: csp_id=149, page_id=21900, browser=Firefox
Testing: csp_id=149, page_id=22000, browser=Firefox
Testing: csp_id=149, page_id=22100, browser=Firefox
Testing: csp_id=149, page_id=22200, browser=Firefox
Testing: csp_id=149, page_id=22300, browser=Firefox
Testing: csp_id=149, page_id=22400, browser=Firefox
Testing: csp_id=149, page_id=22500, browser=Firefox
Testing: csp_id=149, page_id=22600, browser=Firefox
Testing: csp_id=149, page_id=22700, browser=Firefox
Testing: csp_id=149, page_id=22800, browser=Firefox
Testing: csp_id=149, page_id=22900, browser=Firefox
Testing: csp_id=149, page_id=23000, browser=Firefox
Testing: csp_id=149, page_id=23100, browser=Firefox
Testing: csp_id=149, page_id=23200, browser=Firefox
Testing: csp_id=149, page_id=23300, browser=Firefox
Testing: csp_id=149, page_id=23400, browser=Firefox
Testing: csp_id=149, page_id=23500, browser=Firefox
Testing: csp_id=149, page_id=23600, browser=Firefox
Testing: csp_id=149, page_id=23700, browser=Firefox
Testing: csp_id=149, page_id=23800, browser=Firefox
Testing: csp_id=149, page_id=23900, browser=Firefox
Testing: csp_id=149, page_id=24000, browser=Firefox
Testing: csp_id=149, page_id=24100, browser=Firefox
Testing: csp_id=149, page_id=24200, browser=Firefox
Testing: csp_id=149, page_id=24300, browser=Firefox
Testing: csp_id=149, page_id=24400, browser=Firefox
Testing: csp_id=149, page_id=24500, browser=Firefox
Testing: csp_id=149, page_id=24600, browser=Firefox
Testing: csp_id=149, page_id=24700, browser=Firefox
Testing: csp_id=149, page_id=24800, browser=Firefox
Testing: csp_id=149, page_id=24900, browser=Firefox
Testing: csp_id=149, page_id=25000, browser=Firefox
Testing: csp_id=149, page_id=25100, browser=Firefox
Testing: csp_id=149, page_id=25200, browser=Firefox
Testing: csp_id=149, page_id=25300, browser=Firefox
Testing: csp_id=149, page_id=25400, browser=Firefox
Testing: csp_id=149, page_id=25500, browser=Firefox
Testing: csp_id=149, page_id=25600, browser=Firefox
Testing: csp_id=149, page_id=25700, browser=Firefox
Testing: csp_id=149, page_id=25800, browser=Firefox
Testing: csp_id=149, page_id=25900, browser=Firefox
Testing: csp_id=149, page_id=26000, browser=Firefox
Testing: csp_id=149, page_id=26100, browser=Firefox
Testing: csp_id=149, page_id=26200, browser=Firefox
Testing: csp_id=149, page_id=26300, browser=Firefox
Testing: csp_id=149, page_id=26400, browser=Firefox
Testing: csp_id=149, page_id=26500, browser=Firefox
Testing: csp_id=149, page_id=26600, browser=Firefox
Testing: csp_id=149, page_id=26700, browser=Firefox
Testing: csp_id=149, page_id=26800, browser=Firefox
Testing: csp_id=149, page_id=26900, browser=Firefox
Testing: csp_id=149, page_id=27000, browser=Firefox
Testing: csp_id=149, page_id=27100, browser=Firefox
Testing: csp_id=149, page_id=27200, browser=Firefox
Testing: csp_id=149, page_id=27300, browser=Firefox
Testing: csp_id=149, page_id=27400, browser=Firefox
Testing: csp_id=149, page_id=27500, browser=Firefox
Testing: csp_id=149, page_id=27600, browser=Firefox
Testing: csp_id=149, page_id=27700, browser=Firefox
Testing: csp_id=149, page_id=27800, browser=Firefox
Testing: csp_id=149, page_id=27900, browser=Firefox
Testing: csp_id=149, page_id=28000, browser=Firefox
Testing: csp_id=149, page_id=28100, browser=Firefox
Testing: csp_id=149, page_id=28200, browser=Firefox
Testing: csp_id=149, page_id=28300, browser=Firefox
Testing: csp_id=149, page_id=28400, browser=Firefox
Testing: csp_id=149, page_id=28500, browser=Firefox
Testing: csp_id=149, page_id=28600, browser=Firefox
Testing: csp_id=149, page_id=28700, browser=Firefox
Testing: csp_id=149, page_id=28800, browser=Firefox
Testing: csp_id=149, page_id=28900, browser=Firefox
Testing: csp_id=149, page_id=29000, browser=Firefox
Testing: csp_id=149, page_id=29100, browser=Firefox
Testing: csp_id=149, page_id=29200, browser=Firefox
Testing: csp_id=149, page_id=29300, browser=Firefox
Testing: csp_id=149, page_id=29400, browser=Firefox
Testing: csp_id=149, page_id=29500, browser=Firefox
Testing: csp_id=149, page_id=29600, browser=Firefox
Testing: csp_id=149, page_id=29700, browser=Firefox
Testing: csp_id=149, page_id=29800, browser=Firefox
🏊 create_context_pools[first] (5x16): 30.866s
Testing: csp_id=150, page_id=0, browser=Firefox
Testing: csp_id=150, page_id=100, browser=Firefox
Testing: csp_id=150, page_id=200, browser=Firefox
Testing: csp_id=150, page_id=300, browser=Firefox
Testing: csp_id=150, page_id=400, browser=Firefox
Testing: csp_id=150, page_id=500, browser=Firefox
Testing: csp_id=150, page_id=600, browser=Firefox
Testing: csp_id=150, page_id=700, browser=Firefox
Testing: csp_id=150, page_id=800, browser=Firefox
Testing: csp_id=150, page_id=900, browser=Firefox
Testing: csp_id=150, page_id=1000, browser=Firefox
Testing: csp_id=150, page_id=1100, browser=Firefox
Testing: csp_id=150, page_id=1200, browser=Firefox
Testing: csp_id=150, page_id=1300, browser=Firefox
Testing: csp_id=150, page_id=1400, browser=Firefox
Testing: csp_id=150, page_id=1500, browser=Firefox
Testing: csp_id=150, page_id=1600, browser=Firefox
Testing: csp_id=150, page_id=1700, browser=Firefox
Testing: csp_id=150, page_id=1800, browser=Firefox
Testing: csp_id=150, page_id=1900, browser=Firefox
Testing: csp_id=150, page_id=2000, browser=Firefox
Testing: csp_id=150, page_id=2100, browser=Firefox
Testing: csp_id=150, page_id=2200, browser=Firefox
Testing: csp_id=150, page_id=2300, browser=Firefox
Testing: csp_id=150, page_id=2400, browser=Firefox
Testing: csp_id=150, page_id=2500, browser=Firefox
Testing: csp_id=150, page_id=2600, browser=Firefox
Testing: csp_id=150, page_id=2700, browser=Firefox
Testing: csp_id=150, page_id=2800, browser=Firefox
Testing: csp_id=150, page_id=2900, browser=Firefox
Testing: csp_id=150, page_id=3000, browser=Firefox
Testing: csp_id=150, page_id=3100, browser=Firefox
Testing: csp_id=150, page_id=3200, browser=Firefox
Testing: csp_id=150, page_id=3300, browser=Firefox
Testing: csp_id=150, page_id=3400, browser=Firefox
Testing: csp_id=150, page_id=3500, browser=Firefox
Testing: csp_id=150, page_id=3600, browser=Firefox
Testing: csp_id=150, page_id=3700, browser=Firefox
Testing: csp_id=150, page_id=3800, browser=Firefox
Testing: csp_id=150, page_id=3900, browser=Firefox
Testing: csp_id=150, page_id=4000, browser=Firefox
Testing: csp_id=150, page_id=4100, browser=Firefox
Testing: csp_id=150, page_id=4200, browser=Firefox
Testing: csp_id=150, page_id=4300, browser=Firefox
Testing: csp_id=150, page_id=4400, browser=Firefox
Testing: csp_id=150, page_id=4500, browser=Firefox
Testing: csp_id=150, page_id=4600, browser=Firefox
Testing: csp_id=150, page_id=4700, browser=Firefox
Testing: csp_id=150, page_id=4800, browser=Firefox
Testing: csp_id=150, page_id=4900, browser=Firefox
Testing: csp_id=150, page_id=5000, browser=Firefox
Testing: csp_id=150, page_id=5100, browser=Firefox
Testing: csp_id=150, page_id=5200, browser=Firefox
Testing: csp_id=150, page_id=5300, browser=Firefox
Testing: csp_id=150, page_id=5400, browser=Firefox
Testing: csp_id=150, page_id=5500, browser=Firefox
Testing: csp_id=150, page_id=5600, browser=Firefox
Testing: csp_id=150, page_id=5700, browser=Firefox
Testing: csp_id=150, page_id=5800, browser=Firefox
Testing: csp_id=150, page_id=5900, browser=Firefox
Testing: csp_id=150, page_id=6000, browser=Firefox
Testing: csp_id=150, page_id=6100, browser=Firefox
Testing: csp_id=150, page_id=6200, browser=Firefox
Testing: csp_id=150, page_id=6300, browser=Firefox
Testing: csp_id=150, page_id=6400, browser=Firefox
Testing: csp_id=150, page_id=6500, browser=Firefox
Testing: csp_id=150, page_id=6600, browser=Firefox
Testing: csp_id=150, page_id=6700, browser=Firefox
Testing: csp_id=150, page_id=6800, browser=Firefox
Testing: csp_id=150, page_id=6900, browser=Firefox
Testing: csp_id=150, page_id=7000, browser=Firefox
Testing: csp_id=150, page_id=7100, browser=Firefox
Testing: csp_id=150, page_id=7200, browser=Firefox
Testing: csp_id=150, page_id=7300, browser=Firefox
Testing: csp_id=150, page_id=7400, browser=Firefox
Testing: csp_id=150, page_id=7500, browser=Firefox
Testing: csp_id=150, page_id=7600, browser=Firefox
Testing: csp_id=150, page_id=7700, browser=Firefox
Testing: csp_id=150, page_id=7800, browser=Firefox
Testing: csp_id=150, page_id=7900, browser=Firefox
Testing: csp_id=150, page_id=8000, browser=Firefox
Testing: csp_id=150, page_id=8100, browser=Firefox
Testing: csp_id=150, page_id=8200, browser=Firefox
Testing: csp_id=150, page_id=8300, browser=Firefox
Testing: csp_id=150, page_id=8400, browser=Firefox
Testing: csp_id=150, page_id=8500, browser=Firefox
Testing: csp_id=150, page_id=8600, browser=Firefox
Testing: csp_id=150, page_id=8700, browser=Firefox
Testing: csp_id=150, page_id=8800, browser=Firefox
Testing: csp_id=150, page_id=8900, browser=Firefox
Testing: csp_id=150, page_id=9000, browser=Firefox
Testing: csp_id=150, page_id=9100, browser=Firefox
Testing: csp_id=150, page_id=9200, browser=Firefox
Testing: csp_id=150, page_id=9300, browser=Firefox
Testing: csp_id=150, page_id=9400, browser=Firefox
Testing: csp_id=150, page_id=9500, browser=Firefox
Testing: csp_id=150, page_id=9600, browser=Firefox
Testing: csp_id=150, page_id=9700, browser=Firefox
Testing: csp_id=150, page_id=9800, browser=Firefox
Testing: csp_id=150, page_id=9900, browser=Firefox
Testing: csp_id=150, page_id=10000, browser=Firefox
Testing: csp_id=150, page_id=10100, browser=Firefox
Testing: csp_id=150, page_id=10200, browser=Firefox
Testing: csp_id=150, page_id=10300, browser=Firefox
Testing: csp_id=150, page_id=10400, browser=Firefox
Testing: csp_id=150, page_id=10500, browser=Firefox
Testing: csp_id=150, page_id=10600, browser=Firefox
Testing: csp_id=150, page_id=10700, browser=Firefox
Testing: csp_id=150, page_id=10800, browser=Firefox
Testing: csp_id=150, page_id=10900, browser=Firefox
Testing: csp_id=150, page_id=11000, browser=Firefox
Testing: csp_id=150, page_id=11100, browser=Firefox
Testing: csp_id=150, page_id=11200, browser=Firefox
Testing: csp_id=150, page_id=11300, browser=Firefox
Testing: csp_id=150, page_id=11400, browser=Firefox
Testing: csp_id=150, page_id=11500, browser=Firefox
Testing: csp_id=150, page_id=11600, browser=Firefox
Testing: csp_id=150, page_id=11700, browser=Firefox
Testing: csp_id=150, page_id=11800, browser=Firefox
Testing: csp_id=150, page_id=11900, browser=Firefox
Testing: csp_id=150, page_id=12000, browser=Firefox
Testing: csp_id=150, page_id=12100, browser=Firefox
Testing: csp_id=150, page_id=12200, browser=Firefox
Testing: csp_id=150, page_id=12300, browser=Firefox
Testing: csp_id=150, page_id=12400, browser=Firefox
Testing: csp_id=150, page_id=12500, browser=Firefox
Testing: csp_id=150, page_id=12600, browser=Firefox
Testing: csp_id=150, page_id=12700, browser=Firefox
Testing: csp_id=150, page_id=12800, browser=Firefox
Testing: csp_id=150, page_id=12900, browser=Firefox
Testing: csp_id=150, page_id=13000, browser=Firefox
Testing: csp_id=150, page_id=13100, browser=Firefox
Testing: csp_id=150, page_id=13200, browser=Firefox
Testing: csp_id=150, page_id=13300, browser=Firefox
Testing: csp_id=150, page_id=13400, browser=Firefox
Testing: csp_id=150, page_id=13500, browser=Firefox
Testing: csp_id=150, page_id=13600, browser=Firefox
Testing: csp_id=150, page_id=13700, browser=Firefox
Testing: csp_id=150, page_id=13800, browser=Firefox
Testing: csp_id=150, page_id=13900, browser=Firefox
Testing: csp_id=150, page_id=14000, browser=Firefox
Testing: csp_id=150, page_id=14100, browser=Firefox
Testing: csp_id=150, page_id=14200, browser=Firefox
Testing: csp_id=150, page_id=14300, browser=Firefox
Testing: csp_id=150, page_id=14400, browser=Firefox
Testing: csp_id=150, page_id=14500, browser=Firefox
Testing: csp_id=150, page_id=14600, browser=Firefox
Testing: csp_id=150, page_id=14700, browser=Firefox
Testing: csp_id=150, page_id=14800, browser=Firefox
Testing: csp_id=150, page_id=14900, browser=Firefox
Testing: csp_id=150, page_id=15000, browser=Firefox
Testing: csp_id=150, page_id=15100, browser=Firefox
Testing: csp_id=150, page_id=15200, browser=Firefox
Testing: csp_id=150, page_id=15300, browser=Firefox
Testing: csp_id=150, page_id=15400, browser=Firefox
Testing: csp_id=150, page_id=15500, browser=Firefox
Testing: csp_id=150, page_id=15600, browser=Firefox
Testing: csp_id=150, page_id=15700, browser=Firefox
Testing: csp_id=150, page_id=15800, browser=Firefox
Testing: csp_id=150, page_id=15900, browser=Firefox
Testing: csp_id=150, page_id=16000, browser=Firefox
Testing: csp_id=150, page_id=16100, browser=Firefox
Testing: csp_id=150, page_id=16200, browser=Firefox
Testing: csp_id=150, page_id=16300, browser=Firefox
Testing: csp_id=150, page_id=16400, browser=Firefox
Testing: csp_id=150, page_id=16500, browser=Firefox
Testing: csp_id=150, page_id=16600, browser=Firefox
Testing: csp_id=150, page_id=16700, browser=Firefox
Testing: csp_id=150, page_id=16800, browser=Firefox
Testing: csp_id=150, page_id=16900, browser=Firefox
Testing: csp_id=150, page_id=17000, browser=Firefox
Testing: csp_id=150, page_id=17100, browser=Firefox
Testing: csp_id=150, page_id=17200, browser=Firefox
Testing: csp_id=150, page_id=17300, browser=Firefox
Testing: csp_id=150, page_id=17400, browser=Firefox
Testing: csp_id=150, page_id=17500, browser=Firefox
Testing: csp_id=150, page_id=17600, browser=Firefox
Testing: csp_id=150, page_id=17700, browser=Firefox
Testing: csp_id=150, page_id=17800, browser=Firefox
Testing: csp_id=150, page_id=17900, browser=Firefox
Testing: csp_id=150, page_id=18000, browser=Firefox
Testing: csp_id=150, page_id=18100, browser=Firefox
Testing: csp_id=150, page_id=18200, browser=Firefox
Testing: csp_id=150, page_id=18300, browser=Firefox
Testing: csp_id=150, page_id=18400, browser=Firefox
Testing: csp_id=150, page_id=18500, browser=Firefox
Testing: csp_id=150, page_id=18600, browser=Firefox
Testing: csp_id=150, page_id=18700, browser=Firefox
Testing: csp_id=150, page_id=18800, browser=Firefox
Testing: csp_id=150, page_id=18900, browser=Firefox
Testing: csp_id=150, page_id=19000, browser=Firefox
Testing: csp_id=150, page_id=19100, browser=Firefox
Testing: csp_id=150, page_id=19200, browser=Firefox
Testing: csp_id=150, page_id=19300, browser=Firefox
Testing: csp_id=150, page_id=19400, browser=Firefox
Testing: csp_id=150, page_id=19500, browser=Firefox
Testing: csp_id=150, page_id=19600, browser=Firefox
Testing: csp_id=150, page_id=19700, browser=Firefox
Testing: csp_id=150, page_id=19800, browser=Firefox
Testing: csp_id=150, page_id=19900, browser=Firefox
Testing: csp_id=150, page_id=20000, browser=Firefox
Testing: csp_id=150, page_id=20100, browser=Firefox
Testing: csp_id=150, page_id=20200, browser=Firefox
Testing: csp_id=150, page_id=20300, browser=Firefox
Testing: csp_id=150, page_id=20400, browser=Firefox
Testing: csp_id=150, page_id=20500, browser=Firefox
Testing: csp_id=150, page_id=20600, browser=Firefox
Testing: csp_id=150, page_id=20700, browser=Firefox
Testing: csp_id=150, page_id=20800, browser=Firefox
Testing: csp_id=150, page_id=20900, browser=Firefox
Testing: csp_id=150, page_id=21000, browser=Firefox
Testing: csp_id=150, page_id=21100, browser=Firefox
Testing: csp_id=150, page_id=21200, browser=Firefox
Testing: csp_id=150, page_id=21300, browser=Firefox
Testing: csp_id=150, page_id=21400, browser=Firefox
Testing: csp_id=150, page_id=21500, browser=Firefox
Testing: csp_id=150, page_id=21600, browser=Firefox
Testing: csp_id=150, page_id=21700, browser=Firefox
Testing: csp_id=150, page_id=21800, browser=Firefox
Testing: csp_id=150, page_id=21900, browser=Firefox
Testing: csp_id=150, page_id=22000, browser=Firefox
Testing: csp_id=150, page_id=22100, browser=Firefox
Testing: csp_id=150, page_id=22200, browser=Firefox
Testing: csp_id=150, page_id=22300, browser=Firefox
Testing: csp_id=150, page_id=22400, browser=Firefox
Testing: csp_id=150, page_id=22500, browser=Firefox
Testing: csp_id=150, page_id=22600, browser=Firefox
Testing: csp_id=150, page_id=22700, browser=Firefox
Testing: csp_id=150, page_id=22800, browser=Firefox
Testing: csp_id=150, page_id=22900, browser=Firefox
Testing: csp_id=150, page_id=23000, browser=Firefox
Testing: csp_id=150, page_id=23100, browser=Firefox
Testing: csp_id=150, page_id=23200, browser=Firefox
Testing: csp_id=150, page_id=23300, browser=Firefox
Testing: csp_id=150, page_id=23400, browser=Firefox
Testing: csp_id=150, page_id=23500, browser=Firefox
Testing: csp_id=150, page_id=23600, browser=Firefox
Testing: csp_id=150, page_id=23700, browser=Firefox
Testing: csp_id=150, page_id=23800, browser=Firefox
Testing: csp_id=150, page_id=23900, browser=Firefox
Testing: csp_id=150, page_id=24000, browser=Firefox
Testing: csp_id=150, page_id=24100, browser=Firefox
Testing: csp_id=150, page_id=24200, browser=Firefox
Testing: csp_id=150, page_id=24300, browser=Firefox
Testing: csp_id=150, page_id=24400, browser=Firefox
Testing: csp_id=150, page_id=24500, browser=Firefox
Testing: csp_id=150, page_id=24600, browser=Firefox
Testing: csp_id=150, page_id=24700, browser=Firefox
Testing: csp_id=150, page_id=24800, browser=Firefox
Testing: csp_id=150, page_id=24900, browser=Firefox
Testing: csp_id=150, page_id=25000, browser=Firefox
Testing: csp_id=150, page_id=25100, browser=Firefox
Testing: csp_id=150, page_id=25200, browser=Firefox
Testing: csp_id=150, page_id=25300, browser=Firefox
Testing: csp_id=150, page_id=25400, browser=Firefox
Testing: csp_id=150, page_id=25500, browser=Firefox
Testing: csp_id=150, page_id=25600, browser=Firefox
Testing: csp_id=150, page_id=25700, browser=Firefox
Testing: csp_id=150, page_id=25800, browser=Firefox
Testing: csp_id=150, page_id=25900, browser=Firefox
Testing: csp_id=150, page_id=26000, browser=Firefox
Testing: csp_id=150, page_id=26100, browser=Firefox
Testing: csp_id=150, page_id=26200, browser=Firefox
Testing: csp_id=150, page_id=26300, browser=Firefox
Testing: csp_id=150, page_id=26400, browser=Firefox
Testing: csp_id=150, page_id=26500, browser=Firefox
Testing: csp_id=150, page_id=26600, browser=Firefox
Testing: csp_id=150, page_id=26700, browser=Firefox
Testing: csp_id=150, page_id=26800, browser=Firefox
Testing: csp_id=150, page_id=26900, browser=Firefox
Testing: csp_id=150, page_id=27000, browser=Firefox
Testing: csp_id=150, page_id=27100, browser=Firefox
Testing: csp_id=150, page_id=27200, browser=Firefox
Testing: csp_id=150, page_id=27300, browser=Firefox
Testing: csp_id=150, page_id=27400, browser=Firefox
Testing: csp_id=150, page_id=27500, browser=Firefox
Testing: csp_id=150, page_id=27600, browser=Firefox
Testing: csp_id=150, page_id=27700, browser=Firefox
Testing: csp_id=150, page_id=27800, browser=Firefox
Testing: csp_id=150, page_id=27900, browser=Firefox
Testing: csp_id=150, page_id=28000, browser=Firefox
Testing: csp_id=150, page_id=28100, browser=Firefox
Testing: csp_id=150, page_id=28200, browser=Firefox
Testing: csp_id=150, page_id=28300, browser=Firefox
Testing: csp_id=150, page_id=28400, browser=Firefox
Testing: csp_id=150, page_id=28500, browser=Firefox
Testing: csp_id=150, page_id=28600, browser=Firefox
Testing: csp_id=150, page_id=28700, browser=Firefox
Testing: csp_id=150, page_id=28800, browser=Firefox
Testing: csp_id=150, page_id=28900, browser=Firefox
Testing: csp_id=150, page_id=29000, browser=Firefox
Testing: csp_id=150, page_id=29100, browser=Firefox
Testing: csp_id=150, page_id=29200, browser=Firefox
Testing: csp_id=150, page_id=29300, browser=Firefox
Testing: csp_id=150, page_id=29400, browser=Firefox
Testing: csp_id=150, page_id=29500, browser=Firefox
Testing: csp_id=150, page_id=29600, browser=Firefox
Testing: csp_id=150, page_id=29700, browser=Firefox
Testing: csp_id=150, page_id=29800, browser=Firefox
🏊 create_context_pools[first] (5x16): 31.679s
Testing: csp_id=155, page_id=0, browser=Firefox
Testing: csp_id=155, page_id=100, browser=Firefox
Testing: csp_id=155, page_id=200, browser=Firefox
Testing: csp_id=155, page_id=300, browser=Firefox
Testing: csp_id=155, page_id=400, browser=Firefox
Testing: csp_id=155, page_id=500, browser=Firefox
Testing: csp_id=155, page_id=600, browser=Firefox
Testing: csp_id=155, page_id=700, browser=Firefox
Testing: csp_id=155, page_id=800, browser=Firefox
Testing: csp_id=155, page_id=900, browser=Firefox
Testing: csp_id=155, page_id=1000, browser=Firefox
Testing: csp_id=155, page_id=1100, browser=Firefox
Testing: csp_id=155, page_id=1200, browser=Firefox
Testing: csp_id=155, page_id=1300, browser=Firefox
Testing: csp_id=155, page_id=1400, browser=Firefox
Testing: csp_id=155, page_id=1500, browser=Firefox
Testing: csp_id=155, page_id=1600, browser=Firefox
Testing: csp_id=155, page_id=1700, browser=Firefox
Testing: csp_id=155, page_id=1800, browser=Firefox
Testing: csp_id=155, page_id=1900, browser=Firefox
Testing: csp_id=155, page_id=2000, browser=Firefox
Testing: csp_id=155, page_id=2100, browser=Firefox
Testing: csp_id=155, page_id=2200, browser=Firefox
Testing: csp_id=155, page_id=2300, browser=Firefox
Testing: csp_id=155, page_id=2400, browser=Firefox
Testing: csp_id=155, page_id=2500, browser=Firefox
Testing: csp_id=155, page_id=2600, browser=Firefox
Testing: csp_id=155, page_id=2700, browser=Firefox
Testing: csp_id=155, page_id=2800, browser=Firefox
Testing: csp_id=155, page_id=2900, browser=Firefox
Testing: csp_id=155, page_id=3000, browser=Firefox
Testing: csp_id=155, page_id=3100, browser=Firefox
Testing: csp_id=155, page_id=3200, browser=Firefox
Testing: csp_id=155, page_id=3300, browser=Firefox
Testing: csp_id=155, page_id=3400, browser=Firefox
Testing: csp_id=155, page_id=3500, browser=Firefox
Testing: csp_id=155, page_id=3600, browser=Firefox
Testing: csp_id=155, page_id=3700, browser=Firefox
Testing: csp_id=155, page_id=3800, browser=Firefox
Testing: csp_id=155, page_id=3900, browser=Firefox
Testing: csp_id=155, page_id=4000, browser=Firefox
Testing: csp_id=155, page_id=4100, browser=Firefox
Testing: csp_id=155, page_id=4200, browser=Firefox
Testing: csp_id=155, page_id=4300, browser=Firefox
Testing: csp_id=155, page_id=4400, browser=Firefox
Testing: csp_id=155, page_id=4500, browser=Firefox
Testing: csp_id=155, page_id=4600, browser=Firefox
Testing: csp_id=155, page_id=4700, browser=Firefox
Testing: csp_id=155, page_id=4800, browser=Firefox
Testing: csp_id=155, page_id=4900, browser=Firefox
Testing: csp_id=155, page_id=5000, browser=Firefox
Testing: csp_id=155, page_id=5100, browser=Firefox
Testing: csp_id=155, page_id=5200, browser=Firefox
Testing: csp_id=155, page_id=5300, browser=Firefox
Testing: csp_id=155, page_id=5400, browser=Firefox
Testing: csp_id=155, page_id=5500, browser=Firefox
Testing: csp_id=155, page_id=5600, browser=Firefox
Testing: csp_id=155, page_id=5700, browser=Firefox
Testing: csp_id=155, page_id=5800, browser=Firefox
Testing: csp_id=155, page_id=5900, browser=Firefox
Testing: csp_id=155, page_id=6000, browser=Firefox
Testing: csp_id=155, page_id=6100, browser=Firefox
Testing: csp_id=155, page_id=6200, browser=Firefox
Testing: csp_id=155, page_id=6300, browser=Firefox
Testing: csp_id=155, page_id=6400, browser=Firefox
Testing: csp_id=155, page_id=6500, browser=Firefox
Testing: csp_id=155, page_id=6600, browser=Firefox
Testing: csp_id=155, page_id=6700, browser=Firefox
Testing: csp_id=155, page_id=6800, browser=Firefox
Testing: csp_id=155, page_id=6900, browser=Firefox
Testing: csp_id=155, page_id=7000, browser=Firefox
Testing: csp_id=155, page_id=7100, browser=Firefox
Testing: csp_id=155, page_id=7200, browser=Firefox
Testing: csp_id=155, page_id=7300, browser=Firefox
Testing: csp_id=155, page_id=7400, browser=Firefox
Testing: csp_id=155, page_id=7500, browser=Firefox
Testing: csp_id=155, page_id=7600, browser=Firefox
Testing: csp_id=155, page_id=7700, browser=Firefox
Testing: csp_id=155, page_id=7800, browser=Firefox
Testing: csp_id=155, page_id=7900, browser=Firefox
Testing: csp_id=155, page_id=8000, browser=Firefox
Testing: csp_id=155, page_id=8100, browser=Firefox
Testing: csp_id=155, page_id=8200, browser=Firefox
Testing: csp_id=155, page_id=8300, browser=Firefox
Testing: csp_id=155, page_id=8400, browser=Firefox
Testing: csp_id=155, page_id=8500, browser=Firefox
Testing: csp_id=155, page_id=8600, browser=Firefox
Testing: csp_id=155, page_id=8700, browser=Firefox
Testing: csp_id=155, page_id=8800, browser=Firefox
Testing: csp_id=155, page_id=8900, browser=Firefox
Testing: csp_id=155, page_id=9000, browser=Firefox
Testing: csp_id=155, page_id=9100, browser=Firefox
Testing: csp_id=155, page_id=9200, browser=Firefox
Testing: csp_id=155, page_id=9300, browser=Firefox
Testing: csp_id=155, page_id=9400, browser=Firefox
Testing: csp_id=155, page_id=9500, browser=Firefox
Testing: csp_id=155, page_id=9600, browser=Firefox
Testing: csp_id=155, page_id=9700, browser=Firefox
Testing: csp_id=155, page_id=9800, browser=Firefox
Testing: csp_id=155, page_id=9900, browser=Firefox
Testing: csp_id=155, page_id=10000, browser=Firefox
Testing: csp_id=155, page_id=10100, browser=Firefox
Testing: csp_id=155, page_id=10200, browser=Firefox
Testing: csp_id=155, page_id=10300, browser=Firefox
Testing: csp_id=155, page_id=10400, browser=Firefox
Testing: csp_id=155, page_id=10500, browser=Firefox
Testing: csp_id=155, page_id=10600, browser=Firefox
Testing: csp_id=155, page_id=10700, browser=Firefox
Testing: csp_id=155, page_id=10800, browser=Firefox
Testing: csp_id=155, page_id=10900, browser=Firefox
Testing: csp_id=155, page_id=11000, browser=Firefox
Testing: csp_id=155, page_id=11100, browser=Firefox
Testing: csp_id=155, page_id=11200, browser=Firefox
Testing: csp_id=155, page_id=11300, browser=Firefox
Testing: csp_id=155, page_id=11400, browser=Firefox
Testing: csp_id=155, page_id=11500, browser=Firefox
Testing: csp_id=155, page_id=11600, browser=Firefox
Testing: csp_id=155, page_id=11700, browser=Firefox
Testing: csp_id=155, page_id=11800, browser=Firefox
Testing: csp_id=155, page_id=11900, browser=Firefox
Testing: csp_id=155, page_id=12000, browser=Firefox
Testing: csp_id=155, page_id=12100, browser=Firefox
Testing: csp_id=155, page_id=12200, browser=Firefox
Testing: csp_id=155, page_id=12300, browser=Firefox
Testing: csp_id=155, page_id=12400, browser=Firefox
Testing: csp_id=155, page_id=12500, browser=Firefox
Testing: csp_id=155, page_id=12600, browser=Firefox
Testing: csp_id=155, page_id=12700, browser=Firefox
Testing: csp_id=155, page_id=12800, browser=Firefox
Testing: csp_id=155, page_id=12900, browser=Firefox
Testing: csp_id=155, page_id=13000, browser=Firefox
Testing: csp_id=155, page_id=13100, browser=Firefox
Testing: csp_id=155, page_id=13200, browser=Firefox
Testing: csp_id=155, page_id=13300, browser=Firefox
Testing: csp_id=155, page_id=13400, browser=Firefox
Testing: csp_id=155, page_id=13500, browser=Firefox
Testing: csp_id=155, page_id=13600, browser=Firefox
Testing: csp_id=155, page_id=13700, browser=Firefox
Testing: csp_id=155, page_id=13800, browser=Firefox
Testing: csp_id=155, page_id=13900, browser=Firefox
Testing: csp_id=155, page_id=14000, browser=Firefox
Testing: csp_id=155, page_id=14100, browser=Firefox
Testing: csp_id=155, page_id=14200, browser=Firefox
Testing: csp_id=155, page_id=14300, browser=Firefox
Testing: csp_id=155, page_id=14400, browser=Firefox
Testing: csp_id=155, page_id=14500, browser=Firefox
Testing: csp_id=155, page_id=14600, browser=Firefox
Testing: csp_id=155, page_id=14700, browser=Firefox
Testing: csp_id=155, page_id=14800, browser=Firefox
Testing: csp_id=155, page_id=14900, browser=Firefox
Testing: csp_id=155, page_id=15000, browser=Firefox
Testing: csp_id=155, page_id=15100, browser=Firefox
Testing: csp_id=155, page_id=15200, browser=Firefox
Testing: csp_id=155, page_id=15300, browser=Firefox
Testing: csp_id=155, page_id=15400, browser=Firefox
Testing: csp_id=155, page_id=15500, browser=Firefox
Testing: csp_id=155, page_id=15600, browser=Firefox
Testing: csp_id=155, page_id=15700, browser=Firefox
Testing: csp_id=155, page_id=15800, browser=Firefox
Testing: csp_id=155, page_id=15900, browser=Firefox
Testing: csp_id=155, page_id=16000, browser=Firefox
Testing: csp_id=155, page_id=16100, browser=Firefox
Testing: csp_id=155, page_id=16200, browser=Firefox
Testing: csp_id=155, page_id=16300, browser=Firefox
Testing: csp_id=155, page_id=16400, browser=Firefox
Testing: csp_id=155, page_id=16500, browser=Firefox
Testing: csp_id=155, page_id=16600, browser=Firefox
Testing: csp_id=155, page_id=16700, browser=Firefox
Testing: csp_id=155, page_id=16800, browser=Firefox
Testing: csp_id=155, page_id=16900, browser=Firefox
Testing: csp_id=155, page_id=17000, browser=Firefox
Testing: csp_id=155, page_id=17100, browser=Firefox
Testing: csp_id=155, page_id=17200, browser=Firefox
Testing: csp_id=155, page_id=17300, browser=Firefox
Testing: csp_id=155, page_id=17400, browser=Firefox
Testing: csp_id=155, page_id=17500, browser=Firefox
Testing: csp_id=155, page_id=17600, browser=Firefox
Testing: csp_id=155, page_id=17700, browser=Firefox
Testing: csp_id=155, page_id=17800, browser=Firefox
Testing: csp_id=155, page_id=17900, browser=Firefox
Testing: csp_id=155, page_id=18000, browser=Firefox
Testing: csp_id=155, page_id=18100, browser=Firefox
Testing: csp_id=155, page_id=18200, browser=Firefox
Testing: csp_id=155, page_id=18300, browser=Firefox
Testing: csp_id=155, page_id=18400, browser=Firefox
Testing: csp_id=155, page_id=18500, browser=Firefox
Testing: csp_id=155, page_id=18600, browser=Firefox
Testing: csp_id=155, page_id=18700, browser=Firefox
Testing: csp_id=155, page_id=18800, browser=Firefox
Testing: csp_id=155, page_id=18900, browser=Firefox
Testing: csp_id=155, page_id=19000, browser=Firefox
Testing: csp_id=155, page_id=19100, browser=Firefox
Testing: csp_id=155, page_id=19200, browser=Firefox
Testing: csp_id=155, page_id=19300, browser=Firefox
Testing: csp_id=155, page_id=19400, browser=Firefox
Testing: csp_id=155, page_id=19500, browser=Firefox
Testing: csp_id=155, page_id=19600, browser=Firefox
Testing: csp_id=155, page_id=19700, browser=Firefox
Testing: csp_id=155, page_id=19800, browser=Firefox
Testing: csp_id=155, page_id=19900, browser=Firefox
Testing: csp_id=155, page_id=20000, browser=Firefox
Testing: csp_id=155, page_id=20100, browser=Firefox
Testing: csp_id=155, page_id=20200, browser=Firefox
Testing: csp_id=155, page_id=20300, browser=Firefox
Testing: csp_id=155, page_id=20400, browser=Firefox
Testing: csp_id=155, page_id=20500, browser=Firefox
Testing: csp_id=155, page_id=20600, browser=Firefox
Testing: csp_id=155, page_id=20700, browser=Firefox
Testing: csp_id=155, page_id=20800, browser=Firefox
Testing: csp_id=155, page_id=20900, browser=Firefox
Testing: csp_id=155, page_id=21000, browser=Firefox
Testing: csp_id=155, page_id=21100, browser=Firefox
Testing: csp_id=155, page_id=21200, browser=Firefox
Testing: csp_id=155, page_id=21300, browser=Firefox
Testing: csp_id=155, page_id=21400, browser=Firefox
Testing: csp_id=155, page_id=21500, browser=Firefox
Testing: csp_id=155, page_id=21600, browser=Firefox
Testing: csp_id=155, page_id=21700, browser=Firefox
Testing: csp_id=155, page_id=21800, browser=Firefox
Testing: csp_id=155, page_id=21900, browser=Firefox
Testing: csp_id=155, page_id=22000, browser=Firefox
Testing: csp_id=155, page_id=22100, browser=Firefox
Testing: csp_id=155, page_id=22200, browser=Firefox
Testing: csp_id=155, page_id=22300, browser=Firefox
Testing: csp_id=155, page_id=22400, browser=Firefox
Testing: csp_id=155, page_id=22500, browser=Firefox
Testing: csp_id=155, page_id=22600, browser=Firefox
Testing: csp_id=155, page_id=22700, browser=Firefox
Testing: csp_id=155, page_id=22800, browser=Firefox
Testing: csp_id=155, page_id=22900, browser=Firefox
Testing: csp_id=155, page_id=23000, browser=Firefox
Testing: csp_id=155, page_id=23100, browser=Firefox
Testing: csp_id=155, page_id=23200, browser=Firefox
Testing: csp_id=155, page_id=23300, browser=Firefox
Testing: csp_id=155, page_id=23400, browser=Firefox
Testing: csp_id=155, page_id=23500, browser=Firefox
Testing: csp_id=155, page_id=23600, browser=Firefox
Testing: csp_id=155, page_id=23700, browser=Firefox
Testing: csp_id=155, page_id=23800, browser=Firefox
Testing: csp_id=155, page_id=23900, browser=Firefox
Testing: csp_id=155, page_id=24000, browser=Firefox
Testing: csp_id=155, page_id=24100, browser=Firefox
Testing: csp_id=155, page_id=24200, browser=Firefox
Testing: csp_id=155, page_id=24300, browser=Firefox
Testing: csp_id=155, page_id=24400, browser=Firefox
Testing: csp_id=155, page_id=24500, browser=Firefox
Testing: csp_id=155, page_id=24600, browser=Firefox
Testing: csp_id=155, page_id=24700, browser=Firefox
Testing: csp_id=155, page_id=24800, browser=Firefox
Testing: csp_id=155, page_id=24900, browser=Firefox
Testing: csp_id=155, page_id=25000, browser=Firefox
Testing: csp_id=155, page_id=25100, browser=Firefox
Testing: csp_id=155, page_id=25200, browser=Firefox
Testing: csp_id=155, page_id=25300, browser=Firefox
Testing: csp_id=155, page_id=25400, browser=Firefox
Testing: csp_id=155, page_id=25500, browser=Firefox
Testing: csp_id=155, page_id=25600, browser=Firefox
Testing: csp_id=155, page_id=25700, browser=Firefox
Testing: csp_id=155, page_id=25800, browser=Firefox
Testing: csp_id=155, page_id=25900, browser=Firefox
Testing: csp_id=155, page_id=26000, browser=Firefox
Testing: csp_id=155, page_id=26100, browser=Firefox
Testing: csp_id=155, page_id=26200, browser=Firefox
Testing: csp_id=155, page_id=26300, browser=Firefox
Testing: csp_id=155, page_id=26400, browser=Firefox
Testing: csp_id=155, page_id=26500, browser=Firefox
Testing: csp_id=155, page_id=26600, browser=Firefox
Testing: csp_id=155, page_id=26700, browser=Firefox
Testing: csp_id=155, page_id=26800, browser=Firefox
Testing: csp_id=155, page_id=26900, browser=Firefox
Testing: csp_id=155, page_id=27000, browser=Firefox
Testing: csp_id=155, page_id=27100, browser=Firefox
Testing: csp_id=155, page_id=27200, browser=Firefox
Testing: csp_id=155, page_id=27300, browser=Firefox
Testing: csp_id=155, page_id=27400, browser=Firefox
Testing: csp_id=155, page_id=27500, browser=Firefox
Testing: csp_id=155, page_id=27600, browser=Firefox
Testing: csp_id=155, page_id=27700, browser=Firefox
Testing: csp_id=155, page_id=27800, browser=Firefox
Testing: csp_id=155, page_id=27900, browser=Firefox
Testing: csp_id=155, page_id=28000, browser=Firefox
Testing: csp_id=155, page_id=28100, browser=Firefox
Testing: csp_id=155, page_id=28200, browser=Firefox
Testing: csp_id=155, page_id=28300, browser=Firefox
Testing: csp_id=155, page_id=28400, browser=Firefox
Testing: csp_id=155, page_id=28500, browser=Firefox
Testing: csp_id=155, page_id=28600, browser=Firefox
Testing: csp_id=155, page_id=28700, browser=Firefox
Testing: csp_id=155, page_id=28800, browser=Firefox
Testing: csp_id=155, page_id=28900, browser=Firefox
Testing: csp_id=155, page_id=29000, browser=Firefox
Testing: csp_id=155, page_id=29100, browser=Firefox
Testing: csp_id=155, page_id=29200, browser=Firefox
Testing: csp_id=155, page_id=29300, browser=Firefox
Testing: csp_id=155, page_id=29400, browser=Firefox
Testing: csp_id=155, page_id=29500, browser=Firefox
Testing: csp_id=155, page_id=29600, browser=Firefox
Testing: csp_id=155, page_id=29700, browser=Firefox
Testing: csp_id=155, page_id=29800, browser=Firefox
🏊 create_context_pools[first] (5x16): 34.419s
Testing: csp_id=179, page_id=0, browser=Firefox
Testing: csp_id=179, page_id=100, browser=Firefox
Testing: csp_id=179, page_id=200, browser=Firefox
Testing: csp_id=179, page_id=300, browser=Firefox
Testing: csp_id=179, page_id=400, browser=Firefox
Testing: csp_id=179, page_id=500, browser=Firefox
Testing: csp_id=179, page_id=600, browser=Firefox
Testing: csp_id=179, page_id=700, browser=Firefox
Testing: csp_id=179, page_id=800, browser=Firefox
Testing: csp_id=179, page_id=900, browser=Firefox
Testing: csp_id=179, page_id=1000, browser=Firefox
Testing: csp_id=179, page_id=1100, browser=Firefox
Testing: csp_id=179, page_id=1200, browser=Firefox
Testing: csp_id=179, page_id=1300, browser=Firefox
Testing: csp_id=179, page_id=1400, browser=Firefox
Testing: csp_id=179, page_id=1500, browser=Firefox
Testing: csp_id=179, page_id=1600, browser=Firefox
Testing: csp_id=179, page_id=1700, browser=Firefox
Testing: csp_id=179, page_id=1800, browser=Firefox
Testing: csp_id=179, page_id=1900, browser=Firefox
Testing: csp_id=179, page_id=2000, browser=Firefox
Testing: csp_id=179, page_id=2100, browser=Firefox
Testing: csp_id=179, page_id=2200, browser=Firefox
Testing: csp_id=179, page_id=2300, browser=Firefox
Testing: csp_id=179, page_id=2400, browser=Firefox
Testing: csp_id=179, page_id=2500, browser=Firefox
Testing: csp_id=179, page_id=2600, browser=Firefox
Testing: csp_id=179, page_id=2700, browser=Firefox
Testing: csp_id=179, page_id=2800, browser=Firefox
Testing: csp_id=179, page_id=2900, browser=Firefox
Testing: csp_id=179, page_id=3000, browser=Firefox
Testing: csp_id=179, page_id=3100, browser=Firefox
Testing: csp_id=179, page_id=3200, browser=Firefox
Testing: csp_id=179, page_id=3300, browser=Firefox
Testing: csp_id=179, page_id=3400, browser=Firefox
Testing: csp_id=179, page_id=3500, browser=Firefox
Testing: csp_id=179, page_id=3600, browser=Firefox
Testing: csp_id=179, page_id=3700, browser=Firefox
Testing: csp_id=179, page_id=3800, browser=Firefox
Testing: csp_id=179, page_id=3900, browser=Firefox
Testing: csp_id=179, page_id=4000, browser=Firefox
Testing: csp_id=179, page_id=4100, browser=Firefox
Testing: csp_id=179, page_id=4200, browser=Firefox
Testing: csp_id=179, page_id=4300, browser=Firefox
Testing: csp_id=179, page_id=4400, browser=Firefox
Testing: csp_id=179, page_id=4500, browser=Firefox
Testing: csp_id=179, page_id=4600, browser=Firefox
Testing: csp_id=179, page_id=4700, browser=Firefox
Testing: csp_id=179, page_id=4800, browser=Firefox
Testing: csp_id=179, page_id=4900, browser=Firefox
Testing: csp_id=179, page_id=5000, browser=Firefox
Testing: csp_id=179, page_id=5100, browser=Firefox
Testing: csp_id=179, page_id=5200, browser=Firefox
Testing: csp_id=179, page_id=5300, browser=Firefox
Testing: csp_id=179, page_id=5400, browser=Firefox
Testing: csp_id=179, page_id=5500, browser=Firefox
Testing: csp_id=179, page_id=5600, browser=Firefox
Testing: csp_id=179, page_id=5700, browser=Firefox
Testing: csp_id=179, page_id=5800, browser=Firefox
Testing: csp_id=179, page_id=5900, browser=Firefox
Testing: csp_id=179, page_id=6000, browser=Firefox
Testing: csp_id=179, page_id=6100, browser=Firefox
Testing: csp_id=179, page_id=6200, browser=Firefox
Testing: csp_id=179, page_id=6300, browser=Firefox
Testing: csp_id=179, page_id=6400, browser=Firefox
Testing: csp_id=179, page_id=6500, browser=Firefox
Testing: csp_id=179, page_id=6600, browser=Firefox
Testing: csp_id=179, page_id=6700, browser=Firefox
Testing: csp_id=179, page_id=6800, browser=Firefox
Testing: csp_id=179, page_id=6900, browser=Firefox
Testing: csp_id=179, page_id=7000, browser=Firefox
Testing: csp_id=179, page_id=7100, browser=Firefox
Testing: csp_id=179, page_id=7200, browser=Firefox
Testing: csp_id=179, page_id=7300, browser=Firefox
Testing: csp_id=179, page_id=7400, browser=Firefox
Testing: csp_id=179, page_id=7500, browser=Firefox
Testing: csp_id=179, page_id=7600, browser=Firefox
Testing: csp_id=179, page_id=7700, browser=Firefox
Testing: csp_id=179, page_id=7800, browser=Firefox
Testing: csp_id=179, page_id=7900, browser=Firefox
Testing: csp_id=179, page_id=8000, browser=Firefox
Testing: csp_id=179, page_id=8100, browser=Firefox
Testing: csp_id=179, page_id=8200, browser=Firefox
Testing: csp_id=179, page_id=8300, browser=Firefox
Testing: csp_id=179, page_id=8400, browser=Firefox
Testing: csp_id=179, page_id=8500, browser=Firefox
Testing: csp_id=179, page_id=8600, browser=Firefox
Testing: csp_id=179, page_id=8700, browser=Firefox
Testing: csp_id=179, page_id=8800, browser=Firefox
Testing: csp_id=179, page_id=8900, browser=Firefox
Testing: csp_id=179, page_id=9000, browser=Firefox
Testing: csp_id=179, page_id=9100, browser=Firefox
Testing: csp_id=179, page_id=9200, browser=Firefox
Testing: csp_id=179, page_id=9300, browser=Firefox
Testing: csp_id=179, page_id=9400, browser=Firefox
Testing: csp_id=179, page_id=9500, browser=Firefox
Testing: csp_id=179, page_id=9600, browser=Firefox
Testing: csp_id=179, page_id=9700, browser=Firefox
Testing: csp_id=179, page_id=9800, browser=Firefox
Testing: csp_id=179, page_id=9900, browser=Firefox
Testing: csp_id=179, page_id=10000, browser=Firefox
Testing: csp_id=179, page_id=10100, browser=Firefox
Testing: csp_id=179, page_id=10200, browser=Firefox
Testing: csp_id=179, page_id=10300, browser=Firefox
Testing: csp_id=179, page_id=10400, browser=Firefox
Testing: csp_id=179, page_id=10500, browser=Firefox
Testing: csp_id=179, page_id=10600, browser=Firefox
Testing: csp_id=179, page_id=10700, browser=Firefox
Testing: csp_id=179, page_id=10800, browser=Firefox
Testing: csp_id=179, page_id=10900, browser=Firefox
Testing: csp_id=179, page_id=11000, browser=Firefox
Testing: csp_id=179, page_id=11100, browser=Firefox
Testing: csp_id=179, page_id=11200, browser=Firefox
Testing: csp_id=179, page_id=11300, browser=Firefox
Testing: csp_id=179, page_id=11400, browser=Firefox
Testing: csp_id=179, page_id=11500, browser=Firefox
Testing: csp_id=179, page_id=11600, browser=Firefox
Testing: csp_id=179, page_id=11700, browser=Firefox
Testing: csp_id=179, page_id=11800, browser=Firefox
Testing: csp_id=179, page_id=11900, browser=Firefox
Testing: csp_id=179, page_id=12000, browser=Firefox
Testing: csp_id=179, page_id=12100, browser=Firefox
Testing: csp_id=179, page_id=12200, browser=Firefox
Testing: csp_id=179, page_id=12300, browser=Firefox
Testing: csp_id=179, page_id=12400, browser=Firefox
Testing: csp_id=179, page_id=12500, browser=Firefox
Testing: csp_id=179, page_id=12600, browser=Firefox
Testing: csp_id=179, page_id=12700, browser=Firefox
Testing: csp_id=179, page_id=12800, browser=Firefox
Testing: csp_id=179, page_id=12900, browser=Firefox
Testing: csp_id=179, page_id=13000, browser=Firefox
Testing: csp_id=179, page_id=13100, browser=Firefox
Testing: csp_id=179, page_id=13200, browser=Firefox
Testing: csp_id=179, page_id=13300, browser=Firefox
Testing: csp_id=179, page_id=13400, browser=Firefox
Testing: csp_id=179, page_id=13500, browser=Firefox
Testing: csp_id=179, page_id=13600, browser=Firefox
Testing: csp_id=179, page_id=13700, browser=Firefox
Testing: csp_id=179, page_id=13800, browser=Firefox
Testing: csp_id=179, page_id=13900, browser=Firefox
Testing: csp_id=179, page_id=14000, browser=Firefox
Testing: csp_id=179, page_id=14100, browser=Firefox
Testing: csp_id=179, page_id=14200, browser=Firefox
Testing: csp_id=179, page_id=14300, browser=Firefox
Testing: csp_id=179, page_id=14400, browser=Firefox
Testing: csp_id=179, page_id=14500, browser=Firefox
Testing: csp_id=179, page_id=14600, browser=Firefox
Testing: csp_id=179, page_id=14700, browser=Firefox
Testing: csp_id=179, page_id=14800, browser=Firefox
Testing: csp_id=179, page_id=14900, browser=Firefox
Testing: csp_id=179, page_id=15000, browser=Firefox
Testing: csp_id=179, page_id=15100, browser=Firefox
Testing: csp_id=179, page_id=15200, browser=Firefox
Testing: csp_id=179, page_id=15300, browser=Firefox
Testing: csp_id=179, page_id=15400, browser=Firefox
Testing: csp_id=179, page_id=15500, browser=Firefox
Testing: csp_id=179, page_id=15600, browser=Firefox
Testing: csp_id=179, page_id=15700, browser=Firefox
Testing: csp_id=179, page_id=15800, browser=Firefox
Testing: csp_id=179, page_id=15900, browser=Firefox
Testing: csp_id=179, page_id=16000, browser=Firefox
Testing: csp_id=179, page_id=16100, browser=Firefox
Testing: csp_id=179, page_id=16200, browser=Firefox
Testing: csp_id=179, page_id=16300, browser=Firefox
Testing: csp_id=179, page_id=16400, browser=Firefox
Testing: csp_id=179, page_id=16500, browser=Firefox
Testing: csp_id=179, page_id=16600, browser=Firefox
Testing: csp_id=179, page_id=16700, browser=Firefox
Testing: csp_id=179, page_id=16800, browser=Firefox
Testing: csp_id=179, page_id=16900, browser=Firefox
Testing: csp_id=179, page_id=17000, browser=Firefox
Testing: csp_id=179, page_id=17100, browser=Firefox
Testing: csp_id=179, page_id=17200, browser=Firefox
Testing: csp_id=179, page_id=17300, browser=Firefox
Testing: csp_id=179, page_id=17400, browser=Firefox
Testing: csp_id=179, page_id=17500, browser=Firefox
Testing: csp_id=179, page_id=17600, browser=Firefox
Testing: csp_id=179, page_id=17700, browser=Firefox
Testing: csp_id=179, page_id=17800, browser=Firefox
Testing: csp_id=179, page_id=17900, browser=Firefox
Testing: csp_id=179, page_id=18000, browser=Firefox
Testing: csp_id=179, page_id=18100, browser=Firefox
Testing: csp_id=179, page_id=18200, browser=Firefox
Testing: csp_id=179, page_id=18300, browser=Firefox
Testing: csp_id=179, page_id=18400, browser=Firefox
Testing: csp_id=179, page_id=18500, browser=Firefox
Testing: csp_id=179, page_id=18600, browser=Firefox
Testing: csp_id=179, page_id=18700, browser=Firefox
Testing: csp_id=179, page_id=18800, browser=Firefox
Testing: csp_id=179, page_id=18900, browser=Firefox
Testing: csp_id=179, page_id=19000, browser=Firefox
Testing: csp_id=179, page_id=19100, browser=Firefox
Testing: csp_id=179, page_id=19200, browser=Firefox
Testing: csp_id=179, page_id=19300, browser=Firefox
Testing: csp_id=179, page_id=19400, browser=Firefox
Testing: csp_id=179, page_id=19500, browser=Firefox
Testing: csp_id=179, page_id=19600, browser=Firefox
Testing: csp_id=179, page_id=19700, browser=Firefox
Testing: csp_id=179, page_id=19800, browser=Firefox
Testing: csp_id=179, page_id=19900, browser=Firefox
Testing: csp_id=179, page_id=20000, browser=Firefox
Testing: csp_id=179, page_id=20100, browser=Firefox
Testing: csp_id=179, page_id=20200, browser=Firefox
Testing: csp_id=179, page_id=20300, browser=Firefox
Testing: csp_id=179, page_id=20400, browser=Firefox
Testing: csp_id=179, page_id=20500, browser=Firefox
Testing: csp_id=179, page_id=20600, browser=Firefox
Testing: csp_id=179, page_id=20700, browser=Firefox
Testing: csp_id=179, page_id=20800, browser=Firefox
Testing: csp_id=179, page_id=20900, browser=Firefox
Testing: csp_id=179, page_id=21000, browser=Firefox
Testing: csp_id=179, page_id=21100, browser=Firefox
Testing: csp_id=179, page_id=21200, browser=Firefox
Testing: csp_id=179, page_id=21300, browser=Firefox
Testing: csp_id=179, page_id=21400, browser=Firefox
Testing: csp_id=179, page_id=21500, browser=Firefox
Testing: csp_id=179, page_id=21600, browser=Firefox
Testing: csp_id=179, page_id=21700, browser=Firefox
Testing: csp_id=179, page_id=21800, browser=Firefox
Testing: csp_id=179, page_id=21900, browser=Firefox
Testing: csp_id=179, page_id=22000, browser=Firefox
Testing: csp_id=179, page_id=22100, browser=Firefox
Testing: csp_id=179, page_id=22200, browser=Firefox
Testing: csp_id=179, page_id=22300, browser=Firefox
Testing: csp_id=179, page_id=22400, browser=Firefox
Testing: csp_id=179, page_id=22500, browser=Firefox
Testing: csp_id=179, page_id=22600, browser=Firefox
Testing: csp_id=179, page_id=22700, browser=Firefox
Testing: csp_id=179, page_id=22800, browser=Firefox
Testing: csp_id=179, page_id=22900, browser=Firefox
Testing: csp_id=179, page_id=23000, browser=Firefox
Testing: csp_id=179, page_id=23100, browser=Firefox
Testing: csp_id=179, page_id=23200, browser=Firefox
Testing: csp_id=179, page_id=23300, browser=Firefox
Testing: csp_id=179, page_id=23400, browser=Firefox
Testing: csp_id=179, page_id=23500, browser=Firefox
Testing: csp_id=179, page_id=23600, browser=Firefox
Testing: csp_id=179, page_id=23700, browser=Firefox
Testing: csp_id=179, page_id=23800, browser=Firefox
Testing: csp_id=179, page_id=23900, browser=Firefox
Testing: csp_id=179, page_id=24000, browser=Firefox
Testing: csp_id=179, page_id=24100, browser=Firefox
Testing: csp_id=179, page_id=24200, browser=Firefox
Testing: csp_id=179, page_id=24300, browser=Firefox
Testing: csp_id=179, page_id=24400, browser=Firefox
Testing: csp_id=179, page_id=24500, browser=Firefox
Testing: csp_id=179, page_id=24600, browser=Firefox
Testing: csp_id=179, page_id=24700, browser=Firefox
Testing: csp_id=179, page_id=24800, browser=Firefox
Testing: csp_id=179, page_id=24900, browser=Firefox
Testing: csp_id=179, page_id=25000, browser=Firefox
Testing: csp_id=179, page_id=25100, browser=Firefox
Testing: csp_id=179, page_id=25200, browser=Firefox
Testing: csp_id=179, page_id=25300, browser=Firefox
Testing: csp_id=179, page_id=25400, browser=Firefox
Testing: csp_id=179, page_id=25500, browser=Firefox
Testing: csp_id=179, page_id=25600, browser=Firefox
Testing: csp_id=179, page_id=25700, browser=Firefox
Testing: csp_id=179, page_id=25800, browser=Firefox
Testing: csp_id=179, page_id=25900, browser=Firefox
Testing: csp_id=179, page_id=26000, browser=Firefox
Testing: csp_id=179, page_id=26100, browser=Firefox
Testing: csp_id=179, page_id=26200, browser=Firefox
Testing: csp_id=179, page_id=26300, browser=Firefox
Testing: csp_id=179, page_id=26400, browser=Firefox
Testing: csp_id=179, page_id=26500, browser=Firefox
Testing: csp_id=179, page_id=26600, browser=Firefox
Testing: csp_id=179, page_id=26700, browser=Firefox
Testing: csp_id=179, page_id=26800, browser=Firefox
Testing: csp_id=179, page_id=26900, browser=Firefox
Testing: csp_id=179, page_id=27000, browser=Firefox
Testing: csp_id=179, page_id=27100, browser=Firefox
Testing: csp_id=179, page_id=27200, browser=Firefox
Testing: csp_id=179, page_id=27300, browser=Firefox
Testing: csp_id=179, page_id=27400, browser=Firefox
Testing: csp_id=179, page_id=27500, browser=Firefox
Testing: csp_id=179, page_id=27600, browser=Firefox
Testing: csp_id=179, page_id=27700, browser=Firefox
Testing: csp_id=179, page_id=27800, browser=Firefox
Testing: csp_id=179, page_id=27900, browser=Firefox
Testing: csp_id=179, page_id=28000, browser=Firefox
Testing: csp_id=179, page_id=28100, browser=Firefox
Testing: csp_id=179, page_id=28200, browser=Firefox
Testing: csp_id=179, page_id=28300, browser=Firefox
Testing: csp_id=179, page_id=28400, browser=Firefox
Testing: csp_id=179, page_id=28500, browser=Firefox
Testing: csp_id=179, page_id=28600, browser=Firefox
Testing: csp_id=179, page_id=28700, browser=Firefox
Testing: csp_id=179, page_id=28800, browser=Firefox
Testing: csp_id=179, page_id=28900, browser=Firefox
Testing: csp_id=179, page_id=29000, browser=Firefox
Testing: csp_id=179, page_id=29100, browser=Firefox
Testing: csp_id=179, page_id=29200, browser=Firefox
Testing: csp_id=179, page_id=29300, browser=Firefox
Testing: csp_id=179, page_id=29400, browser=Firefox
Testing: csp_id=179, page_id=29500, browser=Firefox
Testing: csp_id=179, page_id=29600, browser=Firefox
Testing: csp_id=179, page_id=29700, browser=Firefox
Testing: csp_id=179, page_id=29800, browser=Firefox
🏊 create_context_pools[first] (5x16): 31.042s
Testing: csp_id=190, page_id=0, browser=Firefox
Testing: csp_id=190, page_id=100, browser=Firefox
Testing: csp_id=190, page_id=200, browser=Firefox
Testing: csp_id=190, page_id=300, browser=Firefox
Testing: csp_id=190, page_id=400, browser=Firefox
Testing: csp_id=190, page_id=500, browser=Firefox
Testing: csp_id=190, page_id=600, browser=Firefox
Testing: csp_id=190, page_id=700, browser=Firefox
Testing: csp_id=190, page_id=800, browser=Firefox
Testing: csp_id=190, page_id=900, browser=Firefox
Testing: csp_id=190, page_id=1000, browser=Firefox
Testing: csp_id=190, page_id=1100, browser=Firefox
Testing: csp_id=190, page_id=1200, browser=Firefox
Testing: csp_id=190, page_id=1300, browser=Firefox
Testing: csp_id=190, page_id=1400, browser=Firefox
Testing: csp_id=190, page_id=1500, browser=Firefox
Testing: csp_id=190, page_id=1600, browser=Firefox
Testing: csp_id=190, page_id=1700, browser=Firefox
Testing: csp_id=190, page_id=1800, browser=Firefox
Testing: csp_id=190, page_id=1900, browser=Firefox
Testing: csp_id=190, page_id=2000, browser=Firefox
Testing: csp_id=190, page_id=2100, browser=Firefox
Testing: csp_id=190, page_id=2200, browser=Firefox
Testing: csp_id=190, page_id=2300, browser=Firefox
Testing: csp_id=190, page_id=2400, browser=Firefox
Testing: csp_id=190, page_id=2500, browser=Firefox
Testing: csp_id=190, page_id=2600, browser=Firefox
Testing: csp_id=190, page_id=2700, browser=Firefox
Testing: csp_id=190, page_id=2800, browser=Firefox
Testing: csp_id=190, page_id=2900, browser=Firefox
Testing: csp_id=190, page_id=3000, browser=Firefox
Testing: csp_id=190, page_id=3100, browser=Firefox
Testing: csp_id=190, page_id=3200, browser=Firefox
Testing: csp_id=190, page_id=3300, browser=Firefox
Testing: csp_id=190, page_id=3400, browser=Firefox
Testing: csp_id=190, page_id=3500, browser=Firefox
Testing: csp_id=190, page_id=3600, browser=Firefox
Testing: csp_id=190, page_id=3700, browser=Firefox
Testing: csp_id=190, page_id=3800, browser=Firefox
Testing: csp_id=190, page_id=3900, browser=Firefox
Testing: csp_id=190, page_id=4000, browser=Firefox
Testing: csp_id=190, page_id=4100, browser=Firefox
Testing: csp_id=190, page_id=4200, browser=Firefox
Testing: csp_id=190, page_id=4300, browser=Firefox
Testing: csp_id=190, page_id=4400, browser=Firefox
Testing: csp_id=190, page_id=4500, browser=Firefox
Testing: csp_id=190, page_id=4600, browser=Firefox
Testing: csp_id=190, page_id=4700, browser=Firefox
Testing: csp_id=190, page_id=4800, browser=Firefox
Testing: csp_id=190, page_id=4900, browser=Firefox
Testing: csp_id=190, page_id=5000, browser=Firefox
Testing: csp_id=190, page_id=5100, browser=Firefox
Testing: csp_id=190, page_id=5200, browser=Firefox
Testing: csp_id=190, page_id=5300, browser=Firefox
Testing: csp_id=190, page_id=5400, browser=Firefox
Testing: csp_id=190, page_id=5500, browser=Firefox
Testing: csp_id=190, page_id=5600, browser=Firefox
Testing: csp_id=190, page_id=5700, browser=Firefox
Testing: csp_id=190, page_id=5800, browser=Firefox
Testing: csp_id=190, page_id=5900, browser=Firefox
Testing: csp_id=190, page_id=6000, browser=Firefox
Testing: csp_id=190, page_id=6100, browser=Firefox
Testing: csp_id=190, page_id=6200, browser=Firefox
Testing: csp_id=190, page_id=6300, browser=Firefox
Testing: csp_id=190, page_id=6400, browser=Firefox
Testing: csp_id=190, page_id=6500, browser=Firefox
Testing: csp_id=190, page_id=6600, browser=Firefox
Testing: csp_id=190, page_id=6700, browser=Firefox
Testing: csp_id=190, page_id=6800, browser=Firefox
Testing: csp_id=190, page_id=6900, browser=Firefox
Testing: csp_id=190, page_id=7000, browser=Firefox
Testing: csp_id=190, page_id=7100, browser=Firefox
Testing: csp_id=190, page_id=7200, browser=Firefox
Testing: csp_id=190, page_id=7300, browser=Firefox
Testing: csp_id=190, page_id=7400, browser=Firefox
Testing: csp_id=190, page_id=7500, browser=Firefox
Testing: csp_id=190, page_id=7600, browser=Firefox
Testing: csp_id=190, page_id=7700, browser=Firefox
Testing: csp_id=190, page_id=7800, browser=Firefox
Testing: csp_id=190, page_id=7900, browser=Firefox
Testing: csp_id=190, page_id=8000, browser=Firefox
Testing: csp_id=190, page_id=8100, browser=Firefox
Testing: csp_id=190, page_id=8200, browser=Firefox
Testing: csp_id=190, page_id=8300, browser=Firefox
Testing: csp_id=190, page_id=8400, browser=Firefox
Testing: csp_id=190, page_id=8500, browser=Firefox
Testing: csp_id=190, page_id=8600, browser=Firefox
Testing: csp_id=190, page_id=8700, browser=Firefox
Testing: csp_id=190, page_id=8800, browser=Firefox
Testing: csp_id=190, page_id=8900, browser=Firefox
Testing: csp_id=190, page_id=9000, browser=Firefox
Testing: csp_id=190, page_id=9100, browser=Firefox
Testing: csp_id=190, page_id=9200, browser=Firefox
Testing: csp_id=190, page_id=9300, browser=Firefox
Testing: csp_id=190, page_id=9400, browser=Firefox
Testing: csp_id=190, page_id=9500, browser=Firefox
Testing: csp_id=190, page_id=9600, browser=Firefox
Testing: csp_id=190, page_id=9700, browser=Firefox
Testing: csp_id=190, page_id=9800, browser=Firefox
Testing: csp_id=190, page_id=9900, browser=Firefox
Testing: csp_id=190, page_id=10000, browser=Firefox
Testing: csp_id=190, page_id=10100, browser=Firefox
Testing: csp_id=190, page_id=10200, browser=Firefox
Testing: csp_id=190, page_id=10300, browser=Firefox
Testing: csp_id=190, page_id=10400, browser=Firefox
Testing: csp_id=190, page_id=10500, browser=Firefox
Testing: csp_id=190, page_id=10600, browser=Firefox
Testing: csp_id=190, page_id=10700, browser=Firefox
Testing: csp_id=190, page_id=10800, browser=Firefox
Testing: csp_id=190, page_id=10900, browser=Firefox
Testing: csp_id=190, page_id=11000, browser=Firefox
Testing: csp_id=190, page_id=11100, browser=Firefox
Testing: csp_id=190, page_id=11200, browser=Firefox
Testing: csp_id=190, page_id=11300, browser=Firefox
Testing: csp_id=190, page_id=11400, browser=Firefox
Testing: csp_id=190, page_id=11500, browser=Firefox
Testing: csp_id=190, page_id=11600, browser=Firefox
Testing: csp_id=190, page_id=11700, browser=Firefox
Testing: csp_id=190, page_id=11800, browser=Firefox
Testing: csp_id=190, page_id=11900, browser=Firefox
Testing: csp_id=190, page_id=12000, browser=Firefox
Testing: csp_id=190, page_id=12100, browser=Firefox
Testing: csp_id=190, page_id=12200, browser=Firefox
Testing: csp_id=190, page_id=12300, browser=Firefox
Testing: csp_id=190, page_id=12400, browser=Firefox
Testing: csp_id=190, page_id=12500, browser=Firefox
Testing: csp_id=190, page_id=12600, browser=Firefox
Testing: csp_id=190, page_id=12700, browser=Firefox
Testing: csp_id=190, page_id=12800, browser=Firefox
Testing: csp_id=190, page_id=12900, browser=Firefox
Testing: csp_id=190, page_id=13000, browser=Firefox
Testing: csp_id=190, page_id=13100, browser=Firefox
Testing: csp_id=190, page_id=13200, browser=Firefox
Testing: csp_id=190, page_id=13300, browser=Firefox
Testing: csp_id=190, page_id=13400, browser=Firefox
Testing: csp_id=190, page_id=13500, browser=Firefox
Testing: csp_id=190, page_id=13600, browser=Firefox
Testing: csp_id=190, page_id=13700, browser=Firefox
Testing: csp_id=190, page_id=13800, browser=Firefox
Testing: csp_id=190, page_id=13900, browser=Firefox
Testing: csp_id=190, page_id=14000, browser=Firefox
Testing: csp_id=190, page_id=14100, browser=Firefox
Testing: csp_id=190, page_id=14200, browser=Firefox
Testing: csp_id=190, page_id=14300, browser=Firefox
Testing: csp_id=190, page_id=14400, browser=Firefox
Testing: csp_id=190, page_id=14500, browser=Firefox
Testing: csp_id=190, page_id=14600, browser=Firefox
Testing: csp_id=190, page_id=14700, browser=Firefox
Testing: csp_id=190, page_id=14800, browser=Firefox
Testing: csp_id=190, page_id=14900, browser=Firefox
Testing: csp_id=190, page_id=15000, browser=Firefox
Testing: csp_id=190, page_id=15100, browser=Firefox
Testing: csp_id=190, page_id=15200, browser=Firefox
Testing: csp_id=190, page_id=15300, browser=Firefox
Testing: csp_id=190, page_id=15400, browser=Firefox
Testing: csp_id=190, page_id=15500, browser=Firefox
Testing: csp_id=190, page_id=15600, browser=Firefox
Testing: csp_id=190, page_id=15700, browser=Firefox
Testing: csp_id=190, page_id=15800, browser=Firefox
Testing: csp_id=190, page_id=15900, browser=Firefox
Testing: csp_id=190, page_id=16000, browser=Firefox
Testing: csp_id=190, page_id=16100, browser=Firefox
Testing: csp_id=190, page_id=16200, browser=Firefox
Testing: csp_id=190, page_id=16300, browser=Firefox
Testing: csp_id=190, page_id=16400, browser=Firefox
Testing: csp_id=190, page_id=16500, browser=Firefox
Testing: csp_id=190, page_id=16600, browser=Firefox
Testing: csp_id=190, page_id=16700, browser=Firefox
Testing: csp_id=190, page_id=16800, browser=Firefox
Testing: csp_id=190, page_id=16900, browser=Firefox
Testing: csp_id=190, page_id=17000, browser=Firefox
Testing: csp_id=190, page_id=17100, browser=Firefox
Testing: csp_id=190, page_id=17200, browser=Firefox
Testing: csp_id=190, page_id=17300, browser=Firefox
Testing: csp_id=190, page_id=17400, browser=Firefox
Testing: csp_id=190, page_id=17500, browser=Firefox
Testing: csp_id=190, page_id=17600, browser=Firefox
Testing: csp_id=190, page_id=17700, browser=Firefox
Testing: csp_id=190, page_id=17800, browser=Firefox
Testing: csp_id=190, page_id=17900, browser=Firefox
Testing: csp_id=190, page_id=18000, browser=Firefox
Testing: csp_id=190, page_id=18100, browser=Firefox
Testing: csp_id=190, page_id=18200, browser=Firefox
Testing: csp_id=190, page_id=18300, browser=Firefox
Testing: csp_id=190, page_id=18400, browser=Firefox
Testing: csp_id=190, page_id=18500, browser=Firefox
Testing: csp_id=190, page_id=18600, browser=Firefox
Testing: csp_id=190, page_id=18700, browser=Firefox
Testing: csp_id=190, page_id=18800, browser=Firefox
Testing: csp_id=190, page_id=18900, browser=Firefox
Testing: csp_id=190, page_id=19000, browser=Firefox
Testing: csp_id=190, page_id=19100, browser=Firefox
Testing: csp_id=190, page_id=19200, browser=Firefox
Testing: csp_id=190, page_id=19300, browser=Firefox
Testing: csp_id=190, page_id=19400, browser=Firefox
Testing: csp_id=190, page_id=19500, browser=Firefox
Testing: csp_id=190, page_id=19600, browser=Firefox
Testing: csp_id=190, page_id=19700, browser=Firefox
Testing: csp_id=190, page_id=19800, browser=Firefox
Testing: csp_id=190, page_id=19900, browser=Firefox
Testing: csp_id=190, page_id=20000, browser=Firefox
Testing: csp_id=190, page_id=20100, browser=Firefox
Testing: csp_id=190, page_id=20200, browser=Firefox
Testing: csp_id=190, page_id=20300, browser=Firefox
Testing: csp_id=190, page_id=20400, browser=Firefox
Testing: csp_id=190, page_id=20500, browser=Firefox
Testing: csp_id=190, page_id=20600, browser=Firefox
Testing: csp_id=190, page_id=20700, browser=Firefox
Testing: csp_id=190, page_id=20800, browser=Firefox
Testing: csp_id=190, page_id=20900, browser=Firefox
Testing: csp_id=190, page_id=21000, browser=Firefox
Testing: csp_id=190, page_id=21100, browser=Firefox
Testing: csp_id=190, page_id=21200, browser=Firefox
Testing: csp_id=190, page_id=21300, browser=Firefox
Testing: csp_id=190, page_id=21400, browser=Firefox
Testing: csp_id=190, page_id=21500, browser=Firefox
Testing: csp_id=190, page_id=21600, browser=Firefox
Testing: csp_id=190, page_id=21700, browser=Firefox
Testing: csp_id=190, page_id=21800, browser=Firefox
Testing: csp_id=190, page_id=21900, browser=Firefox
Testing: csp_id=190, page_id=22000, browser=Firefox
Testing: csp_id=190, page_id=22100, browser=Firefox
Testing: csp_id=190, page_id=22200, browser=Firefox
Testing: csp_id=190, page_id=22300, browser=Firefox
Testing: csp_id=190, page_id=22400, browser=Firefox
Testing: csp_id=190, page_id=22500, browser=Firefox
Testing: csp_id=190, page_id=22600, browser=Firefox
Testing: csp_id=190, page_id=22700, browser=Firefox
Testing: csp_id=190, page_id=22800, browser=Firefox
Testing: csp_id=190, page_id=22900, browser=Firefox
Testing: csp_id=190, page_id=23000, browser=Firefox
Testing: csp_id=190, page_id=23100, browser=Firefox
Testing: csp_id=190, page_id=23200, browser=Firefox
Testing: csp_id=190, page_id=23300, browser=Firefox
Testing: csp_id=190, page_id=23400, browser=Firefox
Testing: csp_id=190, page_id=23500, browser=Firefox
Testing: csp_id=190, page_id=23600, browser=Firefox
Testing: csp_id=190, page_id=23700, browser=Firefox
Testing: csp_id=190, page_id=23800, browser=Firefox
Testing: csp_id=190, page_id=23900, browser=Firefox
Testing: csp_id=190, page_id=24000, browser=Firefox
Testing: csp_id=190, page_id=24100, browser=Firefox
Testing: csp_id=190, page_id=24200, browser=Firefox
Testing: csp_id=190, page_id=24300, browser=Firefox
Testing: csp_id=190, page_id=24400, browser=Firefox
Testing: csp_id=190, page_id=24500, browser=Firefox
Testing: csp_id=190, page_id=24600, browser=Firefox
Testing: csp_id=190, page_id=24700, browser=Firefox
Testing: csp_id=190, page_id=24800, browser=Firefox
Testing: csp_id=190, page_id=24900, browser=Firefox
Testing: csp_id=190, page_id=25000, browser=Firefox
Testing: csp_id=190, page_id=25100, browser=Firefox
Testing: csp_id=190, page_id=25200, browser=Firefox
Testing: csp_id=190, page_id=25300, browser=Firefox
Testing: csp_id=190, page_id=25400, browser=Firefox
Testing: csp_id=190, page_id=25500, browser=Firefox
Testing: csp_id=190, page_id=25600, browser=Firefox
Testing: csp_id=190, page_id=25700, browser=Firefox
Testing: csp_id=190, page_id=25800, browser=Firefox
Testing: csp_id=190, page_id=25900, browser=Firefox
Testing: csp_id=190, page_id=26000, browser=Firefox
Testing: csp_id=190, page_id=26100, browser=Firefox
Testing: csp_id=190, page_id=26200, browser=Firefox
Testing: csp_id=190, page_id=26300, browser=Firefox
Testing: csp_id=190, page_id=26400, browser=Firefox
Testing: csp_id=190, page_id=26500, browser=Firefox
Testing: csp_id=190, page_id=26600, browser=Firefox
Testing: csp_id=190, page_id=26700, browser=Firefox
Testing: csp_id=190, page_id=26800, browser=Firefox
Testing: csp_id=190, page_id=26900, browser=Firefox
Testing: csp_id=190, page_id=27000, browser=Firefox
Testing: csp_id=190, page_id=27100, browser=Firefox
Testing: csp_id=190, page_id=27200, browser=Firefox
Testing: csp_id=190, page_id=27300, browser=Firefox
Testing: csp_id=190, page_id=27400, browser=Firefox
Testing: csp_id=190, page_id=27500, browser=Firefox
Testing: csp_id=190, page_id=27600, browser=Firefox
Testing: csp_id=190, page_id=27700, browser=Firefox
Testing: csp_id=190, page_id=27800, browser=Firefox
Testing: csp_id=190, page_id=27900, browser=Firefox
Testing: csp_id=190, page_id=28000, browser=Firefox
Testing: csp_id=190, page_id=28100, browser=Firefox
Testing: csp_id=190, page_id=28200, browser=Firefox
Testing: csp_id=190, page_id=28300, browser=Firefox
Testing: csp_id=190, page_id=28400, browser=Firefox
Testing: csp_id=190, page_id=28500, browser=Firefox
Testing: csp_id=190, page_id=28600, browser=Firefox
Testing: csp_id=190, page_id=28700, browser=Firefox
Testing: csp_id=190, page_id=28800, browser=Firefox
Testing: csp_id=190, page_id=28900, browser=Firefox
Testing: csp_id=190, page_id=29000, browser=Firefox
Testing: csp_id=190, page_id=29100, browser=Firefox
Testing: csp_id=190, page_id=29200, browser=Firefox
Testing: csp_id=190, page_id=29300, browser=Firefox
Testing: csp_id=190, page_id=29400, browser=Firefox
Testing: csp_id=190, page_id=29500, browser=Firefox
Testing: csp_id=190, page_id=29600, browser=Firefox
Testing: csp_id=190, page_id=29700, browser=Firefox
Testing: csp_id=190, page_id=29800, browser=Firefox
🏊 create_context_pools[first] (5x16): 27.187s
Testing: csp_id=202, page_id=0, browser=Firefox
Testing: csp_id=202, page_id=100, browser=Firefox
Testing: csp_id=202, page_id=200, browser=Firefox
Testing: csp_id=202, page_id=300, browser=Firefox
Testing: csp_id=202, page_id=400, browser=Firefox
Testing: csp_id=202, page_id=500, browser=Firefox
Testing: csp_id=202, page_id=600, browser=Firefox
Testing: csp_id=202, page_id=700, browser=Firefox
Testing: csp_id=202, page_id=800, browser=Firefox
Testing: csp_id=202, page_id=900, browser=Firefox
Testing: csp_id=202, page_id=1000, browser=Firefox
Testing: csp_id=202, page_id=1100, browser=Firefox
Testing: csp_id=202, page_id=1200, browser=Firefox
Testing: csp_id=202, page_id=1300, browser=Firefox
Testing: csp_id=202, page_id=1400, browser=Firefox
Testing: csp_id=202, page_id=1500, browser=Firefox
Testing: csp_id=202, page_id=1600, browser=Firefox
Testing: csp_id=202, page_id=1700, browser=Firefox
Testing: csp_id=202, page_id=1800, browser=Firefox
Testing: csp_id=202, page_id=1900, browser=Firefox
Testing: csp_id=202, page_id=2000, browser=Firefox
Testing: csp_id=202, page_id=2100, browser=Firefox
Testing: csp_id=202, page_id=2200, browser=Firefox
Testing: csp_id=202, page_id=2300, browser=Firefox
Testing: csp_id=202, page_id=2400, browser=Firefox
Testing: csp_id=202, page_id=2500, browser=Firefox
Testing: csp_id=202, page_id=2600, browser=Firefox
Testing: csp_id=202, page_id=2700, browser=Firefox
Testing: csp_id=202, page_id=2800, browser=Firefox
Testing: csp_id=202, page_id=2900, browser=Firefox
Testing: csp_id=202, page_id=3000, browser=Firefox
Testing: csp_id=202, page_id=3100, browser=Firefox
Testing: csp_id=202, page_id=3200, browser=Firefox
Testing: csp_id=202, page_id=3300, browser=Firefox
Testing: csp_id=202, page_id=3400, browser=Firefox
Testing: csp_id=202, page_id=3500, browser=Firefox
Testing: csp_id=202, page_id=3600, browser=Firefox
Testing: csp_id=202, page_id=3700, browser=Firefox
Testing: csp_id=202, page_id=3800, browser=Firefox
Testing: csp_id=202, page_id=3900, browser=Firefox
Testing: csp_id=202, page_id=4000, browser=Firefox
Testing: csp_id=202, page_id=4100, browser=Firefox
Testing: csp_id=202, page_id=4200, browser=Firefox
Testing: csp_id=202, page_id=4300, browser=Firefox
Testing: csp_id=202, page_id=4400, browser=Firefox
Testing: csp_id=202, page_id=4500, browser=Firefox
Testing: csp_id=202, page_id=4600, browser=Firefox
Testing: csp_id=202, page_id=4700, browser=Firefox
Testing: csp_id=202, page_id=4800, browser=Firefox
Testing: csp_id=202, page_id=4900, browser=Firefox
Testing: csp_id=202, page_id=5000, browser=Firefox
Testing: csp_id=202, page_id=5100, browser=Firefox
Testing: csp_id=202, page_id=5200, browser=Firefox
Testing: csp_id=202, page_id=5300, browser=Firefox
Testing: csp_id=202, page_id=5400, browser=Firefox
Testing: csp_id=202, page_id=5500, browser=Firefox
Testing: csp_id=202, page_id=5600, browser=Firefox
Testing: csp_id=202, page_id=5700, browser=Firefox
Testing: csp_id=202, page_id=5800, browser=Firefox
Testing: csp_id=202, page_id=5900, browser=Firefox
Testing: csp_id=202, page_id=6000, browser=Firefox
Testing: csp_id=202, page_id=6100, browser=Firefox
Testing: csp_id=202, page_id=6200, browser=Firefox
Testing: csp_id=202, page_id=6300, browser=Firefox
Testing: csp_id=202, page_id=6400, browser=Firefox
Testing: csp_id=202, page_id=6500, browser=Firefox
Testing: csp_id=202, page_id=6600, browser=Firefox
Testing: csp_id=202, page_id=6700, browser=Firefox
Testing: csp_id=202, page_id=6800, browser=Firefox
Testing: csp_id=202, page_id=6900, browser=Firefox
Testing: csp_id=202, page_id=7000, browser=Firefox
Testing: csp_id=202, page_id=7100, browser=Firefox
Testing: csp_id=202, page_id=7200, browser=Firefox
Testing: csp_id=202, page_id=7300, browser=Firefox
Testing: csp_id=202, page_id=7400, browser=Firefox
Testing: csp_id=202, page_id=7500, browser=Firefox
Testing: csp_id=202, page_id=7600, browser=Firefox
Testing: csp_id=202, page_id=7700, browser=Firefox
Testing: csp_id=202, page_id=7800, browser=Firefox
Testing: csp_id=202, page_id=7900, browser=Firefox
Testing: csp_id=202, page_id=8000, browser=Firefox
Testing: csp_id=202, page_id=8100, browser=Firefox
Testing: csp_id=202, page_id=8200, browser=Firefox
Testing: csp_id=202, page_id=8300, browser=Firefox
Testing: csp_id=202, page_id=8400, browser=Firefox
Testing: csp_id=202, page_id=8500, browser=Firefox
Testing: csp_id=202, page_id=8600, browser=Firefox
Testing: csp_id=202, page_id=8700, browser=Firefox
Testing: csp_id=202, page_id=8800, browser=Firefox
Testing: csp_id=202, page_id=8900, browser=Firefox
Testing: csp_id=202, page_id=9000, browser=Firefox
Testing: csp_id=202, page_id=9100, browser=Firefox
Testing: csp_id=202, page_id=9200, browser=Firefox
Testing: csp_id=202, page_id=9300, browser=Firefox
Testing: csp_id=202, page_id=9400, browser=Firefox
Testing: csp_id=202, page_id=9500, browser=Firefox
Testing: csp_id=202, page_id=9600, browser=Firefox
Testing: csp_id=202, page_id=9700, browser=Firefox
Testing: csp_id=202, page_id=9800, browser=Firefox
Testing: csp_id=202, page_id=9900, browser=Firefox
Testing: csp_id=202, page_id=10000, browser=Firefox
Testing: csp_id=202, page_id=10100, browser=Firefox
Testing: csp_id=202, page_id=10200, browser=Firefox
Testing: csp_id=202, page_id=10300, browser=Firefox
Testing: csp_id=202, page_id=10400, browser=Firefox
Testing: csp_id=202, page_id=10500, browser=Firefox
Testing: csp_id=202, page_id=10600, browser=Firefox
Testing: csp_id=202, page_id=10700, browser=Firefox
Testing: csp_id=202, page_id=10800, browser=Firefox
Testing: csp_id=202, page_id=10900, browser=Firefox
Testing: csp_id=202, page_id=11000, browser=Firefox
Testing: csp_id=202, page_id=11100, browser=Firefox
Testing: csp_id=202, page_id=11200, browser=Firefox
Testing: csp_id=202, page_id=11300, browser=Firefox
Testing: csp_id=202, page_id=11400, browser=Firefox
Testing: csp_id=202, page_id=11500, browser=Firefox
Testing: csp_id=202, page_id=11600, browser=Firefox
Testing: csp_id=202, page_id=11700, browser=Firefox
Testing: csp_id=202, page_id=11800, browser=Firefox
Testing: csp_id=202, page_id=11900, browser=Firefox
Testing: csp_id=202, page_id=12000, browser=Firefox
Testing: csp_id=202, page_id=12100, browser=Firefox
Testing: csp_id=202, page_id=12200, browser=Firefox
Testing: csp_id=202, page_id=12300, browser=Firefox
Testing: csp_id=202, page_id=12400, browser=Firefox
Testing: csp_id=202, page_id=12500, browser=Firefox
Testing: csp_id=202, page_id=12600, browser=Firefox
Testing: csp_id=202, page_id=12700, browser=Firefox
Testing: csp_id=202, page_id=12800, browser=Firefox
Testing: csp_id=202, page_id=12900, browser=Firefox
Testing: csp_id=202, page_id=13000, browser=Firefox
Testing: csp_id=202, page_id=13100, browser=Firefox
Testing: csp_id=202, page_id=13200, browser=Firefox
Testing: csp_id=202, page_id=13300, browser=Firefox
Testing: csp_id=202, page_id=13400, browser=Firefox
Testing: csp_id=202, page_id=13500, browser=Firefox
Testing: csp_id=202, page_id=13600, browser=Firefox
Testing: csp_id=202, page_id=13700, browser=Firefox
Testing: csp_id=202, page_id=13800, browser=Firefox
Testing: csp_id=202, page_id=13900, browser=Firefox
Testing: csp_id=202, page_id=14000, browser=Firefox
Testing: csp_id=202, page_id=14100, browser=Firefox
Testing: csp_id=202, page_id=14200, browser=Firefox
Testing: csp_id=202, page_id=14300, browser=Firefox
Testing: csp_id=202, page_id=14400, browser=Firefox
Testing: csp_id=202, page_id=14500, browser=Firefox
Testing: csp_id=202, page_id=14600, browser=Firefox
Testing: csp_id=202, page_id=14700, browser=Firefox
Testing: csp_id=202, page_id=14800, browser=Firefox
Testing: csp_id=202, page_id=14900, browser=Firefox
Testing: csp_id=202, page_id=15000, browser=Firefox
Testing: csp_id=202, page_id=15100, browser=Firefox
Testing: csp_id=202, page_id=15200, browser=Firefox
Testing: csp_id=202, page_id=15300, browser=Firefox
Testing: csp_id=202, page_id=15400, browser=Firefox
Testing: csp_id=202, page_id=15500, browser=Firefox
Testing: csp_id=202, page_id=15600, browser=Firefox
Testing: csp_id=202, page_id=15700, browser=Firefox
Testing: csp_id=202, page_id=15800, browser=Firefox
Testing: csp_id=202, page_id=15900, browser=Firefox
Testing: csp_id=202, page_id=16000, browser=Firefox
Testing: csp_id=202, page_id=16100, browser=Firefox
Testing: csp_id=202, page_id=16200, browser=Firefox
Testing: csp_id=202, page_id=16300, browser=Firefox
Testing: csp_id=202, page_id=16400, browser=Firefox
Testing: csp_id=202, page_id=16500, browser=Firefox
Testing: csp_id=202, page_id=16600, browser=Firefox
Testing: csp_id=202, page_id=16700, browser=Firefox
Testing: csp_id=202, page_id=16800, browser=Firefox
Testing: csp_id=202, page_id=16900, browser=Firefox
Testing: csp_id=202, page_id=17000, browser=Firefox
Testing: csp_id=202, page_id=17100, browser=Firefox
Testing: csp_id=202, page_id=17200, browser=Firefox
Testing: csp_id=202, page_id=17300, browser=Firefox
Testing: csp_id=202, page_id=17400, browser=Firefox
Testing: csp_id=202, page_id=17500, browser=Firefox
Testing: csp_id=202, page_id=17600, browser=Firefox
Testing: csp_id=202, page_id=17700, browser=Firefox
Testing: csp_id=202, page_id=17800, browser=Firefox
Testing: csp_id=202, page_id=17900, browser=Firefox
Testing: csp_id=202, page_id=18000, browser=Firefox
Testing: csp_id=202, page_id=18100, browser=Firefox
Testing: csp_id=202, page_id=18200, browser=Firefox
Testing: csp_id=202, page_id=18300, browser=Firefox
Testing: csp_id=202, page_id=18400, browser=Firefox
Testing: csp_id=202, page_id=18500, browser=Firefox
Testing: csp_id=202, page_id=18600, browser=Firefox
Testing: csp_id=202, page_id=18700, browser=Firefox
Testing: csp_id=202, page_id=18800, browser=Firefox
Testing: csp_id=202, page_id=18900, browser=Firefox
Testing: csp_id=202, page_id=19000, browser=Firefox
Testing: csp_id=202, page_id=19100, browser=Firefox
Testing: csp_id=202, page_id=19200, browser=Firefox
Testing: csp_id=202, page_id=19300, browser=Firefox
Testing: csp_id=202, page_id=19400, browser=Firefox
Testing: csp_id=202, page_id=19500, browser=Firefox
Testing: csp_id=202, page_id=19600, browser=Firefox
Testing: csp_id=202, page_id=19700, browser=Firefox
Testing: csp_id=202, page_id=19800, browser=Firefox
Testing: csp_id=202, page_id=19900, browser=Firefox
Testing: csp_id=202, page_id=20000, browser=Firefox
Testing: csp_id=202, page_id=20100, browser=Firefox
Testing: csp_id=202, page_id=20200, browser=Firefox
Testing: csp_id=202, page_id=20300, browser=Firefox
Testing: csp_id=202, page_id=20400, browser=Firefox
Testing: csp_id=202, page_id=20500, browser=Firefox
Testing: csp_id=202, page_id=20600, browser=Firefox
Testing: csp_id=202, page_id=20700, browser=Firefox
Testing: csp_id=202, page_id=20800, browser=Firefox
Testing: csp_id=202, page_id=20900, browser=Firefox
Testing: csp_id=202, page_id=21000, browser=Firefox
Testing: csp_id=202, page_id=21100, browser=Firefox
Testing: csp_id=202, page_id=21200, browser=Firefox
Testing: csp_id=202, page_id=21300, browser=Firefox
Testing: csp_id=202, page_id=21400, browser=Firefox
Testing: csp_id=202, page_id=21500, browser=Firefox
Testing: csp_id=202, page_id=21600, browser=Firefox
Testing: csp_id=202, page_id=21700, browser=Firefox
Testing: csp_id=202, page_id=21800, browser=Firefox
Testing: csp_id=202, page_id=21900, browser=Firefox
Testing: csp_id=202, page_id=22000, browser=Firefox
Testing: csp_id=202, page_id=22100, browser=Firefox
Testing: csp_id=202, page_id=22200, browser=Firefox
Testing: csp_id=202, page_id=22300, browser=Firefox
Testing: csp_id=202, page_id=22400, browser=Firefox
Testing: csp_id=202, page_id=22500, browser=Firefox
Testing: csp_id=202, page_id=22600, browser=Firefox
Testing: csp_id=202, page_id=22700, browser=Firefox
Testing: csp_id=202, page_id=22800, browser=Firefox
Testing: csp_id=202, page_id=22900, browser=Firefox
Testing: csp_id=202, page_id=23000, browser=Firefox
Testing: csp_id=202, page_id=23100, browser=Firefox
Testing: csp_id=202, page_id=23200, browser=Firefox
Testing: csp_id=202, page_id=23300, browser=Firefox
Testing: csp_id=202, page_id=23400, browser=Firefox
Testing: csp_id=202, page_id=23500, browser=Firefox
Testing: csp_id=202, page_id=23600, browser=Firefox
Testing: csp_id=202, page_id=23700, browser=Firefox
Testing: csp_id=202, page_id=23800, browser=Firefox
Testing: csp_id=202, page_id=23900, browser=Firefox
Testing: csp_id=202, page_id=24000, browser=Firefox
Testing: csp_id=202, page_id=24100, browser=Firefox
Testing: csp_id=202, page_id=24200, browser=Firefox
Testing: csp_id=202, page_id=24300, browser=Firefox
Testing: csp_id=202, page_id=24400, browser=Firefox
Testing: csp_id=202, page_id=24500, browser=Firefox
Testing: csp_id=202, page_id=24600, browser=Firefox
Testing: csp_id=202, page_id=24700, browser=Firefox
Testing: csp_id=202, page_id=24800, browser=Firefox
Testing: csp_id=202, page_id=24900, browser=Firefox
Testing: csp_id=202, page_id=25000, browser=Firefox
Testing: csp_id=202, page_id=25100, browser=Firefox
Testing: csp_id=202, page_id=25200, browser=Firefox
Testing: csp_id=202, page_id=25300, browser=Firefox
Testing: csp_id=202, page_id=25400, browser=Firefox
Testing: csp_id=202, page_id=25500, browser=Firefox
Testing: csp_id=202, page_id=25600, browser=Firefox
Testing: csp_id=202, page_id=25700, browser=Firefox
Testing: csp_id=202, page_id=25800, browser=Firefox
Testing: csp_id=202, page_id=25900, browser=Firefox
Testing: csp_id=202, page_id=26000, browser=Firefox
Testing: csp_id=202, page_id=26100, browser=Firefox
Testing: csp_id=202, page_id=26200, browser=Firefox
Testing: csp_id=202, page_id=26300, browser=Firefox
Testing: csp_id=202, page_id=26400, browser=Firefox
Testing: csp_id=202, page_id=26500, browser=Firefox
Testing: csp_id=202, page_id=26600, browser=Firefox
Testing: csp_id=202, page_id=26700, browser=Firefox
Testing: csp_id=202, page_id=26800, browser=Firefox
Testing: csp_id=202, page_id=26900, browser=Firefox
Testing: csp_id=202, page_id=27000, browser=Firefox
Testing: csp_id=202, page_id=27100, browser=Firefox
Testing: csp_id=202, page_id=27200, browser=Firefox
Testing: csp_id=202, page_id=27300, browser=Firefox
Testing: csp_id=202, page_id=27400, browser=Firefox
Testing: csp_id=202, page_id=27500, browser=Firefox
Testing: csp_id=202, page_id=27600, browser=Firefox
Testing: csp_id=202, page_id=27700, browser=Firefox
Testing: csp_id=202, page_id=27800, browser=Firefox
Testing: csp_id=202, page_id=27900, browser=Firefox
Testing: csp_id=202, page_id=28000, browser=Firefox
Testing: csp_id=202, page_id=28100, browser=Firefox
Testing: csp_id=202, page_id=28200, browser=Firefox
Testing: csp_id=202, page_id=28300, browser=Firefox
Testing: csp_id=202, page_id=28400, browser=Firefox
Testing: csp_id=202, page_id=28500, browser=Firefox
Testing: csp_id=202, page_id=28600, browser=Firefox
Testing: csp_id=202, page_id=28700, browser=Firefox
Testing: csp_id=202, page_id=28800, browser=Firefox
Testing: csp_id=202, page_id=28900, browser=Firefox
Testing: csp_id=202, page_id=29000, browser=Firefox
Testing: csp_id=202, page_id=29100, browser=Firefox
Testing: csp_id=202, page_id=29200, browser=Firefox
Testing: csp_id=202, page_id=29300, browser=Firefox
Testing: csp_id=202, page_id=29400, browser=Firefox
Testing: csp_id=202, page_id=29500, browser=Firefox
Testing: csp_id=202, page_id=29600, browser=Firefox
Testing: csp_id=202, page_id=29700, browser=Firefox
Testing: csp_id=202, page_id=29800, browser=Firefox
🏊 create_context_pools[first] (5x16): 28.713s
Testing: csp_id=212, page_id=0, browser=Firefox
Testing: csp_id=212, page_id=100, browser=Firefox
Testing: csp_id=212, page_id=200, browser=Firefox
Testing: csp_id=212, page_id=300, browser=Firefox
Testing: csp_id=212, page_id=400, browser=Firefox
Testing: csp_id=212, page_id=500, browser=Firefox
Testing: csp_id=212, page_id=600, browser=Firefox
Testing: csp_id=212, page_id=700, browser=Firefox
Testing: csp_id=212, page_id=800, browser=Firefox
Testing: csp_id=212, page_id=900, browser=Firefox
Testing: csp_id=212, page_id=1000, browser=Firefox
Testing: csp_id=212, page_id=1100, browser=Firefox
Testing: csp_id=212, page_id=1200, browser=Firefox
Testing: csp_id=212, page_id=1300, browser=Firefox
Testing: csp_id=212, page_id=1400, browser=Firefox
Testing: csp_id=212, page_id=1500, browser=Firefox
Testing: csp_id=212, page_id=1600, browser=Firefox
Testing: csp_id=212, page_id=1700, browser=Firefox
Testing: csp_id=212, page_id=1800, browser=Firefox
Testing: csp_id=212, page_id=1900, browser=Firefox
Testing: csp_id=212, page_id=2000, browser=Firefox
Testing: csp_id=212, page_id=2100, browser=Firefox
Testing: csp_id=212, page_id=2200, browser=Firefox
Testing: csp_id=212, page_id=2300, browser=Firefox
Testing: csp_id=212, page_id=2400, browser=Firefox
Testing: csp_id=212, page_id=2500, browser=Firefox
Testing: csp_id=212, page_id=2600, browser=Firefox
Testing: csp_id=212, page_id=2700, browser=Firefox
Testing: csp_id=212, page_id=2800, browser=Firefox
Testing: csp_id=212, page_id=2900, browser=Firefox
Testing: csp_id=212, page_id=3000, browser=Firefox
Testing: csp_id=212, page_id=3100, browser=Firefox
Testing: csp_id=212, page_id=3200, browser=Firefox
Testing: csp_id=212, page_id=3300, browser=Firefox
Testing: csp_id=212, page_id=3400, browser=Firefox
Testing: csp_id=212, page_id=3500, browser=Firefox
Testing: csp_id=212, page_id=3600, browser=Firefox
Testing: csp_id=212, page_id=3700, browser=Firefox
Testing: csp_id=212, page_id=3800, browser=Firefox
Testing: csp_id=212, page_id=3900, browser=Firefox
Testing: csp_id=212, page_id=4000, browser=Firefox
Testing: csp_id=212, page_id=4100, browser=Firefox
Testing: csp_id=212, page_id=4200, browser=Firefox
Testing: csp_id=212, page_id=4300, browser=Firefox
Testing: csp_id=212, page_id=4400, browser=Firefox
Testing: csp_id=212, page_id=4500, browser=Firefox
Testing: csp_id=212, page_id=4600, browser=Firefox
Testing: csp_id=212, page_id=4700, browser=Firefox
Testing: csp_id=212, page_id=4800, browser=Firefox
Testing: csp_id=212, page_id=4900, browser=Firefox
Testing: csp_id=212, page_id=5000, browser=Firefox
Testing: csp_id=212, page_id=5100, browser=Firefox
Testing: csp_id=212, page_id=5200, browser=Firefox
Testing: csp_id=212, page_id=5300, browser=Firefox
Testing: csp_id=212, page_id=5400, browser=Firefox
Testing: csp_id=212, page_id=5500, browser=Firefox
Testing: csp_id=212, page_id=5600, browser=Firefox
Testing: csp_id=212, page_id=5700, browser=Firefox
Testing: csp_id=212, page_id=5800, browser=Firefox
Testing: csp_id=212, page_id=5900, browser=Firefox
Testing: csp_id=212, page_id=6000, browser=Firefox
Testing: csp_id=212, page_id=6100, browser=Firefox
Testing: csp_id=212, page_id=6200, browser=Firefox
Testing: csp_id=212, page_id=6300, browser=Firefox
Testing: csp_id=212, page_id=6400, browser=Firefox
Testing: csp_id=212, page_id=6500, browser=Firefox
Testing: csp_id=212, page_id=6600, browser=Firefox
Testing: csp_id=212, page_id=6700, browser=Firefox
Testing: csp_id=212, page_id=6800, browser=Firefox
Testing: csp_id=212, page_id=6900, browser=Firefox
Testing: csp_id=212, page_id=7000, browser=Firefox
Testing: csp_id=212, page_id=7100, browser=Firefox
Testing: csp_id=212, page_id=7200, browser=Firefox
Testing: csp_id=212, page_id=7300, browser=Firefox
Testing: csp_id=212, page_id=7400, browser=Firefox
Testing: csp_id=212, page_id=7500, browser=Firefox
Testing: csp_id=212, page_id=7600, browser=Firefox
Testing: csp_id=212, page_id=7700, browser=Firefox
Testing: csp_id=212, page_id=7800, browser=Firefox
Testing: csp_id=212, page_id=7900, browser=Firefox
Testing: csp_id=212, page_id=8000, browser=Firefox
Testing: csp_id=212, page_id=8100, browser=Firefox
Testing: csp_id=212, page_id=8200, browser=Firefox
Testing: csp_id=212, page_id=8300, browser=Firefox
Testing: csp_id=212, page_id=8400, browser=Firefox
Testing: csp_id=212, page_id=8500, browser=Firefox
Testing: csp_id=212, page_id=8600, browser=Firefox
Testing: csp_id=212, page_id=8700, browser=Firefox
Testing: csp_id=212, page_id=8800, browser=Firefox
Testing: csp_id=212, page_id=8900, browser=Firefox
Testing: csp_id=212, page_id=9000, browser=Firefox
Testing: csp_id=212, page_id=9100, browser=Firefox
Testing: csp_id=212, page_id=9200, browser=Firefox
Testing: csp_id=212, page_id=9300, browser=Firefox
Testing: csp_id=212, page_id=9400, browser=Firefox
Testing: csp_id=212, page_id=9500, browser=Firefox
Testing: csp_id=212, page_id=9600, browser=Firefox
Testing: csp_id=212, page_id=9700, browser=Firefox
Testing: csp_id=212, page_id=9800, browser=Firefox
Testing: csp_id=212, page_id=9900, browser=Firefox
Testing: csp_id=212, page_id=10000, browser=Firefox
Testing: csp_id=212, page_id=10100, browser=Firefox
Testing: csp_id=212, page_id=10200, browser=Firefox
Testing: csp_id=212, page_id=10300, browser=Firefox
Testing: csp_id=212, page_id=10400, browser=Firefox
Testing: csp_id=212, page_id=10500, browser=Firefox
Testing: csp_id=212, page_id=10600, browser=Firefox
Testing: csp_id=212, page_id=10700, browser=Firefox
Testing: csp_id=212, page_id=10800, browser=Firefox
Testing: csp_id=212, page_id=10900, browser=Firefox
Testing: csp_id=212, page_id=11000, browser=Firefox
Testing: csp_id=212, page_id=11100, browser=Firefox
Testing: csp_id=212, page_id=11200, browser=Firefox
Testing: csp_id=212, page_id=11300, browser=Firefox
Testing: csp_id=212, page_id=11400, browser=Firefox
Testing: csp_id=212, page_id=11500, browser=Firefox
Testing: csp_id=212, page_id=11600, browser=Firefox
Testing: csp_id=212, page_id=11700, browser=Firefox
Testing: csp_id=212, page_id=11800, browser=Firefox
Testing: csp_id=212, page_id=11900, browser=Firefox
Testing: csp_id=212, page_id=12000, browser=Firefox
Testing: csp_id=212, page_id=12100, browser=Firefox
Testing: csp_id=212, page_id=12200, browser=Firefox
Testing: csp_id=212, page_id=12300, browser=Firefox
Testing: csp_id=212, page_id=12400, browser=Firefox
Testing: csp_id=212, page_id=12500, browser=Firefox
Testing: csp_id=212, page_id=12600, browser=Firefox
Testing: csp_id=212, page_id=12700, browser=Firefox
Testing: csp_id=212, page_id=12800, browser=Firefox
Testing: csp_id=212, page_id=12900, browser=Firefox
Testing: csp_id=212, page_id=13000, browser=Firefox
Testing: csp_id=212, page_id=13100, browser=Firefox
Testing: csp_id=212, page_id=13200, browser=Firefox
Testing: csp_id=212, page_id=13300, browser=Firefox
Testing: csp_id=212, page_id=13400, browser=Firefox
Testing: csp_id=212, page_id=13500, browser=Firefox
Testing: csp_id=212, page_id=13600, browser=Firefox
Testing: csp_id=212, page_id=13700, browser=Firefox
Testing: csp_id=212, page_id=13800, browser=Firefox
Testing: csp_id=212, page_id=13900, browser=Firefox
Testing: csp_id=212, page_id=14000, browser=Firefox
Testing: csp_id=212, page_id=14100, browser=Firefox
Testing: csp_id=212, page_id=14200, browser=Firefox
Testing: csp_id=212, page_id=14300, browser=Firefox
Testing: csp_id=212, page_id=14400, browser=Firefox
Testing: csp_id=212, page_id=14500, browser=Firefox
Testing: csp_id=212, page_id=14600, browser=Firefox
Testing: csp_id=212, page_id=14700, browser=Firefox
Testing: csp_id=212, page_id=14800, browser=Firefox
Testing: csp_id=212, page_id=14900, browser=Firefox
Testing: csp_id=212, page_id=15000, browser=Firefox
Testing: csp_id=212, page_id=15100, browser=Firefox
Testing: csp_id=212, page_id=15200, browser=Firefox
Testing: csp_id=212, page_id=15300, browser=Firefox
Testing: csp_id=212, page_id=15400, browser=Firefox
Testing: csp_id=212, page_id=15500, browser=Firefox
Testing: csp_id=212, page_id=15600, browser=Firefox
Testing: csp_id=212, page_id=15700, browser=Firefox
Testing: csp_id=212, page_id=15800, browser=Firefox
Testing: csp_id=212, page_id=15900, browser=Firefox
Testing: csp_id=212, page_id=16000, browser=Firefox
Testing: csp_id=212, page_id=16100, browser=Firefox
Testing: csp_id=212, page_id=16200, browser=Firefox
Testing: csp_id=212, page_id=16300, browser=Firefox
Testing: csp_id=212, page_id=16400, browser=Firefox
Testing: csp_id=212, page_id=16500, browser=Firefox
Testing: csp_id=212, page_id=16600, browser=Firefox
Testing: csp_id=212, page_id=16700, browser=Firefox
Testing: csp_id=212, page_id=16800, browser=Firefox
Testing: csp_id=212, page_id=16900, browser=Firefox
Testing: csp_id=212, page_id=17000, browser=Firefox
Testing: csp_id=212, page_id=17100, browser=Firefox
Testing: csp_id=212, page_id=17200, browser=Firefox
Testing: csp_id=212, page_id=17300, browser=Firefox
Testing: csp_id=212, page_id=17400, browser=Firefox
Testing: csp_id=212, page_id=17500, browser=Firefox
Testing: csp_id=212, page_id=17600, browser=Firefox
Testing: csp_id=212, page_id=17700, browser=Firefox
Testing: csp_id=212, page_id=17800, browser=Firefox
Testing: csp_id=212, page_id=17900, browser=Firefox
Testing: csp_id=212, page_id=18000, browser=Firefox
Testing: csp_id=212, page_id=18100, browser=Firefox
Testing: csp_id=212, page_id=18200, browser=Firefox
Testing: csp_id=212, page_id=18300, browser=Firefox
Testing: csp_id=212, page_id=18400, browser=Firefox
Testing: csp_id=212, page_id=18500, browser=Firefox
Testing: csp_id=212, page_id=18600, browser=Firefox
Testing: csp_id=212, page_id=18700, browser=Firefox
Testing: csp_id=212, page_id=18800, browser=Firefox
Testing: csp_id=212, page_id=18900, browser=Firefox
Testing: csp_id=212, page_id=19000, browser=Firefox
Testing: csp_id=212, page_id=19100, browser=Firefox
Testing: csp_id=212, page_id=19200, browser=Firefox
Testing: csp_id=212, page_id=19300, browser=Firefox
Testing: csp_id=212, page_id=19400, browser=Firefox
Testing: csp_id=212, page_id=19500, browser=Firefox
Testing: csp_id=212, page_id=19600, browser=Firefox
Testing: csp_id=212, page_id=19700, browser=Firefox
Testing: csp_id=212, page_id=19800, browser=Firefox
Testing: csp_id=212, page_id=19900, browser=Firefox
Testing: csp_id=212, page_id=20000, browser=Firefox
Testing: csp_id=212, page_id=20100, browser=Firefox
Testing: csp_id=212, page_id=20200, browser=Firefox
Testing: csp_id=212, page_id=20300, browser=Firefox
Testing: csp_id=212, page_id=20400, browser=Firefox
Testing: csp_id=212, page_id=20500, browser=Firefox
Testing: csp_id=212, page_id=20600, browser=Firefox
Testing: csp_id=212, page_id=20700, browser=Firefox
Testing: csp_id=212, page_id=20800, browser=Firefox
Testing: csp_id=212, page_id=20900, browser=Firefox
Testing: csp_id=212, page_id=21000, browser=Firefox
Testing: csp_id=212, page_id=21100, browser=Firefox
Testing: csp_id=212, page_id=21200, browser=Firefox
Testing: csp_id=212, page_id=21300, browser=Firefox
Testing: csp_id=212, page_id=21400, browser=Firefox
Testing: csp_id=212, page_id=21500, browser=Firefox
Testing: csp_id=212, page_id=21600, browser=Firefox
Testing: csp_id=212, page_id=21700, browser=Firefox
Testing: csp_id=212, page_id=21800, browser=Firefox
Testing: csp_id=212, page_id=21900, browser=Firefox
Testing: csp_id=212, page_id=22000, browser=Firefox
Testing: csp_id=212, page_id=22100, browser=Firefox
Testing: csp_id=212, page_id=22200, browser=Firefox
Testing: csp_id=212, page_id=22300, browser=Firefox
Testing: csp_id=212, page_id=22400, browser=Firefox
Testing: csp_id=212, page_id=22500, browser=Firefox
Testing: csp_id=212, page_id=22600, browser=Firefox
Testing: csp_id=212, page_id=22700, browser=Firefox
Testing: csp_id=212, page_id=22800, browser=Firefox
Testing: csp_id=212, page_id=22900, browser=Firefox
Testing: csp_id=212, page_id=23000, browser=Firefox
Testing: csp_id=212, page_id=23100, browser=Firefox
Testing: csp_id=212, page_id=23200, browser=Firefox
Testing: csp_id=212, page_id=23300, browser=Firefox
Testing: csp_id=212, page_id=23400, browser=Firefox
Testing: csp_id=212, page_id=23500, browser=Firefox
Testing: csp_id=212, page_id=23600, browser=Firefox
Testing: csp_id=212, page_id=23700, browser=Firefox
Testing: csp_id=212, page_id=23800, browser=Firefox
Testing: csp_id=212, page_id=23900, browser=Firefox
Testing: csp_id=212, page_id=24000, browser=Firefox
Testing: csp_id=212, page_id=24100, browser=Firefox
Testing: csp_id=212, page_id=24200, browser=Firefox
Testing: csp_id=212, page_id=24300, browser=Firefox
Testing: csp_id=212, page_id=24400, browser=Firefox
Testing: csp_id=212, page_id=24500, browser=Firefox
Testing: csp_id=212, page_id=24600, browser=Firefox
Testing: csp_id=212, page_id=24700, browser=Firefox
Testing: csp_id=212, page_id=24800, browser=Firefox
Testing: csp_id=212, page_id=24900, browser=Firefox
Testing: csp_id=212, page_id=25000, browser=Firefox
Testing: csp_id=212, page_id=25100, browser=Firefox
Testing: csp_id=212, page_id=25200, browser=Firefox
Testing: csp_id=212, page_id=25300, browser=Firefox
Testing: csp_id=212, page_id=25400, browser=Firefox
Testing: csp_id=212, page_id=25500, browser=Firefox
Testing: csp_id=212, page_id=25600, browser=Firefox
Testing: csp_id=212, page_id=25700, browser=Firefox
Testing: csp_id=212, page_id=25800, browser=Firefox
Testing: csp_id=212, page_id=25900, browser=Firefox
Testing: csp_id=212, page_id=26000, browser=Firefox
Testing: csp_id=212, page_id=26100, browser=Firefox
Testing: csp_id=212, page_id=26200, browser=Firefox
Testing: csp_id=212, page_id=26300, browser=Firefox
Testing: csp_id=212, page_id=26400, browser=Firefox
Testing: csp_id=212, page_id=26500, browser=Firefox
Testing: csp_id=212, page_id=26600, browser=Firefox
Testing: csp_id=212, page_id=26700, browser=Firefox
Testing: csp_id=212, page_id=26800, browser=Firefox
Testing: csp_id=212, page_id=26900, browser=Firefox
Testing: csp_id=212, page_id=27000, browser=Firefox
Testing: csp_id=212, page_id=27100, browser=Firefox
Testing: csp_id=212, page_id=27200, browser=Firefox
Testing: csp_id=212, page_id=27300, browser=Firefox
Testing: csp_id=212, page_id=27400, browser=Firefox
Testing: csp_id=212, page_id=27500, browser=Firefox
Testing: csp_id=212, page_id=27600, browser=Firefox
Testing: csp_id=212, page_id=27700, browser=Firefox
Testing: csp_id=212, page_id=27800, browser=Firefox
Testing: csp_id=212, page_id=27900, browser=Firefox
Testing: csp_id=212, page_id=28000, browser=Firefox
Testing: csp_id=212, page_id=28100, browser=Firefox
Testing: csp_id=212, page_id=28200, browser=Firefox
Testing: csp_id=212, page_id=28300, browser=Firefox
Testing: csp_id=212, page_id=28400, browser=Firefox
Testing: csp_id=212, page_id=28500, browser=Firefox
Testing: csp_id=212, page_id=28600, browser=Firefox
Testing: csp_id=212, page_id=28700, browser=Firefox
Testing: csp_id=212, page_id=28800, browser=Firefox
Testing: csp_id=212, page_id=28900, browser=Firefox
Testing: csp_id=212, page_id=29000, browser=Firefox
Testing: csp_id=212, page_id=29100, browser=Firefox
Testing: csp_id=212, page_id=29200, browser=Firefox
Testing: csp_id=212, page_id=29300, browser=Firefox
Testing: csp_id=212, page_id=29400, browser=Firefox
Testing: csp_id=212, page_id=29500, browser=Firefox
Testing: csp_id=212, page_id=29600, browser=Firefox
Testing: csp_id=212, page_id=29700, browser=Firefox
Testing: csp_id=212, page_id=29800, browser=Firefox
🏊 create_context_pools[first] (5x16): 26.138s
Testing: csp_id=223, page_id=0, browser=Firefox
Testing: csp_id=223, page_id=100, browser=Firefox
Testing: csp_id=223, page_id=200, browser=Firefox
Testing: csp_id=223, page_id=300, browser=Firefox
Testing: csp_id=223, page_id=400, browser=Firefox
Testing: csp_id=223, page_id=500, browser=Firefox
Testing: csp_id=223, page_id=600, browser=Firefox
Testing: csp_id=223, page_id=700, browser=Firefox
Testing: csp_id=223, page_id=800, browser=Firefox
Testing: csp_id=223, page_id=900, browser=Firefox
Testing: csp_id=223, page_id=1000, browser=Firefox
Testing: csp_id=223, page_id=1100, browser=Firefox
Testing: csp_id=223, page_id=1200, browser=Firefox
Testing: csp_id=223, page_id=1300, browser=Firefox
Testing: csp_id=223, page_id=1400, browser=Firefox
Testing: csp_id=223, page_id=1500, browser=Firefox
Testing: csp_id=223, page_id=1600, browser=Firefox
Testing: csp_id=223, page_id=1700, browser=Firefox
Testing: csp_id=223, page_id=1800, browser=Firefox
Testing: csp_id=223, page_id=1900, browser=Firefox
Testing: csp_id=223, page_id=2000, browser=Firefox
Testing: csp_id=223, page_id=2100, browser=Firefox
Testing: csp_id=223, page_id=2200, browser=Firefox
Testing: csp_id=223, page_id=2300, browser=Firefox
Testing: csp_id=223, page_id=2400, browser=Firefox
Testing: csp_id=223, page_id=2500, browser=Firefox
Testing: csp_id=223, page_id=2600, browser=Firefox
Testing: csp_id=223, page_id=2700, browser=Firefox
Testing: csp_id=223, page_id=2800, browser=Firefox
Testing: csp_id=223, page_id=2900, browser=Firefox
Testing: csp_id=223, page_id=3000, browser=Firefox
Testing: csp_id=223, page_id=3100, browser=Firefox
Testing: csp_id=223, page_id=3200, browser=Firefox
Testing: csp_id=223, page_id=3300, browser=Firefox
Testing: csp_id=223, page_id=3400, browser=Firefox
Testing: csp_id=223, page_id=3500, browser=Firefox
Testing: csp_id=223, page_id=3600, browser=Firefox
Testing: csp_id=223, page_id=3700, browser=Firefox
Testing: csp_id=223, page_id=3800, browser=Firefox
Testing: csp_id=223, page_id=3900, browser=Firefox
Testing: csp_id=223, page_id=4000, browser=Firefox
Testing: csp_id=223, page_id=4100, browser=Firefox
Testing: csp_id=223, page_id=4200, browser=Firefox
Testing: csp_id=223, page_id=4300, browser=Firefox
Testing: csp_id=223, page_id=4400, browser=Firefox
Testing: csp_id=223, page_id=4500, browser=Firefox
Testing: csp_id=223, page_id=4600, browser=Firefox
Testing: csp_id=223, page_id=4700, browser=Firefox
Testing: csp_id=223, page_id=4800, browser=Firefox
Testing: csp_id=223, page_id=4900, browser=Firefox
Testing: csp_id=223, page_id=5000, browser=Firefox
Testing: csp_id=223, page_id=5100, browser=Firefox
Testing: csp_id=223, page_id=5200, browser=Firefox
Testing: csp_id=223, page_id=5300, browser=Firefox
Testing: csp_id=223, page_id=5400, browser=Firefox
Testing: csp_id=223, page_id=5500, browser=Firefox
Testing: csp_id=223, page_id=5600, browser=Firefox
Testing: csp_id=223, page_id=5700, browser=Firefox
Testing: csp_id=223, page_id=5800, browser=Firefox
Testing: csp_id=223, page_id=5900, browser=Firefox
Testing: csp_id=223, page_id=6000, browser=Firefox
Testing: csp_id=223, page_id=6100, browser=Firefox
Testing: csp_id=223, page_id=6200, browser=Firefox
Testing: csp_id=223, page_id=6300, browser=Firefox
Testing: csp_id=223, page_id=6400, browser=Firefox
Testing: csp_id=223, page_id=6500, browser=Firefox
Testing: csp_id=223, page_id=6600, browser=Firefox
Testing: csp_id=223, page_id=6700, browser=Firefox
Testing: csp_id=223, page_id=6800, browser=Firefox
Testing: csp_id=223, page_id=6900, browser=Firefox
Testing: csp_id=223, page_id=7000, browser=Firefox
Testing: csp_id=223, page_id=7100, browser=Firefox
Testing: csp_id=223, page_id=7200, browser=Firefox
Testing: csp_id=223, page_id=7300, browser=Firefox
Testing: csp_id=223, page_id=7400, browser=Firefox
Testing: csp_id=223, page_id=7500, browser=Firefox
Testing: csp_id=223, page_id=7600, browser=Firefox
Testing: csp_id=223, page_id=7700, browser=Firefox
Testing: csp_id=223, page_id=7800, browser=Firefox
Testing: csp_id=223, page_id=7900, browser=Firefox
Testing: csp_id=223, page_id=8000, browser=Firefox
Testing: csp_id=223, page_id=8100, browser=Firefox
Testing: csp_id=223, page_id=8200, browser=Firefox
Testing: csp_id=223, page_id=8300, browser=Firefox
Testing: csp_id=223, page_id=8400, browser=Firefox
Testing: csp_id=223, page_id=8500, browser=Firefox
Testing: csp_id=223, page_id=8600, browser=Firefox
Testing: csp_id=223, page_id=8700, browser=Firefox
Testing: csp_id=223, page_id=8800, browser=Firefox
Testing: csp_id=223, page_id=8900, browser=Firefox
Testing: csp_id=223, page_id=9000, browser=Firefox
Testing: csp_id=223, page_id=9100, browser=Firefox
Testing: csp_id=223, page_id=9200, browser=Firefox
Testing: csp_id=223, page_id=9300, browser=Firefox
Testing: csp_id=223, page_id=9400, browser=Firefox
Testing: csp_id=223, page_id=9500, browser=Firefox
Testing: csp_id=223, page_id=9600, browser=Firefox
Testing: csp_id=223, page_id=9700, browser=Firefox
Testing: csp_id=223, page_id=9800, browser=Firefox
Testing: csp_id=223, page_id=9900, browser=Firefox
Testing: csp_id=223, page_id=10000, browser=Firefox
Testing: csp_id=223, page_id=10100, browser=Firefox
Testing: csp_id=223, page_id=10200, browser=Firefox
Testing: csp_id=223, page_id=10300, browser=Firefox
Testing: csp_id=223, page_id=10400, browser=Firefox
Testing: csp_id=223, page_id=10500, browser=Firefox
Testing: csp_id=223, page_id=10600, browser=Firefox
Testing: csp_id=223, page_id=10700, browser=Firefox
Testing: csp_id=223, page_id=10800, browser=Firefox
Testing: csp_id=223, page_id=10900, browser=Firefox
Testing: csp_id=223, page_id=11000, browser=Firefox
Testing: csp_id=223, page_id=11100, browser=Firefox
Testing: csp_id=223, page_id=11200, browser=Firefox
Testing: csp_id=223, page_id=11300, browser=Firefox
Testing: csp_id=223, page_id=11400, browser=Firefox
Testing: csp_id=223, page_id=11500, browser=Firefox
Testing: csp_id=223, page_id=11600, browser=Firefox
Testing: csp_id=223, page_id=11700, browser=Firefox
Testing: csp_id=223, page_id=11800, browser=Firefox
Testing: csp_id=223, page_id=11900, browser=Firefox
Testing: csp_id=223, page_id=12000, browser=Firefox
Testing: csp_id=223, page_id=12100, browser=Firefox
Testing: csp_id=223, page_id=12200, browser=Firefox
Testing: csp_id=223, page_id=12300, browser=Firefox
Testing: csp_id=223, page_id=12400, browser=Firefox
Testing: csp_id=223, page_id=12500, browser=Firefox
Testing: csp_id=223, page_id=12600, browser=Firefox
Testing: csp_id=223, page_id=12700, browser=Firefox
Testing: csp_id=223, page_id=12800, browser=Firefox
Testing: csp_id=223, page_id=12900, browser=Firefox
Testing: csp_id=223, page_id=13000, browser=Firefox
Testing: csp_id=223, page_id=13100, browser=Firefox
Testing: csp_id=223, page_id=13200, browser=Firefox
Testing: csp_id=223, page_id=13300, browser=Firefox
Testing: csp_id=223, page_id=13400, browser=Firefox
Testing: csp_id=223, page_id=13500, browser=Firefox
Testing: csp_id=223, page_id=13600, browser=Firefox
Testing: csp_id=223, page_id=13700, browser=Firefox
Testing: csp_id=223, page_id=13800, browser=Firefox
Testing: csp_id=223, page_id=13900, browser=Firefox
Testing: csp_id=223, page_id=14000, browser=Firefox
Testing: csp_id=223, page_id=14100, browser=Firefox
Testing: csp_id=223, page_id=14200, browser=Firefox
Testing: csp_id=223, page_id=14300, browser=Firefox
Testing: csp_id=223, page_id=14400, browser=Firefox
Testing: csp_id=223, page_id=14500, browser=Firefox
Testing: csp_id=223, page_id=14600, browser=Firefox
Testing: csp_id=223, page_id=14700, browser=Firefox
Testing: csp_id=223, page_id=14800, browser=Firefox
Testing: csp_id=223, page_id=14900, browser=Firefox
Testing: csp_id=223, page_id=15000, browser=Firefox
Testing: csp_id=223, page_id=15100, browser=Firefox
Testing: csp_id=223, page_id=15200, browser=Firefox
Testing: csp_id=223, page_id=15300, browser=Firefox
Testing: csp_id=223, page_id=15400, browser=Firefox
Testing: csp_id=223, page_id=15500, browser=Firefox
Testing: csp_id=223, page_id=15600, browser=Firefox
Testing: csp_id=223, page_id=15700, browser=Firefox
Testing: csp_id=223, page_id=15800, browser=Firefox
Testing: csp_id=223, page_id=15900, browser=Firefox
Testing: csp_id=223, page_id=16000, browser=Firefox
Testing: csp_id=223, page_id=16100, browser=Firefox
Testing: csp_id=223, page_id=16200, browser=Firefox
Testing: csp_id=223, page_id=16300, browser=Firefox
Testing: csp_id=223, page_id=16400, browser=Firefox
Testing: csp_id=223, page_id=16500, browser=Firefox
Testing: csp_id=223, page_id=16600, browser=Firefox
Testing: csp_id=223, page_id=16700, browser=Firefox
Testing: csp_id=223, page_id=16800, browser=Firefox
Testing: csp_id=223, page_id=16900, browser=Firefox
Testing: csp_id=223, page_id=17000, browser=Firefox
Testing: csp_id=223, page_id=17100, browser=Firefox
Testing: csp_id=223, page_id=17200, browser=Firefox
Testing: csp_id=223, page_id=17300, browser=Firefox
Testing: csp_id=223, page_id=17400, browser=Firefox
Testing: csp_id=223, page_id=17500, browser=Firefox
Testing: csp_id=223, page_id=17600, browser=Firefox
Testing: csp_id=223, page_id=17700, browser=Firefox
Testing: csp_id=223, page_id=17800, browser=Firefox
Testing: csp_id=223, page_id=17900, browser=Firefox
Testing: csp_id=223, page_id=18000, browser=Firefox
Testing: csp_id=223, page_id=18100, browser=Firefox
Testing: csp_id=223, page_id=18200, browser=Firefox
Testing: csp_id=223, page_id=18300, browser=Firefox
Testing: csp_id=223, page_id=18400, browser=Firefox
Testing: csp_id=223, page_id=18500, browser=Firefox
Testing: csp_id=223, page_id=18600, browser=Firefox
Testing: csp_id=223, page_id=18700, browser=Firefox
Testing: csp_id=223, page_id=18800, browser=Firefox
Testing: csp_id=223, page_id=18900, browser=Firefox
Testing: csp_id=223, page_id=19000, browser=Firefox
Testing: csp_id=223, page_id=19100, browser=Firefox
Testing: csp_id=223, page_id=19200, browser=Firefox
Testing: csp_id=223, page_id=19300, browser=Firefox
Testing: csp_id=223, page_id=19400, browser=Firefox
Testing: csp_id=223, page_id=19500, browser=Firefox
Testing: csp_id=223, page_id=19600, browser=Firefox
Testing: csp_id=223, page_id=19700, browser=Firefox
Testing: csp_id=223, page_id=19800, browser=Firefox
Testing: csp_id=223, page_id=19900, browser=Firefox
Testing: csp_id=223, page_id=20000, browser=Firefox
Testing: csp_id=223, page_id=20100, browser=Firefox
Testing: csp_id=223, page_id=20200, browser=Firefox
Testing: csp_id=223, page_id=20300, browser=Firefox
Testing: csp_id=223, page_id=20400, browser=Firefox
Testing: csp_id=223, page_id=20500, browser=Firefox
Testing: csp_id=223, page_id=20600, browser=Firefox
Testing: csp_id=223, page_id=20700, browser=Firefox
Testing: csp_id=223, page_id=20800, browser=Firefox
Testing: csp_id=223, page_id=20900, browser=Firefox
Testing: csp_id=223, page_id=21000, browser=Firefox
Testing: csp_id=223, page_id=21100, browser=Firefox
Testing: csp_id=223, page_id=21200, browser=Firefox
Testing: csp_id=223, page_id=21300, browser=Firefox
Testing: csp_id=223, page_id=21400, browser=Firefox
Testing: csp_id=223, page_id=21500, browser=Firefox
Testing: csp_id=223, page_id=21600, browser=Firefox
Testing: csp_id=223, page_id=21700, browser=Firefox
Testing: csp_id=223, page_id=21800, browser=Firefox
Testing: csp_id=223, page_id=21900, browser=Firefox
Testing: csp_id=223, page_id=22000, browser=Firefox
Testing: csp_id=223, page_id=22100, browser=Firefox
Testing: csp_id=223, page_id=22200, browser=Firefox
Testing: csp_id=223, page_id=22300, browser=Firefox
Testing: csp_id=223, page_id=22400, browser=Firefox
Testing: csp_id=223, page_id=22500, browser=Firefox
Testing: csp_id=223, page_id=22600, browser=Firefox
Testing: csp_id=223, page_id=22700, browser=Firefox
Testing: csp_id=223, page_id=22800, browser=Firefox
Testing: csp_id=223, page_id=22900, browser=Firefox
Testing: csp_id=223, page_id=23000, browser=Firefox
Testing: csp_id=223, page_id=23100, browser=Firefox
Testing: csp_id=223, page_id=23200, browser=Firefox
Testing: csp_id=223, page_id=23300, browser=Firefox
Testing: csp_id=223, page_id=23400, browser=Firefox
Testing: csp_id=223, page_id=23500, browser=Firefox
Testing: csp_id=223, page_id=23600, browser=Firefox
Testing: csp_id=223, page_id=23700, browser=Firefox
Testing: csp_id=223, page_id=23800, browser=Firefox
Testing: csp_id=223, page_id=23900, browser=Firefox
Testing: csp_id=223, page_id=24000, browser=Firefox
Testing: csp_id=223, page_id=24100, browser=Firefox
Testing: csp_id=223, page_id=24200, browser=Firefox
Testing: csp_id=223, page_id=24300, browser=Firefox
Testing: csp_id=223, page_id=24400, browser=Firefox
Testing: csp_id=223, page_id=24500, browser=Firefox
Testing: csp_id=223, page_id=24600, browser=Firefox
Testing: csp_id=223, page_id=24700, browser=Firefox
Testing: csp_id=223, page_id=24800, browser=Firefox
Testing: csp_id=223, page_id=24900, browser=Firefox
Testing: csp_id=223, page_id=25000, browser=Firefox
Testing: csp_id=223, page_id=25100, browser=Firefox
Testing: csp_id=223, page_id=25200, browser=Firefox
Testing: csp_id=223, page_id=25300, browser=Firefox
Testing: csp_id=223, page_id=25400, browser=Firefox
Testing: csp_id=223, page_id=25500, browser=Firefox
Testing: csp_id=223, page_id=25600, browser=Firefox
Testing: csp_id=223, page_id=25700, browser=Firefox
Testing: csp_id=223, page_id=25800, browser=Firefox
Testing: csp_id=223, page_id=25900, browser=Firefox
Testing: csp_id=223, page_id=26000, browser=Firefox
Testing: csp_id=223, page_id=26100, browser=Firefox
Testing: csp_id=223, page_id=26200, browser=Firefox
Testing: csp_id=223, page_id=26300, browser=Firefox
Testing: csp_id=223, page_id=26400, browser=Firefox
Testing: csp_id=223, page_id=26500, browser=Firefox
Testing: csp_id=223, page_id=26600, browser=Firefox
Testing: csp_id=223, page_id=26700, browser=Firefox
Testing: csp_id=223, page_id=26800, browser=Firefox
Testing: csp_id=223, page_id=26900, browser=Firefox
Testing: csp_id=223, page_id=27000, browser=Firefox
Testing: csp_id=223, page_id=27100, browser=Firefox
Testing: csp_id=223, page_id=27200, browser=Firefox
Testing: csp_id=223, page_id=27300, browser=Firefox
Testing: csp_id=223, page_id=27400, browser=Firefox
Testing: csp_id=223, page_id=27500, browser=Firefox
Testing: csp_id=223, page_id=27600, browser=Firefox
Testing: csp_id=223, page_id=27700, browser=Firefox
Testing: csp_id=223, page_id=27800, browser=Firefox
Testing: csp_id=223, page_id=27900, browser=Firefox
Testing: csp_id=223, page_id=28000, browser=Firefox
Testing: csp_id=223, page_id=28100, browser=Firefox
Testing: csp_id=223, page_id=28200, browser=Firefox
Testing: csp_id=223, page_id=28300, browser=Firefox
Testing: csp_id=223, page_id=28400, browser=Firefox
Testing: csp_id=223, page_id=28500, browser=Firefox
Testing: csp_id=223, page_id=28600, browser=Firefox
Testing: csp_id=223, page_id=28700, browser=Firefox
Testing: csp_id=223, page_id=28800, browser=Firefox
Testing: csp_id=223, page_id=28900, browser=Firefox
Testing: csp_id=223, page_id=29000, browser=Firefox
Testing: csp_id=223, page_id=29100, browser=Firefox
Testing: csp_id=223, page_id=29200, browser=Firefox
Testing: csp_id=223, page_id=29300, browser=Firefox
Testing: csp_id=223, page_id=29400, browser=Firefox
Testing: csp_id=223, page_id=29500, browser=Firefox
Testing: csp_id=223, page_id=29600, browser=Firefox
Testing: csp_id=223, page_id=29700, browser=Firefox
Testing: csp_id=223, page_id=29800, browser=Firefox
🏊 create_context_pools[first] (5x16): 31.003s
Testing: csp_id=234, page_id=0, browser=Firefox
Testing: csp_id=234, page_id=100, browser=Firefox
Testing: csp_id=234, page_id=200, browser=Firefox
Testing: csp_id=234, page_id=300, browser=Firefox
Testing: csp_id=234, page_id=400, browser=Firefox
Testing: csp_id=234, page_id=500, browser=Firefox
Testing: csp_id=234, page_id=600, browser=Firefox
Testing: csp_id=234, page_id=700, browser=Firefox
Testing: csp_id=234, page_id=800, browser=Firefox
Testing: csp_id=234, page_id=900, browser=Firefox
Testing: csp_id=234, page_id=1000, browser=Firefox
Testing: csp_id=234, page_id=1100, browser=Firefox
Testing: csp_id=234, page_id=1200, browser=Firefox
Testing: csp_id=234, page_id=1300, browser=Firefox
Testing: csp_id=234, page_id=1400, browser=Firefox
Testing: csp_id=234, page_id=1500, browser=Firefox
Testing: csp_id=234, page_id=1600, browser=Firefox
Testing: csp_id=234, page_id=1700, browser=Firefox
Testing: csp_id=234, page_id=1800, browser=Firefox
Testing: csp_id=234, page_id=1900, browser=Firefox
Testing: csp_id=234, page_id=2000, browser=Firefox
Testing: csp_id=234, page_id=2100, browser=Firefox
Testing: csp_id=234, page_id=2200, browser=Firefox
Testing: csp_id=234, page_id=2300, browser=Firefox
Testing: csp_id=234, page_id=2400, browser=Firefox
Testing: csp_id=234, page_id=2500, browser=Firefox
Testing: csp_id=234, page_id=2600, browser=Firefox
Testing: csp_id=234, page_id=2700, browser=Firefox
Testing: csp_id=234, page_id=2800, browser=Firefox
Testing: csp_id=234, page_id=2900, browser=Firefox
Testing: csp_id=234, page_id=3000, browser=Firefox
Testing: csp_id=234, page_id=3100, browser=Firefox
Testing: csp_id=234, page_id=3200, browser=Firefox
Testing: csp_id=234, page_id=3300, browser=Firefox
Testing: csp_id=234, page_id=3400, browser=Firefox
Testing: csp_id=234, page_id=3500, browser=Firefox
Testing: csp_id=234, page_id=3600, browser=Firefox
Testing: csp_id=234, page_id=3700, browser=Firefox
Testing: csp_id=234, page_id=3800, browser=Firefox
Testing: csp_id=234, page_id=3900, browser=Firefox
Testing: csp_id=234, page_id=4000, browser=Firefox
Testing: csp_id=234, page_id=4100, browser=Firefox
Testing: csp_id=234, page_id=4200, browser=Firefox
Testing: csp_id=234, page_id=4300, browser=Firefox
Testing: csp_id=234, page_id=4400, browser=Firefox
Testing: csp_id=234, page_id=4500, browser=Firefox
Testing: csp_id=234, page_id=4600, browser=Firefox
Testing: csp_id=234, page_id=4700, browser=Firefox
Testing: csp_id=234, page_id=4800, browser=Firefox
Testing: csp_id=234, page_id=4900, browser=Firefox
Testing: csp_id=234, page_id=5000, browser=Firefox
Testing: csp_id=234, page_id=5100, browser=Firefox
Testing: csp_id=234, page_id=5200, browser=Firefox
Testing: csp_id=234, page_id=5300, browser=Firefox
Testing: csp_id=234, page_id=5400, browser=Firefox
Testing: csp_id=234, page_id=5500, browser=Firefox
Testing: csp_id=234, page_id=5600, browser=Firefox
Testing: csp_id=234, page_id=5700, browser=Firefox
Testing: csp_id=234, page_id=5800, browser=Firefox
Testing: csp_id=234, page_id=5900, browser=Firefox
Testing: csp_id=234, page_id=6000, browser=Firefox
Testing: csp_id=234, page_id=6100, browser=Firefox
Testing: csp_id=234, page_id=6200, browser=Firefox
Testing: csp_id=234, page_id=6300, browser=Firefox
Testing: csp_id=234, page_id=6400, browser=Firefox
Testing: csp_id=234, page_id=6500, browser=Firefox
Testing: csp_id=234, page_id=6600, browser=Firefox
Testing: csp_id=234, page_id=6700, browser=Firefox
Testing: csp_id=234, page_id=6800, browser=Firefox
Testing: csp_id=234, page_id=6900, browser=Firefox
Testing: csp_id=234, page_id=7000, browser=Firefox
Testing: csp_id=234, page_id=7100, browser=Firefox
Testing: csp_id=234, page_id=7200, browser=Firefox
Testing: csp_id=234, page_id=7300, browser=Firefox
Testing: csp_id=234, page_id=7400, browser=Firefox
Testing: csp_id=234, page_id=7500, browser=Firefox
Testing: csp_id=234, page_id=7600, browser=Firefox
Testing: csp_id=234, page_id=7700, browser=Firefox
Testing: csp_id=234, page_id=7800, browser=Firefox
Testing: csp_id=234, page_id=7900, browser=Firefox
Testing: csp_id=234, page_id=8000, browser=Firefox
Testing: csp_id=234, page_id=8100, browser=Firefox
Testing: csp_id=234, page_id=8200, browser=Firefox
Testing: csp_id=234, page_id=8300, browser=Firefox
Testing: csp_id=234, page_id=8400, browser=Firefox
Testing: csp_id=234, page_id=8500, browser=Firefox
Testing: csp_id=234, page_id=8600, browser=Firefox
Testing: csp_id=234, page_id=8700, browser=Firefox
Testing: csp_id=234, page_id=8800, browser=Firefox
Testing: csp_id=234, page_id=8900, browser=Firefox
Testing: csp_id=234, page_id=9000, browser=Firefox
Testing: csp_id=234, page_id=9100, browser=Firefox
Testing: csp_id=234, page_id=9200, browser=Firefox
Testing: csp_id=234, page_id=9300, browser=Firefox
Testing: csp_id=234, page_id=9400, browser=Firefox
Testing: csp_id=234, page_id=9500, browser=Firefox
Testing: csp_id=234, page_id=9600, browser=Firefox
Testing: csp_id=234, page_id=9700, browser=Firefox
Testing: csp_id=234, page_id=9800, browser=Firefox
Testing: csp_id=234, page_id=9900, browser=Firefox
Testing: csp_id=234, page_id=10000, browser=Firefox
Testing: csp_id=234, page_id=10100, browser=Firefox
Testing: csp_id=234, page_id=10200, browser=Firefox
Testing: csp_id=234, page_id=10300, browser=Firefox
Testing: csp_id=234, page_id=10400, browser=Firefox
Testing: csp_id=234, page_id=10500, browser=Firefox
Testing: csp_id=234, page_id=10600, browser=Firefox
Testing: csp_id=234, page_id=10700, browser=Firefox
Testing: csp_id=234, page_id=10800, browser=Firefox
Testing: csp_id=234, page_id=10900, browser=Firefox
Testing: csp_id=234, page_id=11000, browser=Firefox
Testing: csp_id=234, page_id=11100, browser=Firefox
Testing: csp_id=234, page_id=11200, browser=Firefox
Testing: csp_id=234, page_id=11300, browser=Firefox
Testing: csp_id=234, page_id=11400, browser=Firefox
Testing: csp_id=234, page_id=11500, browser=Firefox
Testing: csp_id=234, page_id=11600, browser=Firefox
Testing: csp_id=234, page_id=11700, browser=Firefox
Testing: csp_id=234, page_id=11800, browser=Firefox
Testing: csp_id=234, page_id=11900, browser=Firefox
Testing: csp_id=234, page_id=12000, browser=Firefox
Testing: csp_id=234, page_id=12100, browser=Firefox
Testing: csp_id=234, page_id=12200, browser=Firefox
Testing: csp_id=234, page_id=12300, browser=Firefox
Testing: csp_id=234, page_id=12400, browser=Firefox
Testing: csp_id=234, page_id=12500, browser=Firefox
Testing: csp_id=234, page_id=12600, browser=Firefox
Testing: csp_id=234, page_id=12700, browser=Firefox
Testing: csp_id=234, page_id=12800, browser=Firefox
Testing: csp_id=234, page_id=12900, browser=Firefox
Testing: csp_id=234, page_id=13000, browser=Firefox
Testing: csp_id=234, page_id=13100, browser=Firefox
Testing: csp_id=234, page_id=13200, browser=Firefox
Testing: csp_id=234, page_id=13300, browser=Firefox
Testing: csp_id=234, page_id=13400, browser=Firefox
Testing: csp_id=234, page_id=13500, browser=Firefox
Testing: csp_id=234, page_id=13600, browser=Firefox
Testing: csp_id=234, page_id=13700, browser=Firefox
Testing: csp_id=234, page_id=13800, browser=Firefox
Testing: csp_id=234, page_id=13900, browser=Firefox
Testing: csp_id=234, page_id=14000, browser=Firefox
Testing: csp_id=234, page_id=14100, browser=Firefox
Testing: csp_id=234, page_id=14200, browser=Firefox
Testing: csp_id=234, page_id=14300, browser=Firefox
Testing: csp_id=234, page_id=14400, browser=Firefox
Testing: csp_id=234, page_id=14500, browser=Firefox
Testing: csp_id=234, page_id=14600, browser=Firefox
Testing: csp_id=234, page_id=14700, browser=Firefox
Testing: csp_id=234, page_id=14800, browser=Firefox
Testing: csp_id=234, page_id=14900, browser=Firefox
Testing: csp_id=234, page_id=15000, browser=Firefox
Testing: csp_id=234, page_id=15100, browser=Firefox
Testing: csp_id=234, page_id=15200, browser=Firefox
Testing: csp_id=234, page_id=15300, browser=Firefox
Testing: csp_id=234, page_id=15400, browser=Firefox
Testing: csp_id=234, page_id=15500, browser=Firefox
Testing: csp_id=234, page_id=15600, browser=Firefox
Testing: csp_id=234, page_id=15700, browser=Firefox
Testing: csp_id=234, page_id=15800, browser=Firefox
Testing: csp_id=234, page_id=15900, browser=Firefox
Testing: csp_id=234, page_id=16000, browser=Firefox
Testing: csp_id=234, page_id=16100, browser=Firefox
Testing: csp_id=234, page_id=16200, browser=Firefox
Testing: csp_id=234, page_id=16300, browser=Firefox
Testing: csp_id=234, page_id=16400, browser=Firefox
Testing: csp_id=234, page_id=16500, browser=Firefox
Testing: csp_id=234, page_id=16600, browser=Firefox
Testing: csp_id=234, page_id=16700, browser=Firefox
Testing: csp_id=234, page_id=16800, browser=Firefox
Testing: csp_id=234, page_id=16900, browser=Firefox
Testing: csp_id=234, page_id=17000, browser=Firefox
Testing: csp_id=234, page_id=17100, browser=Firefox
Testing: csp_id=234, page_id=17200, browser=Firefox
Testing: csp_id=234, page_id=17300, browser=Firefox
Testing: csp_id=234, page_id=17400, browser=Firefox
Testing: csp_id=234, page_id=17500, browser=Firefox
Testing: csp_id=234, page_id=17600, browser=Firefox
Testing: csp_id=234, page_id=17700, browser=Firefox
Testing: csp_id=234, page_id=17800, browser=Firefox
Testing: csp_id=234, page_id=17900, browser=Firefox
Testing: csp_id=234, page_id=18000, browser=Firefox
Testing: csp_id=234, page_id=18100, browser=Firefox
Testing: csp_id=234, page_id=18200, browser=Firefox
Testing: csp_id=234, page_id=18300, browser=Firefox
Testing: csp_id=234, page_id=18400, browser=Firefox
Testing: csp_id=234, page_id=18500, browser=Firefox
Testing: csp_id=234, page_id=18600, browser=Firefox
Testing: csp_id=234, page_id=18700, browser=Firefox
Testing: csp_id=234, page_id=18800, browser=Firefox
Testing: csp_id=234, page_id=18900, browser=Firefox
Testing: csp_id=234, page_id=19000, browser=Firefox
Testing: csp_id=234, page_id=19100, browser=Firefox
Testing: csp_id=234, page_id=19200, browser=Firefox
Testing: csp_id=234, page_id=19300, browser=Firefox
Testing: csp_id=234, page_id=19400, browser=Firefox
Testing: csp_id=234, page_id=19500, browser=Firefox
Testing: csp_id=234, page_id=19600, browser=Firefox
Testing: csp_id=234, page_id=19700, browser=Firefox
Testing: csp_id=234, page_id=19800, browser=Firefox
Testing: csp_id=234, page_id=19900, browser=Firefox
Testing: csp_id=234, page_id=20000, browser=Firefox
Testing: csp_id=234, page_id=20100, browser=Firefox
Testing: csp_id=234, page_id=20200, browser=Firefox
Testing: csp_id=234, page_id=20300, browser=Firefox
Testing: csp_id=234, page_id=20400, browser=Firefox
Testing: csp_id=234, page_id=20500, browser=Firefox
Testing: csp_id=234, page_id=20600, browser=Firefox
Testing: csp_id=234, page_id=20700, browser=Firefox
Testing: csp_id=234, page_id=20800, browser=Firefox
Testing: csp_id=234, page_id=20900, browser=Firefox
Testing: csp_id=234, page_id=21000, browser=Firefox
Testing: csp_id=234, page_id=21100, browser=Firefox
Testing: csp_id=234, page_id=21200, browser=Firefox
Testing: csp_id=234, page_id=21300, browser=Firefox
Testing: csp_id=234, page_id=21400, browser=Firefox
Testing: csp_id=234, page_id=21500, browser=Firefox
Testing: csp_id=234, page_id=21600, browser=Firefox
Testing: csp_id=234, page_id=21700, browser=Firefox
Testing: csp_id=234, page_id=21800, browser=Firefox
Testing: csp_id=234, page_id=21900, browser=Firefox
Testing: csp_id=234, page_id=22000, browser=Firefox
Testing: csp_id=234, page_id=22100, browser=Firefox
Testing: csp_id=234, page_id=22200, browser=Firefox
Testing: csp_id=234, page_id=22300, browser=Firefox
Testing: csp_id=234, page_id=22400, browser=Firefox
Testing: csp_id=234, page_id=22500, browser=Firefox
Testing: csp_id=234, page_id=22600, browser=Firefox
Testing: csp_id=234, page_id=22700, browser=Firefox
Testing: csp_id=234, page_id=22800, browser=Firefox
Testing: csp_id=234, page_id=22900, browser=Firefox
Testing: csp_id=234, page_id=23000, browser=Firefox
Testing: csp_id=234, page_id=23100, browser=Firefox
Testing: csp_id=234, page_id=23200, browser=Firefox
Testing: csp_id=234, page_id=23300, browser=Firefox
Testing: csp_id=234, page_id=23400, browser=Firefox
Testing: csp_id=234, page_id=23500, browser=Firefox
Testing: csp_id=234, page_id=23600, browser=Firefox
Testing: csp_id=234, page_id=23700, browser=Firefox
Testing: csp_id=234, page_id=23800, browser=Firefox
Testing: csp_id=234, page_id=23900, browser=Firefox
Testing: csp_id=234, page_id=24000, browser=Firefox
Testing: csp_id=234, page_id=24100, browser=Firefox
Testing: csp_id=234, page_id=24200, browser=Firefox
Testing: csp_id=234, page_id=24300, browser=Firefox
Testing: csp_id=234, page_id=24400, browser=Firefox
Testing: csp_id=234, page_id=24500, browser=Firefox
Testing: csp_id=234, page_id=24600, browser=Firefox
Testing: csp_id=234, page_id=24700, browser=Firefox
Testing: csp_id=234, page_id=24800, browser=Firefox
Testing: csp_id=234, page_id=24900, browser=Firefox
Testing: csp_id=234, page_id=25000, browser=Firefox
Testing: csp_id=234, page_id=25100, browser=Firefox
Testing: csp_id=234, page_id=25200, browser=Firefox
Testing: csp_id=234, page_id=25300, browser=Firefox
Testing: csp_id=234, page_id=25400, browser=Firefox
Testing: csp_id=234, page_id=25500, browser=Firefox
Testing: csp_id=234, page_id=25600, browser=Firefox
Testing: csp_id=234, page_id=25700, browser=Firefox
Testing: csp_id=234, page_id=25800, browser=Firefox
Testing: csp_id=234, page_id=25900, browser=Firefox
Testing: csp_id=234, page_id=26000, browser=Firefox
Testing: csp_id=234, page_id=26100, browser=Firefox
Testing: csp_id=234, page_id=26200, browser=Firefox
Testing: csp_id=234, page_id=26300, browser=Firefox
Testing: csp_id=234, page_id=26400, browser=Firefox
Testing: csp_id=234, page_id=26500, browser=Firefox
Testing: csp_id=234, page_id=26600, browser=Firefox
Testing: csp_id=234, page_id=26700, browser=Firefox
Testing: csp_id=234, page_id=26800, browser=Firefox
Testing: csp_id=234, page_id=26900, browser=Firefox
Testing: csp_id=234, page_id=27000, browser=Firefox
Testing: csp_id=234, page_id=27100, browser=Firefox
Testing: csp_id=234, page_id=27200, browser=Firefox
Testing: csp_id=234, page_id=27300, browser=Firefox
Testing: csp_id=234, page_id=27400, browser=Firefox
Testing: csp_id=234, page_id=27500, browser=Firefox
Testing: csp_id=234, page_id=27600, browser=Firefox
Testing: csp_id=234, page_id=27700, browser=Firefox
Testing: csp_id=234, page_id=27800, browser=Firefox
Testing: csp_id=234, page_id=27900, browser=Firefox
Testing: csp_id=234, page_id=28000, browser=Firefox
Testing: csp_id=234, page_id=28100, browser=Firefox
Testing: csp_id=234, page_id=28200, browser=Firefox
Testing: csp_id=234, page_id=28300, browser=Firefox
Testing: csp_id=234, page_id=28400, browser=Firefox
Testing: csp_id=234, page_id=28500, browser=Firefox
Testing: csp_id=234, page_id=28600, browser=Firefox
Testing: csp_id=234, page_id=28700, browser=Firefox
Testing: csp_id=234, page_id=28800, browser=Firefox
Testing: csp_id=234, page_id=28900, browser=Firefox
Testing: csp_id=234, page_id=29000, browser=Firefox
Testing: csp_id=234, page_id=29100, browser=Firefox
Testing: csp_id=234, page_id=29200, browser=Firefox
Testing: csp_id=234, page_id=29300, browser=Firefox
Testing: csp_id=234, page_id=29400, browser=Firefox
Testing: csp_id=234, page_id=29500, browser=Firefox
Testing: csp_id=234, page_id=29600, browser=Firefox
Testing: csp_id=234, page_id=29700, browser=Firefox
Testing: csp_id=234, page_id=29800, browser=Firefox
🏊 create_context_pools[first] (5x16): 29.875s
Testing: csp_id=244, page_id=0, browser=Firefox
Testing: csp_id=244, page_id=100, browser=Firefox
Testing: csp_id=244, page_id=200, browser=Firefox
Testing: csp_id=244, page_id=300, browser=Firefox
Testing: csp_id=244, page_id=400, browser=Firefox
Testing: csp_id=244, page_id=500, browser=Firefox
Testing: csp_id=244, page_id=600, browser=Firefox
Testing: csp_id=244, page_id=700, browser=Firefox
Testing: csp_id=244, page_id=800, browser=Firefox
Testing: csp_id=244, page_id=900, browser=Firefox
Testing: csp_id=244, page_id=1000, browser=Firefox
Testing: csp_id=244, page_id=1100, browser=Firefox
Testing: csp_id=244, page_id=1200, browser=Firefox
Testing: csp_id=244, page_id=1300, browser=Firefox
Testing: csp_id=244, page_id=1400, browser=Firefox
Testing: csp_id=244, page_id=1500, browser=Firefox
Testing: csp_id=244, page_id=1600, browser=Firefox
Testing: csp_id=244, page_id=1700, browser=Firefox
Testing: csp_id=244, page_id=1800, browser=Firefox
Testing: csp_id=244, page_id=1900, browser=Firefox
Testing: csp_id=244, page_id=2000, browser=Firefox
Testing: csp_id=244, page_id=2100, browser=Firefox
Testing: csp_id=244, page_id=2200, browser=Firefox
Testing: csp_id=244, page_id=2300, browser=Firefox
Testing: csp_id=244, page_id=2400, browser=Firefox
Testing: csp_id=244, page_id=2500, browser=Firefox
Testing: csp_id=244, page_id=2600, browser=Firefox
Testing: csp_id=244, page_id=2700, browser=Firefox
Testing: csp_id=244, page_id=2800, browser=Firefox
Testing: csp_id=244, page_id=2900, browser=Firefox
Testing: csp_id=244, page_id=3000, browser=Firefox
Testing: csp_id=244, page_id=3100, browser=Firefox
Testing: csp_id=244, page_id=3200, browser=Firefox
Testing: csp_id=244, page_id=3300, browser=Firefox
Testing: csp_id=244, page_id=3400, browser=Firefox
Testing: csp_id=244, page_id=3500, browser=Firefox
Testing: csp_id=244, page_id=3600, browser=Firefox
Testing: csp_id=244, page_id=3700, browser=Firefox
Testing: csp_id=244, page_id=3800, browser=Firefox
Testing: csp_id=244, page_id=3900, browser=Firefox
Testing: csp_id=244, page_id=4000, browser=Firefox
Testing: csp_id=244, page_id=4100, browser=Firefox
Testing: csp_id=244, page_id=4200, browser=Firefox
Testing: csp_id=244, page_id=4300, browser=Firefox
Testing: csp_id=244, page_id=4400, browser=Firefox
Testing: csp_id=244, page_id=4500, browser=Firefox
Testing: csp_id=244, page_id=4600, browser=Firefox
Testing: csp_id=244, page_id=4700, browser=Firefox
Testing: csp_id=244, page_id=4800, browser=Firefox
Testing: csp_id=244, page_id=4900, browser=Firefox
Testing: csp_id=244, page_id=5000, browser=Firefox
Testing: csp_id=244, page_id=5100, browser=Firefox
Testing: csp_id=244, page_id=5200, browser=Firefox
Testing: csp_id=244, page_id=5300, browser=Firefox
Testing: csp_id=244, page_id=5400, browser=Firefox
Testing: csp_id=244, page_id=5500, browser=Firefox
Testing: csp_id=244, page_id=5600, browser=Firefox
Testing: csp_id=244, page_id=5700, browser=Firefox
Testing: csp_id=244, page_id=5800, browser=Firefox
Testing: csp_id=244, page_id=5900, browser=Firefox
Testing: csp_id=244, page_id=6000, browser=Firefox
Testing: csp_id=244, page_id=6100, browser=Firefox
Testing: csp_id=244, page_id=6200, browser=Firefox
Testing: csp_id=244, page_id=6300, browser=Firefox
Testing: csp_id=244, page_id=6400, browser=Firefox
Testing: csp_id=244, page_id=6500, browser=Firefox
Testing: csp_id=244, page_id=6600, browser=Firefox
Testing: csp_id=244, page_id=6700, browser=Firefox
Testing: csp_id=244, page_id=6800, browser=Firefox
Testing: csp_id=244, page_id=6900, browser=Firefox
Testing: csp_id=244, page_id=7000, browser=Firefox
Testing: csp_id=244, page_id=7100, browser=Firefox
Testing: csp_id=244, page_id=7200, browser=Firefox
Testing: csp_id=244, page_id=7300, browser=Firefox
Testing: csp_id=244, page_id=7400, browser=Firefox
Testing: csp_id=244, page_id=7500, browser=Firefox
Testing: csp_id=244, page_id=7600, browser=Firefox
Testing: csp_id=244, page_id=7700, browser=Firefox
Testing: csp_id=244, page_id=7800, browser=Firefox
Testing: csp_id=244, page_id=7900, browser=Firefox
Testing: csp_id=244, page_id=8000, browser=Firefox
Testing: csp_id=244, page_id=8100, browser=Firefox
Testing: csp_id=244, page_id=8200, browser=Firefox
Testing: csp_id=244, page_id=8300, browser=Firefox
Testing: csp_id=244, page_id=8400, browser=Firefox
Testing: csp_id=244, page_id=8500, browser=Firefox
Testing: csp_id=244, page_id=8600, browser=Firefox
Testing: csp_id=244, page_id=8700, browser=Firefox
Testing: csp_id=244, page_id=8800, browser=Firefox
Testing: csp_id=244, page_id=8900, browser=Firefox
Testing: csp_id=244, page_id=9000, browser=Firefox
Testing: csp_id=244, page_id=9100, browser=Firefox
Testing: csp_id=244, page_id=9200, browser=Firefox
Testing: csp_id=244, page_id=9300, browser=Firefox
Testing: csp_id=244, page_id=9400, browser=Firefox
Testing: csp_id=244, page_id=9500, browser=Firefox
Testing: csp_id=244, page_id=9600, browser=Firefox
Testing: csp_id=244, page_id=9700, browser=Firefox
Testing: csp_id=244, page_id=9800, browser=Firefox
Testing: csp_id=244, page_id=9900, browser=Firefox
Testing: csp_id=244, page_id=10000, browser=Firefox
Testing: csp_id=244, page_id=10100, browser=Firefox
Testing: csp_id=244, page_id=10200, browser=Firefox
Testing: csp_id=244, page_id=10300, browser=Firefox
Testing: csp_id=244, page_id=10400, browser=Firefox
Testing: csp_id=244, page_id=10500, browser=Firefox
Testing: csp_id=244, page_id=10600, browser=Firefox
Testing: csp_id=244, page_id=10700, browser=Firefox
Testing: csp_id=244, page_id=10800, browser=Firefox
Testing: csp_id=244, page_id=10900, browser=Firefox
Testing: csp_id=244, page_id=11000, browser=Firefox
Testing: csp_id=244, page_id=11100, browser=Firefox
Testing: csp_id=244, page_id=11200, browser=Firefox
Testing: csp_id=244, page_id=11300, browser=Firefox
Testing: csp_id=244, page_id=11400, browser=Firefox
Testing: csp_id=244, page_id=11500, browser=Firefox
Testing: csp_id=244, page_id=11600, browser=Firefox
Testing: csp_id=244, page_id=11700, browser=Firefox
Testing: csp_id=244, page_id=11800, browser=Firefox
Testing: csp_id=244, page_id=11900, browser=Firefox
Testing: csp_id=244, page_id=12000, browser=Firefox
Testing: csp_id=244, page_id=12100, browser=Firefox
Testing: csp_id=244, page_id=12200, browser=Firefox
Testing: csp_id=244, page_id=12300, browser=Firefox
Testing: csp_id=244, page_id=12400, browser=Firefox
Testing: csp_id=244, page_id=12500, browser=Firefox
Testing: csp_id=244, page_id=12600, browser=Firefox
Testing: csp_id=244, page_id=12700, browser=Firefox
Testing: csp_id=244, page_id=12800, browser=Firefox
Testing: csp_id=244, page_id=12900, browser=Firefox
Testing: csp_id=244, page_id=13000, browser=Firefox
Testing: csp_id=244, page_id=13100, browser=Firefox
Testing: csp_id=244, page_id=13200, browser=Firefox
Testing: csp_id=244, page_id=13300, browser=Firefox
Testing: csp_id=244, page_id=13400, browser=Firefox
Testing: csp_id=244, page_id=13500, browser=Firefox
Testing: csp_id=244, page_id=13600, browser=Firefox
Testing: csp_id=244, page_id=13700, browser=Firefox
Testing: csp_id=244, page_id=13800, browser=Firefox
Testing: csp_id=244, page_id=13900, browser=Firefox
Testing: csp_id=244, page_id=14000, browser=Firefox
Testing: csp_id=244, page_id=14100, browser=Firefox
Testing: csp_id=244, page_id=14200, browser=Firefox
Testing: csp_id=244, page_id=14300, browser=Firefox
Testing: csp_id=244, page_id=14400, browser=Firefox
Testing: csp_id=244, page_id=14500, browser=Firefox
Testing: csp_id=244, page_id=14600, browser=Firefox
Testing: csp_id=244, page_id=14700, browser=Firefox
Testing: csp_id=244, page_id=14800, browser=Firefox
Testing: csp_id=244, page_id=14900, browser=Firefox
Testing: csp_id=244, page_id=15000, browser=Firefox
Testing: csp_id=244, page_id=15100, browser=Firefox
Testing: csp_id=244, page_id=15200, browser=Firefox
Testing: csp_id=244, page_id=15300, browser=Firefox
Testing: csp_id=244, page_id=15400, browser=Firefox
Testing: csp_id=244, page_id=15500, browser=Firefox
Testing: csp_id=244, page_id=15600, browser=Firefox
Testing: csp_id=244, page_id=15700, browser=Firefox
Testing: csp_id=244, page_id=15800, browser=Firefox
Testing: csp_id=244, page_id=15900, browser=Firefox
Testing: csp_id=244, page_id=16000, browser=Firefox
Testing: csp_id=244, page_id=16100, browser=Firefox
Testing: csp_id=244, page_id=16200, browser=Firefox
Testing: csp_id=244, page_id=16300, browser=Firefox
Testing: csp_id=244, page_id=16400, browser=Firefox
Testing: csp_id=244, page_id=16500, browser=Firefox
Testing: csp_id=244, page_id=16600, browser=Firefox
Testing: csp_id=244, page_id=16700, browser=Firefox
Testing: csp_id=244, page_id=16800, browser=Firefox
Testing: csp_id=244, page_id=16900, browser=Firefox
Testing: csp_id=244, page_id=17000, browser=Firefox
Testing: csp_id=244, page_id=17100, browser=Firefox
Testing: csp_id=244, page_id=17200, browser=Firefox
Testing: csp_id=244, page_id=17300, browser=Firefox
Testing: csp_id=244, page_id=17400, browser=Firefox
Testing: csp_id=244, page_id=17500, browser=Firefox
Testing: csp_id=244, page_id=17600, browser=Firefox
Testing: csp_id=244, page_id=17700, browser=Firefox
Testing: csp_id=244, page_id=17800, browser=Firefox
Testing: csp_id=244, page_id=17900, browser=Firefox
Testing: csp_id=244, page_id=18000, browser=Firefox
Testing: csp_id=244, page_id=18100, browser=Firefox
Testing: csp_id=244, page_id=18200, browser=Firefox
Testing: csp_id=244, page_id=18300, browser=Firefox
Testing: csp_id=244, page_id=18400, browser=Firefox
Testing: csp_id=244, page_id=18500, browser=Firefox
Testing: csp_id=244, page_id=18600, browser=Firefox
Testing: csp_id=244, page_id=18700, browser=Firefox
Testing: csp_id=244, page_id=18800, browser=Firefox
Testing: csp_id=244, page_id=18900, browser=Firefox
Testing: csp_id=244, page_id=19000, browser=Firefox
Testing: csp_id=244, page_id=19100, browser=Firefox
Testing: csp_id=244, page_id=19200, browser=Firefox
Testing: csp_id=244, page_id=19300, browser=Firefox
Testing: csp_id=244, page_id=19400, browser=Firefox
Testing: csp_id=244, page_id=19500, browser=Firefox
Testing: csp_id=244, page_id=19600, browser=Firefox
Testing: csp_id=244, page_id=19700, browser=Firefox
Testing: csp_id=244, page_id=19800, browser=Firefox
Testing: csp_id=244, page_id=19900, browser=Firefox
Testing: csp_id=244, page_id=20000, browser=Firefox
Testing: csp_id=244, page_id=20100, browser=Firefox
Testing: csp_id=244, page_id=20200, browser=Firefox
Testing: csp_id=244, page_id=20300, browser=Firefox
Testing: csp_id=244, page_id=20400, browser=Firefox
Testing: csp_id=244, page_id=20500, browser=Firefox
Testing: csp_id=244, page_id=20600, browser=Firefox
Testing: csp_id=244, page_id=20700, browser=Firefox
Testing: csp_id=244, page_id=20800, browser=Firefox
Testing: csp_id=244, page_id=20900, browser=Firefox
Testing: csp_id=244, page_id=21000, browser=Firefox
Testing: csp_id=244, page_id=21100, browser=Firefox
Testing: csp_id=244, page_id=21200, browser=Firefox
Testing: csp_id=244, page_id=21300, browser=Firefox
Testing: csp_id=244, page_id=21400, browser=Firefox
Testing: csp_id=244, page_id=21500, browser=Firefox
Testing: csp_id=244, page_id=21600, browser=Firefox
Testing: csp_id=244, page_id=21700, browser=Firefox
Testing: csp_id=244, page_id=21800, browser=Firefox
Testing: csp_id=244, page_id=21900, browser=Firefox
Testing: csp_id=244, page_id=22000, browser=Firefox
Testing: csp_id=244, page_id=22100, browser=Firefox
Testing: csp_id=244, page_id=22200, browser=Firefox
Testing: csp_id=244, page_id=22300, browser=Firefox
Testing: csp_id=244, page_id=22400, browser=Firefox
Testing: csp_id=244, page_id=22500, browser=Firefox
Testing: csp_id=244, page_id=22600, browser=Firefox
Testing: csp_id=244, page_id=22700, browser=Firefox
Testing: csp_id=244, page_id=22800, browser=Firefox
Testing: csp_id=244, page_id=22900, browser=Firefox
Testing: csp_id=244, page_id=23000, browser=Firefox
Testing: csp_id=244, page_id=23100, browser=Firefox
Testing: csp_id=244, page_id=23200, browser=Firefox
Testing: csp_id=244, page_id=23300, browser=Firefox
Testing: csp_id=244, page_id=23400, browser=Firefox
Testing: csp_id=244, page_id=23500, browser=Firefox
Testing: csp_id=244, page_id=23600, browser=Firefox
Testing: csp_id=244, page_id=23700, browser=Firefox
Testing: csp_id=244, page_id=23800, browser=Firefox
Testing: csp_id=244, page_id=23900, browser=Firefox
Testing: csp_id=244, page_id=24000, browser=Firefox
Testing: csp_id=244, page_id=24100, browser=Firefox
Testing: csp_id=244, page_id=24200, browser=Firefox
Testing: csp_id=244, page_id=24300, browser=Firefox
Testing: csp_id=244, page_id=24400, browser=Firefox
Testing: csp_id=244, page_id=24500, browser=Firefox
Testing: csp_id=244, page_id=24600, browser=Firefox
Testing: csp_id=244, page_id=24700, browser=Firefox
Testing: csp_id=244, page_id=24800, browser=Firefox
Testing: csp_id=244, page_id=24900, browser=Firefox
Testing: csp_id=244, page_id=25000, browser=Firefox
Testing: csp_id=244, page_id=25100, browser=Firefox
Testing: csp_id=244, page_id=25200, browser=Firefox
Testing: csp_id=244, page_id=25300, browser=Firefox
Testing: csp_id=244, page_id=25400, browser=Firefox
Testing: csp_id=244, page_id=25500, browser=Firefox
Testing: csp_id=244, page_id=25600, browser=Firefox
Testing: csp_id=244, page_id=25700, browser=Firefox
Testing: csp_id=244, page_id=25800, browser=Firefox
Testing: csp_id=244, page_id=25900, browser=Firefox
Testing: csp_id=244, page_id=26000, browser=Firefox
Testing: csp_id=244, page_id=26100, browser=Firefox
Testing: csp_id=244, page_id=26200, browser=Firefox
Testing: csp_id=244, page_id=26300, browser=Firefox
Testing: csp_id=244, page_id=26400, browser=Firefox
Testing: csp_id=244, page_id=26500, browser=Firefox
Testing: csp_id=244, page_id=26600, browser=Firefox
Testing: csp_id=244, page_id=26700, browser=Firefox
Testing: csp_id=244, page_id=26800, browser=Firefox
Testing: csp_id=244, page_id=26900, browser=Firefox
Testing: csp_id=244, page_id=27000, browser=Firefox
Testing: csp_id=244, page_id=27100, browser=Firefox
Testing: csp_id=244, page_id=27200, browser=Firefox
Testing: csp_id=244, page_id=27300, browser=Firefox
Testing: csp_id=244, page_id=27400, browser=Firefox
Testing: csp_id=244, page_id=27500, browser=Firefox
Testing: csp_id=244, page_id=27600, browser=Firefox
Testing: csp_id=244, page_id=27700, browser=Firefox
Testing: csp_id=244, page_id=27800, browser=Firefox
Testing: csp_id=244, page_id=27900, browser=Firefox
Testing: csp_id=244, page_id=28000, browser=Firefox
Testing: csp_id=244, page_id=28100, browser=Firefox
Testing: csp_id=244, page_id=28200, browser=Firefox
Testing: csp_id=244, page_id=28300, browser=Firefox
Testing: csp_id=244, page_id=28400, browser=Firefox
Testing: csp_id=244, page_id=28500, browser=Firefox
Testing: csp_id=244, page_id=28600, browser=Firefox
Testing: csp_id=244, page_id=28700, browser=Firefox
Testing: csp_id=244, page_id=28800, browser=Firefox
Testing: csp_id=244, page_id=28900, browser=Firefox
Testing: csp_id=244, page_id=29000, browser=Firefox
Testing: csp_id=244, page_id=29100, browser=Firefox
Testing: csp_id=244, page_id=29200, browser=Firefox
Testing: csp_id=244, page_id=29300, browser=Firefox
Testing: csp_id=244, page_id=29400, browser=Firefox
Testing: csp_id=244, page_id=29500, browser=Firefox
Testing: csp_id=244, page_id=29600, browser=Firefox
Testing: csp_id=244, page_id=29700, browser=Firefox
Testing: csp_id=244, page_id=29800, browser=Firefox
🏊 create_context_pools[first] (5x16): 27.682s
Testing: csp_id=255, page_id=0, browser=Firefox
Testing: csp_id=255, page_id=100, browser=Firefox
Testing: csp_id=255, page_id=200, browser=Firefox
Testing: csp_id=255, page_id=300, browser=Firefox
Testing: csp_id=255, page_id=400, browser=Firefox
Testing: csp_id=255, page_id=500, browser=Firefox
Testing: csp_id=255, page_id=600, browser=Firefox
Testing: csp_id=255, page_id=700, browser=Firefox
Testing: csp_id=255, page_id=800, browser=Firefox
Testing: csp_id=255, page_id=900, browser=Firefox
Testing: csp_id=255, page_id=1000, browser=Firefox
Testing: csp_id=255, page_id=1100, browser=Firefox
Testing: csp_id=255, page_id=1200, browser=Firefox
Testing: csp_id=255, page_id=1300, browser=Firefox
Testing: csp_id=255, page_id=1400, browser=Firefox
Testing: csp_id=255, page_id=1500, browser=Firefox
Testing: csp_id=255, page_id=1600, browser=Firefox
Testing: csp_id=255, page_id=1700, browser=Firefox
Testing: csp_id=255, page_id=1800, browser=Firefox
Testing: csp_id=255, page_id=1900, browser=Firefox
Testing: csp_id=255, page_id=2000, browser=Firefox
Testing: csp_id=255, page_id=2100, browser=Firefox
Testing: csp_id=255, page_id=2200, browser=Firefox
Testing: csp_id=255, page_id=2300, browser=Firefox
Testing: csp_id=255, page_id=2400, browser=Firefox
Testing: csp_id=255, page_id=2500, browser=Firefox
Testing: csp_id=255, page_id=2600, browser=Firefox
Testing: csp_id=255, page_id=2700, browser=Firefox
Testing: csp_id=255, page_id=2800, browser=Firefox
Testing: csp_id=255, page_id=2900, browser=Firefox
Testing: csp_id=255, page_id=3000, browser=Firefox
Testing: csp_id=255, page_id=3100, browser=Firefox
Testing: csp_id=255, page_id=3200, browser=Firefox
Testing: csp_id=255, page_id=3300, browser=Firefox
Testing: csp_id=255, page_id=3400, browser=Firefox
Testing: csp_id=255, page_id=3500, browser=Firefox
Testing: csp_id=255, page_id=3600, browser=Firefox
Testing: csp_id=255, page_id=3700, browser=Firefox
Testing: csp_id=255, page_id=3800, browser=Firefox
Testing: csp_id=255, page_id=3900, browser=Firefox
Testing: csp_id=255, page_id=4000, browser=Firefox
Testing: csp_id=255, page_id=4100, browser=Firefox
Testing: csp_id=255, page_id=4200, browser=Firefox
Testing: csp_id=255, page_id=4300, browser=Firefox
Testing: csp_id=255, page_id=4400, browser=Firefox
Testing: csp_id=255, page_id=4500, browser=Firefox
Testing: csp_id=255, page_id=4600, browser=Firefox
Testing: csp_id=255, page_id=4700, browser=Firefox
Testing: csp_id=255, page_id=4800, browser=Firefox
Testing: csp_id=255, page_id=4900, browser=Firefox
Testing: csp_id=255, page_id=5000, browser=Firefox
Testing: csp_id=255, page_id=5100, browser=Firefox
Testing: csp_id=255, page_id=5200, browser=Firefox
Testing: csp_id=255, page_id=5300, browser=Firefox
Testing: csp_id=255, page_id=5400, browser=Firefox
Testing: csp_id=255, page_id=5500, browser=Firefox
Testing: csp_id=255, page_id=5600, browser=Firefox
Testing: csp_id=255, page_id=5700, browser=Firefox
Testing: csp_id=255, page_id=5800, browser=Firefox
Testing: csp_id=255, page_id=5900, browser=Firefox
Testing: csp_id=255, page_id=6000, browser=Firefox
Testing: csp_id=255, page_id=6100, browser=Firefox
Testing: csp_id=255, page_id=6200, browser=Firefox
Testing: csp_id=255, page_id=6300, browser=Firefox
Testing: csp_id=255, page_id=6400, browser=Firefox
Testing: csp_id=255, page_id=6500, browser=Firefox
Testing: csp_id=255, page_id=6600, browser=Firefox
Testing: csp_id=255, page_id=6700, browser=Firefox
Testing: csp_id=255, page_id=6800, browser=Firefox
Testing: csp_id=255, page_id=6900, browser=Firefox
Testing: csp_id=255, page_id=7000, browser=Firefox
Testing: csp_id=255, page_id=7100, browser=Firefox
Testing: csp_id=255, page_id=7200, browser=Firefox
Testing: csp_id=255, page_id=7300, browser=Firefox
Testing: csp_id=255, page_id=7400, browser=Firefox
Testing: csp_id=255, page_id=7500, browser=Firefox
Testing: csp_id=255, page_id=7600, browser=Firefox
Testing: csp_id=255, page_id=7700, browser=Firefox
Testing: csp_id=255, page_id=7800, browser=Firefox
Testing: csp_id=255, page_id=7900, browser=Firefox
Testing: csp_id=255, page_id=8000, browser=Firefox
Testing: csp_id=255, page_id=8100, browser=Firefox
Testing: csp_id=255, page_id=8200, browser=Firefox
Testing: csp_id=255, page_id=8300, browser=Firefox
Testing: csp_id=255, page_id=8400, browser=Firefox
Testing: csp_id=255, page_id=8500, browser=Firefox
Testing: csp_id=255, page_id=8600, browser=Firefox
Testing: csp_id=255, page_id=8700, browser=Firefox
Testing: csp_id=255, page_id=8800, browser=Firefox
Testing: csp_id=255, page_id=8900, browser=Firefox
Testing: csp_id=255, page_id=9000, browser=Firefox
Testing: csp_id=255, page_id=9100, browser=Firefox
Testing: csp_id=255, page_id=9200, browser=Firefox
Testing: csp_id=255, page_id=9300, browser=Firefox
Testing: csp_id=255, page_id=9400, browser=Firefox
Testing: csp_id=255, page_id=9500, browser=Firefox
Testing: csp_id=255, page_id=9600, browser=Firefox
Testing: csp_id=255, page_id=9700, browser=Firefox
Testing: csp_id=255, page_id=9800, browser=Firefox
Testing: csp_id=255, page_id=9900, browser=Firefox
Testing: csp_id=255, page_id=10000, browser=Firefox
Testing: csp_id=255, page_id=10100, browser=Firefox
Testing: csp_id=255, page_id=10200, browser=Firefox
Testing: csp_id=255, page_id=10300, browser=Firefox
Testing: csp_id=255, page_id=10400, browser=Firefox
Testing: csp_id=255, page_id=10500, browser=Firefox
Testing: csp_id=255, page_id=10600, browser=Firefox
Testing: csp_id=255, page_id=10700, browser=Firefox
Testing: csp_id=255, page_id=10800, browser=Firefox
Testing: csp_id=255, page_id=10900, browser=Firefox
Testing: csp_id=255, page_id=11000, browser=Firefox
Testing: csp_id=255, page_id=11100, browser=Firefox
Testing: csp_id=255, page_id=11200, browser=Firefox
Testing: csp_id=255, page_id=11300, browser=Firefox
Testing: csp_id=255, page_id=11400, browser=Firefox
Testing: csp_id=255, page_id=11500, browser=Firefox
Testing: csp_id=255, page_id=11600, browser=Firefox
Testing: csp_id=255, page_id=11700, browser=Firefox
Testing: csp_id=255, page_id=11800, browser=Firefox
Testing: csp_id=255, page_id=11900, browser=Firefox
Testing: csp_id=255, page_id=12000, browser=Firefox
Testing: csp_id=255, page_id=12100, browser=Firefox
Testing: csp_id=255, page_id=12200, browser=Firefox
Testing: csp_id=255, page_id=12300, browser=Firefox
Testing: csp_id=255, page_id=12400, browser=Firefox
Testing: csp_id=255, page_id=12500, browser=Firefox
Testing: csp_id=255, page_id=12600, browser=Firefox
Testing: csp_id=255, page_id=12700, browser=Firefox
Testing: csp_id=255, page_id=12800, browser=Firefox
Testing: csp_id=255, page_id=12900, browser=Firefox
Testing: csp_id=255, page_id=13000, browser=Firefox
Testing: csp_id=255, page_id=13100, browser=Firefox
Testing: csp_id=255, page_id=13200, browser=Firefox
Testing: csp_id=255, page_id=13300, browser=Firefox
Testing: csp_id=255, page_id=13400, browser=Firefox
Testing: csp_id=255, page_id=13500, browser=Firefox
Testing: csp_id=255, page_id=13600, browser=Firefox
Testing: csp_id=255, page_id=13700, browser=Firefox
Testing: csp_id=255, page_id=13800, browser=Firefox
Testing: csp_id=255, page_id=13900, browser=Firefox
Testing: csp_id=255, page_id=14000, browser=Firefox
Testing: csp_id=255, page_id=14100, browser=Firefox
Testing: csp_id=255, page_id=14200, browser=Firefox
Testing: csp_id=255, page_id=14300, browser=Firefox
Testing: csp_id=255, page_id=14400, browser=Firefox
Testing: csp_id=255, page_id=14500, browser=Firefox
Testing: csp_id=255, page_id=14600, browser=Firefox
Testing: csp_id=255, page_id=14700, browser=Firefox
Testing: csp_id=255, page_id=14800, browser=Firefox
Testing: csp_id=255, page_id=14900, browser=Firefox
Testing: csp_id=255, page_id=15000, browser=Firefox
Testing: csp_id=255, page_id=15100, browser=Firefox
Testing: csp_id=255, page_id=15200, browser=Firefox
Testing: csp_id=255, page_id=15300, browser=Firefox
Testing: csp_id=255, page_id=15400, browser=Firefox
Testing: csp_id=255, page_id=15500, browser=Firefox
Testing: csp_id=255, page_id=15600, browser=Firefox
Testing: csp_id=255, page_id=15700, browser=Firefox
Testing: csp_id=255, page_id=15800, browser=Firefox
Testing: csp_id=255, page_id=15900, browser=Firefox
Testing: csp_id=255, page_id=16000, browser=Firefox
Testing: csp_id=255, page_id=16100, browser=Firefox
Testing: csp_id=255, page_id=16200, browser=Firefox
Testing: csp_id=255, page_id=16300, browser=Firefox
Testing: csp_id=255, page_id=16400, browser=Firefox
Testing: csp_id=255, page_id=16500, browser=Firefox
Testing: csp_id=255, page_id=16600, browser=Firefox
Testing: csp_id=255, page_id=16700, browser=Firefox
Testing: csp_id=255, page_id=16800, browser=Firefox
Testing: csp_id=255, page_id=16900, browser=Firefox
Testing: csp_id=255, page_id=17000, browser=Firefox
Testing: csp_id=255, page_id=17100, browser=Firefox
Testing: csp_id=255, page_id=17200, browser=Firefox
Testing: csp_id=255, page_id=17300, browser=Firefox
Testing: csp_id=255, page_id=17400, browser=Firefox
Testing: csp_id=255, page_id=17500, browser=Firefox
Testing: csp_id=255, page_id=17600, browser=Firefox
Testing: csp_id=255, page_id=17700, browser=Firefox
Testing: csp_id=255, page_id=17800, browser=Firefox
Testing: csp_id=255, page_id=17900, browser=Firefox
Testing: csp_id=255, page_id=18000, browser=Firefox
Testing: csp_id=255, page_id=18100, browser=Firefox
Testing: csp_id=255, page_id=18200, browser=Firefox
Testing: csp_id=255, page_id=18300, browser=Firefox
Testing: csp_id=255, page_id=18400, browser=Firefox
Testing: csp_id=255, page_id=18500, browser=Firefox
Testing: csp_id=255, page_id=18600, browser=Firefox
Testing: csp_id=255, page_id=18700, browser=Firefox
Testing: csp_id=255, page_id=18800, browser=Firefox
Testing: csp_id=255, page_id=18900, browser=Firefox
Testing: csp_id=255, page_id=19000, browser=Firefox
Testing: csp_id=255, page_id=19100, browser=Firefox
Testing: csp_id=255, page_id=19200, browser=Firefox
Testing: csp_id=255, page_id=19300, browser=Firefox
Testing: csp_id=255, page_id=19400, browser=Firefox
Testing: csp_id=255, page_id=19500, browser=Firefox
Testing: csp_id=255, page_id=19600, browser=Firefox
Testing: csp_id=255, page_id=19700, browser=Firefox
Testing: csp_id=255, page_id=19800, browser=Firefox
Testing: csp_id=255, page_id=19900, browser=Firefox
Testing: csp_id=255, page_id=20000, browser=Firefox
Testing: csp_id=255, page_id=20100, browser=Firefox
Testing: csp_id=255, page_id=20200, browser=Firefox
Testing: csp_id=255, page_id=20300, browser=Firefox
Testing: csp_id=255, page_id=20400, browser=Firefox
Testing: csp_id=255, page_id=20500, browser=Firefox
Testing: csp_id=255, page_id=20600, browser=Firefox
Testing: csp_id=255, page_id=20700, browser=Firefox
Testing: csp_id=255, page_id=20800, browser=Firefox
Testing: csp_id=255, page_id=20900, browser=Firefox
Testing: csp_id=255, page_id=21000, browser=Firefox
Testing: csp_id=255, page_id=21100, browser=Firefox
Testing: csp_id=255, page_id=21200, browser=Firefox
Testing: csp_id=255, page_id=21300, browser=Firefox
Testing: csp_id=255, page_id=21400, browser=Firefox
Testing: csp_id=255, page_id=21500, browser=Firefox
Testing: csp_id=255, page_id=21600, browser=Firefox
Testing: csp_id=255, page_id=21700, browser=Firefox
Testing: csp_id=255, page_id=21800, browser=Firefox
Testing: csp_id=255, page_id=21900, browser=Firefox
Testing: csp_id=255, page_id=22000, browser=Firefox
Testing: csp_id=255, page_id=22100, browser=Firefox
Testing: csp_id=255, page_id=22200, browser=Firefox
Testing: csp_id=255, page_id=22300, browser=Firefox
Testing: csp_id=255, page_id=22400, browser=Firefox
Testing: csp_id=255, page_id=22500, browser=Firefox
Testing: csp_id=255, page_id=22600, browser=Firefox
Testing: csp_id=255, page_id=22700, browser=Firefox
Testing: csp_id=255, page_id=22800, browser=Firefox
Testing: csp_id=255, page_id=22900, browser=Firefox
Testing: csp_id=255, page_id=23000, browser=Firefox
Testing: csp_id=255, page_id=23100, browser=Firefox
Testing: csp_id=255, page_id=23200, browser=Firefox
Testing: csp_id=255, page_id=23300, browser=Firefox
Testing: csp_id=255, page_id=23400, browser=Firefox
Testing: csp_id=255, page_id=23500, browser=Firefox
Testing: csp_id=255, page_id=23600, browser=Firefox
Testing: csp_id=255, page_id=23700, browser=Firefox
Testing: csp_id=255, page_id=23800, browser=Firefox
Testing: csp_id=255, page_id=23900, browser=Firefox
Testing: csp_id=255, page_id=24000, browser=Firefox
Testing: csp_id=255, page_id=24100, browser=Firefox
Testing: csp_id=255, page_id=24200, browser=Firefox
Testing: csp_id=255, page_id=24300, browser=Firefox
Testing: csp_id=255, page_id=24400, browser=Firefox
Testing: csp_id=255, page_id=24500, browser=Firefox
Testing: csp_id=255, page_id=24600, browser=Firefox
Testing: csp_id=255, page_id=24700, browser=Firefox
Testing: csp_id=255, page_id=24800, browser=Firefox
Testing: csp_id=255, page_id=24900, browser=Firefox
Testing: csp_id=255, page_id=25000, browser=Firefox
Testing: csp_id=255, page_id=25100, browser=Firefox
Testing: csp_id=255, page_id=25200, browser=Firefox
Testing: csp_id=255, page_id=25300, browser=Firefox
Testing: csp_id=255, page_id=25400, browser=Firefox
Testing: csp_id=255, page_id=25500, browser=Firefox
Testing: csp_id=255, page_id=25600, browser=Firefox
Testing: csp_id=255, page_id=25700, browser=Firefox
Testing: csp_id=255, page_id=25800, browser=Firefox
Testing: csp_id=255, page_id=25900, browser=Firefox
Testing: csp_id=255, page_id=26000, browser=Firefox
Testing: csp_id=255, page_id=26100, browser=Firefox
Testing: csp_id=255, page_id=26200, browser=Firefox
Testing: csp_id=255, page_id=26300, browser=Firefox
Testing: csp_id=255, page_id=26400, browser=Firefox
Testing: csp_id=255, page_id=26500, browser=Firefox
Testing: csp_id=255, page_id=26600, browser=Firefox
Testing: csp_id=255, page_id=26700, browser=Firefox
Testing: csp_id=255, page_id=26800, browser=Firefox
Testing: csp_id=255, page_id=26900, browser=Firefox
Testing: csp_id=255, page_id=27000, browser=Firefox
Testing: csp_id=255, page_id=27100, browser=Firefox
Testing: csp_id=255, page_id=27200, browser=Firefox
Testing: csp_id=255, page_id=27300, browser=Firefox
Testing: csp_id=255, page_id=27400, browser=Firefox
Testing: csp_id=255, page_id=27500, browser=Firefox
Testing: csp_id=255, page_id=27600, browser=Firefox
Testing: csp_id=255, page_id=27700, browser=Firefox
Testing: csp_id=255, page_id=27800, browser=Firefox
Testing: csp_id=255, page_id=27900, browser=Firefox
Testing: csp_id=255, page_id=28000, browser=Firefox
Testing: csp_id=255, page_id=28100, browser=Firefox
Testing: csp_id=255, page_id=28200, browser=Firefox
Testing: csp_id=255, page_id=28300, browser=Firefox
Testing: csp_id=255, page_id=28400, browser=Firefox
Testing: csp_id=255, page_id=28500, browser=Firefox
Testing: csp_id=255, page_id=28600, browser=Firefox
Testing: csp_id=255, page_id=28700, browser=Firefox
Testing: csp_id=255, page_id=28800, browser=Firefox
Testing: csp_id=255, page_id=28900, browser=Firefox
Testing: csp_id=255, page_id=29000, browser=Firefox
Testing: csp_id=255, page_id=29100, browser=Firefox
Testing: csp_id=255, page_id=29200, browser=Firefox
Testing: csp_id=255, page_id=29300, browser=Firefox
Testing: csp_id=255, page_id=29400, browser=Firefox
Testing: csp_id=255, page_id=29500, browser=Firefox
Testing: csp_id=255, page_id=29600, browser=Firefox
Testing: csp_id=255, page_id=29700, browser=Firefox
Testing: csp_id=255, page_id=29800, browser=Firefox
🏊 create_context_pools[first] (5x16): 39.871s
Testing: csp_id=264, page_id=0, browser=Firefox
Testing: csp_id=264, page_id=100, browser=Firefox
Testing: csp_id=264, page_id=200, browser=Firefox
Testing: csp_id=264, page_id=300, browser=Firefox
Testing: csp_id=264, page_id=400, browser=Firefox
Testing: csp_id=264, page_id=500, browser=Firefox
Testing: csp_id=264, page_id=600, browser=Firefox
Testing: csp_id=264, page_id=700, browser=Firefox
Testing: csp_id=264, page_id=800, browser=Firefox
Testing: csp_id=264, page_id=900, browser=Firefox
Testing: csp_id=264, page_id=1000, browser=Firefox
Testing: csp_id=264, page_id=1100, browser=Firefox
Testing: csp_id=264, page_id=1200, browser=Firefox
Testing: csp_id=264, page_id=1300, browser=Firefox
Testing: csp_id=264, page_id=1400, browser=Firefox
Testing: csp_id=264, page_id=1500, browser=Firefox
Testing: csp_id=264, page_id=1600, browser=Firefox
Testing: csp_id=264, page_id=1700, browser=Firefox
Testing: csp_id=264, page_id=1800, browser=Firefox
Testing: csp_id=264, page_id=1900, browser=Firefox
Testing: csp_id=264, page_id=2000, browser=Firefox
Testing: csp_id=264, page_id=2100, browser=Firefox
Testing: csp_id=264, page_id=2200, browser=Firefox
Testing: csp_id=264, page_id=2300, browser=Firefox
Testing: csp_id=264, page_id=2400, browser=Firefox
Testing: csp_id=264, page_id=2500, browser=Firefox
Testing: csp_id=264, page_id=2600, browser=Firefox
Testing: csp_id=264, page_id=2700, browser=Firefox
Testing: csp_id=264, page_id=2800, browser=Firefox
Testing: csp_id=264, page_id=2900, browser=Firefox
Testing: csp_id=264, page_id=3000, browser=Firefox
Testing: csp_id=264, page_id=3100, browser=Firefox
Testing: csp_id=264, page_id=3200, browser=Firefox
Testing: csp_id=264, page_id=3300, browser=Firefox
Testing: csp_id=264, page_id=3400, browser=Firefox
Testing: csp_id=264, page_id=3500, browser=Firefox
Testing: csp_id=264, page_id=3600, browser=Firefox
Testing: csp_id=264, page_id=3700, browser=Firefox
Testing: csp_id=264, page_id=3800, browser=Firefox
Testing: csp_id=264, page_id=3900, browser=Firefox
Testing: csp_id=264, page_id=4000, browser=Firefox
Testing: csp_id=264, page_id=4100, browser=Firefox
Testing: csp_id=264, page_id=4200, browser=Firefox
Testing: csp_id=264, page_id=4300, browser=Firefox
Testing: csp_id=264, page_id=4400, browser=Firefox
Testing: csp_id=264, page_id=4500, browser=Firefox
Testing: csp_id=264, page_id=4600, browser=Firefox
Testing: csp_id=264, page_id=4700, browser=Firefox
Testing: csp_id=264, page_id=4800, browser=Firefox
Testing: csp_id=264, page_id=4900, browser=Firefox
Testing: csp_id=264, page_id=5000, browser=Firefox
Testing: csp_id=264, page_id=5100, browser=Firefox
Testing: csp_id=264, page_id=5200, browser=Firefox
Testing: csp_id=264, page_id=5300, browser=Firefox
Testing: csp_id=264, page_id=5400, browser=Firefox
Testing: csp_id=264, page_id=5500, browser=Firefox
Testing: csp_id=264, page_id=5600, browser=Firefox
Testing: csp_id=264, page_id=5700, browser=Firefox
Testing: csp_id=264, page_id=5800, browser=Firefox
Testing: csp_id=264, page_id=5900, browser=Firefox
Testing: csp_id=264, page_id=6000, browser=Firefox
Testing: csp_id=264, page_id=6100, browser=Firefox
Testing: csp_id=264, page_id=6200, browser=Firefox
Testing: csp_id=264, page_id=6300, browser=Firefox
Testing: csp_id=264, page_id=6400, browser=Firefox
Testing: csp_id=264, page_id=6500, browser=Firefox
Testing: csp_id=264, page_id=6600, browser=Firefox
Testing: csp_id=264, page_id=6700, browser=Firefox
Testing: csp_id=264, page_id=6800, browser=Firefox
Testing: csp_id=264, page_id=6900, browser=Firefox
Testing: csp_id=264, page_id=7000, browser=Firefox
Testing: csp_id=264, page_id=7100, browser=Firefox
Testing: csp_id=264, page_id=7200, browser=Firefox
Testing: csp_id=264, page_id=7300, browser=Firefox
Testing: csp_id=264, page_id=7400, browser=Firefox
Testing: csp_id=264, page_id=7500, browser=Firefox
Testing: csp_id=264, page_id=7600, browser=Firefox
Testing: csp_id=264, page_id=7700, browser=Firefox
Testing: csp_id=264, page_id=7800, browser=Firefox
Testing: csp_id=264, page_id=7900, browser=Firefox
Testing: csp_id=264, page_id=8000, browser=Firefox
Testing: csp_id=264, page_id=8100, browser=Firefox
Testing: csp_id=264, page_id=8200, browser=Firefox
Testing: csp_id=264, page_id=8300, browser=Firefox
Testing: csp_id=264, page_id=8400, browser=Firefox
Testing: csp_id=264, page_id=8500, browser=Firefox
Testing: csp_id=264, page_id=8600, browser=Firefox
Testing: csp_id=264, page_id=8700, browser=Firefox
Testing: csp_id=264, page_id=8800, browser=Firefox
Testing: csp_id=264, page_id=8900, browser=Firefox
Testing: csp_id=264, page_id=9000, browser=Firefox
Testing: csp_id=264, page_id=9100, browser=Firefox
Testing: csp_id=264, page_id=9200, browser=Firefox
Testing: csp_id=264, page_id=9300, browser=Firefox
Testing: csp_id=264, page_id=9400, browser=Firefox
Testing: csp_id=264, page_id=9500, browser=Firefox
Testing: csp_id=264, page_id=9600, browser=Firefox
Testing: csp_id=264, page_id=9700, browser=Firefox
Testing: csp_id=264, page_id=9800, browser=Firefox
Testing: csp_id=264, page_id=9900, browser=Firefox
Testing: csp_id=264, page_id=10000, browser=Firefox
Testing: csp_id=264, page_id=10100, browser=Firefox
Testing: csp_id=264, page_id=10200, browser=Firefox
Testing: csp_id=264, page_id=10300, browser=Firefox
Testing: csp_id=264, page_id=10400, browser=Firefox
Testing: csp_id=264, page_id=10500, browser=Firefox
Testing: csp_id=264, page_id=10600, browser=Firefox
Testing: csp_id=264, page_id=10700, browser=Firefox
Testing: csp_id=264, page_id=10800, browser=Firefox
Testing: csp_id=264, page_id=10900, browser=Firefox
Testing: csp_id=264, page_id=11000, browser=Firefox
Testing: csp_id=264, page_id=11100, browser=Firefox
Testing: csp_id=264, page_id=11200, browser=Firefox
Testing: csp_id=264, page_id=11300, browser=Firefox
Testing: csp_id=264, page_id=11400, browser=Firefox
Testing: csp_id=264, page_id=11500, browser=Firefox
Testing: csp_id=264, page_id=11600, browser=Firefox
Testing: csp_id=264, page_id=11700, browser=Firefox
Testing: csp_id=264, page_id=11800, browser=Firefox
Testing: csp_id=264, page_id=11900, browser=Firefox
Testing: csp_id=264, page_id=12000, browser=Firefox
Testing: csp_id=264, page_id=12100, browser=Firefox
Testing: csp_id=264, page_id=12200, browser=Firefox
Testing: csp_id=264, page_id=12300, browser=Firefox
Testing: csp_id=264, page_id=12400, browser=Firefox
Testing: csp_id=264, page_id=12500, browser=Firefox
Testing: csp_id=264, page_id=12600, browser=Firefox
Testing: csp_id=264, page_id=12700, browser=Firefox
Testing: csp_id=264, page_id=12800, browser=Firefox
Testing: csp_id=264, page_id=12900, browser=Firefox
Testing: csp_id=264, page_id=13000, browser=Firefox
Testing: csp_id=264, page_id=13100, browser=Firefox
Testing: csp_id=264, page_id=13200, browser=Firefox
Testing: csp_id=264, page_id=13300, browser=Firefox
Testing: csp_id=264, page_id=13400, browser=Firefox
Testing: csp_id=264, page_id=13500, browser=Firefox
Testing: csp_id=264, page_id=13600, browser=Firefox
Testing: csp_id=264, page_id=13700, browser=Firefox
Testing: csp_id=264, page_id=13800, browser=Firefox
Testing: csp_id=264, page_id=13900, browser=Firefox
Testing: csp_id=264, page_id=14000, browser=Firefox
Testing: csp_id=264, page_id=14100, browser=Firefox
Testing: csp_id=264, page_id=14200, browser=Firefox
Testing: csp_id=264, page_id=14300, browser=Firefox
Testing: csp_id=264, page_id=14400, browser=Firefox
Testing: csp_id=264, page_id=14500, browser=Firefox
Testing: csp_id=264, page_id=14600, browser=Firefox
Testing: csp_id=264, page_id=14700, browser=Firefox
Testing: csp_id=264, page_id=14800, browser=Firefox
Testing: csp_id=264, page_id=14900, browser=Firefox
Testing: csp_id=264, page_id=15000, browser=Firefox
Testing: csp_id=264, page_id=15100, browser=Firefox
Testing: csp_id=264, page_id=15200, browser=Firefox
Testing: csp_id=264, page_id=15300, browser=Firefox
Testing: csp_id=264, page_id=15400, browser=Firefox
Testing: csp_id=264, page_id=15500, browser=Firefox
Testing: csp_id=264, page_id=15600, browser=Firefox
Testing: csp_id=264, page_id=15700, browser=Firefox
Testing: csp_id=264, page_id=15800, browser=Firefox
Testing: csp_id=264, page_id=15900, browser=Firefox
Testing: csp_id=264, page_id=16000, browser=Firefox
Testing: csp_id=264, page_id=16100, browser=Firefox
Testing: csp_id=264, page_id=16200, browser=Firefox
Testing: csp_id=264, page_id=16300, browser=Firefox
Testing: csp_id=264, page_id=16400, browser=Firefox
Testing: csp_id=264, page_id=16500, browser=Firefox
Testing: csp_id=264, page_id=16600, browser=Firefox
Testing: csp_id=264, page_id=16700, browser=Firefox
Testing: csp_id=264, page_id=16800, browser=Firefox
Testing: csp_id=264, page_id=16900, browser=Firefox
Testing: csp_id=264, page_id=17000, browser=Firefox
Testing: csp_id=264, page_id=17100, browser=Firefox
Testing: csp_id=264, page_id=17200, browser=Firefox
Testing: csp_id=264, page_id=17300, browser=Firefox
Testing: csp_id=264, page_id=17400, browser=Firefox
Testing: csp_id=264, page_id=17500, browser=Firefox
Testing: csp_id=264, page_id=17600, browser=Firefox
Testing: csp_id=264, page_id=17700, browser=Firefox
Testing: csp_id=264, page_id=17800, browser=Firefox
Testing: csp_id=264, page_id=17900, browser=Firefox
Testing: csp_id=264, page_id=18000, browser=Firefox
Testing: csp_id=264, page_id=18100, browser=Firefox
Testing: csp_id=264, page_id=18200, browser=Firefox
Testing: csp_id=264, page_id=18300, browser=Firefox
Testing: csp_id=264, page_id=18400, browser=Firefox
Testing: csp_id=264, page_id=18500, browser=Firefox
Testing: csp_id=264, page_id=18600, browser=Firefox
Testing: csp_id=264, page_id=18700, browser=Firefox
Testing: csp_id=264, page_id=18800, browser=Firefox
Testing: csp_id=264, page_id=18900, browser=Firefox
Testing: csp_id=264, page_id=19000, browser=Firefox
Testing: csp_id=264, page_id=19100, browser=Firefox
Testing: csp_id=264, page_id=19200, browser=Firefox
Testing: csp_id=264, page_id=19300, browser=Firefox
Testing: csp_id=264, page_id=19400, browser=Firefox
Testing: csp_id=264, page_id=19500, browser=Firefox
Testing: csp_id=264, page_id=19600, browser=Firefox
Testing: csp_id=264, page_id=19700, browser=Firefox
Testing: csp_id=264, page_id=19800, browser=Firefox
Testing: csp_id=264, page_id=19900, browser=Firefox
Testing: csp_id=264, page_id=20000, browser=Firefox
Testing: csp_id=264, page_id=20100, browser=Firefox
Testing: csp_id=264, page_id=20200, browser=Firefox
Testing: csp_id=264, page_id=20300, browser=Firefox
Testing: csp_id=264, page_id=20400, browser=Firefox
Testing: csp_id=264, page_id=20500, browser=Firefox
Testing: csp_id=264, page_id=20600, browser=Firefox
Testing: csp_id=264, page_id=20700, browser=Firefox
Testing: csp_id=264, page_id=20800, browser=Firefox
Testing: csp_id=264, page_id=20900, browser=Firefox
Testing: csp_id=264, page_id=21000, browser=Firefox
Testing: csp_id=264, page_id=21100, browser=Firefox
Testing: csp_id=264, page_id=21200, browser=Firefox
Testing: csp_id=264, page_id=21300, browser=Firefox
Testing: csp_id=264, page_id=21400, browser=Firefox
Testing: csp_id=264, page_id=21500, browser=Firefox
Testing: csp_id=264, page_id=21600, browser=Firefox
Testing: csp_id=264, page_id=21700, browser=Firefox
Testing: csp_id=264, page_id=21800, browser=Firefox
Testing: csp_id=264, page_id=21900, browser=Firefox
Testing: csp_id=264, page_id=22000, browser=Firefox
Testing: csp_id=264, page_id=22100, browser=Firefox
Testing: csp_id=264, page_id=22200, browser=Firefox
Testing: csp_id=264, page_id=22300, browser=Firefox
Testing: csp_id=264, page_id=22400, browser=Firefox
Testing: csp_id=264, page_id=22500, browser=Firefox
Testing: csp_id=264, page_id=22600, browser=Firefox
Testing: csp_id=264, page_id=22700, browser=Firefox
Testing: csp_id=264, page_id=22800, browser=Firefox
Testing: csp_id=264, page_id=22900, browser=Firefox
Testing: csp_id=264, page_id=23000, browser=Firefox
Testing: csp_id=264, page_id=23100, browser=Firefox
Testing: csp_id=264, page_id=23200, browser=Firefox
Testing: csp_id=264, page_id=23300, browser=Firefox
Testing: csp_id=264, page_id=23400, browser=Firefox
Testing: csp_id=264, page_id=23500, browser=Firefox
Testing: csp_id=264, page_id=23600, browser=Firefox
Testing: csp_id=264, page_id=23700, browser=Firefox
Testing: csp_id=264, page_id=23800, browser=Firefox
Testing: csp_id=264, page_id=23900, browser=Firefox
Testing: csp_id=264, page_id=24000, browser=Firefox
Testing: csp_id=264, page_id=24100, browser=Firefox
Testing: csp_id=264, page_id=24200, browser=Firefox
Testing: csp_id=264, page_id=24300, browser=Firefox
Testing: csp_id=264, page_id=24400, browser=Firefox
Testing: csp_id=264, page_id=24500, browser=Firefox
Testing: csp_id=264, page_id=24600, browser=Firefox
Testing: csp_id=264, page_id=24700, browser=Firefox
Testing: csp_id=264, page_id=24800, browser=Firefox
Testing: csp_id=264, page_id=24900, browser=Firefox
Testing: csp_id=264, page_id=25000, browser=Firefox
Testing: csp_id=264, page_id=25100, browser=Firefox
Testing: csp_id=264, page_id=25200, browser=Firefox
Testing: csp_id=264, page_id=25300, browser=Firefox
Testing: csp_id=264, page_id=25400, browser=Firefox
Testing: csp_id=264, page_id=25500, browser=Firefox
Testing: csp_id=264, page_id=25600, browser=Firefox
Testing: csp_id=264, page_id=25700, browser=Firefox
Testing: csp_id=264, page_id=25800, browser=Firefox
Testing: csp_id=264, page_id=25900, browser=Firefox
Testing: csp_id=264, page_id=26000, browser=Firefox
Testing: csp_id=264, page_id=26100, browser=Firefox
Testing: csp_id=264, page_id=26200, browser=Firefox
Testing: csp_id=264, page_id=26300, browser=Firefox
Testing: csp_id=264, page_id=26400, browser=Firefox
Testing: csp_id=264, page_id=26500, browser=Firefox
Testing: csp_id=264, page_id=26600, browser=Firefox
Testing: csp_id=264, page_id=26700, browser=Firefox
Testing: csp_id=264, page_id=26800, browser=Firefox
Testing: csp_id=264, page_id=26900, browser=Firefox
Testing: csp_id=264, page_id=27000, browser=Firefox
Testing: csp_id=264, page_id=27100, browser=Firefox
Testing: csp_id=264, page_id=27200, browser=Firefox
Testing: csp_id=264, page_id=27300, browser=Firefox
Testing: csp_id=264, page_id=27400, browser=Firefox
Testing: csp_id=264, page_id=27500, browser=Firefox
Testing: csp_id=264, page_id=27600, browser=Firefox
Testing: csp_id=264, page_id=27700, browser=Firefox
Testing: csp_id=264, page_id=27800, browser=Firefox
Testing: csp_id=264, page_id=27900, browser=Firefox
Testing: csp_id=264, page_id=28000, browser=Firefox
Testing: csp_id=264, page_id=28100, browser=Firefox
Testing: csp_id=264, page_id=28200, browser=Firefox
Testing: csp_id=264, page_id=28300, browser=Firefox
Testing: csp_id=264, page_id=28400, browser=Firefox
Testing: csp_id=264, page_id=28500, browser=Firefox
Testing: csp_id=264, page_id=28600, browser=Firefox
Testing: csp_id=264, page_id=28700, browser=Firefox
Testing: csp_id=264, page_id=28800, browser=Firefox
Testing: csp_id=264, page_id=28900, browser=Firefox
Testing: csp_id=264, page_id=29000, browser=Firefox
Testing: csp_id=264, page_id=29100, browser=Firefox
Testing: csp_id=264, page_id=29200, browser=Firefox
Testing: csp_id=264, page_id=29300, browser=Firefox
Testing: csp_id=264, page_id=29400, browser=Firefox
Testing: csp_id=264, page_id=29500, browser=Firefox
Testing: csp_id=264, page_id=29600, browser=Firefox
Testing: csp_id=264, page_id=29700, browser=Firefox
Testing: csp_id=264, page_id=29800, browser=Firefox
🏊 create_context_pools[first] (5x16): 26.516s
Testing: csp_id=274, page_id=0, browser=Firefox
Testing: csp_id=274, page_id=100, browser=Firefox
Testing: csp_id=274, page_id=200, browser=Firefox
Testing: csp_id=274, page_id=300, browser=Firefox
Testing: csp_id=274, page_id=400, browser=Firefox
Testing: csp_id=274, page_id=500, browser=Firefox
Testing: csp_id=274, page_id=600, browser=Firefox
Testing: csp_id=274, page_id=700, browser=Firefox
Testing: csp_id=274, page_id=800, browser=Firefox
Testing: csp_id=274, page_id=900, browser=Firefox
Testing: csp_id=274, page_id=1000, browser=Firefox
Testing: csp_id=274, page_id=1100, browser=Firefox
Testing: csp_id=274, page_id=1200, browser=Firefox
Testing: csp_id=274, page_id=1300, browser=Firefox
Testing: csp_id=274, page_id=1400, browser=Firefox
Testing: csp_id=274, page_id=1500, browser=Firefox
Testing: csp_id=274, page_id=1600, browser=Firefox
Testing: csp_id=274, page_id=1700, browser=Firefox
Testing: csp_id=274, page_id=1800, browser=Firefox
Testing: csp_id=274, page_id=1900, browser=Firefox
Testing: csp_id=274, page_id=2000, browser=Firefox
Testing: csp_id=274, page_id=2100, browser=Firefox
Testing: csp_id=274, page_id=2200, browser=Firefox
Testing: csp_id=274, page_id=2300, browser=Firefox
Testing: csp_id=274, page_id=2400, browser=Firefox
Testing: csp_id=274, page_id=2500, browser=Firefox
Testing: csp_id=274, page_id=2600, browser=Firefox
Testing: csp_id=274, page_id=2700, browser=Firefox
Testing: csp_id=274, page_id=2800, browser=Firefox
Testing: csp_id=274, page_id=2900, browser=Firefox
Testing: csp_id=274, page_id=3000, browser=Firefox
Testing: csp_id=274, page_id=3100, browser=Firefox
Testing: csp_id=274, page_id=3200, browser=Firefox
Testing: csp_id=274, page_id=3300, browser=Firefox
Testing: csp_id=274, page_id=3400, browser=Firefox
Testing: csp_id=274, page_id=3500, browser=Firefox
Testing: csp_id=274, page_id=3600, browser=Firefox
Testing: csp_id=274, page_id=3700, browser=Firefox
Testing: csp_id=274, page_id=3800, browser=Firefox
Testing: csp_id=274, page_id=3900, browser=Firefox
Testing: csp_id=274, page_id=4000, browser=Firefox
Testing: csp_id=274, page_id=4100, browser=Firefox
Testing: csp_id=274, page_id=4200, browser=Firefox
Testing: csp_id=274, page_id=4300, browser=Firefox
Testing: csp_id=274, page_id=4400, browser=Firefox
Testing: csp_id=274, page_id=4500, browser=Firefox
Testing: csp_id=274, page_id=4600, browser=Firefox
Testing: csp_id=274, page_id=4700, browser=Firefox
Testing: csp_id=274, page_id=4800, browser=Firefox
Testing: csp_id=274, page_id=4900, browser=Firefox
Testing: csp_id=274, page_id=5000, browser=Firefox
Testing: csp_id=274, page_id=5100, browser=Firefox
Testing: csp_id=274, page_id=5200, browser=Firefox
Testing: csp_id=274, page_id=5300, browser=Firefox
Testing: csp_id=274, page_id=5400, browser=Firefox
Testing: csp_id=274, page_id=5500, browser=Firefox
Testing: csp_id=274, page_id=5600, browser=Firefox
Testing: csp_id=274, page_id=5700, browser=Firefox
Testing: csp_id=274, page_id=5800, browser=Firefox
Testing: csp_id=274, page_id=5900, browser=Firefox
Testing: csp_id=274, page_id=6000, browser=Firefox
Testing: csp_id=274, page_id=6100, browser=Firefox
Testing: csp_id=274, page_id=6200, browser=Firefox
Testing: csp_id=274, page_id=6300, browser=Firefox
Testing: csp_id=274, page_id=6400, browser=Firefox
Testing: csp_id=274, page_id=6500, browser=Firefox
Testing: csp_id=274, page_id=6600, browser=Firefox
Testing: csp_id=274, page_id=6700, browser=Firefox
Testing: csp_id=274, page_id=6800, browser=Firefox
Testing: csp_id=274, page_id=6900, browser=Firefox
Testing: csp_id=274, page_id=7000, browser=Firefox
Testing: csp_id=274, page_id=7100, browser=Firefox
Testing: csp_id=274, page_id=7200, browser=Firefox
Testing: csp_id=274, page_id=7300, browser=Firefox
Testing: csp_id=274, page_id=7400, browser=Firefox
Testing: csp_id=274, page_id=7500, browser=Firefox
Testing: csp_id=274, page_id=7600, browser=Firefox
Testing: csp_id=274, page_id=7700, browser=Firefox
Testing: csp_id=274, page_id=7800, browser=Firefox
Testing: csp_id=274, page_id=7900, browser=Firefox
Testing: csp_id=274, page_id=8000, browser=Firefox
Testing: csp_id=274, page_id=8100, browser=Firefox
Testing: csp_id=274, page_id=8200, browser=Firefox
Testing: csp_id=274, page_id=8300, browser=Firefox
Testing: csp_id=274, page_id=8400, browser=Firefox
Testing: csp_id=274, page_id=8500, browser=Firefox
Testing: csp_id=274, page_id=8600, browser=Firefox
Testing: csp_id=274, page_id=8700, browser=Firefox
Testing: csp_id=274, page_id=8800, browser=Firefox
Testing: csp_id=274, page_id=8900, browser=Firefox
Testing: csp_id=274, page_id=9000, browser=Firefox
Testing: csp_id=274, page_id=9100, browser=Firefox
Testing: csp_id=274, page_id=9200, browser=Firefox
Testing: csp_id=274, page_id=9300, browser=Firefox
Testing: csp_id=274, page_id=9400, browser=Firefox
Testing: csp_id=274, page_id=9500, browser=Firefox
Testing: csp_id=274, page_id=9600, browser=Firefox
Testing: csp_id=274, page_id=9700, browser=Firefox
Testing: csp_id=274, page_id=9800, browser=Firefox
Testing: csp_id=274, page_id=9900, browser=Firefox
Testing: csp_id=274, page_id=10000, browser=Firefox
Testing: csp_id=274, page_id=10100, browser=Firefox
Testing: csp_id=274, page_id=10200, browser=Firefox
Testing: csp_id=274, page_id=10300, browser=Firefox
Testing: csp_id=274, page_id=10400, browser=Firefox
Testing: csp_id=274, page_id=10500, browser=Firefox
Testing: csp_id=274, page_id=10600, browser=Firefox
Testing: csp_id=274, page_id=10700, browser=Firefox
Testing: csp_id=274, page_id=10800, browser=Firefox
Testing: csp_id=274, page_id=10900, browser=Firefox
Testing: csp_id=274, page_id=11000, browser=Firefox
Testing: csp_id=274, page_id=11100, browser=Firefox
Testing: csp_id=274, page_id=11200, browser=Firefox
Testing: csp_id=274, page_id=11300, browser=Firefox
Testing: csp_id=274, page_id=11400, browser=Firefox
Testing: csp_id=274, page_id=11500, browser=Firefox
Testing: csp_id=274, page_id=11600, browser=Firefox
Testing: csp_id=274, page_id=11700, browser=Firefox
Testing: csp_id=274, page_id=11800, browser=Firefox
Testing: csp_id=274, page_id=11900, browser=Firefox
Testing: csp_id=274, page_id=12000, browser=Firefox
Testing: csp_id=274, page_id=12100, browser=Firefox
Testing: csp_id=274, page_id=12200, browser=Firefox
Testing: csp_id=274, page_id=12300, browser=Firefox
Testing: csp_id=274, page_id=12400, browser=Firefox
Testing: csp_id=274, page_id=12500, browser=Firefox
Testing: csp_id=274, page_id=12600, browser=Firefox
Testing: csp_id=274, page_id=12700, browser=Firefox
Testing: csp_id=274, page_id=12800, browser=Firefox
Testing: csp_id=274, page_id=12900, browser=Firefox
Testing: csp_id=274, page_id=13000, browser=Firefox
Testing: csp_id=274, page_id=13100, browser=Firefox
Testing: csp_id=274, page_id=13200, browser=Firefox
Testing: csp_id=274, page_id=13300, browser=Firefox
Testing: csp_id=274, page_id=13400, browser=Firefox
Testing: csp_id=274, page_id=13500, browser=Firefox
Testing: csp_id=274, page_id=13600, browser=Firefox
Testing: csp_id=274, page_id=13700, browser=Firefox
Testing: csp_id=274, page_id=13800, browser=Firefox
Testing: csp_id=274, page_id=13900, browser=Firefox
Testing: csp_id=274, page_id=14000, browser=Firefox
Testing: csp_id=274, page_id=14100, browser=Firefox
Testing: csp_id=274, page_id=14200, browser=Firefox
Testing: csp_id=274, page_id=14300, browser=Firefox
Testing: csp_id=274, page_id=14400, browser=Firefox
Testing: csp_id=274, page_id=14500, browser=Firefox
Testing: csp_id=274, page_id=14600, browser=Firefox
Testing: csp_id=274, page_id=14700, browser=Firefox
Testing: csp_id=274, page_id=14800, browser=Firefox
Testing: csp_id=274, page_id=14900, browser=Firefox
Testing: csp_id=274, page_id=15000, browser=Firefox
Testing: csp_id=274, page_id=15100, browser=Firefox
Testing: csp_id=274, page_id=15200, browser=Firefox
Testing: csp_id=274, page_id=15300, browser=Firefox
Testing: csp_id=274, page_id=15400, browser=Firefox
Testing: csp_id=274, page_id=15500, browser=Firefox
Testing: csp_id=274, page_id=15600, browser=Firefox
Testing: csp_id=274, page_id=15700, browser=Firefox
Testing: csp_id=274, page_id=15800, browser=Firefox
Testing: csp_id=274, page_id=15900, browser=Firefox
Testing: csp_id=274, page_id=16000, browser=Firefox
Testing: csp_id=274, page_id=16100, browser=Firefox
Testing: csp_id=274, page_id=16200, browser=Firefox
Testing: csp_id=274, page_id=16300, browser=Firefox
Testing: csp_id=274, page_id=16400, browser=Firefox
Testing: csp_id=274, page_id=16500, browser=Firefox
Testing: csp_id=274, page_id=16600, browser=Firefox
Testing: csp_id=274, page_id=16700, browser=Firefox
Testing: csp_id=274, page_id=16800, browser=Firefox
Testing: csp_id=274, page_id=16900, browser=Firefox
Testing: csp_id=274, page_id=17000, browser=Firefox
Testing: csp_id=274, page_id=17100, browser=Firefox
Testing: csp_id=274, page_id=17200, browser=Firefox
Testing: csp_id=274, page_id=17300, browser=Firefox
Testing: csp_id=274, page_id=17400, browser=Firefox
Testing: csp_id=274, page_id=17500, browser=Firefox
Testing: csp_id=274, page_id=17600, browser=Firefox
Testing: csp_id=274, page_id=17700, browser=Firefox
Testing: csp_id=274, page_id=17800, browser=Firefox
Testing: csp_id=274, page_id=17900, browser=Firefox
Testing: csp_id=274, page_id=18000, browser=Firefox
Testing: csp_id=274, page_id=18100, browser=Firefox
Testing: csp_id=274, page_id=18200, browser=Firefox
Testing: csp_id=274, page_id=18300, browser=Firefox
Testing: csp_id=274, page_id=18400, browser=Firefox
Testing: csp_id=274, page_id=18500, browser=Firefox
Testing: csp_id=274, page_id=18600, browser=Firefox
Testing: csp_id=274, page_id=18700, browser=Firefox
Testing: csp_id=274, page_id=18800, browser=Firefox
Testing: csp_id=274, page_id=18900, browser=Firefox
Testing: csp_id=274, page_id=19000, browser=Firefox
Testing: csp_id=274, page_id=19100, browser=Firefox
Testing: csp_id=274, page_id=19200, browser=Firefox
Testing: csp_id=274, page_id=19300, browser=Firefox
Testing: csp_id=274, page_id=19400, browser=Firefox
Testing: csp_id=274, page_id=19500, browser=Firefox
Testing: csp_id=274, page_id=19600, browser=Firefox
Testing: csp_id=274, page_id=19700, browser=Firefox
Testing: csp_id=274, page_id=19800, browser=Firefox
Testing: csp_id=274, page_id=19900, browser=Firefox
Testing: csp_id=274, page_id=20000, browser=Firefox
Testing: csp_id=274, page_id=20100, browser=Firefox
Testing: csp_id=274, page_id=20200, browser=Firefox
Testing: csp_id=274, page_id=20300, browser=Firefox
Testing: csp_id=274, page_id=20400, browser=Firefox
Testing: csp_id=274, page_id=20500, browser=Firefox
Testing: csp_id=274, page_id=20600, browser=Firefox
Testing: csp_id=274, page_id=20700, browser=Firefox
Testing: csp_id=274, page_id=20800, browser=Firefox
Testing: csp_id=274, page_id=20900, browser=Firefox
Testing: csp_id=274, page_id=21000, browser=Firefox
Testing: csp_id=274, page_id=21100, browser=Firefox
Testing: csp_id=274, page_id=21200, browser=Firefox
Testing: csp_id=274, page_id=21300, browser=Firefox
Testing: csp_id=274, page_id=21400, browser=Firefox
Testing: csp_id=274, page_id=21500, browser=Firefox
Testing: csp_id=274, page_id=21600, browser=Firefox
Testing: csp_id=274, page_id=21700, browser=Firefox
Testing: csp_id=274, page_id=21800, browser=Firefox
Testing: csp_id=274, page_id=21900, browser=Firefox
Testing: csp_id=274, page_id=22000, browser=Firefox
Testing: csp_id=274, page_id=22100, browser=Firefox
Testing: csp_id=274, page_id=22200, browser=Firefox
Testing: csp_id=274, page_id=22300, browser=Firefox
Testing: csp_id=274, page_id=22400, browser=Firefox
Testing: csp_id=274, page_id=22500, browser=Firefox
Testing: csp_id=274, page_id=22600, browser=Firefox
Testing: csp_id=274, page_id=22700, browser=Firefox
Testing: csp_id=274, page_id=22800, browser=Firefox
Testing: csp_id=274, page_id=22900, browser=Firefox
Testing: csp_id=274, page_id=23000, browser=Firefox
Testing: csp_id=274, page_id=23100, browser=Firefox
Testing: csp_id=274, page_id=23200, browser=Firefox
Testing: csp_id=274, page_id=23300, browser=Firefox
Testing: csp_id=274, page_id=23400, browser=Firefox
Testing: csp_id=274, page_id=23500, browser=Firefox
Testing: csp_id=274, page_id=23600, browser=Firefox
Testing: csp_id=274, page_id=23700, browser=Firefox
Testing: csp_id=274, page_id=23800, browser=Firefox
Testing: csp_id=274, page_id=23900, browser=Firefox
Testing: csp_id=274, page_id=24000, browser=Firefox
Testing: csp_id=274, page_id=24100, browser=Firefox
Testing: csp_id=274, page_id=24200, browser=Firefox
Testing: csp_id=274, page_id=24300, browser=Firefox
Testing: csp_id=274, page_id=24400, browser=Firefox
Testing: csp_id=274, page_id=24500, browser=Firefox
Testing: csp_id=274, page_id=24600, browser=Firefox
Testing: csp_id=274, page_id=24700, browser=Firefox
Testing: csp_id=274, page_id=24800, browser=Firefox
Testing: csp_id=274, page_id=24900, browser=Firefox
Testing: csp_id=274, page_id=25000, browser=Firefox
Testing: csp_id=274, page_id=25100, browser=Firefox
Testing: csp_id=274, page_id=25200, browser=Firefox
Testing: csp_id=274, page_id=25300, browser=Firefox
Testing: csp_id=274, page_id=25400, browser=Firefox
Testing: csp_id=274, page_id=25500, browser=Firefox
Testing: csp_id=274, page_id=25600, browser=Firefox
Testing: csp_id=274, page_id=25700, browser=Firefox
Testing: csp_id=274, page_id=25800, browser=Firefox
Testing: csp_id=274, page_id=25900, browser=Firefox
Testing: csp_id=274, page_id=26000, browser=Firefox
Testing: csp_id=274, page_id=26100, browser=Firefox
Testing: csp_id=274, page_id=26200, browser=Firefox
Testing: csp_id=274, page_id=26300, browser=Firefox
Testing: csp_id=274, page_id=26400, browser=Firefox
Testing: csp_id=274, page_id=26500, browser=Firefox
Testing: csp_id=274, page_id=26600, browser=Firefox
Testing: csp_id=274, page_id=26700, browser=Firefox
Testing: csp_id=274, page_id=26800, browser=Firefox
Testing: csp_id=274, page_id=26900, browser=Firefox
Testing: csp_id=274, page_id=27000, browser=Firefox
Testing: csp_id=274, page_id=27100, browser=Firefox
Testing: csp_id=274, page_id=27200, browser=Firefox
Testing: csp_id=274, page_id=27300, browser=Firefox
Testing: csp_id=274, page_id=27400, browser=Firefox
Testing: csp_id=274, page_id=27500, browser=Firefox
Testing: csp_id=274, page_id=27600, browser=Firefox
Testing: csp_id=274, page_id=27700, browser=Firefox
Testing: csp_id=274, page_id=27800, browser=Firefox
Testing: csp_id=274, page_id=27900, browser=Firefox
Testing: csp_id=274, page_id=28000, browser=Firefox
Testing: csp_id=274, page_id=28100, browser=Firefox
Testing: csp_id=274, page_id=28200, browser=Firefox
Testing: csp_id=274, page_id=28300, browser=Firefox
Testing: csp_id=274, page_id=28400, browser=Firefox
Testing: csp_id=274, page_id=28500, browser=Firefox
Testing: csp_id=274, page_id=28600, browser=Firefox
Testing: csp_id=274, page_id=28700, browser=Firefox
Testing: csp_id=274, page_id=28800, browser=Firefox
Testing: csp_id=274, page_id=28900, browser=Firefox
Testing: csp_id=274, page_id=29000, browser=Firefox
Testing: csp_id=274, page_id=29100, browser=Firefox
Testing: csp_id=274, page_id=29200, browser=Firefox
Testing: csp_id=274, page_id=29300, browser=Firefox
Testing: csp_id=274, page_id=29400, browser=Firefox
Testing: csp_id=274, page_id=29500, browser=Firefox
Testing: csp_id=274, page_id=29600, browser=Firefox
Testing: csp_id=274, page_id=29700, browser=Firefox
Testing: csp_id=274, page_id=29800, browser=Firefox
🏊 create_context_pools[first] (5x16): 34.696s
Testing: csp_id=284, page_id=0, browser=Firefox
Testing: csp_id=284, page_id=100, browser=Firefox
Testing: csp_id=284, page_id=200, browser=Firefox
Testing: csp_id=284, page_id=300, browser=Firefox
Testing: csp_id=284, page_id=400, browser=Firefox
Testing: csp_id=284, page_id=500, browser=Firefox
Testing: csp_id=284, page_id=600, browser=Firefox
Testing: csp_id=284, page_id=700, browser=Firefox
Testing: csp_id=284, page_id=800, browser=Firefox
Testing: csp_id=284, page_id=900, browser=Firefox
Testing: csp_id=284, page_id=1000, browser=Firefox
Testing: csp_id=284, page_id=1100, browser=Firefox
Testing: csp_id=284, page_id=1200, browser=Firefox
Testing: csp_id=284, page_id=1300, browser=Firefox
Testing: csp_id=284, page_id=1400, browser=Firefox
Testing: csp_id=284, page_id=1500, browser=Firefox
Testing: csp_id=284, page_id=1600, browser=Firefox
Testing: csp_id=284, page_id=1700, browser=Firefox
Testing: csp_id=284, page_id=1800, browser=Firefox
Testing: csp_id=284, page_id=1900, browser=Firefox
Testing: csp_id=284, page_id=2000, browser=Firefox
Testing: csp_id=284, page_id=2100, browser=Firefox
Testing: csp_id=284, page_id=2200, browser=Firefox
Testing: csp_id=284, page_id=2300, browser=Firefox
Testing: csp_id=284, page_id=2400, browser=Firefox
Testing: csp_id=284, page_id=2500, browser=Firefox
Testing: csp_id=284, page_id=2600, browser=Firefox
Testing: csp_id=284, page_id=2700, browser=Firefox
Testing: csp_id=284, page_id=2800, browser=Firefox
Testing: csp_id=284, page_id=2900, browser=Firefox
Testing: csp_id=284, page_id=3000, browser=Firefox
Testing: csp_id=284, page_id=3100, browser=Firefox
Testing: csp_id=284, page_id=3200, browser=Firefox
Testing: csp_id=284, page_id=3300, browser=Firefox
Testing: csp_id=284, page_id=3400, browser=Firefox
Testing: csp_id=284, page_id=3500, browser=Firefox
Testing: csp_id=284, page_id=3600, browser=Firefox
Testing: csp_id=284, page_id=3700, browser=Firefox
Testing: csp_id=284, page_id=3800, browser=Firefox
Testing: csp_id=284, page_id=3900, browser=Firefox
Testing: csp_id=284, page_id=4000, browser=Firefox
Testing: csp_id=284, page_id=4100, browser=Firefox
Testing: csp_id=284, page_id=4200, browser=Firefox
Testing: csp_id=284, page_id=4300, browser=Firefox
Testing: csp_id=284, page_id=4400, browser=Firefox
Testing: csp_id=284, page_id=4500, browser=Firefox
Testing: csp_id=284, page_id=4600, browser=Firefox
Testing: csp_id=284, page_id=4700, browser=Firefox
Testing: csp_id=284, page_id=4800, browser=Firefox
Testing: csp_id=284, page_id=4900, browser=Firefox
Testing: csp_id=284, page_id=5000, browser=Firefox
Testing: csp_id=284, page_id=5100, browser=Firefox
Testing: csp_id=284, page_id=5200, browser=Firefox
Testing: csp_id=284, page_id=5300, browser=Firefox
Testing: csp_id=284, page_id=5400, browser=Firefox
Testing: csp_id=284, page_id=5500, browser=Firefox
Testing: csp_id=284, page_id=5600, browser=Firefox
Testing: csp_id=284, page_id=5700, browser=Firefox
Testing: csp_id=284, page_id=5800, browser=Firefox
Testing: csp_id=284, page_id=5900, browser=Firefox
Testing: csp_id=284, page_id=6000, browser=Firefox
Testing: csp_id=284, page_id=6100, browser=Firefox
Testing: csp_id=284, page_id=6200, browser=Firefox
Testing: csp_id=284, page_id=6300, browser=Firefox
Testing: csp_id=284, page_id=6400, browser=Firefox
Testing: csp_id=284, page_id=6500, browser=Firefox
Testing: csp_id=284, page_id=6600, browser=Firefox
Testing: csp_id=284, page_id=6700, browser=Firefox
Testing: csp_id=284, page_id=6800, browser=Firefox
Testing: csp_id=284, page_id=6900, browser=Firefox
Testing: csp_id=284, page_id=7000, browser=Firefox
Testing: csp_id=284, page_id=7100, browser=Firefox
Testing: csp_id=284, page_id=7200, browser=Firefox
Testing: csp_id=284, page_id=7300, browser=Firefox
Testing: csp_id=284, page_id=7400, browser=Firefox
Testing: csp_id=284, page_id=7500, browser=Firefox
Testing: csp_id=284, page_id=7600, browser=Firefox
Testing: csp_id=284, page_id=7700, browser=Firefox
Testing: csp_id=284, page_id=7800, browser=Firefox
Testing: csp_id=284, page_id=7900, browser=Firefox
Testing: csp_id=284, page_id=8000, browser=Firefox
Testing: csp_id=284, page_id=8100, browser=Firefox
Testing: csp_id=284, page_id=8200, browser=Firefox
Testing: csp_id=284, page_id=8300, browser=Firefox
Testing: csp_id=284, page_id=8400, browser=Firefox
Testing: csp_id=284, page_id=8500, browser=Firefox
Testing: csp_id=284, page_id=8600, browser=Firefox
Testing: csp_id=284, page_id=8700, browser=Firefox
Testing: csp_id=284, page_id=8800, browser=Firefox
Testing: csp_id=284, page_id=8900, browser=Firefox
Testing: csp_id=284, page_id=9000, browser=Firefox
Testing: csp_id=284, page_id=9100, browser=Firefox
Testing: csp_id=284, page_id=9200, browser=Firefox
Testing: csp_id=284, page_id=9300, browser=Firefox
Testing: csp_id=284, page_id=9400, browser=Firefox
Testing: csp_id=284, page_id=9500, browser=Firefox
Testing: csp_id=284, page_id=9600, browser=Firefox
Testing: csp_id=284, page_id=9700, browser=Firefox
Testing: csp_id=284, page_id=9800, browser=Firefox
Testing: csp_id=284, page_id=9900, browser=Firefox
Testing: csp_id=284, page_id=10000, browser=Firefox
Testing: csp_id=284, page_id=10100, browser=Firefox
Testing: csp_id=284, page_id=10200, browser=Firefox
Testing: csp_id=284, page_id=10300, browser=Firefox
Testing: csp_id=284, page_id=10400, browser=Firefox
Testing: csp_id=284, page_id=10500, browser=Firefox
Testing: csp_id=284, page_id=10600, browser=Firefox
Testing: csp_id=284, page_id=10700, browser=Firefox
Testing: csp_id=284, page_id=10800, browser=Firefox
Testing: csp_id=284, page_id=10900, browser=Firefox
Testing: csp_id=284, page_id=11000, browser=Firefox
Testing: csp_id=284, page_id=11100, browser=Firefox
Testing: csp_id=284, page_id=11200, browser=Firefox
Testing: csp_id=284, page_id=11300, browser=Firefox
Testing: csp_id=284, page_id=11400, browser=Firefox
Testing: csp_id=284, page_id=11500, browser=Firefox
Testing: csp_id=284, page_id=11600, browser=Firefox
Testing: csp_id=284, page_id=11700, browser=Firefox
Testing: csp_id=284, page_id=11800, browser=Firefox
Testing: csp_id=284, page_id=11900, browser=Firefox
Testing: csp_id=284, page_id=12000, browser=Firefox
Testing: csp_id=284, page_id=12100, browser=Firefox
Testing: csp_id=284, page_id=12200, browser=Firefox
Testing: csp_id=284, page_id=12300, browser=Firefox
Testing: csp_id=284, page_id=12400, browser=Firefox
Testing: csp_id=284, page_id=12500, browser=Firefox
Testing: csp_id=284, page_id=12600, browser=Firefox
Testing: csp_id=284, page_id=12700, browser=Firefox
Testing: csp_id=284, page_id=12800, browser=Firefox
Testing: csp_id=284, page_id=12900, browser=Firefox
Testing: csp_id=284, page_id=13000, browser=Firefox
Testing: csp_id=284, page_id=13100, browser=Firefox
Testing: csp_id=284, page_id=13200, browser=Firefox
Testing: csp_id=284, page_id=13300, browser=Firefox
Testing: csp_id=284, page_id=13400, browser=Firefox
Testing: csp_id=284, page_id=13500, browser=Firefox
Testing: csp_id=284, page_id=13600, browser=Firefox
Testing: csp_id=284, page_id=13700, browser=Firefox
Testing: csp_id=284, page_id=13800, browser=Firefox
Testing: csp_id=284, page_id=13900, browser=Firefox
Testing: csp_id=284, page_id=14000, browser=Firefox
Testing: csp_id=284, page_id=14100, browser=Firefox
Testing: csp_id=284, page_id=14200, browser=Firefox
Testing: csp_id=284, page_id=14300, browser=Firefox
Testing: csp_id=284, page_id=14400, browser=Firefox
Testing: csp_id=284, page_id=14500, browser=Firefox
Testing: csp_id=284, page_id=14600, browser=Firefox
Testing: csp_id=284, page_id=14700, browser=Firefox
Testing: csp_id=284, page_id=14800, browser=Firefox
Testing: csp_id=284, page_id=14900, browser=Firefox
Testing: csp_id=284, page_id=15000, browser=Firefox
Testing: csp_id=284, page_id=15100, browser=Firefox
Testing: csp_id=284, page_id=15200, browser=Firefox
Testing: csp_id=284, page_id=15300, browser=Firefox
Testing: csp_id=284, page_id=15400, browser=Firefox
Testing: csp_id=284, page_id=15500, browser=Firefox
Testing: csp_id=284, page_id=15600, browser=Firefox
Testing: csp_id=284, page_id=15700, browser=Firefox
Testing: csp_id=284, page_id=15800, browser=Firefox
Testing: csp_id=284, page_id=15900, browser=Firefox
Testing: csp_id=284, page_id=16000, browser=Firefox
Testing: csp_id=284, page_id=16100, browser=Firefox
Testing: csp_id=284, page_id=16200, browser=Firefox
Testing: csp_id=284, page_id=16300, browser=Firefox
Testing: csp_id=284, page_id=16400, browser=Firefox
Testing: csp_id=284, page_id=16500, browser=Firefox
Testing: csp_id=284, page_id=16600, browser=Firefox
Testing: csp_id=284, page_id=16700, browser=Firefox
Testing: csp_id=284, page_id=16800, browser=Firefox
Testing: csp_id=284, page_id=16900, browser=Firefox
Testing: csp_id=284, page_id=17000, browser=Firefox
Testing: csp_id=284, page_id=17100, browser=Firefox
Testing: csp_id=284, page_id=17200, browser=Firefox
Testing: csp_id=284, page_id=17300, browser=Firefox
Testing: csp_id=284, page_id=17400, browser=Firefox
Testing: csp_id=284, page_id=17500, browser=Firefox
Testing: csp_id=284, page_id=17600, browser=Firefox
Testing: csp_id=284, page_id=17700, browser=Firefox
Testing: csp_id=284, page_id=17800, browser=Firefox
Testing: csp_id=284, page_id=17900, browser=Firefox
Testing: csp_id=284, page_id=18000, browser=Firefox
Testing: csp_id=284, page_id=18100, browser=Firefox
Testing: csp_id=284, page_id=18200, browser=Firefox
Testing: csp_id=284, page_id=18300, browser=Firefox
Testing: csp_id=284, page_id=18400, browser=Firefox
Testing: csp_id=284, page_id=18500, browser=Firefox
Testing: csp_id=284, page_id=18600, browser=Firefox
Testing: csp_id=284, page_id=18700, browser=Firefox
Testing: csp_id=284, page_id=18800, browser=Firefox
Testing: csp_id=284, page_id=18900, browser=Firefox
Testing: csp_id=284, page_id=19000, browser=Firefox
Testing: csp_id=284, page_id=19100, browser=Firefox
Testing: csp_id=284, page_id=19200, browser=Firefox
Testing: csp_id=284, page_id=19300, browser=Firefox
Testing: csp_id=284, page_id=19400, browser=Firefox
Testing: csp_id=284, page_id=19500, browser=Firefox
Testing: csp_id=284, page_id=19600, browser=Firefox
Testing: csp_id=284, page_id=19700, browser=Firefox
Testing: csp_id=284, page_id=19800, browser=Firefox
Testing: csp_id=284, page_id=19900, browser=Firefox
Testing: csp_id=284, page_id=20000, browser=Firefox
Testing: csp_id=284, page_id=20100, browser=Firefox
Testing: csp_id=284, page_id=20200, browser=Firefox
Testing: csp_id=284, page_id=20300, browser=Firefox
Testing: csp_id=284, page_id=20400, browser=Firefox
Testing: csp_id=284, page_id=20500, browser=Firefox
Testing: csp_id=284, page_id=20600, browser=Firefox
Testing: csp_id=284, page_id=20700, browser=Firefox
Testing: csp_id=284, page_id=20800, browser=Firefox
Testing: csp_id=284, page_id=20900, browser=Firefox
Testing: csp_id=284, page_id=21000, browser=Firefox
Testing: csp_id=284, page_id=21100, browser=Firefox
Testing: csp_id=284, page_id=21200, browser=Firefox
Testing: csp_id=284, page_id=21300, browser=Firefox
Testing: csp_id=284, page_id=21400, browser=Firefox
Testing: csp_id=284, page_id=21500, browser=Firefox
Testing: csp_id=284, page_id=21600, browser=Firefox
Testing: csp_id=284, page_id=21700, browser=Firefox
Testing: csp_id=284, page_id=21800, browser=Firefox
Testing: csp_id=284, page_id=21900, browser=Firefox
Testing: csp_id=284, page_id=22000, browser=Firefox
Testing: csp_id=284, page_id=22100, browser=Firefox
Testing: csp_id=284, page_id=22200, browser=Firefox
Testing: csp_id=284, page_id=22300, browser=Firefox
Testing: csp_id=284, page_id=22400, browser=Firefox
Testing: csp_id=284, page_id=22500, browser=Firefox
Testing: csp_id=284, page_id=22600, browser=Firefox
Testing: csp_id=284, page_id=22700, browser=Firefox
Testing: csp_id=284, page_id=22800, browser=Firefox
Testing: csp_id=284, page_id=22900, browser=Firefox
Testing: csp_id=284, page_id=23000, browser=Firefox
Testing: csp_id=284, page_id=23100, browser=Firefox
Testing: csp_id=284, page_id=23200, browser=Firefox
Testing: csp_id=284, page_id=23300, browser=Firefox
Testing: csp_id=284, page_id=23400, browser=Firefox
Testing: csp_id=284, page_id=23500, browser=Firefox
Testing: csp_id=284, page_id=23600, browser=Firefox
Testing: csp_id=284, page_id=23700, browser=Firefox
Testing: csp_id=284, page_id=23800, browser=Firefox
Testing: csp_id=284, page_id=23900, browser=Firefox
Testing: csp_id=284, page_id=24000, browser=Firefox
Testing: csp_id=284, page_id=24100, browser=Firefox
Testing: csp_id=284, page_id=24200, browser=Firefox
Testing: csp_id=284, page_id=24300, browser=Firefox
Testing: csp_id=284, page_id=24400, browser=Firefox
Testing: csp_id=284, page_id=24500, browser=Firefox
Testing: csp_id=284, page_id=24600, browser=Firefox
Testing: csp_id=284, page_id=24700, browser=Firefox
Testing: csp_id=284, page_id=24800, browser=Firefox
Testing: csp_id=284, page_id=24900, browser=Firefox
Testing: csp_id=284, page_id=25000, browser=Firefox
Testing: csp_id=284, page_id=25100, browser=Firefox
Testing: csp_id=284, page_id=25200, browser=Firefox
Testing: csp_id=284, page_id=25300, browser=Firefox
Testing: csp_id=284, page_id=25400, browser=Firefox
Testing: csp_id=284, page_id=25500, browser=Firefox
Testing: csp_id=284, page_id=25600, browser=Firefox
Testing: csp_id=284, page_id=25700, browser=Firefox
Testing: csp_id=284, page_id=25800, browser=Firefox
Testing: csp_id=284, page_id=25900, browser=Firefox
Testing: csp_id=284, page_id=26000, browser=Firefox
Testing: csp_id=284, page_id=26100, browser=Firefox
Testing: csp_id=284, page_id=26200, browser=Firefox
Testing: csp_id=284, page_id=26300, browser=Firefox
Testing: csp_id=284, page_id=26400, browser=Firefox
Testing: csp_id=284, page_id=26500, browser=Firefox
Testing: csp_id=284, page_id=26600, browser=Firefox
Testing: csp_id=284, page_id=26700, browser=Firefox
Testing: csp_id=284, page_id=26800, browser=Firefox
Testing: csp_id=284, page_id=26900, browser=Firefox
Testing: csp_id=284, page_id=27000, browser=Firefox
Testing: csp_id=284, page_id=27100, browser=Firefox
Testing: csp_id=284, page_id=27200, browser=Firefox
Testing: csp_id=284, page_id=27300, browser=Firefox
Testing: csp_id=284, page_id=27400, browser=Firefox
Testing: csp_id=284, page_id=27500, browser=Firefox
Testing: csp_id=284, page_id=27600, browser=Firefox
Testing: csp_id=284, page_id=27700, browser=Firefox
Testing: csp_id=284, page_id=27800, browser=Firefox
Testing: csp_id=284, page_id=27900, browser=Firefox
Testing: csp_id=284, page_id=28000, browser=Firefox
Testing: csp_id=284, page_id=28100, browser=Firefox
Testing: csp_id=284, page_id=28200, browser=Firefox
Testing: csp_id=284, page_id=28300, browser=Firefox
Testing: csp_id=284, page_id=28400, browser=Firefox
Testing: csp_id=284, page_id=28500, browser=Firefox
Testing: csp_id=284, page_id=28600, browser=Firefox
Testing: csp_id=284, page_id=28700, browser=Firefox
Testing: csp_id=284, page_id=28800, browser=Firefox
Testing: csp_id=284, page_id=28900, browser=Firefox
Testing: csp_id=284, page_id=29000, browser=Firefox
Testing: csp_id=284, page_id=29100, browser=Firefox
Testing: csp_id=284, page_id=29200, browser=Firefox
Testing: csp_id=284, page_id=29300, browser=Firefox
Testing: csp_id=284, page_id=29400, browser=Firefox
Testing: csp_id=284, page_id=29500, browser=Firefox
Testing: csp_id=284, page_id=29600, browser=Firefox
Testing: csp_id=284, page_id=29700, browser=Firefox
Testing: csp_id=284, page_id=29800, browser=Firefox
🏊 create_context_pools[first] (5x16): 38.792s
Testing: csp_id=294, page_id=0, browser=Firefox
Testing: csp_id=294, page_id=100, browser=Firefox
Testing: csp_id=294, page_id=200, browser=Firefox
Testing: csp_id=294, page_id=300, browser=Firefox
Testing: csp_id=294, page_id=400, browser=Firefox
Testing: csp_id=294, page_id=500, browser=Firefox
Testing: csp_id=294, page_id=600, browser=Firefox
Testing: csp_id=294, page_id=700, browser=Firefox
Testing: csp_id=294, page_id=800, browser=Firefox
Testing: csp_id=294, page_id=900, browser=Firefox
Testing: csp_id=294, page_id=1000, browser=Firefox
Testing: csp_id=294, page_id=1100, browser=Firefox
Testing: csp_id=294, page_id=1200, browser=Firefox
Testing: csp_id=294, page_id=1300, browser=Firefox
Testing: csp_id=294, page_id=1400, browser=Firefox
Testing: csp_id=294, page_id=1500, browser=Firefox
Testing: csp_id=294, page_id=1600, browser=Firefox
Testing: csp_id=294, page_id=1700, browser=Firefox
Testing: csp_id=294, page_id=1800, browser=Firefox
Testing: csp_id=294, page_id=1900, browser=Firefox
Testing: csp_id=294, page_id=2000, browser=Firefox
Testing: csp_id=294, page_id=2100, browser=Firefox
Testing: csp_id=294, page_id=2200, browser=Firefox
Testing: csp_id=294, page_id=2300, browser=Firefox
Testing: csp_id=294, page_id=2400, browser=Firefox
Testing: csp_id=294, page_id=2500, browser=Firefox
Testing: csp_id=294, page_id=2600, browser=Firefox
Testing: csp_id=294, page_id=2700, browser=Firefox
Testing: csp_id=294, page_id=2800, browser=Firefox
Testing: csp_id=294, page_id=2900, browser=Firefox
Testing: csp_id=294, page_id=3000, browser=Firefox
Testing: csp_id=294, page_id=3100, browser=Firefox
Testing: csp_id=294, page_id=3200, browser=Firefox
Testing: csp_id=294, page_id=3300, browser=Firefox
Testing: csp_id=294, page_id=3400, browser=Firefox
Testing: csp_id=294, page_id=3500, browser=Firefox
Testing: csp_id=294, page_id=3600, browser=Firefox
Testing: csp_id=294, page_id=3700, browser=Firefox
Testing: csp_id=294, page_id=3800, browser=Firefox
Testing: csp_id=294, page_id=3900, browser=Firefox
Testing: csp_id=294, page_id=4000, browser=Firefox
Testing: csp_id=294, page_id=4100, browser=Firefox
Testing: csp_id=294, page_id=4200, browser=Firefox
Testing: csp_id=294, page_id=4300, browser=Firefox
Testing: csp_id=294, page_id=4400, browser=Firefox
Testing: csp_id=294, page_id=4500, browser=Firefox
Testing: csp_id=294, page_id=4600, browser=Firefox
Testing: csp_id=294, page_id=4700, browser=Firefox
Testing: csp_id=294, page_id=4800, browser=Firefox
Testing: csp_id=294, page_id=4900, browser=Firefox
Testing: csp_id=294, page_id=5000, browser=Firefox
Testing: csp_id=294, page_id=5100, browser=Firefox
Testing: csp_id=294, page_id=5200, browser=Firefox
Testing: csp_id=294, page_id=5300, browser=Firefox
Testing: csp_id=294, page_id=5400, browser=Firefox
Testing: csp_id=294, page_id=5500, browser=Firefox
Testing: csp_id=294, page_id=5600, browser=Firefox
Testing: csp_id=294, page_id=5700, browser=Firefox
Testing: csp_id=294, page_id=5800, browser=Firefox
Testing: csp_id=294, page_id=5900, browser=Firefox
Testing: csp_id=294, page_id=6000, browser=Firefox
Testing: csp_id=294, page_id=6100, browser=Firefox
Testing: csp_id=294, page_id=6200, browser=Firefox
Testing: csp_id=294, page_id=6300, browser=Firefox
Testing: csp_id=294, page_id=6400, browser=Firefox
Testing: csp_id=294, page_id=6500, browser=Firefox
Testing: csp_id=294, page_id=6600, browser=Firefox
Testing: csp_id=294, page_id=6700, browser=Firefox
Testing: csp_id=294, page_id=6800, browser=Firefox
Testing: csp_id=294, page_id=6900, browser=Firefox
Testing: csp_id=294, page_id=7000, browser=Firefox
Testing: csp_id=294, page_id=7100, browser=Firefox
Testing: csp_id=294, page_id=7200, browser=Firefox
Testing: csp_id=294, page_id=7300, browser=Firefox
Testing: csp_id=294, page_id=7400, browser=Firefox
Testing: csp_id=294, page_id=7500, browser=Firefox
Testing: csp_id=294, page_id=7600, browser=Firefox
Testing: csp_id=294, page_id=7700, browser=Firefox
Testing: csp_id=294, page_id=7800, browser=Firefox
Testing: csp_id=294, page_id=7900, browser=Firefox
Testing: csp_id=294, page_id=8000, browser=Firefox
Testing: csp_id=294, page_id=8100, browser=Firefox
Testing: csp_id=294, page_id=8200, browser=Firefox
Testing: csp_id=294, page_id=8300, browser=Firefox
Testing: csp_id=294, page_id=8400, browser=Firefox
Testing: csp_id=294, page_id=8500, browser=Firefox
Testing: csp_id=294, page_id=8600, browser=Firefox
Testing: csp_id=294, page_id=8700, browser=Firefox
Testing: csp_id=294, page_id=8800, browser=Firefox
Testing: csp_id=294, page_id=8900, browser=Firefox
Testing: csp_id=294, page_id=9000, browser=Firefox
Testing: csp_id=294, page_id=9100, browser=Firefox
Testing: csp_id=294, page_id=9200, browser=Firefox
Testing: csp_id=294, page_id=9300, browser=Firefox
Testing: csp_id=294, page_id=9400, browser=Firefox
Testing: csp_id=294, page_id=9500, browser=Firefox
Testing: csp_id=294, page_id=9600, browser=Firefox
Testing: csp_id=294, page_id=9700, browser=Firefox
Testing: csp_id=294, page_id=9800, browser=Firefox
Testing: csp_id=294, page_id=9900, browser=Firefox
Testing: csp_id=294, page_id=10000, browser=Firefox
Testing: csp_id=294, page_id=10100, browser=Firefox
Testing: csp_id=294, page_id=10200, browser=Firefox
Testing: csp_id=294, page_id=10300, browser=Firefox
Testing: csp_id=294, page_id=10400, browser=Firefox
Testing: csp_id=294, page_id=10500, browser=Firefox
Testing: csp_id=294, page_id=10600, browser=Firefox
Testing: csp_id=294, page_id=10700, browser=Firefox
Testing: csp_id=294, page_id=10800, browser=Firefox
Testing: csp_id=294, page_id=10900, browser=Firefox
Testing: csp_id=294, page_id=11000, browser=Firefox
Testing: csp_id=294, page_id=11100, browser=Firefox
Testing: csp_id=294, page_id=11200, browser=Firefox
Testing: csp_id=294, page_id=11300, browser=Firefox
Testing: csp_id=294, page_id=11400, browser=Firefox
Testing: csp_id=294, page_id=11500, browser=Firefox
Testing: csp_id=294, page_id=11600, browser=Firefox
Testing: csp_id=294, page_id=11700, browser=Firefox
Testing: csp_id=294, page_id=11800, browser=Firefox
Testing: csp_id=294, page_id=11900, browser=Firefox
Testing: csp_id=294, page_id=12000, browser=Firefox
Testing: csp_id=294, page_id=12100, browser=Firefox
Testing: csp_id=294, page_id=12200, browser=Firefox
Testing: csp_id=294, page_id=12300, browser=Firefox
Testing: csp_id=294, page_id=12400, browser=Firefox
Testing: csp_id=294, page_id=12500, browser=Firefox
Testing: csp_id=294, page_id=12600, browser=Firefox
Testing: csp_id=294, page_id=12700, browser=Firefox
Testing: csp_id=294, page_id=12800, browser=Firefox
Testing: csp_id=294, page_id=12900, browser=Firefox
Testing: csp_id=294, page_id=13000, browser=Firefox
Testing: csp_id=294, page_id=13100, browser=Firefox
Testing: csp_id=294, page_id=13200, browser=Firefox
Testing: csp_id=294, page_id=13300, browser=Firefox
Testing: csp_id=294, page_id=13400, browser=Firefox
Testing: csp_id=294, page_id=13500, browser=Firefox
Testing: csp_id=294, page_id=13600, browser=Firefox
Testing: csp_id=294, page_id=13700, browser=Firefox
Testing: csp_id=294, page_id=13800, browser=Firefox
Testing: csp_id=294, page_id=13900, browser=Firefox
Testing: csp_id=294, page_id=14000, browser=Firefox
Testing: csp_id=294, page_id=14100, browser=Firefox
Testing: csp_id=294, page_id=14200, browser=Firefox
Testing: csp_id=294, page_id=14300, browser=Firefox
Testing: csp_id=294, page_id=14400, browser=Firefox
Testing: csp_id=294, page_id=14500, browser=Firefox
Testing: csp_id=294, page_id=14600, browser=Firefox
Testing: csp_id=294, page_id=14700, browser=Firefox
Testing: csp_id=294, page_id=14800, browser=Firefox
Testing: csp_id=294, page_id=14900, browser=Firefox
Testing: csp_id=294, page_id=15000, browser=Firefox
Testing: csp_id=294, page_id=15100, browser=Firefox
Testing: csp_id=294, page_id=15200, browser=Firefox
Testing: csp_id=294, page_id=15300, browser=Firefox
Testing: csp_id=294, page_id=15400, browser=Firefox
Testing: csp_id=294, page_id=15500, browser=Firefox
Testing: csp_id=294, page_id=15600, browser=Firefox
Testing: csp_id=294, page_id=15700, browser=Firefox
Testing: csp_id=294, page_id=15800, browser=Firefox
Testing: csp_id=294, page_id=15900, browser=Firefox
Testing: csp_id=294, page_id=16000, browser=Firefox
Testing: csp_id=294, page_id=16100, browser=Firefox
Testing: csp_id=294, page_id=16200, browser=Firefox
Testing: csp_id=294, page_id=16300, browser=Firefox
Testing: csp_id=294, page_id=16400, browser=Firefox
Testing: csp_id=294, page_id=16500, browser=Firefox
Testing: csp_id=294, page_id=16600, browser=Firefox
Testing: csp_id=294, page_id=16700, browser=Firefox
Testing: csp_id=294, page_id=16800, browser=Firefox
Testing: csp_id=294, page_id=16900, browser=Firefox
Testing: csp_id=294, page_id=17000, browser=Firefox
Testing: csp_id=294, page_id=17100, browser=Firefox
Testing: csp_id=294, page_id=17200, browser=Firefox
Testing: csp_id=294, page_id=17300, browser=Firefox
Testing: csp_id=294, page_id=17400, browser=Firefox
Testing: csp_id=294, page_id=17500, browser=Firefox
Testing: csp_id=294, page_id=17600, browser=Firefox
Testing: csp_id=294, page_id=17700, browser=Firefox
Testing: csp_id=294, page_id=17800, browser=Firefox
Testing: csp_id=294, page_id=17900, browser=Firefox
Testing: csp_id=294, page_id=18000, browser=Firefox
Testing: csp_id=294, page_id=18100, browser=Firefox
Testing: csp_id=294, page_id=18200, browser=Firefox
Testing: csp_id=294, page_id=18300, browser=Firefox
Testing: csp_id=294, page_id=18400, browser=Firefox
Testing: csp_id=294, page_id=18500, browser=Firefox
Testing: csp_id=294, page_id=18600, browser=Firefox
Testing: csp_id=294, page_id=18700, browser=Firefox
Testing: csp_id=294, page_id=18800, browser=Firefox
Testing: csp_id=294, page_id=18900, browser=Firefox
Testing: csp_id=294, page_id=19000, browser=Firefox
Testing: csp_id=294, page_id=19100, browser=Firefox
Testing: csp_id=294, page_id=19200, browser=Firefox
Testing: csp_id=294, page_id=19300, browser=Firefox
Testing: csp_id=294, page_id=19400, browser=Firefox
Testing: csp_id=294, page_id=19500, browser=Firefox
Testing: csp_id=294, page_id=19600, browser=Firefox
Testing: csp_id=294, page_id=19700, browser=Firefox
Testing: csp_id=294, page_id=19800, browser=Firefox
Testing: csp_id=294, page_id=19900, browser=Firefox
Testing: csp_id=294, page_id=20000, browser=Firefox
Testing: csp_id=294, page_id=20100, browser=Firefox
Testing: csp_id=294, page_id=20200, browser=Firefox
Testing: csp_id=294, page_id=20300, browser=Firefox
Testing: csp_id=294, page_id=20400, browser=Firefox
Testing: csp_id=294, page_id=20500, browser=Firefox
Testing: csp_id=294, page_id=20600, browser=Firefox
Testing: csp_id=294, page_id=20700, browser=Firefox
Testing: csp_id=294, page_id=20800, browser=Firefox
Testing: csp_id=294, page_id=20900, browser=Firefox
Testing: csp_id=294, page_id=21000, browser=Firefox
Testing: csp_id=294, page_id=21100, browser=Firefox
Testing: csp_id=294, page_id=21200, browser=Firefox
Testing: csp_id=294, page_id=21300, browser=Firefox
Testing: csp_id=294, page_id=21400, browser=Firefox
Testing: csp_id=294, page_id=21500, browser=Firefox
Testing: csp_id=294, page_id=21600, browser=Firefox
Testing: csp_id=294, page_id=21700, browser=Firefox
Testing: csp_id=294, page_id=21800, browser=Firefox
Testing: csp_id=294, page_id=21900, browser=Firefox
Testing: csp_id=294, page_id=22000, browser=Firefox
Testing: csp_id=294, page_id=22100, browser=Firefox
Testing: csp_id=294, page_id=22200, browser=Firefox
Testing: csp_id=294, page_id=22300, browser=Firefox
Testing: csp_id=294, page_id=22400, browser=Firefox
Testing: csp_id=294, page_id=22500, browser=Firefox
Testing: csp_id=294, page_id=22600, browser=Firefox
Testing: csp_id=294, page_id=22700, browser=Firefox
Testing: csp_id=294, page_id=22800, browser=Firefox
Testing: csp_id=294, page_id=22900, browser=Firefox
Testing: csp_id=294, page_id=23000, browser=Firefox
Testing: csp_id=294, page_id=23100, browser=Firefox
Testing: csp_id=294, page_id=23200, browser=Firefox
Testing: csp_id=294, page_id=23300, browser=Firefox
Testing: csp_id=294, page_id=23400, browser=Firefox
Testing: csp_id=294, page_id=23500, browser=Firefox
Testing: csp_id=294, page_id=23600, browser=Firefox
Testing: csp_id=294, page_id=23700, browser=Firefox
Testing: csp_id=294, page_id=23800, browser=Firefox
Testing: csp_id=294, page_id=23900, browser=Firefox
Testing: csp_id=294, page_id=24000, browser=Firefox
Testing: csp_id=294, page_id=24100, browser=Firefox
Testing: csp_id=294, page_id=24200, browser=Firefox
Testing: csp_id=294, page_id=24300, browser=Firefox
Testing: csp_id=294, page_id=24400, browser=Firefox
Testing: csp_id=294, page_id=24500, browser=Firefox
Testing: csp_id=294, page_id=24600, browser=Firefox
Testing: csp_id=294, page_id=24700, browser=Firefox
Testing: csp_id=294, page_id=24800, browser=Firefox
Testing: csp_id=294, page_id=24900, browser=Firefox
Testing: csp_id=294, page_id=25000, browser=Firefox
Testing: csp_id=294, page_id=25100, browser=Firefox
Testing: csp_id=294, page_id=25200, browser=Firefox
Testing: csp_id=294, page_id=25300, browser=Firefox
Testing: csp_id=294, page_id=25400, browser=Firefox
Testing: csp_id=294, page_id=25500, browser=Firefox
Testing: csp_id=294, page_id=25600, browser=Firefox
Testing: csp_id=294, page_id=25700, browser=Firefox
Testing: csp_id=294, page_id=25800, browser=Firefox
Testing: csp_id=294, page_id=25900, browser=Firefox
Testing: csp_id=294, page_id=26000, browser=Firefox
Testing: csp_id=294, page_id=26100, browser=Firefox
Testing: csp_id=294, page_id=26200, browser=Firefox
Testing: csp_id=294, page_id=26300, browser=Firefox
Testing: csp_id=294, page_id=26400, browser=Firefox
Testing: csp_id=294, page_id=26500, browser=Firefox
Testing: csp_id=294, page_id=26600, browser=Firefox
Testing: csp_id=294, page_id=26700, browser=Firefox
Testing: csp_id=294, page_id=26800, browser=Firefox
Testing: csp_id=294, page_id=26900, browser=Firefox
Testing: csp_id=294, page_id=27000, browser=Firefox
Testing: csp_id=294, page_id=27100, browser=Firefox
Testing: csp_id=294, page_id=27200, browser=Firefox
Testing: csp_id=294, page_id=27300, browser=Firefox
Testing: csp_id=294, page_id=27400, browser=Firefox
Testing: csp_id=294, page_id=27500, browser=Firefox
Testing: csp_id=294, page_id=27600, browser=Firefox
Testing: csp_id=294, page_id=27700, browser=Firefox
Testing: csp_id=294, page_id=27800, browser=Firefox
Testing: csp_id=294, page_id=27900, browser=Firefox
Testing: csp_id=294, page_id=28000, browser=Firefox
Testing: csp_id=294, page_id=28100, browser=Firefox
Testing: csp_id=294, page_id=28200, browser=Firefox
Testing: csp_id=294, page_id=28300, browser=Firefox
Testing: csp_id=294, page_id=28400, browser=Firefox
Testing: csp_id=294, page_id=28500, browser=Firefox
Testing: csp_id=294, page_id=28600, browser=Firefox
Testing: csp_id=294, page_id=28700, browser=Firefox
Testing: csp_id=294, page_id=28800, browser=Firefox
Testing: csp_id=294, page_id=28900, browser=Firefox
Testing: csp_id=294, page_id=29000, browser=Firefox
Testing: csp_id=294, page_id=29100, browser=Firefox
Testing: csp_id=294, page_id=29200, browser=Firefox
Testing: csp_id=294, page_id=29300, browser=Firefox
Testing: csp_id=294, page_id=29400, browser=Firefox
Testing: csp_id=294, page_id=29500, browser=Firefox
Testing: csp_id=294, page_id=29600, browser=Firefox
Testing: csp_id=294, page_id=29700, browser=Firefox
Testing: csp_id=294, page_id=29800, browser=Firefox
🏊 create_context_pools[first] (5x16): 28.122s
Testing: csp_id=305, page_id=0, browser=Firefox
Testing: csp_id=305, page_id=100, browser=Firefox
Testing: csp_id=305, page_id=200, browser=Firefox
Testing: csp_id=305, page_id=300, browser=Firefox
Testing: csp_id=305, page_id=400, browser=Firefox
Testing: csp_id=305, page_id=500, browser=Firefox
Testing: csp_id=305, page_id=600, browser=Firefox
Testing: csp_id=305, page_id=700, browser=Firefox
Testing: csp_id=305, page_id=800, browser=Firefox
Testing: csp_id=305, page_id=900, browser=Firefox
Testing: csp_id=305, page_id=1000, browser=Firefox
Testing: csp_id=305, page_id=1100, browser=Firefox
Testing: csp_id=305, page_id=1200, browser=Firefox
Testing: csp_id=305, page_id=1300, browser=Firefox
Testing: csp_id=305, page_id=1400, browser=Firefox
Testing: csp_id=305, page_id=1500, browser=Firefox
Testing: csp_id=305, page_id=1600, browser=Firefox
Testing: csp_id=305, page_id=1700, browser=Firefox
Testing: csp_id=305, page_id=1800, browser=Firefox
Testing: csp_id=305, page_id=1900, browser=Firefox
Testing: csp_id=305, page_id=2000, browser=Firefox
Testing: csp_id=305, page_id=2100, browser=Firefox
Testing: csp_id=305, page_id=2200, browser=Firefox
Testing: csp_id=305, page_id=2300, browser=Firefox
Testing: csp_id=305, page_id=2400, browser=Firefox
Testing: csp_id=305, page_id=2500, browser=Firefox
Testing: csp_id=305, page_id=2600, browser=Firefox
Testing: csp_id=305, page_id=2700, browser=Firefox
Testing: csp_id=305, page_id=2800, browser=Firefox
Testing: csp_id=305, page_id=2900, browser=Firefox
Testing: csp_id=305, page_id=3000, browser=Firefox
Testing: csp_id=305, page_id=3100, browser=Firefox
Testing: csp_id=305, page_id=3200, browser=Firefox
Testing: csp_id=305, page_id=3300, browser=Firefox
Testing: csp_id=305, page_id=3400, browser=Firefox
Testing: csp_id=305, page_id=3500, browser=Firefox
Testing: csp_id=305, page_id=3600, browser=Firefox
Testing: csp_id=305, page_id=3700, browser=Firefox
Testing: csp_id=305, page_id=3800, browser=Firefox
Testing: csp_id=305, page_id=3900, browser=Firefox
Testing: csp_id=305, page_id=4000, browser=Firefox
Testing: csp_id=305, page_id=4100, browser=Firefox
Testing: csp_id=305, page_id=4200, browser=Firefox
Testing: csp_id=305, page_id=4300, browser=Firefox
Testing: csp_id=305, page_id=4400, browser=Firefox
Testing: csp_id=305, page_id=4500, browser=Firefox
Testing: csp_id=305, page_id=4600, browser=Firefox
Testing: csp_id=305, page_id=4700, browser=Firefox
Testing: csp_id=305, page_id=4800, browser=Firefox
Testing: csp_id=305, page_id=4900, browser=Firefox
Testing: csp_id=305, page_id=5000, browser=Firefox
Testing: csp_id=305, page_id=5100, browser=Firefox
Testing: csp_id=305, page_id=5200, browser=Firefox
Testing: csp_id=305, page_id=5300, browser=Firefox
Testing: csp_id=305, page_id=5400, browser=Firefox
Testing: csp_id=305, page_id=5500, browser=Firefox
Testing: csp_id=305, page_id=5600, browser=Firefox
Testing: csp_id=305, page_id=5700, browser=Firefox
Testing: csp_id=305, page_id=5800, browser=Firefox
Testing: csp_id=305, page_id=5900, browser=Firefox
Testing: csp_id=305, page_id=6000, browser=Firefox
Testing: csp_id=305, page_id=6100, browser=Firefox
Testing: csp_id=305, page_id=6200, browser=Firefox
Testing: csp_id=305, page_id=6300, browser=Firefox
Testing: csp_id=305, page_id=6400, browser=Firefox
Testing: csp_id=305, page_id=6500, browser=Firefox
Testing: csp_id=305, page_id=6600, browser=Firefox
Testing: csp_id=305, page_id=6700, browser=Firefox
Testing: csp_id=305, page_id=6800, browser=Firefox
Testing: csp_id=305, page_id=6900, browser=Firefox
Testing: csp_id=305, page_id=7000, browser=Firefox
Testing: csp_id=305, page_id=7100, browser=Firefox
Testing: csp_id=305, page_id=7200, browser=Firefox
Testing: csp_id=305, page_id=7300, browser=Firefox
Testing: csp_id=305, page_id=7400, browser=Firefox
Testing: csp_id=305, page_id=7500, browser=Firefox
Testing: csp_id=305, page_id=7600, browser=Firefox
Testing: csp_id=305, page_id=7700, browser=Firefox
Testing: csp_id=305, page_id=7800, browser=Firefox
Testing: csp_id=305, page_id=7900, browser=Firefox
Testing: csp_id=305, page_id=8000, browser=Firefox
Testing: csp_id=305, page_id=8100, browser=Firefox
Testing: csp_id=305, page_id=8200, browser=Firefox
Testing: csp_id=305, page_id=8300, browser=Firefox
Testing: csp_id=305, page_id=8400, browser=Firefox
Testing: csp_id=305, page_id=8500, browser=Firefox
Testing: csp_id=305, page_id=8600, browser=Firefox
Testing: csp_id=305, page_id=8700, browser=Firefox
Testing: csp_id=305, page_id=8800, browser=Firefox
Testing: csp_id=305, page_id=8900, browser=Firefox
Testing: csp_id=305, page_id=9000, browser=Firefox
Testing: csp_id=305, page_id=9100, browser=Firefox
Testing: csp_id=305, page_id=9200, browser=Firefox
Testing: csp_id=305, page_id=9300, browser=Firefox
Testing: csp_id=305, page_id=9400, browser=Firefox
Testing: csp_id=305, page_id=9500, browser=Firefox
Testing: csp_id=305, page_id=9600, browser=Firefox
Testing: csp_id=305, page_id=9700, browser=Firefox
Testing: csp_id=305, page_id=9800, browser=Firefox
Testing: csp_id=305, page_id=9900, browser=Firefox
Testing: csp_id=305, page_id=10000, browser=Firefox
Testing: csp_id=305, page_id=10100, browser=Firefox
Testing: csp_id=305, page_id=10200, browser=Firefox
Testing: csp_id=305, page_id=10300, browser=Firefox
Testing: csp_id=305, page_id=10400, browser=Firefox
Testing: csp_id=305, page_id=10500, browser=Firefox
Testing: csp_id=305, page_id=10600, browser=Firefox
Testing: csp_id=305, page_id=10700, browser=Firefox
Testing: csp_id=305, page_id=10800, browser=Firefox
Testing: csp_id=305, page_id=10900, browser=Firefox
Testing: csp_id=305, page_id=11000, browser=Firefox
Testing: csp_id=305, page_id=11100, browser=Firefox
Testing: csp_id=305, page_id=11200, browser=Firefox
Testing: csp_id=305, page_id=11300, browser=Firefox
Testing: csp_id=305, page_id=11400, browser=Firefox
Testing: csp_id=305, page_id=11500, browser=Firefox
Testing: csp_id=305, page_id=11600, browser=Firefox
Testing: csp_id=305, page_id=11700, browser=Firefox
Testing: csp_id=305, page_id=11800, browser=Firefox
Testing: csp_id=305, page_id=11900, browser=Firefox
Testing: csp_id=305, page_id=12000, browser=Firefox
Testing: csp_id=305, page_id=12100, browser=Firefox
Testing: csp_id=305, page_id=12200, browser=Firefox
Testing: csp_id=305, page_id=12300, browser=Firefox
Testing: csp_id=305, page_id=12400, browser=Firefox
Testing: csp_id=305, page_id=12500, browser=Firefox
Testing: csp_id=305, page_id=12600, browser=Firefox
Testing: csp_id=305, page_id=12700, browser=Firefox
Testing: csp_id=305, page_id=12800, browser=Firefox
Testing: csp_id=305, page_id=12900, browser=Firefox
Testing: csp_id=305, page_id=13000, browser=Firefox
Testing: csp_id=305, page_id=13100, browser=Firefox
Testing: csp_id=305, page_id=13200, browser=Firefox
Testing: csp_id=305, page_id=13300, browser=Firefox
Testing: csp_id=305, page_id=13400, browser=Firefox
Testing: csp_id=305, page_id=13500, browser=Firefox
Testing: csp_id=305, page_id=13600, browser=Firefox
Testing: csp_id=305, page_id=13700, browser=Firefox
Testing: csp_id=305, page_id=13800, browser=Firefox
Testing: csp_id=305, page_id=13900, browser=Firefox
Testing: csp_id=305, page_id=14000, browser=Firefox
Testing: csp_id=305, page_id=14100, browser=Firefox
Testing: csp_id=305, page_id=14200, browser=Firefox
Testing: csp_id=305, page_id=14300, browser=Firefox
Testing: csp_id=305, page_id=14400, browser=Firefox
Testing: csp_id=305, page_id=14500, browser=Firefox
Testing: csp_id=305, page_id=14600, browser=Firefox
Testing: csp_id=305, page_id=14700, browser=Firefox
Testing: csp_id=305, page_id=14800, browser=Firefox
Testing: csp_id=305, page_id=14900, browser=Firefox
Testing: csp_id=305, page_id=15000, browser=Firefox
Testing: csp_id=305, page_id=15100, browser=Firefox
Testing: csp_id=305, page_id=15200, browser=Firefox
Testing: csp_id=305, page_id=15300, browser=Firefox
Testing: csp_id=305, page_id=15400, browser=Firefox
Testing: csp_id=305, page_id=15500, browser=Firefox
Testing: csp_id=305, page_id=15600, browser=Firefox
Testing: csp_id=305, page_id=15700, browser=Firefox
Testing: csp_id=305, page_id=15800, browser=Firefox
Testing: csp_id=305, page_id=15900, browser=Firefox
Testing: csp_id=305, page_id=16000, browser=Firefox
Testing: csp_id=305, page_id=16100, browser=Firefox
Testing: csp_id=305, page_id=16200, browser=Firefox
Testing: csp_id=305, page_id=16300, browser=Firefox
Testing: csp_id=305, page_id=16400, browser=Firefox
Testing: csp_id=305, page_id=16500, browser=Firefox
Testing: csp_id=305, page_id=16600, browser=Firefox
Testing: csp_id=305, page_id=16700, browser=Firefox
Testing: csp_id=305, page_id=16800, browser=Firefox
Testing: csp_id=305, page_id=16900, browser=Firefox
Testing: csp_id=305, page_id=17000, browser=Firefox
Testing: csp_id=305, page_id=17100, browser=Firefox
Testing: csp_id=305, page_id=17200, browser=Firefox
Testing: csp_id=305, page_id=17300, browser=Firefox
Testing: csp_id=305, page_id=17400, browser=Firefox
Testing: csp_id=305, page_id=17500, browser=Firefox
Testing: csp_id=305, page_id=17600, browser=Firefox
Testing: csp_id=305, page_id=17700, browser=Firefox
Testing: csp_id=305, page_id=17800, browser=Firefox
Testing: csp_id=305, page_id=17900, browser=Firefox
Testing: csp_id=305, page_id=18000, browser=Firefox
Testing: csp_id=305, page_id=18100, browser=Firefox
Testing: csp_id=305, page_id=18200, browser=Firefox
Testing: csp_id=305, page_id=18300, browser=Firefox
Testing: csp_id=305, page_id=18400, browser=Firefox
Testing: csp_id=305, page_id=18500, browser=Firefox
Testing: csp_id=305, page_id=18600, browser=Firefox
Testing: csp_id=305, page_id=18700, browser=Firefox
Testing: csp_id=305, page_id=18800, browser=Firefox
Testing: csp_id=305, page_id=18900, browser=Firefox
Testing: csp_id=305, page_id=19000, browser=Firefox
Testing: csp_id=305, page_id=19100, browser=Firefox
Testing: csp_id=305, page_id=19200, browser=Firefox
Testing: csp_id=305, page_id=19300, browser=Firefox
Testing: csp_id=305, page_id=19400, browser=Firefox
Testing: csp_id=305, page_id=19500, browser=Firefox
Testing: csp_id=305, page_id=19600, browser=Firefox
Testing: csp_id=305, page_id=19700, browser=Firefox
Testing: csp_id=305, page_id=19800, browser=Firefox
Testing: csp_id=305, page_id=19900, browser=Firefox
Testing: csp_id=305, page_id=20000, browser=Firefox
Testing: csp_id=305, page_id=20100, browser=Firefox
Testing: csp_id=305, page_id=20200, browser=Firefox
Testing: csp_id=305, page_id=20300, browser=Firefox
Testing: csp_id=305, page_id=20400, browser=Firefox
Testing: csp_id=305, page_id=20500, browser=Firefox
Testing: csp_id=305, page_id=20600, browser=Firefox
Testing: csp_id=305, page_id=20700, browser=Firefox
Testing: csp_id=305, page_id=20800, browser=Firefox
Testing: csp_id=305, page_id=20900, browser=Firefox
Testing: csp_id=305, page_id=21000, browser=Firefox
Testing: csp_id=305, page_id=21100, browser=Firefox
Testing: csp_id=305, page_id=21200, browser=Firefox
Testing: csp_id=305, page_id=21300, browser=Firefox
Testing: csp_id=305, page_id=21400, browser=Firefox
Testing: csp_id=305, page_id=21500, browser=Firefox
Testing: csp_id=305, page_id=21600, browser=Firefox
Testing: csp_id=305, page_id=21700, browser=Firefox
Testing: csp_id=305, page_id=21800, browser=Firefox
Testing: csp_id=305, page_id=21900, browser=Firefox
Testing: csp_id=305, page_id=22000, browser=Firefox
Testing: csp_id=305, page_id=22100, browser=Firefox
Testing: csp_id=305, page_id=22200, browser=Firefox
Testing: csp_id=305, page_id=22300, browser=Firefox
Testing: csp_id=305, page_id=22400, browser=Firefox
Testing: csp_id=305, page_id=22500, browser=Firefox
Testing: csp_id=305, page_id=22600, browser=Firefox
Testing: csp_id=305, page_id=22700, browser=Firefox
Testing: csp_id=305, page_id=22800, browser=Firefox
Testing: csp_id=305, page_id=22900, browser=Firefox
Testing: csp_id=305, page_id=23000, browser=Firefox
Testing: csp_id=305, page_id=23100, browser=Firefox
Testing: csp_id=305, page_id=23200, browser=Firefox
Testing: csp_id=305, page_id=23300, browser=Firefox
Testing: csp_id=305, page_id=23400, browser=Firefox
Testing: csp_id=305, page_id=23500, browser=Firefox
Testing: csp_id=305, page_id=23600, browser=Firefox
Testing: csp_id=305, page_id=23700, browser=Firefox
Testing: csp_id=305, page_id=23800, browser=Firefox
Testing: csp_id=305, page_id=23900, browser=Firefox
Testing: csp_id=305, page_id=24000, browser=Firefox
Testing: csp_id=305, page_id=24100, browser=Firefox
Testing: csp_id=305, page_id=24200, browser=Firefox
Testing: csp_id=305, page_id=24300, browser=Firefox
Testing: csp_id=305, page_id=24400, browser=Firefox
Testing: csp_id=305, page_id=24500, browser=Firefox
Testing: csp_id=305, page_id=24600, browser=Firefox
Testing: csp_id=305, page_id=24700, browser=Firefox
Testing: csp_id=305, page_id=24800, browser=Firefox
Testing: csp_id=305, page_id=24900, browser=Firefox
Testing: csp_id=305, page_id=25000, browser=Firefox
Testing: csp_id=305, page_id=25100, browser=Firefox
Testing: csp_id=305, page_id=25200, browser=Firefox
Testing: csp_id=305, page_id=25300, browser=Firefox
Testing: csp_id=305, page_id=25400, browser=Firefox
Testing: csp_id=305, page_id=25500, browser=Firefox
Testing: csp_id=305, page_id=25600, browser=Firefox
Testing: csp_id=305, page_id=25700, browser=Firefox
Testing: csp_id=305, page_id=25800, browser=Firefox
Testing: csp_id=305, page_id=25900, browser=Firefox
Testing: csp_id=305, page_id=26000, browser=Firefox
Testing: csp_id=305, page_id=26100, browser=Firefox
Testing: csp_id=305, page_id=26200, browser=Firefox
Testing: csp_id=305, page_id=26300, browser=Firefox
Testing: csp_id=305, page_id=26400, browser=Firefox
Testing: csp_id=305, page_id=26500, browser=Firefox
Testing: csp_id=305, page_id=26600, browser=Firefox
Testing: csp_id=305, page_id=26700, browser=Firefox
Testing: csp_id=305, page_id=26800, browser=Firefox
Testing: csp_id=305, page_id=26900, browser=Firefox
Testing: csp_id=305, page_id=27000, browser=Firefox
Testing: csp_id=305, page_id=27100, browser=Firefox
Testing: csp_id=305, page_id=27200, browser=Firefox
Testing: csp_id=305, page_id=27300, browser=Firefox
Testing: csp_id=305, page_id=27400, browser=Firefox
Testing: csp_id=305, page_id=27500, browser=Firefox
Testing: csp_id=305, page_id=27600, browser=Firefox
Testing: csp_id=305, page_id=27700, browser=Firefox
Testing: csp_id=305, page_id=27800, browser=Firefox
Testing: csp_id=305, page_id=27900, browser=Firefox
Testing: csp_id=305, page_id=28000, browser=Firefox
Testing: csp_id=305, page_id=28100, browser=Firefox
Testing: csp_id=305, page_id=28200, browser=Firefox
Testing: csp_id=305, page_id=28300, browser=Firefox
Testing: csp_id=305, page_id=28400, browser=Firefox
Testing: csp_id=305, page_id=28500, browser=Firefox
Testing: csp_id=305, page_id=28600, browser=Firefox
Testing: csp_id=305, page_id=28700, browser=Firefox
Testing: csp_id=305, page_id=28800, browser=Firefox
Testing: csp_id=305, page_id=28900, browser=Firefox
Testing: csp_id=305, page_id=29000, browser=Firefox
Testing: csp_id=305, page_id=29100, browser=Firefox
Testing: csp_id=305, page_id=29200, browser=Firefox
Testing: csp_id=305, page_id=29300, browser=Firefox
Testing: csp_id=305, page_id=29400, browser=Firefox
Testing: csp_id=305, page_id=29500, browser=Firefox
Testing: csp_id=305, page_id=29600, browser=Firefox
Testing: csp_id=305, page_id=29700, browser=Firefox
Testing: csp_id=305, page_id=29800, browser=Firefox
🏊 create_context_pools[first] (5x16): 24.308s
Testing: csp_id=316, page_id=0, browser=Firefox
Testing: csp_id=316, page_id=100, browser=Firefox
Testing: csp_id=316, page_id=200, browser=Firefox
Testing: csp_id=316, page_id=300, browser=Firefox
Testing: csp_id=316, page_id=400, browser=Firefox
Testing: csp_id=316, page_id=500, browser=Firefox
Testing: csp_id=316, page_id=600, browser=Firefox
Testing: csp_id=316, page_id=700, browser=Firefox
Testing: csp_id=316, page_id=800, browser=Firefox
Testing: csp_id=316, page_id=900, browser=Firefox
Testing: csp_id=316, page_id=1000, browser=Firefox
Testing: csp_id=316, page_id=1100, browser=Firefox
Testing: csp_id=316, page_id=1200, browser=Firefox
Testing: csp_id=316, page_id=1300, browser=Firefox
Testing: csp_id=316, page_id=1400, browser=Firefox
Testing: csp_id=316, page_id=1500, browser=Firefox
Testing: csp_id=316, page_id=1600, browser=Firefox
Testing: csp_id=316, page_id=1700, browser=Firefox
Testing: csp_id=316, page_id=1800, browser=Firefox
Testing: csp_id=316, page_id=1900, browser=Firefox
Testing: csp_id=316, page_id=2000, browser=Firefox
Testing: csp_id=316, page_id=2100, browser=Firefox
Testing: csp_id=316, page_id=2200, browser=Firefox
Testing: csp_id=316, page_id=2300, browser=Firefox
Testing: csp_id=316, page_id=2400, browser=Firefox
Testing: csp_id=316, page_id=2500, browser=Firefox
Testing: csp_id=316, page_id=2600, browser=Firefox
Testing: csp_id=316, page_id=2700, browser=Firefox
Testing: csp_id=316, page_id=2800, browser=Firefox
Testing: csp_id=316, page_id=2900, browser=Firefox
Testing: csp_id=316, page_id=3000, browser=Firefox
Testing: csp_id=316, page_id=3100, browser=Firefox
Testing: csp_id=316, page_id=3200, browser=Firefox
Testing: csp_id=316, page_id=3300, browser=Firefox
Testing: csp_id=316, page_id=3400, browser=Firefox
Testing: csp_id=316, page_id=3500, browser=Firefox
Testing: csp_id=316, page_id=3600, browser=Firefox
Testing: csp_id=316, page_id=3700, browser=Firefox
Testing: csp_id=316, page_id=3800, browser=Firefox
Testing: csp_id=316, page_id=3900, browser=Firefox
Testing: csp_id=316, page_id=4000, browser=Firefox
Testing: csp_id=316, page_id=4100, browser=Firefox
Testing: csp_id=316, page_id=4200, browser=Firefox
Testing: csp_id=316, page_id=4300, browser=Firefox
Testing: csp_id=316, page_id=4400, browser=Firefox
Testing: csp_id=316, page_id=4500, browser=Firefox
Testing: csp_id=316, page_id=4600, browser=Firefox
Testing: csp_id=316, page_id=4700, browser=Firefox
Testing: csp_id=316, page_id=4800, browser=Firefox
Testing: csp_id=316, page_id=4900, browser=Firefox
Testing: csp_id=316, page_id=5000, browser=Firefox
Testing: csp_id=316, page_id=5100, browser=Firefox
Testing: csp_id=316, page_id=5200, browser=Firefox
Testing: csp_id=316, page_id=5300, browser=Firefox
Testing: csp_id=316, page_id=5400, browser=Firefox
Testing: csp_id=316, page_id=5500, browser=Firefox
Testing: csp_id=316, page_id=5600, browser=Firefox
Testing: csp_id=316, page_id=5700, browser=Firefox
Testing: csp_id=316, page_id=5800, browser=Firefox
Testing: csp_id=316, page_id=5900, browser=Firefox
Testing: csp_id=316, page_id=6000, browser=Firefox
Testing: csp_id=316, page_id=6100, browser=Firefox
Testing: csp_id=316, page_id=6200, browser=Firefox
Testing: csp_id=316, page_id=6300, browser=Firefox
Testing: csp_id=316, page_id=6400, browser=Firefox
Testing: csp_id=316, page_id=6500, browser=Firefox
Testing: csp_id=316, page_id=6600, browser=Firefox
Testing: csp_id=316, page_id=6700, browser=Firefox
Testing: csp_id=316, page_id=6800, browser=Firefox
Testing: csp_id=316, page_id=6900, browser=Firefox
Testing: csp_id=316, page_id=7000, browser=Firefox
Testing: csp_id=316, page_id=7100, browser=Firefox
Testing: csp_id=316, page_id=7200, browser=Firefox
Testing: csp_id=316, page_id=7300, browser=Firefox
Testing: csp_id=316, page_id=7400, browser=Firefox
Testing: csp_id=316, page_id=7500, browser=Firefox
Testing: csp_id=316, page_id=7600, browser=Firefox
Testing: csp_id=316, page_id=7700, browser=Firefox
Testing: csp_id=316, page_id=7800, browser=Firefox
Testing: csp_id=316, page_id=7900, browser=Firefox
Testing: csp_id=316, page_id=8000, browser=Firefox
Testing: csp_id=316, page_id=8100, browser=Firefox
Testing: csp_id=316, page_id=8200, browser=Firefox
Testing: csp_id=316, page_id=8300, browser=Firefox
Testing: csp_id=316, page_id=8400, browser=Firefox
Testing: csp_id=316, page_id=8500, browser=Firefox
Testing: csp_id=316, page_id=8600, browser=Firefox
Testing: csp_id=316, page_id=8700, browser=Firefox
Testing: csp_id=316, page_id=8800, browser=Firefox
Testing: csp_id=316, page_id=8900, browser=Firefox
Testing: csp_id=316, page_id=9000, browser=Firefox
Testing: csp_id=316, page_id=9100, browser=Firefox
Testing: csp_id=316, page_id=9200, browser=Firefox
Testing: csp_id=316, page_id=9300, browser=Firefox
Testing: csp_id=316, page_id=9400, browser=Firefox
Testing: csp_id=316, page_id=9500, browser=Firefox
Testing: csp_id=316, page_id=9600, browser=Firefox
Testing: csp_id=316, page_id=9700, browser=Firefox
Testing: csp_id=316, page_id=9800, browser=Firefox
Testing: csp_id=316, page_id=9900, browser=Firefox
Testing: csp_id=316, page_id=10000, browser=Firefox
Testing: csp_id=316, page_id=10100, browser=Firefox
Testing: csp_id=316, page_id=10200, browser=Firefox
Testing: csp_id=316, page_id=10300, browser=Firefox
Testing: csp_id=316, page_id=10400, browser=Firefox
Testing: csp_id=316, page_id=10500, browser=Firefox
Testing: csp_id=316, page_id=10600, browser=Firefox
Testing: csp_id=316, page_id=10700, browser=Firefox
Testing: csp_id=316, page_id=10800, browser=Firefox
Testing: csp_id=316, page_id=10900, browser=Firefox
Testing: csp_id=316, page_id=11000, browser=Firefox
Testing: csp_id=316, page_id=11100, browser=Firefox
Testing: csp_id=316, page_id=11200, browser=Firefox
Testing: csp_id=316, page_id=11300, browser=Firefox
Testing: csp_id=316, page_id=11400, browser=Firefox
Testing: csp_id=316, page_id=11500, browser=Firefox
Testing: csp_id=316, page_id=11600, browser=Firefox
Testing: csp_id=316, page_id=11700, browser=Firefox
Testing: csp_id=316, page_id=11800, browser=Firefox
Testing: csp_id=316, page_id=11900, browser=Firefox
Testing: csp_id=316, page_id=12000, browser=Firefox
Testing: csp_id=316, page_id=12100, browser=Firefox
Testing: csp_id=316, page_id=12200, browser=Firefox
Testing: csp_id=316, page_id=12300, browser=Firefox
Testing: csp_id=316, page_id=12400, browser=Firefox
Testing: csp_id=316, page_id=12500, browser=Firefox
Testing: csp_id=316, page_id=12600, browser=Firefox
Testing: csp_id=316, page_id=12700, browser=Firefox
Testing: csp_id=316, page_id=12800, browser=Firefox
Testing: csp_id=316, page_id=12900, browser=Firefox
Testing: csp_id=316, page_id=13000, browser=Firefox
Testing: csp_id=316, page_id=13100, browser=Firefox
Testing: csp_id=316, page_id=13200, browser=Firefox
Testing: csp_id=316, page_id=13300, browser=Firefox
Testing: csp_id=316, page_id=13400, browser=Firefox
Testing: csp_id=316, page_id=13500, browser=Firefox
Testing: csp_id=316, page_id=13600, browser=Firefox
Testing: csp_id=316, page_id=13700, browser=Firefox
Testing: csp_id=316, page_id=13800, browser=Firefox
Testing: csp_id=316, page_id=13900, browser=Firefox
Testing: csp_id=316, page_id=14000, browser=Firefox
Testing: csp_id=316, page_id=14100, browser=Firefox
Testing: csp_id=316, page_id=14200, browser=Firefox
Testing: csp_id=316, page_id=14300, browser=Firefox
Testing: csp_id=316, page_id=14400, browser=Firefox
Testing: csp_id=316, page_id=14500, browser=Firefox
Testing: csp_id=316, page_id=14600, browser=Firefox
Testing: csp_id=316, page_id=14700, browser=Firefox
Testing: csp_id=316, page_id=14800, browser=Firefox
Testing: csp_id=316, page_id=14900, browser=Firefox
Testing: csp_id=316, page_id=15000, browser=Firefox
Testing: csp_id=316, page_id=15100, browser=Firefox
Testing: csp_id=316, page_id=15200, browser=Firefox
Testing: csp_id=316, page_id=15300, browser=Firefox
Testing: csp_id=316, page_id=15400, browser=Firefox
Testing: csp_id=316, page_id=15500, browser=Firefox
Testing: csp_id=316, page_id=15600, browser=Firefox
Testing: csp_id=316, page_id=15700, browser=Firefox
Testing: csp_id=316, page_id=15800, browser=Firefox
Testing: csp_id=316, page_id=15900, browser=Firefox
Testing: csp_id=316, page_id=16000, browser=Firefox
Testing: csp_id=316, page_id=16100, browser=Firefox
Testing: csp_id=316, page_id=16200, browser=Firefox
Testing: csp_id=316, page_id=16300, browser=Firefox
Testing: csp_id=316, page_id=16400, browser=Firefox
Testing: csp_id=316, page_id=16500, browser=Firefox
Testing: csp_id=316, page_id=16600, browser=Firefox
Testing: csp_id=316, page_id=16700, browser=Firefox
Testing: csp_id=316, page_id=16800, browser=Firefox
Testing: csp_id=316, page_id=16900, browser=Firefox
Testing: csp_id=316, page_id=17000, browser=Firefox
Testing: csp_id=316, page_id=17100, browser=Firefox
Testing: csp_id=316, page_id=17200, browser=Firefox
Testing: csp_id=316, page_id=17300, browser=Firefox
Testing: csp_id=316, page_id=17400, browser=Firefox
Testing: csp_id=316, page_id=17500, browser=Firefox
Testing: csp_id=316, page_id=17600, browser=Firefox
Testing: csp_id=316, page_id=17700, browser=Firefox
Testing: csp_id=316, page_id=17800, browser=Firefox
Testing: csp_id=316, page_id=17900, browser=Firefox
Testing: csp_id=316, page_id=18000, browser=Firefox
Testing: csp_id=316, page_id=18100, browser=Firefox
Testing: csp_id=316, page_id=18200, browser=Firefox
Testing: csp_id=316, page_id=18300, browser=Firefox
Testing: csp_id=316, page_id=18400, browser=Firefox
Testing: csp_id=316, page_id=18500, browser=Firefox
Testing: csp_id=316, page_id=18600, browser=Firefox
Testing: csp_id=316, page_id=18700, browser=Firefox
Testing: csp_id=316, page_id=18800, browser=Firefox
Testing: csp_id=316, page_id=18900, browser=Firefox
Testing: csp_id=316, page_id=19000, browser=Firefox
Testing: csp_id=316, page_id=19100, browser=Firefox
Testing: csp_id=316, page_id=19200, browser=Firefox
Testing: csp_id=316, page_id=19300, browser=Firefox
Testing: csp_id=316, page_id=19400, browser=Firefox
Testing: csp_id=316, page_id=19500, browser=Firefox
Testing: csp_id=316, page_id=19600, browser=Firefox
Testing: csp_id=316, page_id=19700, browser=Firefox
Testing: csp_id=316, page_id=19800, browser=Firefox
Testing: csp_id=316, page_id=19900, browser=Firefox
Testing: csp_id=316, page_id=20000, browser=Firefox
Testing: csp_id=316, page_id=20100, browser=Firefox
Testing: csp_id=316, page_id=20200, browser=Firefox
Testing: csp_id=316, page_id=20300, browser=Firefox
Testing: csp_id=316, page_id=20400, browser=Firefox
Testing: csp_id=316, page_id=20500, browser=Firefox
Testing: csp_id=316, page_id=20600, browser=Firefox
Testing: csp_id=316, page_id=20700, browser=Firefox
Testing: csp_id=316, page_id=20800, browser=Firefox
Testing: csp_id=316, page_id=20900, browser=Firefox
Testing: csp_id=316, page_id=21000, browser=Firefox
Testing: csp_id=316, page_id=21100, browser=Firefox
Testing: csp_id=316, page_id=21200, browser=Firefox
Testing: csp_id=316, page_id=21300, browser=Firefox
Testing: csp_id=316, page_id=21400, browser=Firefox
Testing: csp_id=316, page_id=21500, browser=Firefox
Testing: csp_id=316, page_id=21600, browser=Firefox
Testing: csp_id=316, page_id=21700, browser=Firefox
Testing: csp_id=316, page_id=21800, browser=Firefox
Testing: csp_id=316, page_id=21900, browser=Firefox
Testing: csp_id=316, page_id=22000, browser=Firefox
Testing: csp_id=316, page_id=22100, browser=Firefox
Testing: csp_id=316, page_id=22200, browser=Firefox
Testing: csp_id=316, page_id=22300, browser=Firefox
Testing: csp_id=316, page_id=22400, browser=Firefox
Testing: csp_id=316, page_id=22500, browser=Firefox
Testing: csp_id=316, page_id=22600, browser=Firefox
Testing: csp_id=316, page_id=22700, browser=Firefox
Testing: csp_id=316, page_id=22800, browser=Firefox
Testing: csp_id=316, page_id=22900, browser=Firefox
Testing: csp_id=316, page_id=23000, browser=Firefox
Testing: csp_id=316, page_id=23100, browser=Firefox
Testing: csp_id=316, page_id=23200, browser=Firefox
Testing: csp_id=316, page_id=23300, browser=Firefox
Testing: csp_id=316, page_id=23400, browser=Firefox
Testing: csp_id=316, page_id=23500, browser=Firefox
Testing: csp_id=316, page_id=23600, browser=Firefox
Testing: csp_id=316, page_id=23700, browser=Firefox
Testing: csp_id=316, page_id=23800, browser=Firefox
Testing: csp_id=316, page_id=23900, browser=Firefox
Testing: csp_id=316, page_id=24000, browser=Firefox
Testing: csp_id=316, page_id=24100, browser=Firefox
Testing: csp_id=316, page_id=24200, browser=Firefox
Testing: csp_id=316, page_id=24300, browser=Firefox
Testing: csp_id=316, page_id=24400, browser=Firefox
Testing: csp_id=316, page_id=24500, browser=Firefox
Testing: csp_id=316, page_id=24600, browser=Firefox
Testing: csp_id=316, page_id=24700, browser=Firefox
Testing: csp_id=316, page_id=24800, browser=Firefox
Testing: csp_id=316, page_id=24900, browser=Firefox
Testing: csp_id=316, page_id=25000, browser=Firefox
Testing: csp_id=316, page_id=25100, browser=Firefox
Testing: csp_id=316, page_id=25200, browser=Firefox
Testing: csp_id=316, page_id=25300, browser=Firefox
Testing: csp_id=316, page_id=25400, browser=Firefox
Testing: csp_id=316, page_id=25500, browser=Firefox
Testing: csp_id=316, page_id=25600, browser=Firefox
Testing: csp_id=316, page_id=25700, browser=Firefox
Testing: csp_id=316, page_id=25800, browser=Firefox
Testing: csp_id=316, page_id=25900, browser=Firefox
Testing: csp_id=316, page_id=26000, browser=Firefox
Testing: csp_id=316, page_id=26100, browser=Firefox
Testing: csp_id=316, page_id=26200, browser=Firefox
Testing: csp_id=316, page_id=26300, browser=Firefox
Testing: csp_id=316, page_id=26400, browser=Firefox
Testing: csp_id=316, page_id=26500, browser=Firefox
Testing: csp_id=316, page_id=26600, browser=Firefox
Testing: csp_id=316, page_id=26700, browser=Firefox
Testing: csp_id=316, page_id=26800, browser=Firefox
Testing: csp_id=316, page_id=26900, browser=Firefox
Testing: csp_id=316, page_id=27000, browser=Firefox
Testing: csp_id=316, page_id=27100, browser=Firefox
Testing: csp_id=316, page_id=27200, browser=Firefox
Testing: csp_id=316, page_id=27300, browser=Firefox
Testing: csp_id=316, page_id=27400, browser=Firefox
Testing: csp_id=316, page_id=27500, browser=Firefox
Testing: csp_id=316, page_id=27600, browser=Firefox
Testing: csp_id=316, page_id=27700, browser=Firefox
Testing: csp_id=316, page_id=27800, browser=Firefox
Testing: csp_id=316, page_id=27900, browser=Firefox
Testing: csp_id=316, page_id=28000, browser=Firefox
Testing: csp_id=316, page_id=28100, browser=Firefox
Testing: csp_id=316, page_id=28200, browser=Firefox
Testing: csp_id=316, page_id=28300, browser=Firefox
Testing: csp_id=316, page_id=28400, browser=Firefox
Testing: csp_id=316, page_id=28500, browser=Firefox
Testing: csp_id=316, page_id=28600, browser=Firefox
Testing: csp_id=316, page_id=28700, browser=Firefox
Testing: csp_id=316, page_id=28800, browser=Firefox
Testing: csp_id=316, page_id=28900, browser=Firefox
Testing: csp_id=316, page_id=29000, browser=Firefox
Testing: csp_id=316, page_id=29100, browser=Firefox
Testing: csp_id=316, page_id=29200, browser=Firefox
Testing: csp_id=316, page_id=29300, browser=Firefox
Testing: csp_id=316, page_id=29400, browser=Firefox
Testing: csp_id=316, page_id=29500, browser=Firefox
Testing: csp_id=316, page_id=29600, browser=Firefox
Testing: csp_id=316, page_id=29700, browser=Firefox
Testing: csp_id=316, page_id=29800, browser=Firefox
🏊 create_context_pools[first] (5x16): 32.463s
Testing: csp_id=327, page_id=0, browser=Firefox
Testing: csp_id=327, page_id=100, browser=Firefox
Testing: csp_id=327, page_id=200, browser=Firefox
Testing: csp_id=327, page_id=300, browser=Firefox
Testing: csp_id=327, page_id=400, browser=Firefox
Testing: csp_id=327, page_id=500, browser=Firefox
Testing: csp_id=327, page_id=600, browser=Firefox
Testing: csp_id=327, page_id=700, browser=Firefox
Testing: csp_id=327, page_id=800, browser=Firefox
Testing: csp_id=327, page_id=900, browser=Firefox
Testing: csp_id=327, page_id=1000, browser=Firefox
Testing: csp_id=327, page_id=1100, browser=Firefox
Testing: csp_id=327, page_id=1200, browser=Firefox
Testing: csp_id=327, page_id=1300, browser=Firefox
Testing: csp_id=327, page_id=1400, browser=Firefox
Testing: csp_id=327, page_id=1500, browser=Firefox
Testing: csp_id=327, page_id=1600, browser=Firefox
Testing: csp_id=327, page_id=1700, browser=Firefox
Testing: csp_id=327, page_id=1800, browser=Firefox
Testing: csp_id=327, page_id=1900, browser=Firefox
Testing: csp_id=327, page_id=2000, browser=Firefox
Testing: csp_id=327, page_id=2100, browser=Firefox
Testing: csp_id=327, page_id=2200, browser=Firefox
Testing: csp_id=327, page_id=2300, browser=Firefox
Testing: csp_id=327, page_id=2400, browser=Firefox
Testing: csp_id=327, page_id=2500, browser=Firefox
Testing: csp_id=327, page_id=2600, browser=Firefox
Testing: csp_id=327, page_id=2700, browser=Firefox
Testing: csp_id=327, page_id=2800, browser=Firefox
Testing: csp_id=327, page_id=2900, browser=Firefox
Testing: csp_id=327, page_id=3000, browser=Firefox
Testing: csp_id=327, page_id=3100, browser=Firefox
Testing: csp_id=327, page_id=3200, browser=Firefox
Testing: csp_id=327, page_id=3300, browser=Firefox
Testing: csp_id=327, page_id=3400, browser=Firefox
Testing: csp_id=327, page_id=3500, browser=Firefox
Testing: csp_id=327, page_id=3600, browser=Firefox
Testing: csp_id=327, page_id=3700, browser=Firefox
Testing: csp_id=327, page_id=3800, browser=Firefox
Testing: csp_id=327, page_id=3900, browser=Firefox
Testing: csp_id=327, page_id=4000, browser=Firefox
Testing: csp_id=327, page_id=4100, browser=Firefox
Testing: csp_id=327, page_id=4200, browser=Firefox
Testing: csp_id=327, page_id=4300, browser=Firefox
Testing: csp_id=327, page_id=4400, browser=Firefox
Testing: csp_id=327, page_id=4500, browser=Firefox
Testing: csp_id=327, page_id=4600, browser=Firefox
Testing: csp_id=327, page_id=4700, browser=Firefox
Testing: csp_id=327, page_id=4800, browser=Firefox
Testing: csp_id=327, page_id=4900, browser=Firefox
Testing: csp_id=327, page_id=5000, browser=Firefox
Testing: csp_id=327, page_id=5100, browser=Firefox
Testing: csp_id=327, page_id=5200, browser=Firefox
Testing: csp_id=327, page_id=5300, browser=Firefox
Testing: csp_id=327, page_id=5400, browser=Firefox
Testing: csp_id=327, page_id=5500, browser=Firefox
Testing: csp_id=327, page_id=5600, browser=Firefox
Testing: csp_id=327, page_id=5700, browser=Firefox
Testing: csp_id=327, page_id=5800, browser=Firefox
Testing: csp_id=327, page_id=5900, browser=Firefox
Testing: csp_id=327, page_id=6000, browser=Firefox
Testing: csp_id=327, page_id=6100, browser=Firefox
Testing: csp_id=327, page_id=6200, browser=Firefox
Testing: csp_id=327, page_id=6300, browser=Firefox
Testing: csp_id=327, page_id=6400, browser=Firefox
Testing: csp_id=327, page_id=6500, browser=Firefox
Testing: csp_id=327, page_id=6600, browser=Firefox
Testing: csp_id=327, page_id=6700, browser=Firefox
Testing: csp_id=327, page_id=6800, browser=Firefox
Testing: csp_id=327, page_id=6900, browser=Firefox
Testing: csp_id=327, page_id=7000, browser=Firefox
Testing: csp_id=327, page_id=7100, browser=Firefox
Testing: csp_id=327, page_id=7200, browser=Firefox
Testing: csp_id=327, page_id=7300, browser=Firefox
Testing: csp_id=327, page_id=7400, browser=Firefox
Testing: csp_id=327, page_id=7500, browser=Firefox
Testing: csp_id=327, page_id=7600, browser=Firefox
Testing: csp_id=327, page_id=7700, browser=Firefox
Testing: csp_id=327, page_id=7800, browser=Firefox
Testing: csp_id=327, page_id=7900, browser=Firefox
Testing: csp_id=327, page_id=8000, browser=Firefox
Testing: csp_id=327, page_id=8100, browser=Firefox
Testing: csp_id=327, page_id=8200, browser=Firefox
Testing: csp_id=327, page_id=8300, browser=Firefox
Testing: csp_id=327, page_id=8400, browser=Firefox
Testing: csp_id=327, page_id=8500, browser=Firefox
Testing: csp_id=327, page_id=8600, browser=Firefox
Testing: csp_id=327, page_id=8700, browser=Firefox
Testing: csp_id=327, page_id=8800, browser=Firefox
Testing: csp_id=327, page_id=8900, browser=Firefox
Testing: csp_id=327, page_id=9000, browser=Firefox
Testing: csp_id=327, page_id=9100, browser=Firefox
Testing: csp_id=327, page_id=9200, browser=Firefox
Testing: csp_id=327, page_id=9300, browser=Firefox
Testing: csp_id=327, page_id=9400, browser=Firefox
Testing: csp_id=327, page_id=9500, browser=Firefox
Testing: csp_id=327, page_id=9600, browser=Firefox
Testing: csp_id=327, page_id=9700, browser=Firefox
Testing: csp_id=327, page_id=9800, browser=Firefox
Testing: csp_id=327, page_id=9900, browser=Firefox
Testing: csp_id=327, page_id=10000, browser=Firefox
Testing: csp_id=327, page_id=10100, browser=Firefox
Testing: csp_id=327, page_id=10200, browser=Firefox
Testing: csp_id=327, page_id=10300, browser=Firefox
Testing: csp_id=327, page_id=10400, browser=Firefox
Testing: csp_id=327, page_id=10500, browser=Firefox
Testing: csp_id=327, page_id=10600, browser=Firefox
Testing: csp_id=327, page_id=10700, browser=Firefox
Testing: csp_id=327, page_id=10800, browser=Firefox
Testing: csp_id=327, page_id=10900, browser=Firefox
Testing: csp_id=327, page_id=11000, browser=Firefox
Testing: csp_id=327, page_id=11100, browser=Firefox
Testing: csp_id=327, page_id=11200, browser=Firefox
Testing: csp_id=327, page_id=11300, browser=Firefox
Testing: csp_id=327, page_id=11400, browser=Firefox
Testing: csp_id=327, page_id=11500, browser=Firefox
Testing: csp_id=327, page_id=11600, browser=Firefox
Testing: csp_id=327, page_id=11700, browser=Firefox
Testing: csp_id=327, page_id=11800, browser=Firefox
Testing: csp_id=327, page_id=11900, browser=Firefox
Testing: csp_id=327, page_id=12000, browser=Firefox
Testing: csp_id=327, page_id=12100, browser=Firefox
Testing: csp_id=327, page_id=12200, browser=Firefox
Testing: csp_id=327, page_id=12300, browser=Firefox
Testing: csp_id=327, page_id=12400, browser=Firefox
Testing: csp_id=327, page_id=12500, browser=Firefox
Testing: csp_id=327, page_id=12600, browser=Firefox
Testing: csp_id=327, page_id=12700, browser=Firefox
Testing: csp_id=327, page_id=12800, browser=Firefox
Testing: csp_id=327, page_id=12900, browser=Firefox
Testing: csp_id=327, page_id=13000, browser=Firefox
Testing: csp_id=327, page_id=13100, browser=Firefox
Testing: csp_id=327, page_id=13200, browser=Firefox
Testing: csp_id=327, page_id=13300, browser=Firefox
Testing: csp_id=327, page_id=13400, browser=Firefox
Testing: csp_id=327, page_id=13500, browser=Firefox
Testing: csp_id=327, page_id=13600, browser=Firefox
Testing: csp_id=327, page_id=13700, browser=Firefox
Testing: csp_id=327, page_id=13800, browser=Firefox
Testing: csp_id=327, page_id=13900, browser=Firefox
Testing: csp_id=327, page_id=14000, browser=Firefox
Testing: csp_id=327, page_id=14100, browser=Firefox
Testing: csp_id=327, page_id=14200, browser=Firefox
Testing: csp_id=327, page_id=14300, browser=Firefox
Testing: csp_id=327, page_id=14400, browser=Firefox
Testing: csp_id=327, page_id=14500, browser=Firefox
Testing: csp_id=327, page_id=14600, browser=Firefox
Testing: csp_id=327, page_id=14700, browser=Firefox
Testing: csp_id=327, page_id=14800, browser=Firefox
Testing: csp_id=327, page_id=14900, browser=Firefox
Testing: csp_id=327, page_id=15000, browser=Firefox
Testing: csp_id=327, page_id=15100, browser=Firefox
Testing: csp_id=327, page_id=15200, browser=Firefox
Testing: csp_id=327, page_id=15300, browser=Firefox
Testing: csp_id=327, page_id=15400, browser=Firefox
Testing: csp_id=327, page_id=15500, browser=Firefox
Testing: csp_id=327, page_id=15600, browser=Firefox
Testing: csp_id=327, page_id=15700, browser=Firefox
Testing: csp_id=327, page_id=15800, browser=Firefox
Testing: csp_id=327, page_id=15900, browser=Firefox
Testing: csp_id=327, page_id=16000, browser=Firefox
Testing: csp_id=327, page_id=16100, browser=Firefox
Testing: csp_id=327, page_id=16200, browser=Firefox
Testing: csp_id=327, page_id=16300, browser=Firefox
Testing: csp_id=327, page_id=16400, browser=Firefox
Testing: csp_id=327, page_id=16500, browser=Firefox
Testing: csp_id=327, page_id=16600, browser=Firefox
Testing: csp_id=327, page_id=16700, browser=Firefox
Testing: csp_id=327, page_id=16800, browser=Firefox
Testing: csp_id=327, page_id=16900, browser=Firefox
Testing: csp_id=327, page_id=17000, browser=Firefox
Testing: csp_id=327, page_id=17100, browser=Firefox
Testing: csp_id=327, page_id=17200, browser=Firefox
Testing: csp_id=327, page_id=17300, browser=Firefox
Testing: csp_id=327, page_id=17400, browser=Firefox
Testing: csp_id=327, page_id=17500, browser=Firefox
Testing: csp_id=327, page_id=17600, browser=Firefox
Testing: csp_id=327, page_id=17700, browser=Firefox
Testing: csp_id=327, page_id=17800, browser=Firefox
Testing: csp_id=327, page_id=17900, browser=Firefox
Testing: csp_id=327, page_id=18000, browser=Firefox
Testing: csp_id=327, page_id=18100, browser=Firefox
Testing: csp_id=327, page_id=18200, browser=Firefox
Testing: csp_id=327, page_id=18300, browser=Firefox
Testing: csp_id=327, page_id=18400, browser=Firefox
Testing: csp_id=327, page_id=18500, browser=Firefox
Testing: csp_id=327, page_id=18600, browser=Firefox
Testing: csp_id=327, page_id=18700, browser=Firefox
Testing: csp_id=327, page_id=18800, browser=Firefox
Testing: csp_id=327, page_id=18900, browser=Firefox
Testing: csp_id=327, page_id=19000, browser=Firefox
Testing: csp_id=327, page_id=19100, browser=Firefox
Testing: csp_id=327, page_id=19200, browser=Firefox
Testing: csp_id=327, page_id=19300, browser=Firefox
Testing: csp_id=327, page_id=19400, browser=Firefox
Testing: csp_id=327, page_id=19500, browser=Firefox
Testing: csp_id=327, page_id=19600, browser=Firefox
Testing: csp_id=327, page_id=19700, browser=Firefox
Testing: csp_id=327, page_id=19800, browser=Firefox
Testing: csp_id=327, page_id=19900, browser=Firefox
Testing: csp_id=327, page_id=20000, browser=Firefox
Testing: csp_id=327, page_id=20100, browser=Firefox
Testing: csp_id=327, page_id=20200, browser=Firefox
Testing: csp_id=327, page_id=20300, browser=Firefox
Testing: csp_id=327, page_id=20400, browser=Firefox
Testing: csp_id=327, page_id=20500, browser=Firefox
Testing: csp_id=327, page_id=20600, browser=Firefox
Testing: csp_id=327, page_id=20700, browser=Firefox
Testing: csp_id=327, page_id=20800, browser=Firefox
Testing: csp_id=327, page_id=20900, browser=Firefox
Testing: csp_id=327, page_id=21000, browser=Firefox
Testing: csp_id=327, page_id=21100, browser=Firefox
Testing: csp_id=327, page_id=21200, browser=Firefox
Testing: csp_id=327, page_id=21300, browser=Firefox
Testing: csp_id=327, page_id=21400, browser=Firefox
Testing: csp_id=327, page_id=21500, browser=Firefox
Testing: csp_id=327, page_id=21600, browser=Firefox
Testing: csp_id=327, page_id=21700, browser=Firefox
Testing: csp_id=327, page_id=21800, browser=Firefox
Testing: csp_id=327, page_id=21900, browser=Firefox
Testing: csp_id=327, page_id=22000, browser=Firefox
Testing: csp_id=327, page_id=22100, browser=Firefox
Testing: csp_id=327, page_id=22200, browser=Firefox
Testing: csp_id=327, page_id=22300, browser=Firefox
Testing: csp_id=327, page_id=22400, browser=Firefox
Testing: csp_id=327, page_id=22500, browser=Firefox
Testing: csp_id=327, page_id=22600, browser=Firefox
Testing: csp_id=327, page_id=22700, browser=Firefox
Testing: csp_id=327, page_id=22800, browser=Firefox
Testing: csp_id=327, page_id=22900, browser=Firefox
Testing: csp_id=327, page_id=23000, browser=Firefox
Testing: csp_id=327, page_id=23100, browser=Firefox
Testing: csp_id=327, page_id=23200, browser=Firefox
Testing: csp_id=327, page_id=23300, browser=Firefox
Testing: csp_id=327, page_id=23400, browser=Firefox
Testing: csp_id=327, page_id=23500, browser=Firefox
Testing: csp_id=327, page_id=23600, browser=Firefox
Testing: csp_id=327, page_id=23700, browser=Firefox
Testing: csp_id=327, page_id=23800, browser=Firefox
Testing: csp_id=327, page_id=23900, browser=Firefox
Testing: csp_id=327, page_id=24000, browser=Firefox
Testing: csp_id=327, page_id=24100, browser=Firefox
Testing: csp_id=327, page_id=24200, browser=Firefox
Testing: csp_id=327, page_id=24300, browser=Firefox
Testing: csp_id=327, page_id=24400, browser=Firefox
Testing: csp_id=327, page_id=24500, browser=Firefox
Testing: csp_id=327, page_id=24600, browser=Firefox
Testing: csp_id=327, page_id=24700, browser=Firefox
Testing: csp_id=327, page_id=24800, browser=Firefox
Testing: csp_id=327, page_id=24900, browser=Firefox
Testing: csp_id=327, page_id=25000, browser=Firefox
Testing: csp_id=327, page_id=25100, browser=Firefox
Testing: csp_id=327, page_id=25200, browser=Firefox
Testing: csp_id=327, page_id=25300, browser=Firefox
Testing: csp_id=327, page_id=25400, browser=Firefox
Testing: csp_id=327, page_id=25500, browser=Firefox
Testing: csp_id=327, page_id=25600, browser=Firefox
Testing: csp_id=327, page_id=25700, browser=Firefox
Testing: csp_id=327, page_id=25800, browser=Firefox
Testing: csp_id=327, page_id=25900, browser=Firefox
Testing: csp_id=327, page_id=26000, browser=Firefox
Testing: csp_id=327, page_id=26100, browser=Firefox
Testing: csp_id=327, page_id=26200, browser=Firefox
Testing: csp_id=327, page_id=26300, browser=Firefox
Testing: csp_id=327, page_id=26400, browser=Firefox
Testing: csp_id=327, page_id=26500, browser=Firefox
Testing: csp_id=327, page_id=26600, browser=Firefox
Testing: csp_id=327, page_id=26700, browser=Firefox
Testing: csp_id=327, page_id=26800, browser=Firefox
Testing: csp_id=327, page_id=26900, browser=Firefox
Testing: csp_id=327, page_id=27000, browser=Firefox
Testing: csp_id=327, page_id=27100, browser=Firefox
Testing: csp_id=327, page_id=27200, browser=Firefox
Testing: csp_id=327, page_id=27300, browser=Firefox
Testing: csp_id=327, page_id=27400, browser=Firefox
Testing: csp_id=327, page_id=27500, browser=Firefox
Testing: csp_id=327, page_id=27600, browser=Firefox
Testing: csp_id=327, page_id=27700, browser=Firefox
Testing: csp_id=327, page_id=27800, browser=Firefox
Testing: csp_id=327, page_id=27900, browser=Firefox
Testing: csp_id=327, page_id=28000, browser=Firefox
Testing: csp_id=327, page_id=28100, browser=Firefox
Testing: csp_id=327, page_id=28200, browser=Firefox
Testing: csp_id=327, page_id=28300, browser=Firefox
Testing: csp_id=327, page_id=28400, browser=Firefox
Testing: csp_id=327, page_id=28500, browser=Firefox
Testing: csp_id=327, page_id=28600, browser=Firefox
Testing: csp_id=327, page_id=28700, browser=Firefox
Testing: csp_id=327, page_id=28800, browser=Firefox
Testing: csp_id=327, page_id=28900, browser=Firefox
Testing: csp_id=327, page_id=29000, browser=Firefox
Testing: csp_id=327, page_id=29100, browser=Firefox
Testing: csp_id=327, page_id=29200, browser=Firefox
Testing: csp_id=327, page_id=29300, browser=Firefox
Testing: csp_id=327, page_id=29400, browser=Firefox
Testing: csp_id=327, page_id=29500, browser=Firefox
Testing: csp_id=327, page_id=29600, browser=Firefox
Testing: csp_id=327, page_id=29700, browser=Firefox
Testing: csp_id=327, page_id=29800, browser=Firefox
🏊 create_context_pools[first] (5x16): 32.950s
Testing: csp_id=329, page_id=0, browser=Firefox
Testing: csp_id=329, page_id=100, browser=Firefox
Testing: csp_id=329, page_id=200, browser=Firefox
Testing: csp_id=329, page_id=300, browser=Firefox
Testing: csp_id=329, page_id=400, browser=Firefox
Testing: csp_id=329, page_id=500, browser=Firefox
Testing: csp_id=329, page_id=600, browser=Firefox
Testing: csp_id=329, page_id=700, browser=Firefox
Testing: csp_id=329, page_id=800, browser=Firefox
Testing: csp_id=329, page_id=900, browser=Firefox
Testing: csp_id=329, page_id=1000, browser=Firefox
Testing: csp_id=329, page_id=1100, browser=Firefox
Testing: csp_id=329, page_id=1200, browser=Firefox
Testing: csp_id=329, page_id=1300, browser=Firefox
Testing: csp_id=329, page_id=1400, browser=Firefox
Testing: csp_id=329, page_id=1500, browser=Firefox
Testing: csp_id=329, page_id=1600, browser=Firefox
Testing: csp_id=329, page_id=1700, browser=Firefox
Testing: csp_id=329, page_id=1800, browser=Firefox
Testing: csp_id=329, page_id=1900, browser=Firefox
Testing: csp_id=329, page_id=2000, browser=Firefox
Testing: csp_id=329, page_id=2100, browser=Firefox
Testing: csp_id=329, page_id=2200, browser=Firefox
Testing: csp_id=329, page_id=2300, browser=Firefox
Testing: csp_id=329, page_id=2400, browser=Firefox
Testing: csp_id=329, page_id=2500, browser=Firefox
Testing: csp_id=329, page_id=2600, browser=Firefox
Testing: csp_id=329, page_id=2700, browser=Firefox
Testing: csp_id=329, page_id=2800, browser=Firefox
Testing: csp_id=329, page_id=2900, browser=Firefox
Testing: csp_id=329, page_id=3000, browser=Firefox
Testing: csp_id=329, page_id=3100, browser=Firefox
Testing: csp_id=329, page_id=3200, browser=Firefox
Testing: csp_id=329, page_id=3300, browser=Firefox
Testing: csp_id=329, page_id=3400, browser=Firefox
Testing: csp_id=329, page_id=3500, browser=Firefox
Testing: csp_id=329, page_id=3600, browser=Firefox
Testing: csp_id=329, page_id=3700, browser=Firefox
Testing: csp_id=329, page_id=3800, browser=Firefox
Testing: csp_id=329, page_id=3900, browser=Firefox
Testing: csp_id=329, page_id=4000, browser=Firefox
Testing: csp_id=329, page_id=4100, browser=Firefox
Testing: csp_id=329, page_id=4200, browser=Firefox
Testing: csp_id=329, page_id=4300, browser=Firefox
Testing: csp_id=329, page_id=4400, browser=Firefox
Testing: csp_id=329, page_id=4500, browser=Firefox
Testing: csp_id=329, page_id=4600, browser=Firefox
Testing: csp_id=329, page_id=4700, browser=Firefox
Testing: csp_id=329, page_id=4800, browser=Firefox
Testing: csp_id=329, page_id=4900, browser=Firefox
Testing: csp_id=329, page_id=5000, browser=Firefox
Testing: csp_id=329, page_id=5100, browser=Firefox
Testing: csp_id=329, page_id=5200, browser=Firefox
Testing: csp_id=329, page_id=5300, browser=Firefox
Testing: csp_id=329, page_id=5400, browser=Firefox
Testing: csp_id=329, page_id=5500, browser=Firefox
Testing: csp_id=329, page_id=5600, browser=Firefox
Testing: csp_id=329, page_id=5700, browser=Firefox
Testing: csp_id=329, page_id=5800, browser=Firefox
Testing: csp_id=329, page_id=5900, browser=Firefox
Testing: csp_id=329, page_id=6000, browser=Firefox
Testing: csp_id=329, page_id=6100, browser=Firefox
Testing: csp_id=329, page_id=6200, browser=Firefox
Testing: csp_id=329, page_id=6300, browser=Firefox
Testing: csp_id=329, page_id=6400, browser=Firefox
Testing: csp_id=329, page_id=6500, browser=Firefox
Testing: csp_id=329, page_id=6600, browser=Firefox
Testing: csp_id=329, page_id=6700, browser=Firefox
Testing: csp_id=329, page_id=6800, browser=Firefox
Testing: csp_id=329, page_id=6900, browser=Firefox
Testing: csp_id=329, page_id=7000, browser=Firefox
Testing: csp_id=329, page_id=7100, browser=Firefox
Testing: csp_id=329, page_id=7200, browser=Firefox
Testing: csp_id=329, page_id=7300, browser=Firefox
Testing: csp_id=329, page_id=7400, browser=Firefox
Testing: csp_id=329, page_id=7500, browser=Firefox
Testing: csp_id=329, page_id=7600, browser=Firefox
Testing: csp_id=329, page_id=7700, browser=Firefox
Testing: csp_id=329, page_id=7800, browser=Firefox
Testing: csp_id=329, page_id=7900, browser=Firefox
Testing: csp_id=329, page_id=8000, browser=Firefox
Testing: csp_id=329, page_id=8100, browser=Firefox
Testing: csp_id=329, page_id=8200, browser=Firefox
Testing: csp_id=329, page_id=8300, browser=Firefox
Testing: csp_id=329, page_id=8400, browser=Firefox
Testing: csp_id=329, page_id=8500, browser=Firefox
Testing: csp_id=329, page_id=8600, browser=Firefox
Testing: csp_id=329, page_id=8700, browser=Firefox
Testing: csp_id=329, page_id=8800, browser=Firefox
Testing: csp_id=329, page_id=8900, browser=Firefox
Testing: csp_id=329, page_id=9000, browser=Firefox
Testing: csp_id=329, page_id=9100, browser=Firefox
Testing: csp_id=329, page_id=9200, browser=Firefox
Testing: csp_id=329, page_id=9300, browser=Firefox
Testing: csp_id=329, page_id=9400, browser=Firefox
Testing: csp_id=329, page_id=9500, browser=Firefox
Testing: csp_id=329, page_id=9600, browser=Firefox
Testing: csp_id=329, page_id=9700, browser=Firefox
Testing: csp_id=329, page_id=9800, browser=Firefox
Testing: csp_id=329, page_id=9900, browser=Firefox
Testing: csp_id=329, page_id=10000, browser=Firefox
Testing: csp_id=329, page_id=10100, browser=Firefox
Testing: csp_id=329, page_id=10200, browser=Firefox
Testing: csp_id=329, page_id=10300, browser=Firefox
Testing: csp_id=329, page_id=10400, browser=Firefox
Testing: csp_id=329, page_id=10500, browser=Firefox
Testing: csp_id=329, page_id=10600, browser=Firefox
Testing: csp_id=329, page_id=10700, browser=Firefox
Testing: csp_id=329, page_id=10800, browser=Firefox
Testing: csp_id=329, page_id=10900, browser=Firefox
Testing: csp_id=329, page_id=11000, browser=Firefox
Testing: csp_id=329, page_id=11100, browser=Firefox
Testing: csp_id=329, page_id=11200, browser=Firefox
Testing: csp_id=329, page_id=11300, browser=Firefox
Testing: csp_id=329, page_id=11400, browser=Firefox
Testing: csp_id=329, page_id=11500, browser=Firefox
Testing: csp_id=329, page_id=11600, browser=Firefox
Testing: csp_id=329, page_id=11700, browser=Firefox
Testing: csp_id=329, page_id=11800, browser=Firefox
Testing: csp_id=329, page_id=11900, browser=Firefox
Testing: csp_id=329, page_id=12000, browser=Firefox
Testing: csp_id=329, page_id=12100, browser=Firefox
Testing: csp_id=329, page_id=12200, browser=Firefox
Testing: csp_id=329, page_id=12300, browser=Firefox
Testing: csp_id=329, page_id=12400, browser=Firefox
Testing: csp_id=329, page_id=12500, browser=Firefox
Testing: csp_id=329, page_id=12600, browser=Firefox
Testing: csp_id=329, page_id=12700, browser=Firefox
Testing: csp_id=329, page_id=12800, browser=Firefox
Testing: csp_id=329, page_id=12900, browser=Firefox
Testing: csp_id=329, page_id=13000, browser=Firefox
Testing: csp_id=329, page_id=13100, browser=Firefox
Testing: csp_id=329, page_id=13200, browser=Firefox
Testing: csp_id=329, page_id=13300, browser=Firefox
Testing: csp_id=329, page_id=13400, browser=Firefox
Testing: csp_id=329, page_id=13500, browser=Firefox
Testing: csp_id=329, page_id=13600, browser=Firefox
Testing: csp_id=329, page_id=13700, browser=Firefox
Testing: csp_id=329, page_id=13800, browser=Firefox
Testing: csp_id=329, page_id=13900, browser=Firefox
Testing: csp_id=329, page_id=14000, browser=Firefox
Testing: csp_id=329, page_id=14100, browser=Firefox
Testing: csp_id=329, page_id=14200, browser=Firefox
Testing: csp_id=329, page_id=14300, browser=Firefox
Testing: csp_id=329, page_id=14400, browser=Firefox
Testing: csp_id=329, page_id=14500, browser=Firefox
Testing: csp_id=329, page_id=14600, browser=Firefox
Testing: csp_id=329, page_id=14700, browser=Firefox
Testing: csp_id=329, page_id=14800, browser=Firefox
Testing: csp_id=329, page_id=14900, browser=Firefox
Testing: csp_id=329, page_id=15000, browser=Firefox
Testing: csp_id=329, page_id=15100, browser=Firefox
Testing: csp_id=329, page_id=15200, browser=Firefox
Testing: csp_id=329, page_id=15300, browser=Firefox
Testing: csp_id=329, page_id=15400, browser=Firefox
Testing: csp_id=329, page_id=15500, browser=Firefox
Testing: csp_id=329, page_id=15600, browser=Firefox
Testing: csp_id=329, page_id=15700, browser=Firefox
Testing: csp_id=329, page_id=15800, browser=Firefox
Testing: csp_id=329, page_id=15900, browser=Firefox
Testing: csp_id=329, page_id=16000, browser=Firefox
Testing: csp_id=329, page_id=16100, browser=Firefox
Testing: csp_id=329, page_id=16200, browser=Firefox
Testing: csp_id=329, page_id=16300, browser=Firefox
Testing: csp_id=329, page_id=16400, browser=Firefox
Testing: csp_id=329, page_id=16500, browser=Firefox
Testing: csp_id=329, page_id=16600, browser=Firefox
Testing: csp_id=329, page_id=16700, browser=Firefox
Testing: csp_id=329, page_id=16800, browser=Firefox
Testing: csp_id=329, page_id=16900, browser=Firefox
Testing: csp_id=329, page_id=17000, browser=Firefox
Testing: csp_id=329, page_id=17100, browser=Firefox
Testing: csp_id=329, page_id=17200, browser=Firefox
Testing: csp_id=329, page_id=17300, browser=Firefox
Testing: csp_id=329, page_id=17400, browser=Firefox
Testing: csp_id=329, page_id=17500, browser=Firefox
Testing: csp_id=329, page_id=17600, browser=Firefox
Testing: csp_id=329, page_id=17700, browser=Firefox
Testing: csp_id=329, page_id=17800, browser=Firefox
Testing: csp_id=329, page_id=17900, browser=Firefox
Testing: csp_id=329, page_id=18000, browser=Firefox
Testing: csp_id=329, page_id=18100, browser=Firefox
Testing: csp_id=329, page_id=18200, browser=Firefox
Testing: csp_id=329, page_id=18300, browser=Firefox
Testing: csp_id=329, page_id=18400, browser=Firefox
Testing: csp_id=329, page_id=18500, browser=Firefox
Testing: csp_id=329, page_id=18600, browser=Firefox
Testing: csp_id=329, page_id=18700, browser=Firefox
Testing: csp_id=329, page_id=18800, browser=Firefox
Testing: csp_id=329, page_id=18900, browser=Firefox
Testing: csp_id=329, page_id=19000, browser=Firefox
Testing: csp_id=329, page_id=19100, browser=Firefox
Testing: csp_id=329, page_id=19200, browser=Firefox
Testing: csp_id=329, page_id=19300, browser=Firefox
Testing: csp_id=329, page_id=19400, browser=Firefox
Testing: csp_id=329, page_id=19500, browser=Firefox
Testing: csp_id=329, page_id=19600, browser=Firefox
Testing: csp_id=329, page_id=19700, browser=Firefox
Testing: csp_id=329, page_id=19800, browser=Firefox
Testing: csp_id=329, page_id=19900, browser=Firefox
Testing: csp_id=329, page_id=20000, browser=Firefox
Testing: csp_id=329, page_id=20100, browser=Firefox
Testing: csp_id=329, page_id=20200, browser=Firefox
Testing: csp_id=329, page_id=20300, browser=Firefox
Testing: csp_id=329, page_id=20400, browser=Firefox
Testing: csp_id=329, page_id=20500, browser=Firefox
Testing: csp_id=329, page_id=20600, browser=Firefox
Testing: csp_id=329, page_id=20700, browser=Firefox
Testing: csp_id=329, page_id=20800, browser=Firefox
Testing: csp_id=329, page_id=20900, browser=Firefox
Testing: csp_id=329, page_id=21000, browser=Firefox
Testing: csp_id=329, page_id=21100, browser=Firefox
Testing: csp_id=329, page_id=21200, browser=Firefox
Testing: csp_id=329, page_id=21300, browser=Firefox
Testing: csp_id=329, page_id=21400, browser=Firefox
Testing: csp_id=329, page_id=21500, browser=Firefox
Testing: csp_id=329, page_id=21600, browser=Firefox
Testing: csp_id=329, page_id=21700, browser=Firefox
Testing: csp_id=329, page_id=21800, browser=Firefox
Testing: csp_id=329, page_id=21900, browser=Firefox
Testing: csp_id=329, page_id=22000, browser=Firefox
Testing: csp_id=329, page_id=22100, browser=Firefox
Testing: csp_id=329, page_id=22200, browser=Firefox
Testing: csp_id=329, page_id=22300, browser=Firefox
Testing: csp_id=329, page_id=22400, browser=Firefox
Testing: csp_id=329, page_id=22500, browser=Firefox
Testing: csp_id=329, page_id=22600, browser=Firefox
Testing: csp_id=329, page_id=22700, browser=Firefox
Testing: csp_id=329, page_id=22800, browser=Firefox
Testing: csp_id=329, page_id=22900, browser=Firefox
Testing: csp_id=329, page_id=23000, browser=Firefox
Testing: csp_id=329, page_id=23100, browser=Firefox
Testing: csp_id=329, page_id=23200, browser=Firefox
Testing: csp_id=329, page_id=23300, browser=Firefox
Testing: csp_id=329, page_id=23400, browser=Firefox
Testing: csp_id=329, page_id=23500, browser=Firefox
Testing: csp_id=329, page_id=23600, browser=Firefox
Testing: csp_id=329, page_id=23700, browser=Firefox
Testing: csp_id=329, page_id=23800, browser=Firefox
Testing: csp_id=329, page_id=23900, browser=Firefox
Testing: csp_id=329, page_id=24000, browser=Firefox
Testing: csp_id=329, page_id=24100, browser=Firefox
Testing: csp_id=329, page_id=24200, browser=Firefox
Testing: csp_id=329, page_id=24300, browser=Firefox
Testing: csp_id=329, page_id=24400, browser=Firefox
Testing: csp_id=329, page_id=24500, browser=Firefox
Testing: csp_id=329, page_id=24600, browser=Firefox
Testing: csp_id=329, page_id=24700, browser=Firefox
Testing: csp_id=329, page_id=24800, browser=Firefox
Testing: csp_id=329, page_id=24900, browser=Firefox
Testing: csp_id=329, page_id=25000, browser=Firefox
Testing: csp_id=329, page_id=25100, browser=Firefox
Testing: csp_id=329, page_id=25200, browser=Firefox
Testing: csp_id=329, page_id=25300, browser=Firefox
Testing: csp_id=329, page_id=25400, browser=Firefox
Testing: csp_id=329, page_id=25500, browser=Firefox
Testing: csp_id=329, page_id=25600, browser=Firefox
Testing: csp_id=329, page_id=25700, browser=Firefox
Testing: csp_id=329, page_id=25800, browser=Firefox
Testing: csp_id=329, page_id=25900, browser=Firefox
Testing: csp_id=329, page_id=26000, browser=Firefox
Testing: csp_id=329, page_id=26100, browser=Firefox
Testing: csp_id=329, page_id=26200, browser=Firefox
Testing: csp_id=329, page_id=26300, browser=Firefox
Testing: csp_id=329, page_id=26400, browser=Firefox
Testing: csp_id=329, page_id=26500, browser=Firefox
Testing: csp_id=329, page_id=26600, browser=Firefox
Testing: csp_id=329, page_id=26700, browser=Firefox
Testing: csp_id=329, page_id=26800, browser=Firefox
Testing: csp_id=329, page_id=26900, browser=Firefox
Testing: csp_id=329, page_id=27000, browser=Firefox
Testing: csp_id=329, page_id=27100, browser=Firefox
Testing: csp_id=329, page_id=27200, browser=Firefox
Testing: csp_id=329, page_id=27300, browser=Firefox
Testing: csp_id=329, page_id=27400, browser=Firefox
Testing: csp_id=329, page_id=27500, browser=Firefox
Testing: csp_id=329, page_id=27600, browser=Firefox
Testing: csp_id=329, page_id=27700, browser=Firefox
Testing: csp_id=329, page_id=27800, browser=Firefox
Testing: csp_id=329, page_id=27900, browser=Firefox
Testing: csp_id=329, page_id=28000, browser=Firefox
Testing: csp_id=329, page_id=28100, browser=Firefox
Testing: csp_id=329, page_id=28200, browser=Firefox
Testing: csp_id=329, page_id=28300, browser=Firefox
Testing: csp_id=329, page_id=28400, browser=Firefox
Testing: csp_id=329, page_id=28500, browser=Firefox
Testing: csp_id=329, page_id=28600, browser=Firefox
Testing: csp_id=329, page_id=28700, browser=Firefox
Testing: csp_id=329, page_id=28800, browser=Firefox
Testing: csp_id=329, page_id=28900, browser=Firefox
Testing: csp_id=329, page_id=29000, browser=Firefox
Testing: csp_id=329, page_id=29100, browser=Firefox
Testing: csp_id=329, page_id=29200, browser=Firefox
Testing: csp_id=329, page_id=29300, browser=Firefox
Testing: csp_id=329, page_id=29400, browser=Firefox
Testing: csp_id=329, page_id=29500, browser=Firefox
Testing: csp_id=329, page_id=29600, browser=Firefox
Testing: csp_id=329, page_id=29700, browser=Firefox
Testing: csp_id=329, page_id=29800, browser=Firefox
🏊 create_context_pools[first] (5x16): 27.059s
Testing: csp_id=347, page_id=0, browser=Firefox
Testing: csp_id=347, page_id=100, browser=Firefox
Testing: csp_id=347, page_id=200, browser=Firefox
Testing: csp_id=347, page_id=300, browser=Firefox
Testing: csp_id=347, page_id=400, browser=Firefox
Testing: csp_id=347, page_id=500, browser=Firefox
Testing: csp_id=347, page_id=600, browser=Firefox
Testing: csp_id=347, page_id=700, browser=Firefox
Testing: csp_id=347, page_id=800, browser=Firefox
Testing: csp_id=347, page_id=900, browser=Firefox
Testing: csp_id=347, page_id=1000, browser=Firefox
Testing: csp_id=347, page_id=1100, browser=Firefox
Testing: csp_id=347, page_id=1200, browser=Firefox
Testing: csp_id=347, page_id=1300, browser=Firefox
Testing: csp_id=347, page_id=1400, browser=Firefox
Testing: csp_id=347, page_id=1500, browser=Firefox
Testing: csp_id=347, page_id=1600, browser=Firefox
Testing: csp_id=347, page_id=1700, browser=Firefox
Testing: csp_id=347, page_id=1800, browser=Firefox
Testing: csp_id=347, page_id=1900, browser=Firefox
Testing: csp_id=347, page_id=2000, browser=Firefox
Testing: csp_id=347, page_id=2100, browser=Firefox
Testing: csp_id=347, page_id=2200, browser=Firefox
Testing: csp_id=347, page_id=2300, browser=Firefox
Testing: csp_id=347, page_id=2400, browser=Firefox
Testing: csp_id=347, page_id=2500, browser=Firefox
Testing: csp_id=347, page_id=2600, browser=Firefox
Testing: csp_id=347, page_id=2700, browser=Firefox
Testing: csp_id=347, page_id=2800, browser=Firefox
Testing: csp_id=347, page_id=2900, browser=Firefox
Testing: csp_id=347, page_id=3000, browser=Firefox
Testing: csp_id=347, page_id=3100, browser=Firefox
Testing: csp_id=347, page_id=3200, browser=Firefox
Testing: csp_id=347, page_id=3300, browser=Firefox
Testing: csp_id=347, page_id=3400, browser=Firefox
Testing: csp_id=347, page_id=3500, browser=Firefox
Testing: csp_id=347, page_id=3600, browser=Firefox
Testing: csp_id=347, page_id=3700, browser=Firefox
Testing: csp_id=347, page_id=3800, browser=Firefox
Testing: csp_id=347, page_id=3900, browser=Firefox
Testing: csp_id=347, page_id=4000, browser=Firefox
Testing: csp_id=347, page_id=4100, browser=Firefox
Testing: csp_id=347, page_id=4200, browser=Firefox
Testing: csp_id=347, page_id=4300, browser=Firefox
Testing: csp_id=347, page_id=4400, browser=Firefox
Testing: csp_id=347, page_id=4500, browser=Firefox
Testing: csp_id=347, page_id=4600, browser=Firefox
Testing: csp_id=347, page_id=4700, browser=Firefox
Testing: csp_id=347, page_id=4800, browser=Firefox
Testing: csp_id=347, page_id=4900, browser=Firefox
Testing: csp_id=347, page_id=5000, browser=Firefox
Testing: csp_id=347, page_id=5100, browser=Firefox
Testing: csp_id=347, page_id=5200, browser=Firefox
Testing: csp_id=347, page_id=5300, browser=Firefox
Testing: csp_id=347, page_id=5400, browser=Firefox
Testing: csp_id=347, page_id=5500, browser=Firefox
Testing: csp_id=347, page_id=5600, browser=Firefox
Testing: csp_id=347, page_id=5700, browser=Firefox
Testing: csp_id=347, page_id=5800, browser=Firefox
Testing: csp_id=347, page_id=5900, browser=Firefox
Testing: csp_id=347, page_id=6000, browser=Firefox
Testing: csp_id=347, page_id=6100, browser=Firefox
Testing: csp_id=347, page_id=6200, browser=Firefox
Testing: csp_id=347, page_id=6300, browser=Firefox
Testing: csp_id=347, page_id=6400, browser=Firefox
Testing: csp_id=347, page_id=6500, browser=Firefox
Testing: csp_id=347, page_id=6600, browser=Firefox
Testing: csp_id=347, page_id=6700, browser=Firefox
Testing: csp_id=347, page_id=6800, browser=Firefox
Testing: csp_id=347, page_id=6900, browser=Firefox
Testing: csp_id=347, page_id=7000, browser=Firefox
Testing: csp_id=347, page_id=7100, browser=Firefox
Testing: csp_id=347, page_id=7200, browser=Firefox
Testing: csp_id=347, page_id=7300, browser=Firefox
Testing: csp_id=347, page_id=7400, browser=Firefox
Testing: csp_id=347, page_id=7500, browser=Firefox
Testing: csp_id=347, page_id=7600, browser=Firefox
Testing: csp_id=347, page_id=7700, browser=Firefox
Testing: csp_id=347, page_id=7800, browser=Firefox
Testing: csp_id=347, page_id=7900, browser=Firefox
Testing: csp_id=347, page_id=8000, browser=Firefox
Testing: csp_id=347, page_id=8100, browser=Firefox
Testing: csp_id=347, page_id=8200, browser=Firefox
Testing: csp_id=347, page_id=8300, browser=Firefox
Testing: csp_id=347, page_id=8400, browser=Firefox
Testing: csp_id=347, page_id=8500, browser=Firefox
Testing: csp_id=347, page_id=8600, browser=Firefox
Testing: csp_id=347, page_id=8700, browser=Firefox
Testing: csp_id=347, page_id=8800, browser=Firefox
Testing: csp_id=347, page_id=8900, browser=Firefox
Testing: csp_id=347, page_id=9000, browser=Firefox
Testing: csp_id=347, page_id=9100, browser=Firefox
Testing: csp_id=347, page_id=9200, browser=Firefox
Testing: csp_id=347, page_id=9300, browser=Firefox
Testing: csp_id=347, page_id=9400, browser=Firefox
Testing: csp_id=347, page_id=9500, browser=Firefox
Testing: csp_id=347, page_id=9600, browser=Firefox
Testing: csp_id=347, page_id=9700, browser=Firefox
Testing: csp_id=347, page_id=9800, browser=Firefox
Testing: csp_id=347, page_id=9900, browser=Firefox
Testing: csp_id=347, page_id=10000, browser=Firefox
Testing: csp_id=347, page_id=10100, browser=Firefox
Testing: csp_id=347, page_id=10200, browser=Firefox
Testing: csp_id=347, page_id=10300, browser=Firefox
Testing: csp_id=347, page_id=10400, browser=Firefox
Testing: csp_id=347, page_id=10500, browser=Firefox
Testing: csp_id=347, page_id=10600, browser=Firefox
Testing: csp_id=347, page_id=10700, browser=Firefox
Testing: csp_id=347, page_id=10800, browser=Firefox
Testing: csp_id=347, page_id=10900, browser=Firefox
Testing: csp_id=347, page_id=11000, browser=Firefox
Testing: csp_id=347, page_id=11100, browser=Firefox
Testing: csp_id=347, page_id=11200, browser=Firefox
Testing: csp_id=347, page_id=11300, browser=Firefox
Testing: csp_id=347, page_id=11400, browser=Firefox
Testing: csp_id=347, page_id=11500, browser=Firefox
Testing: csp_id=347, page_id=11600, browser=Firefox
Testing: csp_id=347, page_id=11700, browser=Firefox
Testing: csp_id=347, page_id=11800, browser=Firefox
Testing: csp_id=347, page_id=11900, browser=Firefox
Testing: csp_id=347, page_id=12000, browser=Firefox
Testing: csp_id=347, page_id=12100, browser=Firefox
Testing: csp_id=347, page_id=12200, browser=Firefox
Testing: csp_id=347, page_id=12300, browser=Firefox
Testing: csp_id=347, page_id=12400, browser=Firefox
Testing: csp_id=347, page_id=12500, browser=Firefox
Testing: csp_id=347, page_id=12600, browser=Firefox
Testing: csp_id=347, page_id=12700, browser=Firefox
Testing: csp_id=347, page_id=12800, browser=Firefox
Testing: csp_id=347, page_id=12900, browser=Firefox
Testing: csp_id=347, page_id=13000, browser=Firefox
Testing: csp_id=347, page_id=13100, browser=Firefox
Testing: csp_id=347, page_id=13200, browser=Firefox
Testing: csp_id=347, page_id=13300, browser=Firefox
Testing: csp_id=347, page_id=13400, browser=Firefox
Testing: csp_id=347, page_id=13500, browser=Firefox
Testing: csp_id=347, page_id=13600, browser=Firefox
Testing: csp_id=347, page_id=13700, browser=Firefox
Testing: csp_id=347, page_id=13800, browser=Firefox
Testing: csp_id=347, page_id=13900, browser=Firefox
Testing: csp_id=347, page_id=14000, browser=Firefox
Testing: csp_id=347, page_id=14100, browser=Firefox
Testing: csp_id=347, page_id=14200, browser=Firefox
Testing: csp_id=347, page_id=14300, browser=Firefox
Testing: csp_id=347, page_id=14400, browser=Firefox
Testing: csp_id=347, page_id=14500, browser=Firefox
Testing: csp_id=347, page_id=14600, browser=Firefox
Testing: csp_id=347, page_id=14700, browser=Firefox
Testing: csp_id=347, page_id=14800, browser=Firefox
Testing: csp_id=347, page_id=14900, browser=Firefox
Testing: csp_id=347, page_id=15000, browser=Firefox
Testing: csp_id=347, page_id=15100, browser=Firefox
Testing: csp_id=347, page_id=15200, browser=Firefox
Testing: csp_id=347, page_id=15300, browser=Firefox
Testing: csp_id=347, page_id=15400, browser=Firefox
Testing: csp_id=347, page_id=15500, browser=Firefox
Testing: csp_id=347, page_id=15600, browser=Firefox
Testing: csp_id=347, page_id=15700, browser=Firefox
Testing: csp_id=347, page_id=15800, browser=Firefox
Testing: csp_id=347, page_id=15900, browser=Firefox
Testing: csp_id=347, page_id=16000, browser=Firefox
Testing: csp_id=347, page_id=16100, browser=Firefox
Testing: csp_id=347, page_id=16200, browser=Firefox
Testing: csp_id=347, page_id=16300, browser=Firefox
Testing: csp_id=347, page_id=16400, browser=Firefox
Testing: csp_id=347, page_id=16500, browser=Firefox
Testing: csp_id=347, page_id=16600, browser=Firefox
Testing: csp_id=347, page_id=16700, browser=Firefox
Testing: csp_id=347, page_id=16800, browser=Firefox
Testing: csp_id=347, page_id=16900, browser=Firefox
Testing: csp_id=347, page_id=17000, browser=Firefox
Testing: csp_id=347, page_id=17100, browser=Firefox
Testing: csp_id=347, page_id=17200, browser=Firefox
Testing: csp_id=347, page_id=17300, browser=Firefox
Testing: csp_id=347, page_id=17400, browser=Firefox
Testing: csp_id=347, page_id=17500, browser=Firefox
Testing: csp_id=347, page_id=17600, browser=Firefox
Testing: csp_id=347, page_id=17700, browser=Firefox
Testing: csp_id=347, page_id=17800, browser=Firefox
Testing: csp_id=347, page_id=17900, browser=Firefox
Testing: csp_id=347, page_id=18000, browser=Firefox
Testing: csp_id=347, page_id=18100, browser=Firefox
Testing: csp_id=347, page_id=18200, browser=Firefox
Testing: csp_id=347, page_id=18300, browser=Firefox
Testing: csp_id=347, page_id=18400, browser=Firefox
Testing: csp_id=347, page_id=18500, browser=Firefox
Testing: csp_id=347, page_id=18600, browser=Firefox
Testing: csp_id=347, page_id=18700, browser=Firefox
Testing: csp_id=347, page_id=18800, browser=Firefox
Testing: csp_id=347, page_id=18900, browser=Firefox
Testing: csp_id=347, page_id=19000, browser=Firefox
Testing: csp_id=347, page_id=19100, browser=Firefox
Testing: csp_id=347, page_id=19200, browser=Firefox
Testing: csp_id=347, page_id=19300, browser=Firefox
Testing: csp_id=347, page_id=19400, browser=Firefox
Testing: csp_id=347, page_id=19500, browser=Firefox
Testing: csp_id=347, page_id=19600, browser=Firefox
Testing: csp_id=347, page_id=19700, browser=Firefox
Testing: csp_id=347, page_id=19800, browser=Firefox
Testing: csp_id=347, page_id=19900, browser=Firefox
Testing: csp_id=347, page_id=20000, browser=Firefox
Testing: csp_id=347, page_id=20100, browser=Firefox
Testing: csp_id=347, page_id=20200, browser=Firefox
Testing: csp_id=347, page_id=20300, browser=Firefox
Testing: csp_id=347, page_id=20400, browser=Firefox
Testing: csp_id=347, page_id=20500, browser=Firefox
Testing: csp_id=347, page_id=20600, browser=Firefox
Testing: csp_id=347, page_id=20700, browser=Firefox
Testing: csp_id=347, page_id=20800, browser=Firefox
Testing: csp_id=347, page_id=20900, browser=Firefox
Testing: csp_id=347, page_id=21000, browser=Firefox
Testing: csp_id=347, page_id=21100, browser=Firefox
Testing: csp_id=347, page_id=21200, browser=Firefox
Testing: csp_id=347, page_id=21300, browser=Firefox
Testing: csp_id=347, page_id=21400, browser=Firefox
Testing: csp_id=347, page_id=21500, browser=Firefox
Testing: csp_id=347, page_id=21600, browser=Firefox
Testing: csp_id=347, page_id=21700, browser=Firefox
Testing: csp_id=347, page_id=21800, browser=Firefox
Testing: csp_id=347, page_id=21900, browser=Firefox
Testing: csp_id=347, page_id=22000, browser=Firefox
Testing: csp_id=347, page_id=22100, browser=Firefox
Testing: csp_id=347, page_id=22200, browser=Firefox
Testing: csp_id=347, page_id=22300, browser=Firefox
Testing: csp_id=347, page_id=22400, browser=Firefox
Testing: csp_id=347, page_id=22500, browser=Firefox
Testing: csp_id=347, page_id=22600, browser=Firefox
Testing: csp_id=347, page_id=22700, browser=Firefox
Testing: csp_id=347, page_id=22800, browser=Firefox
Testing: csp_id=347, page_id=22900, browser=Firefox
Testing: csp_id=347, page_id=23000, browser=Firefox
Testing: csp_id=347, page_id=23100, browser=Firefox
Testing: csp_id=347, page_id=23200, browser=Firefox
Testing: csp_id=347, page_id=23300, browser=Firefox
Testing: csp_id=347, page_id=23400, browser=Firefox
Testing: csp_id=347, page_id=23500, browser=Firefox
Testing: csp_id=347, page_id=23600, browser=Firefox
Testing: csp_id=347, page_id=23700, browser=Firefox
Testing: csp_id=347, page_id=23800, browser=Firefox
Testing: csp_id=347, page_id=23900, browser=Firefox
Testing: csp_id=347, page_id=24000, browser=Firefox
Testing: csp_id=347, page_id=24100, browser=Firefox
Testing: csp_id=347, page_id=24200, browser=Firefox
Testing: csp_id=347, page_id=24300, browser=Firefox
Testing: csp_id=347, page_id=24400, browser=Firefox
Testing: csp_id=347, page_id=24500, browser=Firefox
Testing: csp_id=347, page_id=24600, browser=Firefox
Testing: csp_id=347, page_id=24700, browser=Firefox
Testing: csp_id=347, page_id=24800, browser=Firefox
Testing: csp_id=347, page_id=24900, browser=Firefox
Testing: csp_id=347, page_id=25000, browser=Firefox
Testing: csp_id=347, page_id=25100, browser=Firefox
Testing: csp_id=347, page_id=25200, browser=Firefox
Testing: csp_id=347, page_id=25300, browser=Firefox
Testing: csp_id=347, page_id=25400, browser=Firefox
Testing: csp_id=347, page_id=25500, browser=Firefox
Testing: csp_id=347, page_id=25600, browser=Firefox
Testing: csp_id=347, page_id=25700, browser=Firefox
Testing: csp_id=347, page_id=25800, browser=Firefox
Testing: csp_id=347, page_id=25900, browser=Firefox
Testing: csp_id=347, page_id=26000, browser=Firefox
Testing: csp_id=347, page_id=26100, browser=Firefox
Testing: csp_id=347, page_id=26200, browser=Firefox
Testing: csp_id=347, page_id=26300, browser=Firefox
Testing: csp_id=347, page_id=26400, browser=Firefox
Testing: csp_id=347, page_id=26500, browser=Firefox
Testing: csp_id=347, page_id=26600, browser=Firefox
Testing: csp_id=347, page_id=26700, browser=Firefox
Testing: csp_id=347, page_id=26800, browser=Firefox
Testing: csp_id=347, page_id=26900, browser=Firefox
Testing: csp_id=347, page_id=27000, browser=Firefox
Testing: csp_id=347, page_id=27100, browser=Firefox
Testing: csp_id=347, page_id=27200, browser=Firefox
Testing: csp_id=347, page_id=27300, browser=Firefox
Testing: csp_id=347, page_id=27400, browser=Firefox
Testing: csp_id=347, page_id=27500, browser=Firefox
Testing: csp_id=347, page_id=27600, browser=Firefox
Testing: csp_id=347, page_id=27700, browser=Firefox
Testing: csp_id=347, page_id=27800, browser=Firefox
Testing: csp_id=347, page_id=27900, browser=Firefox
Testing: csp_id=347, page_id=28000, browser=Firefox
Testing: csp_id=347, page_id=28100, browser=Firefox
Testing: csp_id=347, page_id=28200, browser=Firefox
Testing: csp_id=347, page_id=28300, browser=Firefox
Testing: csp_id=347, page_id=28400, browser=Firefox
Testing: csp_id=347, page_id=28500, browser=Firefox
Testing: csp_id=347, page_id=28600, browser=Firefox
Testing: csp_id=347, page_id=28700, browser=Firefox
Testing: csp_id=347, page_id=28800, browser=Firefox
Testing: csp_id=347, page_id=28900, browser=Firefox
Testing: csp_id=347, page_id=29000, browser=Firefox
Testing: csp_id=347, page_id=29100, browser=Firefox
Testing: csp_id=347, page_id=29200, browser=Firefox
Testing: csp_id=347, page_id=29300, browser=Firefox
Testing: csp_id=347, page_id=29400, browser=Firefox
Testing: csp_id=347, page_id=29500, browser=Firefox
Testing: csp_id=347, page_id=29600, browser=Firefox
Testing: csp_id=347, page_id=29700, browser=Firefox
Testing: csp_id=347, page_id=29800, browser=Firefox
🏊 create_context_pools[first] (5x16): 28.471s
Testing: csp_id=356, page_id=0, browser=Firefox
Testing: csp_id=356, page_id=100, browser=Firefox
Testing: csp_id=356, page_id=200, browser=Firefox
Testing: csp_id=356, page_id=300, browser=Firefox
Testing: csp_id=356, page_id=400, browser=Firefox
Testing: csp_id=356, page_id=500, browser=Firefox
Testing: csp_id=356, page_id=600, browser=Firefox
Testing: csp_id=356, page_id=700, browser=Firefox
Testing: csp_id=356, page_id=800, browser=Firefox
Testing: csp_id=356, page_id=900, browser=Firefox
Testing: csp_id=356, page_id=1000, browser=Firefox
Testing: csp_id=356, page_id=1100, browser=Firefox
Testing: csp_id=356, page_id=1200, browser=Firefox
Testing: csp_id=356, page_id=1300, browser=Firefox
Testing: csp_id=356, page_id=1400, browser=Firefox
Testing: csp_id=356, page_id=1500, browser=Firefox
Testing: csp_id=356, page_id=1600, browser=Firefox
Testing: csp_id=356, page_id=1700, browser=Firefox
Testing: csp_id=356, page_id=1800, browser=Firefox
Testing: csp_id=356, page_id=1900, browser=Firefox
Testing: csp_id=356, page_id=2000, browser=Firefox
Testing: csp_id=356, page_id=2100, browser=Firefox
Testing: csp_id=356, page_id=2200, browser=Firefox
Testing: csp_id=356, page_id=2300, browser=Firefox
Testing: csp_id=356, page_id=2400, browser=Firefox
Testing: csp_id=356, page_id=2500, browser=Firefox
Testing: csp_id=356, page_id=2600, browser=Firefox
Testing: csp_id=356, page_id=2700, browser=Firefox
Testing: csp_id=356, page_id=2800, browser=Firefox
Testing: csp_id=356, page_id=2900, browser=Firefox
Testing: csp_id=356, page_id=3000, browser=Firefox
Testing: csp_id=356, page_id=3100, browser=Firefox
Testing: csp_id=356, page_id=3200, browser=Firefox
Testing: csp_id=356, page_id=3300, browser=Firefox
Testing: csp_id=356, page_id=3400, browser=Firefox
Testing: csp_id=356, page_id=3500, browser=Firefox
Testing: csp_id=356, page_id=3600, browser=Firefox
Testing: csp_id=356, page_id=3700, browser=Firefox
Testing: csp_id=356, page_id=3800, browser=Firefox
Testing: csp_id=356, page_id=3900, browser=Firefox
Testing: csp_id=356, page_id=4000, browser=Firefox
Testing: csp_id=356, page_id=4100, browser=Firefox
Testing: csp_id=356, page_id=4200, browser=Firefox
Testing: csp_id=356, page_id=4300, browser=Firefox
Testing: csp_id=356, page_id=4400, browser=Firefox
Testing: csp_id=356, page_id=4500, browser=Firefox
Testing: csp_id=356, page_id=4600, browser=Firefox
Testing: csp_id=356, page_id=4700, browser=Firefox
Testing: csp_id=356, page_id=4800, browser=Firefox
Testing: csp_id=356, page_id=4900, browser=Firefox
Testing: csp_id=356, page_id=5000, browser=Firefox
Testing: csp_id=356, page_id=5100, browser=Firefox
Testing: csp_id=356, page_id=5200, browser=Firefox
Testing: csp_id=356, page_id=5300, browser=Firefox
Testing: csp_id=356, page_id=5400, browser=Firefox
Testing: csp_id=356, page_id=5500, browser=Firefox
Testing: csp_id=356, page_id=5600, browser=Firefox
Testing: csp_id=356, page_id=5700, browser=Firefox
Testing: csp_id=356, page_id=5800, browser=Firefox
Testing: csp_id=356, page_id=5900, browser=Firefox
Testing: csp_id=356, page_id=6000, browser=Firefox
Testing: csp_id=356, page_id=6100, browser=Firefox
Testing: csp_id=356, page_id=6200, browser=Firefox
Testing: csp_id=356, page_id=6300, browser=Firefox
Testing: csp_id=356, page_id=6400, browser=Firefox
Testing: csp_id=356, page_id=6500, browser=Firefox
Testing: csp_id=356, page_id=6600, browser=Firefox
Testing: csp_id=356, page_id=6700, browser=Firefox
Testing: csp_id=356, page_id=6800, browser=Firefox
Testing: csp_id=356, page_id=6900, browser=Firefox
Testing: csp_id=356, page_id=7000, browser=Firefox
Testing: csp_id=356, page_id=7100, browser=Firefox
Testing: csp_id=356, page_id=7200, browser=Firefox
Testing: csp_id=356, page_id=7300, browser=Firefox
Testing: csp_id=356, page_id=7400, browser=Firefox
Testing: csp_id=356, page_id=7500, browser=Firefox
Testing: csp_id=356, page_id=7600, browser=Firefox
Testing: csp_id=356, page_id=7700, browser=Firefox
Testing: csp_id=356, page_id=7800, browser=Firefox
Testing: csp_id=356, page_id=7900, browser=Firefox
Testing: csp_id=356, page_id=8000, browser=Firefox
Testing: csp_id=356, page_id=8100, browser=Firefox
Testing: csp_id=356, page_id=8200, browser=Firefox
Testing: csp_id=356, page_id=8300, browser=Firefox
Testing: csp_id=356, page_id=8400, browser=Firefox
Testing: csp_id=356, page_id=8500, browser=Firefox
Testing: csp_id=356, page_id=8600, browser=Firefox
Testing: csp_id=356, page_id=8700, browser=Firefox
Testing: csp_id=356, page_id=8800, browser=Firefox
Testing: csp_id=356, page_id=8900, browser=Firefox
Testing: csp_id=356, page_id=9000, browser=Firefox
Testing: csp_id=356, page_id=9100, browser=Firefox
Testing: csp_id=356, page_id=9200, browser=Firefox
Testing: csp_id=356, page_id=9300, browser=Firefox
Testing: csp_id=356, page_id=9400, browser=Firefox
Testing: csp_id=356, page_id=9500, browser=Firefox
Testing: csp_id=356, page_id=9600, browser=Firefox
Testing: csp_id=356, page_id=9700, browser=Firefox
Testing: csp_id=356, page_id=9800, browser=Firefox
Testing: csp_id=356, page_id=9900, browser=Firefox
Testing: csp_id=356, page_id=10000, browser=Firefox
Testing: csp_id=356, page_id=10100, browser=Firefox
Testing: csp_id=356, page_id=10200, browser=Firefox
Testing: csp_id=356, page_id=10300, browser=Firefox
Testing: csp_id=356, page_id=10400, browser=Firefox
Testing: csp_id=356, page_id=10500, browser=Firefox
Testing: csp_id=356, page_id=10600, browser=Firefox
Testing: csp_id=356, page_id=10700, browser=Firefox
Testing: csp_id=356, page_id=10800, browser=Firefox
Testing: csp_id=356, page_id=10900, browser=Firefox
Testing: csp_id=356, page_id=11000, browser=Firefox
Testing: csp_id=356, page_id=11100, browser=Firefox
Testing: csp_id=356, page_id=11200, browser=Firefox
Testing: csp_id=356, page_id=11300, browser=Firefox
Testing: csp_id=356, page_id=11400, browser=Firefox
Testing: csp_id=356, page_id=11500, browser=Firefox
Testing: csp_id=356, page_id=11600, browser=Firefox
Testing: csp_id=356, page_id=11700, browser=Firefox
Testing: csp_id=356, page_id=11800, browser=Firefox
Testing: csp_id=356, page_id=11900, browser=Firefox
Testing: csp_id=356, page_id=12000, browser=Firefox
Testing: csp_id=356, page_id=12100, browser=Firefox
Testing: csp_id=356, page_id=12200, browser=Firefox
Testing: csp_id=356, page_id=12300, browser=Firefox
Testing: csp_id=356, page_id=12400, browser=Firefox
Testing: csp_id=356, page_id=12500, browser=Firefox
Testing: csp_id=356, page_id=12600, browser=Firefox
Testing: csp_id=356, page_id=12700, browser=Firefox
Testing: csp_id=356, page_id=12800, browser=Firefox
Testing: csp_id=356, page_id=12900, browser=Firefox
Testing: csp_id=356, page_id=13000, browser=Firefox
Testing: csp_id=356, page_id=13100, browser=Firefox
Testing: csp_id=356, page_id=13200, browser=Firefox
Testing: csp_id=356, page_id=13300, browser=Firefox
Testing: csp_id=356, page_id=13400, browser=Firefox
Testing: csp_id=356, page_id=13500, browser=Firefox
Testing: csp_id=356, page_id=13600, browser=Firefox
Testing: csp_id=356, page_id=13700, browser=Firefox
Testing: csp_id=356, page_id=13800, browser=Firefox
Testing: csp_id=356, page_id=13900, browser=Firefox
Testing: csp_id=356, page_id=14000, browser=Firefox
Testing: csp_id=356, page_id=14100, browser=Firefox
Testing: csp_id=356, page_id=14200, browser=Firefox
Testing: csp_id=356, page_id=14300, browser=Firefox
Testing: csp_id=356, page_id=14400, browser=Firefox
Testing: csp_id=356, page_id=14500, browser=Firefox
Testing: csp_id=356, page_id=14600, browser=Firefox
Testing: csp_id=356, page_id=14700, browser=Firefox
Testing: csp_id=356, page_id=14800, browser=Firefox
Testing: csp_id=356, page_id=14900, browser=Firefox
Testing: csp_id=356, page_id=15000, browser=Firefox
Testing: csp_id=356, page_id=15100, browser=Firefox
Testing: csp_id=356, page_id=15200, browser=Firefox
Testing: csp_id=356, page_id=15300, browser=Firefox
Testing: csp_id=356, page_id=15400, browser=Firefox
Testing: csp_id=356, page_id=15500, browser=Firefox
Testing: csp_id=356, page_id=15600, browser=Firefox
Testing: csp_id=356, page_id=15700, browser=Firefox
Testing: csp_id=356, page_id=15800, browser=Firefox
Testing: csp_id=356, page_id=15900, browser=Firefox
Testing: csp_id=356, page_id=16000, browser=Firefox
Testing: csp_id=356, page_id=16100, browser=Firefox
Testing: csp_id=356, page_id=16200, browser=Firefox
Testing: csp_id=356, page_id=16300, browser=Firefox
Testing: csp_id=356, page_id=16400, browser=Firefox
Testing: csp_id=356, page_id=16500, browser=Firefox
Testing: csp_id=356, page_id=16600, browser=Firefox
Testing: csp_id=356, page_id=16700, browser=Firefox
Testing: csp_id=356, page_id=16800, browser=Firefox
Testing: csp_id=356, page_id=16900, browser=Firefox
Testing: csp_id=356, page_id=17000, browser=Firefox
Testing: csp_id=356, page_id=17100, browser=Firefox
Testing: csp_id=356, page_id=17200, browser=Firefox
Testing: csp_id=356, page_id=17300, browser=Firefox
Testing: csp_id=356, page_id=17400, browser=Firefox
Testing: csp_id=356, page_id=17500, browser=Firefox
Testing: csp_id=356, page_id=17600, browser=Firefox
Testing: csp_id=356, page_id=17700, browser=Firefox
Testing: csp_id=356, page_id=17800, browser=Firefox
Testing: csp_id=356, page_id=17900, browser=Firefox
Testing: csp_id=356, page_id=18000, browser=Firefox
Testing: csp_id=356, page_id=18100, browser=Firefox
Testing: csp_id=356, page_id=18200, browser=Firefox
Testing: csp_id=356, page_id=18300, browser=Firefox
Testing: csp_id=356, page_id=18400, browser=Firefox
Testing: csp_id=356, page_id=18500, browser=Firefox
Testing: csp_id=356, page_id=18600, browser=Firefox
Testing: csp_id=356, page_id=18700, browser=Firefox
Testing: csp_id=356, page_id=18800, browser=Firefox
Testing: csp_id=356, page_id=18900, browser=Firefox
Testing: csp_id=356, page_id=19000, browser=Firefox
Testing: csp_id=356, page_id=19100, browser=Firefox
Testing: csp_id=356, page_id=19200, browser=Firefox
Testing: csp_id=356, page_id=19300, browser=Firefox
Testing: csp_id=356, page_id=19400, browser=Firefox
Testing: csp_id=356, page_id=19500, browser=Firefox
Testing: csp_id=356, page_id=19600, browser=Firefox
Testing: csp_id=356, page_id=19700, browser=Firefox
Testing: csp_id=356, page_id=19800, browser=Firefox
Testing: csp_id=356, page_id=19900, browser=Firefox
Testing: csp_id=356, page_id=20000, browser=Firefox
Testing: csp_id=356, page_id=20100, browser=Firefox
Testing: csp_id=356, page_id=20200, browser=Firefox
Testing: csp_id=356, page_id=20300, browser=Firefox
Testing: csp_id=356, page_id=20400, browser=Firefox
Testing: csp_id=356, page_id=20500, browser=Firefox
Testing: csp_id=356, page_id=20600, browser=Firefox
Testing: csp_id=356, page_id=20700, browser=Firefox
Testing: csp_id=356, page_id=20800, browser=Firefox
Testing: csp_id=356, page_id=20900, browser=Firefox
Testing: csp_id=356, page_id=21000, browser=Firefox
Testing: csp_id=356, page_id=21100, browser=Firefox
Testing: csp_id=356, page_id=21200, browser=Firefox
Testing: csp_id=356, page_id=21300, browser=Firefox
Testing: csp_id=356, page_id=21400, browser=Firefox
Testing: csp_id=356, page_id=21500, browser=Firefox
Testing: csp_id=356, page_id=21600, browser=Firefox
Testing: csp_id=356, page_id=21700, browser=Firefox
Testing: csp_id=356, page_id=21800, browser=Firefox
Testing: csp_id=356, page_id=21900, browser=Firefox
Testing: csp_id=356, page_id=22000, browser=Firefox
Testing: csp_id=356, page_id=22100, browser=Firefox
Testing: csp_id=356, page_id=22200, browser=Firefox
Testing: csp_id=356, page_id=22300, browser=Firefox
Testing: csp_id=356, page_id=22400, browser=Firefox
Testing: csp_id=356, page_id=22500, browser=Firefox
Testing: csp_id=356, page_id=22600, browser=Firefox
Testing: csp_id=356, page_id=22700, browser=Firefox
Testing: csp_id=356, page_id=22800, browser=Firefox
Testing: csp_id=356, page_id=22900, browser=Firefox
Testing: csp_id=356, page_id=23000, browser=Firefox
Testing: csp_id=356, page_id=23100, browser=Firefox
Testing: csp_id=356, page_id=23200, browser=Firefox
Testing: csp_id=356, page_id=23300, browser=Firefox
Testing: csp_id=356, page_id=23400, browser=Firefox
Testing: csp_id=356, page_id=23500, browser=Firefox
Testing: csp_id=356, page_id=23600, browser=Firefox
Testing: csp_id=356, page_id=23700, browser=Firefox
Testing: csp_id=356, page_id=23800, browser=Firefox
Testing: csp_id=356, page_id=23900, browser=Firefox
Testing: csp_id=356, page_id=24000, browser=Firefox
Testing: csp_id=356, page_id=24100, browser=Firefox
Testing: csp_id=356, page_id=24200, browser=Firefox
Testing: csp_id=356, page_id=24300, browser=Firefox
Testing: csp_id=356, page_id=24400, browser=Firefox
Testing: csp_id=356, page_id=24500, browser=Firefox
Testing: csp_id=356, page_id=24600, browser=Firefox
Testing: csp_id=356, page_id=24700, browser=Firefox
Testing: csp_id=356, page_id=24800, browser=Firefox
Testing: csp_id=356, page_id=24900, browser=Firefox
Testing: csp_id=356, page_id=25000, browser=Firefox
Testing: csp_id=356, page_id=25100, browser=Firefox
Testing: csp_id=356, page_id=25200, browser=Firefox
Testing: csp_id=356, page_id=25300, browser=Firefox
Testing: csp_id=356, page_id=25400, browser=Firefox
Testing: csp_id=356, page_id=25500, browser=Firefox
Testing: csp_id=356, page_id=25600, browser=Firefox
Testing: csp_id=356, page_id=25700, browser=Firefox
Testing: csp_id=356, page_id=25800, browser=Firefox
Testing: csp_id=356, page_id=25900, browser=Firefox
Testing: csp_id=356, page_id=26000, browser=Firefox
Testing: csp_id=356, page_id=26100, browser=Firefox
Testing: csp_id=356, page_id=26200, browser=Firefox
Testing: csp_id=356, page_id=26300, browser=Firefox
Testing: csp_id=356, page_id=26400, browser=Firefox
Testing: csp_id=356, page_id=26500, browser=Firefox
Testing: csp_id=356, page_id=26600, browser=Firefox
Testing: csp_id=356, page_id=26700, browser=Firefox
Testing: csp_id=356, page_id=26800, browser=Firefox
Testing: csp_id=356, page_id=26900, browser=Firefox
Testing: csp_id=356, page_id=27000, browser=Firefox
Testing: csp_id=356, page_id=27100, browser=Firefox
Testing: csp_id=356, page_id=27200, browser=Firefox
Testing: csp_id=356, page_id=27300, browser=Firefox
Testing: csp_id=356, page_id=27400, browser=Firefox
Testing: csp_id=356, page_id=27500, browser=Firefox
Testing: csp_id=356, page_id=27600, browser=Firefox
Testing: csp_id=356, page_id=27700, browser=Firefox
Testing: csp_id=356, page_id=27800, browser=Firefox
Testing: csp_id=356, page_id=27900, browser=Firefox
Testing: csp_id=356, page_id=28000, browser=Firefox
Testing: csp_id=356, page_id=28100, browser=Firefox
Testing: csp_id=356, page_id=28200, browser=Firefox
Testing: csp_id=356, page_id=28300, browser=Firefox
Testing: csp_id=356, page_id=28400, browser=Firefox
Testing: csp_id=356, page_id=28500, browser=Firefox
Testing: csp_id=356, page_id=28600, browser=Firefox
Testing: csp_id=356, page_id=28700, browser=Firefox
Testing: csp_id=356, page_id=28800, browser=Firefox
Testing: csp_id=356, page_id=28900, browser=Firefox
Testing: csp_id=356, page_id=29000, browser=Firefox
Testing: csp_id=356, page_id=29100, browser=Firefox
Testing: csp_id=356, page_id=29200, browser=Firefox
Testing: csp_id=356, page_id=29300, browser=Firefox
Testing: csp_id=356, page_id=29400, browser=Firefox
Testing: csp_id=356, page_id=29500, browser=Firefox
Testing: csp_id=356, page_id=29600, browser=Firefox
Testing: csp_id=356, page_id=29700, browser=Firefox
Testing: csp_id=356, page_id=29800, browser=Firefox
🏊 create_context_pools[first] (5x16): 28.023s
Testing: csp_id=357, page_id=0, browser=Firefox
Testing: csp_id=357, page_id=100, browser=Firefox
Testing: csp_id=357, page_id=200, browser=Firefox
Testing: csp_id=357, page_id=300, browser=Firefox
Testing: csp_id=357, page_id=400, browser=Firefox
Testing: csp_id=357, page_id=500, browser=Firefox
Testing: csp_id=357, page_id=600, browser=Firefox
Testing: csp_id=357, page_id=700, browser=Firefox
Testing: csp_id=357, page_id=800, browser=Firefox
Testing: csp_id=357, page_id=900, browser=Firefox
Testing: csp_id=357, page_id=1000, browser=Firefox
Testing: csp_id=357, page_id=1100, browser=Firefox
Testing: csp_id=357, page_id=1200, browser=Firefox
Testing: csp_id=357, page_id=1300, browser=Firefox
Testing: csp_id=357, page_id=1400, browser=Firefox
Testing: csp_id=357, page_id=1500, browser=Firefox
Testing: csp_id=357, page_id=1600, browser=Firefox
Testing: csp_id=357, page_id=1700, browser=Firefox
Testing: csp_id=357, page_id=1800, browser=Firefox
Testing: csp_id=357, page_id=1900, browser=Firefox
Testing: csp_id=357, page_id=2000, browser=Firefox
Testing: csp_id=357, page_id=2100, browser=Firefox
Testing: csp_id=357, page_id=2200, browser=Firefox
Testing: csp_id=357, page_id=2300, browser=Firefox
Testing: csp_id=357, page_id=2400, browser=Firefox
Testing: csp_id=357, page_id=2500, browser=Firefox
Testing: csp_id=357, page_id=2600, browser=Firefox
Testing: csp_id=357, page_id=2700, browser=Firefox
Testing: csp_id=357, page_id=2800, browser=Firefox
Testing: csp_id=357, page_id=2900, browser=Firefox
Testing: csp_id=357, page_id=3000, browser=Firefox
Testing: csp_id=357, page_id=3100, browser=Firefox
Testing: csp_id=357, page_id=3200, browser=Firefox
Testing: csp_id=357, page_id=3300, browser=Firefox
Testing: csp_id=357, page_id=3400, browser=Firefox
Testing: csp_id=357, page_id=3500, browser=Firefox
Testing: csp_id=357, page_id=3600, browser=Firefox
Testing: csp_id=357, page_id=3700, browser=Firefox
Testing: csp_id=357, page_id=3800, browser=Firefox
Testing: csp_id=357, page_id=3900, browser=Firefox
Testing: csp_id=357, page_id=4000, browser=Firefox
Testing: csp_id=357, page_id=4100, browser=Firefox
Testing: csp_id=357, page_id=4200, browser=Firefox
Testing: csp_id=357, page_id=4300, browser=Firefox
Testing: csp_id=357, page_id=4400, browser=Firefox
Testing: csp_id=357, page_id=4500, browser=Firefox
Testing: csp_id=357, page_id=4600, browser=Firefox
Testing: csp_id=357, page_id=4700, browser=Firefox
Testing: csp_id=357, page_id=4800, browser=Firefox
Testing: csp_id=357, page_id=4900, browser=Firefox
Testing: csp_id=357, page_id=5000, browser=Firefox
Testing: csp_id=357, page_id=5100, browser=Firefox
Testing: csp_id=357, page_id=5200, browser=Firefox
Testing: csp_id=357, page_id=5300, browser=Firefox
Testing: csp_id=357, page_id=5400, browser=Firefox
Testing: csp_id=357, page_id=5500, browser=Firefox
Testing: csp_id=357, page_id=5600, browser=Firefox
Testing: csp_id=357, page_id=5700, browser=Firefox
Testing: csp_id=357, page_id=5800, browser=Firefox
Testing: csp_id=357, page_id=5900, browser=Firefox
Testing: csp_id=357, page_id=6000, browser=Firefox
Testing: csp_id=357, page_id=6100, browser=Firefox
Testing: csp_id=357, page_id=6200, browser=Firefox
Testing: csp_id=357, page_id=6300, browser=Firefox
Testing: csp_id=357, page_id=6400, browser=Firefox
Testing: csp_id=357, page_id=6500, browser=Firefox
Testing: csp_id=357, page_id=6600, browser=Firefox
Testing: csp_id=357, page_id=6700, browser=Firefox
Testing: csp_id=357, page_id=6800, browser=Firefox
Testing: csp_id=357, page_id=6900, browser=Firefox
Testing: csp_id=357, page_id=7000, browser=Firefox
Testing: csp_id=357, page_id=7100, browser=Firefox
Testing: csp_id=357, page_id=7200, browser=Firefox
Testing: csp_id=357, page_id=7300, browser=Firefox
Testing: csp_id=357, page_id=7400, browser=Firefox
Testing: csp_id=357, page_id=7500, browser=Firefox
Testing: csp_id=357, page_id=7600, browser=Firefox
Testing: csp_id=357, page_id=7700, browser=Firefox
Testing: csp_id=357, page_id=7800, browser=Firefox
Testing: csp_id=357, page_id=7900, browser=Firefox
Testing: csp_id=357, page_id=8000, browser=Firefox
Testing: csp_id=357, page_id=8100, browser=Firefox
Testing: csp_id=357, page_id=8200, browser=Firefox
Testing: csp_id=357, page_id=8300, browser=Firefox
Testing: csp_id=357, page_id=8400, browser=Firefox
Testing: csp_id=357, page_id=8500, browser=Firefox
Testing: csp_id=357, page_id=8600, browser=Firefox
Testing: csp_id=357, page_id=8700, browser=Firefox
Testing: csp_id=357, page_id=8800, browser=Firefox
Testing: csp_id=357, page_id=8900, browser=Firefox
Testing: csp_id=357, page_id=9000, browser=Firefox
Testing: csp_id=357, page_id=9100, browser=Firefox
Testing: csp_id=357, page_id=9200, browser=Firefox
Testing: csp_id=357, page_id=9300, browser=Firefox
Testing: csp_id=357, page_id=9400, browser=Firefox
Testing: csp_id=357, page_id=9500, browser=Firefox
Testing: csp_id=357, page_id=9600, browser=Firefox
Testing: csp_id=357, page_id=9700, browser=Firefox
Testing: csp_id=357, page_id=9800, browser=Firefox
Testing: csp_id=357, page_id=9900, browser=Firefox
Testing: csp_id=357, page_id=10000, browser=Firefox
Testing: csp_id=357, page_id=10100, browser=Firefox
Testing: csp_id=357, page_id=10200, browser=Firefox
Testing: csp_id=357, page_id=10300, browser=Firefox
Testing: csp_id=357, page_id=10400, browser=Firefox
Testing: csp_id=357, page_id=10500, browser=Firefox
Testing: csp_id=357, page_id=10600, browser=Firefox
Testing: csp_id=357, page_id=10700, browser=Firefox
Testing: csp_id=357, page_id=10800, browser=Firefox
Testing: csp_id=357, page_id=10900, browser=Firefox
Testing: csp_id=357, page_id=11000, browser=Firefox
Testing: csp_id=357, page_id=11100, browser=Firefox
Testing: csp_id=357, page_id=11200, browser=Firefox
Testing: csp_id=357, page_id=11300, browser=Firefox
Testing: csp_id=357, page_id=11400, browser=Firefox
Testing: csp_id=357, page_id=11500, browser=Firefox
Testing: csp_id=357, page_id=11600, browser=Firefox
Testing: csp_id=357, page_id=11700, browser=Firefox
Testing: csp_id=357, page_id=11800, browser=Firefox
Testing: csp_id=357, page_id=11900, browser=Firefox
Testing: csp_id=357, page_id=12000, browser=Firefox
Testing: csp_id=357, page_id=12100, browser=Firefox
Testing: csp_id=357, page_id=12200, browser=Firefox
Testing: csp_id=357, page_id=12300, browser=Firefox
Testing: csp_id=357, page_id=12400, browser=Firefox
Testing: csp_id=357, page_id=12500, browser=Firefox
Testing: csp_id=357, page_id=12600, browser=Firefox
Testing: csp_id=357, page_id=12700, browser=Firefox
Testing: csp_id=357, page_id=12800, browser=Firefox
Testing: csp_id=357, page_id=12900, browser=Firefox
Testing: csp_id=357, page_id=13000, browser=Firefox
Testing: csp_id=357, page_id=13100, browser=Firefox
Testing: csp_id=357, page_id=13200, browser=Firefox
Testing: csp_id=357, page_id=13300, browser=Firefox
Testing: csp_id=357, page_id=13400, browser=Firefox
Testing: csp_id=357, page_id=13500, browser=Firefox
Testing: csp_id=357, page_id=13600, browser=Firefox
Testing: csp_id=357, page_id=13700, browser=Firefox
Testing: csp_id=357, page_id=13800, browser=Firefox
Testing: csp_id=357, page_id=13900, browser=Firefox
Testing: csp_id=357, page_id=14000, browser=Firefox
Testing: csp_id=357, page_id=14100, browser=Firefox
Testing: csp_id=357, page_id=14200, browser=Firefox
Testing: csp_id=357, page_id=14300, browser=Firefox
Testing: csp_id=357, page_id=14400, browser=Firefox
Testing: csp_id=357, page_id=14500, browser=Firefox
Testing: csp_id=357, page_id=14600, browser=Firefox
Testing: csp_id=357, page_id=14700, browser=Firefox
Testing: csp_id=357, page_id=14800, browser=Firefox
Testing: csp_id=357, page_id=14900, browser=Firefox
Testing: csp_id=357, page_id=15000, browser=Firefox
Testing: csp_id=357, page_id=15100, browser=Firefox
Testing: csp_id=357, page_id=15200, browser=Firefox
Testing: csp_id=357, page_id=15300, browser=Firefox
Testing: csp_id=357, page_id=15400, browser=Firefox
Testing: csp_id=357, page_id=15500, browser=Firefox
Testing: csp_id=357, page_id=15600, browser=Firefox
Testing: csp_id=357, page_id=15700, browser=Firefox
Testing: csp_id=357, page_id=15800, browser=Firefox
Testing: csp_id=357, page_id=15900, browser=Firefox
Testing: csp_id=357, page_id=16000, browser=Firefox
Testing: csp_id=357, page_id=16100, browser=Firefox
Testing: csp_id=357, page_id=16200, browser=Firefox
Testing: csp_id=357, page_id=16300, browser=Firefox
Testing: csp_id=357, page_id=16400, browser=Firefox
Testing: csp_id=357, page_id=16500, browser=Firefox
Testing: csp_id=357, page_id=16600, browser=Firefox
Testing: csp_id=357, page_id=16700, browser=Firefox
Testing: csp_id=357, page_id=16800, browser=Firefox
Testing: csp_id=357, page_id=16900, browser=Firefox
Testing: csp_id=357, page_id=17000, browser=Firefox
Testing: csp_id=357, page_id=17100, browser=Firefox
Testing: csp_id=357, page_id=17200, browser=Firefox
Testing: csp_id=357, page_id=17300, browser=Firefox
Testing: csp_id=357, page_id=17400, browser=Firefox
Testing: csp_id=357, page_id=17500, browser=Firefox
Testing: csp_id=357, page_id=17600, browser=Firefox
Testing: csp_id=357, page_id=17700, browser=Firefox
Testing: csp_id=357, page_id=17800, browser=Firefox
Testing: csp_id=357, page_id=17900, browser=Firefox
Testing: csp_id=357, page_id=18000, browser=Firefox
Testing: csp_id=357, page_id=18100, browser=Firefox
Testing: csp_id=357, page_id=18200, browser=Firefox
Testing: csp_id=357, page_id=18300, browser=Firefox
Testing: csp_id=357, page_id=18400, browser=Firefox
Testing: csp_id=357, page_id=18500, browser=Firefox
Testing: csp_id=357, page_id=18600, browser=Firefox
Testing: csp_id=357, page_id=18700, browser=Firefox
Testing: csp_id=357, page_id=18800, browser=Firefox
Testing: csp_id=357, page_id=18900, browser=Firefox
Testing: csp_id=357, page_id=19000, browser=Firefox
Testing: csp_id=357, page_id=19100, browser=Firefox
Testing: csp_id=357, page_id=19200, browser=Firefox
Testing: csp_id=357, page_id=19300, browser=Firefox
Testing: csp_id=357, page_id=19400, browser=Firefox
Testing: csp_id=357, page_id=19500, browser=Firefox
Testing: csp_id=357, page_id=19600, browser=Firefox
Testing: csp_id=357, page_id=19700, browser=Firefox
Testing: csp_id=357, page_id=19800, browser=Firefox
Testing: csp_id=357, page_id=19900, browser=Firefox
Testing: csp_id=357, page_id=20000, browser=Firefox
Testing: csp_id=357, page_id=20100, browser=Firefox
Testing: csp_id=357, page_id=20200, browser=Firefox
Testing: csp_id=357, page_id=20300, browser=Firefox
Testing: csp_id=357, page_id=20400, browser=Firefox
Testing: csp_id=357, page_id=20500, browser=Firefox
Testing: csp_id=357, page_id=20600, browser=Firefox
Testing: csp_id=357, page_id=20700, browser=Firefox
Testing: csp_id=357, page_id=20800, browser=Firefox
Testing: csp_id=357, page_id=20900, browser=Firefox
Testing: csp_id=357, page_id=21000, browser=Firefox
Testing: csp_id=357, page_id=21100, browser=Firefox
Testing: csp_id=357, page_id=21200, browser=Firefox
Testing: csp_id=357, page_id=21300, browser=Firefox
Testing: csp_id=357, page_id=21400, browser=Firefox
Testing: csp_id=357, page_id=21500, browser=Firefox
Testing: csp_id=357, page_id=21600, browser=Firefox
Testing: csp_id=357, page_id=21700, browser=Firefox
Testing: csp_id=357, page_id=21800, browser=Firefox
Testing: csp_id=357, page_id=21900, browser=Firefox
Testing: csp_id=357, page_id=22000, browser=Firefox
Testing: csp_id=357, page_id=22100, browser=Firefox
Testing: csp_id=357, page_id=22200, browser=Firefox
Testing: csp_id=357, page_id=22300, browser=Firefox
Testing: csp_id=357, page_id=22400, browser=Firefox
Testing: csp_id=357, page_id=22500, browser=Firefox
Testing: csp_id=357, page_id=22600, browser=Firefox
Testing: csp_id=357, page_id=22700, browser=Firefox
Testing: csp_id=357, page_id=22800, browser=Firefox
Testing: csp_id=357, page_id=22900, browser=Firefox
Testing: csp_id=357, page_id=23000, browser=Firefox
Testing: csp_id=357, page_id=23100, browser=Firefox
Testing: csp_id=357, page_id=23200, browser=Firefox
Testing: csp_id=357, page_id=23300, browser=Firefox
Testing: csp_id=357, page_id=23400, browser=Firefox
Testing: csp_id=357, page_id=23500, browser=Firefox
Testing: csp_id=357, page_id=23600, browser=Firefox
Testing: csp_id=357, page_id=23700, browser=Firefox
Testing: csp_id=357, page_id=23800, browser=Firefox
Testing: csp_id=357, page_id=23900, browser=Firefox
Testing: csp_id=357, page_id=24000, browser=Firefox
Testing: csp_id=357, page_id=24100, browser=Firefox
Testing: csp_id=357, page_id=24200, browser=Firefox
Testing: csp_id=357, page_id=24300, browser=Firefox
Testing: csp_id=357, page_id=24400, browser=Firefox
Testing: csp_id=357, page_id=24500, browser=Firefox
Testing: csp_id=357, page_id=24600, browser=Firefox
Testing: csp_id=357, page_id=24700, browser=Firefox
Testing: csp_id=357, page_id=24800, browser=Firefox
Testing: csp_id=357, page_id=24900, browser=Firefox
Testing: csp_id=357, page_id=25000, browser=Firefox
Testing: csp_id=357, page_id=25100, browser=Firefox
Testing: csp_id=357, page_id=25200, browser=Firefox
Testing: csp_id=357, page_id=25300, browser=Firefox
Testing: csp_id=357, page_id=25400, browser=Firefox
Testing: csp_id=357, page_id=25500, browser=Firefox
Testing: csp_id=357, page_id=25600, browser=Firefox
Testing: csp_id=357, page_id=25700, browser=Firefox
Testing: csp_id=357, page_id=25800, browser=Firefox
Testing: csp_id=357, page_id=25900, browser=Firefox
Testing: csp_id=357, page_id=26000, browser=Firefox
Testing: csp_id=357, page_id=26100, browser=Firefox
Testing: csp_id=357, page_id=26200, browser=Firefox
Testing: csp_id=357, page_id=26300, browser=Firefox
Testing: csp_id=357, page_id=26400, browser=Firefox
Testing: csp_id=357, page_id=26500, browser=Firefox
Testing: csp_id=357, page_id=26600, browser=Firefox
Testing: csp_id=357, page_id=26700, browser=Firefox
Testing: csp_id=357, page_id=26800, browser=Firefox
Testing: csp_id=357, page_id=26900, browser=Firefox
Testing: csp_id=357, page_id=27000, browser=Firefox
Testing: csp_id=357, page_id=27100, browser=Firefox
Testing: csp_id=357, page_id=27200, browser=Firefox
Testing: csp_id=357, page_id=27300, browser=Firefox
Testing: csp_id=357, page_id=27400, browser=Firefox
Testing: csp_id=357, page_id=27500, browser=Firefox
Testing: csp_id=357, page_id=27600, browser=Firefox
Testing: csp_id=357, page_id=27700, browser=Firefox
Testing: csp_id=357, page_id=27800, browser=Firefox
Testing: csp_id=357, page_id=27900, browser=Firefox
Testing: csp_id=357, page_id=28000, browser=Firefox
Testing: csp_id=357, page_id=28100, browser=Firefox
Testing: csp_id=357, page_id=28200, browser=Firefox
Testing: csp_id=357, page_id=28300, browser=Firefox
Testing: csp_id=357, page_id=28400, browser=Firefox
Testing: csp_id=357, page_id=28500, browser=Firefox
Testing: csp_id=357, page_id=28600, browser=Firefox
Testing: csp_id=357, page_id=28700, browser=Firefox
Testing: csp_id=357, page_id=28800, browser=Firefox
Testing: csp_id=357, page_id=28900, browser=Firefox
Testing: csp_id=357, page_id=29000, browser=Firefox
Testing: csp_id=357, page_id=29100, browser=Firefox
Testing: csp_id=357, page_id=29200, browser=Firefox
Testing: csp_id=357, page_id=29300, browser=Firefox
Testing: csp_id=357, page_id=29400, browser=Firefox
Testing: csp_id=357, page_id=29500, browser=Firefox
Testing: csp_id=357, page_id=29600, browser=Firefox
Testing: csp_id=357, page_id=29700, browser=Firefox
Testing: csp_id=357, page_id=29800, browser=Firefox
🏊 create_context_pools[first] (5x16): 33.990s
Testing: csp_id=375, page_id=0, browser=Firefox
Testing: csp_id=375, page_id=100, browser=Firefox
Testing: csp_id=375, page_id=200, browser=Firefox
Testing: csp_id=375, page_id=300, browser=Firefox
Testing: csp_id=375, page_id=400, browser=Firefox
Testing: csp_id=375, page_id=500, browser=Firefox
Testing: csp_id=375, page_id=600, browser=Firefox
Testing: csp_id=375, page_id=700, browser=Firefox
Testing: csp_id=375, page_id=800, browser=Firefox
Testing: csp_id=375, page_id=900, browser=Firefox
Testing: csp_id=375, page_id=1000, browser=Firefox
Testing: csp_id=375, page_id=1100, browser=Firefox
Testing: csp_id=375, page_id=1200, browser=Firefox
Testing: csp_id=375, page_id=1300, browser=Firefox
Testing: csp_id=375, page_id=1400, browser=Firefox
Testing: csp_id=375, page_id=1500, browser=Firefox
Testing: csp_id=375, page_id=1600, browser=Firefox
Testing: csp_id=375, page_id=1700, browser=Firefox
Testing: csp_id=375, page_id=1800, browser=Firefox
Testing: csp_id=375, page_id=1900, browser=Firefox
Testing: csp_id=375, page_id=2000, browser=Firefox
Testing: csp_id=375, page_id=2100, browser=Firefox
Testing: csp_id=375, page_id=2200, browser=Firefox
Testing: csp_id=375, page_id=2300, browser=Firefox
Testing: csp_id=375, page_id=2400, browser=Firefox
Testing: csp_id=375, page_id=2500, browser=Firefox
Testing: csp_id=375, page_id=2600, browser=Firefox
Testing: csp_id=375, page_id=2700, browser=Firefox
Testing: csp_id=375, page_id=2800, browser=Firefox
Testing: csp_id=375, page_id=2900, browser=Firefox
Testing: csp_id=375, page_id=3000, browser=Firefox
Testing: csp_id=375, page_id=3100, browser=Firefox
Testing: csp_id=375, page_id=3200, browser=Firefox
Testing: csp_id=375, page_id=3300, browser=Firefox
Testing: csp_id=375, page_id=3400, browser=Firefox
Testing: csp_id=375, page_id=3500, browser=Firefox
Testing: csp_id=375, page_id=3600, browser=Firefox
Testing: csp_id=375, page_id=3700, browser=Firefox
Testing: csp_id=375, page_id=3800, browser=Firefox
Testing: csp_id=375, page_id=3900, browser=Firefox
Testing: csp_id=375, page_id=4000, browser=Firefox
Testing: csp_id=375, page_id=4100, browser=Firefox
Testing: csp_id=375, page_id=4200, browser=Firefox
Testing: csp_id=375, page_id=4300, browser=Firefox
Testing: csp_id=375, page_id=4400, browser=Firefox
Testing: csp_id=375, page_id=4500, browser=Firefox
Testing: csp_id=375, page_id=4600, browser=Firefox
Testing: csp_id=375, page_id=4700, browser=Firefox
Testing: csp_id=375, page_id=4800, browser=Firefox
Testing: csp_id=375, page_id=4900, browser=Firefox
Testing: csp_id=375, page_id=5000, browser=Firefox
Testing: csp_id=375, page_id=5100, browser=Firefox
Testing: csp_id=375, page_id=5200, browser=Firefox
Testing: csp_id=375, page_id=5300, browser=Firefox
Testing: csp_id=375, page_id=5400, browser=Firefox
Testing: csp_id=375, page_id=5500, browser=Firefox
Testing: csp_id=375, page_id=5600, browser=Firefox
Testing: csp_id=375, page_id=5700, browser=Firefox
Testing: csp_id=375, page_id=5800, browser=Firefox
Testing: csp_id=375, page_id=5900, browser=Firefox
Testing: csp_id=375, page_id=6000, browser=Firefox
Testing: csp_id=375, page_id=6100, browser=Firefox
Testing: csp_id=375, page_id=6200, browser=Firefox
Testing: csp_id=375, page_id=6300, browser=Firefox
Testing: csp_id=375, page_id=6400, browser=Firefox
Testing: csp_id=375, page_id=6500, browser=Firefox
Testing: csp_id=375, page_id=6600, browser=Firefox
Testing: csp_id=375, page_id=6700, browser=Firefox
Testing: csp_id=375, page_id=6800, browser=Firefox
Testing: csp_id=375, page_id=6900, browser=Firefox
Testing: csp_id=375, page_id=7000, browser=Firefox
Testing: csp_id=375, page_id=7100, browser=Firefox
Testing: csp_id=375, page_id=7200, browser=Firefox
Testing: csp_id=375, page_id=7300, browser=Firefox
Testing: csp_id=375, page_id=7400, browser=Firefox
Testing: csp_id=375, page_id=7500, browser=Firefox
Testing: csp_id=375, page_id=7600, browser=Firefox
Testing: csp_id=375, page_id=7700, browser=Firefox
Testing: csp_id=375, page_id=7800, browser=Firefox
Testing: csp_id=375, page_id=7900, browser=Firefox
Testing: csp_id=375, page_id=8000, browser=Firefox
Testing: csp_id=375, page_id=8100, browser=Firefox
Testing: csp_id=375, page_id=8200, browser=Firefox
Testing: csp_id=375, page_id=8300, browser=Firefox
Testing: csp_id=375, page_id=8400, browser=Firefox
Testing: csp_id=375, page_id=8500, browser=Firefox
Testing: csp_id=375, page_id=8600, browser=Firefox
Testing: csp_id=375, page_id=8700, browser=Firefox
Testing: csp_id=375, page_id=8800, browser=Firefox
Testing: csp_id=375, page_id=8900, browser=Firefox
Testing: csp_id=375, page_id=9000, browser=Firefox
Testing: csp_id=375, page_id=9100, browser=Firefox
Testing: csp_id=375, page_id=9200, browser=Firefox
Testing: csp_id=375, page_id=9300, browser=Firefox
Testing: csp_id=375, page_id=9400, browser=Firefox
Testing: csp_id=375, page_id=9500, browser=Firefox
Testing: csp_id=375, page_id=9600, browser=Firefox
Testing: csp_id=375, page_id=9700, browser=Firefox
Testing: csp_id=375, page_id=9800, browser=Firefox
Testing: csp_id=375, page_id=9900, browser=Firefox
Testing: csp_id=375, page_id=10000, browser=Firefox
Testing: csp_id=375, page_id=10100, browser=Firefox
Testing: csp_id=375, page_id=10200, browser=Firefox
Testing: csp_id=375, page_id=10300, browser=Firefox
Testing: csp_id=375, page_id=10400, browser=Firefox
Testing: csp_id=375, page_id=10500, browser=Firefox
Testing: csp_id=375, page_id=10600, browser=Firefox
Testing: csp_id=375, page_id=10700, browser=Firefox
Testing: csp_id=375, page_id=10800, browser=Firefox
Testing: csp_id=375, page_id=10900, browser=Firefox
Testing: csp_id=375, page_id=11000, browser=Firefox
Testing: csp_id=375, page_id=11100, browser=Firefox
Testing: csp_id=375, page_id=11200, browser=Firefox
Testing: csp_id=375, page_id=11300, browser=Firefox
Testing: csp_id=375, page_id=11400, browser=Firefox
Testing: csp_id=375, page_id=11500, browser=Firefox
Testing: csp_id=375, page_id=11600, browser=Firefox
Testing: csp_id=375, page_id=11700, browser=Firefox
Testing: csp_id=375, page_id=11800, browser=Firefox
Testing: csp_id=375, page_id=11900, browser=Firefox
Testing: csp_id=375, page_id=12000, browser=Firefox
Testing: csp_id=375, page_id=12100, browser=Firefox
Testing: csp_id=375, page_id=12200, browser=Firefox
Testing: csp_id=375, page_id=12300, browser=Firefox
Testing: csp_id=375, page_id=12400, browser=Firefox
Testing: csp_id=375, page_id=12500, browser=Firefox
Testing: csp_id=375, page_id=12600, browser=Firefox
Testing: csp_id=375, page_id=12700, browser=Firefox
Testing: csp_id=375, page_id=12800, browser=Firefox
Testing: csp_id=375, page_id=12900, browser=Firefox
Testing: csp_id=375, page_id=13000, browser=Firefox
Testing: csp_id=375, page_id=13100, browser=Firefox
Testing: csp_id=375, page_id=13200, browser=Firefox
Testing: csp_id=375, page_id=13300, browser=Firefox
Testing: csp_id=375, page_id=13400, browser=Firefox
Testing: csp_id=375, page_id=13500, browser=Firefox
Testing: csp_id=375, page_id=13600, browser=Firefox
Testing: csp_id=375, page_id=13700, browser=Firefox
Testing: csp_id=375, page_id=13800, browser=Firefox
Testing: csp_id=375, page_id=13900, browser=Firefox
Testing: csp_id=375, page_id=14000, browser=Firefox
Testing: csp_id=375, page_id=14100, browser=Firefox
Testing: csp_id=375, page_id=14200, browser=Firefox
Testing: csp_id=375, page_id=14300, browser=Firefox
Testing: csp_id=375, page_id=14400, browser=Firefox
Testing: csp_id=375, page_id=14500, browser=Firefox
Testing: csp_id=375, page_id=14600, browser=Firefox
Testing: csp_id=375, page_id=14700, browser=Firefox
Testing: csp_id=375, page_id=14800, browser=Firefox
Testing: csp_id=375, page_id=14900, browser=Firefox
Testing: csp_id=375, page_id=15000, browser=Firefox
Testing: csp_id=375, page_id=15100, browser=Firefox
Testing: csp_id=375, page_id=15200, browser=Firefox
Testing: csp_id=375, page_id=15300, browser=Firefox
Testing: csp_id=375, page_id=15400, browser=Firefox
Testing: csp_id=375, page_id=15500, browser=Firefox
Testing: csp_id=375, page_id=15600, browser=Firefox
Testing: csp_id=375, page_id=15700, browser=Firefox
Testing: csp_id=375, page_id=15800, browser=Firefox
Testing: csp_id=375, page_id=15900, browser=Firefox
Testing: csp_id=375, page_id=16000, browser=Firefox
Testing: csp_id=375, page_id=16100, browser=Firefox
Testing: csp_id=375, page_id=16200, browser=Firefox
Testing: csp_id=375, page_id=16300, browser=Firefox
Testing: csp_id=375, page_id=16400, browser=Firefox
Testing: csp_id=375, page_id=16500, browser=Firefox
Testing: csp_id=375, page_id=16600, browser=Firefox
Testing: csp_id=375, page_id=16700, browser=Firefox
Testing: csp_id=375, page_id=16800, browser=Firefox
Testing: csp_id=375, page_id=16900, browser=Firefox
Testing: csp_id=375, page_id=17000, browser=Firefox
Testing: csp_id=375, page_id=17100, browser=Firefox
Testing: csp_id=375, page_id=17200, browser=Firefox
Testing: csp_id=375, page_id=17300, browser=Firefox
Testing: csp_id=375, page_id=17400, browser=Firefox
Testing: csp_id=375, page_id=17500, browser=Firefox
Testing: csp_id=375, page_id=17600, browser=Firefox
Testing: csp_id=375, page_id=17700, browser=Firefox
Testing: csp_id=375, page_id=17800, browser=Firefox
Testing: csp_id=375, page_id=17900, browser=Firefox
Testing: csp_id=375, page_id=18000, browser=Firefox
Testing: csp_id=375, page_id=18100, browser=Firefox
Testing: csp_id=375, page_id=18200, browser=Firefox
Testing: csp_id=375, page_id=18300, browser=Firefox
Testing: csp_id=375, page_id=18400, browser=Firefox
Testing: csp_id=375, page_id=18500, browser=Firefox
Testing: csp_id=375, page_id=18600, browser=Firefox
Testing: csp_id=375, page_id=18700, browser=Firefox
Testing: csp_id=375, page_id=18800, browser=Firefox
Testing: csp_id=375, page_id=18900, browser=Firefox
Testing: csp_id=375, page_id=19000, browser=Firefox
Testing: csp_id=375, page_id=19100, browser=Firefox
Testing: csp_id=375, page_id=19200, browser=Firefox
Testing: csp_id=375, page_id=19300, browser=Firefox
Testing: csp_id=375, page_id=19400, browser=Firefox
Testing: csp_id=375, page_id=19500, browser=Firefox
Testing: csp_id=375, page_id=19600, browser=Firefox
Testing: csp_id=375, page_id=19700, browser=Firefox
Testing: csp_id=375, page_id=19800, browser=Firefox
Testing: csp_id=375, page_id=19900, browser=Firefox
Testing: csp_id=375, page_id=20000, browser=Firefox
Testing: csp_id=375, page_id=20100, browser=Firefox
Testing: csp_id=375, page_id=20200, browser=Firefox
Testing: csp_id=375, page_id=20300, browser=Firefox
Testing: csp_id=375, page_id=20400, browser=Firefox
Testing: csp_id=375, page_id=20500, browser=Firefox
Testing: csp_id=375, page_id=20600, browser=Firefox
Testing: csp_id=375, page_id=20700, browser=Firefox
Testing: csp_id=375, page_id=20800, browser=Firefox
Testing: csp_id=375, page_id=20900, browser=Firefox
Testing: csp_id=375, page_id=21000, browser=Firefox
Testing: csp_id=375, page_id=21100, browser=Firefox
Testing: csp_id=375, page_id=21200, browser=Firefox
Testing: csp_id=375, page_id=21300, browser=Firefox
Testing: csp_id=375, page_id=21400, browser=Firefox
Testing: csp_id=375, page_id=21500, browser=Firefox
Testing: csp_id=375, page_id=21600, browser=Firefox
Testing: csp_id=375, page_id=21700, browser=Firefox
Testing: csp_id=375, page_id=21800, browser=Firefox
Testing: csp_id=375, page_id=21900, browser=Firefox
Testing: csp_id=375, page_id=22000, browser=Firefox
Testing: csp_id=375, page_id=22100, browser=Firefox
Testing: csp_id=375, page_id=22200, browser=Firefox
Testing: csp_id=375, page_id=22300, browser=Firefox
Testing: csp_id=375, page_id=22400, browser=Firefox
Testing: csp_id=375, page_id=22500, browser=Firefox
Testing: csp_id=375, page_id=22600, browser=Firefox
Testing: csp_id=375, page_id=22700, browser=Firefox
Testing: csp_id=375, page_id=22800, browser=Firefox
Testing: csp_id=375, page_id=22900, browser=Firefox
Testing: csp_id=375, page_id=23000, browser=Firefox
Testing: csp_id=375, page_id=23100, browser=Firefox
Testing: csp_id=375, page_id=23200, browser=Firefox
Testing: csp_id=375, page_id=23300, browser=Firefox
Testing: csp_id=375, page_id=23400, browser=Firefox
Testing: csp_id=375, page_id=23500, browser=Firefox
Testing: csp_id=375, page_id=23600, browser=Firefox
Testing: csp_id=375, page_id=23700, browser=Firefox
Testing: csp_id=375, page_id=23800, browser=Firefox
Testing: csp_id=375, page_id=23900, browser=Firefox
Testing: csp_id=375, page_id=24000, browser=Firefox
Testing: csp_id=375, page_id=24100, browser=Firefox
Testing: csp_id=375, page_id=24200, browser=Firefox
Testing: csp_id=375, page_id=24300, browser=Firefox
Testing: csp_id=375, page_id=24400, browser=Firefox
Testing: csp_id=375, page_id=24500, browser=Firefox
Testing: csp_id=375, page_id=24600, browser=Firefox
Testing: csp_id=375, page_id=24700, browser=Firefox
Testing: csp_id=375, page_id=24800, browser=Firefox
Testing: csp_id=375, page_id=24900, browser=Firefox
Testing: csp_id=375, page_id=25000, browser=Firefox
Testing: csp_id=375, page_id=25100, browser=Firefox
Testing: csp_id=375, page_id=25200, browser=Firefox
Testing: csp_id=375, page_id=25300, browser=Firefox
Testing: csp_id=375, page_id=25400, browser=Firefox
Testing: csp_id=375, page_id=25500, browser=Firefox
Testing: csp_id=375, page_id=25600, browser=Firefox
Testing: csp_id=375, page_id=25700, browser=Firefox
Testing: csp_id=375, page_id=25800, browser=Firefox
Testing: csp_id=375, page_id=25900, browser=Firefox
Testing: csp_id=375, page_id=26000, browser=Firefox
Testing: csp_id=375, page_id=26100, browser=Firefox
Testing: csp_id=375, page_id=26200, browser=Firefox
Testing: csp_id=375, page_id=26300, browser=Firefox
Testing: csp_id=375, page_id=26400, browser=Firefox
Testing: csp_id=375, page_id=26500, browser=Firefox
Testing: csp_id=375, page_id=26600, browser=Firefox
Testing: csp_id=375, page_id=26700, browser=Firefox
Testing: csp_id=375, page_id=26800, browser=Firefox
Testing: csp_id=375, page_id=26900, browser=Firefox
Testing: csp_id=375, page_id=27000, browser=Firefox
Testing: csp_id=375, page_id=27100, browser=Firefox
Testing: csp_id=375, page_id=27200, browser=Firefox
Testing: csp_id=375, page_id=27300, browser=Firefox
Testing: csp_id=375, page_id=27400, browser=Firefox
Testing: csp_id=375, page_id=27500, browser=Firefox
Testing: csp_id=375, page_id=27600, browser=Firefox
Testing: csp_id=375, page_id=27700, browser=Firefox
Testing: csp_id=375, page_id=27800, browser=Firefox
Testing: csp_id=375, page_id=27900, browser=Firefox
Testing: csp_id=375, page_id=28000, browser=Firefox
Testing: csp_id=375, page_id=28100, browser=Firefox
Testing: csp_id=375, page_id=28200, browser=Firefox
Testing: csp_id=375, page_id=28300, browser=Firefox
Testing: csp_id=375, page_id=28400, browser=Firefox
Testing: csp_id=375, page_id=28500, browser=Firefox
Testing: csp_id=375, page_id=28600, browser=Firefox
Testing: csp_id=375, page_id=28700, browser=Firefox
Testing: csp_id=375, page_id=28800, browser=Firefox
Testing: csp_id=375, page_id=28900, browser=Firefox
Testing: csp_id=375, page_id=29000, browser=Firefox
Testing: csp_id=375, page_id=29100, browser=Firefox
Testing: csp_id=375, page_id=29200, browser=Firefox
Testing: csp_id=375, page_id=29300, browser=Firefox
Testing: csp_id=375, page_id=29400, browser=Firefox
Testing: csp_id=375, page_id=29500, browser=Firefox
Testing: csp_id=375, page_id=29600, browser=Firefox
Testing: csp_id=375, page_id=29700, browser=Firefox
Testing: csp_id=375, page_id=29800, browser=Firefox
🏊 create_context_pools[first] (5x16): 28.386s
Testing: csp_id=377, page_id=0, browser=Firefox
Testing: csp_id=377, page_id=100, browser=Firefox
Testing: csp_id=377, page_id=200, browser=Firefox
Testing: csp_id=377, page_id=300, browser=Firefox
Testing: csp_id=377, page_id=400, browser=Firefox
Testing: csp_id=377, page_id=500, browser=Firefox
Testing: csp_id=377, page_id=600, browser=Firefox
Testing: csp_id=377, page_id=700, browser=Firefox
Testing: csp_id=377, page_id=800, browser=Firefox
Testing: csp_id=377, page_id=900, browser=Firefox
Testing: csp_id=377, page_id=1000, browser=Firefox
Testing: csp_id=377, page_id=1100, browser=Firefox
Testing: csp_id=377, page_id=1200, browser=Firefox
Testing: csp_id=377, page_id=1300, browser=Firefox
Testing: csp_id=377, page_id=1400, browser=Firefox
Testing: csp_id=377, page_id=1500, browser=Firefox
Testing: csp_id=377, page_id=1600, browser=Firefox
Testing: csp_id=377, page_id=1700, browser=Firefox
Testing: csp_id=377, page_id=1800, browser=Firefox
Testing: csp_id=377, page_id=1900, browser=Firefox
Testing: csp_id=377, page_id=2000, browser=Firefox
Testing: csp_id=377, page_id=2100, browser=Firefox
Testing: csp_id=377, page_id=2200, browser=Firefox
Testing: csp_id=377, page_id=2300, browser=Firefox
Testing: csp_id=377, page_id=2400, browser=Firefox
Testing: csp_id=377, page_id=2500, browser=Firefox
Testing: csp_id=377, page_id=2600, browser=Firefox
Testing: csp_id=377, page_id=2700, browser=Firefox
Testing: csp_id=377, page_id=2800, browser=Firefox
Testing: csp_id=377, page_id=2900, browser=Firefox
Testing: csp_id=377, page_id=3000, browser=Firefox
Testing: csp_id=377, page_id=3100, browser=Firefox
Testing: csp_id=377, page_id=3200, browser=Firefox
Testing: csp_id=377, page_id=3300, browser=Firefox
Testing: csp_id=377, page_id=3400, browser=Firefox
Testing: csp_id=377, page_id=3500, browser=Firefox
Testing: csp_id=377, page_id=3600, browser=Firefox
Testing: csp_id=377, page_id=3700, browser=Firefox
Testing: csp_id=377, page_id=3800, browser=Firefox
Testing: csp_id=377, page_id=3900, browser=Firefox
Testing: csp_id=377, page_id=4000, browser=Firefox
Testing: csp_id=377, page_id=4100, browser=Firefox
Testing: csp_id=377, page_id=4200, browser=Firefox
Testing: csp_id=377, page_id=4300, browser=Firefox
Testing: csp_id=377, page_id=4400, browser=Firefox
Testing: csp_id=377, page_id=4500, browser=Firefox
Testing: csp_id=377, page_id=4600, browser=Firefox
Testing: csp_id=377, page_id=4700, browser=Firefox
Testing: csp_id=377, page_id=4800, browser=Firefox
Testing: csp_id=377, page_id=4900, browser=Firefox
Testing: csp_id=377, page_id=5000, browser=Firefox
Testing: csp_id=377, page_id=5100, browser=Firefox
Testing: csp_id=377, page_id=5200, browser=Firefox
Testing: csp_id=377, page_id=5300, browser=Firefox
Testing: csp_id=377, page_id=5400, browser=Firefox
Testing: csp_id=377, page_id=5500, browser=Firefox
Testing: csp_id=377, page_id=5600, browser=Firefox
Testing: csp_id=377, page_id=5700, browser=Firefox
Testing: csp_id=377, page_id=5800, browser=Firefox
Testing: csp_id=377, page_id=5900, browser=Firefox
Testing: csp_id=377, page_id=6000, browser=Firefox
Testing: csp_id=377, page_id=6100, browser=Firefox
Testing: csp_id=377, page_id=6200, browser=Firefox
Testing: csp_id=377, page_id=6300, browser=Firefox
Testing: csp_id=377, page_id=6400, browser=Firefox
Testing: csp_id=377, page_id=6500, browser=Firefox
Testing: csp_id=377, page_id=6600, browser=Firefox
Testing: csp_id=377, page_id=6700, browser=Firefox
Testing: csp_id=377, page_id=6800, browser=Firefox
Testing: csp_id=377, page_id=6900, browser=Firefox
Testing: csp_id=377, page_id=7000, browser=Firefox
Testing: csp_id=377, page_id=7100, browser=Firefox
Testing: csp_id=377, page_id=7200, browser=Firefox
Testing: csp_id=377, page_id=7300, browser=Firefox
Testing: csp_id=377, page_id=7400, browser=Firefox
Testing: csp_id=377, page_id=7500, browser=Firefox
Testing: csp_id=377, page_id=7600, browser=Firefox
Testing: csp_id=377, page_id=7700, browser=Firefox
Testing: csp_id=377, page_id=7800, browser=Firefox
Testing: csp_id=377, page_id=7900, browser=Firefox
Testing: csp_id=377, page_id=8000, browser=Firefox
Testing: csp_id=377, page_id=8100, browser=Firefox
Testing: csp_id=377, page_id=8200, browser=Firefox
Testing: csp_id=377, page_id=8300, browser=Firefox
Testing: csp_id=377, page_id=8400, browser=Firefox
Testing: csp_id=377, page_id=8500, browser=Firefox
Testing: csp_id=377, page_id=8600, browser=Firefox
Testing: csp_id=377, page_id=8700, browser=Firefox
Testing: csp_id=377, page_id=8800, browser=Firefox
Testing: csp_id=377, page_id=8900, browser=Firefox
Testing: csp_id=377, page_id=9000, browser=Firefox
Testing: csp_id=377, page_id=9100, browser=Firefox
Testing: csp_id=377, page_id=9200, browser=Firefox
Testing: csp_id=377, page_id=9300, browser=Firefox
Testing: csp_id=377, page_id=9400, browser=Firefox
Testing: csp_id=377, page_id=9500, browser=Firefox
Testing: csp_id=377, page_id=9600, browser=Firefox
Testing: csp_id=377, page_id=9700, browser=Firefox
Testing: csp_id=377, page_id=9800, browser=Firefox
Testing: csp_id=377, page_id=9900, browser=Firefox
Testing: csp_id=377, page_id=10000, browser=Firefox
Testing: csp_id=377, page_id=10100, browser=Firefox
Testing: csp_id=377, page_id=10200, browser=Firefox
Testing: csp_id=377, page_id=10300, browser=Firefox
Testing: csp_id=377, page_id=10400, browser=Firefox
Testing: csp_id=377, page_id=10500, browser=Firefox
Testing: csp_id=377, page_id=10600, browser=Firefox
Testing: csp_id=377, page_id=10700, browser=Firefox
Testing: csp_id=377, page_id=10800, browser=Firefox
Testing: csp_id=377, page_id=10900, browser=Firefox
Testing: csp_id=377, page_id=11000, browser=Firefox
Testing: csp_id=377, page_id=11100, browser=Firefox
Testing: csp_id=377, page_id=11200, browser=Firefox
Testing: csp_id=377, page_id=11300, browser=Firefox
Testing: csp_id=377, page_id=11400, browser=Firefox
Testing: csp_id=377, page_id=11500, browser=Firefox
Testing: csp_id=377, page_id=11600, browser=Firefox
Testing: csp_id=377, page_id=11700, browser=Firefox
Testing: csp_id=377, page_id=11800, browser=Firefox
Testing: csp_id=377, page_id=11900, browser=Firefox
Testing: csp_id=377, page_id=12000, browser=Firefox
Testing: csp_id=377, page_id=12100, browser=Firefox
Testing: csp_id=377, page_id=12200, browser=Firefox
Testing: csp_id=377, page_id=12300, browser=Firefox
Testing: csp_id=377, page_id=12400, browser=Firefox
Testing: csp_id=377, page_id=12500, browser=Firefox
Testing: csp_id=377, page_id=12600, browser=Firefox
Testing: csp_id=377, page_id=12700, browser=Firefox
Testing: csp_id=377, page_id=12800, browser=Firefox
Testing: csp_id=377, page_id=12900, browser=Firefox
Testing: csp_id=377, page_id=13000, browser=Firefox
Testing: csp_id=377, page_id=13100, browser=Firefox
Testing: csp_id=377, page_id=13200, browser=Firefox
Testing: csp_id=377, page_id=13300, browser=Firefox
Testing: csp_id=377, page_id=13400, browser=Firefox
Testing: csp_id=377, page_id=13500, browser=Firefox
Testing: csp_id=377, page_id=13600, browser=Firefox
Testing: csp_id=377, page_id=13700, browser=Firefox
Testing: csp_id=377, page_id=13800, browser=Firefox
Testing: csp_id=377, page_id=13900, browser=Firefox
Testing: csp_id=377, page_id=14000, browser=Firefox
Testing: csp_id=377, page_id=14100, browser=Firefox
Testing: csp_id=377, page_id=14200, browser=Firefox
Testing: csp_id=377, page_id=14300, browser=Firefox
Testing: csp_id=377, page_id=14400, browser=Firefox
Testing: csp_id=377, page_id=14500, browser=Firefox
Testing: csp_id=377, page_id=14600, browser=Firefox
Testing: csp_id=377, page_id=14700, browser=Firefox
Testing: csp_id=377, page_id=14800, browser=Firefox
Testing: csp_id=377, page_id=14900, browser=Firefox
Testing: csp_id=377, page_id=15000, browser=Firefox
Testing: csp_id=377, page_id=15100, browser=Firefox
Testing: csp_id=377, page_id=15200, browser=Firefox
Testing: csp_id=377, page_id=15300, browser=Firefox
Testing: csp_id=377, page_id=15400, browser=Firefox
Testing: csp_id=377, page_id=15500, browser=Firefox
Testing: csp_id=377, page_id=15600, browser=Firefox
Testing: csp_id=377, page_id=15700, browser=Firefox
Testing: csp_id=377, page_id=15800, browser=Firefox
Testing: csp_id=377, page_id=15900, browser=Firefox
Testing: csp_id=377, page_id=16000, browser=Firefox
Testing: csp_id=377, page_id=16100, browser=Firefox
Testing: csp_id=377, page_id=16200, browser=Firefox
Testing: csp_id=377, page_id=16300, browser=Firefox
Testing: csp_id=377, page_id=16400, browser=Firefox
Testing: csp_id=377, page_id=16500, browser=Firefox
Testing: csp_id=377, page_id=16600, browser=Firefox
Testing: csp_id=377, page_id=16700, browser=Firefox
Testing: csp_id=377, page_id=16800, browser=Firefox
Testing: csp_id=377, page_id=16900, browser=Firefox
Testing: csp_id=377, page_id=17000, browser=Firefox
Testing: csp_id=377, page_id=17100, browser=Firefox
Testing: csp_id=377, page_id=17200, browser=Firefox
Testing: csp_id=377, page_id=17300, browser=Firefox
Testing: csp_id=377, page_id=17400, browser=Firefox
Testing: csp_id=377, page_id=17500, browser=Firefox
Testing: csp_id=377, page_id=17600, browser=Firefox
Testing: csp_id=377, page_id=17700, browser=Firefox
Testing: csp_id=377, page_id=17800, browser=Firefox
Testing: csp_id=377, page_id=17900, browser=Firefox
Testing: csp_id=377, page_id=18000, browser=Firefox
Testing: csp_id=377, page_id=18100, browser=Firefox
Testing: csp_id=377, page_id=18200, browser=Firefox
Testing: csp_id=377, page_id=18300, browser=Firefox
Testing: csp_id=377, page_id=18400, browser=Firefox
Testing: csp_id=377, page_id=18500, browser=Firefox
Testing: csp_id=377, page_id=18600, browser=Firefox
Testing: csp_id=377, page_id=18700, browser=Firefox
Testing: csp_id=377, page_id=18800, browser=Firefox
Testing: csp_id=377, page_id=18900, browser=Firefox
Testing: csp_id=377, page_id=19000, browser=Firefox
Testing: csp_id=377, page_id=19100, browser=Firefox
Testing: csp_id=377, page_id=19200, browser=Firefox
Testing: csp_id=377, page_id=19300, browser=Firefox
Testing: csp_id=377, page_id=19400, browser=Firefox
Testing: csp_id=377, page_id=19500, browser=Firefox
Testing: csp_id=377, page_id=19600, browser=Firefox
Testing: csp_id=377, page_id=19700, browser=Firefox
Testing: csp_id=377, page_id=19800, browser=Firefox
Testing: csp_id=377, page_id=19900, browser=Firefox
Testing: csp_id=377, page_id=20000, browser=Firefox
Testing: csp_id=377, page_id=20100, browser=Firefox
Testing: csp_id=377, page_id=20200, browser=Firefox
Testing: csp_id=377, page_id=20300, browser=Firefox
Testing: csp_id=377, page_id=20400, browser=Firefox
Testing: csp_id=377, page_id=20500, browser=Firefox
Testing: csp_id=377, page_id=20600, browser=Firefox
Testing: csp_id=377, page_id=20700, browser=Firefox
Testing: csp_id=377, page_id=20800, browser=Firefox
Testing: csp_id=377, page_id=20900, browser=Firefox
Testing: csp_id=377, page_id=21000, browser=Firefox
Testing: csp_id=377, page_id=21100, browser=Firefox
Testing: csp_id=377, page_id=21200, browser=Firefox
Testing: csp_id=377, page_id=21300, browser=Firefox
Testing: csp_id=377, page_id=21400, browser=Firefox
Testing: csp_id=377, page_id=21500, browser=Firefox
Testing: csp_id=377, page_id=21600, browser=Firefox
Testing: csp_id=377, page_id=21700, browser=Firefox
Testing: csp_id=377, page_id=21800, browser=Firefox
Testing: csp_id=377, page_id=21900, browser=Firefox
Testing: csp_id=377, page_id=22000, browser=Firefox
Testing: csp_id=377, page_id=22100, browser=Firefox
Testing: csp_id=377, page_id=22200, browser=Firefox
Testing: csp_id=377, page_id=22300, browser=Firefox
Testing: csp_id=377, page_id=22400, browser=Firefox
Testing: csp_id=377, page_id=22500, browser=Firefox
Testing: csp_id=377, page_id=22600, browser=Firefox
Testing: csp_id=377, page_id=22700, browser=Firefox
Testing: csp_id=377, page_id=22800, browser=Firefox
Testing: csp_id=377, page_id=22900, browser=Firefox
Testing: csp_id=377, page_id=23000, browser=Firefox
Testing: csp_id=377, page_id=23100, browser=Firefox
Testing: csp_id=377, page_id=23200, browser=Firefox
Testing: csp_id=377, page_id=23300, browser=Firefox
Testing: csp_id=377, page_id=23400, browser=Firefox
Testing: csp_id=377, page_id=23500, browser=Firefox
Testing: csp_id=377, page_id=23600, browser=Firefox
Testing: csp_id=377, page_id=23700, browser=Firefox
Testing: csp_id=377, page_id=23800, browser=Firefox
Testing: csp_id=377, page_id=23900, browser=Firefox
Testing: csp_id=377, page_id=24000, browser=Firefox
Testing: csp_id=377, page_id=24100, browser=Firefox
Testing: csp_id=377, page_id=24200, browser=Firefox
Testing: csp_id=377, page_id=24300, browser=Firefox
Testing: csp_id=377, page_id=24400, browser=Firefox
Testing: csp_id=377, page_id=24500, browser=Firefox
Testing: csp_id=377, page_id=24600, browser=Firefox
Testing: csp_id=377, page_id=24700, browser=Firefox
Testing: csp_id=377, page_id=24800, browser=Firefox
Testing: csp_id=377, page_id=24900, browser=Firefox
Testing: csp_id=377, page_id=25000, browser=Firefox
Testing: csp_id=377, page_id=25100, browser=Firefox
Testing: csp_id=377, page_id=25200, browser=Firefox
Testing: csp_id=377, page_id=25300, browser=Firefox
Testing: csp_id=377, page_id=25400, browser=Firefox
Testing: csp_id=377, page_id=25500, browser=Firefox
Testing: csp_id=377, page_id=25600, browser=Firefox
Testing: csp_id=377, page_id=25700, browser=Firefox
Testing: csp_id=377, page_id=25800, browser=Firefox
Testing: csp_id=377, page_id=25900, browser=Firefox
Testing: csp_id=377, page_id=26000, browser=Firefox
Testing: csp_id=377, page_id=26100, browser=Firefox
Testing: csp_id=377, page_id=26200, browser=Firefox
Testing: csp_id=377, page_id=26300, browser=Firefox
Testing: csp_id=377, page_id=26400, browser=Firefox
Testing: csp_id=377, page_id=26500, browser=Firefox
Testing: csp_id=377, page_id=26600, browser=Firefox
Testing: csp_id=377, page_id=26700, browser=Firefox
Testing: csp_id=377, page_id=26800, browser=Firefox
Testing: csp_id=377, page_id=26900, browser=Firefox
Testing: csp_id=377, page_id=27000, browser=Firefox
Testing: csp_id=377, page_id=27100, browser=Firefox
Testing: csp_id=377, page_id=27200, browser=Firefox
Testing: csp_id=377, page_id=27300, browser=Firefox
Testing: csp_id=377, page_id=27400, browser=Firefox
Testing: csp_id=377, page_id=27500, browser=Firefox
Testing: csp_id=377, page_id=27600, browser=Firefox
Testing: csp_id=377, page_id=27700, browser=Firefox
Testing: csp_id=377, page_id=27800, browser=Firefox
Testing: csp_id=377, page_id=27900, browser=Firefox
Testing: csp_id=377, page_id=28000, browser=Firefox
Testing: csp_id=377, page_id=28100, browser=Firefox
Testing: csp_id=377, page_id=28200, browser=Firefox
Testing: csp_id=377, page_id=28300, browser=Firefox
Testing: csp_id=377, page_id=28400, browser=Firefox
Testing: csp_id=377, page_id=28500, browser=Firefox
Testing: csp_id=377, page_id=28600, browser=Firefox
Testing: csp_id=377, page_id=28700, browser=Firefox
Testing: csp_id=377, page_id=28800, browser=Firefox
Testing: csp_id=377, page_id=28900, browser=Firefox
Testing: csp_id=377, page_id=29000, browser=Firefox
Testing: csp_id=377, page_id=29100, browser=Firefox
Testing: csp_id=377, page_id=29200, browser=Firefox
Testing: csp_id=377, page_id=29300, browser=Firefox
Testing: csp_id=377, page_id=29400, browser=Firefox
Testing: csp_id=377, page_id=29500, browser=Firefox
Testing: csp_id=377, page_id=29600, browser=Firefox
Testing: csp_id=377, page_id=29700, browser=Firefox
Testing: csp_id=377, page_id=29800, browser=Firefox
🏊 create_context_pools[first] (5x16): 26.993s
Testing: csp_id=391, page_id=0, browser=Firefox
Testing: csp_id=391, page_id=100, browser=Firefox
Testing: csp_id=391, page_id=200, browser=Firefox
Testing: csp_id=391, page_id=300, browser=Firefox
Testing: csp_id=391, page_id=400, browser=Firefox
Testing: csp_id=391, page_id=500, browser=Firefox
Testing: csp_id=391, page_id=600, browser=Firefox
Testing: csp_id=391, page_id=700, browser=Firefox
Testing: csp_id=391, page_id=800, browser=Firefox
Testing: csp_id=391, page_id=900, browser=Firefox
Testing: csp_id=391, page_id=1000, browser=Firefox
Testing: csp_id=391, page_id=1100, browser=Firefox
Testing: csp_id=391, page_id=1200, browser=Firefox
Testing: csp_id=391, page_id=1300, browser=Firefox
Testing: csp_id=391, page_id=1400, browser=Firefox
Testing: csp_id=391, page_id=1500, browser=Firefox
Testing: csp_id=391, page_id=1600, browser=Firefox
Testing: csp_id=391, page_id=1700, browser=Firefox
Testing: csp_id=391, page_id=1800, browser=Firefox
Testing: csp_id=391, page_id=1900, browser=Firefox
Testing: csp_id=391, page_id=2000, browser=Firefox
Testing: csp_id=391, page_id=2100, browser=Firefox
Testing: csp_id=391, page_id=2200, browser=Firefox
Testing: csp_id=391, page_id=2300, browser=Firefox
Testing: csp_id=391, page_id=2400, browser=Firefox
Testing: csp_id=391, page_id=2500, browser=Firefox
Testing: csp_id=391, page_id=2600, browser=Firefox
Testing: csp_id=391, page_id=2700, browser=Firefox
Testing: csp_id=391, page_id=2800, browser=Firefox
Testing: csp_id=391, page_id=2900, browser=Firefox
Testing: csp_id=391, page_id=3000, browser=Firefox
Testing: csp_id=391, page_id=3100, browser=Firefox
Testing: csp_id=391, page_id=3200, browser=Firefox
Testing: csp_id=391, page_id=3300, browser=Firefox
Testing: csp_id=391, page_id=3400, browser=Firefox
Testing: csp_id=391, page_id=3500, browser=Firefox
Testing: csp_id=391, page_id=3600, browser=Firefox
Testing: csp_id=391, page_id=3700, browser=Firefox
Testing: csp_id=391, page_id=3800, browser=Firefox
Testing: csp_id=391, page_id=3900, browser=Firefox
Testing: csp_id=391, page_id=4000, browser=Firefox
Testing: csp_id=391, page_id=4100, browser=Firefox
Testing: csp_id=391, page_id=4200, browser=Firefox
Testing: csp_id=391, page_id=4300, browser=Firefox
Testing: csp_id=391, page_id=4400, browser=Firefox
Testing: csp_id=391, page_id=4500, browser=Firefox
Testing: csp_id=391, page_id=4600, browser=Firefox
Testing: csp_id=391, page_id=4700, browser=Firefox
Testing: csp_id=391, page_id=4800, browser=Firefox
Testing: csp_id=391, page_id=4900, browser=Firefox
Testing: csp_id=391, page_id=5000, browser=Firefox
Testing: csp_id=391, page_id=5100, browser=Firefox
Testing: csp_id=391, page_id=5200, browser=Firefox
Testing: csp_id=391, page_id=5300, browser=Firefox
Testing: csp_id=391, page_id=5400, browser=Firefox
Testing: csp_id=391, page_id=5500, browser=Firefox
Testing: csp_id=391, page_id=5600, browser=Firefox
Testing: csp_id=391, page_id=5700, browser=Firefox
Testing: csp_id=391, page_id=5800, browser=Firefox
Testing: csp_id=391, page_id=5900, browser=Firefox
Testing: csp_id=391, page_id=6000, browser=Firefox
Testing: csp_id=391, page_id=6100, browser=Firefox
Testing: csp_id=391, page_id=6200, browser=Firefox
Testing: csp_id=391, page_id=6300, browser=Firefox
Testing: csp_id=391, page_id=6400, browser=Firefox
Testing: csp_id=391, page_id=6500, browser=Firefox
Testing: csp_id=391, page_id=6600, browser=Firefox
Testing: csp_id=391, page_id=6700, browser=Firefox
Testing: csp_id=391, page_id=6800, browser=Firefox
Testing: csp_id=391, page_id=6900, browser=Firefox
Testing: csp_id=391, page_id=7000, browser=Firefox
Testing: csp_id=391, page_id=7100, browser=Firefox
Testing: csp_id=391, page_id=7200, browser=Firefox
Testing: csp_id=391, page_id=7300, browser=Firefox
Testing: csp_id=391, page_id=7400, browser=Firefox
Testing: csp_id=391, page_id=7500, browser=Firefox
Testing: csp_id=391, page_id=7600, browser=Firefox
Testing: csp_id=391, page_id=7700, browser=Firefox
Testing: csp_id=391, page_id=7800, browser=Firefox
Testing: csp_id=391, page_id=7900, browser=Firefox
Testing: csp_id=391, page_id=8000, browser=Firefox
Testing: csp_id=391, page_id=8100, browser=Firefox
Testing: csp_id=391, page_id=8200, browser=Firefox
Testing: csp_id=391, page_id=8300, browser=Firefox
Testing: csp_id=391, page_id=8400, browser=Firefox
Testing: csp_id=391, page_id=8500, browser=Firefox
Testing: csp_id=391, page_id=8600, browser=Firefox
Testing: csp_id=391, page_id=8700, browser=Firefox
Testing: csp_id=391, page_id=8800, browser=Firefox
Testing: csp_id=391, page_id=8900, browser=Firefox
Testing: csp_id=391, page_id=9000, browser=Firefox
Testing: csp_id=391, page_id=9100, browser=Firefox
Testing: csp_id=391, page_id=9200, browser=Firefox
Testing: csp_id=391, page_id=9300, browser=Firefox
Testing: csp_id=391, page_id=9400, browser=Firefox
Testing: csp_id=391, page_id=9500, browser=Firefox
Testing: csp_id=391, page_id=9600, browser=Firefox
Testing: csp_id=391, page_id=9700, browser=Firefox
Testing: csp_id=391, page_id=9800, browser=Firefox
Testing: csp_id=391, page_id=9900, browser=Firefox
Testing: csp_id=391, page_id=10000, browser=Firefox
Testing: csp_id=391, page_id=10100, browser=Firefox
Testing: csp_id=391, page_id=10200, browser=Firefox
Testing: csp_id=391, page_id=10300, browser=Firefox
Testing: csp_id=391, page_id=10400, browser=Firefox
Testing: csp_id=391, page_id=10500, browser=Firefox
Testing: csp_id=391, page_id=10600, browser=Firefox
Testing: csp_id=391, page_id=10700, browser=Firefox
Testing: csp_id=391, page_id=10800, browser=Firefox
Testing: csp_id=391, page_id=10900, browser=Firefox
Testing: csp_id=391, page_id=11000, browser=Firefox
Testing: csp_id=391, page_id=11100, browser=Firefox
Testing: csp_id=391, page_id=11200, browser=Firefox
Testing: csp_id=391, page_id=11300, browser=Firefox
Testing: csp_id=391, page_id=11400, browser=Firefox
Testing: csp_id=391, page_id=11500, browser=Firefox
Testing: csp_id=391, page_id=11600, browser=Firefox
Testing: csp_id=391, page_id=11700, browser=Firefox
Testing: csp_id=391, page_id=11800, browser=Firefox
Testing: csp_id=391, page_id=11900, browser=Firefox
Testing: csp_id=391, page_id=12000, browser=Firefox
Testing: csp_id=391, page_id=12100, browser=Firefox
Testing: csp_id=391, page_id=12200, browser=Firefox
Testing: csp_id=391, page_id=12300, browser=Firefox
Testing: csp_id=391, page_id=12400, browser=Firefox
Testing: csp_id=391, page_id=12500, browser=Firefox
Testing: csp_id=391, page_id=12600, browser=Firefox
Testing: csp_id=391, page_id=12700, browser=Firefox
Testing: csp_id=391, page_id=12800, browser=Firefox
Testing: csp_id=391, page_id=12900, browser=Firefox
Testing: csp_id=391, page_id=13000, browser=Firefox
Testing: csp_id=391, page_id=13100, browser=Firefox
Testing: csp_id=391, page_id=13200, browser=Firefox
Testing: csp_id=391, page_id=13300, browser=Firefox
Testing: csp_id=391, page_id=13400, browser=Firefox
Testing: csp_id=391, page_id=13500, browser=Firefox
Testing: csp_id=391, page_id=13600, browser=Firefox
Testing: csp_id=391, page_id=13700, browser=Firefox
Testing: csp_id=391, page_id=13800, browser=Firefox
Testing: csp_id=391, page_id=13900, browser=Firefox
Testing: csp_id=391, page_id=14000, browser=Firefox
Testing: csp_id=391, page_id=14100, browser=Firefox
Testing: csp_id=391, page_id=14200, browser=Firefox
Testing: csp_id=391, page_id=14300, browser=Firefox
Testing: csp_id=391, page_id=14400, browser=Firefox
Testing: csp_id=391, page_id=14500, browser=Firefox
Testing: csp_id=391, page_id=14600, browser=Firefox
Testing: csp_id=391, page_id=14700, browser=Firefox
Testing: csp_id=391, page_id=14800, browser=Firefox
Testing: csp_id=391, page_id=14900, browser=Firefox
Testing: csp_id=391, page_id=15000, browser=Firefox
Testing: csp_id=391, page_id=15100, browser=Firefox
Testing: csp_id=391, page_id=15200, browser=Firefox
Testing: csp_id=391, page_id=15300, browser=Firefox
Testing: csp_id=391, page_id=15400, browser=Firefox
Testing: csp_id=391, page_id=15500, browser=Firefox
Testing: csp_id=391, page_id=15600, browser=Firefox
Testing: csp_id=391, page_id=15700, browser=Firefox
Testing: csp_id=391, page_id=15800, browser=Firefox
Testing: csp_id=391, page_id=15900, browser=Firefox
Testing: csp_id=391, page_id=16000, browser=Firefox
Testing: csp_id=391, page_id=16100, browser=Firefox
Testing: csp_id=391, page_id=16200, browser=Firefox
Testing: csp_id=391, page_id=16300, browser=Firefox
Testing: csp_id=391, page_id=16400, browser=Firefox
Testing: csp_id=391, page_id=16500, browser=Firefox
Testing: csp_id=391, page_id=16600, browser=Firefox
Testing: csp_id=391, page_id=16700, browser=Firefox
Testing: csp_id=391, page_id=16800, browser=Firefox
Testing: csp_id=391, page_id=16900, browser=Firefox
Testing: csp_id=391, page_id=17000, browser=Firefox
Testing: csp_id=391, page_id=17100, browser=Firefox
Testing: csp_id=391, page_id=17200, browser=Firefox
Testing: csp_id=391, page_id=17300, browser=Firefox
Testing: csp_id=391, page_id=17400, browser=Firefox
Testing: csp_id=391, page_id=17500, browser=Firefox
Testing: csp_id=391, page_id=17600, browser=Firefox
Testing: csp_id=391, page_id=17700, browser=Firefox
Testing: csp_id=391, page_id=17800, browser=Firefox
Testing: csp_id=391, page_id=17900, browser=Firefox
Testing: csp_id=391, page_id=18000, browser=Firefox
Testing: csp_id=391, page_id=18100, browser=Firefox
Testing: csp_id=391, page_id=18200, browser=Firefox
Testing: csp_id=391, page_id=18300, browser=Firefox
Testing: csp_id=391, page_id=18400, browser=Firefox
Testing: csp_id=391, page_id=18500, browser=Firefox
Testing: csp_id=391, page_id=18600, browser=Firefox
Testing: csp_id=391, page_id=18700, browser=Firefox
Testing: csp_id=391, page_id=18800, browser=Firefox
Testing: csp_id=391, page_id=18900, browser=Firefox
Testing: csp_id=391, page_id=19000, browser=Firefox
Testing: csp_id=391, page_id=19100, browser=Firefox
Testing: csp_id=391, page_id=19200, browser=Firefox
Testing: csp_id=391, page_id=19300, browser=Firefox
Testing: csp_id=391, page_id=19400, browser=Firefox
Testing: csp_id=391, page_id=19500, browser=Firefox
Testing: csp_id=391, page_id=19600, browser=Firefox
Testing: csp_id=391, page_id=19700, browser=Firefox
Testing: csp_id=391, page_id=19800, browser=Firefox
Testing: csp_id=391, page_id=19900, browser=Firefox
Testing: csp_id=391, page_id=20000, browser=Firefox
Testing: csp_id=391, page_id=20100, browser=Firefox
Testing: csp_id=391, page_id=20200, browser=Firefox
Testing: csp_id=391, page_id=20300, browser=Firefox
Testing: csp_id=391, page_id=20400, browser=Firefox
Testing: csp_id=391, page_id=20500, browser=Firefox
Testing: csp_id=391, page_id=20600, browser=Firefox
Testing: csp_id=391, page_id=20700, browser=Firefox
Testing: csp_id=391, page_id=20800, browser=Firefox
Testing: csp_id=391, page_id=20900, browser=Firefox
Testing: csp_id=391, page_id=21000, browser=Firefox
Testing: csp_id=391, page_id=21100, browser=Firefox
Testing: csp_id=391, page_id=21200, browser=Firefox
Testing: csp_id=391, page_id=21300, browser=Firefox
Testing: csp_id=391, page_id=21400, browser=Firefox
Testing: csp_id=391, page_id=21500, browser=Firefox
Testing: csp_id=391, page_id=21600, browser=Firefox
Testing: csp_id=391, page_id=21700, browser=Firefox
Testing: csp_id=391, page_id=21800, browser=Firefox
Testing: csp_id=391, page_id=21900, browser=Firefox
Testing: csp_id=391, page_id=22000, browser=Firefox
Testing: csp_id=391, page_id=22100, browser=Firefox
Testing: csp_id=391, page_id=22200, browser=Firefox
Testing: csp_id=391, page_id=22300, browser=Firefox
Testing: csp_id=391, page_id=22400, browser=Firefox
Testing: csp_id=391, page_id=22500, browser=Firefox
Testing: csp_id=391, page_id=22600, browser=Firefox
Testing: csp_id=391, page_id=22700, browser=Firefox
Testing: csp_id=391, page_id=22800, browser=Firefox
Testing: csp_id=391, page_id=22900, browser=Firefox
Testing: csp_id=391, page_id=23000, browser=Firefox
Testing: csp_id=391, page_id=23100, browser=Firefox
Testing: csp_id=391, page_id=23200, browser=Firefox
Testing: csp_id=391, page_id=23300, browser=Firefox
Testing: csp_id=391, page_id=23400, browser=Firefox
Testing: csp_id=391, page_id=23500, browser=Firefox
Testing: csp_id=391, page_id=23600, browser=Firefox
Testing: csp_id=391, page_id=23700, browser=Firefox
Testing: csp_id=391, page_id=23800, browser=Firefox
Testing: csp_id=391, page_id=23900, browser=Firefox
Testing: csp_id=391, page_id=24000, browser=Firefox
Testing: csp_id=391, page_id=24100, browser=Firefox
Testing: csp_id=391, page_id=24200, browser=Firefox
Testing: csp_id=391, page_id=24300, browser=Firefox
Testing: csp_id=391, page_id=24400, browser=Firefox
Testing: csp_id=391, page_id=24500, browser=Firefox
Testing: csp_id=391, page_id=24600, browser=Firefox
Testing: csp_id=391, page_id=24700, browser=Firefox
Testing: csp_id=391, page_id=24800, browser=Firefox
Testing: csp_id=391, page_id=24900, browser=Firefox
Testing: csp_id=391, page_id=25000, browser=Firefox
Testing: csp_id=391, page_id=25100, browser=Firefox
Testing: csp_id=391, page_id=25200, browser=Firefox
Testing: csp_id=391, page_id=25300, browser=Firefox
Testing: csp_id=391, page_id=25400, browser=Firefox
Testing: csp_id=391, page_id=25500, browser=Firefox
Testing: csp_id=391, page_id=25600, browser=Firefox
Testing: csp_id=391, page_id=25700, browser=Firefox
Testing: csp_id=391, page_id=25800, browser=Firefox
Testing: csp_id=391, page_id=25900, browser=Firefox
Testing: csp_id=391, page_id=26000, browser=Firefox
Testing: csp_id=391, page_id=26100, browser=Firefox
Testing: csp_id=391, page_id=26200, browser=Firefox
Testing: csp_id=391, page_id=26300, browser=Firefox
Testing: csp_id=391, page_id=26400, browser=Firefox
Testing: csp_id=391, page_id=26500, browser=Firefox
Testing: csp_id=391, page_id=26600, browser=Firefox
Testing: csp_id=391, page_id=26700, browser=Firefox
Testing: csp_id=391, page_id=26800, browser=Firefox
Testing: csp_id=391, page_id=26900, browser=Firefox
Testing: csp_id=391, page_id=27000, browser=Firefox
Testing: csp_id=391, page_id=27100, browser=Firefox
Testing: csp_id=391, page_id=27200, browser=Firefox
Testing: csp_id=391, page_id=27300, browser=Firefox
Testing: csp_id=391, page_id=27400, browser=Firefox
Testing: csp_id=391, page_id=27500, browser=Firefox
Testing: csp_id=391, page_id=27600, browser=Firefox
Testing: csp_id=391, page_id=27700, browser=Firefox
Testing: csp_id=391, page_id=27800, browser=Firefox
Testing: csp_id=391, page_id=27900, browser=Firefox
Testing: csp_id=391, page_id=28000, browser=Firefox
Testing: csp_id=391, page_id=28100, browser=Firefox
Testing: csp_id=391, page_id=28200, browser=Firefox
Testing: csp_id=391, page_id=28300, browser=Firefox
Testing: csp_id=391, page_id=28400, browser=Firefox
Testing: csp_id=391, page_id=28500, browser=Firefox
Testing: csp_id=391, page_id=28600, browser=Firefox
Testing: csp_id=391, page_id=28700, browser=Firefox
Testing: csp_id=391, page_id=28800, browser=Firefox
Testing: csp_id=391, page_id=28900, browser=Firefox
Testing: csp_id=391, page_id=29000, browser=Firefox
Testing: csp_id=391, page_id=29100, browser=Firefox
Testing: csp_id=391, page_id=29200, browser=Firefox
Testing: csp_id=391, page_id=29300, browser=Firefox
Testing: csp_id=391, page_id=29400, browser=Firefox
Testing: csp_id=391, page_id=29500, browser=Firefox
Testing: csp_id=391, page_id=29600, browser=Firefox
Testing: csp_id=391, page_id=29700, browser=Firefox
Testing: csp_id=391, page_id=29800, browser=Firefox
🏊 create_context_pools[first] (5x16): 27.361s
Testing: csp_id=403, page_id=0, browser=Firefox
Testing: csp_id=403, page_id=100, browser=Firefox
Testing: csp_id=403, page_id=200, browser=Firefox
Testing: csp_id=403, page_id=300, browser=Firefox
Testing: csp_id=403, page_id=400, browser=Firefox
Testing: csp_id=403, page_id=500, browser=Firefox
Testing: csp_id=403, page_id=600, browser=Firefox
Testing: csp_id=403, page_id=700, browser=Firefox
Testing: csp_id=403, page_id=800, browser=Firefox
Testing: csp_id=403, page_id=900, browser=Firefox
Testing: csp_id=403, page_id=1000, browser=Firefox
Testing: csp_id=403, page_id=1100, browser=Firefox
Testing: csp_id=403, page_id=1200, browser=Firefox
Testing: csp_id=403, page_id=1300, browser=Firefox
Testing: csp_id=403, page_id=1400, browser=Firefox
Testing: csp_id=403, page_id=1500, browser=Firefox
Testing: csp_id=403, page_id=1600, browser=Firefox
Testing: csp_id=403, page_id=1700, browser=Firefox
Testing: csp_id=403, page_id=1800, browser=Firefox
Testing: csp_id=403, page_id=1900, browser=Firefox
Testing: csp_id=403, page_id=2000, browser=Firefox
Testing: csp_id=403, page_id=2100, browser=Firefox
Testing: csp_id=403, page_id=2200, browser=Firefox
Testing: csp_id=403, page_id=2300, browser=Firefox
Testing: csp_id=403, page_id=2400, browser=Firefox
Testing: csp_id=403, page_id=2500, browser=Firefox
Testing: csp_id=403, page_id=2600, browser=Firefox
Testing: csp_id=403, page_id=2700, browser=Firefox
Testing: csp_id=403, page_id=2800, browser=Firefox
Testing: csp_id=403, page_id=2900, browser=Firefox
Testing: csp_id=403, page_id=3000, browser=Firefox
Testing: csp_id=403, page_id=3100, browser=Firefox
Testing: csp_id=403, page_id=3200, browser=Firefox
Testing: csp_id=403, page_id=3300, browser=Firefox
Testing: csp_id=403, page_id=3400, browser=Firefox
Testing: csp_id=403, page_id=3500, browser=Firefox
Testing: csp_id=403, page_id=3600, browser=Firefox
Testing: csp_id=403, page_id=3700, browser=Firefox
Testing: csp_id=403, page_id=3800, browser=Firefox
Testing: csp_id=403, page_id=3900, browser=Firefox
Testing: csp_id=403, page_id=4000, browser=Firefox
Testing: csp_id=403, page_id=4100, browser=Firefox
Testing: csp_id=403, page_id=4200, browser=Firefox
Testing: csp_id=403, page_id=4300, browser=Firefox
Testing: csp_id=403, page_id=4400, browser=Firefox
Testing: csp_id=403, page_id=4500, browser=Firefox
Testing: csp_id=403, page_id=4600, browser=Firefox
Testing: csp_id=403, page_id=4700, browser=Firefox
Testing: csp_id=403, page_id=4800, browser=Firefox
Testing: csp_id=403, page_id=4900, browser=Firefox
Testing: csp_id=403, page_id=5000, browser=Firefox
Testing: csp_id=403, page_id=5100, browser=Firefox
Testing: csp_id=403, page_id=5200, browser=Firefox
Testing: csp_id=403, page_id=5300, browser=Firefox
Testing: csp_id=403, page_id=5400, browser=Firefox
Testing: csp_id=403, page_id=5500, browser=Firefox
Testing: csp_id=403, page_id=5600, browser=Firefox
Testing: csp_id=403, page_id=5700, browser=Firefox
Testing: csp_id=403, page_id=5800, browser=Firefox
Testing: csp_id=403, page_id=5900, browser=Firefox
Testing: csp_id=403, page_id=6000, browser=Firefox
Testing: csp_id=403, page_id=6100, browser=Firefox
Testing: csp_id=403, page_id=6200, browser=Firefox
Testing: csp_id=403, page_id=6300, browser=Firefox
Testing: csp_id=403, page_id=6400, browser=Firefox
Testing: csp_id=403, page_id=6500, browser=Firefox
Testing: csp_id=403, page_id=6600, browser=Firefox
Testing: csp_id=403, page_id=6700, browser=Firefox
Testing: csp_id=403, page_id=6800, browser=Firefox
Testing: csp_id=403, page_id=6900, browser=Firefox
Testing: csp_id=403, page_id=7000, browser=Firefox
Testing: csp_id=403, page_id=7100, browser=Firefox
Testing: csp_id=403, page_id=7200, browser=Firefox
Testing: csp_id=403, page_id=7300, browser=Firefox
Testing: csp_id=403, page_id=7400, browser=Firefox
Testing: csp_id=403, page_id=7500, browser=Firefox
Testing: csp_id=403, page_id=7600, browser=Firefox
Testing: csp_id=403, page_id=7700, browser=Firefox
Testing: csp_id=403, page_id=7800, browser=Firefox
Testing: csp_id=403, page_id=7900, browser=Firefox
Testing: csp_id=403, page_id=8000, browser=Firefox
Testing: csp_id=403, page_id=8100, browser=Firefox
Testing: csp_id=403, page_id=8200, browser=Firefox
Testing: csp_id=403, page_id=8300, browser=Firefox
Testing: csp_id=403, page_id=8400, browser=Firefox
Testing: csp_id=403, page_id=8500, browser=Firefox
Testing: csp_id=403, page_id=8600, browser=Firefox
Testing: csp_id=403, page_id=8700, browser=Firefox
Testing: csp_id=403, page_id=8800, browser=Firefox
Testing: csp_id=403, page_id=8900, browser=Firefox
Testing: csp_id=403, page_id=9000, browser=Firefox
Testing: csp_id=403, page_id=9100, browser=Firefox
Testing: csp_id=403, page_id=9200, browser=Firefox
Testing: csp_id=403, page_id=9300, browser=Firefox
Testing: csp_id=403, page_id=9400, browser=Firefox
Testing: csp_id=403, page_id=9500, browser=Firefox
Testing: csp_id=403, page_id=9600, browser=Firefox
Testing: csp_id=403, page_id=9700, browser=Firefox
Testing: csp_id=403, page_id=9800, browser=Firefox
Testing: csp_id=403, page_id=9900, browser=Firefox
Testing: csp_id=403, page_id=10000, browser=Firefox
Testing: csp_id=403, page_id=10100, browser=Firefox
Testing: csp_id=403, page_id=10200, browser=Firefox
Testing: csp_id=403, page_id=10300, browser=Firefox
Testing: csp_id=403, page_id=10400, browser=Firefox
Testing: csp_id=403, page_id=10500, browser=Firefox
Testing: csp_id=403, page_id=10600, browser=Firefox
Testing: csp_id=403, page_id=10700, browser=Firefox
Testing: csp_id=403, page_id=10800, browser=Firefox
Testing: csp_id=403, page_id=10900, browser=Firefox
Testing: csp_id=403, page_id=11000, browser=Firefox
Testing: csp_id=403, page_id=11100, browser=Firefox
Testing: csp_id=403, page_id=11200, browser=Firefox
Testing: csp_id=403, page_id=11300, browser=Firefox
Testing: csp_id=403, page_id=11400, browser=Firefox
Testing: csp_id=403, page_id=11500, browser=Firefox
Testing: csp_id=403, page_id=11600, browser=Firefox
Testing: csp_id=403, page_id=11700, browser=Firefox
Testing: csp_id=403, page_id=11800, browser=Firefox
Testing: csp_id=403, page_id=11900, browser=Firefox
Testing: csp_id=403, page_id=12000, browser=Firefox
Testing: csp_id=403, page_id=12100, browser=Firefox
Testing: csp_id=403, page_id=12200, browser=Firefox
Testing: csp_id=403, page_id=12300, browser=Firefox
Testing: csp_id=403, page_id=12400, browser=Firefox
Testing: csp_id=403, page_id=12500, browser=Firefox
Testing: csp_id=403, page_id=12600, browser=Firefox
Testing: csp_id=403, page_id=12700, browser=Firefox
Testing: csp_id=403, page_id=12800, browser=Firefox
Testing: csp_id=403, page_id=12900, browser=Firefox
Testing: csp_id=403, page_id=13000, browser=Firefox
Testing: csp_id=403, page_id=13100, browser=Firefox
Testing: csp_id=403, page_id=13200, browser=Firefox
Testing: csp_id=403, page_id=13300, browser=Firefox
Testing: csp_id=403, page_id=13400, browser=Firefox
Testing: csp_id=403, page_id=13500, browser=Firefox
Testing: csp_id=403, page_id=13600, browser=Firefox
Testing: csp_id=403, page_id=13700, browser=Firefox
Testing: csp_id=403, page_id=13800, browser=Firefox
Testing: csp_id=403, page_id=13900, browser=Firefox
Testing: csp_id=403, page_id=14000, browser=Firefox
Testing: csp_id=403, page_id=14100, browser=Firefox
Testing: csp_id=403, page_id=14200, browser=Firefox
Testing: csp_id=403, page_id=14300, browser=Firefox
Testing: csp_id=403, page_id=14400, browser=Firefox
Testing: csp_id=403, page_id=14500, browser=Firefox
Testing: csp_id=403, page_id=14600, browser=Firefox
Testing: csp_id=403, page_id=14700, browser=Firefox
Testing: csp_id=403, page_id=14800, browser=Firefox
Testing: csp_id=403, page_id=14900, browser=Firefox
Testing: csp_id=403, page_id=15000, browser=Firefox
Testing: csp_id=403, page_id=15100, browser=Firefox
Testing: csp_id=403, page_id=15200, browser=Firefox
Testing: csp_id=403, page_id=15300, browser=Firefox
Testing: csp_id=403, page_id=15400, browser=Firefox
Testing: csp_id=403, page_id=15500, browser=Firefox
Testing: csp_id=403, page_id=15600, browser=Firefox
Testing: csp_id=403, page_id=15700, browser=Firefox
Testing: csp_id=403, page_id=15800, browser=Firefox
Testing: csp_id=403, page_id=15900, browser=Firefox
Testing: csp_id=403, page_id=16000, browser=Firefox
Testing: csp_id=403, page_id=16100, browser=Firefox
Testing: csp_id=403, page_id=16200, browser=Firefox
Testing: csp_id=403, page_id=16300, browser=Firefox
Testing: csp_id=403, page_id=16400, browser=Firefox
Testing: csp_id=403, page_id=16500, browser=Firefox
Testing: csp_id=403, page_id=16600, browser=Firefox
Testing: csp_id=403, page_id=16700, browser=Firefox
Testing: csp_id=403, page_id=16800, browser=Firefox
Testing: csp_id=403, page_id=16900, browser=Firefox
Testing: csp_id=403, page_id=17000, browser=Firefox
Testing: csp_id=403, page_id=17100, browser=Firefox
Testing: csp_id=403, page_id=17200, browser=Firefox
Testing: csp_id=403, page_id=17300, browser=Firefox
Testing: csp_id=403, page_id=17400, browser=Firefox
Testing: csp_id=403, page_id=17500, browser=Firefox
Testing: csp_id=403, page_id=17600, browser=Firefox
Testing: csp_id=403, page_id=17700, browser=Firefox
Testing: csp_id=403, page_id=17800, browser=Firefox
Testing: csp_id=403, page_id=17900, browser=Firefox
Testing: csp_id=403, page_id=18000, browser=Firefox
Testing: csp_id=403, page_id=18100, browser=Firefox
Testing: csp_id=403, page_id=18200, browser=Firefox
Testing: csp_id=403, page_id=18300, browser=Firefox
Testing: csp_id=403, page_id=18400, browser=Firefox
Testing: csp_id=403, page_id=18500, browser=Firefox
Testing: csp_id=403, page_id=18600, browser=Firefox
Testing: csp_id=403, page_id=18700, browser=Firefox
Testing: csp_id=403, page_id=18800, browser=Firefox
Testing: csp_id=403, page_id=18900, browser=Firefox
Testing: csp_id=403, page_id=19000, browser=Firefox
Testing: csp_id=403, page_id=19100, browser=Firefox
Testing: csp_id=403, page_id=19200, browser=Firefox
Testing: csp_id=403, page_id=19300, browser=Firefox
Testing: csp_id=403, page_id=19400, browser=Firefox
Testing: csp_id=403, page_id=19500, browser=Firefox
Testing: csp_id=403, page_id=19600, browser=Firefox
Testing: csp_id=403, page_id=19700, browser=Firefox
Testing: csp_id=403, page_id=19800, browser=Firefox
Testing: csp_id=403, page_id=19900, browser=Firefox
Testing: csp_id=403, page_id=20000, browser=Firefox
Testing: csp_id=403, page_id=20100, browser=Firefox
Testing: csp_id=403, page_id=20200, browser=Firefox
Testing: csp_id=403, page_id=20300, browser=Firefox
Testing: csp_id=403, page_id=20400, browser=Firefox
Testing: csp_id=403, page_id=20500, browser=Firefox
Testing: csp_id=403, page_id=20600, browser=Firefox
Testing: csp_id=403, page_id=20700, browser=Firefox
Testing: csp_id=403, page_id=20800, browser=Firefox
Testing: csp_id=403, page_id=20900, browser=Firefox
Testing: csp_id=403, page_id=21000, browser=Firefox
Testing: csp_id=403, page_id=21100, browser=Firefox
Testing: csp_id=403, page_id=21200, browser=Firefox
Testing: csp_id=403, page_id=21300, browser=Firefox
Testing: csp_id=403, page_id=21400, browser=Firefox
Testing: csp_id=403, page_id=21500, browser=Firefox
Testing: csp_id=403, page_id=21600, browser=Firefox
Testing: csp_id=403, page_id=21700, browser=Firefox
Testing: csp_id=403, page_id=21800, browser=Firefox
Testing: csp_id=403, page_id=21900, browser=Firefox
Testing: csp_id=403, page_id=22000, browser=Firefox
Testing: csp_id=403, page_id=22100, browser=Firefox
Testing: csp_id=403, page_id=22200, browser=Firefox
Testing: csp_id=403, page_id=22300, browser=Firefox
Testing: csp_id=403, page_id=22400, browser=Firefox
Testing: csp_id=403, page_id=22500, browser=Firefox
Testing: csp_id=403, page_id=22600, browser=Firefox
Testing: csp_id=403, page_id=22700, browser=Firefox
Testing: csp_id=403, page_id=22800, browser=Firefox
Testing: csp_id=403, page_id=22900, browser=Firefox
Testing: csp_id=403, page_id=23000, browser=Firefox
Testing: csp_id=403, page_id=23100, browser=Firefox
Testing: csp_id=403, page_id=23200, browser=Firefox
Testing: csp_id=403, page_id=23300, browser=Firefox
Testing: csp_id=403, page_id=23400, browser=Firefox
Testing: csp_id=403, page_id=23500, browser=Firefox
Testing: csp_id=403, page_id=23600, browser=Firefox
Testing: csp_id=403, page_id=23700, browser=Firefox
Testing: csp_id=403, page_id=23800, browser=Firefox
Testing: csp_id=403, page_id=23900, browser=Firefox
Testing: csp_id=403, page_id=24000, browser=Firefox
Testing: csp_id=403, page_id=24100, browser=Firefox
Testing: csp_id=403, page_id=24200, browser=Firefox
Testing: csp_id=403, page_id=24300, browser=Firefox
Testing: csp_id=403, page_id=24400, browser=Firefox
Testing: csp_id=403, page_id=24500, browser=Firefox
Testing: csp_id=403, page_id=24600, browser=Firefox
Testing: csp_id=403, page_id=24700, browser=Firefox
Testing: csp_id=403, page_id=24800, browser=Firefox
Testing: csp_id=403, page_id=24900, browser=Firefox
Testing: csp_id=403, page_id=25000, browser=Firefox
Testing: csp_id=403, page_id=25100, browser=Firefox
Testing: csp_id=403, page_id=25200, browser=Firefox
Testing: csp_id=403, page_id=25300, browser=Firefox
Testing: csp_id=403, page_id=25400, browser=Firefox
Testing: csp_id=403, page_id=25500, browser=Firefox
Testing: csp_id=403, page_id=25600, browser=Firefox
Testing: csp_id=403, page_id=25700, browser=Firefox
Testing: csp_id=403, page_id=25800, browser=Firefox
Testing: csp_id=403, page_id=25900, browser=Firefox
Testing: csp_id=403, page_id=26000, browser=Firefox
Testing: csp_id=403, page_id=26100, browser=Firefox
Testing: csp_id=403, page_id=26200, browser=Firefox
Testing: csp_id=403, page_id=26300, browser=Firefox
Testing: csp_id=403, page_id=26400, browser=Firefox
Testing: csp_id=403, page_id=26500, browser=Firefox
Testing: csp_id=403, page_id=26600, browser=Firefox
Testing: csp_id=403, page_id=26700, browser=Firefox
Testing: csp_id=403, page_id=26800, browser=Firefox
Testing: csp_id=403, page_id=26900, browser=Firefox
Testing: csp_id=403, page_id=27000, browser=Firefox
Testing: csp_id=403, page_id=27100, browser=Firefox
Testing: csp_id=403, page_id=27200, browser=Firefox
Testing: csp_id=403, page_id=27300, browser=Firefox
Testing: csp_id=403, page_id=27400, browser=Firefox
Testing: csp_id=403, page_id=27500, browser=Firefox
Testing: csp_id=403, page_id=27600, browser=Firefox
Testing: csp_id=403, page_id=27700, browser=Firefox
Testing: csp_id=403, page_id=27800, browser=Firefox
Testing: csp_id=403, page_id=27900, browser=Firefox
Testing: csp_id=403, page_id=28000, browser=Firefox
Testing: csp_id=403, page_id=28100, browser=Firefox
Testing: csp_id=403, page_id=28200, browser=Firefox
Testing: csp_id=403, page_id=28300, browser=Firefox
Testing: csp_id=403, page_id=28400, browser=Firefox
Testing: csp_id=403, page_id=28500, browser=Firefox
Testing: csp_id=403, page_id=28600, browser=Firefox
Testing: csp_id=403, page_id=28700, browser=Firefox
Testing: csp_id=403, page_id=28800, browser=Firefox
Testing: csp_id=403, page_id=28900, browser=Firefox
Testing: csp_id=403, page_id=29000, browser=Firefox
Testing: csp_id=403, page_id=29100, browser=Firefox
Testing: csp_id=403, page_id=29200, browser=Firefox
Testing: csp_id=403, page_id=29300, browser=Firefox
Testing: csp_id=403, page_id=29400, browser=Firefox
Testing: csp_id=403, page_id=29500, browser=Firefox
Testing: csp_id=403, page_id=29600, browser=Firefox
Testing: csp_id=403, page_id=29700, browser=Firefox
Testing: csp_id=403, page_id=29800, browser=Firefox
🏊 create_context_pools[first] (5x16): 39.008s
Testing: csp_id=413, page_id=0, browser=Firefox
Testing: csp_id=413, page_id=100, browser=Firefox
Testing: csp_id=413, page_id=200, browser=Firefox
Testing: csp_id=413, page_id=300, browser=Firefox
Testing: csp_id=413, page_id=400, browser=Firefox
Testing: csp_id=413, page_id=500, browser=Firefox
Testing: csp_id=413, page_id=600, browser=Firefox
Testing: csp_id=413, page_id=700, browser=Firefox
Testing: csp_id=413, page_id=800, browser=Firefox
Testing: csp_id=413, page_id=900, browser=Firefox
Testing: csp_id=413, page_id=1000, browser=Firefox
Testing: csp_id=413, page_id=1100, browser=Firefox
Testing: csp_id=413, page_id=1200, browser=Firefox
Testing: csp_id=413, page_id=1300, browser=Firefox
Testing: csp_id=413, page_id=1400, browser=Firefox
Testing: csp_id=413, page_id=1500, browser=Firefox
Testing: csp_id=413, page_id=1600, browser=Firefox
Testing: csp_id=413, page_id=1700, browser=Firefox
Testing: csp_id=413, page_id=1800, browser=Firefox
Testing: csp_id=413, page_id=1900, browser=Firefox
Testing: csp_id=413, page_id=2000, browser=Firefox
Testing: csp_id=413, page_id=2100, browser=Firefox
Testing: csp_id=413, page_id=2200, browser=Firefox
Testing: csp_id=413, page_id=2300, browser=Firefox
Testing: csp_id=413, page_id=2400, browser=Firefox
Testing: csp_id=413, page_id=2500, browser=Firefox
Testing: csp_id=413, page_id=2600, browser=Firefox
Testing: csp_id=413, page_id=2700, browser=Firefox
Testing: csp_id=413, page_id=2800, browser=Firefox
Testing: csp_id=413, page_id=2900, browser=Firefox
Testing: csp_id=413, page_id=3000, browser=Firefox
Testing: csp_id=413, page_id=3100, browser=Firefox
Testing: csp_id=413, page_id=3200, browser=Firefox
Testing: csp_id=413, page_id=3300, browser=Firefox
Testing: csp_id=413, page_id=3400, browser=Firefox
Testing: csp_id=413, page_id=3500, browser=Firefox
Testing: csp_id=413, page_id=3600, browser=Firefox
Testing: csp_id=413, page_id=3700, browser=Firefox
Testing: csp_id=413, page_id=3800, browser=Firefox
Testing: csp_id=413, page_id=3900, browser=Firefox
Testing: csp_id=413, page_id=4000, browser=Firefox
Testing: csp_id=413, page_id=4100, browser=Firefox
Testing: csp_id=413, page_id=4200, browser=Firefox
Testing: csp_id=413, page_id=4300, browser=Firefox
Testing: csp_id=413, page_id=4400, browser=Firefox
Testing: csp_id=413, page_id=4500, browser=Firefox
Testing: csp_id=413, page_id=4600, browser=Firefox
Testing: csp_id=413, page_id=4700, browser=Firefox
Testing: csp_id=413, page_id=4800, browser=Firefox
Testing: csp_id=413, page_id=4900, browser=Firefox
Testing: csp_id=413, page_id=5000, browser=Firefox
Testing: csp_id=413, page_id=5100, browser=Firefox
Testing: csp_id=413, page_id=5200, browser=Firefox
Testing: csp_id=413, page_id=5300, browser=Firefox
Testing: csp_id=413, page_id=5400, browser=Firefox
Testing: csp_id=413, page_id=5500, browser=Firefox
Testing: csp_id=413, page_id=5600, browser=Firefox
Testing: csp_id=413, page_id=5700, browser=Firefox
Testing: csp_id=413, page_id=5800, browser=Firefox
Testing: csp_id=413, page_id=5900, browser=Firefox
Testing: csp_id=413, page_id=6000, browser=Firefox
Testing: csp_id=413, page_id=6100, browser=Firefox
Testing: csp_id=413, page_id=6200, browser=Firefox
Testing: csp_id=413, page_id=6300, browser=Firefox
Testing: csp_id=413, page_id=6400, browser=Firefox
Testing: csp_id=413, page_id=6500, browser=Firefox
Testing: csp_id=413, page_id=6600, browser=Firefox
Testing: csp_id=413, page_id=6700, browser=Firefox
Testing: csp_id=413, page_id=6800, browser=Firefox
Testing: csp_id=413, page_id=6900, browser=Firefox
Testing: csp_id=413, page_id=7000, browser=Firefox
Testing: csp_id=413, page_id=7100, browser=Firefox
Testing: csp_id=413, page_id=7200, browser=Firefox
Testing: csp_id=413, page_id=7300, browser=Firefox
Testing: csp_id=413, page_id=7400, browser=Firefox
Testing: csp_id=413, page_id=7500, browser=Firefox
Testing: csp_id=413, page_id=7600, browser=Firefox
Testing: csp_id=413, page_id=7700, browser=Firefox
Testing: csp_id=413, page_id=7800, browser=Firefox
Testing: csp_id=413, page_id=7900, browser=Firefox
Testing: csp_id=413, page_id=8000, browser=Firefox
Testing: csp_id=413, page_id=8100, browser=Firefox
Testing: csp_id=413, page_id=8200, browser=Firefox
Testing: csp_id=413, page_id=8300, browser=Firefox
Testing: csp_id=413, page_id=8400, browser=Firefox
Testing: csp_id=413, page_id=8500, browser=Firefox
Testing: csp_id=413, page_id=8600, browser=Firefox
Testing: csp_id=413, page_id=8700, browser=Firefox
Testing: csp_id=413, page_id=8800, browser=Firefox
Testing: csp_id=413, page_id=8900, browser=Firefox
Testing: csp_id=413, page_id=9000, browser=Firefox
Testing: csp_id=413, page_id=9100, browser=Firefox
Testing: csp_id=413, page_id=9200, browser=Firefox
Testing: csp_id=413, page_id=9300, browser=Firefox
Testing: csp_id=413, page_id=9400, browser=Firefox
Testing: csp_id=413, page_id=9500, browser=Firefox
Testing: csp_id=413, page_id=9600, browser=Firefox
Testing: csp_id=413, page_id=9700, browser=Firefox
Testing: csp_id=413, page_id=9800, browser=Firefox
Testing: csp_id=413, page_id=9900, browser=Firefox
Testing: csp_id=413, page_id=10000, browser=Firefox
Testing: csp_id=413, page_id=10100, browser=Firefox
Testing: csp_id=413, page_id=10200, browser=Firefox
Testing: csp_id=413, page_id=10300, browser=Firefox
Testing: csp_id=413, page_id=10400, browser=Firefox
Testing: csp_id=413, page_id=10500, browser=Firefox
Testing: csp_id=413, page_id=10600, browser=Firefox
Testing: csp_id=413, page_id=10700, browser=Firefox
Testing: csp_id=413, page_id=10800, browser=Firefox
Testing: csp_id=413, page_id=10900, browser=Firefox
Testing: csp_id=413, page_id=11000, browser=Firefox
Testing: csp_id=413, page_id=11100, browser=Firefox
Testing: csp_id=413, page_id=11200, browser=Firefox
Testing: csp_id=413, page_id=11300, browser=Firefox
Testing: csp_id=413, page_id=11400, browser=Firefox
Testing: csp_id=413, page_id=11500, browser=Firefox
Testing: csp_id=413, page_id=11600, browser=Firefox
Testing: csp_id=413, page_id=11700, browser=Firefox
Testing: csp_id=413, page_id=11800, browser=Firefox
Testing: csp_id=413, page_id=11900, browser=Firefox
Testing: csp_id=413, page_id=12000, browser=Firefox
Testing: csp_id=413, page_id=12100, browser=Firefox
Testing: csp_id=413, page_id=12200, browser=Firefox
Testing: csp_id=413, page_id=12300, browser=Firefox
Testing: csp_id=413, page_id=12400, browser=Firefox
Testing: csp_id=413, page_id=12500, browser=Firefox
Testing: csp_id=413, page_id=12600, browser=Firefox
Testing: csp_id=413, page_id=12700, browser=Firefox
Testing: csp_id=413, page_id=12800, browser=Firefox
Testing: csp_id=413, page_id=12900, browser=Firefox
Testing: csp_id=413, page_id=13000, browser=Firefox
Testing: csp_id=413, page_id=13100, browser=Firefox
Testing: csp_id=413, page_id=13200, browser=Firefox
Testing: csp_id=413, page_id=13300, browser=Firefox
Testing: csp_id=413, page_id=13400, browser=Firefox
Testing: csp_id=413, page_id=13500, browser=Firefox
Testing: csp_id=413, page_id=13600, browser=Firefox
Testing: csp_id=413, page_id=13700, browser=Firefox
Testing: csp_id=413, page_id=13800, browser=Firefox
Testing: csp_id=413, page_id=13900, browser=Firefox
Testing: csp_id=413, page_id=14000, browser=Firefox
Testing: csp_id=413, page_id=14100, browser=Firefox
Testing: csp_id=413, page_id=14200, browser=Firefox
Testing: csp_id=413, page_id=14300, browser=Firefox
Testing: csp_id=413, page_id=14400, browser=Firefox
Testing: csp_id=413, page_id=14500, browser=Firefox
Testing: csp_id=413, page_id=14600, browser=Firefox
Testing: csp_id=413, page_id=14700, browser=Firefox
Testing: csp_id=413, page_id=14800, browser=Firefox
Testing: csp_id=413, page_id=14900, browser=Firefox
Testing: csp_id=413, page_id=15000, browser=Firefox
Testing: csp_id=413, page_id=15100, browser=Firefox
Testing: csp_id=413, page_id=15200, browser=Firefox
Testing: csp_id=413, page_id=15300, browser=Firefox
Testing: csp_id=413, page_id=15400, browser=Firefox
Testing: csp_id=413, page_id=15500, browser=Firefox
Testing: csp_id=413, page_id=15600, browser=Firefox
Testing: csp_id=413, page_id=15700, browser=Firefox
Testing: csp_id=413, page_id=15800, browser=Firefox
Testing: csp_id=413, page_id=15900, browser=Firefox
Testing: csp_id=413, page_id=16000, browser=Firefox
Testing: csp_id=413, page_id=16100, browser=Firefox
Testing: csp_id=413, page_id=16200, browser=Firefox
Testing: csp_id=413, page_id=16300, browser=Firefox
Testing: csp_id=413, page_id=16400, browser=Firefox
Testing: csp_id=413, page_id=16500, browser=Firefox
Testing: csp_id=413, page_id=16600, browser=Firefox
Testing: csp_id=413, page_id=16700, browser=Firefox
Testing: csp_id=413, page_id=16800, browser=Firefox
Testing: csp_id=413, page_id=16900, browser=Firefox
Testing: csp_id=413, page_id=17000, browser=Firefox
Testing: csp_id=413, page_id=17100, browser=Firefox
Testing: csp_id=413, page_id=17200, browser=Firefox
Testing: csp_id=413, page_id=17300, browser=Firefox
Testing: csp_id=413, page_id=17400, browser=Firefox
Testing: csp_id=413, page_id=17500, browser=Firefox
Testing: csp_id=413, page_id=17600, browser=Firefox
Testing: csp_id=413, page_id=17700, browser=Firefox
Testing: csp_id=413, page_id=17800, browser=Firefox
Testing: csp_id=413, page_id=17900, browser=Firefox
Testing: csp_id=413, page_id=18000, browser=Firefox
Testing: csp_id=413, page_id=18100, browser=Firefox
Testing: csp_id=413, page_id=18200, browser=Firefox
Testing: csp_id=413, page_id=18300, browser=Firefox
Testing: csp_id=413, page_id=18400, browser=Firefox
Testing: csp_id=413, page_id=18500, browser=Firefox
Testing: csp_id=413, page_id=18600, browser=Firefox
Testing: csp_id=413, page_id=18700, browser=Firefox
Testing: csp_id=413, page_id=18800, browser=Firefox
Testing: csp_id=413, page_id=18900, browser=Firefox
Testing: csp_id=413, page_id=19000, browser=Firefox
Testing: csp_id=413, page_id=19100, browser=Firefox
Testing: csp_id=413, page_id=19200, browser=Firefox
Testing: csp_id=413, page_id=19300, browser=Firefox
Testing: csp_id=413, page_id=19400, browser=Firefox
Testing: csp_id=413, page_id=19500, browser=Firefox
Testing: csp_id=413, page_id=19600, browser=Firefox
Testing: csp_id=413, page_id=19700, browser=Firefox
Testing: csp_id=413, page_id=19800, browser=Firefox
Testing: csp_id=413, page_id=19900, browser=Firefox
Testing: csp_id=413, page_id=20000, browser=Firefox
Testing: csp_id=413, page_id=20100, browser=Firefox
Testing: csp_id=413, page_id=20200, browser=Firefox
Testing: csp_id=413, page_id=20300, browser=Firefox
Testing: csp_id=413, page_id=20400, browser=Firefox
Testing: csp_id=413, page_id=20500, browser=Firefox
Testing: csp_id=413, page_id=20600, browser=Firefox
Testing: csp_id=413, page_id=20700, browser=Firefox
Testing: csp_id=413, page_id=20800, browser=Firefox
Testing: csp_id=413, page_id=20900, browser=Firefox
Testing: csp_id=413, page_id=21000, browser=Firefox
Testing: csp_id=413, page_id=21100, browser=Firefox
Testing: csp_id=413, page_id=21200, browser=Firefox
Testing: csp_id=413, page_id=21300, browser=Firefox
Testing: csp_id=413, page_id=21400, browser=Firefox
Testing: csp_id=413, page_id=21500, browser=Firefox
Testing: csp_id=413, page_id=21600, browser=Firefox
Testing: csp_id=413, page_id=21700, browser=Firefox
Testing: csp_id=413, page_id=21800, browser=Firefox
Testing: csp_id=413, page_id=21900, browser=Firefox
Testing: csp_id=413, page_id=22000, browser=Firefox
Testing: csp_id=413, page_id=22100, browser=Firefox
Testing: csp_id=413, page_id=22200, browser=Firefox
Testing: csp_id=413, page_id=22300, browser=Firefox
Testing: csp_id=413, page_id=22400, browser=Firefox
Testing: csp_id=413, page_id=22500, browser=Firefox
Testing: csp_id=413, page_id=22600, browser=Firefox
Testing: csp_id=413, page_id=22700, browser=Firefox
Testing: csp_id=413, page_id=22800, browser=Firefox
Testing: csp_id=413, page_id=22900, browser=Firefox
Testing: csp_id=413, page_id=23000, browser=Firefox
Testing: csp_id=413, page_id=23100, browser=Firefox
Testing: csp_id=413, page_id=23200, browser=Firefox
Testing: csp_id=413, page_id=23300, browser=Firefox
Testing: csp_id=413, page_id=23400, browser=Firefox
Testing: csp_id=413, page_id=23500, browser=Firefox
Testing: csp_id=413, page_id=23600, browser=Firefox
Testing: csp_id=413, page_id=23700, browser=Firefox
Testing: csp_id=413, page_id=23800, browser=Firefox
Testing: csp_id=413, page_id=23900, browser=Firefox
Testing: csp_id=413, page_id=24000, browser=Firefox
Testing: csp_id=413, page_id=24100, browser=Firefox
Testing: csp_id=413, page_id=24200, browser=Firefox
Testing: csp_id=413, page_id=24300, browser=Firefox
Testing: csp_id=413, page_id=24400, browser=Firefox
Testing: csp_id=413, page_id=24500, browser=Firefox
Testing: csp_id=413, page_id=24600, browser=Firefox
Testing: csp_id=413, page_id=24700, browser=Firefox
Testing: csp_id=413, page_id=24800, browser=Firefox
Testing: csp_id=413, page_id=24900, browser=Firefox
Testing: csp_id=413, page_id=25000, browser=Firefox
Testing: csp_id=413, page_id=25100, browser=Firefox
Testing: csp_id=413, page_id=25200, browser=Firefox
Testing: csp_id=413, page_id=25300, browser=Firefox
Testing: csp_id=413, page_id=25400, browser=Firefox
Testing: csp_id=413, page_id=25500, browser=Firefox
Testing: csp_id=413, page_id=25600, browser=Firefox
Testing: csp_id=413, page_id=25700, browser=Firefox
Testing: csp_id=413, page_id=25800, browser=Firefox
Testing: csp_id=413, page_id=25900, browser=Firefox
Testing: csp_id=413, page_id=26000, browser=Firefox
Testing: csp_id=413, page_id=26100, browser=Firefox
Testing: csp_id=413, page_id=26200, browser=Firefox
Testing: csp_id=413, page_id=26300, browser=Firefox
Testing: csp_id=413, page_id=26400, browser=Firefox
Testing: csp_id=413, page_id=26500, browser=Firefox
Testing: csp_id=413, page_id=26600, browser=Firefox
Testing: csp_id=413, page_id=26700, browser=Firefox
Testing: csp_id=413, page_id=26800, browser=Firefox
Testing: csp_id=413, page_id=26900, browser=Firefox
Testing: csp_id=413, page_id=27000, browser=Firefox
Testing: csp_id=413, page_id=27100, browser=Firefox
Testing: csp_id=413, page_id=27200, browser=Firefox
Testing: csp_id=413, page_id=27300, browser=Firefox
Testing: csp_id=413, page_id=27400, browser=Firefox
Testing: csp_id=413, page_id=27500, browser=Firefox
Testing: csp_id=413, page_id=27600, browser=Firefox
Testing: csp_id=413, page_id=27700, browser=Firefox
Testing: csp_id=413, page_id=27800, browser=Firefox
Testing: csp_id=413, page_id=27900, browser=Firefox
Testing: csp_id=413, page_id=28000, browser=Firefox
Testing: csp_id=413, page_id=28100, browser=Firefox
Testing: csp_id=413, page_id=28200, browser=Firefox
Testing: csp_id=413, page_id=28300, browser=Firefox
Testing: csp_id=413, page_id=28400, browser=Firefox
Testing: csp_id=413, page_id=28500, browser=Firefox
Testing: csp_id=413, page_id=28600, browser=Firefox
Testing: csp_id=413, page_id=28700, browser=Firefox
Testing: csp_id=413, page_id=28800, browser=Firefox
Testing: csp_id=413, page_id=28900, browser=Firefox
Testing: csp_id=413, page_id=29000, browser=Firefox
Testing: csp_id=413, page_id=29100, browser=Firefox
Testing: csp_id=413, page_id=29200, browser=Firefox
Testing: csp_id=413, page_id=29300, browser=Firefox
Testing: csp_id=413, page_id=29400, browser=Firefox
Testing: csp_id=413, page_id=29500, browser=Firefox
Testing: csp_id=413, page_id=29600, browser=Firefox
Testing: csp_id=413, page_id=29700, browser=Firefox
Testing: csp_id=413, page_id=29800, browser=Firefox
🏊 create_context_pools[first] (5x16): 28.840s
Testing: csp_id=424, page_id=0, browser=Firefox
Testing: csp_id=424, page_id=100, browser=Firefox
Testing: csp_id=424, page_id=200, browser=Firefox
Testing: csp_id=424, page_id=300, browser=Firefox
Testing: csp_id=424, page_id=400, browser=Firefox
Testing: csp_id=424, page_id=500, browser=Firefox
Testing: csp_id=424, page_id=600, browser=Firefox
Testing: csp_id=424, page_id=700, browser=Firefox
Testing: csp_id=424, page_id=800, browser=Firefox
Testing: csp_id=424, page_id=900, browser=Firefox
Testing: csp_id=424, page_id=1000, browser=Firefox
Testing: csp_id=424, page_id=1100, browser=Firefox
Testing: csp_id=424, page_id=1200, browser=Firefox
Testing: csp_id=424, page_id=1300, browser=Firefox
Testing: csp_id=424, page_id=1400, browser=Firefox
Testing: csp_id=424, page_id=1500, browser=Firefox
Testing: csp_id=424, page_id=1600, browser=Firefox
Testing: csp_id=424, page_id=1700, browser=Firefox
Testing: csp_id=424, page_id=1800, browser=Firefox
Testing: csp_id=424, page_id=1900, browser=Firefox
Testing: csp_id=424, page_id=2000, browser=Firefox
Testing: csp_id=424, page_id=2100, browser=Firefox
Testing: csp_id=424, page_id=2200, browser=Firefox
Testing: csp_id=424, page_id=2300, browser=Firefox
Testing: csp_id=424, page_id=2400, browser=Firefox
Testing: csp_id=424, page_id=2500, browser=Firefox
Testing: csp_id=424, page_id=2600, browser=Firefox
Testing: csp_id=424, page_id=2700, browser=Firefox
Testing: csp_id=424, page_id=2800, browser=Firefox
Testing: csp_id=424, page_id=2900, browser=Firefox
Testing: csp_id=424, page_id=3000, browser=Firefox
Testing: csp_id=424, page_id=3100, browser=Firefox
Testing: csp_id=424, page_id=3200, browser=Firefox
Testing: csp_id=424, page_id=3300, browser=Firefox
Testing: csp_id=424, page_id=3400, browser=Firefox
Testing: csp_id=424, page_id=3500, browser=Firefox
Testing: csp_id=424, page_id=3600, browser=Firefox
Testing: csp_id=424, page_id=3700, browser=Firefox
Testing: csp_id=424, page_id=3800, browser=Firefox
Testing: csp_id=424, page_id=3900, browser=Firefox
Testing: csp_id=424, page_id=4000, browser=Firefox
Testing: csp_id=424, page_id=4100, browser=Firefox
Testing: csp_id=424, page_id=4200, browser=Firefox
Testing: csp_id=424, page_id=4300, browser=Firefox
Testing: csp_id=424, page_id=4400, browser=Firefox
Testing: csp_id=424, page_id=4500, browser=Firefox
Testing: csp_id=424, page_id=4600, browser=Firefox
Testing: csp_id=424, page_id=4700, browser=Firefox
Testing: csp_id=424, page_id=4800, browser=Firefox
Testing: csp_id=424, page_id=4900, browser=Firefox
Testing: csp_id=424, page_id=5000, browser=Firefox
Testing: csp_id=424, page_id=5100, browser=Firefox
Testing: csp_id=424, page_id=5200, browser=Firefox
Testing: csp_id=424, page_id=5300, browser=Firefox
Testing: csp_id=424, page_id=5400, browser=Firefox
Testing: csp_id=424, page_id=5500, browser=Firefox
Testing: csp_id=424, page_id=5600, browser=Firefox
Testing: csp_id=424, page_id=5700, browser=Firefox
Testing: csp_id=424, page_id=5800, browser=Firefox
Testing: csp_id=424, page_id=5900, browser=Firefox
Testing: csp_id=424, page_id=6000, browser=Firefox
Testing: csp_id=424, page_id=6100, browser=Firefox
Testing: csp_id=424, page_id=6200, browser=Firefox
Testing: csp_id=424, page_id=6300, browser=Firefox
Testing: csp_id=424, page_id=6400, browser=Firefox
Testing: csp_id=424, page_id=6500, browser=Firefox
Testing: csp_id=424, page_id=6600, browser=Firefox
Testing: csp_id=424, page_id=6700, browser=Firefox
Testing: csp_id=424, page_id=6800, browser=Firefox
Testing: csp_id=424, page_id=6900, browser=Firefox
Testing: csp_id=424, page_id=7000, browser=Firefox
Testing: csp_id=424, page_id=7100, browser=Firefox
Testing: csp_id=424, page_id=7200, browser=Firefox
Testing: csp_id=424, page_id=7300, browser=Firefox
Testing: csp_id=424, page_id=7400, browser=Firefox
Testing: csp_id=424, page_id=7500, browser=Firefox
Testing: csp_id=424, page_id=7600, browser=Firefox
Testing: csp_id=424, page_id=7700, browser=Firefox
Testing: csp_id=424, page_id=7800, browser=Firefox
Testing: csp_id=424, page_id=7900, browser=Firefox
Testing: csp_id=424, page_id=8000, browser=Firefox
Testing: csp_id=424, page_id=8100, browser=Firefox
Testing: csp_id=424, page_id=8200, browser=Firefox
Testing: csp_id=424, page_id=8300, browser=Firefox
Testing: csp_id=424, page_id=8400, browser=Firefox
Testing: csp_id=424, page_id=8500, browser=Firefox
Testing: csp_id=424, page_id=8600, browser=Firefox
Testing: csp_id=424, page_id=8700, browser=Firefox
Testing: csp_id=424, page_id=8800, browser=Firefox
Testing: csp_id=424, page_id=8900, browser=Firefox
Testing: csp_id=424, page_id=9000, browser=Firefox
Testing: csp_id=424, page_id=9100, browser=Firefox
Testing: csp_id=424, page_id=9200, browser=Firefox
Testing: csp_id=424, page_id=9300, browser=Firefox
Testing: csp_id=424, page_id=9400, browser=Firefox
Testing: csp_id=424, page_id=9500, browser=Firefox
Testing: csp_id=424, page_id=9600, browser=Firefox
Testing: csp_id=424, page_id=9700, browser=Firefox
Testing: csp_id=424, page_id=9800, browser=Firefox
Testing: csp_id=424, page_id=9900, browser=Firefox
Testing: csp_id=424, page_id=10000, browser=Firefox
Testing: csp_id=424, page_id=10100, browser=Firefox
Testing: csp_id=424, page_id=10200, browser=Firefox
Testing: csp_id=424, page_id=10300, browser=Firefox
Testing: csp_id=424, page_id=10400, browser=Firefox
Testing: csp_id=424, page_id=10500, browser=Firefox
Testing: csp_id=424, page_id=10600, browser=Firefox
Testing: csp_id=424, page_id=10700, browser=Firefox
Testing: csp_id=424, page_id=10800, browser=Firefox
Testing: csp_id=424, page_id=10900, browser=Firefox
Testing: csp_id=424, page_id=11000, browser=Firefox
Testing: csp_id=424, page_id=11100, browser=Firefox
Testing: csp_id=424, page_id=11200, browser=Firefox
Testing: csp_id=424, page_id=11300, browser=Firefox
Testing: csp_id=424, page_id=11400, browser=Firefox
Testing: csp_id=424, page_id=11500, browser=Firefox
Testing: csp_id=424, page_id=11600, browser=Firefox
Testing: csp_id=424, page_id=11700, browser=Firefox
Testing: csp_id=424, page_id=11800, browser=Firefox
Testing: csp_id=424, page_id=11900, browser=Firefox
Testing: csp_id=424, page_id=12000, browser=Firefox
Testing: csp_id=424, page_id=12100, browser=Firefox
Testing: csp_id=424, page_id=12200, browser=Firefox
Testing: csp_id=424, page_id=12300, browser=Firefox
Testing: csp_id=424, page_id=12400, browser=Firefox
Testing: csp_id=424, page_id=12500, browser=Firefox
Testing: csp_id=424, page_id=12600, browser=Firefox
Testing: csp_id=424, page_id=12700, browser=Firefox
Testing: csp_id=424, page_id=12800, browser=Firefox
Testing: csp_id=424, page_id=12900, browser=Firefox
Testing: csp_id=424, page_id=13000, browser=Firefox
Testing: csp_id=424, page_id=13100, browser=Firefox
Testing: csp_id=424, page_id=13200, browser=Firefox
Testing: csp_id=424, page_id=13300, browser=Firefox
Testing: csp_id=424, page_id=13400, browser=Firefox
Testing: csp_id=424, page_id=13500, browser=Firefox
Testing: csp_id=424, page_id=13600, browser=Firefox
Testing: csp_id=424, page_id=13700, browser=Firefox
Testing: csp_id=424, page_id=13800, browser=Firefox
Testing: csp_id=424, page_id=13900, browser=Firefox
Testing: csp_id=424, page_id=14000, browser=Firefox
Testing: csp_id=424, page_id=14100, browser=Firefox
Testing: csp_id=424, page_id=14200, browser=Firefox
Testing: csp_id=424, page_id=14300, browser=Firefox
Testing: csp_id=424, page_id=14400, browser=Firefox
Testing: csp_id=424, page_id=14500, browser=Firefox
Testing: csp_id=424, page_id=14600, browser=Firefox
Testing: csp_id=424, page_id=14700, browser=Firefox
Testing: csp_id=424, page_id=14800, browser=Firefox
Testing: csp_id=424, page_id=14900, browser=Firefox
Testing: csp_id=424, page_id=15000, browser=Firefox
Testing: csp_id=424, page_id=15100, browser=Firefox
Testing: csp_id=424, page_id=15200, browser=Firefox
Testing: csp_id=424, page_id=15300, browser=Firefox
Testing: csp_id=424, page_id=15400, browser=Firefox
Testing: csp_id=424, page_id=15500, browser=Firefox
Testing: csp_id=424, page_id=15600, browser=Firefox
Testing: csp_id=424, page_id=15700, browser=Firefox
Testing: csp_id=424, page_id=15800, browser=Firefox
Testing: csp_id=424, page_id=15900, browser=Firefox
Testing: csp_id=424, page_id=16000, browser=Firefox
Testing: csp_id=424, page_id=16100, browser=Firefox
Testing: csp_id=424, page_id=16200, browser=Firefox
Testing: csp_id=424, page_id=16300, browser=Firefox
Testing: csp_id=424, page_id=16400, browser=Firefox
Testing: csp_id=424, page_id=16500, browser=Firefox
Testing: csp_id=424, page_id=16600, browser=Firefox
Testing: csp_id=424, page_id=16700, browser=Firefox
Testing: csp_id=424, page_id=16800, browser=Firefox
Testing: csp_id=424, page_id=16900, browser=Firefox
Testing: csp_id=424, page_id=17000, browser=Firefox
Testing: csp_id=424, page_id=17100, browser=Firefox
Testing: csp_id=424, page_id=17200, browser=Firefox
Testing: csp_id=424, page_id=17300, browser=Firefox
Testing: csp_id=424, page_id=17400, browser=Firefox
Testing: csp_id=424, page_id=17500, browser=Firefox
Testing: csp_id=424, page_id=17600, browser=Firefox
Testing: csp_id=424, page_id=17700, browser=Firefox
Testing: csp_id=424, page_id=17800, browser=Firefox
Testing: csp_id=424, page_id=17900, browser=Firefox
Testing: csp_id=424, page_id=18000, browser=Firefox
Testing: csp_id=424, page_id=18100, browser=Firefox
Testing: csp_id=424, page_id=18200, browser=Firefox
Testing: csp_id=424, page_id=18300, browser=Firefox
Testing: csp_id=424, page_id=18400, browser=Firefox
Testing: csp_id=424, page_id=18500, browser=Firefox
Testing: csp_id=424, page_id=18600, browser=Firefox
Testing: csp_id=424, page_id=18700, browser=Firefox
Testing: csp_id=424, page_id=18800, browser=Firefox
Testing: csp_id=424, page_id=18900, browser=Firefox
Testing: csp_id=424, page_id=19000, browser=Firefox
Testing: csp_id=424, page_id=19100, browser=Firefox
Testing: csp_id=424, page_id=19200, browser=Firefox
Testing: csp_id=424, page_id=19300, browser=Firefox
Testing: csp_id=424, page_id=19400, browser=Firefox
Testing: csp_id=424, page_id=19500, browser=Firefox
Testing: csp_id=424, page_id=19600, browser=Firefox
Testing: csp_id=424, page_id=19700, browser=Firefox
Testing: csp_id=424, page_id=19800, browser=Firefox
Testing: csp_id=424, page_id=19900, browser=Firefox
Testing: csp_id=424, page_id=20000, browser=Firefox
Testing: csp_id=424, page_id=20100, browser=Firefox
Testing: csp_id=424, page_id=20200, browser=Firefox
Testing: csp_id=424, page_id=20300, browser=Firefox
Testing: csp_id=424, page_id=20400, browser=Firefox
Testing: csp_id=424, page_id=20500, browser=Firefox
Testing: csp_id=424, page_id=20600, browser=Firefox
Testing: csp_id=424, page_id=20700, browser=Firefox
Testing: csp_id=424, page_id=20800, browser=Firefox
Testing: csp_id=424, page_id=20900, browser=Firefox
Testing: csp_id=424, page_id=21000, browser=Firefox
Testing: csp_id=424, page_id=21100, browser=Firefox
Testing: csp_id=424, page_id=21200, browser=Firefox
Testing: csp_id=424, page_id=21300, browser=Firefox
Testing: csp_id=424, page_id=21400, browser=Firefox
Testing: csp_id=424, page_id=21500, browser=Firefox
Testing: csp_id=424, page_id=21600, browser=Firefox
Testing: csp_id=424, page_id=21700, browser=Firefox
Testing: csp_id=424, page_id=21800, browser=Firefox
Testing: csp_id=424, page_id=21900, browser=Firefox
Testing: csp_id=424, page_id=22000, browser=Firefox
Testing: csp_id=424, page_id=22100, browser=Firefox
Testing: csp_id=424, page_id=22200, browser=Firefox
Testing: csp_id=424, page_id=22300, browser=Firefox
Testing: csp_id=424, page_id=22400, browser=Firefox
Testing: csp_id=424, page_id=22500, browser=Firefox
Testing: csp_id=424, page_id=22600, browser=Firefox
Testing: csp_id=424, page_id=22700, browser=Firefox
Testing: csp_id=424, page_id=22800, browser=Firefox
Testing: csp_id=424, page_id=22900, browser=Firefox
Testing: csp_id=424, page_id=23000, browser=Firefox
Testing: csp_id=424, page_id=23100, browser=Firefox
Testing: csp_id=424, page_id=23200, browser=Firefox
Testing: csp_id=424, page_id=23300, browser=Firefox
Testing: csp_id=424, page_id=23400, browser=Firefox
Testing: csp_id=424, page_id=23500, browser=Firefox
Testing: csp_id=424, page_id=23600, browser=Firefox
Testing: csp_id=424, page_id=23700, browser=Firefox
Testing: csp_id=424, page_id=23800, browser=Firefox
Testing: csp_id=424, page_id=23900, browser=Firefox
Testing: csp_id=424, page_id=24000, browser=Firefox
Testing: csp_id=424, page_id=24100, browser=Firefox
Testing: csp_id=424, page_id=24200, browser=Firefox
Testing: csp_id=424, page_id=24300, browser=Firefox
Testing: csp_id=424, page_id=24400, browser=Firefox
Testing: csp_id=424, page_id=24500, browser=Firefox
Testing: csp_id=424, page_id=24600, browser=Firefox
Testing: csp_id=424, page_id=24700, browser=Firefox
Testing: csp_id=424, page_id=24800, browser=Firefox
Testing: csp_id=424, page_id=24900, browser=Firefox
Testing: csp_id=424, page_id=25000, browser=Firefox
Testing: csp_id=424, page_id=25100, browser=Firefox
Testing: csp_id=424, page_id=25200, browser=Firefox
Testing: csp_id=424, page_id=25300, browser=Firefox
Testing: csp_id=424, page_id=25400, browser=Firefox
Testing: csp_id=424, page_id=25500, browser=Firefox
Testing: csp_id=424, page_id=25600, browser=Firefox
Testing: csp_id=424, page_id=25700, browser=Firefox
Testing: csp_id=424, page_id=25800, browser=Firefox
Testing: csp_id=424, page_id=25900, browser=Firefox
Testing: csp_id=424, page_id=26000, browser=Firefox
Testing: csp_id=424, page_id=26100, browser=Firefox
Testing: csp_id=424, page_id=26200, browser=Firefox
Testing: csp_id=424, page_id=26300, browser=Firefox
Testing: csp_id=424, page_id=26400, browser=Firefox
Testing: csp_id=424, page_id=26500, browser=Firefox
Testing: csp_id=424, page_id=26600, browser=Firefox
Testing: csp_id=424, page_id=26700, browser=Firefox
Testing: csp_id=424, page_id=26800, browser=Firefox
Testing: csp_id=424, page_id=26900, browser=Firefox
Testing: csp_id=424, page_id=27000, browser=Firefox
Testing: csp_id=424, page_id=27100, browser=Firefox
Testing: csp_id=424, page_id=27200, browser=Firefox
Testing: csp_id=424, page_id=27300, browser=Firefox
Testing: csp_id=424, page_id=27400, browser=Firefox
Testing: csp_id=424, page_id=27500, browser=Firefox
Testing: csp_id=424, page_id=27600, browser=Firefox
Testing: csp_id=424, page_id=27700, browser=Firefox
Testing: csp_id=424, page_id=27800, browser=Firefox
Testing: csp_id=424, page_id=27900, browser=Firefox
Testing: csp_id=424, page_id=28000, browser=Firefox
Testing: csp_id=424, page_id=28100, browser=Firefox
Testing: csp_id=424, page_id=28200, browser=Firefox
Testing: csp_id=424, page_id=28300, browser=Firefox
Testing: csp_id=424, page_id=28400, browser=Firefox
Testing: csp_id=424, page_id=28500, browser=Firefox
Testing: csp_id=424, page_id=28600, browser=Firefox
Testing: csp_id=424, page_id=28700, browser=Firefox
Testing: csp_id=424, page_id=28800, browser=Firefox
Testing: csp_id=424, page_id=28900, browser=Firefox
Testing: csp_id=424, page_id=29000, browser=Firefox
Testing: csp_id=424, page_id=29100, browser=Firefox
Testing: csp_id=424, page_id=29200, browser=Firefox
Testing: csp_id=424, page_id=29300, browser=Firefox
Testing: csp_id=424, page_id=29400, browser=Firefox
Testing: csp_id=424, page_id=29500, browser=Firefox
Testing: csp_id=424, page_id=29600, browser=Firefox
Testing: csp_id=424, page_id=29700, browser=Firefox
Testing: csp_id=424, page_id=29800, browser=Firefox
🏊 create_context_pools[first] (5x16): 31.269s
Testing: csp_id=435, page_id=0, browser=Firefox
Testing: csp_id=435, page_id=100, browser=Firefox
Testing: csp_id=435, page_id=200, browser=Firefox
Testing: csp_id=435, page_id=300, browser=Firefox
Testing: csp_id=435, page_id=400, browser=Firefox
Testing: csp_id=435, page_id=500, browser=Firefox
Testing: csp_id=435, page_id=600, browser=Firefox
Testing: csp_id=435, page_id=700, browser=Firefox
Testing: csp_id=435, page_id=800, browser=Firefox
Testing: csp_id=435, page_id=900, browser=Firefox
Testing: csp_id=435, page_id=1000, browser=Firefox
Testing: csp_id=435, page_id=1100, browser=Firefox
Testing: csp_id=435, page_id=1200, browser=Firefox
Testing: csp_id=435, page_id=1300, browser=Firefox
Testing: csp_id=435, page_id=1400, browser=Firefox
Testing: csp_id=435, page_id=1500, browser=Firefox
Testing: csp_id=435, page_id=1600, browser=Firefox
Testing: csp_id=435, page_id=1700, browser=Firefox
Testing: csp_id=435, page_id=1800, browser=Firefox
Testing: csp_id=435, page_id=1900, browser=Firefox
Testing: csp_id=435, page_id=2000, browser=Firefox
Testing: csp_id=435, page_id=2100, browser=Firefox
Testing: csp_id=435, page_id=2200, browser=Firefox
Testing: csp_id=435, page_id=2300, browser=Firefox
Testing: csp_id=435, page_id=2400, browser=Firefox
Testing: csp_id=435, page_id=2500, browser=Firefox
Testing: csp_id=435, page_id=2600, browser=Firefox
Testing: csp_id=435, page_id=2700, browser=Firefox
Testing: csp_id=435, page_id=2800, browser=Firefox
Testing: csp_id=435, page_id=2900, browser=Firefox
Testing: csp_id=435, page_id=3000, browser=Firefox
Testing: csp_id=435, page_id=3100, browser=Firefox
Testing: csp_id=435, page_id=3200, browser=Firefox
Testing: csp_id=435, page_id=3300, browser=Firefox
Testing: csp_id=435, page_id=3400, browser=Firefox
Testing: csp_id=435, page_id=3500, browser=Firefox
Testing: csp_id=435, page_id=3600, browser=Firefox
Testing: csp_id=435, page_id=3700, browser=Firefox
Testing: csp_id=435, page_id=3800, browser=Firefox
Testing: csp_id=435, page_id=3900, browser=Firefox
Testing: csp_id=435, page_id=4000, browser=Firefox
Testing: csp_id=435, page_id=4100, browser=Firefox
Testing: csp_id=435, page_id=4200, browser=Firefox
Testing: csp_id=435, page_id=4300, browser=Firefox
Testing: csp_id=435, page_id=4400, browser=Firefox
Testing: csp_id=435, page_id=4500, browser=Firefox
Testing: csp_id=435, page_id=4600, browser=Firefox
Testing: csp_id=435, page_id=4700, browser=Firefox
Testing: csp_id=435, page_id=4800, browser=Firefox
Testing: csp_id=435, page_id=4900, browser=Firefox
Testing: csp_id=435, page_id=5000, browser=Firefox
Testing: csp_id=435, page_id=5100, browser=Firefox
Testing: csp_id=435, page_id=5200, browser=Firefox
Testing: csp_id=435, page_id=5300, browser=Firefox
Testing: csp_id=435, page_id=5400, browser=Firefox
Testing: csp_id=435, page_id=5500, browser=Firefox
Testing: csp_id=435, page_id=5600, browser=Firefox
Testing: csp_id=435, page_id=5700, browser=Firefox
Testing: csp_id=435, page_id=5800, browser=Firefox
Testing: csp_id=435, page_id=5900, browser=Firefox
Testing: csp_id=435, page_id=6000, browser=Firefox
Testing: csp_id=435, page_id=6100, browser=Firefox
Testing: csp_id=435, page_id=6200, browser=Firefox
Testing: csp_id=435, page_id=6300, browser=Firefox
Testing: csp_id=435, page_id=6400, browser=Firefox
Testing: csp_id=435, page_id=6500, browser=Firefox
Testing: csp_id=435, page_id=6600, browser=Firefox
Testing: csp_id=435, page_id=6700, browser=Firefox
Testing: csp_id=435, page_id=6800, browser=Firefox
Testing: csp_id=435, page_id=6900, browser=Firefox
Testing: csp_id=435, page_id=7000, browser=Firefox
Testing: csp_id=435, page_id=7100, browser=Firefox
Testing: csp_id=435, page_id=7200, browser=Firefox
Testing: csp_id=435, page_id=7300, browser=Firefox
Testing: csp_id=435, page_id=7400, browser=Firefox
Testing: csp_id=435, page_id=7500, browser=Firefox
Testing: csp_id=435, page_id=7600, browser=Firefox
Testing: csp_id=435, page_id=7700, browser=Firefox
Testing: csp_id=435, page_id=7800, browser=Firefox
Testing: csp_id=435, page_id=7900, browser=Firefox
Testing: csp_id=435, page_id=8000, browser=Firefox
Testing: csp_id=435, page_id=8100, browser=Firefox
Testing: csp_id=435, page_id=8200, browser=Firefox
Testing: csp_id=435, page_id=8300, browser=Firefox
Testing: csp_id=435, page_id=8400, browser=Firefox
Testing: csp_id=435, page_id=8500, browser=Firefox
Testing: csp_id=435, page_id=8600, browser=Firefox
Testing: csp_id=435, page_id=8700, browser=Firefox
Testing: csp_id=435, page_id=8800, browser=Firefox
Testing: csp_id=435, page_id=8900, browser=Firefox
Testing: csp_id=435, page_id=9000, browser=Firefox
Testing: csp_id=435, page_id=9100, browser=Firefox
Testing: csp_id=435, page_id=9200, browser=Firefox
Testing: csp_id=435, page_id=9300, browser=Firefox
Testing: csp_id=435, page_id=9400, browser=Firefox
Testing: csp_id=435, page_id=9500, browser=Firefox
Testing: csp_id=435, page_id=9600, browser=Firefox
Testing: csp_id=435, page_id=9700, browser=Firefox
Testing: csp_id=435, page_id=9800, browser=Firefox
Testing: csp_id=435, page_id=9900, browser=Firefox
Testing: csp_id=435, page_id=10000, browser=Firefox
Testing: csp_id=435, page_id=10100, browser=Firefox
Testing: csp_id=435, page_id=10200, browser=Firefox
Testing: csp_id=435, page_id=10300, browser=Firefox
Testing: csp_id=435, page_id=10400, browser=Firefox
Testing: csp_id=435, page_id=10500, browser=Firefox
Testing: csp_id=435, page_id=10600, browser=Firefox
Testing: csp_id=435, page_id=10700, browser=Firefox
Testing: csp_id=435, page_id=10800, browser=Firefox
Testing: csp_id=435, page_id=10900, browser=Firefox
Testing: csp_id=435, page_id=11000, browser=Firefox
Testing: csp_id=435, page_id=11100, browser=Firefox
Testing: csp_id=435, page_id=11200, browser=Firefox
Testing: csp_id=435, page_id=11300, browser=Firefox
Testing: csp_id=435, page_id=11400, browser=Firefox
Testing: csp_id=435, page_id=11500, browser=Firefox
Testing: csp_id=435, page_id=11600, browser=Firefox
Testing: csp_id=435, page_id=11700, browser=Firefox
Testing: csp_id=435, page_id=11800, browser=Firefox
Testing: csp_id=435, page_id=11900, browser=Firefox
Testing: csp_id=435, page_id=12000, browser=Firefox
Testing: csp_id=435, page_id=12100, browser=Firefox
Testing: csp_id=435, page_id=12200, browser=Firefox
Testing: csp_id=435, page_id=12300, browser=Firefox
Testing: csp_id=435, page_id=12400, browser=Firefox
Testing: csp_id=435, page_id=12500, browser=Firefox
Testing: csp_id=435, page_id=12600, browser=Firefox
Testing: csp_id=435, page_id=12700, browser=Firefox
Testing: csp_id=435, page_id=12800, browser=Firefox
Testing: csp_id=435, page_id=12900, browser=Firefox
Testing: csp_id=435, page_id=13000, browser=Firefox
Testing: csp_id=435, page_id=13100, browser=Firefox
Testing: csp_id=435, page_id=13200, browser=Firefox
Testing: csp_id=435, page_id=13300, browser=Firefox
Testing: csp_id=435, page_id=13400, browser=Firefox
Testing: csp_id=435, page_id=13500, browser=Firefox
Testing: csp_id=435, page_id=13600, browser=Firefox
Testing: csp_id=435, page_id=13700, browser=Firefox
Testing: csp_id=435, page_id=13800, browser=Firefox
Testing: csp_id=435, page_id=13900, browser=Firefox
Testing: csp_id=435, page_id=14000, browser=Firefox
Testing: csp_id=435, page_id=14100, browser=Firefox
Testing: csp_id=435, page_id=14200, browser=Firefox
Testing: csp_id=435, page_id=14300, browser=Firefox
Testing: csp_id=435, page_id=14400, browser=Firefox
Testing: csp_id=435, page_id=14500, browser=Firefox
Testing: csp_id=435, page_id=14600, browser=Firefox
Testing: csp_id=435, page_id=14700, browser=Firefox
Testing: csp_id=435, page_id=14800, browser=Firefox
Testing: csp_id=435, page_id=14900, browser=Firefox
Testing: csp_id=435, page_id=15000, browser=Firefox
Testing: csp_id=435, page_id=15100, browser=Firefox
Testing: csp_id=435, page_id=15200, browser=Firefox
Testing: csp_id=435, page_id=15300, browser=Firefox
Testing: csp_id=435, page_id=15400, browser=Firefox
Testing: csp_id=435, page_id=15500, browser=Firefox
Testing: csp_id=435, page_id=15600, browser=Firefox
Testing: csp_id=435, page_id=15700, browser=Firefox
Testing: csp_id=435, page_id=15800, browser=Firefox
Testing: csp_id=435, page_id=15900, browser=Firefox
Testing: csp_id=435, page_id=16000, browser=Firefox
Testing: csp_id=435, page_id=16100, browser=Firefox
Testing: csp_id=435, page_id=16200, browser=Firefox
Testing: csp_id=435, page_id=16300, browser=Firefox
Testing: csp_id=435, page_id=16400, browser=Firefox
Testing: csp_id=435, page_id=16500, browser=Firefox
Testing: csp_id=435, page_id=16600, browser=Firefox
Testing: csp_id=435, page_id=16700, browser=Firefox
Testing: csp_id=435, page_id=16800, browser=Firefox
Testing: csp_id=435, page_id=16900, browser=Firefox
Testing: csp_id=435, page_id=17000, browser=Firefox
Testing: csp_id=435, page_id=17100, browser=Firefox
Testing: csp_id=435, page_id=17200, browser=Firefox
Testing: csp_id=435, page_id=17300, browser=Firefox
Testing: csp_id=435, page_id=17400, browser=Firefox
Testing: csp_id=435, page_id=17500, browser=Firefox
Testing: csp_id=435, page_id=17600, browser=Firefox
Testing: csp_id=435, page_id=17700, browser=Firefox
Testing: csp_id=435, page_id=17800, browser=Firefox
Testing: csp_id=435, page_id=17900, browser=Firefox
Testing: csp_id=435, page_id=18000, browser=Firefox
Testing: csp_id=435, page_id=18100, browser=Firefox
Testing: csp_id=435, page_id=18200, browser=Firefox
Testing: csp_id=435, page_id=18300, browser=Firefox
Testing: csp_id=435, page_id=18400, browser=Firefox
Testing: csp_id=435, page_id=18500, browser=Firefox
Testing: csp_id=435, page_id=18600, browser=Firefox
Testing: csp_id=435, page_id=18700, browser=Firefox
Testing: csp_id=435, page_id=18800, browser=Firefox
Testing: csp_id=435, page_id=18900, browser=Firefox
Testing: csp_id=435, page_id=19000, browser=Firefox
Testing: csp_id=435, page_id=19100, browser=Firefox
Testing: csp_id=435, page_id=19200, browser=Firefox
Testing: csp_id=435, page_id=19300, browser=Firefox
Testing: csp_id=435, page_id=19400, browser=Firefox
Testing: csp_id=435, page_id=19500, browser=Firefox
Testing: csp_id=435, page_id=19600, browser=Firefox
Testing: csp_id=435, page_id=19700, browser=Firefox
Testing: csp_id=435, page_id=19800, browser=Firefox
Testing: csp_id=435, page_id=19900, browser=Firefox
Testing: csp_id=435, page_id=20000, browser=Firefox
Testing: csp_id=435, page_id=20100, browser=Firefox
Testing: csp_id=435, page_id=20200, browser=Firefox
Testing: csp_id=435, page_id=20300, browser=Firefox
Testing: csp_id=435, page_id=20400, browser=Firefox
Testing: csp_id=435, page_id=20500, browser=Firefox
Testing: csp_id=435, page_id=20600, browser=Firefox
Testing: csp_id=435, page_id=20700, browser=Firefox
Testing: csp_id=435, page_id=20800, browser=Firefox
Testing: csp_id=435, page_id=20900, browser=Firefox
Testing: csp_id=435, page_id=21000, browser=Firefox
Testing: csp_id=435, page_id=21100, browser=Firefox
Testing: csp_id=435, page_id=21200, browser=Firefox
Testing: csp_id=435, page_id=21300, browser=Firefox
Testing: csp_id=435, page_id=21400, browser=Firefox
Testing: csp_id=435, page_id=21500, browser=Firefox
Testing: csp_id=435, page_id=21600, browser=Firefox
Testing: csp_id=435, page_id=21700, browser=Firefox
Testing: csp_id=435, page_id=21800, browser=Firefox
Testing: csp_id=435, page_id=21900, browser=Firefox
Testing: csp_id=435, page_id=22000, browser=Firefox
Testing: csp_id=435, page_id=22100, browser=Firefox
Testing: csp_id=435, page_id=22200, browser=Firefox
Testing: csp_id=435, page_id=22300, browser=Firefox
Testing: csp_id=435, page_id=22400, browser=Firefox
Testing: csp_id=435, page_id=22500, browser=Firefox
Testing: csp_id=435, page_id=22600, browser=Firefox
Testing: csp_id=435, page_id=22700, browser=Firefox
Testing: csp_id=435, page_id=22800, browser=Firefox
Testing: csp_id=435, page_id=22900, browser=Firefox
Testing: csp_id=435, page_id=23000, browser=Firefox
Testing: csp_id=435, page_id=23100, browser=Firefox
Testing: csp_id=435, page_id=23200, browser=Firefox
Testing: csp_id=435, page_id=23300, browser=Firefox
Testing: csp_id=435, page_id=23400, browser=Firefox
Testing: csp_id=435, page_id=23500, browser=Firefox
Testing: csp_id=435, page_id=23600, browser=Firefox
Testing: csp_id=435, page_id=23700, browser=Firefox
Testing: csp_id=435, page_id=23800, browser=Firefox
Testing: csp_id=435, page_id=23900, browser=Firefox
Testing: csp_id=435, page_id=24000, browser=Firefox
Testing: csp_id=435, page_id=24100, browser=Firefox
Testing: csp_id=435, page_id=24200, browser=Firefox
Testing: csp_id=435, page_id=24300, browser=Firefox
Testing: csp_id=435, page_id=24400, browser=Firefox
Testing: csp_id=435, page_id=24500, browser=Firefox
Testing: csp_id=435, page_id=24600, browser=Firefox
Testing: csp_id=435, page_id=24700, browser=Firefox
Testing: csp_id=435, page_id=24800, browser=Firefox
Testing: csp_id=435, page_id=24900, browser=Firefox
Testing: csp_id=435, page_id=25000, browser=Firefox
Testing: csp_id=435, page_id=25100, browser=Firefox
Testing: csp_id=435, page_id=25200, browser=Firefox
Testing: csp_id=435, page_id=25300, browser=Firefox
Testing: csp_id=435, page_id=25400, browser=Firefox
Testing: csp_id=435, page_id=25500, browser=Firefox
Testing: csp_id=435, page_id=25600, browser=Firefox
Testing: csp_id=435, page_id=25700, browser=Firefox
Testing: csp_id=435, page_id=25800, browser=Firefox
Testing: csp_id=435, page_id=25900, browser=Firefox
Testing: csp_id=435, page_id=26000, browser=Firefox
Testing: csp_id=435, page_id=26100, browser=Firefox
Testing: csp_id=435, page_id=26200, browser=Firefox
Testing: csp_id=435, page_id=26300, browser=Firefox
Testing: csp_id=435, page_id=26400, browser=Firefox
Testing: csp_id=435, page_id=26500, browser=Firefox
Testing: csp_id=435, page_id=26600, browser=Firefox
Testing: csp_id=435, page_id=26700, browser=Firefox
Testing: csp_id=435, page_id=26800, browser=Firefox
Testing: csp_id=435, page_id=26900, browser=Firefox
Testing: csp_id=435, page_id=27000, browser=Firefox
Testing: csp_id=435, page_id=27100, browser=Firefox
Testing: csp_id=435, page_id=27200, browser=Firefox
Testing: csp_id=435, page_id=27300, browser=Firefox
Testing: csp_id=435, page_id=27400, browser=Firefox
Testing: csp_id=435, page_id=27500, browser=Firefox
Testing: csp_id=435, page_id=27600, browser=Firefox
Testing: csp_id=435, page_id=27700, browser=Firefox
Testing: csp_id=435, page_id=27800, browser=Firefox
Testing: csp_id=435, page_id=27900, browser=Firefox
Testing: csp_id=435, page_id=28000, browser=Firefox
Testing: csp_id=435, page_id=28100, browser=Firefox
Testing: csp_id=435, page_id=28200, browser=Firefox
Testing: csp_id=435, page_id=28300, browser=Firefox
Testing: csp_id=435, page_id=28400, browser=Firefox
Testing: csp_id=435, page_id=28500, browser=Firefox
Testing: csp_id=435, page_id=28600, browser=Firefox
Testing: csp_id=435, page_id=28700, browser=Firefox
Testing: csp_id=435, page_id=28800, browser=Firefox
Testing: csp_id=435, page_id=28900, browser=Firefox
Testing: csp_id=435, page_id=29000, browser=Firefox
Testing: csp_id=435, page_id=29100, browser=Firefox
Testing: csp_id=435, page_id=29200, browser=Firefox
Testing: csp_id=435, page_id=29300, browser=Firefox
Testing: csp_id=435, page_id=29400, browser=Firefox
Testing: csp_id=435, page_id=29500, browser=Firefox
Testing: csp_id=435, page_id=29600, browser=Firefox
Testing: csp_id=435, page_id=29700, browser=Firefox
Testing: csp_id=435, page_id=29800, browser=Firefox
🏊 create_context_pools[first] (5x16): 27.198s
Testing: csp_id=446, page_id=0, browser=Firefox
Testing: csp_id=446, page_id=100, browser=Firefox
Testing: csp_id=446, page_id=200, browser=Firefox
Testing: csp_id=446, page_id=300, browser=Firefox
Testing: csp_id=446, page_id=400, browser=Firefox
Testing: csp_id=446, page_id=500, browser=Firefox
Testing: csp_id=446, page_id=600, browser=Firefox
Testing: csp_id=446, page_id=700, browser=Firefox
Testing: csp_id=446, page_id=800, browser=Firefox
Testing: csp_id=446, page_id=900, browser=Firefox
Testing: csp_id=446, page_id=1000, browser=Firefox
Testing: csp_id=446, page_id=1100, browser=Firefox
Testing: csp_id=446, page_id=1200, browser=Firefox
Testing: csp_id=446, page_id=1300, browser=Firefox
Testing: csp_id=446, page_id=1400, browser=Firefox
Testing: csp_id=446, page_id=1500, browser=Firefox
Testing: csp_id=446, page_id=1600, browser=Firefox
Testing: csp_id=446, page_id=1700, browser=Firefox
Testing: csp_id=446, page_id=1800, browser=Firefox
Testing: csp_id=446, page_id=1900, browser=Firefox
Testing: csp_id=446, page_id=2000, browser=Firefox
Testing: csp_id=446, page_id=2100, browser=Firefox
Testing: csp_id=446, page_id=2200, browser=Firefox
Testing: csp_id=446, page_id=2300, browser=Firefox
Testing: csp_id=446, page_id=2400, browser=Firefox
Testing: csp_id=446, page_id=2500, browser=Firefox
Testing: csp_id=446, page_id=2600, browser=Firefox
Testing: csp_id=446, page_id=2700, browser=Firefox
Testing: csp_id=446, page_id=2800, browser=Firefox
Testing: csp_id=446, page_id=2900, browser=Firefox
Testing: csp_id=446, page_id=3000, browser=Firefox
Testing: csp_id=446, page_id=3100, browser=Firefox
Testing: csp_id=446, page_id=3200, browser=Firefox
Testing: csp_id=446, page_id=3300, browser=Firefox
Testing: csp_id=446, page_id=3400, browser=Firefox
Testing: csp_id=446, page_id=3500, browser=Firefox
Testing: csp_id=446, page_id=3600, browser=Firefox
Testing: csp_id=446, page_id=3700, browser=Firefox
Testing: csp_id=446, page_id=3800, browser=Firefox
Testing: csp_id=446, page_id=3900, browser=Firefox
Testing: csp_id=446, page_id=4000, browser=Firefox
Testing: csp_id=446, page_id=4100, browser=Firefox
Testing: csp_id=446, page_id=4200, browser=Firefox
Testing: csp_id=446, page_id=4300, browser=Firefox
Testing: csp_id=446, page_id=4400, browser=Firefox
Testing: csp_id=446, page_id=4500, browser=Firefox
Testing: csp_id=446, page_id=4600, browser=Firefox
Testing: csp_id=446, page_id=4700, browser=Firefox
Testing: csp_id=446, page_id=4800, browser=Firefox
Testing: csp_id=446, page_id=4900, browser=Firefox
Testing: csp_id=446, page_id=5000, browser=Firefox
Testing: csp_id=446, page_id=5100, browser=Firefox
Testing: csp_id=446, page_id=5200, browser=Firefox
Testing: csp_id=446, page_id=5300, browser=Firefox
Testing: csp_id=446, page_id=5400, browser=Firefox
Testing: csp_id=446, page_id=5500, browser=Firefox
Testing: csp_id=446, page_id=5600, browser=Firefox
Testing: csp_id=446, page_id=5700, browser=Firefox
Testing: csp_id=446, page_id=5800, browser=Firefox
Testing: csp_id=446, page_id=5900, browser=Firefox
Testing: csp_id=446, page_id=6000, browser=Firefox
Testing: csp_id=446, page_id=6100, browser=Firefox
Testing: csp_id=446, page_id=6200, browser=Firefox
Testing: csp_id=446, page_id=6300, browser=Firefox
Testing: csp_id=446, page_id=6400, browser=Firefox
Testing: csp_id=446, page_id=6500, browser=Firefox
Testing: csp_id=446, page_id=6600, browser=Firefox
Testing: csp_id=446, page_id=6700, browser=Firefox
Testing: csp_id=446, page_id=6800, browser=Firefox
Testing: csp_id=446, page_id=6900, browser=Firefox
Testing: csp_id=446, page_id=7000, browser=Firefox
Testing: csp_id=446, page_id=7100, browser=Firefox
Testing: csp_id=446, page_id=7200, browser=Firefox
Testing: csp_id=446, page_id=7300, browser=Firefox
Testing: csp_id=446, page_id=7400, browser=Firefox
Testing: csp_id=446, page_id=7500, browser=Firefox
Testing: csp_id=446, page_id=7600, browser=Firefox
Testing: csp_id=446, page_id=7700, browser=Firefox
Testing: csp_id=446, page_id=7800, browser=Firefox
Testing: csp_id=446, page_id=7900, browser=Firefox
Testing: csp_id=446, page_id=8000, browser=Firefox
Testing: csp_id=446, page_id=8100, browser=Firefox
Testing: csp_id=446, page_id=8200, browser=Firefox
Testing: csp_id=446, page_id=8300, browser=Firefox
Testing: csp_id=446, page_id=8400, browser=Firefox
Testing: csp_id=446, page_id=8500, browser=Firefox
Testing: csp_id=446, page_id=8600, browser=Firefox
Testing: csp_id=446, page_id=8700, browser=Firefox
Testing: csp_id=446, page_id=8800, browser=Firefox
Testing: csp_id=446, page_id=8900, browser=Firefox
Testing: csp_id=446, page_id=9000, browser=Firefox
Testing: csp_id=446, page_id=9100, browser=Firefox
Testing: csp_id=446, page_id=9200, browser=Firefox
Testing: csp_id=446, page_id=9300, browser=Firefox
Testing: csp_id=446, page_id=9400, browser=Firefox
Testing: csp_id=446, page_id=9500, browser=Firefox
Testing: csp_id=446, page_id=9600, browser=Firefox
Testing: csp_id=446, page_id=9700, browser=Firefox
Testing: csp_id=446, page_id=9800, browser=Firefox
Testing: csp_id=446, page_id=9900, browser=Firefox
Testing: csp_id=446, page_id=10000, browser=Firefox
Testing: csp_id=446, page_id=10100, browser=Firefox
Testing: csp_id=446, page_id=10200, browser=Firefox
Testing: csp_id=446, page_id=10300, browser=Firefox
Testing: csp_id=446, page_id=10400, browser=Firefox
Testing: csp_id=446, page_id=10500, browser=Firefox
Testing: csp_id=446, page_id=10600, browser=Firefox
Testing: csp_id=446, page_id=10700, browser=Firefox
Testing: csp_id=446, page_id=10800, browser=Firefox
Testing: csp_id=446, page_id=10900, browser=Firefox
Testing: csp_id=446, page_id=11000, browser=Firefox
Testing: csp_id=446, page_id=11100, browser=Firefox
Testing: csp_id=446, page_id=11200, browser=Firefox
Testing: csp_id=446, page_id=11300, browser=Firefox
Testing: csp_id=446, page_id=11400, browser=Firefox
Testing: csp_id=446, page_id=11500, browser=Firefox
Testing: csp_id=446, page_id=11600, browser=Firefox
Testing: csp_id=446, page_id=11700, browser=Firefox
Testing: csp_id=446, page_id=11800, browser=Firefox
Testing: csp_id=446, page_id=11900, browser=Firefox
Testing: csp_id=446, page_id=12000, browser=Firefox
Testing: csp_id=446, page_id=12100, browser=Firefox
Testing: csp_id=446, page_id=12200, browser=Firefox
Testing: csp_id=446, page_id=12300, browser=Firefox
Testing: csp_id=446, page_id=12400, browser=Firefox
Testing: csp_id=446, page_id=12500, browser=Firefox
Testing: csp_id=446, page_id=12600, browser=Firefox
Testing: csp_id=446, page_id=12700, browser=Firefox
Testing: csp_id=446, page_id=12800, browser=Firefox
Testing: csp_id=446, page_id=12900, browser=Firefox
Testing: csp_id=446, page_id=13000, browser=Firefox
Testing: csp_id=446, page_id=13100, browser=Firefox
Testing: csp_id=446, page_id=13200, browser=Firefox
Testing: csp_id=446, page_id=13300, browser=Firefox
Testing: csp_id=446, page_id=13400, browser=Firefox
Testing: csp_id=446, page_id=13500, browser=Firefox
Testing: csp_id=446, page_id=13600, browser=Firefox
Testing: csp_id=446, page_id=13700, browser=Firefox
Testing: csp_id=446, page_id=13800, browser=Firefox
Testing: csp_id=446, page_id=13900, browser=Firefox
Testing: csp_id=446, page_id=14000, browser=Firefox
Testing: csp_id=446, page_id=14100, browser=Firefox
Testing: csp_id=446, page_id=14200, browser=Firefox
Testing: csp_id=446, page_id=14300, browser=Firefox
Testing: csp_id=446, page_id=14400, browser=Firefox
Testing: csp_id=446, page_id=14500, browser=Firefox
Testing: csp_id=446, page_id=14600, browser=Firefox
Testing: csp_id=446, page_id=14700, browser=Firefox
Testing: csp_id=446, page_id=14800, browser=Firefox
Testing: csp_id=446, page_id=14900, browser=Firefox
Testing: csp_id=446, page_id=15000, browser=Firefox
Testing: csp_id=446, page_id=15100, browser=Firefox
Testing: csp_id=446, page_id=15200, browser=Firefox
Testing: csp_id=446, page_id=15300, browser=Firefox
Testing: csp_id=446, page_id=15400, browser=Firefox
Testing: csp_id=446, page_id=15500, browser=Firefox
Testing: csp_id=446, page_id=15600, browser=Firefox
Testing: csp_id=446, page_id=15700, browser=Firefox
Testing: csp_id=446, page_id=15800, browser=Firefox
Testing: csp_id=446, page_id=15900, browser=Firefox
Testing: csp_id=446, page_id=16000, browser=Firefox
Testing: csp_id=446, page_id=16100, browser=Firefox
Testing: csp_id=446, page_id=16200, browser=Firefox
Testing: csp_id=446, page_id=16300, browser=Firefox
Testing: csp_id=446, page_id=16400, browser=Firefox
Testing: csp_id=446, page_id=16500, browser=Firefox
Testing: csp_id=446, page_id=16600, browser=Firefox
Testing: csp_id=446, page_id=16700, browser=Firefox
Testing: csp_id=446, page_id=16800, browser=Firefox
Testing: csp_id=446, page_id=16900, browser=Firefox
Testing: csp_id=446, page_id=17000, browser=Firefox
Testing: csp_id=446, page_id=17100, browser=Firefox
Testing: csp_id=446, page_id=17200, browser=Firefox
Testing: csp_id=446, page_id=17300, browser=Firefox
Testing: csp_id=446, page_id=17400, browser=Firefox
Testing: csp_id=446, page_id=17500, browser=Firefox
Testing: csp_id=446, page_id=17600, browser=Firefox
Testing: csp_id=446, page_id=17700, browser=Firefox
Testing: csp_id=446, page_id=17800, browser=Firefox
Testing: csp_id=446, page_id=17900, browser=Firefox
Testing: csp_id=446, page_id=18000, browser=Firefox
Testing: csp_id=446, page_id=18100, browser=Firefox
Testing: csp_id=446, page_id=18200, browser=Firefox
Testing: csp_id=446, page_id=18300, browser=Firefox
Testing: csp_id=446, page_id=18400, browser=Firefox
Testing: csp_id=446, page_id=18500, browser=Firefox
Testing: csp_id=446, page_id=18600, browser=Firefox
Testing: csp_id=446, page_id=18700, browser=Firefox
Testing: csp_id=446, page_id=18800, browser=Firefox
Testing: csp_id=446, page_id=18900, browser=Firefox
Testing: csp_id=446, page_id=19000, browser=Firefox
Testing: csp_id=446, page_id=19100, browser=Firefox
Testing: csp_id=446, page_id=19200, browser=Firefox
Testing: csp_id=446, page_id=19300, browser=Firefox
Testing: csp_id=446, page_id=19400, browser=Firefox
Testing: csp_id=446, page_id=19500, browser=Firefox
Testing: csp_id=446, page_id=19600, browser=Firefox
Testing: csp_id=446, page_id=19700, browser=Firefox
Testing: csp_id=446, page_id=19800, browser=Firefox
Testing: csp_id=446, page_id=19900, browser=Firefox
Testing: csp_id=446, page_id=20000, browser=Firefox
Testing: csp_id=446, page_id=20100, browser=Firefox
Testing: csp_id=446, page_id=20200, browser=Firefox
Testing: csp_id=446, page_id=20300, browser=Firefox
Testing: csp_id=446, page_id=20400, browser=Firefox
Testing: csp_id=446, page_id=20500, browser=Firefox
Testing: csp_id=446, page_id=20600, browser=Firefox
Testing: csp_id=446, page_id=20700, browser=Firefox
Testing: csp_id=446, page_id=20800, browser=Firefox
Testing: csp_id=446, page_id=20900, browser=Firefox
Testing: csp_id=446, page_id=21000, browser=Firefox
Testing: csp_id=446, page_id=21100, browser=Firefox
Testing: csp_id=446, page_id=21200, browser=Firefox
Testing: csp_id=446, page_id=21300, browser=Firefox
Testing: csp_id=446, page_id=21400, browser=Firefox
Testing: csp_id=446, page_id=21500, browser=Firefox
Testing: csp_id=446, page_id=21600, browser=Firefox
Testing: csp_id=446, page_id=21700, browser=Firefox
Testing: csp_id=446, page_id=21800, browser=Firefox
Testing: csp_id=446, page_id=21900, browser=Firefox
Testing: csp_id=446, page_id=22000, browser=Firefox
Testing: csp_id=446, page_id=22100, browser=Firefox
Testing: csp_id=446, page_id=22200, browser=Firefox
Testing: csp_id=446, page_id=22300, browser=Firefox
Testing: csp_id=446, page_id=22400, browser=Firefox
Testing: csp_id=446, page_id=22500, browser=Firefox
Testing: csp_id=446, page_id=22600, browser=Firefox
Testing: csp_id=446, page_id=22700, browser=Firefox
Testing: csp_id=446, page_id=22800, browser=Firefox
Testing: csp_id=446, page_id=22900, browser=Firefox
Testing: csp_id=446, page_id=23000, browser=Firefox
Testing: csp_id=446, page_id=23100, browser=Firefox
Testing: csp_id=446, page_id=23200, browser=Firefox
Testing: csp_id=446, page_id=23300, browser=Firefox
Testing: csp_id=446, page_id=23400, browser=Firefox
Testing: csp_id=446, page_id=23500, browser=Firefox
Testing: csp_id=446, page_id=23600, browser=Firefox
Testing: csp_id=446, page_id=23700, browser=Firefox
Testing: csp_id=446, page_id=23800, browser=Firefox
Testing: csp_id=446, page_id=23900, browser=Firefox
Testing: csp_id=446, page_id=24000, browser=Firefox
Testing: csp_id=446, page_id=24100, browser=Firefox
Testing: csp_id=446, page_id=24200, browser=Firefox
Testing: csp_id=446, page_id=24300, browser=Firefox
Testing: csp_id=446, page_id=24400, browser=Firefox
Testing: csp_id=446, page_id=24500, browser=Firefox
Testing: csp_id=446, page_id=24600, browser=Firefox
Testing: csp_id=446, page_id=24700, browser=Firefox
Testing: csp_id=446, page_id=24800, browser=Firefox
Testing: csp_id=446, page_id=24900, browser=Firefox
Testing: csp_id=446, page_id=25000, browser=Firefox
Testing: csp_id=446, page_id=25100, browser=Firefox
Testing: csp_id=446, page_id=25200, browser=Firefox
Testing: csp_id=446, page_id=25300, browser=Firefox
Testing: csp_id=446, page_id=25400, browser=Firefox
Testing: csp_id=446, page_id=25500, browser=Firefox
Testing: csp_id=446, page_id=25600, browser=Firefox
Testing: csp_id=446, page_id=25700, browser=Firefox
Testing: csp_id=446, page_id=25800, browser=Firefox
Testing: csp_id=446, page_id=25900, browser=Firefox
Testing: csp_id=446, page_id=26000, browser=Firefox
Testing: csp_id=446, page_id=26100, browser=Firefox
Testing: csp_id=446, page_id=26200, browser=Firefox
Testing: csp_id=446, page_id=26300, browser=Firefox
Testing: csp_id=446, page_id=26400, browser=Firefox
Testing: csp_id=446, page_id=26500, browser=Firefox
Testing: csp_id=446, page_id=26600, browser=Firefox
Testing: csp_id=446, page_id=26700, browser=Firefox
Testing: csp_id=446, page_id=26800, browser=Firefox
Testing: csp_id=446, page_id=26900, browser=Firefox
Testing: csp_id=446, page_id=27000, browser=Firefox
Testing: csp_id=446, page_id=27100, browser=Firefox
Testing: csp_id=446, page_id=27200, browser=Firefox
Testing: csp_id=446, page_id=27300, browser=Firefox
Testing: csp_id=446, page_id=27400, browser=Firefox
Testing: csp_id=446, page_id=27500, browser=Firefox
Testing: csp_id=446, page_id=27600, browser=Firefox
Testing: csp_id=446, page_id=27700, browser=Firefox
Testing: csp_id=446, page_id=27800, browser=Firefox
Testing: csp_id=446, page_id=27900, browser=Firefox
Testing: csp_id=446, page_id=28000, browser=Firefox
Testing: csp_id=446, page_id=28100, browser=Firefox
Testing: csp_id=446, page_id=28200, browser=Firefox
Testing: csp_id=446, page_id=28300, browser=Firefox
Testing: csp_id=446, page_id=28400, browser=Firefox
Testing: csp_id=446, page_id=28500, browser=Firefox
Testing: csp_id=446, page_id=28600, browser=Firefox
Testing: csp_id=446, page_id=28700, browser=Firefox
Testing: csp_id=446, page_id=28800, browser=Firefox
Testing: csp_id=446, page_id=28900, browser=Firefox
Testing: csp_id=446, page_id=29000, browser=Firefox
Testing: csp_id=446, page_id=29100, browser=Firefox
Testing: csp_id=446, page_id=29200, browser=Firefox
Testing: csp_id=446, page_id=29300, browser=Firefox
Testing: csp_id=446, page_id=29400, browser=Firefox
Testing: csp_id=446, page_id=29500, browser=Firefox
Testing: csp_id=446, page_id=29600, browser=Firefox
Testing: csp_id=446, page_id=29700, browser=Firefox
Testing: csp_id=446, page_id=29800, browser=Firefox
🏊 create_context_pools[first] (5x16): 29.619s
Testing: csp_id=457, page_id=0, browser=Firefox
Testing: csp_id=457, page_id=100, browser=Firefox
Testing: csp_id=457, page_id=200, browser=Firefox
Testing: csp_id=457, page_id=300, browser=Firefox
Testing: csp_id=457, page_id=400, browser=Firefox
Testing: csp_id=457, page_id=500, browser=Firefox
Testing: csp_id=457, page_id=600, browser=Firefox
Testing: csp_id=457, page_id=700, browser=Firefox
Testing: csp_id=457, page_id=800, browser=Firefox
Testing: csp_id=457, page_id=900, browser=Firefox
Testing: csp_id=457, page_id=1000, browser=Firefox
Testing: csp_id=457, page_id=1100, browser=Firefox
Testing: csp_id=457, page_id=1200, browser=Firefox
Testing: csp_id=457, page_id=1300, browser=Firefox
Testing: csp_id=457, page_id=1400, browser=Firefox
Testing: csp_id=457, page_id=1500, browser=Firefox
Testing: csp_id=457, page_id=1600, browser=Firefox
Testing: csp_id=457, page_id=1700, browser=Firefox
Testing: csp_id=457, page_id=1800, browser=Firefox
Testing: csp_id=457, page_id=1900, browser=Firefox
Testing: csp_id=457, page_id=2000, browser=Firefox
Testing: csp_id=457, page_id=2100, browser=Firefox
Testing: csp_id=457, page_id=2200, browser=Firefox
Testing: csp_id=457, page_id=2300, browser=Firefox
Testing: csp_id=457, page_id=2400, browser=Firefox
Testing: csp_id=457, page_id=2500, browser=Firefox
Testing: csp_id=457, page_id=2600, browser=Firefox
Testing: csp_id=457, page_id=2700, browser=Firefox
Testing: csp_id=457, page_id=2800, browser=Firefox
Testing: csp_id=457, page_id=2900, browser=Firefox
Testing: csp_id=457, page_id=3000, browser=Firefox
Testing: csp_id=457, page_id=3100, browser=Firefox
Testing: csp_id=457, page_id=3200, browser=Firefox
Testing: csp_id=457, page_id=3300, browser=Firefox
Testing: csp_id=457, page_id=3400, browser=Firefox
Testing: csp_id=457, page_id=3500, browser=Firefox
Testing: csp_id=457, page_id=3600, browser=Firefox
Testing: csp_id=457, page_id=3700, browser=Firefox
Testing: csp_id=457, page_id=3800, browser=Firefox
Testing: csp_id=457, page_id=3900, browser=Firefox
Testing: csp_id=457, page_id=4000, browser=Firefox
Testing: csp_id=457, page_id=4100, browser=Firefox
Testing: csp_id=457, page_id=4200, browser=Firefox
Testing: csp_id=457, page_id=4300, browser=Firefox
Testing: csp_id=457, page_id=4400, browser=Firefox
Testing: csp_id=457, page_id=4500, browser=Firefox
Testing: csp_id=457, page_id=4600, browser=Firefox
Testing: csp_id=457, page_id=4700, browser=Firefox
Testing: csp_id=457, page_id=4800, browser=Firefox
Testing: csp_id=457, page_id=4900, browser=Firefox
Testing: csp_id=457, page_id=5000, browser=Firefox
Testing: csp_id=457, page_id=5100, browser=Firefox
Testing: csp_id=457, page_id=5200, browser=Firefox
Testing: csp_id=457, page_id=5300, browser=Firefox
Testing: csp_id=457, page_id=5400, browser=Firefox
Testing: csp_id=457, page_id=5500, browser=Firefox
Testing: csp_id=457, page_id=5600, browser=Firefox
Testing: csp_id=457, page_id=5700, browser=Firefox
Testing: csp_id=457, page_id=5800, browser=Firefox
Testing: csp_id=457, page_id=5900, browser=Firefox
Testing: csp_id=457, page_id=6000, browser=Firefox
Testing: csp_id=457, page_id=6100, browser=Firefox
Testing: csp_id=457, page_id=6200, browser=Firefox
Testing: csp_id=457, page_id=6300, browser=Firefox
Testing: csp_id=457, page_id=6400, browser=Firefox
Testing: csp_id=457, page_id=6500, browser=Firefox
Testing: csp_id=457, page_id=6600, browser=Firefox
Testing: csp_id=457, page_id=6700, browser=Firefox
Testing: csp_id=457, page_id=6800, browser=Firefox
Testing: csp_id=457, page_id=6900, browser=Firefox
Testing: csp_id=457, page_id=7000, browser=Firefox
Testing: csp_id=457, page_id=7100, browser=Firefox
Testing: csp_id=457, page_id=7200, browser=Firefox
Testing: csp_id=457, page_id=7300, browser=Firefox
Testing: csp_id=457, page_id=7400, browser=Firefox
Testing: csp_id=457, page_id=7500, browser=Firefox
Testing: csp_id=457, page_id=7600, browser=Firefox
Testing: csp_id=457, page_id=7700, browser=Firefox
Testing: csp_id=457, page_id=7800, browser=Firefox
Testing: csp_id=457, page_id=7900, browser=Firefox
Testing: csp_id=457, page_id=8000, browser=Firefox
Testing: csp_id=457, page_id=8100, browser=Firefox
Testing: csp_id=457, page_id=8200, browser=Firefox
Testing: csp_id=457, page_id=8300, browser=Firefox
Testing: csp_id=457, page_id=8400, browser=Firefox
Testing: csp_id=457, page_id=8500, browser=Firefox
Testing: csp_id=457, page_id=8600, browser=Firefox
Testing: csp_id=457, page_id=8700, browser=Firefox
Testing: csp_id=457, page_id=8800, browser=Firefox
Testing: csp_id=457, page_id=8900, browser=Firefox
Testing: csp_id=457, page_id=9000, browser=Firefox
Testing: csp_id=457, page_id=9100, browser=Firefox
Testing: csp_id=457, page_id=9200, browser=Firefox
Testing: csp_id=457, page_id=9300, browser=Firefox
Testing: csp_id=457, page_id=9400, browser=Firefox
Testing: csp_id=457, page_id=9500, browser=Firefox
Testing: csp_id=457, page_id=9600, browser=Firefox
Testing: csp_id=457, page_id=9700, browser=Firefox
Testing: csp_id=457, page_id=9800, browser=Firefox
Testing: csp_id=457, page_id=9900, browser=Firefox
Testing: csp_id=457, page_id=10000, browser=Firefox
Testing: csp_id=457, page_id=10100, browser=Firefox
Testing: csp_id=457, page_id=10200, browser=Firefox
Testing: csp_id=457, page_id=10300, browser=Firefox
Testing: csp_id=457, page_id=10400, browser=Firefox
Testing: csp_id=457, page_id=10500, browser=Firefox
Testing: csp_id=457, page_id=10600, browser=Firefox
Testing: csp_id=457, page_id=10700, browser=Firefox
Testing: csp_id=457, page_id=10800, browser=Firefox
Testing: csp_id=457, page_id=10900, browser=Firefox
Testing: csp_id=457, page_id=11000, browser=Firefox
Testing: csp_id=457, page_id=11100, browser=Firefox
Testing: csp_id=457, page_id=11200, browser=Firefox
Testing: csp_id=457, page_id=11300, browser=Firefox
Testing: csp_id=457, page_id=11400, browser=Firefox
Testing: csp_id=457, page_id=11500, browser=Firefox
Testing: csp_id=457, page_id=11600, browser=Firefox
Testing: csp_id=457, page_id=11700, browser=Firefox
Testing: csp_id=457, page_id=11800, browser=Firefox
Testing: csp_id=457, page_id=11900, browser=Firefox
Testing: csp_id=457, page_id=12000, browser=Firefox
Testing: csp_id=457, page_id=12100, browser=Firefox
Testing: csp_id=457, page_id=12200, browser=Firefox
Testing: csp_id=457, page_id=12300, browser=Firefox
Testing: csp_id=457, page_id=12400, browser=Firefox
Testing: csp_id=457, page_id=12500, browser=Firefox
Testing: csp_id=457, page_id=12600, browser=Firefox
Testing: csp_id=457, page_id=12700, browser=Firefox
Testing: csp_id=457, page_id=12800, browser=Firefox
Testing: csp_id=457, page_id=12900, browser=Firefox
Testing: csp_id=457, page_id=13000, browser=Firefox
Testing: csp_id=457, page_id=13100, browser=Firefox
Testing: csp_id=457, page_id=13200, browser=Firefox
Testing: csp_id=457, page_id=13300, browser=Firefox
Testing: csp_id=457, page_id=13400, browser=Firefox
Testing: csp_id=457, page_id=13500, browser=Firefox
Testing: csp_id=457, page_id=13600, browser=Firefox
Testing: csp_id=457, page_id=13700, browser=Firefox
Testing: csp_id=457, page_id=13800, browser=Firefox
Testing: csp_id=457, page_id=13900, browser=Firefox
Testing: csp_id=457, page_id=14000, browser=Firefox
Testing: csp_id=457, page_id=14100, browser=Firefox
Testing: csp_id=457, page_id=14200, browser=Firefox
Testing: csp_id=457, page_id=14300, browser=Firefox
Testing: csp_id=457, page_id=14400, browser=Firefox
Testing: csp_id=457, page_id=14500, browser=Firefox
Testing: csp_id=457, page_id=14600, browser=Firefox
Testing: csp_id=457, page_id=14700, browser=Firefox
Testing: csp_id=457, page_id=14800, browser=Firefox
Testing: csp_id=457, page_id=14900, browser=Firefox
Testing: csp_id=457, page_id=15000, browser=Firefox
Testing: csp_id=457, page_id=15100, browser=Firefox
Testing: csp_id=457, page_id=15200, browser=Firefox
Testing: csp_id=457, page_id=15300, browser=Firefox
Testing: csp_id=457, page_id=15400, browser=Firefox
Testing: csp_id=457, page_id=15500, browser=Firefox
Testing: csp_id=457, page_id=15600, browser=Firefox
Testing: csp_id=457, page_id=15700, browser=Firefox
Testing: csp_id=457, page_id=15800, browser=Firefox
Testing: csp_id=457, page_id=15900, browser=Firefox
Testing: csp_id=457, page_id=16000, browser=Firefox
Testing: csp_id=457, page_id=16100, browser=Firefox
Testing: csp_id=457, page_id=16200, browser=Firefox
Testing: csp_id=457, page_id=16300, browser=Firefox
Testing: csp_id=457, page_id=16400, browser=Firefox
Testing: csp_id=457, page_id=16500, browser=Firefox
Testing: csp_id=457, page_id=16600, browser=Firefox
Testing: csp_id=457, page_id=16700, browser=Firefox
Testing: csp_id=457, page_id=16800, browser=Firefox
Testing: csp_id=457, page_id=16900, browser=Firefox
Testing: csp_id=457, page_id=17000, browser=Firefox
Testing: csp_id=457, page_id=17100, browser=Firefox
Testing: csp_id=457, page_id=17200, browser=Firefox
Testing: csp_id=457, page_id=17300, browser=Firefox
Testing: csp_id=457, page_id=17400, browser=Firefox
Testing: csp_id=457, page_id=17500, browser=Firefox
Testing: csp_id=457, page_id=17600, browser=Firefox
Testing: csp_id=457, page_id=17700, browser=Firefox
Testing: csp_id=457, page_id=17800, browser=Firefox
Testing: csp_id=457, page_id=17900, browser=Firefox
Testing: csp_id=457, page_id=18000, browser=Firefox
Testing: csp_id=457, page_id=18100, browser=Firefox
Testing: csp_id=457, page_id=18200, browser=Firefox
Testing: csp_id=457, page_id=18300, browser=Firefox
Testing: csp_id=457, page_id=18400, browser=Firefox
Testing: csp_id=457, page_id=18500, browser=Firefox
Testing: csp_id=457, page_id=18600, browser=Firefox
Testing: csp_id=457, page_id=18700, browser=Firefox
Testing: csp_id=457, page_id=18800, browser=Firefox
Testing: csp_id=457, page_id=18900, browser=Firefox
Testing: csp_id=457, page_id=19000, browser=Firefox
Testing: csp_id=457, page_id=19100, browser=Firefox
Testing: csp_id=457, page_id=19200, browser=Firefox
Testing: csp_id=457, page_id=19300, browser=Firefox
Testing: csp_id=457, page_id=19400, browser=Firefox
Testing: csp_id=457, page_id=19500, browser=Firefox
Testing: csp_id=457, page_id=19600, browser=Firefox
Testing: csp_id=457, page_id=19700, browser=Firefox
Testing: csp_id=457, page_id=19800, browser=Firefox
Testing: csp_id=457, page_id=19900, browser=Firefox
Testing: csp_id=457, page_id=20000, browser=Firefox
Testing: csp_id=457, page_id=20100, browser=Firefox
Testing: csp_id=457, page_id=20200, browser=Firefox
Testing: csp_id=457, page_id=20300, browser=Firefox
Testing: csp_id=457, page_id=20400, browser=Firefox
Testing: csp_id=457, page_id=20500, browser=Firefox
Testing: csp_id=457, page_id=20600, browser=Firefox
Testing: csp_id=457, page_id=20700, browser=Firefox
Testing: csp_id=457, page_id=20800, browser=Firefox
Testing: csp_id=457, page_id=20900, browser=Firefox
Testing: csp_id=457, page_id=21000, browser=Firefox
Testing: csp_id=457, page_id=21100, browser=Firefox
Testing: csp_id=457, page_id=21200, browser=Firefox
Testing: csp_id=457, page_id=21300, browser=Firefox
Testing: csp_id=457, page_id=21400, browser=Firefox
Testing: csp_id=457, page_id=21500, browser=Firefox
Testing: csp_id=457, page_id=21600, browser=Firefox
Testing: csp_id=457, page_id=21700, browser=Firefox
Testing: csp_id=457, page_id=21800, browser=Firefox
Testing: csp_id=457, page_id=21900, browser=Firefox
Testing: csp_id=457, page_id=22000, browser=Firefox
Testing: csp_id=457, page_id=22100, browser=Firefox
Testing: csp_id=457, page_id=22200, browser=Firefox
Testing: csp_id=457, page_id=22300, browser=Firefox
Testing: csp_id=457, page_id=22400, browser=Firefox
Testing: csp_id=457, page_id=22500, browser=Firefox
Testing: csp_id=457, page_id=22600, browser=Firefox
Testing: csp_id=457, page_id=22700, browser=Firefox
Testing: csp_id=457, page_id=22800, browser=Firefox
Testing: csp_id=457, page_id=22900, browser=Firefox
Testing: csp_id=457, page_id=23000, browser=Firefox
Testing: csp_id=457, page_id=23100, browser=Firefox
Testing: csp_id=457, page_id=23200, browser=Firefox
Testing: csp_id=457, page_id=23300, browser=Firefox
Testing: csp_id=457, page_id=23400, browser=Firefox
Testing: csp_id=457, page_id=23500, browser=Firefox
Testing: csp_id=457, page_id=23600, browser=Firefox
Testing: csp_id=457, page_id=23700, browser=Firefox
Testing: csp_id=457, page_id=23800, browser=Firefox
Testing: csp_id=457, page_id=23900, browser=Firefox
Testing: csp_id=457, page_id=24000, browser=Firefox
Testing: csp_id=457, page_id=24100, browser=Firefox
Testing: csp_id=457, page_id=24200, browser=Firefox
Testing: csp_id=457, page_id=24300, browser=Firefox
Testing: csp_id=457, page_id=24400, browser=Firefox
Testing: csp_id=457, page_id=24500, browser=Firefox
Testing: csp_id=457, page_id=24600, browser=Firefox
Testing: csp_id=457, page_id=24700, browser=Firefox
Testing: csp_id=457, page_id=24800, browser=Firefox
Testing: csp_id=457, page_id=24900, browser=Firefox
Testing: csp_id=457, page_id=25000, browser=Firefox
Testing: csp_id=457, page_id=25100, browser=Firefox
Testing: csp_id=457, page_id=25200, browser=Firefox
Testing: csp_id=457, page_id=25300, browser=Firefox
Testing: csp_id=457, page_id=25400, browser=Firefox
Testing: csp_id=457, page_id=25500, browser=Firefox
Testing: csp_id=457, page_id=25600, browser=Firefox
Testing: csp_id=457, page_id=25700, browser=Firefox
Testing: csp_id=457, page_id=25800, browser=Firefox
Testing: csp_id=457, page_id=25900, browser=Firefox
Testing: csp_id=457, page_id=26000, browser=Firefox
Testing: csp_id=457, page_id=26100, browser=Firefox
Testing: csp_id=457, page_id=26200, browser=Firefox
Testing: csp_id=457, page_id=26300, browser=Firefox
Testing: csp_id=457, page_id=26400, browser=Firefox
Testing: csp_id=457, page_id=26500, browser=Firefox
Testing: csp_id=457, page_id=26600, browser=Firefox
Testing: csp_id=457, page_id=26700, browser=Firefox
Testing: csp_id=457, page_id=26800, browser=Firefox
Testing: csp_id=457, page_id=26900, browser=Firefox
Testing: csp_id=457, page_id=27000, browser=Firefox
Testing: csp_id=457, page_id=27100, browser=Firefox
Testing: csp_id=457, page_id=27200, browser=Firefox
Testing: csp_id=457, page_id=27300, browser=Firefox
Testing: csp_id=457, page_id=27400, browser=Firefox
Testing: csp_id=457, page_id=27500, browser=Firefox
Testing: csp_id=457, page_id=27600, browser=Firefox
Testing: csp_id=457, page_id=27700, browser=Firefox
Testing: csp_id=457, page_id=27800, browser=Firefox
Testing: csp_id=457, page_id=27900, browser=Firefox
Testing: csp_id=457, page_id=28000, browser=Firefox
Testing: csp_id=457, page_id=28100, browser=Firefox
Testing: csp_id=457, page_id=28200, browser=Firefox
Testing: csp_id=457, page_id=28300, browser=Firefox
Testing: csp_id=457, page_id=28400, browser=Firefox
Testing: csp_id=457, page_id=28500, browser=Firefox
Testing: csp_id=457, page_id=28600, browser=Firefox
Testing: csp_id=457, page_id=28700, browser=Firefox
Testing: csp_id=457, page_id=28800, browser=Firefox
Testing: csp_id=457, page_id=28900, browser=Firefox
Testing: csp_id=457, page_id=29000, browser=Firefox
Testing: csp_id=457, page_id=29100, browser=Firefox
Testing: csp_id=457, page_id=29200, browser=Firefox
Testing: csp_id=457, page_id=29300, browser=Firefox
Testing: csp_id=457, page_id=29400, browser=Firefox
Testing: csp_id=457, page_id=29500, browser=Firefox
Testing: csp_id=457, page_id=29600, browser=Firefox
Testing: csp_id=457, page_id=29700, browser=Firefox
Testing: csp_id=457, page_id=29800, browser=Firefox
🏊 create_context_pools[first] (5x16): 24.977s
Testing: csp_id=466, page_id=0, browser=Firefox
Testing: csp_id=466, page_id=100, browser=Firefox
Testing: csp_id=466, page_id=200, browser=Firefox
Testing: csp_id=466, page_id=300, browser=Firefox
Testing: csp_id=466, page_id=400, browser=Firefox
Testing: csp_id=466, page_id=500, browser=Firefox
Testing: csp_id=466, page_id=600, browser=Firefox
Testing: csp_id=466, page_id=700, browser=Firefox
Testing: csp_id=466, page_id=800, browser=Firefox
Testing: csp_id=466, page_id=900, browser=Firefox
Testing: csp_id=466, page_id=1000, browser=Firefox
Testing: csp_id=466, page_id=1100, browser=Firefox
Testing: csp_id=466, page_id=1200, browser=Firefox
Testing: csp_id=466, page_id=1300, browser=Firefox
Testing: csp_id=466, page_id=1400, browser=Firefox
Testing: csp_id=466, page_id=1500, browser=Firefox
Testing: csp_id=466, page_id=1600, browser=Firefox
Testing: csp_id=466, page_id=1700, browser=Firefox
Testing: csp_id=466, page_id=1800, browser=Firefox
Testing: csp_id=466, page_id=1900, browser=Firefox
Testing: csp_id=466, page_id=2000, browser=Firefox
Testing: csp_id=466, page_id=2100, browser=Firefox
Testing: csp_id=466, page_id=2200, browser=Firefox
Testing: csp_id=466, page_id=2300, browser=Firefox
Testing: csp_id=466, page_id=2400, browser=Firefox
Testing: csp_id=466, page_id=2500, browser=Firefox
Testing: csp_id=466, page_id=2600, browser=Firefox
Testing: csp_id=466, page_id=2700, browser=Firefox
Testing: csp_id=466, page_id=2800, browser=Firefox
Testing: csp_id=466, page_id=2900, browser=Firefox
Testing: csp_id=466, page_id=3000, browser=Firefox
Testing: csp_id=466, page_id=3100, browser=Firefox
Testing: csp_id=466, page_id=3200, browser=Firefox
Testing: csp_id=466, page_id=3300, browser=Firefox
Testing: csp_id=466, page_id=3400, browser=Firefox
Testing: csp_id=466, page_id=3500, browser=Firefox
Testing: csp_id=466, page_id=3600, browser=Firefox
Testing: csp_id=466, page_id=3700, browser=Firefox
Testing: csp_id=466, page_id=3800, browser=Firefox
Testing: csp_id=466, page_id=3900, browser=Firefox
Testing: csp_id=466, page_id=4000, browser=Firefox
Testing: csp_id=466, page_id=4100, browser=Firefox
Testing: csp_id=466, page_id=4200, browser=Firefox
Testing: csp_id=466, page_id=4300, browser=Firefox
Testing: csp_id=466, page_id=4400, browser=Firefox
Testing: csp_id=466, page_id=4500, browser=Firefox
Testing: csp_id=466, page_id=4600, browser=Firefox
Testing: csp_id=466, page_id=4700, browser=Firefox
Testing: csp_id=466, page_id=4800, browser=Firefox
Testing: csp_id=466, page_id=4900, browser=Firefox
Testing: csp_id=466, page_id=5000, browser=Firefox
Testing: csp_id=466, page_id=5100, browser=Firefox
Testing: csp_id=466, page_id=5200, browser=Firefox
Testing: csp_id=466, page_id=5300, browser=Firefox
Testing: csp_id=466, page_id=5400, browser=Firefox
Testing: csp_id=466, page_id=5500, browser=Firefox
Testing: csp_id=466, page_id=5600, browser=Firefox
Testing: csp_id=466, page_id=5700, browser=Firefox
Testing: csp_id=466, page_id=5800, browser=Firefox
Testing: csp_id=466, page_id=5900, browser=Firefox
Testing: csp_id=466, page_id=6000, browser=Firefox
Testing: csp_id=466, page_id=6100, browser=Firefox
Testing: csp_id=466, page_id=6200, browser=Firefox
Testing: csp_id=466, page_id=6300, browser=Firefox
Testing: csp_id=466, page_id=6400, browser=Firefox
Testing: csp_id=466, page_id=6500, browser=Firefox
Testing: csp_id=466, page_id=6600, browser=Firefox
Testing: csp_id=466, page_id=6700, browser=Firefox
Testing: csp_id=466, page_id=6800, browser=Firefox
Testing: csp_id=466, page_id=6900, browser=Firefox
Testing: csp_id=466, page_id=7000, browser=Firefox
Testing: csp_id=466, page_id=7100, browser=Firefox
Testing: csp_id=466, page_id=7200, browser=Firefox
Testing: csp_id=466, page_id=7300, browser=Firefox
Testing: csp_id=466, page_id=7400, browser=Firefox
Testing: csp_id=466, page_id=7500, browser=Firefox
Testing: csp_id=466, page_id=7600, browser=Firefox
Testing: csp_id=466, page_id=7700, browser=Firefox
Testing: csp_id=466, page_id=7800, browser=Firefox
Testing: csp_id=466, page_id=7900, browser=Firefox
Testing: csp_id=466, page_id=8000, browser=Firefox
Testing: csp_id=466, page_id=8100, browser=Firefox
Testing: csp_id=466, page_id=8200, browser=Firefox
Testing: csp_id=466, page_id=8300, browser=Firefox
Testing: csp_id=466, page_id=8400, browser=Firefox
Testing: csp_id=466, page_id=8500, browser=Firefox
Testing: csp_id=466, page_id=8600, browser=Firefox
Testing: csp_id=466, page_id=8700, browser=Firefox
Testing: csp_id=466, page_id=8800, browser=Firefox
Testing: csp_id=466, page_id=8900, browser=Firefox
Testing: csp_id=466, page_id=9000, browser=Firefox
Testing: csp_id=466, page_id=9100, browser=Firefox
Testing: csp_id=466, page_id=9200, browser=Firefox
Testing: csp_id=466, page_id=9300, browser=Firefox
Testing: csp_id=466, page_id=9400, browser=Firefox
Testing: csp_id=466, page_id=9500, browser=Firefox
Testing: csp_id=466, page_id=9600, browser=Firefox
Testing: csp_id=466, page_id=9700, browser=Firefox
Testing: csp_id=466, page_id=9800, browser=Firefox
Testing: csp_id=466, page_id=9900, browser=Firefox
Testing: csp_id=466, page_id=10000, browser=Firefox
Testing: csp_id=466, page_id=10100, browser=Firefox
Testing: csp_id=466, page_id=10200, browser=Firefox
Testing: csp_id=466, page_id=10300, browser=Firefox
Testing: csp_id=466, page_id=10400, browser=Firefox
Testing: csp_id=466, page_id=10500, browser=Firefox
Testing: csp_id=466, page_id=10600, browser=Firefox
Testing: csp_id=466, page_id=10700, browser=Firefox
Testing: csp_id=466, page_id=10800, browser=Firefox
Testing: csp_id=466, page_id=10900, browser=Firefox
Testing: csp_id=466, page_id=11000, browser=Firefox
Testing: csp_id=466, page_id=11100, browser=Firefox
Testing: csp_id=466, page_id=11200, browser=Firefox
Testing: csp_id=466, page_id=11300, browser=Firefox
Testing: csp_id=466, page_id=11400, browser=Firefox
Testing: csp_id=466, page_id=11500, browser=Firefox
Testing: csp_id=466, page_id=11600, browser=Firefox
Testing: csp_id=466, page_id=11700, browser=Firefox
Testing: csp_id=466, page_id=11800, browser=Firefox
Testing: csp_id=466, page_id=11900, browser=Firefox
Testing: csp_id=466, page_id=12000, browser=Firefox
Testing: csp_id=466, page_id=12100, browser=Firefox
Testing: csp_id=466, page_id=12200, browser=Firefox
Testing: csp_id=466, page_id=12300, browser=Firefox
Testing: csp_id=466, page_id=12400, browser=Firefox
Testing: csp_id=466, page_id=12500, browser=Firefox
Testing: csp_id=466, page_id=12600, browser=Firefox
Testing: csp_id=466, page_id=12700, browser=Firefox
Testing: csp_id=466, page_id=12800, browser=Firefox
Testing: csp_id=466, page_id=12900, browser=Firefox
Testing: csp_id=466, page_id=13000, browser=Firefox
Testing: csp_id=466, page_id=13100, browser=Firefox
Testing: csp_id=466, page_id=13200, browser=Firefox
Testing: csp_id=466, page_id=13300, browser=Firefox
Testing: csp_id=466, page_id=13400, browser=Firefox
Testing: csp_id=466, page_id=13500, browser=Firefox
Testing: csp_id=466, page_id=13600, browser=Firefox
Testing: csp_id=466, page_id=13700, browser=Firefox
Testing: csp_id=466, page_id=13800, browser=Firefox
Testing: csp_id=466, page_id=13900, browser=Firefox
Testing: csp_id=466, page_id=14000, browser=Firefox
Testing: csp_id=466, page_id=14100, browser=Firefox
Testing: csp_id=466, page_id=14200, browser=Firefox
Testing: csp_id=466, page_id=14300, browser=Firefox
Testing: csp_id=466, page_id=14400, browser=Firefox
Testing: csp_id=466, page_id=14500, browser=Firefox
Testing: csp_id=466, page_id=14600, browser=Firefox
Testing: csp_id=466, page_id=14700, browser=Firefox
Testing: csp_id=466, page_id=14800, browser=Firefox
Testing: csp_id=466, page_id=14900, browser=Firefox
Testing: csp_id=466, page_id=15000, browser=Firefox
Testing: csp_id=466, page_id=15100, browser=Firefox
Testing: csp_id=466, page_id=15200, browser=Firefox
Testing: csp_id=466, page_id=15300, browser=Firefox
Testing: csp_id=466, page_id=15400, browser=Firefox
Testing: csp_id=466, page_id=15500, browser=Firefox
Testing: csp_id=466, page_id=15600, browser=Firefox
Testing: csp_id=466, page_id=15700, browser=Firefox
Testing: csp_id=466, page_id=15800, browser=Firefox
Testing: csp_id=466, page_id=15900, browser=Firefox
Testing: csp_id=466, page_id=16000, browser=Firefox
Testing: csp_id=466, page_id=16100, browser=Firefox
Testing: csp_id=466, page_id=16200, browser=Firefox
Testing: csp_id=466, page_id=16300, browser=Firefox
Testing: csp_id=466, page_id=16400, browser=Firefox
Testing: csp_id=466, page_id=16500, browser=Firefox
Testing: csp_id=466, page_id=16600, browser=Firefox
Testing: csp_id=466, page_id=16700, browser=Firefox
Testing: csp_id=466, page_id=16800, browser=Firefox
Testing: csp_id=466, page_id=16900, browser=Firefox
Testing: csp_id=466, page_id=17000, browser=Firefox
Testing: csp_id=466, page_id=17100, browser=Firefox
Testing: csp_id=466, page_id=17200, browser=Firefox
Testing: csp_id=466, page_id=17300, browser=Firefox
Testing: csp_id=466, page_id=17400, browser=Firefox
Testing: csp_id=466, page_id=17500, browser=Firefox
Testing: csp_id=466, page_id=17600, browser=Firefox
Testing: csp_id=466, page_id=17700, browser=Firefox
Testing: csp_id=466, page_id=17800, browser=Firefox
Testing: csp_id=466, page_id=17900, browser=Firefox
Testing: csp_id=466, page_id=18000, browser=Firefox
Testing: csp_id=466, page_id=18100, browser=Firefox
Testing: csp_id=466, page_id=18200, browser=Firefox
Testing: csp_id=466, page_id=18300, browser=Firefox
Testing: csp_id=466, page_id=18400, browser=Firefox
Testing: csp_id=466, page_id=18500, browser=Firefox
Testing: csp_id=466, page_id=18600, browser=Firefox
Testing: csp_id=466, page_id=18700, browser=Firefox
Testing: csp_id=466, page_id=18800, browser=Firefox
Testing: csp_id=466, page_id=18900, browser=Firefox
Testing: csp_id=466, page_id=19000, browser=Firefox
Testing: csp_id=466, page_id=19100, browser=Firefox
Testing: csp_id=466, page_id=19200, browser=Firefox
Testing: csp_id=466, page_id=19300, browser=Firefox
Testing: csp_id=466, page_id=19400, browser=Firefox
Testing: csp_id=466, page_id=19500, browser=Firefox
Testing: csp_id=466, page_id=19600, browser=Firefox
Testing: csp_id=466, page_id=19700, browser=Firefox
Testing: csp_id=466, page_id=19800, browser=Firefox
Testing: csp_id=466, page_id=19900, browser=Firefox
Testing: csp_id=466, page_id=20000, browser=Firefox
Testing: csp_id=466, page_id=20100, browser=Firefox
Testing: csp_id=466, page_id=20200, browser=Firefox
Testing: csp_id=466, page_id=20300, browser=Firefox
Testing: csp_id=466, page_id=20400, browser=Firefox
Testing: csp_id=466, page_id=20500, browser=Firefox
Testing: csp_id=466, page_id=20600, browser=Firefox
Testing: csp_id=466, page_id=20700, browser=Firefox
Testing: csp_id=466, page_id=20800, browser=Firefox
Testing: csp_id=466, page_id=20900, browser=Firefox
Testing: csp_id=466, page_id=21000, browser=Firefox
Testing: csp_id=466, page_id=21100, browser=Firefox
Testing: csp_id=466, page_id=21200, browser=Firefox
Testing: csp_id=466, page_id=21300, browser=Firefox
Testing: csp_id=466, page_id=21400, browser=Firefox
Testing: csp_id=466, page_id=21500, browser=Firefox
Testing: csp_id=466, page_id=21600, browser=Firefox
Testing: csp_id=466, page_id=21700, browser=Firefox
Testing: csp_id=466, page_id=21800, browser=Firefox
Testing: csp_id=466, page_id=21900, browser=Firefox
Testing: csp_id=466, page_id=22000, browser=Firefox
Testing: csp_id=466, page_id=22100, browser=Firefox
Testing: csp_id=466, page_id=22200, browser=Firefox
Testing: csp_id=466, page_id=22300, browser=Firefox
Testing: csp_id=466, page_id=22400, browser=Firefox
Testing: csp_id=466, page_id=22500, browser=Firefox
Testing: csp_id=466, page_id=22600, browser=Firefox
Testing: csp_id=466, page_id=22700, browser=Firefox
Testing: csp_id=466, page_id=22800, browser=Firefox
Testing: csp_id=466, page_id=22900, browser=Firefox
Testing: csp_id=466, page_id=23000, browser=Firefox
Testing: csp_id=466, page_id=23100, browser=Firefox
Testing: csp_id=466, page_id=23200, browser=Firefox
Testing: csp_id=466, page_id=23300, browser=Firefox
Testing: csp_id=466, page_id=23400, browser=Firefox
Testing: csp_id=466, page_id=23500, browser=Firefox
Testing: csp_id=466, page_id=23600, browser=Firefox
Testing: csp_id=466, page_id=23700, browser=Firefox
Testing: csp_id=466, page_id=23800, browser=Firefox
Testing: csp_id=466, page_id=23900, browser=Firefox
Testing: csp_id=466, page_id=24000, browser=Firefox
Testing: csp_id=466, page_id=24100, browser=Firefox
Testing: csp_id=466, page_id=24200, browser=Firefox
Testing: csp_id=466, page_id=24300, browser=Firefox
Testing: csp_id=466, page_id=24400, browser=Firefox
Testing: csp_id=466, page_id=24500, browser=Firefox
Testing: csp_id=466, page_id=24600, browser=Firefox
Testing: csp_id=466, page_id=24700, browser=Firefox
Testing: csp_id=466, page_id=24800, browser=Firefox
Testing: csp_id=466, page_id=24900, browser=Firefox
Testing: csp_id=466, page_id=25000, browser=Firefox
Testing: csp_id=466, page_id=25100, browser=Firefox
Testing: csp_id=466, page_id=25200, browser=Firefox
Testing: csp_id=466, page_id=25300, browser=Firefox
Testing: csp_id=466, page_id=25400, browser=Firefox
Testing: csp_id=466, page_id=25500, browser=Firefox
Testing: csp_id=466, page_id=25600, browser=Firefox
Testing: csp_id=466, page_id=25700, browser=Firefox
Testing: csp_id=466, page_id=25800, browser=Firefox
Testing: csp_id=466, page_id=25900, browser=Firefox
Testing: csp_id=466, page_id=26000, browser=Firefox
Testing: csp_id=466, page_id=26100, browser=Firefox
Testing: csp_id=466, page_id=26200, browser=Firefox
Testing: csp_id=466, page_id=26300, browser=Firefox
Testing: csp_id=466, page_id=26400, browser=Firefox
Testing: csp_id=466, page_id=26500, browser=Firefox
Testing: csp_id=466, page_id=26600, browser=Firefox
Testing: csp_id=466, page_id=26700, browser=Firefox
Testing: csp_id=466, page_id=26800, browser=Firefox
Testing: csp_id=466, page_id=26900, browser=Firefox
Testing: csp_id=466, page_id=27000, browser=Firefox
Testing: csp_id=466, page_id=27100, browser=Firefox
Testing: csp_id=466, page_id=27200, browser=Firefox
Testing: csp_id=466, page_id=27300, browser=Firefox
Testing: csp_id=466, page_id=27400, browser=Firefox
Testing: csp_id=466, page_id=27500, browser=Firefox
Testing: csp_id=466, page_id=27600, browser=Firefox
Testing: csp_id=466, page_id=27700, browser=Firefox
Testing: csp_id=466, page_id=27800, browser=Firefox
Testing: csp_id=466, page_id=27900, browser=Firefox
Testing: csp_id=466, page_id=28000, browser=Firefox
Testing: csp_id=466, page_id=28100, browser=Firefox
Testing: csp_id=466, page_id=28200, browser=Firefox
Testing: csp_id=466, page_id=28300, browser=Firefox
Testing: csp_id=466, page_id=28400, browser=Firefox
Testing: csp_id=466, page_id=28500, browser=Firefox
Testing: csp_id=466, page_id=28600, browser=Firefox
Testing: csp_id=466, page_id=28700, browser=Firefox
Testing: csp_id=466, page_id=28800, browser=Firefox
Testing: csp_id=466, page_id=28900, browser=Firefox
Testing: csp_id=466, page_id=29000, browser=Firefox
Testing: csp_id=466, page_id=29100, browser=Firefox
Testing: csp_id=466, page_id=29200, browser=Firefox
Testing: csp_id=466, page_id=29300, browser=Firefox
Testing: csp_id=466, page_id=29400, browser=Firefox
Testing: csp_id=466, page_id=29500, browser=Firefox
Testing: csp_id=466, page_id=29600, browser=Firefox
Testing: csp_id=466, page_id=29700, browser=Firefox
Testing: csp_id=466, page_id=29800, browser=Firefox
🏊 create_context_pools[first] (5x16): 32.945s
Testing: csp_id=477, page_id=0, browser=Firefox
Testing: csp_id=477, page_id=100, browser=Firefox
Testing: csp_id=477, page_id=200, browser=Firefox
Testing: csp_id=477, page_id=300, browser=Firefox
Testing: csp_id=477, page_id=400, browser=Firefox
Testing: csp_id=477, page_id=500, browser=Firefox
Testing: csp_id=477, page_id=600, browser=Firefox
Testing: csp_id=477, page_id=700, browser=Firefox
Testing: csp_id=477, page_id=800, browser=Firefox
Testing: csp_id=477, page_id=900, browser=Firefox
Testing: csp_id=477, page_id=1000, browser=Firefox
Testing: csp_id=477, page_id=1100, browser=Firefox
Testing: csp_id=477, page_id=1200, browser=Firefox
Testing: csp_id=477, page_id=1300, browser=Firefox
Testing: csp_id=477, page_id=1400, browser=Firefox
Testing: csp_id=477, page_id=1500, browser=Firefox
Testing: csp_id=477, page_id=1600, browser=Firefox
Testing: csp_id=477, page_id=1700, browser=Firefox
Testing: csp_id=477, page_id=1800, browser=Firefox
Testing: csp_id=477, page_id=1900, browser=Firefox
Testing: csp_id=477, page_id=2000, browser=Firefox
Testing: csp_id=477, page_id=2100, browser=Firefox
Testing: csp_id=477, page_id=2200, browser=Firefox
Testing: csp_id=477, page_id=2300, browser=Firefox
Testing: csp_id=477, page_id=2400, browser=Firefox
Testing: csp_id=477, page_id=2500, browser=Firefox
Testing: csp_id=477, page_id=2600, browser=Firefox
Testing: csp_id=477, page_id=2700, browser=Firefox
Testing: csp_id=477, page_id=2800, browser=Firefox
Testing: csp_id=477, page_id=2900, browser=Firefox
Testing: csp_id=477, page_id=3000, browser=Firefox
Testing: csp_id=477, page_id=3100, browser=Firefox
Testing: csp_id=477, page_id=3200, browser=Firefox
Testing: csp_id=477, page_id=3300, browser=Firefox
Testing: csp_id=477, page_id=3400, browser=Firefox
Testing: csp_id=477, page_id=3500, browser=Firefox
Testing: csp_id=477, page_id=3600, browser=Firefox
Testing: csp_id=477, page_id=3700, browser=Firefox
Testing: csp_id=477, page_id=3800, browser=Firefox
Testing: csp_id=477, page_id=3900, browser=Firefox
Testing: csp_id=477, page_id=4000, browser=Firefox
Testing: csp_id=477, page_id=4100, browser=Firefox
Testing: csp_id=477, page_id=4200, browser=Firefox
Testing: csp_id=477, page_id=4300, browser=Firefox
Testing: csp_id=477, page_id=4400, browser=Firefox
Testing: csp_id=477, page_id=4500, browser=Firefox
Testing: csp_id=477, page_id=4600, browser=Firefox
Testing: csp_id=477, page_id=4700, browser=Firefox
Testing: csp_id=477, page_id=4800, browser=Firefox
Testing: csp_id=477, page_id=4900, browser=Firefox
Testing: csp_id=477, page_id=5000, browser=Firefox
Testing: csp_id=477, page_id=5100, browser=Firefox
Testing: csp_id=477, page_id=5200, browser=Firefox
Testing: csp_id=477, page_id=5300, browser=Firefox
Testing: csp_id=477, page_id=5400, browser=Firefox
Testing: csp_id=477, page_id=5500, browser=Firefox
Testing: csp_id=477, page_id=5600, browser=Firefox
Testing: csp_id=477, page_id=5700, browser=Firefox
Testing: csp_id=477, page_id=5800, browser=Firefox
Testing: csp_id=477, page_id=5900, browser=Firefox
Testing: csp_id=477, page_id=6000, browser=Firefox
Testing: csp_id=477, page_id=6100, browser=Firefox
Testing: csp_id=477, page_id=6200, browser=Firefox
Testing: csp_id=477, page_id=6300, browser=Firefox
Testing: csp_id=477, page_id=6400, browser=Firefox
Testing: csp_id=477, page_id=6500, browser=Firefox
Testing: csp_id=477, page_id=6600, browser=Firefox
Testing: csp_id=477, page_id=6700, browser=Firefox
Testing: csp_id=477, page_id=6800, browser=Firefox
Testing: csp_id=477, page_id=6900, browser=Firefox
Testing: csp_id=477, page_id=7000, browser=Firefox
Testing: csp_id=477, page_id=7100, browser=Firefox
Testing: csp_id=477, page_id=7200, browser=Firefox
Testing: csp_id=477, page_id=7300, browser=Firefox
Testing: csp_id=477, page_id=7400, browser=Firefox
Testing: csp_id=477, page_id=7500, browser=Firefox
Testing: csp_id=477, page_id=7600, browser=Firefox
Testing: csp_id=477, page_id=7700, browser=Firefox
Testing: csp_id=477, page_id=7800, browser=Firefox
Testing: csp_id=477, page_id=7900, browser=Firefox
Testing: csp_id=477, page_id=8000, browser=Firefox
Testing: csp_id=477, page_id=8100, browser=Firefox
Testing: csp_id=477, page_id=8200, browser=Firefox
Testing: csp_id=477, page_id=8300, browser=Firefox
Testing: csp_id=477, page_id=8400, browser=Firefox
Testing: csp_id=477, page_id=8500, browser=Firefox
Testing: csp_id=477, page_id=8600, browser=Firefox
Testing: csp_id=477, page_id=8700, browser=Firefox
Testing: csp_id=477, page_id=8800, browser=Firefox
Testing: csp_id=477, page_id=8900, browser=Firefox
Testing: csp_id=477, page_id=9000, browser=Firefox
Testing: csp_id=477, page_id=9100, browser=Firefox
Testing: csp_id=477, page_id=9200, browser=Firefox
Testing: csp_id=477, page_id=9300, browser=Firefox
Testing: csp_id=477, page_id=9400, browser=Firefox
Testing: csp_id=477, page_id=9500, browser=Firefox
Testing: csp_id=477, page_id=9600, browser=Firefox
Testing: csp_id=477, page_id=9700, browser=Firefox
Testing: csp_id=477, page_id=9800, browser=Firefox
Testing: csp_id=477, page_id=9900, browser=Firefox
Testing: csp_id=477, page_id=10000, browser=Firefox
Testing: csp_id=477, page_id=10100, browser=Firefox
Testing: csp_id=477, page_id=10200, browser=Firefox
Testing: csp_id=477, page_id=10300, browser=Firefox
Testing: csp_id=477, page_id=10400, browser=Firefox
Testing: csp_id=477, page_id=10500, browser=Firefox
Testing: csp_id=477, page_id=10600, browser=Firefox
Testing: csp_id=477, page_id=10700, browser=Firefox
Testing: csp_id=477, page_id=10800, browser=Firefox
Testing: csp_id=477, page_id=10900, browser=Firefox
Testing: csp_id=477, page_id=11000, browser=Firefox
Testing: csp_id=477, page_id=11100, browser=Firefox
Testing: csp_id=477, page_id=11200, browser=Firefox
Testing: csp_id=477, page_id=11300, browser=Firefox
Testing: csp_id=477, page_id=11400, browser=Firefox
Testing: csp_id=477, page_id=11500, browser=Firefox
Testing: csp_id=477, page_id=11600, browser=Firefox
Testing: csp_id=477, page_id=11700, browser=Firefox
Testing: csp_id=477, page_id=11800, browser=Firefox
Testing: csp_id=477, page_id=11900, browser=Firefox
Testing: csp_id=477, page_id=12000, browser=Firefox
Testing: csp_id=477, page_id=12100, browser=Firefox
Testing: csp_id=477, page_id=12200, browser=Firefox
Testing: csp_id=477, page_id=12300, browser=Firefox
Testing: csp_id=477, page_id=12400, browser=Firefox
Testing: csp_id=477, page_id=12500, browser=Firefox
Testing: csp_id=477, page_id=12600, browser=Firefox
Testing: csp_id=477, page_id=12700, browser=Firefox
Testing: csp_id=477, page_id=12800, browser=Firefox
Testing: csp_id=477, page_id=12900, browser=Firefox
Testing: csp_id=477, page_id=13000, browser=Firefox
Testing: csp_id=477, page_id=13100, browser=Firefox
Testing: csp_id=477, page_id=13200, browser=Firefox
Testing: csp_id=477, page_id=13300, browser=Firefox
Testing: csp_id=477, page_id=13400, browser=Firefox
Testing: csp_id=477, page_id=13500, browser=Firefox
Testing: csp_id=477, page_id=13600, browser=Firefox
Testing: csp_id=477, page_id=13700, browser=Firefox
Testing: csp_id=477, page_id=13800, browser=Firefox
Testing: csp_id=477, page_id=13900, browser=Firefox
Testing: csp_id=477, page_id=14000, browser=Firefox
Testing: csp_id=477, page_id=14100, browser=Firefox
Testing: csp_id=477, page_id=14200, browser=Firefox
Testing: csp_id=477, page_id=14300, browser=Firefox
Testing: csp_id=477, page_id=14400, browser=Firefox
Testing: csp_id=477, page_id=14500, browser=Firefox
Testing: csp_id=477, page_id=14600, browser=Firefox
Testing: csp_id=477, page_id=14700, browser=Firefox
Testing: csp_id=477, page_id=14800, browser=Firefox
Testing: csp_id=477, page_id=14900, browser=Firefox
Testing: csp_id=477, page_id=15000, browser=Firefox
Testing: csp_id=477, page_id=15100, browser=Firefox
Testing: csp_id=477, page_id=15200, browser=Firefox
Testing: csp_id=477, page_id=15300, browser=Firefox
Testing: csp_id=477, page_id=15400, browser=Firefox
Testing: csp_id=477, page_id=15500, browser=Firefox
Testing: csp_id=477, page_id=15600, browser=Firefox
Testing: csp_id=477, page_id=15700, browser=Firefox
Testing: csp_id=477, page_id=15800, browser=Firefox
Testing: csp_id=477, page_id=15900, browser=Firefox
Testing: csp_id=477, page_id=16000, browser=Firefox
Testing: csp_id=477, page_id=16100, browser=Firefox
Testing: csp_id=477, page_id=16200, browser=Firefox
Testing: csp_id=477, page_id=16300, browser=Firefox
Testing: csp_id=477, page_id=16400, browser=Firefox
Testing: csp_id=477, page_id=16500, browser=Firefox
Testing: csp_id=477, page_id=16600, browser=Firefox
Testing: csp_id=477, page_id=16700, browser=Firefox
Testing: csp_id=477, page_id=16800, browser=Firefox
Testing: csp_id=477, page_id=16900, browser=Firefox
Testing: csp_id=477, page_id=17000, browser=Firefox
Testing: csp_id=477, page_id=17100, browser=Firefox
Testing: csp_id=477, page_id=17200, browser=Firefox
Testing: csp_id=477, page_id=17300, browser=Firefox
Testing: csp_id=477, page_id=17400, browser=Firefox
Testing: csp_id=477, page_id=17500, browser=Firefox
Testing: csp_id=477, page_id=17600, browser=Firefox
Testing: csp_id=477, page_id=17700, browser=Firefox
Testing: csp_id=477, page_id=17800, browser=Firefox
Testing: csp_id=477, page_id=17900, browser=Firefox
Testing: csp_id=477, page_id=18000, browser=Firefox
Testing: csp_id=477, page_id=18100, browser=Firefox
Testing: csp_id=477, page_id=18200, browser=Firefox
Testing: csp_id=477, page_id=18300, browser=Firefox
Testing: csp_id=477, page_id=18400, browser=Firefox
Testing: csp_id=477, page_id=18500, browser=Firefox
Testing: csp_id=477, page_id=18600, browser=Firefox
Testing: csp_id=477, page_id=18700, browser=Firefox
Testing: csp_id=477, page_id=18800, browser=Firefox
Testing: csp_id=477, page_id=18900, browser=Firefox
Testing: csp_id=477, page_id=19000, browser=Firefox
Testing: csp_id=477, page_id=19100, browser=Firefox
Testing: csp_id=477, page_id=19200, browser=Firefox
Testing: csp_id=477, page_id=19300, browser=Firefox
Testing: csp_id=477, page_id=19400, browser=Firefox
Testing: csp_id=477, page_id=19500, browser=Firefox
Testing: csp_id=477, page_id=19600, browser=Firefox
Testing: csp_id=477, page_id=19700, browser=Firefox
Testing: csp_id=477, page_id=19800, browser=Firefox
Testing: csp_id=477, page_id=19900, browser=Firefox
Testing: csp_id=477, page_id=20000, browser=Firefox
Testing: csp_id=477, page_id=20100, browser=Firefox
Testing: csp_id=477, page_id=20200, browser=Firefox
Testing: csp_id=477, page_id=20300, browser=Firefox
Testing: csp_id=477, page_id=20400, browser=Firefox
Testing: csp_id=477, page_id=20500, browser=Firefox
Testing: csp_id=477, page_id=20600, browser=Firefox
Testing: csp_id=477, page_id=20700, browser=Firefox
Testing: csp_id=477, page_id=20800, browser=Firefox
Testing: csp_id=477, page_id=20900, browser=Firefox
Testing: csp_id=477, page_id=21000, browser=Firefox
Testing: csp_id=477, page_id=21100, browser=Firefox
Testing: csp_id=477, page_id=21200, browser=Firefox
Testing: csp_id=477, page_id=21300, browser=Firefox
Testing: csp_id=477, page_id=21400, browser=Firefox
Testing: csp_id=477, page_id=21500, browser=Firefox
Testing: csp_id=477, page_id=21600, browser=Firefox
Testing: csp_id=477, page_id=21700, browser=Firefox
Testing: csp_id=477, page_id=21800, browser=Firefox
Testing: csp_id=477, page_id=21900, browser=Firefox
Testing: csp_id=477, page_id=22000, browser=Firefox
Testing: csp_id=477, page_id=22100, browser=Firefox
Testing: csp_id=477, page_id=22200, browser=Firefox
Testing: csp_id=477, page_id=22300, browser=Firefox
Testing: csp_id=477, page_id=22400, browser=Firefox
Testing: csp_id=477, page_id=22500, browser=Firefox
Testing: csp_id=477, page_id=22600, browser=Firefox
Testing: csp_id=477, page_id=22700, browser=Firefox
Testing: csp_id=477, page_id=22800, browser=Firefox
Testing: csp_id=477, page_id=22900, browser=Firefox
Testing: csp_id=477, page_id=23000, browser=Firefox
Testing: csp_id=477, page_id=23100, browser=Firefox
Testing: csp_id=477, page_id=23200, browser=Firefox
Testing: csp_id=477, page_id=23300, browser=Firefox
Testing: csp_id=477, page_id=23400, browser=Firefox
Testing: csp_id=477, page_id=23500, browser=Firefox
Testing: csp_id=477, page_id=23600, browser=Firefox
Testing: csp_id=477, page_id=23700, browser=Firefox
Testing: csp_id=477, page_id=23800, browser=Firefox
Testing: csp_id=477, page_id=23900, browser=Firefox
Testing: csp_id=477, page_id=24000, browser=Firefox
Testing: csp_id=477, page_id=24100, browser=Firefox
Testing: csp_id=477, page_id=24200, browser=Firefox
Testing: csp_id=477, page_id=24300, browser=Firefox
Testing: csp_id=477, page_id=24400, browser=Firefox
Testing: csp_id=477, page_id=24500, browser=Firefox
Testing: csp_id=477, page_id=24600, browser=Firefox
Testing: csp_id=477, page_id=24700, browser=Firefox
Testing: csp_id=477, page_id=24800, browser=Firefox
Testing: csp_id=477, page_id=24900, browser=Firefox
Testing: csp_id=477, page_id=25000, browser=Firefox
Testing: csp_id=477, page_id=25100, browser=Firefox
Testing: csp_id=477, page_id=25200, browser=Firefox
Testing: csp_id=477, page_id=25300, browser=Firefox
Testing: csp_id=477, page_id=25400, browser=Firefox
Testing: csp_id=477, page_id=25500, browser=Firefox
Testing: csp_id=477, page_id=25600, browser=Firefox
Testing: csp_id=477, page_id=25700, browser=Firefox
Testing: csp_id=477, page_id=25800, browser=Firefox
Testing: csp_id=477, page_id=25900, browser=Firefox
Testing: csp_id=477, page_id=26000, browser=Firefox
Testing: csp_id=477, page_id=26100, browser=Firefox
Testing: csp_id=477, page_id=26200, browser=Firefox
Testing: csp_id=477, page_id=26300, browser=Firefox
Testing: csp_id=477, page_id=26400, browser=Firefox
Testing: csp_id=477, page_id=26500, browser=Firefox
Testing: csp_id=477, page_id=26600, browser=Firefox
Testing: csp_id=477, page_id=26700, browser=Firefox
Testing: csp_id=477, page_id=26800, browser=Firefox
Testing: csp_id=477, page_id=26900, browser=Firefox
Testing: csp_id=477, page_id=27000, browser=Firefox
Testing: csp_id=477, page_id=27100, browser=Firefox
Testing: csp_id=477, page_id=27200, browser=Firefox
Testing: csp_id=477, page_id=27300, browser=Firefox
Testing: csp_id=477, page_id=27400, browser=Firefox
Testing: csp_id=477, page_id=27500, browser=Firefox
Testing: csp_id=477, page_id=27600, browser=Firefox
Testing: csp_id=477, page_id=27700, browser=Firefox
Testing: csp_id=477, page_id=27800, browser=Firefox
Testing: csp_id=477, page_id=27900, browser=Firefox
Testing: csp_id=477, page_id=28000, browser=Firefox
Testing: csp_id=477, page_id=28100, browser=Firefox
Testing: csp_id=477, page_id=28200, browser=Firefox
Testing: csp_id=477, page_id=28300, browser=Firefox
Testing: csp_id=477, page_id=28400, browser=Firefox
Testing: csp_id=477, page_id=28500, browser=Firefox
Testing: csp_id=477, page_id=28600, browser=Firefox
Testing: csp_id=477, page_id=28700, browser=Firefox
Testing: csp_id=477, page_id=28800, browser=Firefox
Testing: csp_id=477, page_id=28900, browser=Firefox
Testing: csp_id=477, page_id=29000, browser=Firefox
Testing: csp_id=477, page_id=29100, browser=Firefox
Testing: csp_id=477, page_id=29200, browser=Firefox
Testing: csp_id=477, page_id=29300, browser=Firefox
Testing: csp_id=477, page_id=29400, browser=Firefox
Testing: csp_id=477, page_id=29500, browser=Firefox
Testing: csp_id=477, page_id=29600, browser=Firefox
Testing: csp_id=477, page_id=29700, browser=Firefox
Testing: csp_id=477, page_id=29800, browser=Firefox
🏊 create_context_pools[first] (5x16): 29.019s
Testing: csp_id=486, page_id=0, browser=Firefox
Testing: csp_id=486, page_id=100, browser=Firefox
Testing: csp_id=486, page_id=200, browser=Firefox
Testing: csp_id=486, page_id=300, browser=Firefox
Testing: csp_id=486, page_id=400, browser=Firefox
Testing: csp_id=486, page_id=500, browser=Firefox
Testing: csp_id=486, page_id=600, browser=Firefox
Testing: csp_id=486, page_id=700, browser=Firefox
Testing: csp_id=486, page_id=800, browser=Firefox
Testing: csp_id=486, page_id=900, browser=Firefox
Testing: csp_id=486, page_id=1000, browser=Firefox
Testing: csp_id=486, page_id=1100, browser=Firefox
Testing: csp_id=486, page_id=1200, browser=Firefox
Testing: csp_id=486, page_id=1300, browser=Firefox
Testing: csp_id=486, page_id=1400, browser=Firefox
Testing: csp_id=486, page_id=1500, browser=Firefox
Testing: csp_id=486, page_id=1600, browser=Firefox
Testing: csp_id=486, page_id=1700, browser=Firefox
Testing: csp_id=486, page_id=1800, browser=Firefox
Testing: csp_id=486, page_id=1900, browser=Firefox
Testing: csp_id=486, page_id=2000, browser=Firefox
Testing: csp_id=486, page_id=2100, browser=Firefox
Testing: csp_id=486, page_id=2200, browser=Firefox
Testing: csp_id=486, page_id=2300, browser=Firefox
Testing: csp_id=486, page_id=2400, browser=Firefox
Testing: csp_id=486, page_id=2500, browser=Firefox
Testing: csp_id=486, page_id=2600, browser=Firefox
Testing: csp_id=486, page_id=2700, browser=Firefox
Testing: csp_id=486, page_id=2800, browser=Firefox
Testing: csp_id=486, page_id=2900, browser=Firefox
Testing: csp_id=486, page_id=3000, browser=Firefox
Testing: csp_id=486, page_id=3100, browser=Firefox
Testing: csp_id=486, page_id=3200, browser=Firefox
Testing: csp_id=486, page_id=3300, browser=Firefox
Testing: csp_id=486, page_id=3400, browser=Firefox
Testing: csp_id=486, page_id=3500, browser=Firefox
Testing: csp_id=486, page_id=3600, browser=Firefox
Testing: csp_id=486, page_id=3700, browser=Firefox
Testing: csp_id=486, page_id=3800, browser=Firefox
Testing: csp_id=486, page_id=3900, browser=Firefox
Testing: csp_id=486, page_id=4000, browser=Firefox
Testing: csp_id=486, page_id=4100, browser=Firefox
Testing: csp_id=486, page_id=4200, browser=Firefox
Testing: csp_id=486, page_id=4300, browser=Firefox
Testing: csp_id=486, page_id=4400, browser=Firefox
Testing: csp_id=486, page_id=4500, browser=Firefox
Testing: csp_id=486, page_id=4600, browser=Firefox
Testing: csp_id=486, page_id=4700, browser=Firefox
Testing: csp_id=486, page_id=4800, browser=Firefox
Testing: csp_id=486, page_id=4900, browser=Firefox
Testing: csp_id=486, page_id=5000, browser=Firefox
Testing: csp_id=486, page_id=5100, browser=Firefox
Testing: csp_id=486, page_id=5200, browser=Firefox
Testing: csp_id=486, page_id=5300, browser=Firefox
Testing: csp_id=486, page_id=5400, browser=Firefox
Testing: csp_id=486, page_id=5500, browser=Firefox
Testing: csp_id=486, page_id=5600, browser=Firefox
Testing: csp_id=486, page_id=5700, browser=Firefox
Testing: csp_id=486, page_id=5800, browser=Firefox
Testing: csp_id=486, page_id=5900, browser=Firefox
Testing: csp_id=486, page_id=6000, browser=Firefox
Testing: csp_id=486, page_id=6100, browser=Firefox
Testing: csp_id=486, page_id=6200, browser=Firefox
Testing: csp_id=486, page_id=6300, browser=Firefox
Testing: csp_id=486, page_id=6400, browser=Firefox
Testing: csp_id=486, page_id=6500, browser=Firefox
Testing: csp_id=486, page_id=6600, browser=Firefox
Testing: csp_id=486, page_id=6700, browser=Firefox
Testing: csp_id=486, page_id=6800, browser=Firefox
Testing: csp_id=486, page_id=6900, browser=Firefox
Testing: csp_id=486, page_id=7000, browser=Firefox
Testing: csp_id=486, page_id=7100, browser=Firefox
Testing: csp_id=486, page_id=7200, browser=Firefox
Testing: csp_id=486, page_id=7300, browser=Firefox
Testing: csp_id=486, page_id=7400, browser=Firefox
Testing: csp_id=486, page_id=7500, browser=Firefox
Testing: csp_id=486, page_id=7600, browser=Firefox
Testing: csp_id=486, page_id=7700, browser=Firefox
Testing: csp_id=486, page_id=7800, browser=Firefox
Testing: csp_id=486, page_id=7900, browser=Firefox
Testing: csp_id=486, page_id=8000, browser=Firefox
Testing: csp_id=486, page_id=8100, browser=Firefox
Testing: csp_id=486, page_id=8200, browser=Firefox
Testing: csp_id=486, page_id=8300, browser=Firefox
Testing: csp_id=486, page_id=8400, browser=Firefox
Testing: csp_id=486, page_id=8500, browser=Firefox
Testing: csp_id=486, page_id=8600, browser=Firefox
Testing: csp_id=486, page_id=8700, browser=Firefox
Testing: csp_id=486, page_id=8800, browser=Firefox
Testing: csp_id=486, page_id=8900, browser=Firefox
Testing: csp_id=486, page_id=9000, browser=Firefox
Testing: csp_id=486, page_id=9100, browser=Firefox
Testing: csp_id=486, page_id=9200, browser=Firefox
Testing: csp_id=486, page_id=9300, browser=Firefox
Testing: csp_id=486, page_id=9400, browser=Firefox
Testing: csp_id=486, page_id=9500, browser=Firefox
Testing: csp_id=486, page_id=9600, browser=Firefox
Testing: csp_id=486, page_id=9700, browser=Firefox
Testing: csp_id=486, page_id=9800, browser=Firefox
Testing: csp_id=486, page_id=9900, browser=Firefox
Testing: csp_id=486, page_id=10000, browser=Firefox
Testing: csp_id=486, page_id=10100, browser=Firefox
Testing: csp_id=486, page_id=10200, browser=Firefox
Testing: csp_id=486, page_id=10300, browser=Firefox
Testing: csp_id=486, page_id=10400, browser=Firefox
Testing: csp_id=486, page_id=10500, browser=Firefox
Testing: csp_id=486, page_id=10600, browser=Firefox
Testing: csp_id=486, page_id=10700, browser=Firefox
Testing: csp_id=486, page_id=10800, browser=Firefox
Testing: csp_id=486, page_id=10900, browser=Firefox
Testing: csp_id=486, page_id=11000, browser=Firefox
Testing: csp_id=486, page_id=11100, browser=Firefox
Testing: csp_id=486, page_id=11200, browser=Firefox
Testing: csp_id=486, page_id=11300, browser=Firefox
Testing: csp_id=486, page_id=11400, browser=Firefox
Testing: csp_id=486, page_id=11500, browser=Firefox
Testing: csp_id=486, page_id=11600, browser=Firefox
Testing: csp_id=486, page_id=11700, browser=Firefox
Testing: csp_id=486, page_id=11800, browser=Firefox
Testing: csp_id=486, page_id=11900, browser=Firefox
Testing: csp_id=486, page_id=12000, browser=Firefox
Testing: csp_id=486, page_id=12100, browser=Firefox
Testing: csp_id=486, page_id=12200, browser=Firefox
Testing: csp_id=486, page_id=12300, browser=Firefox
Testing: csp_id=486, page_id=12400, browser=Firefox
Testing: csp_id=486, page_id=12500, browser=Firefox
Testing: csp_id=486, page_id=12600, browser=Firefox
Testing: csp_id=486, page_id=12700, browser=Firefox
Testing: csp_id=486, page_id=12800, browser=Firefox
Testing: csp_id=486, page_id=12900, browser=Firefox
Testing: csp_id=486, page_id=13000, browser=Firefox
Testing: csp_id=486, page_id=13100, browser=Firefox
Testing: csp_id=486, page_id=13200, browser=Firefox
Testing: csp_id=486, page_id=13300, browser=Firefox
Testing: csp_id=486, page_id=13400, browser=Firefox
Testing: csp_id=486, page_id=13500, browser=Firefox
Testing: csp_id=486, page_id=13600, browser=Firefox
Testing: csp_id=486, page_id=13700, browser=Firefox
Testing: csp_id=486, page_id=13800, browser=Firefox
Testing: csp_id=486, page_id=13900, browser=Firefox
Testing: csp_id=486, page_id=14000, browser=Firefox
Testing: csp_id=486, page_id=14100, browser=Firefox
Testing: csp_id=486, page_id=14200, browser=Firefox
Testing: csp_id=486, page_id=14300, browser=Firefox
Testing: csp_id=486, page_id=14400, browser=Firefox
Testing: csp_id=486, page_id=14500, browser=Firefox
Testing: csp_id=486, page_id=14600, browser=Firefox
Testing: csp_id=486, page_id=14700, browser=Firefox
Testing: csp_id=486, page_id=14800, browser=Firefox
Testing: csp_id=486, page_id=14900, browser=Firefox
Testing: csp_id=486, page_id=15000, browser=Firefox
Testing: csp_id=486, page_id=15100, browser=Firefox
Testing: csp_id=486, page_id=15200, browser=Firefox
Testing: csp_id=486, page_id=15300, browser=Firefox
Testing: csp_id=486, page_id=15400, browser=Firefox
Testing: csp_id=486, page_id=15500, browser=Firefox
Testing: csp_id=486, page_id=15600, browser=Firefox
Testing: csp_id=486, page_id=15700, browser=Firefox
Testing: csp_id=486, page_id=15800, browser=Firefox
Testing: csp_id=486, page_id=15900, browser=Firefox
Testing: csp_id=486, page_id=16000, browser=Firefox
Testing: csp_id=486, page_id=16100, browser=Firefox
Testing: csp_id=486, page_id=16200, browser=Firefox
Testing: csp_id=486, page_id=16300, browser=Firefox
Testing: csp_id=486, page_id=16400, browser=Firefox
Testing: csp_id=486, page_id=16500, browser=Firefox
Testing: csp_id=486, page_id=16600, browser=Firefox
Testing: csp_id=486, page_id=16700, browser=Firefox
Testing: csp_id=486, page_id=16800, browser=Firefox
Testing: csp_id=486, page_id=16900, browser=Firefox
Testing: csp_id=486, page_id=17000, browser=Firefox
Testing: csp_id=486, page_id=17100, browser=Firefox
Testing: csp_id=486, page_id=17200, browser=Firefox
Testing: csp_id=486, page_id=17300, browser=Firefox
Testing: csp_id=486, page_id=17400, browser=Firefox
Testing: csp_id=486, page_id=17500, browser=Firefox
Testing: csp_id=486, page_id=17600, browser=Firefox
Testing: csp_id=486, page_id=17700, browser=Firefox
Testing: csp_id=486, page_id=17800, browser=Firefox
Testing: csp_id=486, page_id=17900, browser=Firefox
Testing: csp_id=486, page_id=18000, browser=Firefox
Testing: csp_id=486, page_id=18100, browser=Firefox
Testing: csp_id=486, page_id=18200, browser=Firefox
Testing: csp_id=486, page_id=18300, browser=Firefox
Testing: csp_id=486, page_id=18400, browser=Firefox
Testing: csp_id=486, page_id=18500, browser=Firefox
Testing: csp_id=486, page_id=18600, browser=Firefox
Testing: csp_id=486, page_id=18700, browser=Firefox
Testing: csp_id=486, page_id=18800, browser=Firefox
Testing: csp_id=486, page_id=18900, browser=Firefox
Testing: csp_id=486, page_id=19000, browser=Firefox
Testing: csp_id=486, page_id=19100, browser=Firefox
Testing: csp_id=486, page_id=19200, browser=Firefox
Testing: csp_id=486, page_id=19300, browser=Firefox
Testing: csp_id=486, page_id=19400, browser=Firefox
Testing: csp_id=486, page_id=19500, browser=Firefox
Testing: csp_id=486, page_id=19600, browser=Firefox
Testing: csp_id=486, page_id=19700, browser=Firefox
Testing: csp_id=486, page_id=19800, browser=Firefox
Testing: csp_id=486, page_id=19900, browser=Firefox
Testing: csp_id=486, page_id=20000, browser=Firefox
Testing: csp_id=486, page_id=20100, browser=Firefox
Testing: csp_id=486, page_id=20200, browser=Firefox
Testing: csp_id=486, page_id=20300, browser=Firefox
Testing: csp_id=486, page_id=20400, browser=Firefox
Testing: csp_id=486, page_id=20500, browser=Firefox
Testing: csp_id=486, page_id=20600, browser=Firefox
Testing: csp_id=486, page_id=20700, browser=Firefox
Testing: csp_id=486, page_id=20800, browser=Firefox
Testing: csp_id=486, page_id=20900, browser=Firefox
Testing: csp_id=486, page_id=21000, browser=Firefox
Testing: csp_id=486, page_id=21100, browser=Firefox
Testing: csp_id=486, page_id=21200, browser=Firefox
Testing: csp_id=486, page_id=21300, browser=Firefox
Testing: csp_id=486, page_id=21400, browser=Firefox
Testing: csp_id=486, page_id=21500, browser=Firefox
Testing: csp_id=486, page_id=21600, browser=Firefox
Testing: csp_id=486, page_id=21700, browser=Firefox
Testing: csp_id=486, page_id=21800, browser=Firefox
Testing: csp_id=486, page_id=21900, browser=Firefox
Testing: csp_id=486, page_id=22000, browser=Firefox
Testing: csp_id=486, page_id=22100, browser=Firefox
Testing: csp_id=486, page_id=22200, browser=Firefox
Testing: csp_id=486, page_id=22300, browser=Firefox
Testing: csp_id=486, page_id=22400, browser=Firefox
Testing: csp_id=486, page_id=22500, browser=Firefox
Testing: csp_id=486, page_id=22600, browser=Firefox
Testing: csp_id=486, page_id=22700, browser=Firefox
Testing: csp_id=486, page_id=22800, browser=Firefox
Testing: csp_id=486, page_id=22900, browser=Firefox
Testing: csp_id=486, page_id=23000, browser=Firefox
Testing: csp_id=486, page_id=23100, browser=Firefox
Testing: csp_id=486, page_id=23200, browser=Firefox
Testing: csp_id=486, page_id=23300, browser=Firefox
Testing: csp_id=486, page_id=23400, browser=Firefox
Testing: csp_id=486, page_id=23500, browser=Firefox
Testing: csp_id=486, page_id=23600, browser=Firefox
Testing: csp_id=486, page_id=23700, browser=Firefox
Testing: csp_id=486, page_id=23800, browser=Firefox
Testing: csp_id=486, page_id=23900, browser=Firefox
Testing: csp_id=486, page_id=24000, browser=Firefox
Testing: csp_id=486, page_id=24100, browser=Firefox
Testing: csp_id=486, page_id=24200, browser=Firefox
Testing: csp_id=486, page_id=24300, browser=Firefox
Testing: csp_id=486, page_id=24400, browser=Firefox
Testing: csp_id=486, page_id=24500, browser=Firefox
Testing: csp_id=486, page_id=24600, browser=Firefox
Testing: csp_id=486, page_id=24700, browser=Firefox
Testing: csp_id=486, page_id=24800, browser=Firefox
Testing: csp_id=486, page_id=24900, browser=Firefox
Testing: csp_id=486, page_id=25000, browser=Firefox
Testing: csp_id=486, page_id=25100, browser=Firefox
Testing: csp_id=486, page_id=25200, browser=Firefox
Testing: csp_id=486, page_id=25300, browser=Firefox
Testing: csp_id=486, page_id=25400, browser=Firefox
Testing: csp_id=486, page_id=25500, browser=Firefox
Testing: csp_id=486, page_id=25600, browser=Firefox
Testing: csp_id=486, page_id=25700, browser=Firefox
Testing: csp_id=486, page_id=25800, browser=Firefox
Testing: csp_id=486, page_id=25900, browser=Firefox
Testing: csp_id=486, page_id=26000, browser=Firefox
Testing: csp_id=486, page_id=26100, browser=Firefox
Testing: csp_id=486, page_id=26200, browser=Firefox
Testing: csp_id=486, page_id=26300, browser=Firefox
Testing: csp_id=486, page_id=26400, browser=Firefox
Testing: csp_id=486, page_id=26500, browser=Firefox
Testing: csp_id=486, page_id=26600, browser=Firefox
Testing: csp_id=486, page_id=26700, browser=Firefox
Testing: csp_id=486, page_id=26800, browser=Firefox
Testing: csp_id=486, page_id=26900, browser=Firefox
Testing: csp_id=486, page_id=27000, browser=Firefox
Testing: csp_id=486, page_id=27100, browser=Firefox
Testing: csp_id=486, page_id=27200, browser=Firefox
Testing: csp_id=486, page_id=27300, browser=Firefox
Testing: csp_id=486, page_id=27400, browser=Firefox
Testing: csp_id=486, page_id=27500, browser=Firefox
Testing: csp_id=486, page_id=27600, browser=Firefox
Testing: csp_id=486, page_id=27700, browser=Firefox
Testing: csp_id=486, page_id=27800, browser=Firefox
Testing: csp_id=486, page_id=27900, browser=Firefox
Testing: csp_id=486, page_id=28000, browser=Firefox
Testing: csp_id=486, page_id=28100, browser=Firefox
Testing: csp_id=486, page_id=28200, browser=Firefox
Testing: csp_id=486, page_id=28300, browser=Firefox
Testing: csp_id=486, page_id=28400, browser=Firefox
Testing: csp_id=486, page_id=28500, browser=Firefox
Testing: csp_id=486, page_id=28600, browser=Firefox
Testing: csp_id=486, page_id=28700, browser=Firefox
Testing: csp_id=486, page_id=28800, browser=Firefox
Testing: csp_id=486, page_id=28900, browser=Firefox
Testing: csp_id=486, page_id=29000, browser=Firefox
Testing: csp_id=486, page_id=29100, browser=Firefox
Testing: csp_id=486, page_id=29200, browser=Firefox
Testing: csp_id=486, page_id=29300, browser=Firefox
Testing: csp_id=486, page_id=29400, browser=Firefox
Testing: csp_id=486, page_id=29500, browser=Firefox
Testing: csp_id=486, page_id=29600, browser=Firefox
Testing: csp_id=486, page_id=29700, browser=Firefox
Testing: csp_id=486, page_id=29800, browser=Firefox
🏊 create_context_pools[first] (5x16): 30.374s
Testing: csp_id=496, page_id=0, browser=Firefox
Testing: csp_id=496, page_id=100, browser=Firefox
Testing: csp_id=496, page_id=200, browser=Firefox
Testing: csp_id=496, page_id=300, browser=Firefox
Testing: csp_id=496, page_id=400, browser=Firefox
Testing: csp_id=496, page_id=500, browser=Firefox
Testing: csp_id=496, page_id=600, browser=Firefox
Testing: csp_id=496, page_id=700, browser=Firefox
Testing: csp_id=496, page_id=800, browser=Firefox
Testing: csp_id=496, page_id=900, browser=Firefox
Testing: csp_id=496, page_id=1000, browser=Firefox
Testing: csp_id=496, page_id=1100, browser=Firefox
Testing: csp_id=496, page_id=1200, browser=Firefox
Testing: csp_id=496, page_id=1300, browser=Firefox
Testing: csp_id=496, page_id=1400, browser=Firefox
Testing: csp_id=496, page_id=1500, browser=Firefox
Testing: csp_id=496, page_id=1600, browser=Firefox
Testing: csp_id=496, page_id=1700, browser=Firefox
Testing: csp_id=496, page_id=1800, browser=Firefox
Testing: csp_id=496, page_id=1900, browser=Firefox
Testing: csp_id=496, page_id=2000, browser=Firefox
Testing: csp_id=496, page_id=2100, browser=Firefox
Testing: csp_id=496, page_id=2200, browser=Firefox
Testing: csp_id=496, page_id=2300, browser=Firefox
Testing: csp_id=496, page_id=2400, browser=Firefox
Testing: csp_id=496, page_id=2500, browser=Firefox
Testing: csp_id=496, page_id=2600, browser=Firefox
Testing: csp_id=496, page_id=2700, browser=Firefox
Testing: csp_id=496, page_id=2800, browser=Firefox
Testing: csp_id=496, page_id=2900, browser=Firefox
Testing: csp_id=496, page_id=3000, browser=Firefox
Testing: csp_id=496, page_id=3100, browser=Firefox
Testing: csp_id=496, page_id=3200, browser=Firefox
Testing: csp_id=496, page_id=3300, browser=Firefox
Testing: csp_id=496, page_id=3400, browser=Firefox
Testing: csp_id=496, page_id=3500, browser=Firefox
Testing: csp_id=496, page_id=3600, browser=Firefox
Testing: csp_id=496, page_id=3700, browser=Firefox
Testing: csp_id=496, page_id=3800, browser=Firefox
Testing: csp_id=496, page_id=3900, browser=Firefox
Testing: csp_id=496, page_id=4000, browser=Firefox
Testing: csp_id=496, page_id=4100, browser=Firefox
Testing: csp_id=496, page_id=4200, browser=Firefox
Testing: csp_id=496, page_id=4300, browser=Firefox
Testing: csp_id=496, page_id=4400, browser=Firefox
Testing: csp_id=496, page_id=4500, browser=Firefox
Testing: csp_id=496, page_id=4600, browser=Firefox
Testing: csp_id=496, page_id=4700, browser=Firefox
Testing: csp_id=496, page_id=4800, browser=Firefox
Testing: csp_id=496, page_id=4900, browser=Firefox
Testing: csp_id=496, page_id=5000, browser=Firefox
Testing: csp_id=496, page_id=5100, browser=Firefox
Testing: csp_id=496, page_id=5200, browser=Firefox
Testing: csp_id=496, page_id=5300, browser=Firefox
Testing: csp_id=496, page_id=5400, browser=Firefox
Testing: csp_id=496, page_id=5500, browser=Firefox
Testing: csp_id=496, page_id=5600, browser=Firefox
Testing: csp_id=496, page_id=5700, browser=Firefox
Testing: csp_id=496, page_id=5800, browser=Firefox
Testing: csp_id=496, page_id=5900, browser=Firefox
Testing: csp_id=496, page_id=6000, browser=Firefox
Testing: csp_id=496, page_id=6100, browser=Firefox
Testing: csp_id=496, page_id=6200, browser=Firefox
Testing: csp_id=496, page_id=6300, browser=Firefox
Testing: csp_id=496, page_id=6400, browser=Firefox
Testing: csp_id=496, page_id=6500, browser=Firefox
Testing: csp_id=496, page_id=6600, browser=Firefox
Testing: csp_id=496, page_id=6700, browser=Firefox
Testing: csp_id=496, page_id=6800, browser=Firefox
Testing: csp_id=496, page_id=6900, browser=Firefox
Testing: csp_id=496, page_id=7000, browser=Firefox
Testing: csp_id=496, page_id=7100, browser=Firefox
Testing: csp_id=496, page_id=7200, browser=Firefox
Testing: csp_id=496, page_id=7300, browser=Firefox
Testing: csp_id=496, page_id=7400, browser=Firefox
Testing: csp_id=496, page_id=7500, browser=Firefox
Testing: csp_id=496, page_id=7600, browser=Firefox
Testing: csp_id=496, page_id=7700, browser=Firefox
Testing: csp_id=496, page_id=7800, browser=Firefox
Testing: csp_id=496, page_id=7900, browser=Firefox
Testing: csp_id=496, page_id=8000, browser=Firefox
Testing: csp_id=496, page_id=8100, browser=Firefox
Testing: csp_id=496, page_id=8200, browser=Firefox
Testing: csp_id=496, page_id=8300, browser=Firefox
Testing: csp_id=496, page_id=8400, browser=Firefox
Testing: csp_id=496, page_id=8500, browser=Firefox
Testing: csp_id=496, page_id=8600, browser=Firefox
Testing: csp_id=496, page_id=8700, browser=Firefox
Testing: csp_id=496, page_id=8800, browser=Firefox
Testing: csp_id=496, page_id=8900, browser=Firefox
Testing: csp_id=496, page_id=9000, browser=Firefox
Testing: csp_id=496, page_id=9100, browser=Firefox
Testing: csp_id=496, page_id=9200, browser=Firefox
Testing: csp_id=496, page_id=9300, browser=Firefox
Testing: csp_id=496, page_id=9400, browser=Firefox
Testing: csp_id=496, page_id=9500, browser=Firefox
Testing: csp_id=496, page_id=9600, browser=Firefox
Testing: csp_id=496, page_id=9700, browser=Firefox
Testing: csp_id=496, page_id=9800, browser=Firefox
Testing: csp_id=496, page_id=9900, browser=Firefox
Testing: csp_id=496, page_id=10000, browser=Firefox
Testing: csp_id=496, page_id=10100, browser=Firefox
Testing: csp_id=496, page_id=10200, browser=Firefox
Testing: csp_id=496, page_id=10300, browser=Firefox
Testing: csp_id=496, page_id=10400, browser=Firefox
Testing: csp_id=496, page_id=10500, browser=Firefox
Testing: csp_id=496, page_id=10600, browser=Firefox
Testing: csp_id=496, page_id=10700, browser=Firefox
Testing: csp_id=496, page_id=10800, browser=Firefox
Testing: csp_id=496, page_id=10900, browser=Firefox
Testing: csp_id=496, page_id=11000, browser=Firefox
Testing: csp_id=496, page_id=11100, browser=Firefox
Testing: csp_id=496, page_id=11200, browser=Firefox
Testing: csp_id=496, page_id=11300, browser=Firefox
Testing: csp_id=496, page_id=11400, browser=Firefox
Testing: csp_id=496, page_id=11500, browser=Firefox
Testing: csp_id=496, page_id=11600, browser=Firefox
Testing: csp_id=496, page_id=11700, browser=Firefox
Testing: csp_id=496, page_id=11800, browser=Firefox
Testing: csp_id=496, page_id=11900, browser=Firefox
Testing: csp_id=496, page_id=12000, browser=Firefox
Testing: csp_id=496, page_id=12100, browser=Firefox
Testing: csp_id=496, page_id=12200, browser=Firefox
Testing: csp_id=496, page_id=12300, browser=Firefox
Testing: csp_id=496, page_id=12400, browser=Firefox
Testing: csp_id=496, page_id=12500, browser=Firefox
Testing: csp_id=496, page_id=12600, browser=Firefox
Testing: csp_id=496, page_id=12700, browser=Firefox
Testing: csp_id=496, page_id=12800, browser=Firefox
Testing: csp_id=496, page_id=12900, browser=Firefox
Testing: csp_id=496, page_id=13000, browser=Firefox
Testing: csp_id=496, page_id=13100, browser=Firefox
Testing: csp_id=496, page_id=13200, browser=Firefox
Testing: csp_id=496, page_id=13300, browser=Firefox
Testing: csp_id=496, page_id=13400, browser=Firefox
Testing: csp_id=496, page_id=13500, browser=Firefox
Testing: csp_id=496, page_id=13600, browser=Firefox
Testing: csp_id=496, page_id=13700, browser=Firefox
Testing: csp_id=496, page_id=13800, browser=Firefox
Testing: csp_id=496, page_id=13900, browser=Firefox
Testing: csp_id=496, page_id=14000, browser=Firefox
Testing: csp_id=496, page_id=14100, browser=Firefox
Testing: csp_id=496, page_id=14200, browser=Firefox
Testing: csp_id=496, page_id=14300, browser=Firefox
Testing: csp_id=496, page_id=14400, browser=Firefox
Testing: csp_id=496, page_id=14500, browser=Firefox
Testing: csp_id=496, page_id=14600, browser=Firefox
Testing: csp_id=496, page_id=14700, browser=Firefox
Testing: csp_id=496, page_id=14800, browser=Firefox
Testing: csp_id=496, page_id=14900, browser=Firefox
Testing: csp_id=496, page_id=15000, browser=Firefox
Testing: csp_id=496, page_id=15100, browser=Firefox
Testing: csp_id=496, page_id=15200, browser=Firefox
Testing: csp_id=496, page_id=15300, browser=Firefox
Testing: csp_id=496, page_id=15400, browser=Firefox
Testing: csp_id=496, page_id=15500, browser=Firefox
Testing: csp_id=496, page_id=15600, browser=Firefox
Testing: csp_id=496, page_id=15700, browser=Firefox
Testing: csp_id=496, page_id=15800, browser=Firefox
Testing: csp_id=496, page_id=15900, browser=Firefox
Testing: csp_id=496, page_id=16000, browser=Firefox
Testing: csp_id=496, page_id=16100, browser=Firefox
Testing: csp_id=496, page_id=16200, browser=Firefox
Testing: csp_id=496, page_id=16300, browser=Firefox
Testing: csp_id=496, page_id=16400, browser=Firefox
Testing: csp_id=496, page_id=16500, browser=Firefox
Testing: csp_id=496, page_id=16600, browser=Firefox
Testing: csp_id=496, page_id=16700, browser=Firefox
Testing: csp_id=496, page_id=16800, browser=Firefox
Testing: csp_id=496, page_id=16900, browser=Firefox
Testing: csp_id=496, page_id=17000, browser=Firefox
Testing: csp_id=496, page_id=17100, browser=Firefox
Testing: csp_id=496, page_id=17200, browser=Firefox
Testing: csp_id=496, page_id=17300, browser=Firefox
Testing: csp_id=496, page_id=17400, browser=Firefox
Testing: csp_id=496, page_id=17500, browser=Firefox
Testing: csp_id=496, page_id=17600, browser=Firefox
Testing: csp_id=496, page_id=17700, browser=Firefox
Testing: csp_id=496, page_id=17800, browser=Firefox
Testing: csp_id=496, page_id=17900, browser=Firefox
Testing: csp_id=496, page_id=18000, browser=Firefox
Testing: csp_id=496, page_id=18100, browser=Firefox
Testing: csp_id=496, page_id=18200, browser=Firefox
Testing: csp_id=496, page_id=18300, browser=Firefox
Testing: csp_id=496, page_id=18400, browser=Firefox
Testing: csp_id=496, page_id=18500, browser=Firefox
Testing: csp_id=496, page_id=18600, browser=Firefox
Testing: csp_id=496, page_id=18700, browser=Firefox
Testing: csp_id=496, page_id=18800, browser=Firefox
Testing: csp_id=496, page_id=18900, browser=Firefox
Testing: csp_id=496, page_id=19000, browser=Firefox
Testing: csp_id=496, page_id=19100, browser=Firefox
Testing: csp_id=496, page_id=19200, browser=Firefox
Testing: csp_id=496, page_id=19300, browser=Firefox
Testing: csp_id=496, page_id=19400, browser=Firefox
Testing: csp_id=496, page_id=19500, browser=Firefox
Testing: csp_id=496, page_id=19600, browser=Firefox
Testing: csp_id=496, page_id=19700, browser=Firefox
Testing: csp_id=496, page_id=19800, browser=Firefox
Testing: csp_id=496, page_id=19900, browser=Firefox
Testing: csp_id=496, page_id=20000, browser=Firefox
Testing: csp_id=496, page_id=20100, browser=Firefox
Testing: csp_id=496, page_id=20200, browser=Firefox
Testing: csp_id=496, page_id=20300, browser=Firefox
Testing: csp_id=496, page_id=20400, browser=Firefox
Testing: csp_id=496, page_id=20500, browser=Firefox
Testing: csp_id=496, page_id=20600, browser=Firefox
Testing: csp_id=496, page_id=20700, browser=Firefox
Testing: csp_id=496, page_id=20800, browser=Firefox
Testing: csp_id=496, page_id=20900, browser=Firefox
Testing: csp_id=496, page_id=21000, browser=Firefox
Testing: csp_id=496, page_id=21100, browser=Firefox
Testing: csp_id=496, page_id=21200, browser=Firefox
Testing: csp_id=496, page_id=21300, browser=Firefox
Testing: csp_id=496, page_id=21400, browser=Firefox
Testing: csp_id=496, page_id=21500, browser=Firefox
Testing: csp_id=496, page_id=21600, browser=Firefox
Testing: csp_id=496, page_id=21700, browser=Firefox
Testing: csp_id=496, page_id=21800, browser=Firefox
Testing: csp_id=496, page_id=21900, browser=Firefox
Testing: csp_id=496, page_id=22000, browser=Firefox
Testing: csp_id=496, page_id=22100, browser=Firefox
Testing: csp_id=496, page_id=22200, browser=Firefox
Testing: csp_id=496, page_id=22300, browser=Firefox
Testing: csp_id=496, page_id=22400, browser=Firefox
Testing: csp_id=496, page_id=22500, browser=Firefox
Testing: csp_id=496, page_id=22600, browser=Firefox
Testing: csp_id=496, page_id=22700, browser=Firefox
Testing: csp_id=496, page_id=22800, browser=Firefox
Testing: csp_id=496, page_id=22900, browser=Firefox
Testing: csp_id=496, page_id=23000, browser=Firefox
Testing: csp_id=496, page_id=23100, browser=Firefox
Testing: csp_id=496, page_id=23200, browser=Firefox
Testing: csp_id=496, page_id=23300, browser=Firefox
Testing: csp_id=496, page_id=23400, browser=Firefox
Testing: csp_id=496, page_id=23500, browser=Firefox
Testing: csp_id=496, page_id=23600, browser=Firefox
Testing: csp_id=496, page_id=23700, browser=Firefox
Testing: csp_id=496, page_id=23800, browser=Firefox
Testing: csp_id=496, page_id=23900, browser=Firefox
Testing: csp_id=496, page_id=24000, browser=Firefox
Testing: csp_id=496, page_id=24100, browser=Firefox
Testing: csp_id=496, page_id=24200, browser=Firefox
Testing: csp_id=496, page_id=24300, browser=Firefox
Testing: csp_id=496, page_id=24400, browser=Firefox
Testing: csp_id=496, page_id=24500, browser=Firefox
Testing: csp_id=496, page_id=24600, browser=Firefox
Testing: csp_id=496, page_id=24700, browser=Firefox
Testing: csp_id=496, page_id=24800, browser=Firefox
Testing: csp_id=496, page_id=24900, browser=Firefox
Testing: csp_id=496, page_id=25000, browser=Firefox
Testing: csp_id=496, page_id=25100, browser=Firefox
Testing: csp_id=496, page_id=25200, browser=Firefox
Testing: csp_id=496, page_id=25300, browser=Firefox
Testing: csp_id=496, page_id=25400, browser=Firefox
Testing: csp_id=496, page_id=25500, browser=Firefox
Testing: csp_id=496, page_id=25600, browser=Firefox
Testing: csp_id=496, page_id=25700, browser=Firefox
Testing: csp_id=496, page_id=25800, browser=Firefox
Testing: csp_id=496, page_id=25900, browser=Firefox
Testing: csp_id=496, page_id=26000, browser=Firefox
Testing: csp_id=496, page_id=26100, browser=Firefox
Testing: csp_id=496, page_id=26200, browser=Firefox
Testing: csp_id=496, page_id=26300, browser=Firefox
Testing: csp_id=496, page_id=26400, browser=Firefox
Testing: csp_id=496, page_id=26500, browser=Firefox
Testing: csp_id=496, page_id=26600, browser=Firefox
Testing: csp_id=496, page_id=26700, browser=Firefox
Testing: csp_id=496, page_id=26800, browser=Firefox
Testing: csp_id=496, page_id=26900, browser=Firefox
Testing: csp_id=496, page_id=27000, browser=Firefox
Testing: csp_id=496, page_id=27100, browser=Firefox
Testing: csp_id=496, page_id=27200, browser=Firefox
Testing: csp_id=496, page_id=27300, browser=Firefox
Testing: csp_id=496, page_id=27400, browser=Firefox
Testing: csp_id=496, page_id=27500, browser=Firefox
Testing: csp_id=496, page_id=27600, browser=Firefox
Testing: csp_id=496, page_id=27700, browser=Firefox
Testing: csp_id=496, page_id=27800, browser=Firefox
Testing: csp_id=496, page_id=27900, browser=Firefox
Testing: csp_id=496, page_id=28000, browser=Firefox
Testing: csp_id=496, page_id=28100, browser=Firefox
Testing: csp_id=496, page_id=28200, browser=Firefox
Testing: csp_id=496, page_id=28300, browser=Firefox
Testing: csp_id=496, page_id=28400, browser=Firefox
Testing: csp_id=496, page_id=28500, browser=Firefox
Testing: csp_id=496, page_id=28600, browser=Firefox
Testing: csp_id=496, page_id=28700, browser=Firefox
Testing: csp_id=496, page_id=28800, browser=Firefox
Testing: csp_id=496, page_id=28900, browser=Firefox
Testing: csp_id=496, page_id=29000, browser=Firefox
Testing: csp_id=496, page_id=29100, browser=Firefox
Testing: csp_id=496, page_id=29200, browser=Firefox
Testing: csp_id=496, page_id=29300, browser=Firefox
Testing: csp_id=496, page_id=29400, browser=Firefox
Testing: csp_id=496, page_id=29500, browser=Firefox
Testing: csp_id=496, page_id=29600, browser=Firefox
Testing: csp_id=496, page_id=29700, browser=Firefox
Testing: csp_id=496, page_id=29800, browser=Firefox
🏊 create_context_pools[first] (5x16): 30.126s
Testing: csp_id=506, page_id=0, browser=Firefox
Testing: csp_id=506, page_id=100, browser=Firefox
Testing: csp_id=506, page_id=200, browser=Firefox
Testing: csp_id=506, page_id=300, browser=Firefox
Testing: csp_id=506, page_id=400, browser=Firefox
Testing: csp_id=506, page_id=500, browser=Firefox
Testing: csp_id=506, page_id=600, browser=Firefox
Testing: csp_id=506, page_id=700, browser=Firefox
Testing: csp_id=506, page_id=800, browser=Firefox
Testing: csp_id=506, page_id=900, browser=Firefox
Testing: csp_id=506, page_id=1000, browser=Firefox
Testing: csp_id=506, page_id=1100, browser=Firefox
Testing: csp_id=506, page_id=1200, browser=Firefox
Testing: csp_id=506, page_id=1300, browser=Firefox
Testing: csp_id=506, page_id=1400, browser=Firefox
Testing: csp_id=506, page_id=1500, browser=Firefox
Testing: csp_id=506, page_id=1600, browser=Firefox
Testing: csp_id=506, page_id=1700, browser=Firefox
Testing: csp_id=506, page_id=1800, browser=Firefox
Testing: csp_id=506, page_id=1900, browser=Firefox
Testing: csp_id=506, page_id=2000, browser=Firefox
Testing: csp_id=506, page_id=2100, browser=Firefox
Testing: csp_id=506, page_id=2200, browser=Firefox
Testing: csp_id=506, page_id=2300, browser=Firefox
Testing: csp_id=506, page_id=2400, browser=Firefox
Testing: csp_id=506, page_id=2500, browser=Firefox
Testing: csp_id=506, page_id=2600, browser=Firefox
Testing: csp_id=506, page_id=2700, browser=Firefox
Testing: csp_id=506, page_id=2800, browser=Firefox
Testing: csp_id=506, page_id=2900, browser=Firefox
Testing: csp_id=506, page_id=3000, browser=Firefox
Testing: csp_id=506, page_id=3100, browser=Firefox
Testing: csp_id=506, page_id=3200, browser=Firefox
Testing: csp_id=506, page_id=3300, browser=Firefox
Testing: csp_id=506, page_id=3400, browser=Firefox
Testing: csp_id=506, page_id=3500, browser=Firefox
Testing: csp_id=506, page_id=3600, browser=Firefox
Testing: csp_id=506, page_id=3700, browser=Firefox
Testing: csp_id=506, page_id=3800, browser=Firefox
Testing: csp_id=506, page_id=3900, browser=Firefox
Testing: csp_id=506, page_id=4000, browser=Firefox
Testing: csp_id=506, page_id=4100, browser=Firefox
Testing: csp_id=506, page_id=4200, browser=Firefox
Testing: csp_id=506, page_id=4300, browser=Firefox
Testing: csp_id=506, page_id=4400, browser=Firefox
Testing: csp_id=506, page_id=4500, browser=Firefox
Testing: csp_id=506, page_id=4600, browser=Firefox
Testing: csp_id=506, page_id=4700, browser=Firefox
Testing: csp_id=506, page_id=4800, browser=Firefox
Testing: csp_id=506, page_id=4900, browser=Firefox
Testing: csp_id=506, page_id=5000, browser=Firefox
Testing: csp_id=506, page_id=5100, browser=Firefox
Testing: csp_id=506, page_id=5200, browser=Firefox
Testing: csp_id=506, page_id=5300, browser=Firefox
Testing: csp_id=506, page_id=5400, browser=Firefox
Testing: csp_id=506, page_id=5500, browser=Firefox
Testing: csp_id=506, page_id=5600, browser=Firefox
Testing: csp_id=506, page_id=5700, browser=Firefox
Testing: csp_id=506, page_id=5800, browser=Firefox
Testing: csp_id=506, page_id=5900, browser=Firefox
Testing: csp_id=506, page_id=6000, browser=Firefox
Testing: csp_id=506, page_id=6100, browser=Firefox
Testing: csp_id=506, page_id=6200, browser=Firefox
Testing: csp_id=506, page_id=6300, browser=Firefox
Testing: csp_id=506, page_id=6400, browser=Firefox
Testing: csp_id=506, page_id=6500, browser=Firefox
Testing: csp_id=506, page_id=6600, browser=Firefox
Testing: csp_id=506, page_id=6700, browser=Firefox
Testing: csp_id=506, page_id=6800, browser=Firefox
Testing: csp_id=506, page_id=6900, browser=Firefox
Testing: csp_id=506, page_id=7000, browser=Firefox
Testing: csp_id=506, page_id=7100, browser=Firefox
Testing: csp_id=506, page_id=7200, browser=Firefox
Testing: csp_id=506, page_id=7300, browser=Firefox
Testing: csp_id=506, page_id=7400, browser=Firefox
Testing: csp_id=506, page_id=7500, browser=Firefox
Testing: csp_id=506, page_id=7600, browser=Firefox
Testing: csp_id=506, page_id=7700, browser=Firefox
Testing: csp_id=506, page_id=7800, browser=Firefox
Testing: csp_id=506, page_id=7900, browser=Firefox
Testing: csp_id=506, page_id=8000, browser=Firefox
Testing: csp_id=506, page_id=8100, browser=Firefox
Testing: csp_id=506, page_id=8200, browser=Firefox
Testing: csp_id=506, page_id=8300, browser=Firefox
Testing: csp_id=506, page_id=8400, browser=Firefox
Testing: csp_id=506, page_id=8500, browser=Firefox
Testing: csp_id=506, page_id=8600, browser=Firefox
Testing: csp_id=506, page_id=8700, browser=Firefox
Testing: csp_id=506, page_id=8800, browser=Firefox
Testing: csp_id=506, page_id=8900, browser=Firefox
Testing: csp_id=506, page_id=9000, browser=Firefox
Testing: csp_id=506, page_id=9100, browser=Firefox
Testing: csp_id=506, page_id=9200, browser=Firefox
Testing: csp_id=506, page_id=9300, browser=Firefox
Testing: csp_id=506, page_id=9400, browser=Firefox
Testing: csp_id=506, page_id=9500, browser=Firefox
Testing: csp_id=506, page_id=9600, browser=Firefox
Testing: csp_id=506, page_id=9700, browser=Firefox
Testing: csp_id=506, page_id=9800, browser=Firefox
Testing: csp_id=506, page_id=9900, browser=Firefox
Testing: csp_id=506, page_id=10000, browser=Firefox
Testing: csp_id=506, page_id=10100, browser=Firefox
Testing: csp_id=506, page_id=10200, browser=Firefox
Testing: csp_id=506, page_id=10300, browser=Firefox
Testing: csp_id=506, page_id=10400, browser=Firefox
Testing: csp_id=506, page_id=10500, browser=Firefox
Testing: csp_id=506, page_id=10600, browser=Firefox
Testing: csp_id=506, page_id=10700, browser=Firefox
Testing: csp_id=506, page_id=10800, browser=Firefox
Testing: csp_id=506, page_id=10900, browser=Firefox
Testing: csp_id=506, page_id=11000, browser=Firefox
Testing: csp_id=506, page_id=11100, browser=Firefox
Testing: csp_id=506, page_id=11200, browser=Firefox
Testing: csp_id=506, page_id=11300, browser=Firefox
Testing: csp_id=506, page_id=11400, browser=Firefox
Testing: csp_id=506, page_id=11500, browser=Firefox
Testing: csp_id=506, page_id=11600, browser=Firefox
Testing: csp_id=506, page_id=11700, browser=Firefox
Testing: csp_id=506, page_id=11800, browser=Firefox
Testing: csp_id=506, page_id=11900, browser=Firefox
Testing: csp_id=506, page_id=12000, browser=Firefox
Testing: csp_id=506, page_id=12100, browser=Firefox
Testing: csp_id=506, page_id=12200, browser=Firefox
Testing: csp_id=506, page_id=12300, browser=Firefox
Testing: csp_id=506, page_id=12400, browser=Firefox
Testing: csp_id=506, page_id=12500, browser=Firefox
Testing: csp_id=506, page_id=12600, browser=Firefox
Testing: csp_id=506, page_id=12700, browser=Firefox
Testing: csp_id=506, page_id=12800, browser=Firefox
Testing: csp_id=506, page_id=12900, browser=Firefox
Testing: csp_id=506, page_id=13000, browser=Firefox
Testing: csp_id=506, page_id=13100, browser=Firefox
Testing: csp_id=506, page_id=13200, browser=Firefox
Testing: csp_id=506, page_id=13300, browser=Firefox
Testing: csp_id=506, page_id=13400, browser=Firefox
Testing: csp_id=506, page_id=13500, browser=Firefox
Testing: csp_id=506, page_id=13600, browser=Firefox
Testing: csp_id=506, page_id=13700, browser=Firefox
Testing: csp_id=506, page_id=13800, browser=Firefox
Testing: csp_id=506, page_id=13900, browser=Firefox
Testing: csp_id=506, page_id=14000, browser=Firefox
Testing: csp_id=506, page_id=14100, browser=Firefox
Testing: csp_id=506, page_id=14200, browser=Firefox
Testing: csp_id=506, page_id=14300, browser=Firefox
Testing: csp_id=506, page_id=14400, browser=Firefox
Testing: csp_id=506, page_id=14500, browser=Firefox
Testing: csp_id=506, page_id=14600, browser=Firefox
Testing: csp_id=506, page_id=14700, browser=Firefox
Testing: csp_id=506, page_id=14800, browser=Firefox
Testing: csp_id=506, page_id=14900, browser=Firefox
Testing: csp_id=506, page_id=15000, browser=Firefox
Testing: csp_id=506, page_id=15100, browser=Firefox
Testing: csp_id=506, page_id=15200, browser=Firefox
Testing: csp_id=506, page_id=15300, browser=Firefox
Testing: csp_id=506, page_id=15400, browser=Firefox
Testing: csp_id=506, page_id=15500, browser=Firefox
Testing: csp_id=506, page_id=15600, browser=Firefox
Testing: csp_id=506, page_id=15700, browser=Firefox
Testing: csp_id=506, page_id=15800, browser=Firefox
Testing: csp_id=506, page_id=15900, browser=Firefox
Testing: csp_id=506, page_id=16000, browser=Firefox
Testing: csp_id=506, page_id=16100, browser=Firefox
Testing: csp_id=506, page_id=16200, browser=Firefox
Testing: csp_id=506, page_id=16300, browser=Firefox
Testing: csp_id=506, page_id=16400, browser=Firefox
Testing: csp_id=506, page_id=16500, browser=Firefox
Testing: csp_id=506, page_id=16600, browser=Firefox
Testing: csp_id=506, page_id=16700, browser=Firefox
Testing: csp_id=506, page_id=16800, browser=Firefox
Testing: csp_id=506, page_id=16900, browser=Firefox
Testing: csp_id=506, page_id=17000, browser=Firefox
Testing: csp_id=506, page_id=17100, browser=Firefox
Testing: csp_id=506, page_id=17200, browser=Firefox
Testing: csp_id=506, page_id=17300, browser=Firefox
Testing: csp_id=506, page_id=17400, browser=Firefox
Testing: csp_id=506, page_id=17500, browser=Firefox
Testing: csp_id=506, page_id=17600, browser=Firefox
Testing: csp_id=506, page_id=17700, browser=Firefox
Testing: csp_id=506, page_id=17800, browser=Firefox
Testing: csp_id=506, page_id=17900, browser=Firefox
Testing: csp_id=506, page_id=18000, browser=Firefox
Testing: csp_id=506, page_id=18100, browser=Firefox
Testing: csp_id=506, page_id=18200, browser=Firefox
Testing: csp_id=506, page_id=18300, browser=Firefox
Testing: csp_id=506, page_id=18400, browser=Firefox
Testing: csp_id=506, page_id=18500, browser=Firefox
Testing: csp_id=506, page_id=18600, browser=Firefox
Testing: csp_id=506, page_id=18700, browser=Firefox
Testing: csp_id=506, page_id=18800, browser=Firefox
Testing: csp_id=506, page_id=18900, browser=Firefox
Testing: csp_id=506, page_id=19000, browser=Firefox
Testing: csp_id=506, page_id=19100, browser=Firefox
Testing: csp_id=506, page_id=19200, browser=Firefox
Testing: csp_id=506, page_id=19300, browser=Firefox
Testing: csp_id=506, page_id=19400, browser=Firefox
Testing: csp_id=506, page_id=19500, browser=Firefox
Testing: csp_id=506, page_id=19600, browser=Firefox
Testing: csp_id=506, page_id=19700, browser=Firefox
Testing: csp_id=506, page_id=19800, browser=Firefox
Testing: csp_id=506, page_id=19900, browser=Firefox
Testing: csp_id=506, page_id=20000, browser=Firefox
Testing: csp_id=506, page_id=20100, browser=Firefox
Testing: csp_id=506, page_id=20200, browser=Firefox
Testing: csp_id=506, page_id=20300, browser=Firefox
Testing: csp_id=506, page_id=20400, browser=Firefox
Testing: csp_id=506, page_id=20500, browser=Firefox
Testing: csp_id=506, page_id=20600, browser=Firefox
Testing: csp_id=506, page_id=20700, browser=Firefox
Testing: csp_id=506, page_id=20800, browser=Firefox
Testing: csp_id=506, page_id=20900, browser=Firefox
Testing: csp_id=506, page_id=21000, browser=Firefox
Testing: csp_id=506, page_id=21100, browser=Firefox
Testing: csp_id=506, page_id=21200, browser=Firefox
Testing: csp_id=506, page_id=21300, browser=Firefox
Testing: csp_id=506, page_id=21400, browser=Firefox
Testing: csp_id=506, page_id=21500, browser=Firefox
Testing: csp_id=506, page_id=21600, browser=Firefox
Testing: csp_id=506, page_id=21700, browser=Firefox
Testing: csp_id=506, page_id=21800, browser=Firefox
Testing: csp_id=506, page_id=21900, browser=Firefox
Testing: csp_id=506, page_id=22000, browser=Firefox
Testing: csp_id=506, page_id=22100, browser=Firefox
Testing: csp_id=506, page_id=22200, browser=Firefox
Testing: csp_id=506, page_id=22300, browser=Firefox
Testing: csp_id=506, page_id=22400, browser=Firefox
Testing: csp_id=506, page_id=22500, browser=Firefox
Testing: csp_id=506, page_id=22600, browser=Firefox
Testing: csp_id=506, page_id=22700, browser=Firefox
Testing: csp_id=506, page_id=22800, browser=Firefox
Testing: csp_id=506, page_id=22900, browser=Firefox
Testing: csp_id=506, page_id=23000, browser=Firefox
Testing: csp_id=506, page_id=23100, browser=Firefox
Testing: csp_id=506, page_id=23200, browser=Firefox
Testing: csp_id=506, page_id=23300, browser=Firefox
Testing: csp_id=506, page_id=23400, browser=Firefox
Testing: csp_id=506, page_id=23500, browser=Firefox
Testing: csp_id=506, page_id=23600, browser=Firefox
Testing: csp_id=506, page_id=23700, browser=Firefox
Testing: csp_id=506, page_id=23800, browser=Firefox
Testing: csp_id=506, page_id=23900, browser=Firefox
Testing: csp_id=506, page_id=24000, browser=Firefox
Testing: csp_id=506, page_id=24100, browser=Firefox
Testing: csp_id=506, page_id=24200, browser=Firefox
Testing: csp_id=506, page_id=24300, browser=Firefox
Testing: csp_id=506, page_id=24400, browser=Firefox
Testing: csp_id=506, page_id=24500, browser=Firefox
Testing: csp_id=506, page_id=24600, browser=Firefox
Testing: csp_id=506, page_id=24700, browser=Firefox
Testing: csp_id=506, page_id=24800, browser=Firefox
Testing: csp_id=506, page_id=24900, browser=Firefox
Testing: csp_id=506, page_id=25000, browser=Firefox
Testing: csp_id=506, page_id=25100, browser=Firefox
Testing: csp_id=506, page_id=25200, browser=Firefox
Testing: csp_id=506, page_id=25300, browser=Firefox
Testing: csp_id=506, page_id=25400, browser=Firefox
Testing: csp_id=506, page_id=25500, browser=Firefox
Testing: csp_id=506, page_id=25600, browser=Firefox
Testing: csp_id=506, page_id=25700, browser=Firefox
Testing: csp_id=506, page_id=25800, browser=Firefox
Testing: csp_id=506, page_id=25900, browser=Firefox
Testing: csp_id=506, page_id=26000, browser=Firefox
Testing: csp_id=506, page_id=26100, browser=Firefox
Testing: csp_id=506, page_id=26200, browser=Firefox
Testing: csp_id=506, page_id=26300, browser=Firefox
Testing: csp_id=506, page_id=26400, browser=Firefox
Testing: csp_id=506, page_id=26500, browser=Firefox
Testing: csp_id=506, page_id=26600, browser=Firefox
Testing: csp_id=506, page_id=26700, browser=Firefox
Testing: csp_id=506, page_id=26800, browser=Firefox
Testing: csp_id=506, page_id=26900, browser=Firefox
Testing: csp_id=506, page_id=27000, browser=Firefox
Testing: csp_id=506, page_id=27100, browser=Firefox
Testing: csp_id=506, page_id=27200, browser=Firefox
Testing: csp_id=506, page_id=27300, browser=Firefox
Testing: csp_id=506, page_id=27400, browser=Firefox
Testing: csp_id=506, page_id=27500, browser=Firefox
Testing: csp_id=506, page_id=27600, browser=Firefox
Testing: csp_id=506, page_id=27700, browser=Firefox
Testing: csp_id=506, page_id=27800, browser=Firefox
Testing: csp_id=506, page_id=27900, browser=Firefox
Testing: csp_id=506, page_id=28000, browser=Firefox
Testing: csp_id=506, page_id=28100, browser=Firefox
Testing: csp_id=506, page_id=28200, browser=Firefox
Testing: csp_id=506, page_id=28300, browser=Firefox
Testing: csp_id=506, page_id=28400, browser=Firefox
Testing: csp_id=506, page_id=28500, browser=Firefox
Testing: csp_id=506, page_id=28600, browser=Firefox
Testing: csp_id=506, page_id=28700, browser=Firefox
Testing: csp_id=506, page_id=28800, browser=Firefox
Testing: csp_id=506, page_id=28900, browser=Firefox
Testing: csp_id=506, page_id=29000, browser=Firefox
Testing: csp_id=506, page_id=29100, browser=Firefox
Testing: csp_id=506, page_id=29200, browser=Firefox
Testing: csp_id=506, page_id=29300, browser=Firefox
Testing: csp_id=506, page_id=29400, browser=Firefox
Testing: csp_id=506, page_id=29500, browser=Firefox
Testing: csp_id=506, page_id=29600, browser=Firefox
Testing: csp_id=506, page_id=29700, browser=Firefox
Testing: csp_id=506, page_id=29800, browser=Firefox
🏊 create_context_pools[first] (5x16): 31.898s
Testing: csp_id=516, page_id=0, browser=Firefox
Testing: csp_id=516, page_id=100, browser=Firefox
Testing: csp_id=516, page_id=200, browser=Firefox
Testing: csp_id=516, page_id=300, browser=Firefox
Testing: csp_id=516, page_id=400, browser=Firefox
Testing: csp_id=516, page_id=500, browser=Firefox
Testing: csp_id=516, page_id=600, browser=Firefox
Testing: csp_id=516, page_id=700, browser=Firefox
Testing: csp_id=516, page_id=800, browser=Firefox
Testing: csp_id=516, page_id=900, browser=Firefox
Testing: csp_id=516, page_id=1000, browser=Firefox
Testing: csp_id=516, page_id=1100, browser=Firefox
Testing: csp_id=516, page_id=1200, browser=Firefox
Testing: csp_id=516, page_id=1300, browser=Firefox
Testing: csp_id=516, page_id=1400, browser=Firefox
Testing: csp_id=516, page_id=1500, browser=Firefox
Testing: csp_id=516, page_id=1600, browser=Firefox
Testing: csp_id=516, page_id=1700, browser=Firefox
Testing: csp_id=516, page_id=1800, browser=Firefox
Testing: csp_id=516, page_id=1900, browser=Firefox
Testing: csp_id=516, page_id=2000, browser=Firefox
Testing: csp_id=516, page_id=2100, browser=Firefox
Testing: csp_id=516, page_id=2200, browser=Firefox
Testing: csp_id=516, page_id=2300, browser=Firefox
Testing: csp_id=516, page_id=2400, browser=Firefox
Testing: csp_id=516, page_id=2500, browser=Firefox
Testing: csp_id=516, page_id=2600, browser=Firefox
Testing: csp_id=516, page_id=2700, browser=Firefox
Testing: csp_id=516, page_id=2800, browser=Firefox
Testing: csp_id=516, page_id=2900, browser=Firefox
Testing: csp_id=516, page_id=3000, browser=Firefox
Testing: csp_id=516, page_id=3100, browser=Firefox
Testing: csp_id=516, page_id=3200, browser=Firefox
Testing: csp_id=516, page_id=3300, browser=Firefox
Testing: csp_id=516, page_id=3400, browser=Firefox
Testing: csp_id=516, page_id=3500, browser=Firefox
Testing: csp_id=516, page_id=3600, browser=Firefox
Testing: csp_id=516, page_id=3700, browser=Firefox
Testing: csp_id=516, page_id=3800, browser=Firefox
Testing: csp_id=516, page_id=3900, browser=Firefox
Testing: csp_id=516, page_id=4000, browser=Firefox
Testing: csp_id=516, page_id=4100, browser=Firefox
Testing: csp_id=516, page_id=4200, browser=Firefox
Testing: csp_id=516, page_id=4300, browser=Firefox
Testing: csp_id=516, page_id=4400, browser=Firefox
Testing: csp_id=516, page_id=4500, browser=Firefox
Testing: csp_id=516, page_id=4600, browser=Firefox
Testing: csp_id=516, page_id=4700, browser=Firefox
Testing: csp_id=516, page_id=4800, browser=Firefox
Testing: csp_id=516, page_id=4900, browser=Firefox
Testing: csp_id=516, page_id=5000, browser=Firefox
Testing: csp_id=516, page_id=5100, browser=Firefox
Testing: csp_id=516, page_id=5200, browser=Firefox
Testing: csp_id=516, page_id=5300, browser=Firefox
Testing: csp_id=516, page_id=5400, browser=Firefox
Testing: csp_id=516, page_id=5500, browser=Firefox
Testing: csp_id=516, page_id=5600, browser=Firefox
Testing: csp_id=516, page_id=5700, browser=Firefox
Testing: csp_id=516, page_id=5800, browser=Firefox
Testing: csp_id=516, page_id=5900, browser=Firefox
Testing: csp_id=516, page_id=6000, browser=Firefox
Testing: csp_id=516, page_id=6100, browser=Firefox
Testing: csp_id=516, page_id=6200, browser=Firefox
Testing: csp_id=516, page_id=6300, browser=Firefox
Testing: csp_id=516, page_id=6400, browser=Firefox
Testing: csp_id=516, page_id=6500, browser=Firefox
Testing: csp_id=516, page_id=6600, browser=Firefox
Testing: csp_id=516, page_id=6700, browser=Firefox
Testing: csp_id=516, page_id=6800, browser=Firefox
Testing: csp_id=516, page_id=6900, browser=Firefox
Testing: csp_id=516, page_id=7000, browser=Firefox
Testing: csp_id=516, page_id=7100, browser=Firefox
Testing: csp_id=516, page_id=7200, browser=Firefox
Testing: csp_id=516, page_id=7300, browser=Firefox
Testing: csp_id=516, page_id=7400, browser=Firefox
Testing: csp_id=516, page_id=7500, browser=Firefox
Testing: csp_id=516, page_id=7600, browser=Firefox
Testing: csp_id=516, page_id=7700, browser=Firefox
Testing: csp_id=516, page_id=7800, browser=Firefox
Testing: csp_id=516, page_id=7900, browser=Firefox
Testing: csp_id=516, page_id=8000, browser=Firefox
Testing: csp_id=516, page_id=8100, browser=Firefox
Testing: csp_id=516, page_id=8200, browser=Firefox
Testing: csp_id=516, page_id=8300, browser=Firefox
Testing: csp_id=516, page_id=8400, browser=Firefox
Testing: csp_id=516, page_id=8500, browser=Firefox
Testing: csp_id=516, page_id=8600, browser=Firefox
Testing: csp_id=516, page_id=8700, browser=Firefox
Testing: csp_id=516, page_id=8800, browser=Firefox
Testing: csp_id=516, page_id=8900, browser=Firefox
Testing: csp_id=516, page_id=9000, browser=Firefox
Testing: csp_id=516, page_id=9100, browser=Firefox
Testing: csp_id=516, page_id=9200, browser=Firefox
Testing: csp_id=516, page_id=9300, browser=Firefox
Testing: csp_id=516, page_id=9400, browser=Firefox
Testing: csp_id=516, page_id=9500, browser=Firefox
Testing: csp_id=516, page_id=9600, browser=Firefox
Testing: csp_id=516, page_id=9700, browser=Firefox
Testing: csp_id=516, page_id=9800, browser=Firefox
Testing: csp_id=516, page_id=9900, browser=Firefox
Testing: csp_id=516, page_id=10000, browser=Firefox
Testing: csp_id=516, page_id=10100, browser=Firefox
Testing: csp_id=516, page_id=10200, browser=Firefox
Testing: csp_id=516, page_id=10300, browser=Firefox
Testing: csp_id=516, page_id=10400, browser=Firefox
Testing: csp_id=516, page_id=10500, browser=Firefox
Testing: csp_id=516, page_id=10600, browser=Firefox
Testing: csp_id=516, page_id=10700, browser=Firefox
Testing: csp_id=516, page_id=10800, browser=Firefox
Testing: csp_id=516, page_id=10900, browser=Firefox
Testing: csp_id=516, page_id=11000, browser=Firefox
Testing: csp_id=516, page_id=11100, browser=Firefox
Testing: csp_id=516, page_id=11200, browser=Firefox
Testing: csp_id=516, page_id=11300, browser=Firefox
Testing: csp_id=516, page_id=11400, browser=Firefox
Testing: csp_id=516, page_id=11500, browser=Firefox
Testing: csp_id=516, page_id=11600, browser=Firefox
Testing: csp_id=516, page_id=11700, browser=Firefox
Testing: csp_id=516, page_id=11800, browser=Firefox
Testing: csp_id=516, page_id=11900, browser=Firefox
Testing: csp_id=516, page_id=12000, browser=Firefox
Testing: csp_id=516, page_id=12100, browser=Firefox
Testing: csp_id=516, page_id=12200, browser=Firefox
Testing: csp_id=516, page_id=12300, browser=Firefox
Testing: csp_id=516, page_id=12400, browser=Firefox
Testing: csp_id=516, page_id=12500, browser=Firefox
Testing: csp_id=516, page_id=12600, browser=Firefox
Testing: csp_id=516, page_id=12700, browser=Firefox
Testing: csp_id=516, page_id=12800, browser=Firefox
Testing: csp_id=516, page_id=12900, browser=Firefox
Testing: csp_id=516, page_id=13000, browser=Firefox
Testing: csp_id=516, page_id=13100, browser=Firefox
Testing: csp_id=516, page_id=13200, browser=Firefox
Testing: csp_id=516, page_id=13300, browser=Firefox
Testing: csp_id=516, page_id=13400, browser=Firefox
Testing: csp_id=516, page_id=13500, browser=Firefox
Testing: csp_id=516, page_id=13600, browser=Firefox
Testing: csp_id=516, page_id=13700, browser=Firefox
Testing: csp_id=516, page_id=13800, browser=Firefox
Testing: csp_id=516, page_id=13900, browser=Firefox
Testing: csp_id=516, page_id=14000, browser=Firefox
Testing: csp_id=516, page_id=14100, browser=Firefox
Testing: csp_id=516, page_id=14200, browser=Firefox
Testing: csp_id=516, page_id=14300, browser=Firefox
Testing: csp_id=516, page_id=14400, browser=Firefox
Testing: csp_id=516, page_id=14500, browser=Firefox
Testing: csp_id=516, page_id=14600, browser=Firefox
Testing: csp_id=516, page_id=14700, browser=Firefox
Testing: csp_id=516, page_id=14800, browser=Firefox
Testing: csp_id=516, page_id=14900, browser=Firefox
Testing: csp_id=516, page_id=15000, browser=Firefox
Testing: csp_id=516, page_id=15100, browser=Firefox
Testing: csp_id=516, page_id=15200, browser=Firefox
Testing: csp_id=516, page_id=15300, browser=Firefox
Testing: csp_id=516, page_id=15400, browser=Firefox
Testing: csp_id=516, page_id=15500, browser=Firefox
Testing: csp_id=516, page_id=15600, browser=Firefox
Testing: csp_id=516, page_id=15700, browser=Firefox
Testing: csp_id=516, page_id=15800, browser=Firefox
Testing: csp_id=516, page_id=15900, browser=Firefox
Testing: csp_id=516, page_id=16000, browser=Firefox
Testing: csp_id=516, page_id=16100, browser=Firefox
Testing: csp_id=516, page_id=16200, browser=Firefox
Testing: csp_id=516, page_id=16300, browser=Firefox
Testing: csp_id=516, page_id=16400, browser=Firefox
Testing: csp_id=516, page_id=16500, browser=Firefox
Testing: csp_id=516, page_id=16600, browser=Firefox
Testing: csp_id=516, page_id=16700, browser=Firefox
Testing: csp_id=516, page_id=16800, browser=Firefox
Testing: csp_id=516, page_id=16900, browser=Firefox
Testing: csp_id=516, page_id=17000, browser=Firefox
Testing: csp_id=516, page_id=17100, browser=Firefox
Testing: csp_id=516, page_id=17200, browser=Firefox
Testing: csp_id=516, page_id=17300, browser=Firefox
Testing: csp_id=516, page_id=17400, browser=Firefox
Testing: csp_id=516, page_id=17500, browser=Firefox
Testing: csp_id=516, page_id=17600, browser=Firefox
Testing: csp_id=516, page_id=17700, browser=Firefox
Testing: csp_id=516, page_id=17800, browser=Firefox
Testing: csp_id=516, page_id=17900, browser=Firefox
Testing: csp_id=516, page_id=18000, browser=Firefox
Testing: csp_id=516, page_id=18100, browser=Firefox
Testing: csp_id=516, page_id=18200, browser=Firefox
Testing: csp_id=516, page_id=18300, browser=Firefox
Testing: csp_id=516, page_id=18400, browser=Firefox
Testing: csp_id=516, page_id=18500, browser=Firefox
Testing: csp_id=516, page_id=18600, browser=Firefox
Testing: csp_id=516, page_id=18700, browser=Firefox
Testing: csp_id=516, page_id=18800, browser=Firefox
Testing: csp_id=516, page_id=18900, browser=Firefox
Testing: csp_id=516, page_id=19000, browser=Firefox
Testing: csp_id=516, page_id=19100, browser=Firefox
Testing: csp_id=516, page_id=19200, browser=Firefox
Testing: csp_id=516, page_id=19300, browser=Firefox
Testing: csp_id=516, page_id=19400, browser=Firefox
Testing: csp_id=516, page_id=19500, browser=Firefox
Testing: csp_id=516, page_id=19600, browser=Firefox
Testing: csp_id=516, page_id=19700, browser=Firefox
Testing: csp_id=516, page_id=19800, browser=Firefox
Testing: csp_id=516, page_id=19900, browser=Firefox
Testing: csp_id=516, page_id=20000, browser=Firefox
Testing: csp_id=516, page_id=20100, browser=Firefox
Testing: csp_id=516, page_id=20200, browser=Firefox
Testing: csp_id=516, page_id=20300, browser=Firefox
Testing: csp_id=516, page_id=20400, browser=Firefox
Testing: csp_id=516, page_id=20500, browser=Firefox
Testing: csp_id=516, page_id=20600, browser=Firefox
Testing: csp_id=516, page_id=20700, browser=Firefox
Testing: csp_id=516, page_id=20800, browser=Firefox
Testing: csp_id=516, page_id=20900, browser=Firefox
Testing: csp_id=516, page_id=21000, browser=Firefox
Testing: csp_id=516, page_id=21100, browser=Firefox
Testing: csp_id=516, page_id=21200, browser=Firefox
Testing: csp_id=516, page_id=21300, browser=Firefox
Testing: csp_id=516, page_id=21400, browser=Firefox
Testing: csp_id=516, page_id=21500, browser=Firefox
Testing: csp_id=516, page_id=21600, browser=Firefox
Testing: csp_id=516, page_id=21700, browser=Firefox
Testing: csp_id=516, page_id=21800, browser=Firefox
Testing: csp_id=516, page_id=21900, browser=Firefox
Testing: csp_id=516, page_id=22000, browser=Firefox
Testing: csp_id=516, page_id=22100, browser=Firefox
Testing: csp_id=516, page_id=22200, browser=Firefox
Testing: csp_id=516, page_id=22300, browser=Firefox
Testing: csp_id=516, page_id=22400, browser=Firefox
Testing: csp_id=516, page_id=22500, browser=Firefox
Testing: csp_id=516, page_id=22600, browser=Firefox
Testing: csp_id=516, page_id=22700, browser=Firefox
Testing: csp_id=516, page_id=22800, browser=Firefox
Testing: csp_id=516, page_id=22900, browser=Firefox
Testing: csp_id=516, page_id=23000, browser=Firefox
Testing: csp_id=516, page_id=23100, browser=Firefox
Testing: csp_id=516, page_id=23200, browser=Firefox
Testing: csp_id=516, page_id=23300, browser=Firefox
Testing: csp_id=516, page_id=23400, browser=Firefox
Testing: csp_id=516, page_id=23500, browser=Firefox
Testing: csp_id=516, page_id=23600, browser=Firefox
Testing: csp_id=516, page_id=23700, browser=Firefox
Testing: csp_id=516, page_id=23800, browser=Firefox
Testing: csp_id=516, page_id=23900, browser=Firefox
Testing: csp_id=516, page_id=24000, browser=Firefox
Testing: csp_id=516, page_id=24100, browser=Firefox
Testing: csp_id=516, page_id=24200, browser=Firefox
Testing: csp_id=516, page_id=24300, browser=Firefox
Testing: csp_id=516, page_id=24400, browser=Firefox
Testing: csp_id=516, page_id=24500, browser=Firefox
Testing: csp_id=516, page_id=24600, browser=Firefox
Testing: csp_id=516, page_id=24700, browser=Firefox
Testing: csp_id=516, page_id=24800, browser=Firefox
Testing: csp_id=516, page_id=24900, browser=Firefox
Testing: csp_id=516, page_id=25000, browser=Firefox
Testing: csp_id=516, page_id=25100, browser=Firefox
Testing: csp_id=516, page_id=25200, browser=Firefox
Testing: csp_id=516, page_id=25300, browser=Firefox
Testing: csp_id=516, page_id=25400, browser=Firefox
Testing: csp_id=516, page_id=25500, browser=Firefox
Testing: csp_id=516, page_id=25600, browser=Firefox
Testing: csp_id=516, page_id=25700, browser=Firefox
Testing: csp_id=516, page_id=25800, browser=Firefox
Testing: csp_id=516, page_id=25900, browser=Firefox
Testing: csp_id=516, page_id=26000, browser=Firefox
Testing: csp_id=516, page_id=26100, browser=Firefox
Testing: csp_id=516, page_id=26200, browser=Firefox
Testing: csp_id=516, page_id=26300, browser=Firefox
Testing: csp_id=516, page_id=26400, browser=Firefox
Testing: csp_id=516, page_id=26500, browser=Firefox
Testing: csp_id=516, page_id=26600, browser=Firefox
Testing: csp_id=516, page_id=26700, browser=Firefox
Testing: csp_id=516, page_id=26800, browser=Firefox
Testing: csp_id=516, page_id=26900, browser=Firefox
Testing: csp_id=516, page_id=27000, browser=Firefox
Testing: csp_id=516, page_id=27100, browser=Firefox
Testing: csp_id=516, page_id=27200, browser=Firefox
Testing: csp_id=516, page_id=27300, browser=Firefox
Testing: csp_id=516, page_id=27400, browser=Firefox
Testing: csp_id=516, page_id=27500, browser=Firefox
Testing: csp_id=516, page_id=27600, browser=Firefox
Testing: csp_id=516, page_id=27700, browser=Firefox
Testing: csp_id=516, page_id=27800, browser=Firefox
Testing: csp_id=516, page_id=27900, browser=Firefox
Testing: csp_id=516, page_id=28000, browser=Firefox
Testing: csp_id=516, page_id=28100, browser=Firefox
Testing: csp_id=516, page_id=28200, browser=Firefox
Testing: csp_id=516, page_id=28300, browser=Firefox
Testing: csp_id=516, page_id=28400, browser=Firefox
Testing: csp_id=516, page_id=28500, browser=Firefox
Testing: csp_id=516, page_id=28600, browser=Firefox
Testing: csp_id=516, page_id=28700, browser=Firefox
Testing: csp_id=516, page_id=28800, browser=Firefox
Testing: csp_id=516, page_id=28900, browser=Firefox
Testing: csp_id=516, page_id=29000, browser=Firefox
Testing: csp_id=516, page_id=29100, browser=Firefox
Testing: csp_id=516, page_id=29200, browser=Firefox
Testing: csp_id=516, page_id=29300, browser=Firefox
Testing: csp_id=516, page_id=29400, browser=Firefox
Testing: csp_id=516, page_id=29500, browser=Firefox
Testing: csp_id=516, page_id=29600, browser=Firefox
Testing: csp_id=516, page_id=29700, browser=Firefox
Testing: csp_id=516, page_id=29800, browser=Firefox
🏊 create_context_pools[first] (5x16): 27.802s
Testing: csp_id=525, page_id=0, browser=Firefox
Testing: csp_id=525, page_id=100, browser=Firefox
Testing: csp_id=525, page_id=200, browser=Firefox
Testing: csp_id=525, page_id=300, browser=Firefox
Testing: csp_id=525, page_id=400, browser=Firefox
Testing: csp_id=525, page_id=500, browser=Firefox
Testing: csp_id=525, page_id=600, browser=Firefox
Testing: csp_id=525, page_id=700, browser=Firefox
Testing: csp_id=525, page_id=800, browser=Firefox
Testing: csp_id=525, page_id=900, browser=Firefox
Testing: csp_id=525, page_id=1000, browser=Firefox
Testing: csp_id=525, page_id=1100, browser=Firefox
Testing: csp_id=525, page_id=1200, browser=Firefox
Testing: csp_id=525, page_id=1300, browser=Firefox
Testing: csp_id=525, page_id=1400, browser=Firefox
Testing: csp_id=525, page_id=1500, browser=Firefox
Testing: csp_id=525, page_id=1600, browser=Firefox
Testing: csp_id=525, page_id=1700, browser=Firefox
Testing: csp_id=525, page_id=1800, browser=Firefox
Testing: csp_id=525, page_id=1900, browser=Firefox
Testing: csp_id=525, page_id=2000, browser=Firefox
Testing: csp_id=525, page_id=2100, browser=Firefox
Testing: csp_id=525, page_id=2200, browser=Firefox
Testing: csp_id=525, page_id=2300, browser=Firefox
Testing: csp_id=525, page_id=2400, browser=Firefox
Testing: csp_id=525, page_id=2500, browser=Firefox
Testing: csp_id=525, page_id=2600, browser=Firefox
Testing: csp_id=525, page_id=2700, browser=Firefox
Testing: csp_id=525, page_id=2800, browser=Firefox
Testing: csp_id=525, page_id=2900, browser=Firefox
Testing: csp_id=525, page_id=3000, browser=Firefox
Testing: csp_id=525, page_id=3100, browser=Firefox
Testing: csp_id=525, page_id=3200, browser=Firefox
Testing: csp_id=525, page_id=3300, browser=Firefox
Testing: csp_id=525, page_id=3400, browser=Firefox
Testing: csp_id=525, page_id=3500, browser=Firefox
Testing: csp_id=525, page_id=3600, browser=Firefox
Testing: csp_id=525, page_id=3700, browser=Firefox
Testing: csp_id=525, page_id=3800, browser=Firefox
Testing: csp_id=525, page_id=3900, browser=Firefox
Testing: csp_id=525, page_id=4000, browser=Firefox
Testing: csp_id=525, page_id=4100, browser=Firefox
Testing: csp_id=525, page_id=4200, browser=Firefox
Testing: csp_id=525, page_id=4300, browser=Firefox
Testing: csp_id=525, page_id=4400, browser=Firefox
Testing: csp_id=525, page_id=4500, browser=Firefox
Testing: csp_id=525, page_id=4600, browser=Firefox
Testing: csp_id=525, page_id=4700, browser=Firefox
Testing: csp_id=525, page_id=4800, browser=Firefox
Testing: csp_id=525, page_id=4900, browser=Firefox
Testing: csp_id=525, page_id=5000, browser=Firefox
Testing: csp_id=525, page_id=5100, browser=Firefox
Testing: csp_id=525, page_id=5200, browser=Firefox
Testing: csp_id=525, page_id=5300, browser=Firefox
Testing: csp_id=525, page_id=5400, browser=Firefox
Testing: csp_id=525, page_id=5500, browser=Firefox
Testing: csp_id=525, page_id=5600, browser=Firefox
Testing: csp_id=525, page_id=5700, browser=Firefox
Testing: csp_id=525, page_id=5800, browser=Firefox
Testing: csp_id=525, page_id=5900, browser=Firefox
Testing: csp_id=525, page_id=6000, browser=Firefox
Testing: csp_id=525, page_id=6100, browser=Firefox
Testing: csp_id=525, page_id=6200, browser=Firefox
Testing: csp_id=525, page_id=6300, browser=Firefox
Testing: csp_id=525, page_id=6400, browser=Firefox
Testing: csp_id=525, page_id=6500, browser=Firefox
Testing: csp_id=525, page_id=6600, browser=Firefox
Testing: csp_id=525, page_id=6700, browser=Firefox
Testing: csp_id=525, page_id=6800, browser=Firefox
Testing: csp_id=525, page_id=6900, browser=Firefox
Testing: csp_id=525, page_id=7000, browser=Firefox
Testing: csp_id=525, page_id=7100, browser=Firefox
Testing: csp_id=525, page_id=7200, browser=Firefox
Testing: csp_id=525, page_id=7300, browser=Firefox
Testing: csp_id=525, page_id=7400, browser=Firefox
Testing: csp_id=525, page_id=7500, browser=Firefox
Testing: csp_id=525, page_id=7600, browser=Firefox
Testing: csp_id=525, page_id=7700, browser=Firefox
Testing: csp_id=525, page_id=7800, browser=Firefox
Testing: csp_id=525, page_id=7900, browser=Firefox
Testing: csp_id=525, page_id=8000, browser=Firefox
Testing: csp_id=525, page_id=8100, browser=Firefox
Testing: csp_id=525, page_id=8200, browser=Firefox
Testing: csp_id=525, page_id=8300, browser=Firefox
Testing: csp_id=525, page_id=8400, browser=Firefox
Testing: csp_id=525, page_id=8500, browser=Firefox
Testing: csp_id=525, page_id=8600, browser=Firefox
Testing: csp_id=525, page_id=8700, browser=Firefox
Testing: csp_id=525, page_id=8800, browser=Firefox
Testing: csp_id=525, page_id=8900, browser=Firefox
Testing: csp_id=525, page_id=9000, browser=Firefox
Testing: csp_id=525, page_id=9100, browser=Firefox
Testing: csp_id=525, page_id=9200, browser=Firefox
Testing: csp_id=525, page_id=9300, browser=Firefox
Testing: csp_id=525, page_id=9400, browser=Firefox
Testing: csp_id=525, page_id=9500, browser=Firefox
Testing: csp_id=525, page_id=9600, browser=Firefox
Testing: csp_id=525, page_id=9700, browser=Firefox
Testing: csp_id=525, page_id=9800, browser=Firefox
Testing: csp_id=525, page_id=9900, browser=Firefox
Testing: csp_id=525, page_id=10000, browser=Firefox
Testing: csp_id=525, page_id=10100, browser=Firefox
Testing: csp_id=525, page_id=10200, browser=Firefox
Testing: csp_id=525, page_id=10300, browser=Firefox
Testing: csp_id=525, page_id=10400, browser=Firefox
Testing: csp_id=525, page_id=10500, browser=Firefox
Testing: csp_id=525, page_id=10600, browser=Firefox
Testing: csp_id=525, page_id=10700, browser=Firefox
Testing: csp_id=525, page_id=10800, browser=Firefox
Testing: csp_id=525, page_id=10900, browser=Firefox
Testing: csp_id=525, page_id=11000, browser=Firefox
Testing: csp_id=525, page_id=11100, browser=Firefox
Testing: csp_id=525, page_id=11200, browser=Firefox
Testing: csp_id=525, page_id=11300, browser=Firefox
Testing: csp_id=525, page_id=11400, browser=Firefox
Testing: csp_id=525, page_id=11500, browser=Firefox
Testing: csp_id=525, page_id=11600, browser=Firefox
Testing: csp_id=525, page_id=11700, browser=Firefox
Testing: csp_id=525, page_id=11800, browser=Firefox
Testing: csp_id=525, page_id=11900, browser=Firefox
Testing: csp_id=525, page_id=12000, browser=Firefox
Testing: csp_id=525, page_id=12100, browser=Firefox
Testing: csp_id=525, page_id=12200, browser=Firefox
Testing: csp_id=525, page_id=12300, browser=Firefox
Testing: csp_id=525, page_id=12400, browser=Firefox
Testing: csp_id=525, page_id=12500, browser=Firefox
Testing: csp_id=525, page_id=12600, browser=Firefox
Testing: csp_id=525, page_id=12700, browser=Firefox
Testing: csp_id=525, page_id=12800, browser=Firefox
Testing: csp_id=525, page_id=12900, browser=Firefox
Testing: csp_id=525, page_id=13000, browser=Firefox
Testing: csp_id=525, page_id=13100, browser=Firefox
Testing: csp_id=525, page_id=13200, browser=Firefox
Testing: csp_id=525, page_id=13300, browser=Firefox
Testing: csp_id=525, page_id=13400, browser=Firefox
Testing: csp_id=525, page_id=13500, browser=Firefox
Testing: csp_id=525, page_id=13600, browser=Firefox
Testing: csp_id=525, page_id=13700, browser=Firefox
Testing: csp_id=525, page_id=13800, browser=Firefox
Testing: csp_id=525, page_id=13900, browser=Firefox
Testing: csp_id=525, page_id=14000, browser=Firefox
Testing: csp_id=525, page_id=14100, browser=Firefox
Testing: csp_id=525, page_id=14200, browser=Firefox
Testing: csp_id=525, page_id=14300, browser=Firefox
Testing: csp_id=525, page_id=14400, browser=Firefox
Testing: csp_id=525, page_id=14500, browser=Firefox
Testing: csp_id=525, page_id=14600, browser=Firefox
Testing: csp_id=525, page_id=14700, browser=Firefox
Testing: csp_id=525, page_id=14800, browser=Firefox
Testing: csp_id=525, page_id=14900, browser=Firefox
Testing: csp_id=525, page_id=15000, browser=Firefox
Testing: csp_id=525, page_id=15100, browser=Firefox
Testing: csp_id=525, page_id=15200, browser=Firefox
Testing: csp_id=525, page_id=15300, browser=Firefox
Testing: csp_id=525, page_id=15400, browser=Firefox
Testing: csp_id=525, page_id=15500, browser=Firefox
Testing: csp_id=525, page_id=15600, browser=Firefox
Testing: csp_id=525, page_id=15700, browser=Firefox
Testing: csp_id=525, page_id=15800, browser=Firefox
Testing: csp_id=525, page_id=15900, browser=Firefox
Testing: csp_id=525, page_id=16000, browser=Firefox
Testing: csp_id=525, page_id=16100, browser=Firefox
Testing: csp_id=525, page_id=16200, browser=Firefox
Testing: csp_id=525, page_id=16300, browser=Firefox
Testing: csp_id=525, page_id=16400, browser=Firefox
Testing: csp_id=525, page_id=16500, browser=Firefox
Testing: csp_id=525, page_id=16600, browser=Firefox
Testing: csp_id=525, page_id=16700, browser=Firefox
Testing: csp_id=525, page_id=16800, browser=Firefox
Testing: csp_id=525, page_id=16900, browser=Firefox
Testing: csp_id=525, page_id=17000, browser=Firefox
Testing: csp_id=525, page_id=17100, browser=Firefox
Testing: csp_id=525, page_id=17200, browser=Firefox
Testing: csp_id=525, page_id=17300, browser=Firefox
Testing: csp_id=525, page_id=17400, browser=Firefox
Testing: csp_id=525, page_id=17500, browser=Firefox
Testing: csp_id=525, page_id=17600, browser=Firefox
Testing: csp_id=525, page_id=17700, browser=Firefox
Testing: csp_id=525, page_id=17800, browser=Firefox
Testing: csp_id=525, page_id=17900, browser=Firefox
Testing: csp_id=525, page_id=18000, browser=Firefox
Testing: csp_id=525, page_id=18100, browser=Firefox
Testing: csp_id=525, page_id=18200, browser=Firefox
Testing: csp_id=525, page_id=18300, browser=Firefox
Testing: csp_id=525, page_id=18400, browser=Firefox
Testing: csp_id=525, page_id=18500, browser=Firefox
Testing: csp_id=525, page_id=18600, browser=Firefox
Testing: csp_id=525, page_id=18700, browser=Firefox
Testing: csp_id=525, page_id=18800, browser=Firefox
Testing: csp_id=525, page_id=18900, browser=Firefox
Testing: csp_id=525, page_id=19000, browser=Firefox
Testing: csp_id=525, page_id=19100, browser=Firefox
Testing: csp_id=525, page_id=19200, browser=Firefox
Testing: csp_id=525, page_id=19300, browser=Firefox
Testing: csp_id=525, page_id=19400, browser=Firefox
Testing: csp_id=525, page_id=19500, browser=Firefox
Testing: csp_id=525, page_id=19600, browser=Firefox
Testing: csp_id=525, page_id=19700, browser=Firefox
Testing: csp_id=525, page_id=19800, browser=Firefox
Testing: csp_id=525, page_id=19900, browser=Firefox
Testing: csp_id=525, page_id=20000, browser=Firefox
Testing: csp_id=525, page_id=20100, browser=Firefox
Testing: csp_id=525, page_id=20200, browser=Firefox
Testing: csp_id=525, page_id=20300, browser=Firefox
Testing: csp_id=525, page_id=20400, browser=Firefox
Testing: csp_id=525, page_id=20500, browser=Firefox
Testing: csp_id=525, page_id=20600, browser=Firefox
Testing: csp_id=525, page_id=20700, browser=Firefox
Testing: csp_id=525, page_id=20800, browser=Firefox
Testing: csp_id=525, page_id=20900, browser=Firefox
Testing: csp_id=525, page_id=21000, browser=Firefox
Testing: csp_id=525, page_id=21100, browser=Firefox
Testing: csp_id=525, page_id=21200, browser=Firefox
Testing: csp_id=525, page_id=21300, browser=Firefox
Testing: csp_id=525, page_id=21400, browser=Firefox
Testing: csp_id=525, page_id=21500, browser=Firefox
Testing: csp_id=525, page_id=21600, browser=Firefox
Testing: csp_id=525, page_id=21700, browser=Firefox
Testing: csp_id=525, page_id=21800, browser=Firefox
Testing: csp_id=525, page_id=21900, browser=Firefox
Testing: csp_id=525, page_id=22000, browser=Firefox
Testing: csp_id=525, page_id=22100, browser=Firefox
Testing: csp_id=525, page_id=22200, browser=Firefox
Testing: csp_id=525, page_id=22300, browser=Firefox
Testing: csp_id=525, page_id=22400, browser=Firefox
Testing: csp_id=525, page_id=22500, browser=Firefox
Testing: csp_id=525, page_id=22600, browser=Firefox
Testing: csp_id=525, page_id=22700, browser=Firefox
Testing: csp_id=525, page_id=22800, browser=Firefox
Testing: csp_id=525, page_id=22900, browser=Firefox
Testing: csp_id=525, page_id=23000, browser=Firefox
Testing: csp_id=525, page_id=23100, browser=Firefox
Testing: csp_id=525, page_id=23200, browser=Firefox
Testing: csp_id=525, page_id=23300, browser=Firefox
Testing: csp_id=525, page_id=23400, browser=Firefox
Testing: csp_id=525, page_id=23500, browser=Firefox
Testing: csp_id=525, page_id=23600, browser=Firefox
Testing: csp_id=525, page_id=23700, browser=Firefox
Testing: csp_id=525, page_id=23800, browser=Firefox
Testing: csp_id=525, page_id=23900, browser=Firefox
Testing: csp_id=525, page_id=24000, browser=Firefox
Testing: csp_id=525, page_id=24100, browser=Firefox
Testing: csp_id=525, page_id=24200, browser=Firefox
Testing: csp_id=525, page_id=24300, browser=Firefox
Testing: csp_id=525, page_id=24400, browser=Firefox
Testing: csp_id=525, page_id=24500, browser=Firefox
Testing: csp_id=525, page_id=24600, browser=Firefox
Testing: csp_id=525, page_id=24700, browser=Firefox
Testing: csp_id=525, page_id=24800, browser=Firefox
Testing: csp_id=525, page_id=24900, browser=Firefox
Testing: csp_id=525, page_id=25000, browser=Firefox
Testing: csp_id=525, page_id=25100, browser=Firefox
Testing: csp_id=525, page_id=25200, browser=Firefox
Testing: csp_id=525, page_id=25300, browser=Firefox
Testing: csp_id=525, page_id=25400, browser=Firefox
Testing: csp_id=525, page_id=25500, browser=Firefox
Testing: csp_id=525, page_id=25600, browser=Firefox
Testing: csp_id=525, page_id=25700, browser=Firefox
Testing: csp_id=525, page_id=25800, browser=Firefox
Testing: csp_id=525, page_id=25900, browser=Firefox
Testing: csp_id=525, page_id=26000, browser=Firefox
Testing: csp_id=525, page_id=26100, browser=Firefox
Testing: csp_id=525, page_id=26200, browser=Firefox
Testing: csp_id=525, page_id=26300, browser=Firefox
Testing: csp_id=525, page_id=26400, browser=Firefox
Testing: csp_id=525, page_id=26500, browser=Firefox
Testing: csp_id=525, page_id=26600, browser=Firefox
Testing: csp_id=525, page_id=26700, browser=Firefox
Testing: csp_id=525, page_id=26800, browser=Firefox
Testing: csp_id=525, page_id=26900, browser=Firefox
Testing: csp_id=525, page_id=27000, browser=Firefox
Testing: csp_id=525, page_id=27100, browser=Firefox
Testing: csp_id=525, page_id=27200, browser=Firefox
Testing: csp_id=525, page_id=27300, browser=Firefox
Testing: csp_id=525, page_id=27400, browser=Firefox
Testing: csp_id=525, page_id=27500, browser=Firefox
Testing: csp_id=525, page_id=27600, browser=Firefox
Testing: csp_id=525, page_id=27700, browser=Firefox
Testing: csp_id=525, page_id=27800, browser=Firefox
Testing: csp_id=525, page_id=27900, browser=Firefox
Testing: csp_id=525, page_id=28000, browser=Firefox
Testing: csp_id=525, page_id=28100, browser=Firefox
Testing: csp_id=525, page_id=28200, browser=Firefox
Testing: csp_id=525, page_id=28300, browser=Firefox
Testing: csp_id=525, page_id=28400, browser=Firefox
Testing: csp_id=525, page_id=28500, browser=Firefox
Testing: csp_id=525, page_id=28600, browser=Firefox
Testing: csp_id=525, page_id=28700, browser=Firefox
Testing: csp_id=525, page_id=28800, browser=Firefox
Testing: csp_id=525, page_id=28900, browser=Firefox
Testing: csp_id=525, page_id=29000, browser=Firefox
Testing: csp_id=525, page_id=29100, browser=Firefox
Testing: csp_id=525, page_id=29200, browser=Firefox
Testing: csp_id=525, page_id=29300, browser=Firefox
Testing: csp_id=525, page_id=29400, browser=Firefox
Testing: csp_id=525, page_id=29500, browser=Firefox
Testing: csp_id=525, page_id=29600, browser=Firefox
Testing: csp_id=525, page_id=29700, browser=Firefox
Testing: csp_id=525, page_id=29800, browser=Firefox
🏊 create_context_pools[first] (5x16): 32.329s
Testing: csp_id=535, page_id=0, browser=Firefox
Testing: csp_id=535, page_id=100, browser=Firefox
Testing: csp_id=535, page_id=200, browser=Firefox
Testing: csp_id=535, page_id=300, browser=Firefox
Testing: csp_id=535, page_id=400, browser=Firefox
Testing: csp_id=535, page_id=500, browser=Firefox
Testing: csp_id=535, page_id=600, browser=Firefox
Testing: csp_id=535, page_id=700, browser=Firefox
Testing: csp_id=535, page_id=800, browser=Firefox
Testing: csp_id=535, page_id=900, browser=Firefox
Testing: csp_id=535, page_id=1000, browser=Firefox
Testing: csp_id=535, page_id=1100, browser=Firefox
Testing: csp_id=535, page_id=1200, browser=Firefox
Testing: csp_id=535, page_id=1300, browser=Firefox
Testing: csp_id=535, page_id=1400, browser=Firefox
Testing: csp_id=535, page_id=1500, browser=Firefox
Testing: csp_id=535, page_id=1600, browser=Firefox
Testing: csp_id=535, page_id=1700, browser=Firefox
Testing: csp_id=535, page_id=1800, browser=Firefox
Testing: csp_id=535, page_id=1900, browser=Firefox
Testing: csp_id=535, page_id=2000, browser=Firefox
Testing: csp_id=535, page_id=2100, browser=Firefox
Testing: csp_id=535, page_id=2200, browser=Firefox
Testing: csp_id=535, page_id=2300, browser=Firefox
Testing: csp_id=535, page_id=2400, browser=Firefox
Testing: csp_id=535, page_id=2500, browser=Firefox
Testing: csp_id=535, page_id=2600, browser=Firefox
Testing: csp_id=535, page_id=2700, browser=Firefox
Testing: csp_id=535, page_id=2800, browser=Firefox
Testing: csp_id=535, page_id=2900, browser=Firefox
Testing: csp_id=535, page_id=3000, browser=Firefox
Testing: csp_id=535, page_id=3100, browser=Firefox
Testing: csp_id=535, page_id=3200, browser=Firefox
Testing: csp_id=535, page_id=3300, browser=Firefox
Testing: csp_id=535, page_id=3400, browser=Firefox
Testing: csp_id=535, page_id=3500, browser=Firefox
Testing: csp_id=535, page_id=3600, browser=Firefox
Testing: csp_id=535, page_id=3700, browser=Firefox
Testing: csp_id=535, page_id=3800, browser=Firefox
Testing: csp_id=535, page_id=3900, browser=Firefox
Testing: csp_id=535, page_id=4000, browser=Firefox
Testing: csp_id=535, page_id=4100, browser=Firefox
Testing: csp_id=535, page_id=4200, browser=Firefox
Testing: csp_id=535, page_id=4300, browser=Firefox
Testing: csp_id=535, page_id=4400, browser=Firefox
Testing: csp_id=535, page_id=4500, browser=Firefox
Testing: csp_id=535, page_id=4600, browser=Firefox
Testing: csp_id=535, page_id=4700, browser=Firefox
Testing: csp_id=535, page_id=4800, browser=Firefox
Testing: csp_id=535, page_id=4900, browser=Firefox
Testing: csp_id=535, page_id=5000, browser=Firefox
Testing: csp_id=535, page_id=5100, browser=Firefox
Testing: csp_id=535, page_id=5200, browser=Firefox
Testing: csp_id=535, page_id=5300, browser=Firefox
Testing: csp_id=535, page_id=5400, browser=Firefox
Testing: csp_id=535, page_id=5500, browser=Firefox
Testing: csp_id=535, page_id=5600, browser=Firefox
Testing: csp_id=535, page_id=5700, browser=Firefox
Testing: csp_id=535, page_id=5800, browser=Firefox
Testing: csp_id=535, page_id=5900, browser=Firefox
Testing: csp_id=535, page_id=6000, browser=Firefox
Testing: csp_id=535, page_id=6100, browser=Firefox
Testing: csp_id=535, page_id=6200, browser=Firefox
Testing: csp_id=535, page_id=6300, browser=Firefox
Testing: csp_id=535, page_id=6400, browser=Firefox
Testing: csp_id=535, page_id=6500, browser=Firefox
Testing: csp_id=535, page_id=6600, browser=Firefox
Testing: csp_id=535, page_id=6700, browser=Firefox
Testing: csp_id=535, page_id=6800, browser=Firefox
Testing: csp_id=535, page_id=6900, browser=Firefox
Testing: csp_id=535, page_id=7000, browser=Firefox
Testing: csp_id=535, page_id=7100, browser=Firefox
Testing: csp_id=535, page_id=7200, browser=Firefox
Testing: csp_id=535, page_id=7300, browser=Firefox
Testing: csp_id=535, page_id=7400, browser=Firefox
Testing: csp_id=535, page_id=7500, browser=Firefox
Testing: csp_id=535, page_id=7600, browser=Firefox
Testing: csp_id=535, page_id=7700, browser=Firefox
Testing: csp_id=535, page_id=7800, browser=Firefox
Testing: csp_id=535, page_id=7900, browser=Firefox
Testing: csp_id=535, page_id=8000, browser=Firefox
Testing: csp_id=535, page_id=8100, browser=Firefox
Testing: csp_id=535, page_id=8200, browser=Firefox
Testing: csp_id=535, page_id=8300, browser=Firefox
Testing: csp_id=535, page_id=8400, browser=Firefox
Testing: csp_id=535, page_id=8500, browser=Firefox
Testing: csp_id=535, page_id=8600, browser=Firefox
Testing: csp_id=535, page_id=8700, browser=Firefox
Testing: csp_id=535, page_id=8800, browser=Firefox
Testing: csp_id=535, page_id=8900, browser=Firefox
Testing: csp_id=535, page_id=9000, browser=Firefox
Testing: csp_id=535, page_id=9100, browser=Firefox
Testing: csp_id=535, page_id=9200, browser=Firefox
Testing: csp_id=535, page_id=9300, browser=Firefox
Testing: csp_id=535, page_id=9400, browser=Firefox
Testing: csp_id=535, page_id=9500, browser=Firefox
Testing: csp_id=535, page_id=9600, browser=Firefox
Testing: csp_id=535, page_id=9700, browser=Firefox
Testing: csp_id=535, page_id=9800, browser=Firefox
Testing: csp_id=535, page_id=9900, browser=Firefox
Testing: csp_id=535, page_id=10000, browser=Firefox
Testing: csp_id=535, page_id=10100, browser=Firefox
Testing: csp_id=535, page_id=10200, browser=Firefox
Testing: csp_id=535, page_id=10300, browser=Firefox
Testing: csp_id=535, page_id=10400, browser=Firefox
Testing: csp_id=535, page_id=10500, browser=Firefox
Testing: csp_id=535, page_id=10600, browser=Firefox
Testing: csp_id=535, page_id=10700, browser=Firefox
Testing: csp_id=535, page_id=10800, browser=Firefox
Testing: csp_id=535, page_id=10900, browser=Firefox
Testing: csp_id=535, page_id=11000, browser=Firefox
Testing: csp_id=535, page_id=11100, browser=Firefox
Testing: csp_id=535, page_id=11200, browser=Firefox
Testing: csp_id=535, page_id=11300, browser=Firefox
Testing: csp_id=535, page_id=11400, browser=Firefox
Testing: csp_id=535, page_id=11500, browser=Firefox
Testing: csp_id=535, page_id=11600, browser=Firefox
Testing: csp_id=535, page_id=11700, browser=Firefox
Testing: csp_id=535, page_id=11800, browser=Firefox
Testing: csp_id=535, page_id=11900, browser=Firefox
Testing: csp_id=535, page_id=12000, browser=Firefox
Testing: csp_id=535, page_id=12100, browser=Firefox
Testing: csp_id=535, page_id=12200, browser=Firefox
Testing: csp_id=535, page_id=12300, browser=Firefox
Testing: csp_id=535, page_id=12400, browser=Firefox
Testing: csp_id=535, page_id=12500, browser=Firefox
Testing: csp_id=535, page_id=12600, browser=Firefox
Testing: csp_id=535, page_id=12700, browser=Firefox
Testing: csp_id=535, page_id=12800, browser=Firefox
Testing: csp_id=535, page_id=12900, browser=Firefox
Testing: csp_id=535, page_id=13000, browser=Firefox
Testing: csp_id=535, page_id=13100, browser=Firefox
Testing: csp_id=535, page_id=13200, browser=Firefox
Testing: csp_id=535, page_id=13300, browser=Firefox
Testing: csp_id=535, page_id=13400, browser=Firefox
Testing: csp_id=535, page_id=13500, browser=Firefox
Testing: csp_id=535, page_id=13600, browser=Firefox
Testing: csp_id=535, page_id=13700, browser=Firefox
Testing: csp_id=535, page_id=13800, browser=Firefox
Testing: csp_id=535, page_id=13900, browser=Firefox
Testing: csp_id=535, page_id=14000, browser=Firefox
Testing: csp_id=535, page_id=14100, browser=Firefox
Testing: csp_id=535, page_id=14200, browser=Firefox
Testing: csp_id=535, page_id=14300, browser=Firefox
Testing: csp_id=535, page_id=14400, browser=Firefox
Testing: csp_id=535, page_id=14500, browser=Firefox
Testing: csp_id=535, page_id=14600, browser=Firefox
Testing: csp_id=535, page_id=14700, browser=Firefox
Testing: csp_id=535, page_id=14800, browser=Firefox
Testing: csp_id=535, page_id=14900, browser=Firefox
Testing: csp_id=535, page_id=15000, browser=Firefox
Testing: csp_id=535, page_id=15100, browser=Firefox
Testing: csp_id=535, page_id=15200, browser=Firefox
Testing: csp_id=535, page_id=15300, browser=Firefox
Testing: csp_id=535, page_id=15400, browser=Firefox
Testing: csp_id=535, page_id=15500, browser=Firefox
Testing: csp_id=535, page_id=15600, browser=Firefox
Testing: csp_id=535, page_id=15700, browser=Firefox
Testing: csp_id=535, page_id=15800, browser=Firefox
Testing: csp_id=535, page_id=15900, browser=Firefox
Testing: csp_id=535, page_id=16000, browser=Firefox
Testing: csp_id=535, page_id=16100, browser=Firefox
Testing: csp_id=535, page_id=16200, browser=Firefox
Testing: csp_id=535, page_id=16300, browser=Firefox
Testing: csp_id=535, page_id=16400, browser=Firefox
Testing: csp_id=535, page_id=16500, browser=Firefox
Testing: csp_id=535, page_id=16600, browser=Firefox
Testing: csp_id=535, page_id=16700, browser=Firefox
Testing: csp_id=535, page_id=16800, browser=Firefox
Testing: csp_id=535, page_id=16900, browser=Firefox
Testing: csp_id=535, page_id=17000, browser=Firefox
Testing: csp_id=535, page_id=17100, browser=Firefox
Testing: csp_id=535, page_id=17200, browser=Firefox
Testing: csp_id=535, page_id=17300, browser=Firefox
Testing: csp_id=535, page_id=17400, browser=Firefox
Testing: csp_id=535, page_id=17500, browser=Firefox
Testing: csp_id=535, page_id=17600, browser=Firefox
Testing: csp_id=535, page_id=17700, browser=Firefox
Testing: csp_id=535, page_id=17800, browser=Firefox
Testing: csp_id=535, page_id=17900, browser=Firefox
Testing: csp_id=535, page_id=18000, browser=Firefox
Testing: csp_id=535, page_id=18100, browser=Firefox
Testing: csp_id=535, page_id=18200, browser=Firefox
Testing: csp_id=535, page_id=18300, browser=Firefox
Testing: csp_id=535, page_id=18400, browser=Firefox
Testing: csp_id=535, page_id=18500, browser=Firefox
Testing: csp_id=535, page_id=18600, browser=Firefox
Testing: csp_id=535, page_id=18700, browser=Firefox
Testing: csp_id=535, page_id=18800, browser=Firefox
Testing: csp_id=535, page_id=18900, browser=Firefox
Testing: csp_id=535, page_id=19000, browser=Firefox
Testing: csp_id=535, page_id=19100, browser=Firefox
Testing: csp_id=535, page_id=19200, browser=Firefox
Testing: csp_id=535, page_id=19300, browser=Firefox
Testing: csp_id=535, page_id=19400, browser=Firefox
Testing: csp_id=535, page_id=19500, browser=Firefox
Testing: csp_id=535, page_id=19600, browser=Firefox
Testing: csp_id=535, page_id=19700, browser=Firefox
Testing: csp_id=535, page_id=19800, browser=Firefox
Testing: csp_id=535, page_id=19900, browser=Firefox
Testing: csp_id=535, page_id=20000, browser=Firefox
Testing: csp_id=535, page_id=20100, browser=Firefox
Testing: csp_id=535, page_id=20200, browser=Firefox
Testing: csp_id=535, page_id=20300, browser=Firefox
Testing: csp_id=535, page_id=20400, browser=Firefox
Testing: csp_id=535, page_id=20500, browser=Firefox
Testing: csp_id=535, page_id=20600, browser=Firefox
Testing: csp_id=535, page_id=20700, browser=Firefox
Testing: csp_id=535, page_id=20800, browser=Firefox
Testing: csp_id=535, page_id=20900, browser=Firefox
Testing: csp_id=535, page_id=21000, browser=Firefox
Testing: csp_id=535, page_id=21100, browser=Firefox
Testing: csp_id=535, page_id=21200, browser=Firefox
Testing: csp_id=535, page_id=21300, browser=Firefox
Testing: csp_id=535, page_id=21400, browser=Firefox
Testing: csp_id=535, page_id=21500, browser=Firefox
Testing: csp_id=535, page_id=21600, browser=Firefox
Testing: csp_id=535, page_id=21700, browser=Firefox
Testing: csp_id=535, page_id=21800, browser=Firefox
Testing: csp_id=535, page_id=21900, browser=Firefox
Testing: csp_id=535, page_id=22000, browser=Firefox
Testing: csp_id=535, page_id=22100, browser=Firefox
Testing: csp_id=535, page_id=22200, browser=Firefox
Testing: csp_id=535, page_id=22300, browser=Firefox
Testing: csp_id=535, page_id=22400, browser=Firefox
Testing: csp_id=535, page_id=22500, browser=Firefox
Testing: csp_id=535, page_id=22600, browser=Firefox
Testing: csp_id=535, page_id=22700, browser=Firefox
Testing: csp_id=535, page_id=22800, browser=Firefox
Testing: csp_id=535, page_id=22900, browser=Firefox
Testing: csp_id=535, page_id=23000, browser=Firefox
Testing: csp_id=535, page_id=23100, browser=Firefox
Testing: csp_id=535, page_id=23200, browser=Firefox
Testing: csp_id=535, page_id=23300, browser=Firefox
Testing: csp_id=535, page_id=23400, browser=Firefox
Testing: csp_id=535, page_id=23500, browser=Firefox
Testing: csp_id=535, page_id=23600, browser=Firefox
Testing: csp_id=535, page_id=23700, browser=Firefox
Testing: csp_id=535, page_id=23800, browser=Firefox
Testing: csp_id=535, page_id=23900, browser=Firefox
Testing: csp_id=535, page_id=24000, browser=Firefox
Testing: csp_id=535, page_id=24100, browser=Firefox
Testing: csp_id=535, page_id=24200, browser=Firefox
Testing: csp_id=535, page_id=24300, browser=Firefox
Testing: csp_id=535, page_id=24400, browser=Firefox
Testing: csp_id=535, page_id=24500, browser=Firefox
Testing: csp_id=535, page_id=24600, browser=Firefox
Testing: csp_id=535, page_id=24700, browser=Firefox
Testing: csp_id=535, page_id=24800, browser=Firefox
Testing: csp_id=535, page_id=24900, browser=Firefox
Testing: csp_id=535, page_id=25000, browser=Firefox
Testing: csp_id=535, page_id=25100, browser=Firefox
Testing: csp_id=535, page_id=25200, browser=Firefox
Testing: csp_id=535, page_id=25300, browser=Firefox
Testing: csp_id=535, page_id=25400, browser=Firefox
Testing: csp_id=535, page_id=25500, browser=Firefox
Testing: csp_id=535, page_id=25600, browser=Firefox
Testing: csp_id=535, page_id=25700, browser=Firefox
Testing: csp_id=535, page_id=25800, browser=Firefox
Testing: csp_id=535, page_id=25900, browser=Firefox
Testing: csp_id=535, page_id=26000, browser=Firefox
Testing: csp_id=535, page_id=26100, browser=Firefox
Testing: csp_id=535, page_id=26200, browser=Firefox
Testing: csp_id=535, page_id=26300, browser=Firefox
Testing: csp_id=535, page_id=26400, browser=Firefox
Testing: csp_id=535, page_id=26500, browser=Firefox
Testing: csp_id=535, page_id=26600, browser=Firefox
Testing: csp_id=535, page_id=26700, browser=Firefox
Testing: csp_id=535, page_id=26800, browser=Firefox
Testing: csp_id=535, page_id=26900, browser=Firefox
Testing: csp_id=535, page_id=27000, browser=Firefox
Testing: csp_id=535, page_id=27100, browser=Firefox
Testing: csp_id=535, page_id=27200, browser=Firefox
Testing: csp_id=535, page_id=27300, browser=Firefox
Testing: csp_id=535, page_id=27400, browser=Firefox
Testing: csp_id=535, page_id=27500, browser=Firefox
Testing: csp_id=535, page_id=27600, browser=Firefox
Testing: csp_id=535, page_id=27700, browser=Firefox
Testing: csp_id=535, page_id=27800, browser=Firefox
Testing: csp_id=535, page_id=27900, browser=Firefox
Testing: csp_id=535, page_id=28000, browser=Firefox
Testing: csp_id=535, page_id=28100, browser=Firefox
Testing: csp_id=535, page_id=28200, browser=Firefox
Testing: csp_id=535, page_id=28300, browser=Firefox
Testing: csp_id=535, page_id=28400, browser=Firefox
Testing: csp_id=535, page_id=28500, browser=Firefox
Testing: csp_id=535, page_id=28600, browser=Firefox
Testing: csp_id=535, page_id=28700, browser=Firefox
Testing: csp_id=535, page_id=28800, browser=Firefox
Testing: csp_id=535, page_id=28900, browser=Firefox
Testing: csp_id=535, page_id=29000, browser=Firefox
Testing: csp_id=535, page_id=29100, browser=Firefox
Testing: csp_id=535, page_id=29200, browser=Firefox
Testing: csp_id=535, page_id=29300, browser=Firefox
Testing: csp_id=535, page_id=29400, browser=Firefox
Testing: csp_id=535, page_id=29500, browser=Firefox
Testing: csp_id=535, page_id=29600, browser=Firefox
Testing: csp_id=535, page_id=29700, browser=Firefox
Testing: csp_id=535, page_id=29800, browser=Firefox
🏊 create_context_pools[first] (5x16): 31.998s
Testing: csp_id=545, page_id=0, browser=Firefox
Testing: csp_id=545, page_id=100, browser=Firefox
Testing: csp_id=545, page_id=200, browser=Firefox
Testing: csp_id=545, page_id=300, browser=Firefox
Testing: csp_id=545, page_id=400, browser=Firefox
Testing: csp_id=545, page_id=500, browser=Firefox
Testing: csp_id=545, page_id=600, browser=Firefox
Testing: csp_id=545, page_id=700, browser=Firefox
Testing: csp_id=545, page_id=800, browser=Firefox
Testing: csp_id=545, page_id=900, browser=Firefox
Testing: csp_id=545, page_id=1000, browser=Firefox
Testing: csp_id=545, page_id=1100, browser=Firefox
Testing: csp_id=545, page_id=1200, browser=Firefox
Testing: csp_id=545, page_id=1300, browser=Firefox
Testing: csp_id=545, page_id=1400, browser=Firefox
Testing: csp_id=545, page_id=1500, browser=Firefox
Testing: csp_id=545, page_id=1600, browser=Firefox
Testing: csp_id=545, page_id=1700, browser=Firefox
Testing: csp_id=545, page_id=1800, browser=Firefox
Testing: csp_id=545, page_id=1900, browser=Firefox
Testing: csp_id=545, page_id=2000, browser=Firefox
Testing: csp_id=545, page_id=2100, browser=Firefox
Testing: csp_id=545, page_id=2200, browser=Firefox
Testing: csp_id=545, page_id=2300, browser=Firefox
Testing: csp_id=545, page_id=2400, browser=Firefox
Testing: csp_id=545, page_id=2500, browser=Firefox
Testing: csp_id=545, page_id=2600, browser=Firefox
Testing: csp_id=545, page_id=2700, browser=Firefox
Testing: csp_id=545, page_id=2800, browser=Firefox
Testing: csp_id=545, page_id=2900, browser=Firefox
Testing: csp_id=545, page_id=3000, browser=Firefox
Testing: csp_id=545, page_id=3100, browser=Firefox
Testing: csp_id=545, page_id=3200, browser=Firefox
Testing: csp_id=545, page_id=3300, browser=Firefox
Testing: csp_id=545, page_id=3400, browser=Firefox
Testing: csp_id=545, page_id=3500, browser=Firefox
Testing: csp_id=545, page_id=3600, browser=Firefox
Testing: csp_id=545, page_id=3700, browser=Firefox
Testing: csp_id=545, page_id=3800, browser=Firefox
Testing: csp_id=545, page_id=3900, browser=Firefox
Testing: csp_id=545, page_id=4000, browser=Firefox
Testing: csp_id=545, page_id=4100, browser=Firefox
Testing: csp_id=545, page_id=4200, browser=Firefox
Testing: csp_id=545, page_id=4300, browser=Firefox
Testing: csp_id=545, page_id=4400, browser=Firefox
Testing: csp_id=545, page_id=4500, browser=Firefox
Testing: csp_id=545, page_id=4600, browser=Firefox
Testing: csp_id=545, page_id=4700, browser=Firefox
Testing: csp_id=545, page_id=4800, browser=Firefox
Testing: csp_id=545, page_id=4900, browser=Firefox
Testing: csp_id=545, page_id=5000, browser=Firefox
Testing: csp_id=545, page_id=5100, browser=Firefox
Testing: csp_id=545, page_id=5200, browser=Firefox
Testing: csp_id=545, page_id=5300, browser=Firefox
Testing: csp_id=545, page_id=5400, browser=Firefox
Testing: csp_id=545, page_id=5500, browser=Firefox
Testing: csp_id=545, page_id=5600, browser=Firefox
Testing: csp_id=545, page_id=5700, browser=Firefox
Testing: csp_id=545, page_id=5800, browser=Firefox
Testing: csp_id=545, page_id=5900, browser=Firefox
Testing: csp_id=545, page_id=6000, browser=Firefox
Testing: csp_id=545, page_id=6100, browser=Firefox
Testing: csp_id=545, page_id=6200, browser=Firefox
Testing: csp_id=545, page_id=6300, browser=Firefox
Testing: csp_id=545, page_id=6400, browser=Firefox
Testing: csp_id=545, page_id=6500, browser=Firefox
Testing: csp_id=545, page_id=6600, browser=Firefox
Testing: csp_id=545, page_id=6700, browser=Firefox
Testing: csp_id=545, page_id=6800, browser=Firefox
Testing: csp_id=545, page_id=6900, browser=Firefox
Testing: csp_id=545, page_id=7000, browser=Firefox
Testing: csp_id=545, page_id=7100, browser=Firefox
Testing: csp_id=545, page_id=7200, browser=Firefox
Testing: csp_id=545, page_id=7300, browser=Firefox
Testing: csp_id=545, page_id=7400, browser=Firefox
Testing: csp_id=545, page_id=7500, browser=Firefox
Testing: csp_id=545, page_id=7600, browser=Firefox
Testing: csp_id=545, page_id=7700, browser=Firefox
Testing: csp_id=545, page_id=7800, browser=Firefox
Testing: csp_id=545, page_id=7900, browser=Firefox
Testing: csp_id=545, page_id=8000, browser=Firefox
Testing: csp_id=545, page_id=8100, browser=Firefox
Testing: csp_id=545, page_id=8200, browser=Firefox
Testing: csp_id=545, page_id=8300, browser=Firefox
Testing: csp_id=545, page_id=8400, browser=Firefox
Testing: csp_id=545, page_id=8500, browser=Firefox
Testing: csp_id=545, page_id=8600, browser=Firefox
Testing: csp_id=545, page_id=8700, browser=Firefox
Testing: csp_id=545, page_id=8800, browser=Firefox
Testing: csp_id=545, page_id=8900, browser=Firefox
Testing: csp_id=545, page_id=9000, browser=Firefox
Testing: csp_id=545, page_id=9100, browser=Firefox
Testing: csp_id=545, page_id=9200, browser=Firefox
Testing: csp_id=545, page_id=9300, browser=Firefox
Testing: csp_id=545, page_id=9400, browser=Firefox
Testing: csp_id=545, page_id=9500, browser=Firefox
Testing: csp_id=545, page_id=9600, browser=Firefox
Testing: csp_id=545, page_id=9700, browser=Firefox
Testing: csp_id=545, page_id=9800, browser=Firefox
Testing: csp_id=545, page_id=9900, browser=Firefox
Testing: csp_id=545, page_id=10000, browser=Firefox
Testing: csp_id=545, page_id=10100, browser=Firefox
Testing: csp_id=545, page_id=10200, browser=Firefox
Testing: csp_id=545, page_id=10300, browser=Firefox
Testing: csp_id=545, page_id=10400, browser=Firefox
Testing: csp_id=545, page_id=10500, browser=Firefox
Testing: csp_id=545, page_id=10600, browser=Firefox
Testing: csp_id=545, page_id=10700, browser=Firefox
Testing: csp_id=545, page_id=10800, browser=Firefox
Testing: csp_id=545, page_id=10900, browser=Firefox
Testing: csp_id=545, page_id=11000, browser=Firefox
Testing: csp_id=545, page_id=11100, browser=Firefox
Testing: csp_id=545, page_id=11200, browser=Firefox
Testing: csp_id=545, page_id=11300, browser=Firefox
Testing: csp_id=545, page_id=11400, browser=Firefox
Testing: csp_id=545, page_id=11500, browser=Firefox
Testing: csp_id=545, page_id=11600, browser=Firefox
Testing: csp_id=545, page_id=11700, browser=Firefox
Testing: csp_id=545, page_id=11800, browser=Firefox
Testing: csp_id=545, page_id=11900, browser=Firefox
Testing: csp_id=545, page_id=12000, browser=Firefox
Testing: csp_id=545, page_id=12100, browser=Firefox
Testing: csp_id=545, page_id=12200, browser=Firefox
Testing: csp_id=545, page_id=12300, browser=Firefox
Testing: csp_id=545, page_id=12400, browser=Firefox
Testing: csp_id=545, page_id=12500, browser=Firefox
Testing: csp_id=545, page_id=12600, browser=Firefox
Testing: csp_id=545, page_id=12700, browser=Firefox
Testing: csp_id=545, page_id=12800, browser=Firefox
Testing: csp_id=545, page_id=12900, browser=Firefox
Testing: csp_id=545, page_id=13000, browser=Firefox
Testing: csp_id=545, page_id=13100, browser=Firefox
Testing: csp_id=545, page_id=13200, browser=Firefox
Testing: csp_id=545, page_id=13300, browser=Firefox
Testing: csp_id=545, page_id=13400, browser=Firefox
Testing: csp_id=545, page_id=13500, browser=Firefox
Testing: csp_id=545, page_id=13600, browser=Firefox
Testing: csp_id=545, page_id=13700, browser=Firefox
Testing: csp_id=545, page_id=13800, browser=Firefox
Testing: csp_id=545, page_id=13900, browser=Firefox
Testing: csp_id=545, page_id=14000, browser=Firefox
Testing: csp_id=545, page_id=14100, browser=Firefox
Testing: csp_id=545, page_id=14200, browser=Firefox
Testing: csp_id=545, page_id=14300, browser=Firefox
Testing: csp_id=545, page_id=14400, browser=Firefox
Testing: csp_id=545, page_id=14500, browser=Firefox
Testing: csp_id=545, page_id=14600, browser=Firefox
Testing: csp_id=545, page_id=14700, browser=Firefox
Testing: csp_id=545, page_id=14800, browser=Firefox
Testing: csp_id=545, page_id=14900, browser=Firefox
Testing: csp_id=545, page_id=15000, browser=Firefox
Testing: csp_id=545, page_id=15100, browser=Firefox
Testing: csp_id=545, page_id=15200, browser=Firefox
Testing: csp_id=545, page_id=15300, browser=Firefox
Testing: csp_id=545, page_id=15400, browser=Firefox
Testing: csp_id=545, page_id=15500, browser=Firefox
Testing: csp_id=545, page_id=15600, browser=Firefox
Testing: csp_id=545, page_id=15700, browser=Firefox
Testing: csp_id=545, page_id=15800, browser=Firefox
Testing: csp_id=545, page_id=15900, browser=Firefox
Testing: csp_id=545, page_id=16000, browser=Firefox
Testing: csp_id=545, page_id=16100, browser=Firefox
Testing: csp_id=545, page_id=16200, browser=Firefox
Testing: csp_id=545, page_id=16300, browser=Firefox
Testing: csp_id=545, page_id=16400, browser=Firefox
Testing: csp_id=545, page_id=16500, browser=Firefox
Testing: csp_id=545, page_id=16600, browser=Firefox
Testing: csp_id=545, page_id=16700, browser=Firefox
Testing: csp_id=545, page_id=16800, browser=Firefox
Testing: csp_id=545, page_id=16900, browser=Firefox
Testing: csp_id=545, page_id=17000, browser=Firefox
Testing: csp_id=545, page_id=17100, browser=Firefox
Testing: csp_id=545, page_id=17200, browser=Firefox
Testing: csp_id=545, page_id=17300, browser=Firefox
Testing: csp_id=545, page_id=17400, browser=Firefox
Testing: csp_id=545, page_id=17500, browser=Firefox
Testing: csp_id=545, page_id=17600, browser=Firefox
Testing: csp_id=545, page_id=17700, browser=Firefox
Testing: csp_id=545, page_id=17800, browser=Firefox
Testing: csp_id=545, page_id=17900, browser=Firefox
Testing: csp_id=545, page_id=18000, browser=Firefox
Testing: csp_id=545, page_id=18100, browser=Firefox
Testing: csp_id=545, page_id=18200, browser=Firefox
Testing: csp_id=545, page_id=18300, browser=Firefox
Testing: csp_id=545, page_id=18400, browser=Firefox
Testing: csp_id=545, page_id=18500, browser=Firefox
Testing: csp_id=545, page_id=18600, browser=Firefox
Testing: csp_id=545, page_id=18700, browser=Firefox
Testing: csp_id=545, page_id=18800, browser=Firefox
Testing: csp_id=545, page_id=18900, browser=Firefox
Testing: csp_id=545, page_id=19000, browser=Firefox
Testing: csp_id=545, page_id=19100, browser=Firefox
Testing: csp_id=545, page_id=19200, browser=Firefox
Testing: csp_id=545, page_id=19300, browser=Firefox
Testing: csp_id=545, page_id=19400, browser=Firefox
Testing: csp_id=545, page_id=19500, browser=Firefox
Testing: csp_id=545, page_id=19600, browser=Firefox
Testing: csp_id=545, page_id=19700, browser=Firefox
Testing: csp_id=545, page_id=19800, browser=Firefox
Testing: csp_id=545, page_id=19900, browser=Firefox
Testing: csp_id=545, page_id=20000, browser=Firefox
Testing: csp_id=545, page_id=20100, browser=Firefox
Testing: csp_id=545, page_id=20200, browser=Firefox
Testing: csp_id=545, page_id=20300, browser=Firefox
Testing: csp_id=545, page_id=20400, browser=Firefox
Testing: csp_id=545, page_id=20500, browser=Firefox
Testing: csp_id=545, page_id=20600, browser=Firefox
Testing: csp_id=545, page_id=20700, browser=Firefox
Testing: csp_id=545, page_id=20800, browser=Firefox
Testing: csp_id=545, page_id=20900, browser=Firefox
Testing: csp_id=545, page_id=21000, browser=Firefox
Testing: csp_id=545, page_id=21100, browser=Firefox
Testing: csp_id=545, page_id=21200, browser=Firefox
Testing: csp_id=545, page_id=21300, browser=Firefox
Testing: csp_id=545, page_id=21400, browser=Firefox
Testing: csp_id=545, page_id=21500, browser=Firefox
Testing: csp_id=545, page_id=21600, browser=Firefox
Testing: csp_id=545, page_id=21700, browser=Firefox
Testing: csp_id=545, page_id=21800, browser=Firefox
Testing: csp_id=545, page_id=21900, browser=Firefox
Testing: csp_id=545, page_id=22000, browser=Firefox
Testing: csp_id=545, page_id=22100, browser=Firefox
Testing: csp_id=545, page_id=22200, browser=Firefox
Testing: csp_id=545, page_id=22300, browser=Firefox
Testing: csp_id=545, page_id=22400, browser=Firefox
Testing: csp_id=545, page_id=22500, browser=Firefox
Testing: csp_id=545, page_id=22600, browser=Firefox
Testing: csp_id=545, page_id=22700, browser=Firefox
Testing: csp_id=545, page_id=22800, browser=Firefox
Testing: csp_id=545, page_id=22900, browser=Firefox
Testing: csp_id=545, page_id=23000, browser=Firefox
Testing: csp_id=545, page_id=23100, browser=Firefox
Testing: csp_id=545, page_id=23200, browser=Firefox
Testing: csp_id=545, page_id=23300, browser=Firefox
Testing: csp_id=545, page_id=23400, browser=Firefox
Testing: csp_id=545, page_id=23500, browser=Firefox
Testing: csp_id=545, page_id=23600, browser=Firefox
Testing: csp_id=545, page_id=23700, browser=Firefox
Testing: csp_id=545, page_id=23800, browser=Firefox
Testing: csp_id=545, page_id=23900, browser=Firefox
Testing: csp_id=545, page_id=24000, browser=Firefox
Testing: csp_id=545, page_id=24100, browser=Firefox
Testing: csp_id=545, page_id=24200, browser=Firefox
Testing: csp_id=545, page_id=24300, browser=Firefox
Testing: csp_id=545, page_id=24400, browser=Firefox
Testing: csp_id=545, page_id=24500, browser=Firefox
Testing: csp_id=545, page_id=24600, browser=Firefox
Testing: csp_id=545, page_id=24700, browser=Firefox
Testing: csp_id=545, page_id=24800, browser=Firefox
Testing: csp_id=545, page_id=24900, browser=Firefox
Testing: csp_id=545, page_id=25000, browser=Firefox
Testing: csp_id=545, page_id=25100, browser=Firefox
Testing: csp_id=545, page_id=25200, browser=Firefox
Testing: csp_id=545, page_id=25300, browser=Firefox
Testing: csp_id=545, page_id=25400, browser=Firefox
Testing: csp_id=545, page_id=25500, browser=Firefox
Testing: csp_id=545, page_id=25600, browser=Firefox
Testing: csp_id=545, page_id=25700, browser=Firefox
Testing: csp_id=545, page_id=25800, browser=Firefox
Testing: csp_id=545, page_id=25900, browser=Firefox
Testing: csp_id=545, page_id=26000, browser=Firefox
Testing: csp_id=545, page_id=26100, browser=Firefox
Testing: csp_id=545, page_id=26200, browser=Firefox
Testing: csp_id=545, page_id=26300, browser=Firefox
Testing: csp_id=545, page_id=26400, browser=Firefox
Testing: csp_id=545, page_id=26500, browser=Firefox
Testing: csp_id=545, page_id=26600, browser=Firefox
Testing: csp_id=545, page_id=26700, browser=Firefox
Testing: csp_id=545, page_id=26800, browser=Firefox
Testing: csp_id=545, page_id=26900, browser=Firefox
Testing: csp_id=545, page_id=27000, browser=Firefox
Testing: csp_id=545, page_id=27100, browser=Firefox
Testing: csp_id=545, page_id=27200, browser=Firefox
Testing: csp_id=545, page_id=27300, browser=Firefox
Testing: csp_id=545, page_id=27400, browser=Firefox
Testing: csp_id=545, page_id=27500, browser=Firefox
Testing: csp_id=545, page_id=27600, browser=Firefox
Testing: csp_id=545, page_id=27700, browser=Firefox
Testing: csp_id=545, page_id=27800, browser=Firefox
Testing: csp_id=545, page_id=27900, browser=Firefox
Testing: csp_id=545, page_id=28000, browser=Firefox
Testing: csp_id=545, page_id=28100, browser=Firefox
Testing: csp_id=545, page_id=28200, browser=Firefox
Testing: csp_id=545, page_id=28300, browser=Firefox
Testing: csp_id=545, page_id=28400, browser=Firefox
Testing: csp_id=545, page_id=28500, browser=Firefox
Testing: csp_id=545, page_id=28600, browser=Firefox
Testing: csp_id=545, page_id=28700, browser=Firefox
Testing: csp_id=545, page_id=28800, browser=Firefox
Testing: csp_id=545, page_id=28900, browser=Firefox
Testing: csp_id=545, page_id=29000, browser=Firefox
Testing: csp_id=545, page_id=29100, browser=Firefox
Testing: csp_id=545, page_id=29200, browser=Firefox
Testing: csp_id=545, page_id=29300, browser=Firefox
Testing: csp_id=545, page_id=29400, browser=Firefox
Testing: csp_id=545, page_id=29500, browser=Firefox
Testing: csp_id=545, page_id=29600, browser=Firefox
Testing: csp_id=545, page_id=29700, browser=Firefox
Testing: csp_id=545, page_id=29800, browser=Firefox
🏊 create_context_pools[first] (5x16): 28.140s
Testing: csp_id=557, page_id=0, browser=Firefox
Testing: csp_id=557, page_id=100, browser=Firefox
Testing: csp_id=557, page_id=200, browser=Firefox
Testing: csp_id=557, page_id=300, browser=Firefox
Testing: csp_id=557, page_id=400, browser=Firefox
Testing: csp_id=557, page_id=500, browser=Firefox
Testing: csp_id=557, page_id=600, browser=Firefox
Testing: csp_id=557, page_id=700, browser=Firefox
Testing: csp_id=557, page_id=800, browser=Firefox
Testing: csp_id=557, page_id=900, browser=Firefox
Testing: csp_id=557, page_id=1000, browser=Firefox
Testing: csp_id=557, page_id=1100, browser=Firefox
Testing: csp_id=557, page_id=1200, browser=Firefox
Testing: csp_id=557, page_id=1300, browser=Firefox
Testing: csp_id=557, page_id=1400, browser=Firefox
Testing: csp_id=557, page_id=1500, browser=Firefox
Testing: csp_id=557, page_id=1600, browser=Firefox
Testing: csp_id=557, page_id=1700, browser=Firefox
Testing: csp_id=557, page_id=1800, browser=Firefox
Testing: csp_id=557, page_id=1900, browser=Firefox
Testing: csp_id=557, page_id=2000, browser=Firefox
Testing: csp_id=557, page_id=2100, browser=Firefox
Testing: csp_id=557, page_id=2200, browser=Firefox
Testing: csp_id=557, page_id=2300, browser=Firefox
Testing: csp_id=557, page_id=2400, browser=Firefox
Testing: csp_id=557, page_id=2500, browser=Firefox
Testing: csp_id=557, page_id=2600, browser=Firefox
Testing: csp_id=557, page_id=2700, browser=Firefox
Testing: csp_id=557, page_id=2800, browser=Firefox
Testing: csp_id=557, page_id=2900, browser=Firefox
Testing: csp_id=557, page_id=3000, browser=Firefox
Testing: csp_id=557, page_id=3100, browser=Firefox
Testing: csp_id=557, page_id=3200, browser=Firefox
Testing: csp_id=557, page_id=3300, browser=Firefox
Testing: csp_id=557, page_id=3400, browser=Firefox
Testing: csp_id=557, page_id=3500, browser=Firefox
Testing: csp_id=557, page_id=3600, browser=Firefox
Testing: csp_id=557, page_id=3700, browser=Firefox
Testing: csp_id=557, page_id=3800, browser=Firefox
Testing: csp_id=557, page_id=3900, browser=Firefox
Testing: csp_id=557, page_id=4000, browser=Firefox
Testing: csp_id=557, page_id=4100, browser=Firefox
Testing: csp_id=557, page_id=4200, browser=Firefox
Testing: csp_id=557, page_id=4300, browser=Firefox
Testing: csp_id=557, page_id=4400, browser=Firefox
Testing: csp_id=557, page_id=4500, browser=Firefox
Testing: csp_id=557, page_id=4600, browser=Firefox
Testing: csp_id=557, page_id=4700, browser=Firefox
Testing: csp_id=557, page_id=4800, browser=Firefox
Testing: csp_id=557, page_id=4900, browser=Firefox
Testing: csp_id=557, page_id=5000, browser=Firefox
Testing: csp_id=557, page_id=5100, browser=Firefox
Testing: csp_id=557, page_id=5200, browser=Firefox
Testing: csp_id=557, page_id=5300, browser=Firefox
Testing: csp_id=557, page_id=5400, browser=Firefox
Testing: csp_id=557, page_id=5500, browser=Firefox
Testing: csp_id=557, page_id=5600, browser=Firefox
Testing: csp_id=557, page_id=5700, browser=Firefox
Testing: csp_id=557, page_id=5800, browser=Firefox
Testing: csp_id=557, page_id=5900, browser=Firefox
Testing: csp_id=557, page_id=6000, browser=Firefox
Testing: csp_id=557, page_id=6100, browser=Firefox
Testing: csp_id=557, page_id=6200, browser=Firefox
Testing: csp_id=557, page_id=6300, browser=Firefox
Testing: csp_id=557, page_id=6400, browser=Firefox
Testing: csp_id=557, page_id=6500, browser=Firefox
Testing: csp_id=557, page_id=6600, browser=Firefox
Testing: csp_id=557, page_id=6700, browser=Firefox
Testing: csp_id=557, page_id=6800, browser=Firefox
Testing: csp_id=557, page_id=6900, browser=Firefox
Testing: csp_id=557, page_id=7000, browser=Firefox
Testing: csp_id=557, page_id=7100, browser=Firefox
Testing: csp_id=557, page_id=7200, browser=Firefox
Testing: csp_id=557, page_id=7300, browser=Firefox
Testing: csp_id=557, page_id=7400, browser=Firefox
Testing: csp_id=557, page_id=7500, browser=Firefox
Testing: csp_id=557, page_id=7600, browser=Firefox
Testing: csp_id=557, page_id=7700, browser=Firefox
Testing: csp_id=557, page_id=7800, browser=Firefox
Testing: csp_id=557, page_id=7900, browser=Firefox
Testing: csp_id=557, page_id=8000, browser=Firefox
Testing: csp_id=557, page_id=8100, browser=Firefox
Testing: csp_id=557, page_id=8200, browser=Firefox
Testing: csp_id=557, page_id=8300, browser=Firefox
Testing: csp_id=557, page_id=8400, browser=Firefox
Testing: csp_id=557, page_id=8500, browser=Firefox
Testing: csp_id=557, page_id=8600, browser=Firefox
Testing: csp_id=557, page_id=8700, browser=Firefox
Testing: csp_id=557, page_id=8800, browser=Firefox
Testing: csp_id=557, page_id=8900, browser=Firefox
Testing: csp_id=557, page_id=9000, browser=Firefox
Testing: csp_id=557, page_id=9100, browser=Firefox
Testing: csp_id=557, page_id=9200, browser=Firefox
Testing: csp_id=557, page_id=9300, browser=Firefox
Testing: csp_id=557, page_id=9400, browser=Firefox
Testing: csp_id=557, page_id=9500, browser=Firefox
Testing: csp_id=557, page_id=9600, browser=Firefox
Testing: csp_id=557, page_id=9700, browser=Firefox
Testing: csp_id=557, page_id=9800, browser=Firefox
Testing: csp_id=557, page_id=9900, browser=Firefox
Testing: csp_id=557, page_id=10000, browser=Firefox
Testing: csp_id=557, page_id=10100, browser=Firefox
Testing: csp_id=557, page_id=10200, browser=Firefox
Testing: csp_id=557, page_id=10300, browser=Firefox
Testing: csp_id=557, page_id=10400, browser=Firefox
Testing: csp_id=557, page_id=10500, browser=Firefox
Testing: csp_id=557, page_id=10600, browser=Firefox
Testing: csp_id=557, page_id=10700, browser=Firefox
Testing: csp_id=557, page_id=10800, browser=Firefox
Testing: csp_id=557, page_id=10900, browser=Firefox
Testing: csp_id=557, page_id=11000, browser=Firefox
Testing: csp_id=557, page_id=11100, browser=Firefox
Testing: csp_id=557, page_id=11200, browser=Firefox
Testing: csp_id=557, page_id=11300, browser=Firefox
Testing: csp_id=557, page_id=11400, browser=Firefox
Testing: csp_id=557, page_id=11500, browser=Firefox
Testing: csp_id=557, page_id=11600, browser=Firefox
Testing: csp_id=557, page_id=11700, browser=Firefox
Testing: csp_id=557, page_id=11800, browser=Firefox
Testing: csp_id=557, page_id=11900, browser=Firefox
Testing: csp_id=557, page_id=12000, browser=Firefox
Testing: csp_id=557, page_id=12100, browser=Firefox
Testing: csp_id=557, page_id=12200, browser=Firefox
Testing: csp_id=557, page_id=12300, browser=Firefox
Testing: csp_id=557, page_id=12400, browser=Firefox
Testing: csp_id=557, page_id=12500, browser=Firefox
Testing: csp_id=557, page_id=12600, browser=Firefox
Testing: csp_id=557, page_id=12700, browser=Firefox
Testing: csp_id=557, page_id=12800, browser=Firefox
Testing: csp_id=557, page_id=12900, browser=Firefox
Testing: csp_id=557, page_id=13000, browser=Firefox
Testing: csp_id=557, page_id=13100, browser=Firefox
Testing: csp_id=557, page_id=13200, browser=Firefox
Testing: csp_id=557, page_id=13300, browser=Firefox
Testing: csp_id=557, page_id=13400, browser=Firefox
Testing: csp_id=557, page_id=13500, browser=Firefox
Testing: csp_id=557, page_id=13600, browser=Firefox
Testing: csp_id=557, page_id=13700, browser=Firefox
Testing: csp_id=557, page_id=13800, browser=Firefox
Testing: csp_id=557, page_id=13900, browser=Firefox
Testing: csp_id=557, page_id=14000, browser=Firefox
Testing: csp_id=557, page_id=14100, browser=Firefox
Testing: csp_id=557, page_id=14200, browser=Firefox
Testing: csp_id=557, page_id=14300, browser=Firefox
Testing: csp_id=557, page_id=14400, browser=Firefox
Testing: csp_id=557, page_id=14500, browser=Firefox
Testing: csp_id=557, page_id=14600, browser=Firefox
Testing: csp_id=557, page_id=14700, browser=Firefox
Testing: csp_id=557, page_id=14800, browser=Firefox
Testing: csp_id=557, page_id=14900, browser=Firefox
Testing: csp_id=557, page_id=15000, browser=Firefox
Testing: csp_id=557, page_id=15100, browser=Firefox
Testing: csp_id=557, page_id=15200, browser=Firefox
Testing: csp_id=557, page_id=15300, browser=Firefox
Testing: csp_id=557, page_id=15400, browser=Firefox
Testing: csp_id=557, page_id=15500, browser=Firefox
Testing: csp_id=557, page_id=15600, browser=Firefox
Testing: csp_id=557, page_id=15700, browser=Firefox
Testing: csp_id=557, page_id=15800, browser=Firefox
Testing: csp_id=557, page_id=15900, browser=Firefox
Testing: csp_id=557, page_id=16000, browser=Firefox
Testing: csp_id=557, page_id=16100, browser=Firefox
Testing: csp_id=557, page_id=16200, browser=Firefox
Testing: csp_id=557, page_id=16300, browser=Firefox
Testing: csp_id=557, page_id=16400, browser=Firefox
Testing: csp_id=557, page_id=16500, browser=Firefox
Testing: csp_id=557, page_id=16600, browser=Firefox
Testing: csp_id=557, page_id=16700, browser=Firefox
Testing: csp_id=557, page_id=16800, browser=Firefox
Testing: csp_id=557, page_id=16900, browser=Firefox
Testing: csp_id=557, page_id=17000, browser=Firefox
Testing: csp_id=557, page_id=17100, browser=Firefox
Testing: csp_id=557, page_id=17200, browser=Firefox
Testing: csp_id=557, page_id=17300, browser=Firefox
Testing: csp_id=557, page_id=17400, browser=Firefox
Testing: csp_id=557, page_id=17500, browser=Firefox
Testing: csp_id=557, page_id=17600, browser=Firefox
Testing: csp_id=557, page_id=17700, browser=Firefox
Testing: csp_id=557, page_id=17800, browser=Firefox
Testing: csp_id=557, page_id=17900, browser=Firefox
Testing: csp_id=557, page_id=18000, browser=Firefox
Testing: csp_id=557, page_id=18100, browser=Firefox
Testing: csp_id=557, page_id=18200, browser=Firefox
Testing: csp_id=557, page_id=18300, browser=Firefox
Testing: csp_id=557, page_id=18400, browser=Firefox
Testing: csp_id=557, page_id=18500, browser=Firefox
Testing: csp_id=557, page_id=18600, browser=Firefox
Testing: csp_id=557, page_id=18700, browser=Firefox
Testing: csp_id=557, page_id=18800, browser=Firefox
Testing: csp_id=557, page_id=18900, browser=Firefox
Testing: csp_id=557, page_id=19000, browser=Firefox
Testing: csp_id=557, page_id=19100, browser=Firefox
Testing: csp_id=557, page_id=19200, browser=Firefox
Testing: csp_id=557, page_id=19300, browser=Firefox
Testing: csp_id=557, page_id=19400, browser=Firefox
Testing: csp_id=557, page_id=19500, browser=Firefox
Testing: csp_id=557, page_id=19600, browser=Firefox
Testing: csp_id=557, page_id=19700, browser=Firefox
Testing: csp_id=557, page_id=19800, browser=Firefox
Testing: csp_id=557, page_id=19900, browser=Firefox
Testing: csp_id=557, page_id=20000, browser=Firefox
Testing: csp_id=557, page_id=20100, browser=Firefox
Testing: csp_id=557, page_id=20200, browser=Firefox
Testing: csp_id=557, page_id=20300, browser=Firefox
Testing: csp_id=557, page_id=20400, browser=Firefox
Testing: csp_id=557, page_id=20500, browser=Firefox
Testing: csp_id=557, page_id=20600, browser=Firefox
Testing: csp_id=557, page_id=20700, browser=Firefox
Testing: csp_id=557, page_id=20800, browser=Firefox
Testing: csp_id=557, page_id=20900, browser=Firefox
Testing: csp_id=557, page_id=21000, browser=Firefox
Testing: csp_id=557, page_id=21100, browser=Firefox
Testing: csp_id=557, page_id=21200, browser=Firefox
Testing: csp_id=557, page_id=21300, browser=Firefox
Testing: csp_id=557, page_id=21400, browser=Firefox
Testing: csp_id=557, page_id=21500, browser=Firefox
Testing: csp_id=557, page_id=21600, browser=Firefox
Testing: csp_id=557, page_id=21700, browser=Firefox
Testing: csp_id=557, page_id=21800, browser=Firefox
Testing: csp_id=557, page_id=21900, browser=Firefox
Testing: csp_id=557, page_id=22000, browser=Firefox
Testing: csp_id=557, page_id=22100, browser=Firefox
Testing: csp_id=557, page_id=22200, browser=Firefox
Testing: csp_id=557, page_id=22300, browser=Firefox
Testing: csp_id=557, page_id=22400, browser=Firefox
Testing: csp_id=557, page_id=22500, browser=Firefox
Testing: csp_id=557, page_id=22600, browser=Firefox
Testing: csp_id=557, page_id=22700, browser=Firefox
Testing: csp_id=557, page_id=22800, browser=Firefox
Testing: csp_id=557, page_id=22900, browser=Firefox
Testing: csp_id=557, page_id=23000, browser=Firefox
Testing: csp_id=557, page_id=23100, browser=Firefox
Testing: csp_id=557, page_id=23200, browser=Firefox
Testing: csp_id=557, page_id=23300, browser=Firefox
Testing: csp_id=557, page_id=23400, browser=Firefox
Testing: csp_id=557, page_id=23500, browser=Firefox
Testing: csp_id=557, page_id=23600, browser=Firefox
Testing: csp_id=557, page_id=23700, browser=Firefox
Testing: csp_id=557, page_id=23800, browser=Firefox
Testing: csp_id=557, page_id=23900, browser=Firefox
Testing: csp_id=557, page_id=24000, browser=Firefox
Testing: csp_id=557, page_id=24100, browser=Firefox
Testing: csp_id=557, page_id=24200, browser=Firefox
Testing: csp_id=557, page_id=24300, browser=Firefox
Testing: csp_id=557, page_id=24400, browser=Firefox
Testing: csp_id=557, page_id=24500, browser=Firefox
Testing: csp_id=557, page_id=24600, browser=Firefox
Testing: csp_id=557, page_id=24700, browser=Firefox
Testing: csp_id=557, page_id=24800, browser=Firefox
Testing: csp_id=557, page_id=24900, browser=Firefox
Testing: csp_id=557, page_id=25000, browser=Firefox
Testing: csp_id=557, page_id=25100, browser=Firefox
Testing: csp_id=557, page_id=25200, browser=Firefox
Testing: csp_id=557, page_id=25300, browser=Firefox
Testing: csp_id=557, page_id=25400, browser=Firefox
Testing: csp_id=557, page_id=25500, browser=Firefox
Testing: csp_id=557, page_id=25600, browser=Firefox
Testing: csp_id=557, page_id=25700, browser=Firefox
Testing: csp_id=557, page_id=25800, browser=Firefox
Testing: csp_id=557, page_id=25900, browser=Firefox
Testing: csp_id=557, page_id=26000, browser=Firefox
Testing: csp_id=557, page_id=26100, browser=Firefox
Testing: csp_id=557, page_id=26200, browser=Firefox
Testing: csp_id=557, page_id=26300, browser=Firefox
Testing: csp_id=557, page_id=26400, browser=Firefox
Testing: csp_id=557, page_id=26500, browser=Firefox
Testing: csp_id=557, page_id=26600, browser=Firefox
Testing: csp_id=557, page_id=26700, browser=Firefox
Testing: csp_id=557, page_id=26800, browser=Firefox
Testing: csp_id=557, page_id=26900, browser=Firefox
Testing: csp_id=557, page_id=27000, browser=Firefox
Testing: csp_id=557, page_id=27100, browser=Firefox
Testing: csp_id=557, page_id=27200, browser=Firefox
Testing: csp_id=557, page_id=27300, browser=Firefox
Testing: csp_id=557, page_id=27400, browser=Firefox
Testing: csp_id=557, page_id=27500, browser=Firefox
Testing: csp_id=557, page_id=27600, browser=Firefox
Testing: csp_id=557, page_id=27700, browser=Firefox
Testing: csp_id=557, page_id=27800, browser=Firefox
Testing: csp_id=557, page_id=27900, browser=Firefox
Testing: csp_id=557, page_id=28000, browser=Firefox
Testing: csp_id=557, page_id=28100, browser=Firefox
Testing: csp_id=557, page_id=28200, browser=Firefox
Testing: csp_id=557, page_id=28300, browser=Firefox
Testing: csp_id=557, page_id=28400, browser=Firefox
Testing: csp_id=557, page_id=28500, browser=Firefox
Testing: csp_id=557, page_id=28600, browser=Firefox
Testing: csp_id=557, page_id=28700, browser=Firefox
Testing: csp_id=557, page_id=28800, browser=Firefox
Testing: csp_id=557, page_id=28900, browser=Firefox
Testing: csp_id=557, page_id=29000, browser=Firefox
Testing: csp_id=557, page_id=29100, browser=Firefox
Testing: csp_id=557, page_id=29200, browser=Firefox
Testing: csp_id=557, page_id=29300, browser=Firefox
Testing: csp_id=557, page_id=29400, browser=Firefox
Testing: csp_id=557, page_id=29500, browser=Firefox
Testing: csp_id=557, page_id=29600, browser=Firefox
Testing: csp_id=557, page_id=29700, browser=Firefox
Testing: csp_id=557, page_id=29800, browser=Firefox
🏊 create_context_pools[first] (5x16): 31.598s
Testing: csp_id=566, page_id=0, browser=Firefox
Testing: csp_id=566, page_id=100, browser=Firefox
Testing: csp_id=566, page_id=200, browser=Firefox
Testing: csp_id=566, page_id=300, browser=Firefox
Testing: csp_id=566, page_id=400, browser=Firefox
Testing: csp_id=566, page_id=500, browser=Firefox
Testing: csp_id=566, page_id=600, browser=Firefox
Testing: csp_id=566, page_id=700, browser=Firefox
Testing: csp_id=566, page_id=800, browser=Firefox
Testing: csp_id=566, page_id=900, browser=Firefox
Testing: csp_id=566, page_id=1000, browser=Firefox
Testing: csp_id=566, page_id=1100, browser=Firefox
Testing: csp_id=566, page_id=1200, browser=Firefox
Testing: csp_id=566, page_id=1300, browser=Firefox
Testing: csp_id=566, page_id=1400, browser=Firefox
Testing: csp_id=566, page_id=1500, browser=Firefox
Testing: csp_id=566, page_id=1600, browser=Firefox
Testing: csp_id=566, page_id=1700, browser=Firefox
Testing: csp_id=566, page_id=1800, browser=Firefox
Testing: csp_id=566, page_id=1900, browser=Firefox
Testing: csp_id=566, page_id=2000, browser=Firefox
Testing: csp_id=566, page_id=2100, browser=Firefox
Testing: csp_id=566, page_id=2200, browser=Firefox
Testing: csp_id=566, page_id=2300, browser=Firefox
Testing: csp_id=566, page_id=2400, browser=Firefox
Testing: csp_id=566, page_id=2500, browser=Firefox
Testing: csp_id=566, page_id=2600, browser=Firefox
Testing: csp_id=566, page_id=2700, browser=Firefox
Testing: csp_id=566, page_id=2800, browser=Firefox
Testing: csp_id=566, page_id=2900, browser=Firefox
Testing: csp_id=566, page_id=3000, browser=Firefox
Testing: csp_id=566, page_id=3100, browser=Firefox
Testing: csp_id=566, page_id=3200, browser=Firefox
Testing: csp_id=566, page_id=3300, browser=Firefox
Testing: csp_id=566, page_id=3400, browser=Firefox
Testing: csp_id=566, page_id=3500, browser=Firefox
Testing: csp_id=566, page_id=3600, browser=Firefox
Testing: csp_id=566, page_id=3700, browser=Firefox
Testing: csp_id=566, page_id=3800, browser=Firefox
Testing: csp_id=566, page_id=3900, browser=Firefox
Testing: csp_id=566, page_id=4000, browser=Firefox
Testing: csp_id=566, page_id=4100, browser=Firefox
Testing: csp_id=566, page_id=4200, browser=Firefox
Testing: csp_id=566, page_id=4300, browser=Firefox
Testing: csp_id=566, page_id=4400, browser=Firefox
Testing: csp_id=566, page_id=4500, browser=Firefox
Testing: csp_id=566, page_id=4600, browser=Firefox
Testing: csp_id=566, page_id=4700, browser=Firefox
Testing: csp_id=566, page_id=4800, browser=Firefox
Testing: csp_id=566, page_id=4900, browser=Firefox
Testing: csp_id=566, page_id=5000, browser=Firefox
Testing: csp_id=566, page_id=5100, browser=Firefox
Testing: csp_id=566, page_id=5200, browser=Firefox
Testing: csp_id=566, page_id=5300, browser=Firefox
Testing: csp_id=566, page_id=5400, browser=Firefox
Testing: csp_id=566, page_id=5500, browser=Firefox
Testing: csp_id=566, page_id=5600, browser=Firefox
Testing: csp_id=566, page_id=5700, browser=Firefox
Testing: csp_id=566, page_id=5800, browser=Firefox
Testing: csp_id=566, page_id=5900, browser=Firefox
Testing: csp_id=566, page_id=6000, browser=Firefox
Testing: csp_id=566, page_id=6100, browser=Firefox
Testing: csp_id=566, page_id=6200, browser=Firefox
Testing: csp_id=566, page_id=6300, browser=Firefox
Testing: csp_id=566, page_id=6400, browser=Firefox
Testing: csp_id=566, page_id=6500, browser=Firefox
Testing: csp_id=566, page_id=6600, browser=Firefox
Testing: csp_id=566, page_id=6700, browser=Firefox
Testing: csp_id=566, page_id=6800, browser=Firefox
Testing: csp_id=566, page_id=6900, browser=Firefox
Testing: csp_id=566, page_id=7000, browser=Firefox
Testing: csp_id=566, page_id=7100, browser=Firefox
Testing: csp_id=566, page_id=7200, browser=Firefox
Testing: csp_id=566, page_id=7300, browser=Firefox
Testing: csp_id=566, page_id=7400, browser=Firefox
Testing: csp_id=566, page_id=7500, browser=Firefox
Testing: csp_id=566, page_id=7600, browser=Firefox
Testing: csp_id=566, page_id=7700, browser=Firefox
Testing: csp_id=566, page_id=7800, browser=Firefox
Testing: csp_id=566, page_id=7900, browser=Firefox
Testing: csp_id=566, page_id=8000, browser=Firefox
Testing: csp_id=566, page_id=8100, browser=Firefox
Testing: csp_id=566, page_id=8200, browser=Firefox
Testing: csp_id=566, page_id=8300, browser=Firefox
Testing: csp_id=566, page_id=8400, browser=Firefox
Testing: csp_id=566, page_id=8500, browser=Firefox
Testing: csp_id=566, page_id=8600, browser=Firefox
Testing: csp_id=566, page_id=8700, browser=Firefox
Testing: csp_id=566, page_id=8800, browser=Firefox
Testing: csp_id=566, page_id=8900, browser=Firefox
Testing: csp_id=566, page_id=9000, browser=Firefox
Testing: csp_id=566, page_id=9100, browser=Firefox
Testing: csp_id=566, page_id=9200, browser=Firefox
Testing: csp_id=566, page_id=9300, browser=Firefox
Testing: csp_id=566, page_id=9400, browser=Firefox
Testing: csp_id=566, page_id=9500, browser=Firefox
Testing: csp_id=566, page_id=9600, browser=Firefox
Testing: csp_id=566, page_id=9700, browser=Firefox
Testing: csp_id=566, page_id=9800, browser=Firefox
Testing: csp_id=566, page_id=9900, browser=Firefox
Testing: csp_id=566, page_id=10000, browser=Firefox
Testing: csp_id=566, page_id=10100, browser=Firefox
Testing: csp_id=566, page_id=10200, browser=Firefox
Testing: csp_id=566, page_id=10300, browser=Firefox
Testing: csp_id=566, page_id=10400, browser=Firefox
Testing: csp_id=566, page_id=10500, browser=Firefox
Testing: csp_id=566, page_id=10600, browser=Firefox
Testing: csp_id=566, page_id=10700, browser=Firefox
Testing: csp_id=566, page_id=10800, browser=Firefox
Testing: csp_id=566, page_id=10900, browser=Firefox
Testing: csp_id=566, page_id=11000, browser=Firefox
Testing: csp_id=566, page_id=11100, browser=Firefox
Testing: csp_id=566, page_id=11200, browser=Firefox
Testing: csp_id=566, page_id=11300, browser=Firefox
Testing: csp_id=566, page_id=11400, browser=Firefox
Testing: csp_id=566, page_id=11500, browser=Firefox
Testing: csp_id=566, page_id=11600, browser=Firefox
Testing: csp_id=566, page_id=11700, browser=Firefox
Testing: csp_id=566, page_id=11800, browser=Firefox
Testing: csp_id=566, page_id=11900, browser=Firefox
Testing: csp_id=566, page_id=12000, browser=Firefox
Testing: csp_id=566, page_id=12100, browser=Firefox
Testing: csp_id=566, page_id=12200, browser=Firefox
Testing: csp_id=566, page_id=12300, browser=Firefox
Testing: csp_id=566, page_id=12400, browser=Firefox
Testing: csp_id=566, page_id=12500, browser=Firefox
Testing: csp_id=566, page_id=12600, browser=Firefox
Testing: csp_id=566, page_id=12700, browser=Firefox
Testing: csp_id=566, page_id=12800, browser=Firefox
Testing: csp_id=566, page_id=12900, browser=Firefox
Testing: csp_id=566, page_id=13000, browser=Firefox
Testing: csp_id=566, page_id=13100, browser=Firefox
Testing: csp_id=566, page_id=13200, browser=Firefox
Testing: csp_id=566, page_id=13300, browser=Firefox
Testing: csp_id=566, page_id=13400, browser=Firefox
Testing: csp_id=566, page_id=13500, browser=Firefox
Testing: csp_id=566, page_id=13600, browser=Firefox
Testing: csp_id=566, page_id=13700, browser=Firefox
Testing: csp_id=566, page_id=13800, browser=Firefox
Testing: csp_id=566, page_id=13900, browser=Firefox
Testing: csp_id=566, page_id=14000, browser=Firefox
Testing: csp_id=566, page_id=14100, browser=Firefox
Testing: csp_id=566, page_id=14200, browser=Firefox
Testing: csp_id=566, page_id=14300, browser=Firefox
Testing: csp_id=566, page_id=14400, browser=Firefox
Testing: csp_id=566, page_id=14500, browser=Firefox
Testing: csp_id=566, page_id=14600, browser=Firefox
Testing: csp_id=566, page_id=14700, browser=Firefox
Testing: csp_id=566, page_id=14800, browser=Firefox
Testing: csp_id=566, page_id=14900, browser=Firefox
Testing: csp_id=566, page_id=15000, browser=Firefox
Testing: csp_id=566, page_id=15100, browser=Firefox
Testing: csp_id=566, page_id=15200, browser=Firefox
Testing: csp_id=566, page_id=15300, browser=Firefox
Testing: csp_id=566, page_id=15400, browser=Firefox
Testing: csp_id=566, page_id=15500, browser=Firefox
Testing: csp_id=566, page_id=15600, browser=Firefox
Testing: csp_id=566, page_id=15700, browser=Firefox
Testing: csp_id=566, page_id=15800, browser=Firefox
Testing: csp_id=566, page_id=15900, browser=Firefox
Testing: csp_id=566, page_id=16000, browser=Firefox
Testing: csp_id=566, page_id=16100, browser=Firefox
Testing: csp_id=566, page_id=16200, browser=Firefox
Testing: csp_id=566, page_id=16300, browser=Firefox
Testing: csp_id=566, page_id=16400, browser=Firefox
Testing: csp_id=566, page_id=16500, browser=Firefox
Testing: csp_id=566, page_id=16600, browser=Firefox
Testing: csp_id=566, page_id=16700, browser=Firefox
Testing: csp_id=566, page_id=16800, browser=Firefox
Testing: csp_id=566, page_id=16900, browser=Firefox
Testing: csp_id=566, page_id=17000, browser=Firefox
Testing: csp_id=566, page_id=17100, browser=Firefox
Testing: csp_id=566, page_id=17200, browser=Firefox
Testing: csp_id=566, page_id=17300, browser=Firefox
Testing: csp_id=566, page_id=17400, browser=Firefox
Testing: csp_id=566, page_id=17500, browser=Firefox
Testing: csp_id=566, page_id=17600, browser=Firefox
Testing: csp_id=566, page_id=17700, browser=Firefox
Testing: csp_id=566, page_id=17800, browser=Firefox
Testing: csp_id=566, page_id=17900, browser=Firefox
Testing: csp_id=566, page_id=18000, browser=Firefox
Testing: csp_id=566, page_id=18100, browser=Firefox
Testing: csp_id=566, page_id=18200, browser=Firefox
Testing: csp_id=566, page_id=18300, browser=Firefox
Testing: csp_id=566, page_id=18400, browser=Firefox
Testing: csp_id=566, page_id=18500, browser=Firefox
Testing: csp_id=566, page_id=18600, browser=Firefox
Testing: csp_id=566, page_id=18700, browser=Firefox
Testing: csp_id=566, page_id=18800, browser=Firefox
Testing: csp_id=566, page_id=18900, browser=Firefox
Testing: csp_id=566, page_id=19000, browser=Firefox
Testing: csp_id=566, page_id=19100, browser=Firefox
Testing: csp_id=566, page_id=19200, browser=Firefox
Testing: csp_id=566, page_id=19300, browser=Firefox
Testing: csp_id=566, page_id=19400, browser=Firefox
Testing: csp_id=566, page_id=19500, browser=Firefox
Testing: csp_id=566, page_id=19600, browser=Firefox
Testing: csp_id=566, page_id=19700, browser=Firefox
Testing: csp_id=566, page_id=19800, browser=Firefox
Testing: csp_id=566, page_id=19900, browser=Firefox
Testing: csp_id=566, page_id=20000, browser=Firefox
Testing: csp_id=566, page_id=20100, browser=Firefox
Testing: csp_id=566, page_id=20200, browser=Firefox
Testing: csp_id=566, page_id=20300, browser=Firefox
Testing: csp_id=566, page_id=20400, browser=Firefox
Testing: csp_id=566, page_id=20500, browser=Firefox
Testing: csp_id=566, page_id=20600, browser=Firefox
Testing: csp_id=566, page_id=20700, browser=Firefox
Testing: csp_id=566, page_id=20800, browser=Firefox
Testing: csp_id=566, page_id=20900, browser=Firefox
Testing: csp_id=566, page_id=21000, browser=Firefox
Testing: csp_id=566, page_id=21100, browser=Firefox
Testing: csp_id=566, page_id=21200, browser=Firefox
Testing: csp_id=566, page_id=21300, browser=Firefox
Testing: csp_id=566, page_id=21400, browser=Firefox
Testing: csp_id=566, page_id=21500, browser=Firefox
Testing: csp_id=566, page_id=21600, browser=Firefox
Testing: csp_id=566, page_id=21700, browser=Firefox
Testing: csp_id=566, page_id=21800, browser=Firefox
Testing: csp_id=566, page_id=21900, browser=Firefox
Testing: csp_id=566, page_id=22000, browser=Firefox
Testing: csp_id=566, page_id=22100, browser=Firefox
Testing: csp_id=566, page_id=22200, browser=Firefox
Testing: csp_id=566, page_id=22300, browser=Firefox
Testing: csp_id=566, page_id=22400, browser=Firefox
Testing: csp_id=566, page_id=22500, browser=Firefox
Testing: csp_id=566, page_id=22600, browser=Firefox
Testing: csp_id=566, page_id=22700, browser=Firefox
Testing: csp_id=566, page_id=22800, browser=Firefox
Testing: csp_id=566, page_id=22900, browser=Firefox
Testing: csp_id=566, page_id=23000, browser=Firefox
Testing: csp_id=566, page_id=23100, browser=Firefox
Testing: csp_id=566, page_id=23200, browser=Firefox
Testing: csp_id=566, page_id=23300, browser=Firefox
Testing: csp_id=566, page_id=23400, browser=Firefox
Testing: csp_id=566, page_id=23500, browser=Firefox
Testing: csp_id=566, page_id=23600, browser=Firefox
Testing: csp_id=566, page_id=23700, browser=Firefox
Testing: csp_id=566, page_id=23800, browser=Firefox
Testing: csp_id=566, page_id=23900, browser=Firefox
Testing: csp_id=566, page_id=24000, browser=Firefox
Testing: csp_id=566, page_id=24100, browser=Firefox
Testing: csp_id=566, page_id=24200, browser=Firefox
Testing: csp_id=566, page_id=24300, browser=Firefox
Testing: csp_id=566, page_id=24400, browser=Firefox
Testing: csp_id=566, page_id=24500, browser=Firefox
Testing: csp_id=566, page_id=24600, browser=Firefox
Testing: csp_id=566, page_id=24700, browser=Firefox
Testing: csp_id=566, page_id=24800, browser=Firefox
Testing: csp_id=566, page_id=24900, browser=Firefox
Testing: csp_id=566, page_id=25000, browser=Firefox
Testing: csp_id=566, page_id=25100, browser=Firefox
Testing: csp_id=566, page_id=25200, browser=Firefox
Testing: csp_id=566, page_id=25300, browser=Firefox
Testing: csp_id=566, page_id=25400, browser=Firefox
Testing: csp_id=566, page_id=25500, browser=Firefox
Testing: csp_id=566, page_id=25600, browser=Firefox
Testing: csp_id=566, page_id=25700, browser=Firefox
Testing: csp_id=566, page_id=25800, browser=Firefox
Testing: csp_id=566, page_id=25900, browser=Firefox
Testing: csp_id=566, page_id=26000, browser=Firefox
Testing: csp_id=566, page_id=26100, browser=Firefox
Testing: csp_id=566, page_id=26200, browser=Firefox
Testing: csp_id=566, page_id=26300, browser=Firefox
Testing: csp_id=566, page_id=26400, browser=Firefox
Testing: csp_id=566, page_id=26500, browser=Firefox
Testing: csp_id=566, page_id=26600, browser=Firefox
Testing: csp_id=566, page_id=26700, browser=Firefox
Testing: csp_id=566, page_id=26800, browser=Firefox
Testing: csp_id=566, page_id=26900, browser=Firefox
Testing: csp_id=566, page_id=27000, browser=Firefox
Testing: csp_id=566, page_id=27100, browser=Firefox
Testing: csp_id=566, page_id=27200, browser=Firefox
Testing: csp_id=566, page_id=27300, browser=Firefox
Testing: csp_id=566, page_id=27400, browser=Firefox
Testing: csp_id=566, page_id=27500, browser=Firefox
Testing: csp_id=566, page_id=27600, browser=Firefox
Testing: csp_id=566, page_id=27700, browser=Firefox
Testing: csp_id=566, page_id=27800, browser=Firefox
Testing: csp_id=566, page_id=27900, browser=Firefox
Testing: csp_id=566, page_id=28000, browser=Firefox
Testing: csp_id=566, page_id=28100, browser=Firefox
Testing: csp_id=566, page_id=28200, browser=Firefox
Testing: csp_id=566, page_id=28300, browser=Firefox
Testing: csp_id=566, page_id=28400, browser=Firefox
Testing: csp_id=566, page_id=28500, browser=Firefox
Testing: csp_id=566, page_id=28600, browser=Firefox
Testing: csp_id=566, page_id=28700, browser=Firefox
Testing: csp_id=566, page_id=28800, browser=Firefox
Testing: csp_id=566, page_id=28900, browser=Firefox
Testing: csp_id=566, page_id=29000, browser=Firefox
Testing: csp_id=566, page_id=29100, browser=Firefox
Testing: csp_id=566, page_id=29200, browser=Firefox
Testing: csp_id=566, page_id=29300, browser=Firefox
Testing: csp_id=566, page_id=29400, browser=Firefox
Testing: csp_id=566, page_id=29500, browser=Firefox
Testing: csp_id=566, page_id=29600, browser=Firefox
Testing: csp_id=566, page_id=29700, browser=Firefox
Testing: csp_id=566, page_id=29800, browser=Firefox
🏊 create_context_pools[first] (5x16): 29.873s
Testing: csp_id=576, page_id=0, browser=Firefox
Testing: csp_id=576, page_id=100, browser=Firefox
Testing: csp_id=576, page_id=200, browser=Firefox
Testing: csp_id=576, page_id=300, browser=Firefox
Testing: csp_id=576, page_id=400, browser=Firefox
Testing: csp_id=576, page_id=500, browser=Firefox
Testing: csp_id=576, page_id=600, browser=Firefox
Testing: csp_id=576, page_id=700, browser=Firefox
Testing: csp_id=576, page_id=800, browser=Firefox
Testing: csp_id=576, page_id=900, browser=Firefox
Testing: csp_id=576, page_id=1000, browser=Firefox
Testing: csp_id=576, page_id=1100, browser=Firefox
Testing: csp_id=576, page_id=1200, browser=Firefox
Testing: csp_id=576, page_id=1300, browser=Firefox
Testing: csp_id=576, page_id=1400, browser=Firefox
Testing: csp_id=576, page_id=1500, browser=Firefox
Testing: csp_id=576, page_id=1600, browser=Firefox
Testing: csp_id=576, page_id=1700, browser=Firefox
Testing: csp_id=576, page_id=1800, browser=Firefox
Testing: csp_id=576, page_id=1900, browser=Firefox
Testing: csp_id=576, page_id=2000, browser=Firefox
Testing: csp_id=576, page_id=2100, browser=Firefox
Testing: csp_id=576, page_id=2200, browser=Firefox
Testing: csp_id=576, page_id=2300, browser=Firefox
Testing: csp_id=576, page_id=2400, browser=Firefox
Testing: csp_id=576, page_id=2500, browser=Firefox
Testing: csp_id=576, page_id=2600, browser=Firefox
Testing: csp_id=576, page_id=2700, browser=Firefox
Testing: csp_id=576, page_id=2800, browser=Firefox
Testing: csp_id=576, page_id=2900, browser=Firefox
Testing: csp_id=576, page_id=3000, browser=Firefox
Testing: csp_id=576, page_id=3100, browser=Firefox
Testing: csp_id=576, page_id=3200, browser=Firefox
Testing: csp_id=576, page_id=3300, browser=Firefox
Testing: csp_id=576, page_id=3400, browser=Firefox
Testing: csp_id=576, page_id=3500, browser=Firefox
Testing: csp_id=576, page_id=3600, browser=Firefox
Testing: csp_id=576, page_id=3700, browser=Firefox
Testing: csp_id=576, page_id=3800, browser=Firefox
Testing: csp_id=576, page_id=3900, browser=Firefox
Testing: csp_id=576, page_id=4000, browser=Firefox
Testing: csp_id=576, page_id=4100, browser=Firefox
Testing: csp_id=576, page_id=4200, browser=Firefox
Testing: csp_id=576, page_id=4300, browser=Firefox
Testing: csp_id=576, page_id=4400, browser=Firefox
Testing: csp_id=576, page_id=4500, browser=Firefox
Testing: csp_id=576, page_id=4600, browser=Firefox
Testing: csp_id=576, page_id=4700, browser=Firefox
Testing: csp_id=576, page_id=4800, browser=Firefox
Testing: csp_id=576, page_id=4900, browser=Firefox
Testing: csp_id=576, page_id=5000, browser=Firefox
Testing: csp_id=576, page_id=5100, browser=Firefox
Testing: csp_id=576, page_id=5200, browser=Firefox
Testing: csp_id=576, page_id=5300, browser=Firefox
Testing: csp_id=576, page_id=5400, browser=Firefox
Testing: csp_id=576, page_id=5500, browser=Firefox
Testing: csp_id=576, page_id=5600, browser=Firefox
Testing: csp_id=576, page_id=5700, browser=Firefox
Testing: csp_id=576, page_id=5800, browser=Firefox
Testing: csp_id=576, page_id=5900, browser=Firefox
Testing: csp_id=576, page_id=6000, browser=Firefox
Testing: csp_id=576, page_id=6100, browser=Firefox
Testing: csp_id=576, page_id=6200, browser=Firefox
Testing: csp_id=576, page_id=6300, browser=Firefox
Testing: csp_id=576, page_id=6400, browser=Firefox
Testing: csp_id=576, page_id=6500, browser=Firefox
Testing: csp_id=576, page_id=6600, browser=Firefox
Testing: csp_id=576, page_id=6700, browser=Firefox
Testing: csp_id=576, page_id=6800, browser=Firefox
Testing: csp_id=576, page_id=6900, browser=Firefox
Testing: csp_id=576, page_id=7000, browser=Firefox
Testing: csp_id=576, page_id=7100, browser=Firefox
Testing: csp_id=576, page_id=7200, browser=Firefox
Testing: csp_id=576, page_id=7300, browser=Firefox
Testing: csp_id=576, page_id=7400, browser=Firefox
Testing: csp_id=576, page_id=7500, browser=Firefox
Testing: csp_id=576, page_id=7600, browser=Firefox
Testing: csp_id=576, page_id=7700, browser=Firefox
Testing: csp_id=576, page_id=7800, browser=Firefox
Testing: csp_id=576, page_id=7900, browser=Firefox
Testing: csp_id=576, page_id=8000, browser=Firefox
Testing: csp_id=576, page_id=8100, browser=Firefox
Testing: csp_id=576, page_id=8200, browser=Firefox
Testing: csp_id=576, page_id=8300, browser=Firefox
Testing: csp_id=576, page_id=8400, browser=Firefox
Testing: csp_id=576, page_id=8500, browser=Firefox
Testing: csp_id=576, page_id=8600, browser=Firefox
Testing: csp_id=576, page_id=8700, browser=Firefox
Testing: csp_id=576, page_id=8800, browser=Firefox
Testing: csp_id=576, page_id=8900, browser=Firefox
Testing: csp_id=576, page_id=9000, browser=Firefox
Testing: csp_id=576, page_id=9100, browser=Firefox
Testing: csp_id=576, page_id=9200, browser=Firefox
Testing: csp_id=576, page_id=9300, browser=Firefox
Testing: csp_id=576, page_id=9400, browser=Firefox
Testing: csp_id=576, page_id=9500, browser=Firefox
Testing: csp_id=576, page_id=9600, browser=Firefox
Testing: csp_id=576, page_id=9700, browser=Firefox
Testing: csp_id=576, page_id=9800, browser=Firefox
Testing: csp_id=576, page_id=9900, browser=Firefox
Testing: csp_id=576, page_id=10000, browser=Firefox
Testing: csp_id=576, page_id=10100, browser=Firefox
Testing: csp_id=576, page_id=10200, browser=Firefox
Testing: csp_id=576, page_id=10300, browser=Firefox
Testing: csp_id=576, page_id=10400, browser=Firefox
Testing: csp_id=576, page_id=10500, browser=Firefox
Testing: csp_id=576, page_id=10600, browser=Firefox
Testing: csp_id=576, page_id=10700, browser=Firefox
Testing: csp_id=576, page_id=10800, browser=Firefox
Testing: csp_id=576, page_id=10900, browser=Firefox
Testing: csp_id=576, page_id=11000, browser=Firefox
Testing: csp_id=576, page_id=11100, browser=Firefox
Testing: csp_id=576, page_id=11200, browser=Firefox
Testing: csp_id=576, page_id=11300, browser=Firefox
Testing: csp_id=576, page_id=11400, browser=Firefox
Testing: csp_id=576, page_id=11500, browser=Firefox
Testing: csp_id=576, page_id=11600, browser=Firefox
Testing: csp_id=576, page_id=11700, browser=Firefox
Testing: csp_id=576, page_id=11800, browser=Firefox
Testing: csp_id=576, page_id=11900, browser=Firefox
Testing: csp_id=576, page_id=12000, browser=Firefox
Testing: csp_id=576, page_id=12100, browser=Firefox
Testing: csp_id=576, page_id=12200, browser=Firefox
Testing: csp_id=576, page_id=12300, browser=Firefox
Testing: csp_id=576, page_id=12400, browser=Firefox
Testing: csp_id=576, page_id=12500, browser=Firefox
Testing: csp_id=576, page_id=12600, browser=Firefox
Testing: csp_id=576, page_id=12700, browser=Firefox
Testing: csp_id=576, page_id=12800, browser=Firefox
Testing: csp_id=576, page_id=12900, browser=Firefox
Testing: csp_id=576, page_id=13000, browser=Firefox
Testing: csp_id=576, page_id=13100, browser=Firefox
Testing: csp_id=576, page_id=13200, browser=Firefox
Testing: csp_id=576, page_id=13300, browser=Firefox
Testing: csp_id=576, page_id=13400, browser=Firefox
Testing: csp_id=576, page_id=13500, browser=Firefox
Testing: csp_id=576, page_id=13600, browser=Firefox
Testing: csp_id=576, page_id=13700, browser=Firefox
Testing: csp_id=576, page_id=13800, browser=Firefox
Testing: csp_id=576, page_id=13900, browser=Firefox
Testing: csp_id=576, page_id=14000, browser=Firefox
Testing: csp_id=576, page_id=14100, browser=Firefox
Testing: csp_id=576, page_id=14200, browser=Firefox
Testing: csp_id=576, page_id=14300, browser=Firefox
Testing: csp_id=576, page_id=14400, browser=Firefox
Testing: csp_id=576, page_id=14500, browser=Firefox
Testing: csp_id=576, page_id=14600, browser=Firefox
Testing: csp_id=576, page_id=14700, browser=Firefox
Testing: csp_id=576, page_id=14800, browser=Firefox
Testing: csp_id=576, page_id=14900, browser=Firefox
Testing: csp_id=576, page_id=15000, browser=Firefox
Testing: csp_id=576, page_id=15100, browser=Firefox
Testing: csp_id=576, page_id=15200, browser=Firefox
Testing: csp_id=576, page_id=15300, browser=Firefox
Testing: csp_id=576, page_id=15400, browser=Firefox
Testing: csp_id=576, page_id=15500, browser=Firefox
Testing: csp_id=576, page_id=15600, browser=Firefox
Testing: csp_id=576, page_id=15700, browser=Firefox
Testing: csp_id=576, page_id=15800, browser=Firefox
Testing: csp_id=576, page_id=15900, browser=Firefox
Testing: csp_id=576, page_id=16000, browser=Firefox
Testing: csp_id=576, page_id=16100, browser=Firefox
Testing: csp_id=576, page_id=16200, browser=Firefox
Testing: csp_id=576, page_id=16300, browser=Firefox
Testing: csp_id=576, page_id=16400, browser=Firefox
Testing: csp_id=576, page_id=16500, browser=Firefox
Testing: csp_id=576, page_id=16600, browser=Firefox
Testing: csp_id=576, page_id=16700, browser=Firefox
Testing: csp_id=576, page_id=16800, browser=Firefox
Testing: csp_id=576, page_id=16900, browser=Firefox
Testing: csp_id=576, page_id=17000, browser=Firefox
Testing: csp_id=576, page_id=17100, browser=Firefox
Testing: csp_id=576, page_id=17200, browser=Firefox
Testing: csp_id=576, page_id=17300, browser=Firefox
Testing: csp_id=576, page_id=17400, browser=Firefox
Testing: csp_id=576, page_id=17500, browser=Firefox
Testing: csp_id=576, page_id=17600, browser=Firefox
Testing: csp_id=576, page_id=17700, browser=Firefox
Testing: csp_id=576, page_id=17800, browser=Firefox
Testing: csp_id=576, page_id=17900, browser=Firefox
Testing: csp_id=576, page_id=18000, browser=Firefox
Testing: csp_id=576, page_id=18100, browser=Firefox
Testing: csp_id=576, page_id=18200, browser=Firefox
Testing: csp_id=576, page_id=18300, browser=Firefox
Testing: csp_id=576, page_id=18400, browser=Firefox
Testing: csp_id=576, page_id=18500, browser=Firefox
Testing: csp_id=576, page_id=18600, browser=Firefox
Testing: csp_id=576, page_id=18700, browser=Firefox
Testing: csp_id=576, page_id=18800, browser=Firefox
Testing: csp_id=576, page_id=18900, browser=Firefox
Testing: csp_id=576, page_id=19000, browser=Firefox
Testing: csp_id=576, page_id=19100, browser=Firefox
Testing: csp_id=576, page_id=19200, browser=Firefox
Testing: csp_id=576, page_id=19300, browser=Firefox
Testing: csp_id=576, page_id=19400, browser=Firefox
Testing: csp_id=576, page_id=19500, browser=Firefox
Testing: csp_id=576, page_id=19600, browser=Firefox
Testing: csp_id=576, page_id=19700, browser=Firefox
Testing: csp_id=576, page_id=19800, browser=Firefox
Testing: csp_id=576, page_id=19900, browser=Firefox
Testing: csp_id=576, page_id=20000, browser=Firefox
Testing: csp_id=576, page_id=20100, browser=Firefox
Testing: csp_id=576, page_id=20200, browser=Firefox
Testing: csp_id=576, page_id=20300, browser=Firefox
Testing: csp_id=576, page_id=20400, browser=Firefox
Testing: csp_id=576, page_id=20500, browser=Firefox
Testing: csp_id=576, page_id=20600, browser=Firefox
Testing: csp_id=576, page_id=20700, browser=Firefox
Testing: csp_id=576, page_id=20800, browser=Firefox
Testing: csp_id=576, page_id=20900, browser=Firefox
Testing: csp_id=576, page_id=21000, browser=Firefox
Testing: csp_id=576, page_id=21100, browser=Firefox
Testing: csp_id=576, page_id=21200, browser=Firefox
Testing: csp_id=576, page_id=21300, browser=Firefox
Testing: csp_id=576, page_id=21400, browser=Firefox
Testing: csp_id=576, page_id=21500, browser=Firefox
Testing: csp_id=576, page_id=21600, browser=Firefox
Testing: csp_id=576, page_id=21700, browser=Firefox
Testing: csp_id=576, page_id=21800, browser=Firefox
Testing: csp_id=576, page_id=21900, browser=Firefox
Testing: csp_id=576, page_id=22000, browser=Firefox
Testing: csp_id=576, page_id=22100, browser=Firefox
Testing: csp_id=576, page_id=22200, browser=Firefox
Testing: csp_id=576, page_id=22300, browser=Firefox
Testing: csp_id=576, page_id=22400, browser=Firefox
Testing: csp_id=576, page_id=22500, browser=Firefox
Testing: csp_id=576, page_id=22600, browser=Firefox
Testing: csp_id=576, page_id=22700, browser=Firefox
Testing: csp_id=576, page_id=22800, browser=Firefox
Testing: csp_id=576, page_id=22900, browser=Firefox
Testing: csp_id=576, page_id=23000, browser=Firefox
Testing: csp_id=576, page_id=23100, browser=Firefox
Testing: csp_id=576, page_id=23200, browser=Firefox
Testing: csp_id=576, page_id=23300, browser=Firefox
Testing: csp_id=576, page_id=23400, browser=Firefox
Testing: csp_id=576, page_id=23500, browser=Firefox
Testing: csp_id=576, page_id=23600, browser=Firefox
Testing: csp_id=576, page_id=23700, browser=Firefox
Testing: csp_id=576, page_id=23800, browser=Firefox
Testing: csp_id=576, page_id=23900, browser=Firefox
Testing: csp_id=576, page_id=24000, browser=Firefox
Testing: csp_id=576, page_id=24100, browser=Firefox
Testing: csp_id=576, page_id=24200, browser=Firefox
Testing: csp_id=576, page_id=24300, browser=Firefox
Testing: csp_id=576, page_id=24400, browser=Firefox
Testing: csp_id=576, page_id=24500, browser=Firefox
Testing: csp_id=576, page_id=24600, browser=Firefox
Testing: csp_id=576, page_id=24700, browser=Firefox
Testing: csp_id=576, page_id=24800, browser=Firefox
Testing: csp_id=576, page_id=24900, browser=Firefox
Testing: csp_id=576, page_id=25000, browser=Firefox
Testing: csp_id=576, page_id=25100, browser=Firefox
Testing: csp_id=576, page_id=25200, browser=Firefox
Testing: csp_id=576, page_id=25300, browser=Firefox
Testing: csp_id=576, page_id=25400, browser=Firefox
Testing: csp_id=576, page_id=25500, browser=Firefox
Testing: csp_id=576, page_id=25600, browser=Firefox
Testing: csp_id=576, page_id=25700, browser=Firefox
Testing: csp_id=576, page_id=25800, browser=Firefox
Testing: csp_id=576, page_id=25900, browser=Firefox
Testing: csp_id=576, page_id=26000, browser=Firefox
Testing: csp_id=576, page_id=26100, browser=Firefox
Testing: csp_id=576, page_id=26200, browser=Firefox
Testing: csp_id=576, page_id=26300, browser=Firefox
Testing: csp_id=576, page_id=26400, browser=Firefox
Testing: csp_id=576, page_id=26500, browser=Firefox
Testing: csp_id=576, page_id=26600, browser=Firefox
Testing: csp_id=576, page_id=26700, browser=Firefox
Testing: csp_id=576, page_id=26800, browser=Firefox
Testing: csp_id=576, page_id=26900, browser=Firefox
Testing: csp_id=576, page_id=27000, browser=Firefox
Testing: csp_id=576, page_id=27100, browser=Firefox
Testing: csp_id=576, page_id=27200, browser=Firefox
Testing: csp_id=576, page_id=27300, browser=Firefox
Testing: csp_id=576, page_id=27400, browser=Firefox
Testing: csp_id=576, page_id=27500, browser=Firefox
Testing: csp_id=576, page_id=27600, browser=Firefox
Testing: csp_id=576, page_id=27700, browser=Firefox
Testing: csp_id=576, page_id=27800, browser=Firefox
Testing: csp_id=576, page_id=27900, browser=Firefox
Testing: csp_id=576, page_id=28000, browser=Firefox
Testing: csp_id=576, page_id=28100, browser=Firefox
Testing: csp_id=576, page_id=28200, browser=Firefox
Testing: csp_id=576, page_id=28300, browser=Firefox
Testing: csp_id=576, page_id=28400, browser=Firefox
Testing: csp_id=576, page_id=28500, browser=Firefox
Testing: csp_id=576, page_id=28600, browser=Firefox
Testing: csp_id=576, page_id=28700, browser=Firefox
Testing: csp_id=576, page_id=28800, browser=Firefox
Testing: csp_id=576, page_id=28900, browser=Firefox
Testing: csp_id=576, page_id=29000, browser=Firefox
Testing: csp_id=576, page_id=29100, browser=Firefox
Testing: csp_id=576, page_id=29200, browser=Firefox
Testing: csp_id=576, page_id=29300, browser=Firefox
Testing: csp_id=576, page_id=29400, browser=Firefox
Testing: csp_id=576, page_id=29500, browser=Firefox
Testing: csp_id=576, page_id=29600, browser=Firefox
Testing: csp_id=576, page_id=29700, browser=Firefox
Testing: csp_id=576, page_id=29800, browser=Firefox
🏊 create_context_pools[first] (5x16): 26.443s
Testing: csp_id=585, page_id=0, browser=Firefox
Testing: csp_id=585, page_id=100, browser=Firefox
Testing: csp_id=585, page_id=200, browser=Firefox
Testing: csp_id=585, page_id=300, browser=Firefox
Testing: csp_id=585, page_id=400, browser=Firefox
Testing: csp_id=585, page_id=500, browser=Firefox
Testing: csp_id=585, page_id=600, browser=Firefox
Testing: csp_id=585, page_id=700, browser=Firefox
Testing: csp_id=585, page_id=800, browser=Firefox
Testing: csp_id=585, page_id=900, browser=Firefox
Testing: csp_id=585, page_id=1000, browser=Firefox
Testing: csp_id=585, page_id=1100, browser=Firefox
Testing: csp_id=585, page_id=1200, browser=Firefox
Testing: csp_id=585, page_id=1300, browser=Firefox
Testing: csp_id=585, page_id=1400, browser=Firefox
Testing: csp_id=585, page_id=1500, browser=Firefox
Testing: csp_id=585, page_id=1600, browser=Firefox
Testing: csp_id=585, page_id=1700, browser=Firefox
Testing: csp_id=585, page_id=1800, browser=Firefox
Testing: csp_id=585, page_id=1900, browser=Firefox
Testing: csp_id=585, page_id=2000, browser=Firefox
Testing: csp_id=585, page_id=2100, browser=Firefox
Testing: csp_id=585, page_id=2200, browser=Firefox
Testing: csp_id=585, page_id=2300, browser=Firefox
Testing: csp_id=585, page_id=2400, browser=Firefox
Testing: csp_id=585, page_id=2500, browser=Firefox
Testing: csp_id=585, page_id=2600, browser=Firefox
Testing: csp_id=585, page_id=2700, browser=Firefox
Testing: csp_id=585, page_id=2800, browser=Firefox
Testing: csp_id=585, page_id=2900, browser=Firefox
Testing: csp_id=585, page_id=3000, browser=Firefox
Testing: csp_id=585, page_id=3100, browser=Firefox
Testing: csp_id=585, page_id=3200, browser=Firefox
Testing: csp_id=585, page_id=3300, browser=Firefox
Testing: csp_id=585, page_id=3400, browser=Firefox
Testing: csp_id=585, page_id=3500, browser=Firefox
Testing: csp_id=585, page_id=3600, browser=Firefox
Testing: csp_id=585, page_id=3700, browser=Firefox
Testing: csp_id=585, page_id=3800, browser=Firefox
Testing: csp_id=585, page_id=3900, browser=Firefox
Testing: csp_id=585, page_id=4000, browser=Firefox
Testing: csp_id=585, page_id=4100, browser=Firefox
Testing: csp_id=585, page_id=4200, browser=Firefox
Testing: csp_id=585, page_id=4300, browser=Firefox
Testing: csp_id=585, page_id=4400, browser=Firefox
Testing: csp_id=585, page_id=4500, browser=Firefox
Testing: csp_id=585, page_id=4600, browser=Firefox
Testing: csp_id=585, page_id=4700, browser=Firefox
Testing: csp_id=585, page_id=4800, browser=Firefox
Testing: csp_id=585, page_id=4900, browser=Firefox
Testing: csp_id=585, page_id=5000, browser=Firefox
Testing: csp_id=585, page_id=5100, browser=Firefox
Testing: csp_id=585, page_id=5200, browser=Firefox
Testing: csp_id=585, page_id=5300, browser=Firefox
Testing: csp_id=585, page_id=5400, browser=Firefox
Testing: csp_id=585, page_id=5500, browser=Firefox
Testing: csp_id=585, page_id=5600, browser=Firefox
Testing: csp_id=585, page_id=5700, browser=Firefox
Testing: csp_id=585, page_id=5800, browser=Firefox
Testing: csp_id=585, page_id=5900, browser=Firefox
Testing: csp_id=585, page_id=6000, browser=Firefox
Testing: csp_id=585, page_id=6100, browser=Firefox
Testing: csp_id=585, page_id=6200, browser=Firefox
Testing: csp_id=585, page_id=6300, browser=Firefox
Testing: csp_id=585, page_id=6400, browser=Firefox
Testing: csp_id=585, page_id=6500, browser=Firefox
Testing: csp_id=585, page_id=6600, browser=Firefox
Testing: csp_id=585, page_id=6700, browser=Firefox
Testing: csp_id=585, page_id=6800, browser=Firefox
Testing: csp_id=585, page_id=6900, browser=Firefox
Testing: csp_id=585, page_id=7000, browser=Firefox
Testing: csp_id=585, page_id=7100, browser=Firefox
Testing: csp_id=585, page_id=7200, browser=Firefox
Testing: csp_id=585, page_id=7300, browser=Firefox
Testing: csp_id=585, page_id=7400, browser=Firefox
Testing: csp_id=585, page_id=7500, browser=Firefox
Testing: csp_id=585, page_id=7600, browser=Firefox
Testing: csp_id=585, page_id=7700, browser=Firefox
Testing: csp_id=585, page_id=7800, browser=Firefox
Testing: csp_id=585, page_id=7900, browser=Firefox
Testing: csp_id=585, page_id=8000, browser=Firefox
Testing: csp_id=585, page_id=8100, browser=Firefox
Testing: csp_id=585, page_id=8200, browser=Firefox
Testing: csp_id=585, page_id=8300, browser=Firefox
Testing: csp_id=585, page_id=8400, browser=Firefox
Testing: csp_id=585, page_id=8500, browser=Firefox
Testing: csp_id=585, page_id=8600, browser=Firefox
Testing: csp_id=585, page_id=8700, browser=Firefox
Testing: csp_id=585, page_id=8800, browser=Firefox
Testing: csp_id=585, page_id=8900, browser=Firefox
Testing: csp_id=585, page_id=9000, browser=Firefox
Testing: csp_id=585, page_id=9100, browser=Firefox
Testing: csp_id=585, page_id=9200, browser=Firefox
Testing: csp_id=585, page_id=9300, browser=Firefox
Testing: csp_id=585, page_id=9400, browser=Firefox
Testing: csp_id=585, page_id=9500, browser=Firefox
Testing: csp_id=585, page_id=9600, browser=Firefox
Testing: csp_id=585, page_id=9700, browser=Firefox
Testing: csp_id=585, page_id=9800, browser=Firefox
Testing: csp_id=585, page_id=9900, browser=Firefox
Testing: csp_id=585, page_id=10000, browser=Firefox
Testing: csp_id=585, page_id=10100, browser=Firefox
Testing: csp_id=585, page_id=10200, browser=Firefox
Testing: csp_id=585, page_id=10300, browser=Firefox
Testing: csp_id=585, page_id=10400, browser=Firefox
Testing: csp_id=585, page_id=10500, browser=Firefox
Testing: csp_id=585, page_id=10600, browser=Firefox
Testing: csp_id=585, page_id=10700, browser=Firefox
Testing: csp_id=585, page_id=10800, browser=Firefox
Testing: csp_id=585, page_id=10900, browser=Firefox
Testing: csp_id=585, page_id=11000, browser=Firefox
Testing: csp_id=585, page_id=11100, browser=Firefox
Testing: csp_id=585, page_id=11200, browser=Firefox
Testing: csp_id=585, page_id=11300, browser=Firefox
Testing: csp_id=585, page_id=11400, browser=Firefox
Testing: csp_id=585, page_id=11500, browser=Firefox
Testing: csp_id=585, page_id=11600, browser=Firefox
Testing: csp_id=585, page_id=11700, browser=Firefox
Testing: csp_id=585, page_id=11800, browser=Firefox
Testing: csp_id=585, page_id=11900, browser=Firefox
Testing: csp_id=585, page_id=12000, browser=Firefox
Testing: csp_id=585, page_id=12100, browser=Firefox
Testing: csp_id=585, page_id=12200, browser=Firefox
Testing: csp_id=585, page_id=12300, browser=Firefox
Testing: csp_id=585, page_id=12400, browser=Firefox
Testing: csp_id=585, page_id=12500, browser=Firefox
Testing: csp_id=585, page_id=12600, browser=Firefox
Testing: csp_id=585, page_id=12700, browser=Firefox
Testing: csp_id=585, page_id=12800, browser=Firefox
Testing: csp_id=585, page_id=12900, browser=Firefox
Testing: csp_id=585, page_id=13000, browser=Firefox
Testing: csp_id=585, page_id=13100, browser=Firefox
Testing: csp_id=585, page_id=13200, browser=Firefox
Testing: csp_id=585, page_id=13300, browser=Firefox
Testing: csp_id=585, page_id=13400, browser=Firefox
Testing: csp_id=585, page_id=13500, browser=Firefox
Testing: csp_id=585, page_id=13600, browser=Firefox
Testing: csp_id=585, page_id=13700, browser=Firefox
Testing: csp_id=585, page_id=13800, browser=Firefox
Testing: csp_id=585, page_id=13900, browser=Firefox
Testing: csp_id=585, page_id=14000, browser=Firefox
Testing: csp_id=585, page_id=14100, browser=Firefox
Testing: csp_id=585, page_id=14200, browser=Firefox
Testing: csp_id=585, page_id=14300, browser=Firefox
Testing: csp_id=585, page_id=14400, browser=Firefox
Testing: csp_id=585, page_id=14500, browser=Firefox
Testing: csp_id=585, page_id=14600, browser=Firefox
Testing: csp_id=585, page_id=14700, browser=Firefox
Testing: csp_id=585, page_id=14800, browser=Firefox
Testing: csp_id=585, page_id=14900, browser=Firefox
Testing: csp_id=585, page_id=15000, browser=Firefox
Testing: csp_id=585, page_id=15100, browser=Firefox
Testing: csp_id=585, page_id=15200, browser=Firefox
Testing: csp_id=585, page_id=15300, browser=Firefox
Testing: csp_id=585, page_id=15400, browser=Firefox
Testing: csp_id=585, page_id=15500, browser=Firefox
Testing: csp_id=585, page_id=15600, browser=Firefox
Testing: csp_id=585, page_id=15700, browser=Firefox
Testing: csp_id=585, page_id=15800, browser=Firefox
Testing: csp_id=585, page_id=15900, browser=Firefox
Testing: csp_id=585, page_id=16000, browser=Firefox
Testing: csp_id=585, page_id=16100, browser=Firefox
Testing: csp_id=585, page_id=16200, browser=Firefox
Testing: csp_id=585, page_id=16300, browser=Firefox
Testing: csp_id=585, page_id=16400, browser=Firefox
Testing: csp_id=585, page_id=16500, browser=Firefox
Testing: csp_id=585, page_id=16600, browser=Firefox
Testing: csp_id=585, page_id=16700, browser=Firefox
Testing: csp_id=585, page_id=16800, browser=Firefox
Testing: csp_id=585, page_id=16900, browser=Firefox
Testing: csp_id=585, page_id=17000, browser=Firefox
Testing: csp_id=585, page_id=17100, browser=Firefox
Testing: csp_id=585, page_id=17200, browser=Firefox
Testing: csp_id=585, page_id=17300, browser=Firefox
Testing: csp_id=585, page_id=17400, browser=Firefox
Testing: csp_id=585, page_id=17500, browser=Firefox
Testing: csp_id=585, page_id=17600, browser=Firefox
Testing: csp_id=585, page_id=17700, browser=Firefox
Testing: csp_id=585, page_id=17800, browser=Firefox
Testing: csp_id=585, page_id=17900, browser=Firefox
Testing: csp_id=585, page_id=18000, browser=Firefox
Testing: csp_id=585, page_id=18100, browser=Firefox
Testing: csp_id=585, page_id=18200, browser=Firefox
Testing: csp_id=585, page_id=18300, browser=Firefox
Testing: csp_id=585, page_id=18400, browser=Firefox
Testing: csp_id=585, page_id=18500, browser=Firefox
Testing: csp_id=585, page_id=18600, browser=Firefox
Testing: csp_id=585, page_id=18700, browser=Firefox
Testing: csp_id=585, page_id=18800, browser=Firefox
Testing: csp_id=585, page_id=18900, browser=Firefox
Testing: csp_id=585, page_id=19000, browser=Firefox
Testing: csp_id=585, page_id=19100, browser=Firefox
Testing: csp_id=585, page_id=19200, browser=Firefox
Testing: csp_id=585, page_id=19300, browser=Firefox
Testing: csp_id=585, page_id=19400, browser=Firefox
Testing: csp_id=585, page_id=19500, browser=Firefox
Testing: csp_id=585, page_id=19600, browser=Firefox
Testing: csp_id=585, page_id=19700, browser=Firefox
Testing: csp_id=585, page_id=19800, browser=Firefox
Testing: csp_id=585, page_id=19900, browser=Firefox
Testing: csp_id=585, page_id=20000, browser=Firefox
Testing: csp_id=585, page_id=20100, browser=Firefox
Testing: csp_id=585, page_id=20200, browser=Firefox
Testing: csp_id=585, page_id=20300, browser=Firefox
Testing: csp_id=585, page_id=20400, browser=Firefox
Testing: csp_id=585, page_id=20500, browser=Firefox
Testing: csp_id=585, page_id=20600, browser=Firefox
Testing: csp_id=585, page_id=20700, browser=Firefox
Testing: csp_id=585, page_id=20800, browser=Firefox
Testing: csp_id=585, page_id=20900, browser=Firefox
Testing: csp_id=585, page_id=21000, browser=Firefox
Testing: csp_id=585, page_id=21100, browser=Firefox
Testing: csp_id=585, page_id=21200, browser=Firefox
Testing: csp_id=585, page_id=21300, browser=Firefox
Testing: csp_id=585, page_id=21400, browser=Firefox
Testing: csp_id=585, page_id=21500, browser=Firefox
Testing: csp_id=585, page_id=21600, browser=Firefox
Testing: csp_id=585, page_id=21700, browser=Firefox
Testing: csp_id=585, page_id=21800, browser=Firefox
Testing: csp_id=585, page_id=21900, browser=Firefox
Testing: csp_id=585, page_id=22000, browser=Firefox
Testing: csp_id=585, page_id=22100, browser=Firefox
Testing: csp_id=585, page_id=22200, browser=Firefox
Testing: csp_id=585, page_id=22300, browser=Firefox
Testing: csp_id=585, page_id=22400, browser=Firefox
Testing: csp_id=585, page_id=22500, browser=Firefox
Testing: csp_id=585, page_id=22600, browser=Firefox
Testing: csp_id=585, page_id=22700, browser=Firefox
Testing: csp_id=585, page_id=22800, browser=Firefox
Testing: csp_id=585, page_id=22900, browser=Firefox
Testing: csp_id=585, page_id=23000, browser=Firefox
Testing: csp_id=585, page_id=23100, browser=Firefox
Testing: csp_id=585, page_id=23200, browser=Firefox
Testing: csp_id=585, page_id=23300, browser=Firefox
Testing: csp_id=585, page_id=23400, browser=Firefox
Testing: csp_id=585, page_id=23500, browser=Firefox
Testing: csp_id=585, page_id=23600, browser=Firefox
Testing: csp_id=585, page_id=23700, browser=Firefox
Testing: csp_id=585, page_id=23800, browser=Firefox
Testing: csp_id=585, page_id=23900, browser=Firefox
Testing: csp_id=585, page_id=24000, browser=Firefox
Testing: csp_id=585, page_id=24100, browser=Firefox
Testing: csp_id=585, page_id=24200, browser=Firefox
Testing: csp_id=585, page_id=24300, browser=Firefox
Testing: csp_id=585, page_id=24400, browser=Firefox
Testing: csp_id=585, page_id=24500, browser=Firefox
Testing: csp_id=585, page_id=24600, browser=Firefox
Testing: csp_id=585, page_id=24700, browser=Firefox
Testing: csp_id=585, page_id=24800, browser=Firefox
Testing: csp_id=585, page_id=24900, browser=Firefox
Testing: csp_id=585, page_id=25000, browser=Firefox
Testing: csp_id=585, page_id=25100, browser=Firefox
Testing: csp_id=585, page_id=25200, browser=Firefox
Testing: csp_id=585, page_id=25300, browser=Firefox
Testing: csp_id=585, page_id=25400, browser=Firefox
Testing: csp_id=585, page_id=25500, browser=Firefox
Testing: csp_id=585, page_id=25600, browser=Firefox
Testing: csp_id=585, page_id=25700, browser=Firefox
Testing: csp_id=585, page_id=25800, browser=Firefox
Testing: csp_id=585, page_id=25900, browser=Firefox
Testing: csp_id=585, page_id=26000, browser=Firefox
Testing: csp_id=585, page_id=26100, browser=Firefox
Testing: csp_id=585, page_id=26200, browser=Firefox
Testing: csp_id=585, page_id=26300, browser=Firefox
Testing: csp_id=585, page_id=26400, browser=Firefox
Testing: csp_id=585, page_id=26500, browser=Firefox
Testing: csp_id=585, page_id=26600, browser=Firefox
Testing: csp_id=585, page_id=26700, browser=Firefox
Testing: csp_id=585, page_id=26800, browser=Firefox
Testing: csp_id=585, page_id=26900, browser=Firefox
Testing: csp_id=585, page_id=27000, browser=Firefox
Testing: csp_id=585, page_id=27100, browser=Firefox
Testing: csp_id=585, page_id=27200, browser=Firefox
Testing: csp_id=585, page_id=27300, browser=Firefox
Testing: csp_id=585, page_id=27400, browser=Firefox
Testing: csp_id=585, page_id=27500, browser=Firefox
Testing: csp_id=585, page_id=27600, browser=Firefox
Testing: csp_id=585, page_id=27700, browser=Firefox
Testing: csp_id=585, page_id=27800, browser=Firefox
Testing: csp_id=585, page_id=27900, browser=Firefox
Testing: csp_id=585, page_id=28000, browser=Firefox
Testing: csp_id=585, page_id=28100, browser=Firefox
Testing: csp_id=585, page_id=28200, browser=Firefox
Testing: csp_id=585, page_id=28300, browser=Firefox
Testing: csp_id=585, page_id=28400, browser=Firefox
Testing: csp_id=585, page_id=28500, browser=Firefox
Testing: csp_id=585, page_id=28600, browser=Firefox
Testing: csp_id=585, page_id=28700, browser=Firefox
Testing: csp_id=585, page_id=28800, browser=Firefox
Testing: csp_id=585, page_id=28900, browser=Firefox
Testing: csp_id=585, page_id=29000, browser=Firefox
Testing: csp_id=585, page_id=29100, browser=Firefox
Testing: csp_id=585, page_id=29200, browser=Firefox
Testing: csp_id=585, page_id=29300, browser=Firefox
Testing: csp_id=585, page_id=29400, browser=Firefox
Testing: csp_id=585, page_id=29500, browser=Firefox
Testing: csp_id=585, page_id=29600, browser=Firefox
Testing: csp_id=585, page_id=29700, browser=Firefox
Testing: csp_id=585, page_id=29800, browser=Firefox
🏊 create_context_pools[first] (5x16): 30.136s
Testing: csp_id=595, page_id=0, browser=Firefox
Testing: csp_id=595, page_id=100, browser=Firefox
Testing: csp_id=595, page_id=200, browser=Firefox
Testing: csp_id=595, page_id=300, browser=Firefox
Testing: csp_id=595, page_id=400, browser=Firefox
Testing: csp_id=595, page_id=500, browser=Firefox
Testing: csp_id=595, page_id=600, browser=Firefox
Testing: csp_id=595, page_id=700, browser=Firefox
Testing: csp_id=595, page_id=800, browser=Firefox
Testing: csp_id=595, page_id=900, browser=Firefox
Testing: csp_id=595, page_id=1000, browser=Firefox
Testing: csp_id=595, page_id=1100, browser=Firefox
Testing: csp_id=595, page_id=1200, browser=Firefox
Testing: csp_id=595, page_id=1300, browser=Firefox
Testing: csp_id=595, page_id=1400, browser=Firefox
Testing: csp_id=595, page_id=1500, browser=Firefox
Testing: csp_id=595, page_id=1600, browser=Firefox
Testing: csp_id=595, page_id=1700, browser=Firefox
Testing: csp_id=595, page_id=1800, browser=Firefox
Testing: csp_id=595, page_id=1900, browser=Firefox
Testing: csp_id=595, page_id=2000, browser=Firefox
Testing: csp_id=595, page_id=2100, browser=Firefox
Testing: csp_id=595, page_id=2200, browser=Firefox
Testing: csp_id=595, page_id=2300, browser=Firefox
Testing: csp_id=595, page_id=2400, browser=Firefox
Testing: csp_id=595, page_id=2500, browser=Firefox
Testing: csp_id=595, page_id=2600, browser=Firefox
Testing: csp_id=595, page_id=2700, browser=Firefox
Testing: csp_id=595, page_id=2800, browser=Firefox
Testing: csp_id=595, page_id=2900, browser=Firefox
Testing: csp_id=595, page_id=3000, browser=Firefox
Testing: csp_id=595, page_id=3100, browser=Firefox
Testing: csp_id=595, page_id=3200, browser=Firefox
Testing: csp_id=595, page_id=3300, browser=Firefox
Testing: csp_id=595, page_id=3400, browser=Firefox
Testing: csp_id=595, page_id=3500, browser=Firefox
Testing: csp_id=595, page_id=3600, browser=Firefox
Testing: csp_id=595, page_id=3700, browser=Firefox
Testing: csp_id=595, page_id=3800, browser=Firefox
Testing: csp_id=595, page_id=3900, browser=Firefox
Testing: csp_id=595, page_id=4000, browser=Firefox
Testing: csp_id=595, page_id=4100, browser=Firefox
Testing: csp_id=595, page_id=4200, browser=Firefox
Testing: csp_id=595, page_id=4300, browser=Firefox
Testing: csp_id=595, page_id=4400, browser=Firefox
