=========Notice: Full run mode=========
current_playwright_page_split_num is 1
=======================================
🏊 create_context_pools[first] (5x16): 19.019s
Testing: csp_id=1050, page_id=0, browser=Firefox
Testing: csp_id=1050, page_id=100, browser=Firefox
Testing: csp_id=1050, page_id=200, browser=Firefox
Testing: csp_id=1050, page_id=300, browser=Firefox
Testing: csp_id=1050, page_id=400, browser=Firefox
Testing: csp_id=1050, page_id=500, browser=Firefox
Testing: csp_id=1050, page_id=600, browser=Firefox
Testing: csp_id=1050, page_id=700, browser=Firefox
Testing: csp_id=1050, page_id=800, browser=Firefox
Testing: csp_id=1050, page_id=900, browser=Firefox
Testing: csp_id=1050, page_id=1000, browser=Firefox
Testing: csp_id=1050, page_id=1100, browser=Firefox
Testing: csp_id=1050, page_id=1200, browser=Firefox
Testing: csp_id=1050, page_id=1300, browser=Firefox
Testing: csp_id=1050, page_id=1400, browser=Firefox
Testing: csp_id=1050, page_id=1500, browser=Firefox
Testing: csp_id=1050, page_id=1600, browser=Firefox
Testing: csp_id=1050, page_id=1700, browser=Firefox
Testing: csp_id=1050, page_id=1800, browser=Firefox
Testing: csp_id=1050, page_id=1900, browser=Firefox
Testing: csp_id=1050, page_id=2000, browser=Firefox
Testing: csp_id=1050, page_id=2100, browser=Firefox
Testing: csp_id=1050, page_id=2200, browser=Firefox
Testing: csp_id=1050, page_id=2300, browser=Firefox
Testing: csp_id=1050, page_id=2400, browser=Firefox
Testing: csp_id=1050, page_id=2500, browser=Firefox
Testing: csp_id=1050, page_id=2600, browser=Firefox
Testing: csp_id=1050, page_id=2700, browser=Firefox
Testing: csp_id=1050, page_id=2800, browser=Firefox
Testing: csp_id=1050, page_id=2900, browser=Firefox
Testing: csp_id=1050, page_id=3000, browser=Firefox
Testing: csp_id=1050, page_id=3100, browser=Firefox
Testing: csp_id=1050, page_id=3200, browser=Firefox
Testing: csp_id=1050, page_id=3300, browser=Firefox
Testing: csp_id=1050, page_id=3400, browser=Firefox
Testing: csp_id=1050, page_id=3500, browser=Firefox
Testing: csp_id=1050, page_id=3600, browser=Firefox
Testing: csp_id=1050, page_id=3700, browser=Firefox
Testing: csp_id=1050, page_id=3800, browser=Firefox
Testing: csp_id=1050, page_id=3900, browser=Firefox
Testing: csp_id=1050, page_id=4000, browser=Firefox
Testing: csp_id=1050, page_id=4100, browser=Firefox
Testing: csp_id=1050, page_id=4200, browser=Firefox
Testing: csp_id=1050, page_id=4300, browser=Firefox
Testing: csp_id=1050, page_id=4400, browser=Firefox
Testing: csp_id=1050, page_id=4500, browser=Firefox
Testing: csp_id=1050, page_id=4600, browser=Firefox
Testing: csp_id=1050, page_id=4700, browser=Firefox
Testing: csp_id=1050, page_id=4800, browser=Firefox
Testing: csp_id=1050, page_id=4900, browser=Firefox
Testing: csp_id=1050, page_id=5000, browser=Firefox
Testing: csp_id=1050, page_id=5100, browser=Firefox
Testing: csp_id=1050, page_id=5200, browser=Firefox
Testing: csp_id=1050, page_id=5300, browser=Firefox
Testing: csp_id=1050, page_id=5400, browser=Firefox
Testing: csp_id=1050, page_id=5500, browser=Firefox
Testing: csp_id=1050, page_id=5600, browser=Firefox
Testing: csp_id=1050, page_id=5700, browser=Firefox
Testing: csp_id=1050, page_id=5800, browser=Firefox
Testing: csp_id=1050, page_id=5900, browser=Firefox
Testing: csp_id=1050, page_id=6000, browser=Firefox
Testing: csp_id=1050, page_id=6100, browser=Firefox
Testing: csp_id=1050, page_id=6200, browser=Firefox
Testing: csp_id=1050, page_id=6300, browser=Firefox
Testing: csp_id=1050, page_id=6400, browser=Firefox
Testing: csp_id=1050, page_id=6500, browser=Firefox
Testing: csp_id=1050, page_id=6600, browser=Firefox
Testing: csp_id=1050, page_id=6700, browser=Firefox
Testing: csp_id=1050, page_id=6800, browser=Firefox
Testing: csp_id=1050, page_id=6900, browser=Firefox
Testing: csp_id=1050, page_id=7000, browser=Firefox
Testing: csp_id=1050, page_id=7100, browser=Firefox
Testing: csp_id=1050, page_id=7200, browser=Firefox
Testing: csp_id=1050, page_id=7300, browser=Firefox
Testing: csp_id=1050, page_id=7400, browser=Firefox
Testing: csp_id=1050, page_id=7500, browser=Firefox
Testing: csp_id=1050, page_id=7600, browser=Firefox
Testing: csp_id=1050, page_id=7700, browser=Firefox
Testing: csp_id=1050, page_id=7800, browser=Firefox
Testing: csp_id=1050, page_id=7900, browser=Firefox
Testing: csp_id=1050, page_id=8000, browser=Firefox
Testing: csp_id=1050, page_id=8100, browser=Firefox
Testing: csp_id=1050, page_id=8200, browser=Firefox
Testing: csp_id=1050, page_id=8300, browser=Firefox
Testing: csp_id=1050, page_id=8400, browser=Firefox
Testing: csp_id=1050, page_id=8500, browser=Firefox
Testing: csp_id=1050, page_id=8600, browser=Firefox
Testing: csp_id=1050, page_id=8700, browser=Firefox
Testing: csp_id=1050, page_id=8800, browser=Firefox
Testing: csp_id=1050, page_id=8900, browser=Firefox
Testing: csp_id=1050, page_id=9000, browser=Firefox
Testing: csp_id=1050, page_id=9100, browser=Firefox
Testing: csp_id=1050, page_id=9200, browser=Firefox
Testing: csp_id=1050, page_id=9300, browser=Firefox
Testing: csp_id=1050, page_id=9400, browser=Firefox
Testing: csp_id=1050, page_id=9500, browser=Firefox
Testing: csp_id=1050, page_id=9600, browser=Firefox
Testing: csp_id=1050, page_id=9700, browser=Firefox
Testing: csp_id=1050, page_id=9800, browser=Firefox
Testing: csp_id=1050, page_id=9900, browser=Firefox
Testing: csp_id=1050, page_id=10000, browser=Firefox
Testing: csp_id=1050, page_id=10100, browser=Firefox
Testing: csp_id=1050, page_id=10200, browser=Firefox
Testing: csp_id=1050, page_id=10300, browser=Firefox
Testing: csp_id=1050, page_id=10400, browser=Firefox
Testing: csp_id=1050, page_id=10500, browser=Firefox
Testing: csp_id=1050, page_id=10600, browser=Firefox
Testing: csp_id=1050, page_id=10700, browser=Firefox
Testing: csp_id=1050, page_id=10800, browser=Firefox
Testing: csp_id=1050, page_id=10900, browser=Firefox
Testing: csp_id=1050, page_id=11000, browser=Firefox
Testing: csp_id=1050, page_id=11100, browser=Firefox
Testing: csp_id=1050, page_id=11200, browser=Firefox
Testing: csp_id=1050, page_id=11300, browser=Firefox
Testing: csp_id=1050, page_id=11400, browser=Firefox
Testing: csp_id=1050, page_id=11500, browser=Firefox
Testing: csp_id=1050, page_id=11600, browser=Firefox
Testing: csp_id=1050, page_id=11700, browser=Firefox
Testing: csp_id=1050, page_id=11800, browser=Firefox
Testing: csp_id=1050, page_id=11900, browser=Firefox
Testing: csp_id=1050, page_id=12000, browser=Firefox
Testing: csp_id=1050, page_id=12100, browser=Firefox
Testing: csp_id=1050, page_id=12200, browser=Firefox
Testing: csp_id=1050, page_id=12300, browser=Firefox
Testing: csp_id=1050, page_id=12400, browser=Firefox
Testing: csp_id=1050, page_id=12500, browser=Firefox
Testing: csp_id=1050, page_id=12600, browser=Firefox
Testing: csp_id=1050, page_id=12700, browser=Firefox
Testing: csp_id=1050, page_id=12800, browser=Firefox
Testing: csp_id=1050, page_id=12900, browser=Firefox
Testing: csp_id=1050, page_id=13000, browser=Firefox
Testing: csp_id=1050, page_id=13100, browser=Firefox
Testing: csp_id=1050, page_id=13200, browser=Firefox
Testing: csp_id=1050, page_id=13300, browser=Firefox
Testing: csp_id=1050, page_id=13400, browser=Firefox
Testing: csp_id=1050, page_id=13500, browser=Firefox
Testing: csp_id=1050, page_id=13600, browser=Firefox
Testing: csp_id=1050, page_id=13700, browser=Firefox
Testing: csp_id=1050, page_id=13800, browser=Firefox
Testing: csp_id=1050, page_id=13900, browser=Firefox
Testing: csp_id=1050, page_id=14000, browser=Firefox
Testing: csp_id=1050, page_id=14100, browser=Firefox
Testing: csp_id=1050, page_id=14200, browser=Firefox
Testing: csp_id=1050, page_id=14300, browser=Firefox
Testing: csp_id=1050, page_id=14400, browser=Firefox
Testing: csp_id=1050, page_id=14500, browser=Firefox
Testing: csp_id=1050, page_id=14600, browser=Firefox
Testing: csp_id=1050, page_id=14700, browser=Firefox
Testing: csp_id=1050, page_id=14800, browser=Firefox
Testing: csp_id=1050, page_id=14900, browser=Firefox
Testing: csp_id=1050, page_id=15000, browser=Firefox
Testing: csp_id=1050, page_id=15100, browser=Firefox
Testing: csp_id=1050, page_id=15200, browser=Firefox
Testing: csp_id=1050, page_id=15300, browser=Firefox
Testing: csp_id=1050, page_id=15400, browser=Firefox
Testing: csp_id=1050, page_id=15500, browser=Firefox
Testing: csp_id=1050, page_id=15600, browser=Firefox
Testing: csp_id=1050, page_id=15700, browser=Firefox
Testing: csp_id=1050, page_id=15800, browser=Firefox
Testing: csp_id=1050, page_id=15900, browser=Firefox
Testing: csp_id=1050, page_id=16000, browser=Firefox
Testing: csp_id=1050, page_id=16100, browser=Firefox
Testing: csp_id=1050, page_id=16200, browser=Firefox
Testing: csp_id=1050, page_id=16300, browser=Firefox
Testing: csp_id=1050, page_id=16400, browser=Firefox
Testing: csp_id=1050, page_id=16500, browser=Firefox
Testing: csp_id=1050, page_id=16600, browser=Firefox
Testing: csp_id=1050, page_id=16700, browser=Firefox
Testing: csp_id=1050, page_id=16800, browser=Firefox
Testing: csp_id=1050, page_id=16900, browser=Firefox
Testing: csp_id=1050, page_id=17000, browser=Firefox
Testing: csp_id=1050, page_id=17100, browser=Firefox
Testing: csp_id=1050, page_id=17200, browser=Firefox
Testing: csp_id=1050, page_id=17300, browser=Firefox
Testing: csp_id=1050, page_id=17400, browser=Firefox
Testing: csp_id=1050, page_id=17500, browser=Firefox
Testing: csp_id=1050, page_id=17600, browser=Firefox
Testing: csp_id=1050, page_id=17700, browser=Firefox
Testing: csp_id=1050, page_id=17800, browser=Firefox
Testing: csp_id=1050, page_id=17900, browser=Firefox
Testing: csp_id=1050, page_id=18000, browser=Firefox
Testing: csp_id=1050, page_id=18100, browser=Firefox
Testing: csp_id=1050, page_id=18200, browser=Firefox
Testing: csp_id=1050, page_id=18300, browser=Firefox
Testing: csp_id=1050, page_id=18400, browser=Firefox
Testing: csp_id=1050, page_id=18500, browser=Firefox
Testing: csp_id=1050, page_id=18600, browser=Firefox
Testing: csp_id=1050, page_id=18700, browser=Firefox
Testing: csp_id=1050, page_id=18800, browser=Firefox
Testing: csp_id=1050, page_id=18900, browser=Firefox
Testing: csp_id=1050, page_id=19000, browser=Firefox
Testing: csp_id=1050, page_id=19100, browser=Firefox
Testing: csp_id=1050, page_id=19200, browser=Firefox
Testing: csp_id=1050, page_id=19300, browser=Firefox
Testing: csp_id=1050, page_id=19400, browser=Firefox
Testing: csp_id=1050, page_id=19500, browser=Firefox
Testing: csp_id=1050, page_id=19600, browser=Firefox
Testing: csp_id=1050, page_id=19700, browser=Firefox
Testing: csp_id=1050, page_id=19800, browser=Firefox
Testing: csp_id=1050, page_id=19900, browser=Firefox
Testing: csp_id=1050, page_id=20000, browser=Firefox
Testing: csp_id=1050, page_id=20100, browser=Firefox
Testing: csp_id=1050, page_id=20200, browser=Firefox
Testing: csp_id=1050, page_id=20300, browser=Firefox
Testing: csp_id=1050, page_id=20400, browser=Firefox
Testing: csp_id=1050, page_id=20500, browser=Firefox
Testing: csp_id=1050, page_id=20600, browser=Firefox
Testing: csp_id=1050, page_id=20700, browser=Firefox
Testing: csp_id=1050, page_id=20800, browser=Firefox
Testing: csp_id=1050, page_id=20900, browser=Firefox
Testing: csp_id=1050, page_id=21000, browser=Firefox
Testing: csp_id=1050, page_id=21100, browser=Firefox
Testing: csp_id=1050, page_id=21200, browser=Firefox
Testing: csp_id=1050, page_id=21300, browser=Firefox
Testing: csp_id=1050, page_id=21400, browser=Firefox
Testing: csp_id=1050, page_id=21500, browser=Firefox
Testing: csp_id=1050, page_id=21600, browser=Firefox
Testing: csp_id=1050, page_id=21700, browser=Firefox
Testing: csp_id=1050, page_id=21800, browser=Firefox
Testing: csp_id=1050, page_id=21900, browser=Firefox
Testing: csp_id=1050, page_id=22000, browser=Firefox
Testing: csp_id=1050, page_id=22100, browser=Firefox
Testing: csp_id=1050, page_id=22200, browser=Firefox
Testing: csp_id=1050, page_id=22300, browser=Firefox
Testing: csp_id=1050, page_id=22400, browser=Firefox
Testing: csp_id=1050, page_id=22500, browser=Firefox
Testing: csp_id=1050, page_id=22600, browser=Firefox
Testing: csp_id=1050, page_id=22700, browser=Firefox
Testing: csp_id=1050, page_id=22800, browser=Firefox
Testing: csp_id=1050, page_id=22900, browser=Firefox
Testing: csp_id=1050, page_id=23000, browser=Firefox
Testing: csp_id=1050, page_id=23100, browser=Firefox
Testing: csp_id=1050, page_id=23200, browser=Firefox
Testing: csp_id=1050, page_id=23300, browser=Firefox
Testing: csp_id=1050, page_id=23400, browser=Firefox
Testing: csp_id=1050, page_id=23500, browser=Firefox
Testing: csp_id=1050, page_id=23600, browser=Firefox
Testing: csp_id=1050, page_id=23700, browser=Firefox
Testing: csp_id=1050, page_id=23800, browser=Firefox
Testing: csp_id=1050, page_id=23900, browser=Firefox
Testing: csp_id=1050, page_id=24000, browser=Firefox
Testing: csp_id=1050, page_id=24100, browser=Firefox
Testing: csp_id=1050, page_id=24200, browser=Firefox
Testing: csp_id=1050, page_id=24300, browser=Firefox
Testing: csp_id=1050, page_id=24400, browser=Firefox
Testing: csp_id=1050, page_id=24500, browser=Firefox
Testing: csp_id=1050, page_id=24600, browser=Firefox
Testing: csp_id=1050, page_id=24700, browser=Firefox
Testing: csp_id=1050, page_id=24800, browser=Firefox
Testing: csp_id=1050, page_id=24900, browser=Firefox
Testing: csp_id=1050, page_id=25000, browser=Firefox
Testing: csp_id=1050, page_id=25100, browser=Firefox
Testing: csp_id=1050, page_id=25200, browser=Firefox
Testing: csp_id=1050, page_id=25300, browser=Firefox
Testing: csp_id=1050, page_id=25400, browser=Firefox
Testing: csp_id=1050, page_id=25500, browser=Firefox
Testing: csp_id=1050, page_id=25600, browser=Firefox
Testing: csp_id=1050, page_id=25700, browser=Firefox
Testing: csp_id=1050, page_id=25800, browser=Firefox
Testing: csp_id=1050, page_id=25900, browser=Firefox
Testing: csp_id=1050, page_id=26000, browser=Firefox
Testing: csp_id=1050, page_id=26100, browser=Firefox
Testing: csp_id=1050, page_id=26200, browser=Firefox
Testing: csp_id=1050, page_id=26300, browser=Firefox
Testing: csp_id=1050, page_id=26400, browser=Firefox
Testing: csp_id=1050, page_id=26500, browser=Firefox
Testing: csp_id=1050, page_id=26600, browser=Firefox
Testing: csp_id=1050, page_id=26700, browser=Firefox
Testing: csp_id=1050, page_id=26800, browser=Firefox
Testing: csp_id=1050, page_id=26900, browser=Firefox
Testing: csp_id=1050, page_id=27000, browser=Firefox
Testing: csp_id=1050, page_id=27100, browser=Firefox
Testing: csp_id=1050, page_id=27200, browser=Firefox
Testing: csp_id=1050, page_id=27300, browser=Firefox
Testing: csp_id=1050, page_id=27400, browser=Firefox
Testing: csp_id=1050, page_id=27500, browser=Firefox
Testing: csp_id=1050, page_id=27600, browser=Firefox
Testing: csp_id=1050, page_id=27700, browser=Firefox
Testing: csp_id=1050, page_id=27800, browser=Firefox
Testing: csp_id=1050, page_id=27900, browser=Firefox
Testing: csp_id=1050, page_id=28000, browser=Firefox
Testing: csp_id=1050, page_id=28100, browser=Firefox
Testing: csp_id=1050, page_id=28200, browser=Firefox
Testing: csp_id=1050, page_id=28300, browser=Firefox
Testing: csp_id=1050, page_id=28400, browser=Firefox
Testing: csp_id=1050, page_id=28500, browser=Firefox
Testing: csp_id=1050, page_id=28600, browser=Firefox
Testing: csp_id=1050, page_id=28700, browser=Firefox
Testing: csp_id=1050, page_id=28800, browser=Firefox
Testing: csp_id=1050, page_id=28900, browser=Firefox
Testing: csp_id=1050, page_id=29000, browser=Firefox
Testing: csp_id=1050, page_id=29100, browser=Firefox
Testing: csp_id=1050, page_id=29200, browser=Firefox
Testing: csp_id=1050, page_id=29300, browser=Firefox
Testing: csp_id=1050, page_id=29400, browser=Firefox
Testing: csp_id=1050, page_id=29500, browser=Firefox
Testing: csp_id=1050, page_id=29600, browser=Firefox
Testing: csp_id=1050, page_id=29700, browser=Firefox
Testing: csp_id=1050, page_id=29800, browser=Firefox
🏊 create_context_pools[first] (5x16): 27.343s
Testing: csp_id=1062, page_id=0, browser=Firefox
Testing: csp_id=1062, page_id=100, browser=Firefox
Testing: csp_id=1062, page_id=200, browser=Firefox
Testing: csp_id=1062, page_id=300, browser=Firefox
Testing: csp_id=1062, page_id=400, browser=Firefox
Testing: csp_id=1062, page_id=500, browser=Firefox
Testing: csp_id=1062, page_id=600, browser=Firefox
Testing: csp_id=1062, page_id=700, browser=Firefox
Testing: csp_id=1062, page_id=800, browser=Firefox
Testing: csp_id=1062, page_id=900, browser=Firefox
Testing: csp_id=1062, page_id=1000, browser=Firefox
Testing: csp_id=1062, page_id=1100, browser=Firefox
Testing: csp_id=1062, page_id=1200, browser=Firefox
Testing: csp_id=1062, page_id=1300, browser=Firefox
Testing: csp_id=1062, page_id=1400, browser=Firefox
Testing: csp_id=1062, page_id=1500, browser=Firefox
Testing: csp_id=1062, page_id=1600, browser=Firefox
Testing: csp_id=1062, page_id=1700, browser=Firefox
Testing: csp_id=1062, page_id=1800, browser=Firefox
Testing: csp_id=1062, page_id=1900, browser=Firefox
Testing: csp_id=1062, page_id=2000, browser=Firefox
Testing: csp_id=1062, page_id=2100, browser=Firefox
Testing: csp_id=1062, page_id=2200, browser=Firefox
Testing: csp_id=1062, page_id=2300, browser=Firefox
Testing: csp_id=1062, page_id=2400, browser=Firefox
Testing: csp_id=1062, page_id=2500, browser=Firefox
Testing: csp_id=1062, page_id=2600, browser=Firefox
Testing: csp_id=1062, page_id=2700, browser=Firefox
Testing: csp_id=1062, page_id=2800, browser=Firefox
Testing: csp_id=1062, page_id=2900, browser=Firefox
Testing: csp_id=1062, page_id=3000, browser=Firefox
Testing: csp_id=1062, page_id=3100, browser=Firefox
Testing: csp_id=1062, page_id=3200, browser=Firefox
Testing: csp_id=1062, page_id=3300, browser=Firefox
Testing: csp_id=1062, page_id=3400, browser=Firefox
Testing: csp_id=1062, page_id=3500, browser=Firefox
Testing: csp_id=1062, page_id=3600, browser=Firefox
Testing: csp_id=1062, page_id=3700, browser=Firefox
Testing: csp_id=1062, page_id=3800, browser=Firefox
Testing: csp_id=1062, page_id=3900, browser=Firefox
Testing: csp_id=1062, page_id=4000, browser=Firefox
Testing: csp_id=1062, page_id=4100, browser=Firefox
Testing: csp_id=1062, page_id=4200, browser=Firefox
Testing: csp_id=1062, page_id=4300, browser=Firefox
Testing: csp_id=1062, page_id=4400, browser=Firefox
Testing: csp_id=1062, page_id=4500, browser=Firefox
Testing: csp_id=1062, page_id=4600, browser=Firefox
Testing: csp_id=1062, page_id=4700, browser=Firefox
Testing: csp_id=1062, page_id=4800, browser=Firefox
Testing: csp_id=1062, page_id=4900, browser=Firefox
Testing: csp_id=1062, page_id=5000, browser=Firefox
Testing: csp_id=1062, page_id=5100, browser=Firefox
Testing: csp_id=1062, page_id=5200, browser=Firefox
Testing: csp_id=1062, page_id=5300, browser=Firefox
Testing: csp_id=1062, page_id=5400, browser=Firefox
Testing: csp_id=1062, page_id=5500, browser=Firefox
Testing: csp_id=1062, page_id=5600, browser=Firefox
Testing: csp_id=1062, page_id=5700, browser=Firefox
Testing: csp_id=1062, page_id=5800, browser=Firefox
Testing: csp_id=1062, page_id=5900, browser=Firefox
Testing: csp_id=1062, page_id=6000, browser=Firefox
Testing: csp_id=1062, page_id=6100, browser=Firefox
Testing: csp_id=1062, page_id=6200, browser=Firefox
Testing: csp_id=1062, page_id=6300, browser=Firefox
Testing: csp_id=1062, page_id=6400, browser=Firefox
Testing: csp_id=1062, page_id=6500, browser=Firefox
Testing: csp_id=1062, page_id=6600, browser=Firefox
Testing: csp_id=1062, page_id=6700, browser=Firefox
Testing: csp_id=1062, page_id=6800, browser=Firefox
Testing: csp_id=1062, page_id=6900, browser=Firefox
Testing: csp_id=1062, page_id=7000, browser=Firefox
Testing: csp_id=1062, page_id=7100, browser=Firefox
Testing: csp_id=1062, page_id=7200, browser=Firefox
Testing: csp_id=1062, page_id=7300, browser=Firefox
Testing: csp_id=1062, page_id=7400, browser=Firefox
Testing: csp_id=1062, page_id=7500, browser=Firefox
Testing: csp_id=1062, page_id=7600, browser=Firefox
Testing: csp_id=1062, page_id=7700, browser=Firefox
Testing: csp_id=1062, page_id=7800, browser=Firefox
Testing: csp_id=1062, page_id=7900, browser=Firefox
Testing: csp_id=1062, page_id=8000, browser=Firefox
Testing: csp_id=1062, page_id=8100, browser=Firefox
Testing: csp_id=1062, page_id=8200, browser=Firefox
Testing: csp_id=1062, page_id=8300, browser=Firefox
Testing: csp_id=1062, page_id=8400, browser=Firefox
Testing: csp_id=1062, page_id=8500, browser=Firefox
Testing: csp_id=1062, page_id=8600, browser=Firefox
Testing: csp_id=1062, page_id=8700, browser=Firefox
Testing: csp_id=1062, page_id=8800, browser=Firefox
Testing: csp_id=1062, page_id=8900, browser=Firefox
Testing: csp_id=1062, page_id=9000, browser=Firefox
Testing: csp_id=1062, page_id=9100, browser=Firefox
Testing: csp_id=1062, page_id=9200, browser=Firefox
Testing: csp_id=1062, page_id=9300, browser=Firefox
Testing: csp_id=1062, page_id=9400, browser=Firefox
Testing: csp_id=1062, page_id=9500, browser=Firefox
Testing: csp_id=1062, page_id=9600, browser=Firefox
Testing: csp_id=1062, page_id=9700, browser=Firefox
Testing: csp_id=1062, page_id=9800, browser=Firefox
Testing: csp_id=1062, page_id=9900, browser=Firefox
Testing: csp_id=1062, page_id=10000, browser=Firefox
Testing: csp_id=1062, page_id=10100, browser=Firefox
Testing: csp_id=1062, page_id=10200, browser=Firefox
Testing: csp_id=1062, page_id=10300, browser=Firefox
Testing: csp_id=1062, page_id=10400, browser=Firefox
Testing: csp_id=1062, page_id=10500, browser=Firefox
Testing: csp_id=1062, page_id=10600, browser=Firefox
Testing: csp_id=1062, page_id=10700, browser=Firefox
Testing: csp_id=1062, page_id=10800, browser=Firefox
Testing: csp_id=1062, page_id=10900, browser=Firefox
Testing: csp_id=1062, page_id=11000, browser=Firefox
Testing: csp_id=1062, page_id=11100, browser=Firefox
Testing: csp_id=1062, page_id=11200, browser=Firefox
Testing: csp_id=1062, page_id=11300, browser=Firefox
Testing: csp_id=1062, page_id=11400, browser=Firefox
Testing: csp_id=1062, page_id=11500, browser=Firefox
Testing: csp_id=1062, page_id=11600, browser=Firefox
Testing: csp_id=1062, page_id=11700, browser=Firefox
Testing: csp_id=1062, page_id=11800, browser=Firefox
Testing: csp_id=1062, page_id=11900, browser=Firefox
Testing: csp_id=1062, page_id=12000, browser=Firefox
Testing: csp_id=1062, page_id=12100, browser=Firefox
Testing: csp_id=1062, page_id=12200, browser=Firefox
Testing: csp_id=1062, page_id=12300, browser=Firefox
Testing: csp_id=1062, page_id=12400, browser=Firefox
Testing: csp_id=1062, page_id=12500, browser=Firefox
Testing: csp_id=1062, page_id=12600, browser=Firefox
Testing: csp_id=1062, page_id=12700, browser=Firefox
Testing: csp_id=1062, page_id=12800, browser=Firefox
Testing: csp_id=1062, page_id=12900, browser=Firefox
Testing: csp_id=1062, page_id=13000, browser=Firefox
Testing: csp_id=1062, page_id=13100, browser=Firefox
Testing: csp_id=1062, page_id=13200, browser=Firefox
Testing: csp_id=1062, page_id=13300, browser=Firefox
Testing: csp_id=1062, page_id=13400, browser=Firefox
Testing: csp_id=1062, page_id=13500, browser=Firefox
Testing: csp_id=1062, page_id=13600, browser=Firefox
Testing: csp_id=1062, page_id=13700, browser=Firefox
Testing: csp_id=1062, page_id=13800, browser=Firefox
Testing: csp_id=1062, page_id=13900, browser=Firefox
Testing: csp_id=1062, page_id=14000, browser=Firefox
Testing: csp_id=1062, page_id=14100, browser=Firefox
Testing: csp_id=1062, page_id=14200, browser=Firefox
Testing: csp_id=1062, page_id=14300, browser=Firefox
Testing: csp_id=1062, page_id=14400, browser=Firefox
Testing: csp_id=1062, page_id=14500, browser=Firefox
Testing: csp_id=1062, page_id=14600, browser=Firefox
Testing: csp_id=1062, page_id=14700, browser=Firefox
Testing: csp_id=1062, page_id=14800, browser=Firefox
Testing: csp_id=1062, page_id=14900, browser=Firefox
Testing: csp_id=1062, page_id=15000, browser=Firefox
Testing: csp_id=1062, page_id=15100, browser=Firefox
Testing: csp_id=1062, page_id=15200, browser=Firefox
Testing: csp_id=1062, page_id=15300, browser=Firefox
Testing: csp_id=1062, page_id=15400, browser=Firefox
Testing: csp_id=1062, page_id=15500, browser=Firefox
Testing: csp_id=1062, page_id=15600, browser=Firefox
Testing: csp_id=1062, page_id=15700, browser=Firefox
Testing: csp_id=1062, page_id=15800, browser=Firefox
Testing: csp_id=1062, page_id=15900, browser=Firefox
Testing: csp_id=1062, page_id=16000, browser=Firefox
Testing: csp_id=1062, page_id=16100, browser=Firefox
Testing: csp_id=1062, page_id=16200, browser=Firefox
Testing: csp_id=1062, page_id=16300, browser=Firefox
Testing: csp_id=1062, page_id=16400, browser=Firefox
Testing: csp_id=1062, page_id=16500, browser=Firefox
Testing: csp_id=1062, page_id=16600, browser=Firefox
Testing: csp_id=1062, page_id=16700, browser=Firefox
Testing: csp_id=1062, page_id=16800, browser=Firefox
Testing: csp_id=1062, page_id=16900, browser=Firefox
Testing: csp_id=1062, page_id=17000, browser=Firefox
Testing: csp_id=1062, page_id=17100, browser=Firefox
Testing: csp_id=1062, page_id=17200, browser=Firefox
Testing: csp_id=1062, page_id=17300, browser=Firefox
Testing: csp_id=1062, page_id=17400, browser=Firefox
Testing: csp_id=1062, page_id=17500, browser=Firefox
Testing: csp_id=1062, page_id=17600, browser=Firefox
Testing: csp_id=1062, page_id=17700, browser=Firefox
Testing: csp_id=1062, page_id=17800, browser=Firefox
Testing: csp_id=1062, page_id=17900, browser=Firefox
Testing: csp_id=1062, page_id=18000, browser=Firefox
Testing: csp_id=1062, page_id=18100, browser=Firefox
Testing: csp_id=1062, page_id=18200, browser=Firefox
Testing: csp_id=1062, page_id=18300, browser=Firefox
Testing: csp_id=1062, page_id=18400, browser=Firefox
Testing: csp_id=1062, page_id=18500, browser=Firefox
Testing: csp_id=1062, page_id=18600, browser=Firefox
Testing: csp_id=1062, page_id=18700, browser=Firefox
Testing: csp_id=1062, page_id=18800, browser=Firefox
Testing: csp_id=1062, page_id=18900, browser=Firefox
Testing: csp_id=1062, page_id=19000, browser=Firefox
Testing: csp_id=1062, page_id=19100, browser=Firefox
Testing: csp_id=1062, page_id=19200, browser=Firefox
Testing: csp_id=1062, page_id=19300, browser=Firefox
Testing: csp_id=1062, page_id=19400, browser=Firefox
Testing: csp_id=1062, page_id=19500, browser=Firefox
Testing: csp_id=1062, page_id=19600, browser=Firefox
Testing: csp_id=1062, page_id=19700, browser=Firefox
Testing: csp_id=1062, page_id=19800, browser=Firefox
Testing: csp_id=1062, page_id=19900, browser=Firefox
Testing: csp_id=1062, page_id=20000, browser=Firefox
Testing: csp_id=1062, page_id=20100, browser=Firefox
Testing: csp_id=1062, page_id=20200, browser=Firefox
Testing: csp_id=1062, page_id=20300, browser=Firefox
Testing: csp_id=1062, page_id=20400, browser=Firefox
Testing: csp_id=1062, page_id=20500, browser=Firefox
Testing: csp_id=1062, page_id=20600, browser=Firefox
Testing: csp_id=1062, page_id=20700, browser=Firefox
Testing: csp_id=1062, page_id=20800, browser=Firefox
Testing: csp_id=1062, page_id=20900, browser=Firefox
Testing: csp_id=1062, page_id=21000, browser=Firefox
Testing: csp_id=1062, page_id=21100, browser=Firefox
Testing: csp_id=1062, page_id=21200, browser=Firefox
Testing: csp_id=1062, page_id=21300, browser=Firefox
Testing: csp_id=1062, page_id=21400, browser=Firefox
Testing: csp_id=1062, page_id=21500, browser=Firefox
Testing: csp_id=1062, page_id=21600, browser=Firefox
Testing: csp_id=1062, page_id=21700, browser=Firefox
Testing: csp_id=1062, page_id=21800, browser=Firefox
Testing: csp_id=1062, page_id=21900, browser=Firefox
Testing: csp_id=1062, page_id=22000, browser=Firefox
Testing: csp_id=1062, page_id=22100, browser=Firefox
Testing: csp_id=1062, page_id=22200, browser=Firefox
Testing: csp_id=1062, page_id=22300, browser=Firefox
Testing: csp_id=1062, page_id=22400, browser=Firefox
Testing: csp_id=1062, page_id=22500, browser=Firefox
Testing: csp_id=1062, page_id=22600, browser=Firefox
Testing: csp_id=1062, page_id=22700, browser=Firefox
Testing: csp_id=1062, page_id=22800, browser=Firefox
Testing: csp_id=1062, page_id=22900, browser=Firefox
Testing: csp_id=1062, page_id=23000, browser=Firefox
Testing: csp_id=1062, page_id=23100, browser=Firefox
Testing: csp_id=1062, page_id=23200, browser=Firefox
Testing: csp_id=1062, page_id=23300, browser=Firefox
Testing: csp_id=1062, page_id=23400, browser=Firefox
Testing: csp_id=1062, page_id=23500, browser=Firefox
Testing: csp_id=1062, page_id=23600, browser=Firefox
Testing: csp_id=1062, page_id=23700, browser=Firefox
Testing: csp_id=1062, page_id=23800, browser=Firefox
Testing: csp_id=1062, page_id=23900, browser=Firefox
Testing: csp_id=1062, page_id=24000, browser=Firefox
Testing: csp_id=1062, page_id=24100, browser=Firefox
Testing: csp_id=1062, page_id=24200, browser=Firefox
Testing: csp_id=1062, page_id=24300, browser=Firefox
Testing: csp_id=1062, page_id=24400, browser=Firefox
Testing: csp_id=1062, page_id=24500, browser=Firefox
Testing: csp_id=1062, page_id=24600, browser=Firefox
Testing: csp_id=1062, page_id=24700, browser=Firefox
Testing: csp_id=1062, page_id=24800, browser=Firefox
Testing: csp_id=1062, page_id=24900, browser=Firefox
Testing: csp_id=1062, page_id=25000, browser=Firefox
Testing: csp_id=1062, page_id=25100, browser=Firefox
Testing: csp_id=1062, page_id=25200, browser=Firefox
Testing: csp_id=1062, page_id=25300, browser=Firefox
Testing: csp_id=1062, page_id=25400, browser=Firefox
Testing: csp_id=1062, page_id=25500, browser=Firefox
Testing: csp_id=1062, page_id=25600, browser=Firefox
Testing: csp_id=1062, page_id=25700, browser=Firefox
Testing: csp_id=1062, page_id=25800, browser=Firefox
Testing: csp_id=1062, page_id=25900, browser=Firefox
Testing: csp_id=1062, page_id=26000, browser=Firefox
Testing: csp_id=1062, page_id=26100, browser=Firefox
Testing: csp_id=1062, page_id=26200, browser=Firefox
Testing: csp_id=1062, page_id=26300, browser=Firefox
Testing: csp_id=1062, page_id=26400, browser=Firefox
Testing: csp_id=1062, page_id=26500, browser=Firefox
Testing: csp_id=1062, page_id=26600, browser=Firefox
Testing: csp_id=1062, page_id=26700, browser=Firefox
Testing: csp_id=1062, page_id=26800, browser=Firefox
Testing: csp_id=1062, page_id=26900, browser=Firefox
Testing: csp_id=1062, page_id=27000, browser=Firefox
Testing: csp_id=1062, page_id=27100, browser=Firefox
Testing: csp_id=1062, page_id=27200, browser=Firefox
Testing: csp_id=1062, page_id=27300, browser=Firefox
Testing: csp_id=1062, page_id=27400, browser=Firefox
Testing: csp_id=1062, page_id=27500, browser=Firefox
Testing: csp_id=1062, page_id=27600, browser=Firefox
Testing: csp_id=1062, page_id=27700, browser=Firefox
Testing: csp_id=1062, page_id=27800, browser=Firefox
Testing: csp_id=1062, page_id=27900, browser=Firefox
Testing: csp_id=1062, page_id=28000, browser=Firefox
Testing: csp_id=1062, page_id=28100, browser=Firefox
Testing: csp_id=1062, page_id=28200, browser=Firefox
Testing: csp_id=1062, page_id=28300, browser=Firefox
Testing: csp_id=1062, page_id=28400, browser=Firefox
Testing: csp_id=1062, page_id=28500, browser=Firefox
Testing: csp_id=1062, page_id=28600, browser=Firefox
Testing: csp_id=1062, page_id=28700, browser=Firefox
Testing: csp_id=1062, page_id=28800, browser=Firefox
Testing: csp_id=1062, page_id=28900, browser=Firefox
Testing: csp_id=1062, page_id=29000, browser=Firefox
Testing: csp_id=1062, page_id=29100, browser=Firefox
Testing: csp_id=1062, page_id=29200, browser=Firefox
Testing: csp_id=1062, page_id=29300, browser=Firefox
Testing: csp_id=1062, page_id=29400, browser=Firefox
Testing: csp_id=1062, page_id=29500, browser=Firefox
Testing: csp_id=1062, page_id=29600, browser=Firefox
Testing: csp_id=1062, page_id=29700, browser=Firefox
Testing: csp_id=1062, page_id=29800, browser=Firefox
🏊 create_context_pools[first] (5x16): 26.527s
Testing: csp_id=1075, page_id=0, browser=Firefox
Testing: csp_id=1075, page_id=100, browser=Firefox
Testing: csp_id=1075, page_id=200, browser=Firefox
Testing: csp_id=1075, page_id=300, browser=Firefox
Testing: csp_id=1075, page_id=400, browser=Firefox
Testing: csp_id=1075, page_id=500, browser=Firefox
Testing: csp_id=1075, page_id=600, browser=Firefox
Testing: csp_id=1075, page_id=700, browser=Firefox
Testing: csp_id=1075, page_id=800, browser=Firefox
Testing: csp_id=1075, page_id=900, browser=Firefox
Testing: csp_id=1075, page_id=1000, browser=Firefox
Testing: csp_id=1075, page_id=1100, browser=Firefox
Testing: csp_id=1075, page_id=1200, browser=Firefox
Testing: csp_id=1075, page_id=1300, browser=Firefox
Testing: csp_id=1075, page_id=1400, browser=Firefox
Testing: csp_id=1075, page_id=1500, browser=Firefox
Testing: csp_id=1075, page_id=1600, browser=Firefox
Testing: csp_id=1075, page_id=1700, browser=Firefox
Testing: csp_id=1075, page_id=1800, browser=Firefox
Testing: csp_id=1075, page_id=1900, browser=Firefox
Testing: csp_id=1075, page_id=2000, browser=Firefox
Testing: csp_id=1075, page_id=2100, browser=Firefox
Testing: csp_id=1075, page_id=2200, browser=Firefox
Testing: csp_id=1075, page_id=2300, browser=Firefox
Testing: csp_id=1075, page_id=2400, browser=Firefox
Testing: csp_id=1075, page_id=2500, browser=Firefox
Testing: csp_id=1075, page_id=2600, browser=Firefox
Testing: csp_id=1075, page_id=2700, browser=Firefox
Testing: csp_id=1075, page_id=2800, browser=Firefox
Testing: csp_id=1075, page_id=2900, browser=Firefox
Testing: csp_id=1075, page_id=3000, browser=Firefox
Testing: csp_id=1075, page_id=3100, browser=Firefox
Testing: csp_id=1075, page_id=3200, browser=Firefox
Testing: csp_id=1075, page_id=3300, browser=Firefox
Testing: csp_id=1075, page_id=3400, browser=Firefox
Testing: csp_id=1075, page_id=3500, browser=Firefox
Testing: csp_id=1075, page_id=3600, browser=Firefox
Testing: csp_id=1075, page_id=3700, browser=Firefox
Testing: csp_id=1075, page_id=3800, browser=Firefox
Testing: csp_id=1075, page_id=3900, browser=Firefox
Testing: csp_id=1075, page_id=4000, browser=Firefox
Testing: csp_id=1075, page_id=4100, browser=Firefox
Testing: csp_id=1075, page_id=4200, browser=Firefox
Testing: csp_id=1075, page_id=4300, browser=Firefox
Testing: csp_id=1075, page_id=4400, browser=Firefox
Testing: csp_id=1075, page_id=4500, browser=Firefox
Testing: csp_id=1075, page_id=4600, browser=Firefox
Testing: csp_id=1075, page_id=4700, browser=Firefox
Testing: csp_id=1075, page_id=4800, browser=Firefox
Testing: csp_id=1075, page_id=4900, browser=Firefox
Testing: csp_id=1075, page_id=5000, browser=Firefox
Testing: csp_id=1075, page_id=5100, browser=Firefox
Testing: csp_id=1075, page_id=5200, browser=Firefox
Testing: csp_id=1075, page_id=5300, browser=Firefox
Testing: csp_id=1075, page_id=5400, browser=Firefox
Testing: csp_id=1075, page_id=5500, browser=Firefox
Testing: csp_id=1075, page_id=5600, browser=Firefox
Testing: csp_id=1075, page_id=5700, browser=Firefox
Testing: csp_id=1075, page_id=5800, browser=Firefox
Testing: csp_id=1075, page_id=5900, browser=Firefox
Testing: csp_id=1075, page_id=6000, browser=Firefox
Testing: csp_id=1075, page_id=6100, browser=Firefox
Testing: csp_id=1075, page_id=6200, browser=Firefox
Testing: csp_id=1075, page_id=6300, browser=Firefox
Testing: csp_id=1075, page_id=6400, browser=Firefox
Testing: csp_id=1075, page_id=6500, browser=Firefox
Testing: csp_id=1075, page_id=6600, browser=Firefox
Testing: csp_id=1075, page_id=6700, browser=Firefox
Testing: csp_id=1075, page_id=6800, browser=Firefox
Testing: csp_id=1075, page_id=6900, browser=Firefox
Testing: csp_id=1075, page_id=7000, browser=Firefox
Testing: csp_id=1075, page_id=7100, browser=Firefox
Testing: csp_id=1075, page_id=7200, browser=Firefox
Testing: csp_id=1075, page_id=7300, browser=Firefox
Testing: csp_id=1075, page_id=7400, browser=Firefox
Testing: csp_id=1075, page_id=7500, browser=Firefox
Testing: csp_id=1075, page_id=7600, browser=Firefox
Testing: csp_id=1075, page_id=7700, browser=Firefox
Testing: csp_id=1075, page_id=7800, browser=Firefox
Testing: csp_id=1075, page_id=7900, browser=Firefox
Testing: csp_id=1075, page_id=8000, browser=Firefox
Testing: csp_id=1075, page_id=8100, browser=Firefox
Testing: csp_id=1075, page_id=8200, browser=Firefox
Testing: csp_id=1075, page_id=8300, browser=Firefox
Testing: csp_id=1075, page_id=8400, browser=Firefox
Testing: csp_id=1075, page_id=8500, browser=Firefox
Testing: csp_id=1075, page_id=8600, browser=Firefox
Testing: csp_id=1075, page_id=8700, browser=Firefox
Testing: csp_id=1075, page_id=8800, browser=Firefox
Testing: csp_id=1075, page_id=8900, browser=Firefox
Testing: csp_id=1075, page_id=9000, browser=Firefox
Testing: csp_id=1075, page_id=9100, browser=Firefox
Testing: csp_id=1075, page_id=9200, browser=Firefox
Testing: csp_id=1075, page_id=9300, browser=Firefox
Testing: csp_id=1075, page_id=9400, browser=Firefox
Testing: csp_id=1075, page_id=9500, browser=Firefox
Testing: csp_id=1075, page_id=9600, browser=Firefox
Testing: csp_id=1075, page_id=9700, browser=Firefox
Testing: csp_id=1075, page_id=9800, browser=Firefox
Testing: csp_id=1075, page_id=9900, browser=Firefox
Testing: csp_id=1075, page_id=10000, browser=Firefox
Testing: csp_id=1075, page_id=10100, browser=Firefox
Testing: csp_id=1075, page_id=10200, browser=Firefox
Testing: csp_id=1075, page_id=10300, browser=Firefox
Testing: csp_id=1075, page_id=10400, browser=Firefox
Testing: csp_id=1075, page_id=10500, browser=Firefox
Testing: csp_id=1075, page_id=10600, browser=Firefox
Testing: csp_id=1075, page_id=10700, browser=Firefox
Testing: csp_id=1075, page_id=10800, browser=Firefox
Testing: csp_id=1075, page_id=10900, browser=Firefox
Testing: csp_id=1075, page_id=11000, browser=Firefox
Testing: csp_id=1075, page_id=11100, browser=Firefox
Testing: csp_id=1075, page_id=11200, browser=Firefox
Testing: csp_id=1075, page_id=11300, browser=Firefox
Testing: csp_id=1075, page_id=11400, browser=Firefox
Testing: csp_id=1075, page_id=11500, browser=Firefox
Testing: csp_id=1075, page_id=11600, browser=Firefox
Testing: csp_id=1075, page_id=11700, browser=Firefox
Testing: csp_id=1075, page_id=11800, browser=Firefox
Testing: csp_id=1075, page_id=11900, browser=Firefox
Testing: csp_id=1075, page_id=12000, browser=Firefox
Testing: csp_id=1075, page_id=12100, browser=Firefox
Testing: csp_id=1075, page_id=12200, browser=Firefox
Testing: csp_id=1075, page_id=12300, browser=Firefox
Testing: csp_id=1075, page_id=12400, browser=Firefox
Testing: csp_id=1075, page_id=12500, browser=Firefox
Testing: csp_id=1075, page_id=12600, browser=Firefox
Testing: csp_id=1075, page_id=12700, browser=Firefox
Testing: csp_id=1075, page_id=12800, browser=Firefox
Testing: csp_id=1075, page_id=12900, browser=Firefox
Testing: csp_id=1075, page_id=13000, browser=Firefox
Testing: csp_id=1075, page_id=13100, browser=Firefox
Testing: csp_id=1075, page_id=13200, browser=Firefox
Testing: csp_id=1075, page_id=13300, browser=Firefox
Testing: csp_id=1075, page_id=13400, browser=Firefox
Testing: csp_id=1075, page_id=13500, browser=Firefox
Testing: csp_id=1075, page_id=13600, browser=Firefox
Testing: csp_id=1075, page_id=13700, browser=Firefox
Testing: csp_id=1075, page_id=13800, browser=Firefox
Testing: csp_id=1075, page_id=13900, browser=Firefox
Testing: csp_id=1075, page_id=14000, browser=Firefox
Testing: csp_id=1075, page_id=14100, browser=Firefox
Testing: csp_id=1075, page_id=14200, browser=Firefox
Testing: csp_id=1075, page_id=14300, browser=Firefox
Testing: csp_id=1075, page_id=14400, browser=Firefox
Testing: csp_id=1075, page_id=14500, browser=Firefox
Testing: csp_id=1075, page_id=14600, browser=Firefox
Testing: csp_id=1075, page_id=14700, browser=Firefox
Testing: csp_id=1075, page_id=14800, browser=Firefox
Testing: csp_id=1075, page_id=14900, browser=Firefox
Testing: csp_id=1075, page_id=15000, browser=Firefox
Testing: csp_id=1075, page_id=15100, browser=Firefox
Testing: csp_id=1075, page_id=15200, browser=Firefox
Testing: csp_id=1075, page_id=15300, browser=Firefox
Testing: csp_id=1075, page_id=15400, browser=Firefox
Testing: csp_id=1075, page_id=15500, browser=Firefox
Testing: csp_id=1075, page_id=15600, browser=Firefox
Testing: csp_id=1075, page_id=15700, browser=Firefox
Testing: csp_id=1075, page_id=15800, browser=Firefox
Testing: csp_id=1075, page_id=15900, browser=Firefox
Testing: csp_id=1075, page_id=16000, browser=Firefox
Testing: csp_id=1075, page_id=16100, browser=Firefox
Testing: csp_id=1075, page_id=16200, browser=Firefox
Testing: csp_id=1075, page_id=16300, browser=Firefox
Testing: csp_id=1075, page_id=16400, browser=Firefox
Testing: csp_id=1075, page_id=16500, browser=Firefox
Testing: csp_id=1075, page_id=16600, browser=Firefox
Testing: csp_id=1075, page_id=16700, browser=Firefox
Testing: csp_id=1075, page_id=16800, browser=Firefox
Testing: csp_id=1075, page_id=16900, browser=Firefox
Testing: csp_id=1075, page_id=17000, browser=Firefox
Testing: csp_id=1075, page_id=17100, browser=Firefox
Testing: csp_id=1075, page_id=17200, browser=Firefox
Testing: csp_id=1075, page_id=17300, browser=Firefox
Testing: csp_id=1075, page_id=17400, browser=Firefox
Testing: csp_id=1075, page_id=17500, browser=Firefox
Testing: csp_id=1075, page_id=17600, browser=Firefox
Testing: csp_id=1075, page_id=17700, browser=Firefox
Testing: csp_id=1075, page_id=17800, browser=Firefox
Testing: csp_id=1075, page_id=17900, browser=Firefox
Testing: csp_id=1075, page_id=18000, browser=Firefox
Testing: csp_id=1075, page_id=18100, browser=Firefox
Testing: csp_id=1075, page_id=18200, browser=Firefox
Testing: csp_id=1075, page_id=18300, browser=Firefox
Testing: csp_id=1075, page_id=18400, browser=Firefox
Testing: csp_id=1075, page_id=18500, browser=Firefox
Testing: csp_id=1075, page_id=18600, browser=Firefox
Testing: csp_id=1075, page_id=18700, browser=Firefox
Testing: csp_id=1075, page_id=18800, browser=Firefox
Testing: csp_id=1075, page_id=18900, browser=Firefox
Testing: csp_id=1075, page_id=19000, browser=Firefox
Testing: csp_id=1075, page_id=19100, browser=Firefox
Testing: csp_id=1075, page_id=19200, browser=Firefox
Testing: csp_id=1075, page_id=19300, browser=Firefox
Testing: csp_id=1075, page_id=19400, browser=Firefox
Testing: csp_id=1075, page_id=19500, browser=Firefox
Testing: csp_id=1075, page_id=19600, browser=Firefox
Testing: csp_id=1075, page_id=19700, browser=Firefox
Testing: csp_id=1075, page_id=19800, browser=Firefox
Testing: csp_id=1075, page_id=19900, browser=Firefox
Testing: csp_id=1075, page_id=20000, browser=Firefox
Testing: csp_id=1075, page_id=20100, browser=Firefox
Testing: csp_id=1075, page_id=20200, browser=Firefox
Testing: csp_id=1075, page_id=20300, browser=Firefox
Testing: csp_id=1075, page_id=20400, browser=Firefox
Testing: csp_id=1075, page_id=20500, browser=Firefox
Testing: csp_id=1075, page_id=20600, browser=Firefox
Testing: csp_id=1075, page_id=20700, browser=Firefox
Testing: csp_id=1075, page_id=20800, browser=Firefox
Testing: csp_id=1075, page_id=20900, browser=Firefox
Testing: csp_id=1075, page_id=21000, browser=Firefox
Testing: csp_id=1075, page_id=21100, browser=Firefox
Testing: csp_id=1075, page_id=21200, browser=Firefox
Testing: csp_id=1075, page_id=21300, browser=Firefox
Testing: csp_id=1075, page_id=21400, browser=Firefox
Testing: csp_id=1075, page_id=21500, browser=Firefox
Testing: csp_id=1075, page_id=21600, browser=Firefox
Testing: csp_id=1075, page_id=21700, browser=Firefox
Testing: csp_id=1075, page_id=21800, browser=Firefox
Testing: csp_id=1075, page_id=21900, browser=Firefox
Testing: csp_id=1075, page_id=22000, browser=Firefox
Testing: csp_id=1075, page_id=22100, browser=Firefox
Testing: csp_id=1075, page_id=22200, browser=Firefox
Testing: csp_id=1075, page_id=22300, browser=Firefox
Testing: csp_id=1075, page_id=22400, browser=Firefox
Testing: csp_id=1075, page_id=22500, browser=Firefox
Testing: csp_id=1075, page_id=22600, browser=Firefox
Testing: csp_id=1075, page_id=22700, browser=Firefox
Testing: csp_id=1075, page_id=22800, browser=Firefox
Testing: csp_id=1075, page_id=22900, browser=Firefox
Testing: csp_id=1075, page_id=23000, browser=Firefox
Testing: csp_id=1075, page_id=23100, browser=Firefox
Testing: csp_id=1075, page_id=23200, browser=Firefox
Testing: csp_id=1075, page_id=23300, browser=Firefox
Testing: csp_id=1075, page_id=23400, browser=Firefox
Testing: csp_id=1075, page_id=23500, browser=Firefox
Testing: csp_id=1075, page_id=23600, browser=Firefox
Testing: csp_id=1075, page_id=23700, browser=Firefox
Testing: csp_id=1075, page_id=23800, browser=Firefox
Testing: csp_id=1075, page_id=23900, browser=Firefox
Testing: csp_id=1075, page_id=24000, browser=Firefox
Testing: csp_id=1075, page_id=24100, browser=Firefox
Testing: csp_id=1075, page_id=24200, browser=Firefox
Testing: csp_id=1075, page_id=24300, browser=Firefox
Testing: csp_id=1075, page_id=24400, browser=Firefox
Testing: csp_id=1075, page_id=24500, browser=Firefox
Testing: csp_id=1075, page_id=24600, browser=Firefox
Testing: csp_id=1075, page_id=24700, browser=Firefox
Testing: csp_id=1075, page_id=24800, browser=Firefox
Testing: csp_id=1075, page_id=24900, browser=Firefox
Testing: csp_id=1075, page_id=25000, browser=Firefox
Testing: csp_id=1075, page_id=25100, browser=Firefox
Testing: csp_id=1075, page_id=25200, browser=Firefox
Testing: csp_id=1075, page_id=25300, browser=Firefox
Testing: csp_id=1075, page_id=25400, browser=Firefox
Testing: csp_id=1075, page_id=25500, browser=Firefox
Testing: csp_id=1075, page_id=25600, browser=Firefox
Testing: csp_id=1075, page_id=25700, browser=Firefox
Testing: csp_id=1075, page_id=25800, browser=Firefox
Testing: csp_id=1075, page_id=25900, browser=Firefox
Testing: csp_id=1075, page_id=26000, browser=Firefox
Testing: csp_id=1075, page_id=26100, browser=Firefox
Testing: csp_id=1075, page_id=26200, browser=Firefox
Testing: csp_id=1075, page_id=26300, browser=Firefox
Testing: csp_id=1075, page_id=26400, browser=Firefox
Testing: csp_id=1075, page_id=26500, browser=Firefox
Testing: csp_id=1075, page_id=26600, browser=Firefox
Testing: csp_id=1075, page_id=26700, browser=Firefox
Testing: csp_id=1075, page_id=26800, browser=Firefox
Testing: csp_id=1075, page_id=26900, browser=Firefox
Testing: csp_id=1075, page_id=27000, browser=Firefox
Testing: csp_id=1075, page_id=27100, browser=Firefox
Testing: csp_id=1075, page_id=27200, browser=Firefox
Testing: csp_id=1075, page_id=27300, browser=Firefox
Testing: csp_id=1075, page_id=27400, browser=Firefox
Testing: csp_id=1075, page_id=27500, browser=Firefox
Testing: csp_id=1075, page_id=27600, browser=Firefox
Testing: csp_id=1075, page_id=27700, browser=Firefox
Testing: csp_id=1075, page_id=27800, browser=Firefox
Testing: csp_id=1075, page_id=27900, browser=Firefox
Testing: csp_id=1075, page_id=28000, browser=Firefox
Testing: csp_id=1075, page_id=28100, browser=Firefox
Testing: csp_id=1075, page_id=28200, browser=Firefox
Testing: csp_id=1075, page_id=28300, browser=Firefox
Testing: csp_id=1075, page_id=28400, browser=Firefox
Testing: csp_id=1075, page_id=28500, browser=Firefox
Testing: csp_id=1075, page_id=28600, browser=Firefox
Testing: csp_id=1075, page_id=28700, browser=Firefox
Testing: csp_id=1075, page_id=28800, browser=Firefox
Testing: csp_id=1075, page_id=28900, browser=Firefox
Testing: csp_id=1075, page_id=29000, browser=Firefox
Testing: csp_id=1075, page_id=29100, browser=Firefox
Testing: csp_id=1075, page_id=29200, browser=Firefox
Testing: csp_id=1075, page_id=29300, browser=Firefox
Testing: csp_id=1075, page_id=29400, browser=Firefox
Testing: csp_id=1075, page_id=29500, browser=Firefox
Testing: csp_id=1075, page_id=29600, browser=Firefox
Testing: csp_id=1075, page_id=29700, browser=Firefox
Testing: csp_id=1075, page_id=29800, browser=Firefox
🏊 create_context_pools[first] (5x16): 28.914s
Testing: csp_id=1087, page_id=0, browser=Firefox
Testing: csp_id=1087, page_id=100, browser=Firefox
Testing: csp_id=1087, page_id=200, browser=Firefox
Testing: csp_id=1087, page_id=300, browser=Firefox
Testing: csp_id=1087, page_id=400, browser=Firefox
Testing: csp_id=1087, page_id=500, browser=Firefox
Testing: csp_id=1087, page_id=600, browser=Firefox
Testing: csp_id=1087, page_id=700, browser=Firefox
Testing: csp_id=1087, page_id=800, browser=Firefox
Testing: csp_id=1087, page_id=900, browser=Firefox
Testing: csp_id=1087, page_id=1000, browser=Firefox
Testing: csp_id=1087, page_id=1100, browser=Firefox
Testing: csp_id=1087, page_id=1200, browser=Firefox
Testing: csp_id=1087, page_id=1300, browser=Firefox
Testing: csp_id=1087, page_id=1400, browser=Firefox
Testing: csp_id=1087, page_id=1500, browser=Firefox
Testing: csp_id=1087, page_id=1600, browser=Firefox
Testing: csp_id=1087, page_id=1700, browser=Firefox
Testing: csp_id=1087, page_id=1800, browser=Firefox
Testing: csp_id=1087, page_id=1900, browser=Firefox
Testing: csp_id=1087, page_id=2000, browser=Firefox
Testing: csp_id=1087, page_id=2100, browser=Firefox
Testing: csp_id=1087, page_id=2200, browser=Firefox
Testing: csp_id=1087, page_id=2300, browser=Firefox
Testing: csp_id=1087, page_id=2400, browser=Firefox
Testing: csp_id=1087, page_id=2500, browser=Firefox
Testing: csp_id=1087, page_id=2600, browser=Firefox
Testing: csp_id=1087, page_id=2700, browser=Firefox
Testing: csp_id=1087, page_id=2800, browser=Firefox
Testing: csp_id=1087, page_id=2900, browser=Firefox
Testing: csp_id=1087, page_id=3000, browser=Firefox
Testing: csp_id=1087, page_id=3100, browser=Firefox
Testing: csp_id=1087, page_id=3200, browser=Firefox
Testing: csp_id=1087, page_id=3300, browser=Firefox
Testing: csp_id=1087, page_id=3400, browser=Firefox
Testing: csp_id=1087, page_id=3500, browser=Firefox
Testing: csp_id=1087, page_id=3600, browser=Firefox
Testing: csp_id=1087, page_id=3700, browser=Firefox
Testing: csp_id=1087, page_id=3800, browser=Firefox
Testing: csp_id=1087, page_id=3900, browser=Firefox
Testing: csp_id=1087, page_id=4000, browser=Firefox
Testing: csp_id=1087, page_id=4100, browser=Firefox
Testing: csp_id=1087, page_id=4200, browser=Firefox
Testing: csp_id=1087, page_id=4300, browser=Firefox
Testing: csp_id=1087, page_id=4400, browser=Firefox
Testing: csp_id=1087, page_id=4500, browser=Firefox
Testing: csp_id=1087, page_id=4600, browser=Firefox
Testing: csp_id=1087, page_id=4700, browser=Firefox
Testing: csp_id=1087, page_id=4800, browser=Firefox
Testing: csp_id=1087, page_id=4900, browser=Firefox
Testing: csp_id=1087, page_id=5000, browser=Firefox
Testing: csp_id=1087, page_id=5100, browser=Firefox
Testing: csp_id=1087, page_id=5200, browser=Firefox
Testing: csp_id=1087, page_id=5300, browser=Firefox
Testing: csp_id=1087, page_id=5400, browser=Firefox
Testing: csp_id=1087, page_id=5500, browser=Firefox
Testing: csp_id=1087, page_id=5600, browser=Firefox
Testing: csp_id=1087, page_id=5700, browser=Firefox
Testing: csp_id=1087, page_id=5800, browser=Firefox
Testing: csp_id=1087, page_id=5900, browser=Firefox
Testing: csp_id=1087, page_id=6000, browser=Firefox
Testing: csp_id=1087, page_id=6100, browser=Firefox
Testing: csp_id=1087, page_id=6200, browser=Firefox
Testing: csp_id=1087, page_id=6300, browser=Firefox
Testing: csp_id=1087, page_id=6400, browser=Firefox
Testing: csp_id=1087, page_id=6500, browser=Firefox
Testing: csp_id=1087, page_id=6600, browser=Firefox
Testing: csp_id=1087, page_id=6700, browser=Firefox
Testing: csp_id=1087, page_id=6800, browser=Firefox
Testing: csp_id=1087, page_id=6900, browser=Firefox
Testing: csp_id=1087, page_id=7000, browser=Firefox
Testing: csp_id=1087, page_id=7100, browser=Firefox
Testing: csp_id=1087, page_id=7200, browser=Firefox
Testing: csp_id=1087, page_id=7300, browser=Firefox
Testing: csp_id=1087, page_id=7400, browser=Firefox
Testing: csp_id=1087, page_id=7500, browser=Firefox
Testing: csp_id=1087, page_id=7600, browser=Firefox
Testing: csp_id=1087, page_id=7700, browser=Firefox
Testing: csp_id=1087, page_id=7800, browser=Firefox
Testing: csp_id=1087, page_id=7900, browser=Firefox
Testing: csp_id=1087, page_id=8000, browser=Firefox
Testing: csp_id=1087, page_id=8100, browser=Firefox
Testing: csp_id=1087, page_id=8200, browser=Firefox
Testing: csp_id=1087, page_id=8300, browser=Firefox
Testing: csp_id=1087, page_id=8400, browser=Firefox
Testing: csp_id=1087, page_id=8500, browser=Firefox
Testing: csp_id=1087, page_id=8600, browser=Firefox
Testing: csp_id=1087, page_id=8700, browser=Firefox
Testing: csp_id=1087, page_id=8800, browser=Firefox
Testing: csp_id=1087, page_id=8900, browser=Firefox
Testing: csp_id=1087, page_id=9000, browser=Firefox
Testing: csp_id=1087, page_id=9100, browser=Firefox
Testing: csp_id=1087, page_id=9200, browser=Firefox
Testing: csp_id=1087, page_id=9300, browser=Firefox
Testing: csp_id=1087, page_id=9400, browser=Firefox
Testing: csp_id=1087, page_id=9500, browser=Firefox
Testing: csp_id=1087, page_id=9600, browser=Firefox
Testing: csp_id=1087, page_id=9700, browser=Firefox
Testing: csp_id=1087, page_id=9800, browser=Firefox
Testing: csp_id=1087, page_id=9900, browser=Firefox
Testing: csp_id=1087, page_id=10000, browser=Firefox
Testing: csp_id=1087, page_id=10100, browser=Firefox
Testing: csp_id=1087, page_id=10200, browser=Firefox
Testing: csp_id=1087, page_id=10300, browser=Firefox
Testing: csp_id=1087, page_id=10400, browser=Firefox
Testing: csp_id=1087, page_id=10500, browser=Firefox
Testing: csp_id=1087, page_id=10600, browser=Firefox
Testing: csp_id=1087, page_id=10700, browser=Firefox
Testing: csp_id=1087, page_id=10800, browser=Firefox
Testing: csp_id=1087, page_id=10900, browser=Firefox
Testing: csp_id=1087, page_id=11000, browser=Firefox
Testing: csp_id=1087, page_id=11100, browser=Firefox
Testing: csp_id=1087, page_id=11200, browser=Firefox
Testing: csp_id=1087, page_id=11300, browser=Firefox
Testing: csp_id=1087, page_id=11400, browser=Firefox
Testing: csp_id=1087, page_id=11500, browser=Firefox
Testing: csp_id=1087, page_id=11600, browser=Firefox
Testing: csp_id=1087, page_id=11700, browser=Firefox
Testing: csp_id=1087, page_id=11800, browser=Firefox
Testing: csp_id=1087, page_id=11900, browser=Firefox
Testing: csp_id=1087, page_id=12000, browser=Firefox
Testing: csp_id=1087, page_id=12100, browser=Firefox
Testing: csp_id=1087, page_id=12200, browser=Firefox
Testing: csp_id=1087, page_id=12300, browser=Firefox
Testing: csp_id=1087, page_id=12400, browser=Firefox
Testing: csp_id=1087, page_id=12500, browser=Firefox
Testing: csp_id=1087, page_id=12600, browser=Firefox
Testing: csp_id=1087, page_id=12700, browser=Firefox
Testing: csp_id=1087, page_id=12800, browser=Firefox
Testing: csp_id=1087, page_id=12900, browser=Firefox
Testing: csp_id=1087, page_id=13000, browser=Firefox
Testing: csp_id=1087, page_id=13100, browser=Firefox
Testing: csp_id=1087, page_id=13200, browser=Firefox
Testing: csp_id=1087, page_id=13300, browser=Firefox
Testing: csp_id=1087, page_id=13400, browser=Firefox
Testing: csp_id=1087, page_id=13500, browser=Firefox
Testing: csp_id=1087, page_id=13600, browser=Firefox
Testing: csp_id=1087, page_id=13700, browser=Firefox
Testing: csp_id=1087, page_id=13800, browser=Firefox
Testing: csp_id=1087, page_id=13900, browser=Firefox
Testing: csp_id=1087, page_id=14000, browser=Firefox
Testing: csp_id=1087, page_id=14100, browser=Firefox
Testing: csp_id=1087, page_id=14200, browser=Firefox
Testing: csp_id=1087, page_id=14300, browser=Firefox
Testing: csp_id=1087, page_id=14400, browser=Firefox
Testing: csp_id=1087, page_id=14500, browser=Firefox
Testing: csp_id=1087, page_id=14600, browser=Firefox
Testing: csp_id=1087, page_id=14700, browser=Firefox
Testing: csp_id=1087, page_id=14800, browser=Firefox
Testing: csp_id=1087, page_id=14900, browser=Firefox
Testing: csp_id=1087, page_id=15000, browser=Firefox
Testing: csp_id=1087, page_id=15100, browser=Firefox
Testing: csp_id=1087, page_id=15200, browser=Firefox
Testing: csp_id=1087, page_id=15300, browser=Firefox
Testing: csp_id=1087, page_id=15400, browser=Firefox
Testing: csp_id=1087, page_id=15500, browser=Firefox
Testing: csp_id=1087, page_id=15600, browser=Firefox
Testing: csp_id=1087, page_id=15700, browser=Firefox
Testing: csp_id=1087, page_id=15800, browser=Firefox
Testing: csp_id=1087, page_id=15900, browser=Firefox
Testing: csp_id=1087, page_id=16000, browser=Firefox
Testing: csp_id=1087, page_id=16100, browser=Firefox
Testing: csp_id=1087, page_id=16200, browser=Firefox
Testing: csp_id=1087, page_id=16300, browser=Firefox
Testing: csp_id=1087, page_id=16400, browser=Firefox
Testing: csp_id=1087, page_id=16500, browser=Firefox
Testing: csp_id=1087, page_id=16600, browser=Firefox
Testing: csp_id=1087, page_id=16700, browser=Firefox
Testing: csp_id=1087, page_id=16800, browser=Firefox
Testing: csp_id=1087, page_id=16900, browser=Firefox
Testing: csp_id=1087, page_id=17000, browser=Firefox
Testing: csp_id=1087, page_id=17100, browser=Firefox
Testing: csp_id=1087, page_id=17200, browser=Firefox
Testing: csp_id=1087, page_id=17300, browser=Firefox
Testing: csp_id=1087, page_id=17400, browser=Firefox
Testing: csp_id=1087, page_id=17500, browser=Firefox
Testing: csp_id=1087, page_id=17600, browser=Firefox
Testing: csp_id=1087, page_id=17700, browser=Firefox
Testing: csp_id=1087, page_id=17800, browser=Firefox
Testing: csp_id=1087, page_id=17900, browser=Firefox
Testing: csp_id=1087, page_id=18000, browser=Firefox
Testing: csp_id=1087, page_id=18100, browser=Firefox
Testing: csp_id=1087, page_id=18200, browser=Firefox
Testing: csp_id=1087, page_id=18300, browser=Firefox
Testing: csp_id=1087, page_id=18400, browser=Firefox
Testing: csp_id=1087, page_id=18500, browser=Firefox
Testing: csp_id=1087, page_id=18600, browser=Firefox
Testing: csp_id=1087, page_id=18700, browser=Firefox
Testing: csp_id=1087, page_id=18800, browser=Firefox
Testing: csp_id=1087, page_id=18900, browser=Firefox
Testing: csp_id=1087, page_id=19000, browser=Firefox
Testing: csp_id=1087, page_id=19100, browser=Firefox
Testing: csp_id=1087, page_id=19200, browser=Firefox
Testing: csp_id=1087, page_id=19300, browser=Firefox
Testing: csp_id=1087, page_id=19400, browser=Firefox
Testing: csp_id=1087, page_id=19500, browser=Firefox
Testing: csp_id=1087, page_id=19600, browser=Firefox
Testing: csp_id=1087, page_id=19700, browser=Firefox
Testing: csp_id=1087, page_id=19800, browser=Firefox
Testing: csp_id=1087, page_id=19900, browser=Firefox
Testing: csp_id=1087, page_id=20000, browser=Firefox
Testing: csp_id=1087, page_id=20100, browser=Firefox
Testing: csp_id=1087, page_id=20200, browser=Firefox
Testing: csp_id=1087, page_id=20300, browser=Firefox
Testing: csp_id=1087, page_id=20400, browser=Firefox
Testing: csp_id=1087, page_id=20500, browser=Firefox
Testing: csp_id=1087, page_id=20600, browser=Firefox
Testing: csp_id=1087, page_id=20700, browser=Firefox
Testing: csp_id=1087, page_id=20800, browser=Firefox
Testing: csp_id=1087, page_id=20900, browser=Firefox
Testing: csp_id=1087, page_id=21000, browser=Firefox
Testing: csp_id=1087, page_id=21100, browser=Firefox
Testing: csp_id=1087, page_id=21200, browser=Firefox
Testing: csp_id=1087, page_id=21300, browser=Firefox
Testing: csp_id=1087, page_id=21400, browser=Firefox
Testing: csp_id=1087, page_id=21500, browser=Firefox
Testing: csp_id=1087, page_id=21600, browser=Firefox
Testing: csp_id=1087, page_id=21700, browser=Firefox
Testing: csp_id=1087, page_id=21800, browser=Firefox
Testing: csp_id=1087, page_id=21900, browser=Firefox
Testing: csp_id=1087, page_id=22000, browser=Firefox
Testing: csp_id=1087, page_id=22100, browser=Firefox
Testing: csp_id=1087, page_id=22200, browser=Firefox
Testing: csp_id=1087, page_id=22300, browser=Firefox
Testing: csp_id=1087, page_id=22400, browser=Firefox
Testing: csp_id=1087, page_id=22500, browser=Firefox
Testing: csp_id=1087, page_id=22600, browser=Firefox
Testing: csp_id=1087, page_id=22700, browser=Firefox
Testing: csp_id=1087, page_id=22800, browser=Firefox
Testing: csp_id=1087, page_id=22900, browser=Firefox
Testing: csp_id=1087, page_id=23000, browser=Firefox
Testing: csp_id=1087, page_id=23100, browser=Firefox
Testing: csp_id=1087, page_id=23200, browser=Firefox
Testing: csp_id=1087, page_id=23300, browser=Firefox
Testing: csp_id=1087, page_id=23400, browser=Firefox
Testing: csp_id=1087, page_id=23500, browser=Firefox
Testing: csp_id=1087, page_id=23600, browser=Firefox
Testing: csp_id=1087, page_id=23700, browser=Firefox
Testing: csp_id=1087, page_id=23800, browser=Firefox
Testing: csp_id=1087, page_id=23900, browser=Firefox
Testing: csp_id=1087, page_id=24000, browser=Firefox
Testing: csp_id=1087, page_id=24100, browser=Firefox
Testing: csp_id=1087, page_id=24200, browser=Firefox
Testing: csp_id=1087, page_id=24300, browser=Firefox
Testing: csp_id=1087, page_id=24400, browser=Firefox
Testing: csp_id=1087, page_id=24500, browser=Firefox
Testing: csp_id=1087, page_id=24600, browser=Firefox
Testing: csp_id=1087, page_id=24700, browser=Firefox
Testing: csp_id=1087, page_id=24800, browser=Firefox
Testing: csp_id=1087, page_id=24900, browser=Firefox
Testing: csp_id=1087, page_id=25000, browser=Firefox
Testing: csp_id=1087, page_id=25100, browser=Firefox
Testing: csp_id=1087, page_id=25200, browser=Firefox
Testing: csp_id=1087, page_id=25300, browser=Firefox
Testing: csp_id=1087, page_id=25400, browser=Firefox
Testing: csp_id=1087, page_id=25500, browser=Firefox
Testing: csp_id=1087, page_id=25600, browser=Firefox
Testing: csp_id=1087, page_id=25700, browser=Firefox
Testing: csp_id=1087, page_id=25800, browser=Firefox
Testing: csp_id=1087, page_id=25900, browser=Firefox
Testing: csp_id=1087, page_id=26000, browser=Firefox
Testing: csp_id=1087, page_id=26100, browser=Firefox
Testing: csp_id=1087, page_id=26200, browser=Firefox
Testing: csp_id=1087, page_id=26300, browser=Firefox
Testing: csp_id=1087, page_id=26400, browser=Firefox
Testing: csp_id=1087, page_id=26500, browser=Firefox
Testing: csp_id=1087, page_id=26600, browser=Firefox
Testing: csp_id=1087, page_id=26700, browser=Firefox
Testing: csp_id=1087, page_id=26800, browser=Firefox
Testing: csp_id=1087, page_id=26900, browser=Firefox
Testing: csp_id=1087, page_id=27000, browser=Firefox
Testing: csp_id=1087, page_id=27100, browser=Firefox
Testing: csp_id=1087, page_id=27200, browser=Firefox
Testing: csp_id=1087, page_id=27300, browser=Firefox
Testing: csp_id=1087, page_id=27400, browser=Firefox
Testing: csp_id=1087, page_id=27500, browser=Firefox
Testing: csp_id=1087, page_id=27600, browser=Firefox
Testing: csp_id=1087, page_id=27700, browser=Firefox
Testing: csp_id=1087, page_id=27800, browser=Firefox
Testing: csp_id=1087, page_id=27900, browser=Firefox
Testing: csp_id=1087, page_id=28000, browser=Firefox
Testing: csp_id=1087, page_id=28100, browser=Firefox
Testing: csp_id=1087, page_id=28200, browser=Firefox
Testing: csp_id=1087, page_id=28300, browser=Firefox
Testing: csp_id=1087, page_id=28400, browser=Firefox
Testing: csp_id=1087, page_id=28500, browser=Firefox
Testing: csp_id=1087, page_id=28600, browser=Firefox
Testing: csp_id=1087, page_id=28700, browser=Firefox
Testing: csp_id=1087, page_id=28800, browser=Firefox
Testing: csp_id=1087, page_id=28900, browser=Firefox
Testing: csp_id=1087, page_id=29000, browser=Firefox
Testing: csp_id=1087, page_id=29100, browser=Firefox
Testing: csp_id=1087, page_id=29200, browser=Firefox
Testing: csp_id=1087, page_id=29300, browser=Firefox
Testing: csp_id=1087, page_id=29400, browser=Firefox
Testing: csp_id=1087, page_id=29500, browser=Firefox
Testing: csp_id=1087, page_id=29600, browser=Firefox
Testing: csp_id=1087, page_id=29700, browser=Firefox
Testing: csp_id=1087, page_id=29800, browser=Firefox
🏊 create_context_pools[first] (5x16): 29.862s
Testing: csp_id=1099, page_id=0, browser=Firefox
Testing: csp_id=1099, page_id=100, browser=Firefox
Testing: csp_id=1099, page_id=200, browser=Firefox
Testing: csp_id=1099, page_id=300, browser=Firefox
Testing: csp_id=1099, page_id=400, browser=Firefox
Testing: csp_id=1099, page_id=500, browser=Firefox
Testing: csp_id=1099, page_id=600, browser=Firefox
Testing: csp_id=1099, page_id=700, browser=Firefox
Testing: csp_id=1099, page_id=800, browser=Firefox
Testing: csp_id=1099, page_id=900, browser=Firefox
Testing: csp_id=1099, page_id=1000, browser=Firefox
Testing: csp_id=1099, page_id=1100, browser=Firefox
Testing: csp_id=1099, page_id=1200, browser=Firefox
Testing: csp_id=1099, page_id=1300, browser=Firefox
Testing: csp_id=1099, page_id=1400, browser=Firefox
Testing: csp_id=1099, page_id=1500, browser=Firefox
Testing: csp_id=1099, page_id=1600, browser=Firefox
Testing: csp_id=1099, page_id=1700, browser=Firefox
Testing: csp_id=1099, page_id=1800, browser=Firefox
Testing: csp_id=1099, page_id=1900, browser=Firefox
Testing: csp_id=1099, page_id=2000, browser=Firefox
Testing: csp_id=1099, page_id=2100, browser=Firefox
Testing: csp_id=1099, page_id=2200, browser=Firefox
Testing: csp_id=1099, page_id=2300, browser=Firefox
Testing: csp_id=1099, page_id=2400, browser=Firefox
Testing: csp_id=1099, page_id=2500, browser=Firefox
Testing: csp_id=1099, page_id=2600, browser=Firefox
Testing: csp_id=1099, page_id=2700, browser=Firefox
Testing: csp_id=1099, page_id=2800, browser=Firefox
Testing: csp_id=1099, page_id=2900, browser=Firefox
Testing: csp_id=1099, page_id=3000, browser=Firefox
Testing: csp_id=1099, page_id=3100, browser=Firefox
Testing: csp_id=1099, page_id=3200, browser=Firefox
Testing: csp_id=1099, page_id=3300, browser=Firefox
Testing: csp_id=1099, page_id=3400, browser=Firefox
Testing: csp_id=1099, page_id=3500, browser=Firefox
Testing: csp_id=1099, page_id=3600, browser=Firefox
Testing: csp_id=1099, page_id=3700, browser=Firefox
Testing: csp_id=1099, page_id=3800, browser=Firefox
Testing: csp_id=1099, page_id=3900, browser=Firefox
Testing: csp_id=1099, page_id=4000, browser=Firefox
Testing: csp_id=1099, page_id=4100, browser=Firefox
Testing: csp_id=1099, page_id=4200, browser=Firefox
Testing: csp_id=1099, page_id=4300, browser=Firefox
Testing: csp_id=1099, page_id=4400, browser=Firefox
Testing: csp_id=1099, page_id=4500, browser=Firefox
Testing: csp_id=1099, page_id=4600, browser=Firefox
Testing: csp_id=1099, page_id=4700, browser=Firefox
Testing: csp_id=1099, page_id=4800, browser=Firefox
Testing: csp_id=1099, page_id=4900, browser=Firefox
Testing: csp_id=1099, page_id=5000, browser=Firefox
Testing: csp_id=1099, page_id=5100, browser=Firefox
Testing: csp_id=1099, page_id=5200, browser=Firefox
Testing: csp_id=1099, page_id=5300, browser=Firefox
Testing: csp_id=1099, page_id=5400, browser=Firefox
Testing: csp_id=1099, page_id=5500, browser=Firefox
Testing: csp_id=1099, page_id=5600, browser=Firefox
Testing: csp_id=1099, page_id=5700, browser=Firefox
Testing: csp_id=1099, page_id=5800, browser=Firefox
Testing: csp_id=1099, page_id=5900, browser=Firefox
Testing: csp_id=1099, page_id=6000, browser=Firefox
Testing: csp_id=1099, page_id=6100, browser=Firefox
Testing: csp_id=1099, page_id=6200, browser=Firefox
Testing: csp_id=1099, page_id=6300, browser=Firefox
Testing: csp_id=1099, page_id=6400, browser=Firefox
Testing: csp_id=1099, page_id=6500, browser=Firefox
Testing: csp_id=1099, page_id=6600, browser=Firefox
Testing: csp_id=1099, page_id=6700, browser=Firefox
Testing: csp_id=1099, page_id=6800, browser=Firefox
Testing: csp_id=1099, page_id=6900, browser=Firefox
Testing: csp_id=1099, page_id=7000, browser=Firefox
Testing: csp_id=1099, page_id=7100, browser=Firefox
Testing: csp_id=1099, page_id=7200, browser=Firefox
Testing: csp_id=1099, page_id=7300, browser=Firefox
Testing: csp_id=1099, page_id=7400, browser=Firefox
Testing: csp_id=1099, page_id=7500, browser=Firefox
Testing: csp_id=1099, page_id=7600, browser=Firefox
Testing: csp_id=1099, page_id=7700, browser=Firefox
Testing: csp_id=1099, page_id=7800, browser=Firefox
Testing: csp_id=1099, page_id=7900, browser=Firefox
Testing: csp_id=1099, page_id=8000, browser=Firefox
Testing: csp_id=1099, page_id=8100, browser=Firefox
Testing: csp_id=1099, page_id=8200, browser=Firefox
Testing: csp_id=1099, page_id=8300, browser=Firefox
Testing: csp_id=1099, page_id=8400, browser=Firefox
Testing: csp_id=1099, page_id=8500, browser=Firefox
Testing: csp_id=1099, page_id=8600, browser=Firefox
Testing: csp_id=1099, page_id=8700, browser=Firefox
Testing: csp_id=1099, page_id=8800, browser=Firefox
Testing: csp_id=1099, page_id=8900, browser=Firefox
Testing: csp_id=1099, page_id=9000, browser=Firefox
Testing: csp_id=1099, page_id=9100, browser=Firefox
Testing: csp_id=1099, page_id=9200, browser=Firefox
Testing: csp_id=1099, page_id=9300, browser=Firefox
Testing: csp_id=1099, page_id=9400, browser=Firefox
Testing: csp_id=1099, page_id=9500, browser=Firefox
Testing: csp_id=1099, page_id=9600, browser=Firefox
Testing: csp_id=1099, page_id=9700, browser=Firefox
Testing: csp_id=1099, page_id=9800, browser=Firefox
Testing: csp_id=1099, page_id=9900, browser=Firefox
Testing: csp_id=1099, page_id=10000, browser=Firefox
Testing: csp_id=1099, page_id=10100, browser=Firefox
Testing: csp_id=1099, page_id=10200, browser=Firefox
Testing: csp_id=1099, page_id=10300, browser=Firefox
Testing: csp_id=1099, page_id=10400, browser=Firefox
Testing: csp_id=1099, page_id=10500, browser=Firefox
Testing: csp_id=1099, page_id=10600, browser=Firefox
Testing: csp_id=1099, page_id=10700, browser=Firefox
Testing: csp_id=1099, page_id=10800, browser=Firefox
Testing: csp_id=1099, page_id=10900, browser=Firefox
Testing: csp_id=1099, page_id=11000, browser=Firefox
Testing: csp_id=1099, page_id=11100, browser=Firefox
Testing: csp_id=1099, page_id=11200, browser=Firefox
Testing: csp_id=1099, page_id=11300, browser=Firefox
Testing: csp_id=1099, page_id=11400, browser=Firefox
Testing: csp_id=1099, page_id=11500, browser=Firefox
Testing: csp_id=1099, page_id=11600, browser=Firefox
Testing: csp_id=1099, page_id=11700, browser=Firefox
Testing: csp_id=1099, page_id=11800, browser=Firefox
Testing: csp_id=1099, page_id=11900, browser=Firefox
Testing: csp_id=1099, page_id=12000, browser=Firefox
Testing: csp_id=1099, page_id=12100, browser=Firefox
Testing: csp_id=1099, page_id=12200, browser=Firefox
Testing: csp_id=1099, page_id=12300, browser=Firefox
Testing: csp_id=1099, page_id=12400, browser=Firefox
Testing: csp_id=1099, page_id=12500, browser=Firefox
Testing: csp_id=1099, page_id=12600, browser=Firefox
Testing: csp_id=1099, page_id=12700, browser=Firefox
Testing: csp_id=1099, page_id=12800, browser=Firefox
Testing: csp_id=1099, page_id=12900, browser=Firefox
Testing: csp_id=1099, page_id=13000, browser=Firefox
Testing: csp_id=1099, page_id=13100, browser=Firefox
Testing: csp_id=1099, page_id=13200, browser=Firefox
Testing: csp_id=1099, page_id=13300, browser=Firefox
Testing: csp_id=1099, page_id=13400, browser=Firefox
Testing: csp_id=1099, page_id=13500, browser=Firefox
Testing: csp_id=1099, page_id=13600, browser=Firefox
Testing: csp_id=1099, page_id=13700, browser=Firefox
Testing: csp_id=1099, page_id=13800, browser=Firefox
Testing: csp_id=1099, page_id=13900, browser=Firefox
Testing: csp_id=1099, page_id=14000, browser=Firefox
Testing: csp_id=1099, page_id=14100, browser=Firefox
Testing: csp_id=1099, page_id=14200, browser=Firefox
Testing: csp_id=1099, page_id=14300, browser=Firefox
Testing: csp_id=1099, page_id=14400, browser=Firefox
Testing: csp_id=1099, page_id=14500, browser=Firefox
Testing: csp_id=1099, page_id=14600, browser=Firefox
Testing: csp_id=1099, page_id=14700, browser=Firefox
Testing: csp_id=1099, page_id=14800, browser=Firefox
Testing: csp_id=1099, page_id=14900, browser=Firefox
Testing: csp_id=1099, page_id=15000, browser=Firefox
Testing: csp_id=1099, page_id=15100, browser=Firefox
Testing: csp_id=1099, page_id=15200, browser=Firefox
Testing: csp_id=1099, page_id=15300, browser=Firefox
Testing: csp_id=1099, page_id=15400, browser=Firefox
Testing: csp_id=1099, page_id=15500, browser=Firefox
Testing: csp_id=1099, page_id=15600, browser=Firefox
Testing: csp_id=1099, page_id=15700, browser=Firefox
Testing: csp_id=1099, page_id=15800, browser=Firefox
Testing: csp_id=1099, page_id=15900, browser=Firefox
Testing: csp_id=1099, page_id=16000, browser=Firefox
Testing: csp_id=1099, page_id=16100, browser=Firefox
Testing: csp_id=1099, page_id=16200, browser=Firefox
Testing: csp_id=1099, page_id=16300, browser=Firefox
Testing: csp_id=1099, page_id=16400, browser=Firefox
Testing: csp_id=1099, page_id=16500, browser=Firefox
Testing: csp_id=1099, page_id=16600, browser=Firefox
Testing: csp_id=1099, page_id=16700, browser=Firefox
Testing: csp_id=1099, page_id=16800, browser=Firefox
Testing: csp_id=1099, page_id=16900, browser=Firefox
Testing: csp_id=1099, page_id=17000, browser=Firefox
Testing: csp_id=1099, page_id=17100, browser=Firefox
Testing: csp_id=1099, page_id=17200, browser=Firefox
Testing: csp_id=1099, page_id=17300, browser=Firefox
Testing: csp_id=1099, page_id=17400, browser=Firefox
Testing: csp_id=1099, page_id=17500, browser=Firefox
Testing: csp_id=1099, page_id=17600, browser=Firefox
Testing: csp_id=1099, page_id=17700, browser=Firefox
Testing: csp_id=1099, page_id=17800, browser=Firefox
Testing: csp_id=1099, page_id=17900, browser=Firefox
Testing: csp_id=1099, page_id=18000, browser=Firefox
Testing: csp_id=1099, page_id=18100, browser=Firefox
Testing: csp_id=1099, page_id=18200, browser=Firefox
Testing: csp_id=1099, page_id=18300, browser=Firefox
Testing: csp_id=1099, page_id=18400, browser=Firefox
Testing: csp_id=1099, page_id=18500, browser=Firefox
Testing: csp_id=1099, page_id=18600, browser=Firefox
Testing: csp_id=1099, page_id=18700, browser=Firefox
Testing: csp_id=1099, page_id=18800, browser=Firefox
Testing: csp_id=1099, page_id=18900, browser=Firefox
Testing: csp_id=1099, page_id=19000, browser=Firefox
Testing: csp_id=1099, page_id=19100, browser=Firefox
Testing: csp_id=1099, page_id=19200, browser=Firefox
Testing: csp_id=1099, page_id=19300, browser=Firefox
Testing: csp_id=1099, page_id=19400, browser=Firefox
Testing: csp_id=1099, page_id=19500, browser=Firefox
Testing: csp_id=1099, page_id=19600, browser=Firefox
Testing: csp_id=1099, page_id=19700, browser=Firefox
Testing: csp_id=1099, page_id=19800, browser=Firefox
Testing: csp_id=1099, page_id=19900, browser=Firefox
Testing: csp_id=1099, page_id=20000, browser=Firefox
Testing: csp_id=1099, page_id=20100, browser=Firefox
Testing: csp_id=1099, page_id=20200, browser=Firefox
Testing: csp_id=1099, page_id=20300, browser=Firefox
Testing: csp_id=1099, page_id=20400, browser=Firefox
Testing: csp_id=1099, page_id=20500, browser=Firefox
Testing: csp_id=1099, page_id=20600, browser=Firefox
Testing: csp_id=1099, page_id=20700, browser=Firefox
Testing: csp_id=1099, page_id=20800, browser=Firefox
Testing: csp_id=1099, page_id=20900, browser=Firefox
Testing: csp_id=1099, page_id=21000, browser=Firefox
Testing: csp_id=1099, page_id=21100, browser=Firefox
Testing: csp_id=1099, page_id=21200, browser=Firefox
Testing: csp_id=1099, page_id=21300, browser=Firefox
Testing: csp_id=1099, page_id=21400, browser=Firefox
Testing: csp_id=1099, page_id=21500, browser=Firefox
Testing: csp_id=1099, page_id=21600, browser=Firefox
Testing: csp_id=1099, page_id=21700, browser=Firefox
Testing: csp_id=1099, page_id=21800, browser=Firefox
Testing: csp_id=1099, page_id=21900, browser=Firefox
Testing: csp_id=1099, page_id=22000, browser=Firefox
Testing: csp_id=1099, page_id=22100, browser=Firefox
Testing: csp_id=1099, page_id=22200, browser=Firefox
Testing: csp_id=1099, page_id=22300, browser=Firefox
Testing: csp_id=1099, page_id=22400, browser=Firefox
Testing: csp_id=1099, page_id=22500, browser=Firefox
Testing: csp_id=1099, page_id=22600, browser=Firefox
Testing: csp_id=1099, page_id=22700, browser=Firefox
Testing: csp_id=1099, page_id=22800, browser=Firefox
Testing: csp_id=1099, page_id=22900, browser=Firefox
Testing: csp_id=1099, page_id=23000, browser=Firefox
Testing: csp_id=1099, page_id=23100, browser=Firefox
Testing: csp_id=1099, page_id=23200, browser=Firefox
Testing: csp_id=1099, page_id=23300, browser=Firefox
Testing: csp_id=1099, page_id=23400, browser=Firefox
Testing: csp_id=1099, page_id=23500, browser=Firefox
Testing: csp_id=1099, page_id=23600, browser=Firefox
Testing: csp_id=1099, page_id=23700, browser=Firefox
Testing: csp_id=1099, page_id=23800, browser=Firefox
Testing: csp_id=1099, page_id=23900, browser=Firefox
Testing: csp_id=1099, page_id=24000, browser=Firefox
Testing: csp_id=1099, page_id=24100, browser=Firefox
Testing: csp_id=1099, page_id=24200, browser=Firefox
Testing: csp_id=1099, page_id=24300, browser=Firefox
Testing: csp_id=1099, page_id=24400, browser=Firefox
Testing: csp_id=1099, page_id=24500, browser=Firefox
Testing: csp_id=1099, page_id=24600, browser=Firefox
Testing: csp_id=1099, page_id=24700, browser=Firefox
Testing: csp_id=1099, page_id=24800, browser=Firefox
Testing: csp_id=1099, page_id=24900, browser=Firefox
Testing: csp_id=1099, page_id=25000, browser=Firefox
Testing: csp_id=1099, page_id=25100, browser=Firefox
Testing: csp_id=1099, page_id=25200, browser=Firefox
Testing: csp_id=1099, page_id=25300, browser=Firefox
Testing: csp_id=1099, page_id=25400, browser=Firefox
Testing: csp_id=1099, page_id=25500, browser=Firefox
Testing: csp_id=1099, page_id=25600, browser=Firefox
Testing: csp_id=1099, page_id=25700, browser=Firefox
Testing: csp_id=1099, page_id=25800, browser=Firefox
Testing: csp_id=1099, page_id=25900, browser=Firefox
Testing: csp_id=1099, page_id=26000, browser=Firefox
Testing: csp_id=1099, page_id=26100, browser=Firefox
Testing: csp_id=1099, page_id=26200, browser=Firefox
Testing: csp_id=1099, page_id=26300, browser=Firefox
Testing: csp_id=1099, page_id=26400, browser=Firefox
Testing: csp_id=1099, page_id=26500, browser=Firefox
Testing: csp_id=1099, page_id=26600, browser=Firefox
Testing: csp_id=1099, page_id=26700, browser=Firefox
Testing: csp_id=1099, page_id=26800, browser=Firefox
Testing: csp_id=1099, page_id=26900, browser=Firefox
Testing: csp_id=1099, page_id=27000, browser=Firefox
Testing: csp_id=1099, page_id=27100, browser=Firefox
Testing: csp_id=1099, page_id=27200, browser=Firefox
Testing: csp_id=1099, page_id=27300, browser=Firefox
Testing: csp_id=1099, page_id=27400, browser=Firefox
Testing: csp_id=1099, page_id=27500, browser=Firefox
Testing: csp_id=1099, page_id=27600, browser=Firefox
Testing: csp_id=1099, page_id=27700, browser=Firefox
Testing: csp_id=1099, page_id=27800, browser=Firefox
Testing: csp_id=1099, page_id=27900, browser=Firefox
Testing: csp_id=1099, page_id=28000, browser=Firefox
Testing: csp_id=1099, page_id=28100, browser=Firefox
Testing: csp_id=1099, page_id=28200, browser=Firefox
Testing: csp_id=1099, page_id=28300, browser=Firefox
Testing: csp_id=1099, page_id=28400, browser=Firefox
Testing: csp_id=1099, page_id=28500, browser=Firefox
Testing: csp_id=1099, page_id=28600, browser=Firefox
Testing: csp_id=1099, page_id=28700, browser=Firefox
Testing: csp_id=1099, page_id=28800, browser=Firefox
Testing: csp_id=1099, page_id=28900, browser=Firefox
Testing: csp_id=1099, page_id=29000, browser=Firefox
Testing: csp_id=1099, page_id=29100, browser=Firefox
Testing: csp_id=1099, page_id=29200, browser=Firefox
Testing: csp_id=1099, page_id=29300, browser=Firefox
Testing: csp_id=1099, page_id=29400, browser=Firefox
Testing: csp_id=1099, page_id=29500, browser=Firefox
Testing: csp_id=1099, page_id=29600, browser=Firefox
Testing: csp_id=1099, page_id=29700, browser=Firefox
Testing: csp_id=1099, page_id=29800, browser=Firefox
🏊 create_context_pools[first] (5x16): 29.263s
Testing: csp_id=1111, page_id=0, browser=Firefox
Testing: csp_id=1111, page_id=100, browser=Firefox
Testing: csp_id=1111, page_id=200, browser=Firefox
Testing: csp_id=1111, page_id=300, browser=Firefox
Testing: csp_id=1111, page_id=400, browser=Firefox
Testing: csp_id=1111, page_id=500, browser=Firefox
Testing: csp_id=1111, page_id=600, browser=Firefox
Testing: csp_id=1111, page_id=700, browser=Firefox
Testing: csp_id=1111, page_id=800, browser=Firefox
Testing: csp_id=1111, page_id=900, browser=Firefox
Testing: csp_id=1111, page_id=1000, browser=Firefox
Testing: csp_id=1111, page_id=1100, browser=Firefox
Testing: csp_id=1111, page_id=1200, browser=Firefox
Testing: csp_id=1111, page_id=1300, browser=Firefox
Testing: csp_id=1111, page_id=1400, browser=Firefox
Testing: csp_id=1111, page_id=1500, browser=Firefox
Testing: csp_id=1111, page_id=1600, browser=Firefox
Testing: csp_id=1111, page_id=1700, browser=Firefox
Testing: csp_id=1111, page_id=1800, browser=Firefox
Testing: csp_id=1111, page_id=1900, browser=Firefox
Testing: csp_id=1111, page_id=2000, browser=Firefox
Testing: csp_id=1111, page_id=2100, browser=Firefox
Testing: csp_id=1111, page_id=2200, browser=Firefox
Testing: csp_id=1111, page_id=2300, browser=Firefox
Testing: csp_id=1111, page_id=2400, browser=Firefox
Testing: csp_id=1111, page_id=2500, browser=Firefox
Testing: csp_id=1111, page_id=2600, browser=Firefox
Testing: csp_id=1111, page_id=2700, browser=Firefox
Testing: csp_id=1111, page_id=2800, browser=Firefox
Testing: csp_id=1111, page_id=2900, browser=Firefox
Testing: csp_id=1111, page_id=3000, browser=Firefox
Testing: csp_id=1111, page_id=3100, browser=Firefox
Testing: csp_id=1111, page_id=3200, browser=Firefox
Testing: csp_id=1111, page_id=3300, browser=Firefox
Testing: csp_id=1111, page_id=3400, browser=Firefox
Testing: csp_id=1111, page_id=3500, browser=Firefox
Testing: csp_id=1111, page_id=3600, browser=Firefox
Testing: csp_id=1111, page_id=3700, browser=Firefox
Testing: csp_id=1111, page_id=3800, browser=Firefox
Testing: csp_id=1111, page_id=3900, browser=Firefox
Testing: csp_id=1111, page_id=4000, browser=Firefox
Testing: csp_id=1111, page_id=4100, browser=Firefox
Testing: csp_id=1111, page_id=4200, browser=Firefox
Testing: csp_id=1111, page_id=4300, browser=Firefox
Testing: csp_id=1111, page_id=4400, browser=Firefox
Testing: csp_id=1111, page_id=4500, browser=Firefox
Testing: csp_id=1111, page_id=4600, browser=Firefox
Testing: csp_id=1111, page_id=4700, browser=Firefox
Testing: csp_id=1111, page_id=4800, browser=Firefox
Testing: csp_id=1111, page_id=4900, browser=Firefox
Testing: csp_id=1111, page_id=5000, browser=Firefox
Testing: csp_id=1111, page_id=5100, browser=Firefox
Testing: csp_id=1111, page_id=5200, browser=Firefox
Testing: csp_id=1111, page_id=5300, browser=Firefox
Testing: csp_id=1111, page_id=5400, browser=Firefox
Testing: csp_id=1111, page_id=5500, browser=Firefox
Testing: csp_id=1111, page_id=5600, browser=Firefox
Testing: csp_id=1111, page_id=5700, browser=Firefox
Testing: csp_id=1111, page_id=5800, browser=Firefox
Testing: csp_id=1111, page_id=5900, browser=Firefox
Testing: csp_id=1111, page_id=6000, browser=Firefox
Testing: csp_id=1111, page_id=6100, browser=Firefox
Testing: csp_id=1111, page_id=6200, browser=Firefox
Testing: csp_id=1111, page_id=6300, browser=Firefox
Testing: csp_id=1111, page_id=6400, browser=Firefox
Testing: csp_id=1111, page_id=6500, browser=Firefox
Testing: csp_id=1111, page_id=6600, browser=Firefox
Testing: csp_id=1111, page_id=6700, browser=Firefox
Testing: csp_id=1111, page_id=6800, browser=Firefox
Testing: csp_id=1111, page_id=6900, browser=Firefox
Testing: csp_id=1111, page_id=7000, browser=Firefox
Testing: csp_id=1111, page_id=7100, browser=Firefox
Testing: csp_id=1111, page_id=7200, browser=Firefox
Testing: csp_id=1111, page_id=7300, browser=Firefox
Testing: csp_id=1111, page_id=7400, browser=Firefox
Testing: csp_id=1111, page_id=7500, browser=Firefox
Testing: csp_id=1111, page_id=7600, browser=Firefox
Testing: csp_id=1111, page_id=7700, browser=Firefox
Testing: csp_id=1111, page_id=7800, browser=Firefox
Testing: csp_id=1111, page_id=7900, browser=Firefox
Testing: csp_id=1111, page_id=8000, browser=Firefox
Testing: csp_id=1111, page_id=8100, browser=Firefox
Testing: csp_id=1111, page_id=8200, browser=Firefox
Testing: csp_id=1111, page_id=8300, browser=Firefox
Testing: csp_id=1111, page_id=8400, browser=Firefox
Testing: csp_id=1111, page_id=8500, browser=Firefox
Testing: csp_id=1111, page_id=8600, browser=Firefox
Testing: csp_id=1111, page_id=8700, browser=Firefox
Testing: csp_id=1111, page_id=8800, browser=Firefox
Testing: csp_id=1111, page_id=8900, browser=Firefox
Testing: csp_id=1111, page_id=9000, browser=Firefox
Testing: csp_id=1111, page_id=9100, browser=Firefox
Testing: csp_id=1111, page_id=9200, browser=Firefox
Testing: csp_id=1111, page_id=9300, browser=Firefox
Testing: csp_id=1111, page_id=9400, browser=Firefox
Testing: csp_id=1111, page_id=9500, browser=Firefox
Testing: csp_id=1111, page_id=9600, browser=Firefox
Testing: csp_id=1111, page_id=9700, browser=Firefox
Testing: csp_id=1111, page_id=9800, browser=Firefox
Testing: csp_id=1111, page_id=9900, browser=Firefox
Testing: csp_id=1111, page_id=10000, browser=Firefox
Testing: csp_id=1111, page_id=10100, browser=Firefox
Testing: csp_id=1111, page_id=10200, browser=Firefox
Testing: csp_id=1111, page_id=10300, browser=Firefox
Testing: csp_id=1111, page_id=10400, browser=Firefox
Testing: csp_id=1111, page_id=10500, browser=Firefox
Testing: csp_id=1111, page_id=10600, browser=Firefox
Testing: csp_id=1111, page_id=10700, browser=Firefox
Testing: csp_id=1111, page_id=10800, browser=Firefox
Testing: csp_id=1111, page_id=10900, browser=Firefox
Testing: csp_id=1111, page_id=11000, browser=Firefox
Testing: csp_id=1111, page_id=11100, browser=Firefox
Testing: csp_id=1111, page_id=11200, browser=Firefox
Testing: csp_id=1111, page_id=11300, browser=Firefox
Testing: csp_id=1111, page_id=11400, browser=Firefox
Testing: csp_id=1111, page_id=11500, browser=Firefox
Testing: csp_id=1111, page_id=11600, browser=Firefox
Testing: csp_id=1111, page_id=11700, browser=Firefox
Testing: csp_id=1111, page_id=11800, browser=Firefox
Testing: csp_id=1111, page_id=11900, browser=Firefox
Testing: csp_id=1111, page_id=12000, browser=Firefox
Testing: csp_id=1111, page_id=12100, browser=Firefox
Testing: csp_id=1111, page_id=12200, browser=Firefox
Testing: csp_id=1111, page_id=12300, browser=Firefox
Testing: csp_id=1111, page_id=12400, browser=Firefox
Testing: csp_id=1111, page_id=12500, browser=Firefox
Testing: csp_id=1111, page_id=12600, browser=Firefox
Testing: csp_id=1111, page_id=12700, browser=Firefox
Testing: csp_id=1111, page_id=12800, browser=Firefox
Testing: csp_id=1111, page_id=12900, browser=Firefox
Testing: csp_id=1111, page_id=13000, browser=Firefox
Testing: csp_id=1111, page_id=13100, browser=Firefox
Testing: csp_id=1111, page_id=13200, browser=Firefox
Testing: csp_id=1111, page_id=13300, browser=Firefox
Testing: csp_id=1111, page_id=13400, browser=Firefox
Testing: csp_id=1111, page_id=13500, browser=Firefox
Testing: csp_id=1111, page_id=13600, browser=Firefox
Testing: csp_id=1111, page_id=13700, browser=Firefox
Testing: csp_id=1111, page_id=13800, browser=Firefox
Testing: csp_id=1111, page_id=13900, browser=Firefox
Testing: csp_id=1111, page_id=14000, browser=Firefox
Testing: csp_id=1111, page_id=14100, browser=Firefox
Testing: csp_id=1111, page_id=14200, browser=Firefox
Testing: csp_id=1111, page_id=14300, browser=Firefox
Testing: csp_id=1111, page_id=14400, browser=Firefox
Testing: csp_id=1111, page_id=14500, browser=Firefox
Testing: csp_id=1111, page_id=14600, browser=Firefox
Testing: csp_id=1111, page_id=14700, browser=Firefox
Testing: csp_id=1111, page_id=14800, browser=Firefox
Testing: csp_id=1111, page_id=14900, browser=Firefox
Testing: csp_id=1111, page_id=15000, browser=Firefox
Testing: csp_id=1111, page_id=15100, browser=Firefox
Testing: csp_id=1111, page_id=15200, browser=Firefox
Testing: csp_id=1111, page_id=15300, browser=Firefox
Testing: csp_id=1111, page_id=15400, browser=Firefox
Testing: csp_id=1111, page_id=15500, browser=Firefox
Testing: csp_id=1111, page_id=15600, browser=Firefox
Testing: csp_id=1111, page_id=15700, browser=Firefox
Testing: csp_id=1111, page_id=15800, browser=Firefox
Testing: csp_id=1111, page_id=15900, browser=Firefox
Testing: csp_id=1111, page_id=16000, browser=Firefox
Testing: csp_id=1111, page_id=16100, browser=Firefox
Testing: csp_id=1111, page_id=16200, browser=Firefox
Testing: csp_id=1111, page_id=16300, browser=Firefox
Testing: csp_id=1111, page_id=16400, browser=Firefox
Testing: csp_id=1111, page_id=16500, browser=Firefox
Testing: csp_id=1111, page_id=16600, browser=Firefox
Testing: csp_id=1111, page_id=16700, browser=Firefox
Testing: csp_id=1111, page_id=16800, browser=Firefox
Testing: csp_id=1111, page_id=16900, browser=Firefox
Testing: csp_id=1111, page_id=17000, browser=Firefox
Testing: csp_id=1111, page_id=17100, browser=Firefox
Testing: csp_id=1111, page_id=17200, browser=Firefox
Testing: csp_id=1111, page_id=17300, browser=Firefox
Testing: csp_id=1111, page_id=17400, browser=Firefox
Testing: csp_id=1111, page_id=17500, browser=Firefox
Testing: csp_id=1111, page_id=17600, browser=Firefox
Testing: csp_id=1111, page_id=17700, browser=Firefox
Testing: csp_id=1111, page_id=17800, browser=Firefox
Testing: csp_id=1111, page_id=17900, browser=Firefox
Testing: csp_id=1111, page_id=18000, browser=Firefox
Testing: csp_id=1111, page_id=18100, browser=Firefox
Testing: csp_id=1111, page_id=18200, browser=Firefox
Testing: csp_id=1111, page_id=18300, browser=Firefox
Testing: csp_id=1111, page_id=18400, browser=Firefox
Testing: csp_id=1111, page_id=18500, browser=Firefox
Testing: csp_id=1111, page_id=18600, browser=Firefox
Testing: csp_id=1111, page_id=18700, browser=Firefox
Testing: csp_id=1111, page_id=18800, browser=Firefox
Testing: csp_id=1111, page_id=18900, browser=Firefox
Testing: csp_id=1111, page_id=19000, browser=Firefox
Testing: csp_id=1111, page_id=19100, browser=Firefox
Testing: csp_id=1111, page_id=19200, browser=Firefox
Testing: csp_id=1111, page_id=19300, browser=Firefox
Testing: csp_id=1111, page_id=19400, browser=Firefox
Testing: csp_id=1111, page_id=19500, browser=Firefox
Testing: csp_id=1111, page_id=19600, browser=Firefox
Testing: csp_id=1111, page_id=19700, browser=Firefox
Testing: csp_id=1111, page_id=19800, browser=Firefox
Testing: csp_id=1111, page_id=19900, browser=Firefox
Testing: csp_id=1111, page_id=20000, browser=Firefox
Testing: csp_id=1111, page_id=20100, browser=Firefox
Testing: csp_id=1111, page_id=20200, browser=Firefox
Testing: csp_id=1111, page_id=20300, browser=Firefox
Testing: csp_id=1111, page_id=20400, browser=Firefox
Testing: csp_id=1111, page_id=20500, browser=Firefox
Testing: csp_id=1111, page_id=20600, browser=Firefox
Testing: csp_id=1111, page_id=20700, browser=Firefox
Testing: csp_id=1111, page_id=20800, browser=Firefox
Testing: csp_id=1111, page_id=20900, browser=Firefox
Testing: csp_id=1111, page_id=21000, browser=Firefox
Testing: csp_id=1111, page_id=21100, browser=Firefox
Testing: csp_id=1111, page_id=21200, browser=Firefox
Testing: csp_id=1111, page_id=21300, browser=Firefox
Testing: csp_id=1111, page_id=21400, browser=Firefox
Testing: csp_id=1111, page_id=21500, browser=Firefox
Testing: csp_id=1111, page_id=21600, browser=Firefox
Testing: csp_id=1111, page_id=21700, browser=Firefox
Testing: csp_id=1111, page_id=21800, browser=Firefox
Testing: csp_id=1111, page_id=21900, browser=Firefox
Testing: csp_id=1111, page_id=22000, browser=Firefox
Testing: csp_id=1111, page_id=22100, browser=Firefox
Testing: csp_id=1111, page_id=22200, browser=Firefox
Testing: csp_id=1111, page_id=22300, browser=Firefox
Testing: csp_id=1111, page_id=22400, browser=Firefox
Testing: csp_id=1111, page_id=22500, browser=Firefox
Testing: csp_id=1111, page_id=22600, browser=Firefox
Testing: csp_id=1111, page_id=22700, browser=Firefox
Testing: csp_id=1111, page_id=22800, browser=Firefox
Testing: csp_id=1111, page_id=22900, browser=Firefox
Testing: csp_id=1111, page_id=23000, browser=Firefox
Testing: csp_id=1111, page_id=23100, browser=Firefox
Testing: csp_id=1111, page_id=23200, browser=Firefox
Testing: csp_id=1111, page_id=23300, browser=Firefox
Testing: csp_id=1111, page_id=23400, browser=Firefox
Testing: csp_id=1111, page_id=23500, browser=Firefox
Testing: csp_id=1111, page_id=23600, browser=Firefox
Testing: csp_id=1111, page_id=23700, browser=Firefox
Testing: csp_id=1111, page_id=23800, browser=Firefox
Testing: csp_id=1111, page_id=23900, browser=Firefox
Testing: csp_id=1111, page_id=24000, browser=Firefox
Testing: csp_id=1111, page_id=24100, browser=Firefox
Testing: csp_id=1111, page_id=24200, browser=Firefox
Testing: csp_id=1111, page_id=24300, browser=Firefox
Testing: csp_id=1111, page_id=24400, browser=Firefox
Testing: csp_id=1111, page_id=24500, browser=Firefox
Testing: csp_id=1111, page_id=24600, browser=Firefox
Testing: csp_id=1111, page_id=24700, browser=Firefox
Testing: csp_id=1111, page_id=24800, browser=Firefox
Testing: csp_id=1111, page_id=24900, browser=Firefox
Testing: csp_id=1111, page_id=25000, browser=Firefox
Testing: csp_id=1111, page_id=25100, browser=Firefox
Testing: csp_id=1111, page_id=25200, browser=Firefox
Testing: csp_id=1111, page_id=25300, browser=Firefox
Testing: csp_id=1111, page_id=25400, browser=Firefox
Testing: csp_id=1111, page_id=25500, browser=Firefox
Testing: csp_id=1111, page_id=25600, browser=Firefox
Testing: csp_id=1111, page_id=25700, browser=Firefox
Testing: csp_id=1111, page_id=25800, browser=Firefox
Testing: csp_id=1111, page_id=25900, browser=Firefox
Testing: csp_id=1111, page_id=26000, browser=Firefox
Testing: csp_id=1111, page_id=26100, browser=Firefox
Testing: csp_id=1111, page_id=26200, browser=Firefox
Testing: csp_id=1111, page_id=26300, browser=Firefox
Testing: csp_id=1111, page_id=26400, browser=Firefox
Testing: csp_id=1111, page_id=26500, browser=Firefox
Testing: csp_id=1111, page_id=26600, browser=Firefox
Testing: csp_id=1111, page_id=26700, browser=Firefox
Testing: csp_id=1111, page_id=26800, browser=Firefox
Testing: csp_id=1111, page_id=26900, browser=Firefox
Testing: csp_id=1111, page_id=27000, browser=Firefox
Testing: csp_id=1111, page_id=27100, browser=Firefox
Testing: csp_id=1111, page_id=27200, browser=Firefox
Testing: csp_id=1111, page_id=27300, browser=Firefox
Testing: csp_id=1111, page_id=27400, browser=Firefox
Testing: csp_id=1111, page_id=27500, browser=Firefox
Testing: csp_id=1111, page_id=27600, browser=Firefox
Testing: csp_id=1111, page_id=27700, browser=Firefox
Testing: csp_id=1111, page_id=27800, browser=Firefox
Testing: csp_id=1111, page_id=27900, browser=Firefox
Testing: csp_id=1111, page_id=28000, browser=Firefox
Testing: csp_id=1111, page_id=28100, browser=Firefox
Testing: csp_id=1111, page_id=28200, browser=Firefox
Testing: csp_id=1111, page_id=28300, browser=Firefox
Testing: csp_id=1111, page_id=28400, browser=Firefox
Testing: csp_id=1111, page_id=28500, browser=Firefox
Testing: csp_id=1111, page_id=28600, browser=Firefox
Testing: csp_id=1111, page_id=28700, browser=Firefox
Testing: csp_id=1111, page_id=28800, browser=Firefox
Testing: csp_id=1111, page_id=28900, browser=Firefox
Testing: csp_id=1111, page_id=29000, browser=Firefox
Testing: csp_id=1111, page_id=29100, browser=Firefox
Testing: csp_id=1111, page_id=29200, browser=Firefox
Testing: csp_id=1111, page_id=29300, browser=Firefox
Testing: csp_id=1111, page_id=29400, browser=Firefox
Testing: csp_id=1111, page_id=29500, browser=Firefox
Testing: csp_id=1111, page_id=29600, browser=Firefox
Testing: csp_id=1111, page_id=29700, browser=Firefox
Testing: csp_id=1111, page_id=29800, browser=Firefox
🏊 create_context_pools[first] (5x16): 26.740s
Testing: csp_id=1123, page_id=0, browser=Firefox
Testing: csp_id=1123, page_id=100, browser=Firefox
Testing: csp_id=1123, page_id=200, browser=Firefox
Testing: csp_id=1123, page_id=300, browser=Firefox
Testing: csp_id=1123, page_id=400, browser=Firefox
Testing: csp_id=1123, page_id=500, browser=Firefox
Testing: csp_id=1123, page_id=600, browser=Firefox
Testing: csp_id=1123, page_id=700, browser=Firefox
Testing: csp_id=1123, page_id=800, browser=Firefox
Testing: csp_id=1123, page_id=900, browser=Firefox
Testing: csp_id=1123, page_id=1000, browser=Firefox
Testing: csp_id=1123, page_id=1100, browser=Firefox
Testing: csp_id=1123, page_id=1200, browser=Firefox
Testing: csp_id=1123, page_id=1300, browser=Firefox
Testing: csp_id=1123, page_id=1400, browser=Firefox
Testing: csp_id=1123, page_id=1500, browser=Firefox
Testing: csp_id=1123, page_id=1600, browser=Firefox
Testing: csp_id=1123, page_id=1700, browser=Firefox
Testing: csp_id=1123, page_id=1800, browser=Firefox
Testing: csp_id=1123, page_id=1900, browser=Firefox
Testing: csp_id=1123, page_id=2000, browser=Firefox
Testing: csp_id=1123, page_id=2100, browser=Firefox
Testing: csp_id=1123, page_id=2200, browser=Firefox
Testing: csp_id=1123, page_id=2300, browser=Firefox
Testing: csp_id=1123, page_id=2400, browser=Firefox
Testing: csp_id=1123, page_id=2500, browser=Firefox
Testing: csp_id=1123, page_id=2600, browser=Firefox
Testing: csp_id=1123, page_id=2700, browser=Firefox
Testing: csp_id=1123, page_id=2800, browser=Firefox
Testing: csp_id=1123, page_id=2900, browser=Firefox
Testing: csp_id=1123, page_id=3000, browser=Firefox
Testing: csp_id=1123, page_id=3100, browser=Firefox
Testing: csp_id=1123, page_id=3200, browser=Firefox
Testing: csp_id=1123, page_id=3300, browser=Firefox
Testing: csp_id=1123, page_id=3400, browser=Firefox
Testing: csp_id=1123, page_id=3500, browser=Firefox
Testing: csp_id=1123, page_id=3600, browser=Firefox
Testing: csp_id=1123, page_id=3700, browser=Firefox
Testing: csp_id=1123, page_id=3800, browser=Firefox
Testing: csp_id=1123, page_id=3900, browser=Firefox
Testing: csp_id=1123, page_id=4000, browser=Firefox
Testing: csp_id=1123, page_id=4100, browser=Firefox
Testing: csp_id=1123, page_id=4200, browser=Firefox
Testing: csp_id=1123, page_id=4300, browser=Firefox
Testing: csp_id=1123, page_id=4400, browser=Firefox
Testing: csp_id=1123, page_id=4500, browser=Firefox
Testing: csp_id=1123, page_id=4600, browser=Firefox
Testing: csp_id=1123, page_id=4700, browser=Firefox
Testing: csp_id=1123, page_id=4800, browser=Firefox
Testing: csp_id=1123, page_id=4900, browser=Firefox
Testing: csp_id=1123, page_id=5000, browser=Firefox
Testing: csp_id=1123, page_id=5100, browser=Firefox
Testing: csp_id=1123, page_id=5200, browser=Firefox
Testing: csp_id=1123, page_id=5300, browser=Firefox
Testing: csp_id=1123, page_id=5400, browser=Firefox
Testing: csp_id=1123, page_id=5500, browser=Firefox
Testing: csp_id=1123, page_id=5600, browser=Firefox
Testing: csp_id=1123, page_id=5700, browser=Firefox
Testing: csp_id=1123, page_id=5800, browser=Firefox
Testing: csp_id=1123, page_id=5900, browser=Firefox
Testing: csp_id=1123, page_id=6000, browser=Firefox
Testing: csp_id=1123, page_id=6100, browser=Firefox
Testing: csp_id=1123, page_id=6200, browser=Firefox
Testing: csp_id=1123, page_id=6300, browser=Firefox
Testing: csp_id=1123, page_id=6400, browser=Firefox
Testing: csp_id=1123, page_id=6500, browser=Firefox
Testing: csp_id=1123, page_id=6600, browser=Firefox
Testing: csp_id=1123, page_id=6700, browser=Firefox
Testing: csp_id=1123, page_id=6800, browser=Firefox
Testing: csp_id=1123, page_id=6900, browser=Firefox
Testing: csp_id=1123, page_id=7000, browser=Firefox
Testing: csp_id=1123, page_id=7100, browser=Firefox
Testing: csp_id=1123, page_id=7200, browser=Firefox
Testing: csp_id=1123, page_id=7300, browser=Firefox
Testing: csp_id=1123, page_id=7400, browser=Firefox
Testing: csp_id=1123, page_id=7500, browser=Firefox
Testing: csp_id=1123, page_id=7600, browser=Firefox
Testing: csp_id=1123, page_id=7700, browser=Firefox
Testing: csp_id=1123, page_id=7800, browser=Firefox
Testing: csp_id=1123, page_id=7900, browser=Firefox
Testing: csp_id=1123, page_id=8000, browser=Firefox
Testing: csp_id=1123, page_id=8100, browser=Firefox
Testing: csp_id=1123, page_id=8200, browser=Firefox
Testing: csp_id=1123, page_id=8300, browser=Firefox
Testing: csp_id=1123, page_id=8400, browser=Firefox
Testing: csp_id=1123, page_id=8500, browser=Firefox
Testing: csp_id=1123, page_id=8600, browser=Firefox
Testing: csp_id=1123, page_id=8700, browser=Firefox
Testing: csp_id=1123, page_id=8800, browser=Firefox
Testing: csp_id=1123, page_id=8900, browser=Firefox
Testing: csp_id=1123, page_id=9000, browser=Firefox
Testing: csp_id=1123, page_id=9100, browser=Firefox
Testing: csp_id=1123, page_id=9200, browser=Firefox
Testing: csp_id=1123, page_id=9300, browser=Firefox
Testing: csp_id=1123, page_id=9400, browser=Firefox
Testing: csp_id=1123, page_id=9500, browser=Firefox
Testing: csp_id=1123, page_id=9600, browser=Firefox
Testing: csp_id=1123, page_id=9700, browser=Firefox
Testing: csp_id=1123, page_id=9800, browser=Firefox
Testing: csp_id=1123, page_id=9900, browser=Firefox
Testing: csp_id=1123, page_id=10000, browser=Firefox
Testing: csp_id=1123, page_id=10100, browser=Firefox
Testing: csp_id=1123, page_id=10200, browser=Firefox
Testing: csp_id=1123, page_id=10300, browser=Firefox
Testing: csp_id=1123, page_id=10400, browser=Firefox
Testing: csp_id=1123, page_id=10500, browser=Firefox
Testing: csp_id=1123, page_id=10600, browser=Firefox
Testing: csp_id=1123, page_id=10700, browser=Firefox
Testing: csp_id=1123, page_id=10800, browser=Firefox
Testing: csp_id=1123, page_id=10900, browser=Firefox
Testing: csp_id=1123, page_id=11000, browser=Firefox
Testing: csp_id=1123, page_id=11100, browser=Firefox
Testing: csp_id=1123, page_id=11200, browser=Firefox
Testing: csp_id=1123, page_id=11300, browser=Firefox
Testing: csp_id=1123, page_id=11400, browser=Firefox
Testing: csp_id=1123, page_id=11500, browser=Firefox
Testing: csp_id=1123, page_id=11600, browser=Firefox
Testing: csp_id=1123, page_id=11700, browser=Firefox
Testing: csp_id=1123, page_id=11800, browser=Firefox
Testing: csp_id=1123, page_id=11900, browser=Firefox
Testing: csp_id=1123, page_id=12000, browser=Firefox
Testing: csp_id=1123, page_id=12100, browser=Firefox
Testing: csp_id=1123, page_id=12200, browser=Firefox
Testing: csp_id=1123, page_id=12300, browser=Firefox
Testing: csp_id=1123, page_id=12400, browser=Firefox
Testing: csp_id=1123, page_id=12500, browser=Firefox
Testing: csp_id=1123, page_id=12600, browser=Firefox
Testing: csp_id=1123, page_id=12700, browser=Firefox
Testing: csp_id=1123, page_id=12800, browser=Firefox
Testing: csp_id=1123, page_id=12900, browser=Firefox
Testing: csp_id=1123, page_id=13000, browser=Firefox
Testing: csp_id=1123, page_id=13100, browser=Firefox
Testing: csp_id=1123, page_id=13200, browser=Firefox
Testing: csp_id=1123, page_id=13300, browser=Firefox
Testing: csp_id=1123, page_id=13400, browser=Firefox
Testing: csp_id=1123, page_id=13500, browser=Firefox
Testing: csp_id=1123, page_id=13600, browser=Firefox
Testing: csp_id=1123, page_id=13700, browser=Firefox
Testing: csp_id=1123, page_id=13800, browser=Firefox
Testing: csp_id=1123, page_id=13900, browser=Firefox
Testing: csp_id=1123, page_id=14000, browser=Firefox
Testing: csp_id=1123, page_id=14100, browser=Firefox
Testing: csp_id=1123, page_id=14200, browser=Firefox
Testing: csp_id=1123, page_id=14300, browser=Firefox
Testing: csp_id=1123, page_id=14400, browser=Firefox
Testing: csp_id=1123, page_id=14500, browser=Firefox
Testing: csp_id=1123, page_id=14600, browser=Firefox
Testing: csp_id=1123, page_id=14700, browser=Firefox
Testing: csp_id=1123, page_id=14800, browser=Firefox
Testing: csp_id=1123, page_id=14900, browser=Firefox
Testing: csp_id=1123, page_id=15000, browser=Firefox
Testing: csp_id=1123, page_id=15100, browser=Firefox
Testing: csp_id=1123, page_id=15200, browser=Firefox
Testing: csp_id=1123, page_id=15300, browser=Firefox
Testing: csp_id=1123, page_id=15400, browser=Firefox
Testing: csp_id=1123, page_id=15500, browser=Firefox
Testing: csp_id=1123, page_id=15600, browser=Firefox
Testing: csp_id=1123, page_id=15700, browser=Firefox
Testing: csp_id=1123, page_id=15800, browser=Firefox
Testing: csp_id=1123, page_id=15900, browser=Firefox
Testing: csp_id=1123, page_id=16000, browser=Firefox
Testing: csp_id=1123, page_id=16100, browser=Firefox
Testing: csp_id=1123, page_id=16200, browser=Firefox
Testing: csp_id=1123, page_id=16300, browser=Firefox
Testing: csp_id=1123, page_id=16400, browser=Firefox
Testing: csp_id=1123, page_id=16500, browser=Firefox
Testing: csp_id=1123, page_id=16600, browser=Firefox
Testing: csp_id=1123, page_id=16700, browser=Firefox
Testing: csp_id=1123, page_id=16800, browser=Firefox
Testing: csp_id=1123, page_id=16900, browser=Firefox
Testing: csp_id=1123, page_id=17000, browser=Firefox
Testing: csp_id=1123, page_id=17100, browser=Firefox
Testing: csp_id=1123, page_id=17200, browser=Firefox
Testing: csp_id=1123, page_id=17300, browser=Firefox
Testing: csp_id=1123, page_id=17400, browser=Firefox
Testing: csp_id=1123, page_id=17500, browser=Firefox
Testing: csp_id=1123, page_id=17600, browser=Firefox
Testing: csp_id=1123, page_id=17700, browser=Firefox
Testing: csp_id=1123, page_id=17800, browser=Firefox
Testing: csp_id=1123, page_id=17900, browser=Firefox
Testing: csp_id=1123, page_id=18000, browser=Firefox
Testing: csp_id=1123, page_id=18100, browser=Firefox
Testing: csp_id=1123, page_id=18200, browser=Firefox
Testing: csp_id=1123, page_id=18300, browser=Firefox
Testing: csp_id=1123, page_id=18400, browser=Firefox
Testing: csp_id=1123, page_id=18500, browser=Firefox
Testing: csp_id=1123, page_id=18600, browser=Firefox
Testing: csp_id=1123, page_id=18700, browser=Firefox
Testing: csp_id=1123, page_id=18800, browser=Firefox
Testing: csp_id=1123, page_id=18900, browser=Firefox
Testing: csp_id=1123, page_id=19000, browser=Firefox
Testing: csp_id=1123, page_id=19100, browser=Firefox
Testing: csp_id=1123, page_id=19200, browser=Firefox
Testing: csp_id=1123, page_id=19300, browser=Firefox
Testing: csp_id=1123, page_id=19400, browser=Firefox
Testing: csp_id=1123, page_id=19500, browser=Firefox
Testing: csp_id=1123, page_id=19600, browser=Firefox
Testing: csp_id=1123, page_id=19700, browser=Firefox
Testing: csp_id=1123, page_id=19800, browser=Firefox
Testing: csp_id=1123, page_id=19900, browser=Firefox
Testing: csp_id=1123, page_id=20000, browser=Firefox
Testing: csp_id=1123, page_id=20100, browser=Firefox
Testing: csp_id=1123, page_id=20200, browser=Firefox
Testing: csp_id=1123, page_id=20300, browser=Firefox
Testing: csp_id=1123, page_id=20400, browser=Firefox
Testing: csp_id=1123, page_id=20500, browser=Firefox
Testing: csp_id=1123, page_id=20600, browser=Firefox
Testing: csp_id=1123, page_id=20700, browser=Firefox
Testing: csp_id=1123, page_id=20800, browser=Firefox
Testing: csp_id=1123, page_id=20900, browser=Firefox
Testing: csp_id=1123, page_id=21000, browser=Firefox
Testing: csp_id=1123, page_id=21100, browser=Firefox
Testing: csp_id=1123, page_id=21200, browser=Firefox
Testing: csp_id=1123, page_id=21300, browser=Firefox
Testing: csp_id=1123, page_id=21400, browser=Firefox
Testing: csp_id=1123, page_id=21500, browser=Firefox
Testing: csp_id=1123, page_id=21600, browser=Firefox
Testing: csp_id=1123, page_id=21700, browser=Firefox
Testing: csp_id=1123, page_id=21800, browser=Firefox
Testing: csp_id=1123, page_id=21900, browser=Firefox
Testing: csp_id=1123, page_id=22000, browser=Firefox
Testing: csp_id=1123, page_id=22100, browser=Firefox
Testing: csp_id=1123, page_id=22200, browser=Firefox
Testing: csp_id=1123, page_id=22300, browser=Firefox
Testing: csp_id=1123, page_id=22400, browser=Firefox
Testing: csp_id=1123, page_id=22500, browser=Firefox
Testing: csp_id=1123, page_id=22600, browser=Firefox
Testing: csp_id=1123, page_id=22700, browser=Firefox
Testing: csp_id=1123, page_id=22800, browser=Firefox
Testing: csp_id=1123, page_id=22900, browser=Firefox
Testing: csp_id=1123, page_id=23000, browser=Firefox
Testing: csp_id=1123, page_id=23100, browser=Firefox
Testing: csp_id=1123, page_id=23200, browser=Firefox
Testing: csp_id=1123, page_id=23300, browser=Firefox
Testing: csp_id=1123, page_id=23400, browser=Firefox
Testing: csp_id=1123, page_id=23500, browser=Firefox
Testing: csp_id=1123, page_id=23600, browser=Firefox
Testing: csp_id=1123, page_id=23700, browser=Firefox
Testing: csp_id=1123, page_id=23800, browser=Firefox
Testing: csp_id=1123, page_id=23900, browser=Firefox
Testing: csp_id=1123, page_id=24000, browser=Firefox
Testing: csp_id=1123, page_id=24100, browser=Firefox
Testing: csp_id=1123, page_id=24200, browser=Firefox
Testing: csp_id=1123, page_id=24300, browser=Firefox
Testing: csp_id=1123, page_id=24400, browser=Firefox
Testing: csp_id=1123, page_id=24500, browser=Firefox
Testing: csp_id=1123, page_id=24600, browser=Firefox
Testing: csp_id=1123, page_id=24700, browser=Firefox
Testing: csp_id=1123, page_id=24800, browser=Firefox
Testing: csp_id=1123, page_id=24900, browser=Firefox
Testing: csp_id=1123, page_id=25000, browser=Firefox
Testing: csp_id=1123, page_id=25100, browser=Firefox
Testing: csp_id=1123, page_id=25200, browser=Firefox
Testing: csp_id=1123, page_id=25300, browser=Firefox
Testing: csp_id=1123, page_id=25400, browser=Firefox
Testing: csp_id=1123, page_id=25500, browser=Firefox
Testing: csp_id=1123, page_id=25600, browser=Firefox
Testing: csp_id=1123, page_id=25700, browser=Firefox
Testing: csp_id=1123, page_id=25800, browser=Firefox
Testing: csp_id=1123, page_id=25900, browser=Firefox
Testing: csp_id=1123, page_id=26000, browser=Firefox
Testing: csp_id=1123, page_id=26100, browser=Firefox
Testing: csp_id=1123, page_id=26200, browser=Firefox
Testing: csp_id=1123, page_id=26300, browser=Firefox
Testing: csp_id=1123, page_id=26400, browser=Firefox
Testing: csp_id=1123, page_id=26500, browser=Firefox
Testing: csp_id=1123, page_id=26600, browser=Firefox
Testing: csp_id=1123, page_id=26700, browser=Firefox
Testing: csp_id=1123, page_id=26800, browser=Firefox
Testing: csp_id=1123, page_id=26900, browser=Firefox
Testing: csp_id=1123, page_id=27000, browser=Firefox
Testing: csp_id=1123, page_id=27100, browser=Firefox
Testing: csp_id=1123, page_id=27200, browser=Firefox
Testing: csp_id=1123, page_id=27300, browser=Firefox
Testing: csp_id=1123, page_id=27400, browser=Firefox
Testing: csp_id=1123, page_id=27500, browser=Firefox
Testing: csp_id=1123, page_id=27600, browser=Firefox
Testing: csp_id=1123, page_id=27700, browser=Firefox
Testing: csp_id=1123, page_id=27800, browser=Firefox
Testing: csp_id=1123, page_id=27900, browser=Firefox
Testing: csp_id=1123, page_id=28000, browser=Firefox
Testing: csp_id=1123, page_id=28100, browser=Firefox
Testing: csp_id=1123, page_id=28200, browser=Firefox
Testing: csp_id=1123, page_id=28300, browser=Firefox
Testing: csp_id=1123, page_id=28400, browser=Firefox
Testing: csp_id=1123, page_id=28500, browser=Firefox
Testing: csp_id=1123, page_id=28600, browser=Firefox
Testing: csp_id=1123, page_id=28700, browser=Firefox
Testing: csp_id=1123, page_id=28800, browser=Firefox
Testing: csp_id=1123, page_id=28900, browser=Firefox
Testing: csp_id=1123, page_id=29000, browser=Firefox
Testing: csp_id=1123, page_id=29100, browser=Firefox
Testing: csp_id=1123, page_id=29200, browser=Firefox
Testing: csp_id=1123, page_id=29300, browser=Firefox
Testing: csp_id=1123, page_id=29400, browser=Firefox
Testing: csp_id=1123, page_id=29500, browser=Firefox
Testing: csp_id=1123, page_id=29600, browser=Firefox
Testing: csp_id=1123, page_id=29700, browser=Firefox
Testing: csp_id=1123, page_id=29800, browser=Firefox
🏊 create_context_pools[first] (5x16): 30.051s
Testing: csp_id=1134, page_id=0, browser=Firefox
Testing: csp_id=1134, page_id=100, browser=Firefox
Testing: csp_id=1134, page_id=200, browser=Firefox
Testing: csp_id=1134, page_id=300, browser=Firefox
Testing: csp_id=1134, page_id=400, browser=Firefox
Testing: csp_id=1134, page_id=500, browser=Firefox
Testing: csp_id=1134, page_id=600, browser=Firefox
Testing: csp_id=1134, page_id=700, browser=Firefox
Testing: csp_id=1134, page_id=800, browser=Firefox
Testing: csp_id=1134, page_id=900, browser=Firefox
Testing: csp_id=1134, page_id=1000, browser=Firefox
Testing: csp_id=1134, page_id=1100, browser=Firefox
Testing: csp_id=1134, page_id=1200, browser=Firefox
Testing: csp_id=1134, page_id=1300, browser=Firefox
Testing: csp_id=1134, page_id=1400, browser=Firefox
Testing: csp_id=1134, page_id=1500, browser=Firefox
Testing: csp_id=1134, page_id=1600, browser=Firefox
Testing: csp_id=1134, page_id=1700, browser=Firefox
Testing: csp_id=1134, page_id=1800, browser=Firefox
Testing: csp_id=1134, page_id=1900, browser=Firefox
Testing: csp_id=1134, page_id=2000, browser=Firefox
Testing: csp_id=1134, page_id=2100, browser=Firefox
Testing: csp_id=1134, page_id=2200, browser=Firefox
Testing: csp_id=1134, page_id=2300, browser=Firefox
Testing: csp_id=1134, page_id=2400, browser=Firefox
Testing: csp_id=1134, page_id=2500, browser=Firefox
Testing: csp_id=1134, page_id=2600, browser=Firefox
Testing: csp_id=1134, page_id=2700, browser=Firefox
Testing: csp_id=1134, page_id=2800, browser=Firefox
Testing: csp_id=1134, page_id=2900, browser=Firefox
Testing: csp_id=1134, page_id=3000, browser=Firefox
Testing: csp_id=1134, page_id=3100, browser=Firefox
Testing: csp_id=1134, page_id=3200, browser=Firefox
Testing: csp_id=1134, page_id=3300, browser=Firefox
Testing: csp_id=1134, page_id=3400, browser=Firefox
Testing: csp_id=1134, page_id=3500, browser=Firefox
Testing: csp_id=1134, page_id=3600, browser=Firefox
Testing: csp_id=1134, page_id=3700, browser=Firefox
Testing: csp_id=1134, page_id=3800, browser=Firefox
Testing: csp_id=1134, page_id=3900, browser=Firefox
Testing: csp_id=1134, page_id=4000, browser=Firefox
Testing: csp_id=1134, page_id=4100, browser=Firefox
Testing: csp_id=1134, page_id=4200, browser=Firefox
Testing: csp_id=1134, page_id=4300, browser=Firefox
Testing: csp_id=1134, page_id=4400, browser=Firefox
Testing: csp_id=1134, page_id=4500, browser=Firefox
Testing: csp_id=1134, page_id=4600, browser=Firefox
Testing: csp_id=1134, page_id=4700, browser=Firefox
Testing: csp_id=1134, page_id=4800, browser=Firefox
Testing: csp_id=1134, page_id=4900, browser=Firefox
Testing: csp_id=1134, page_id=5000, browser=Firefox
Testing: csp_id=1134, page_id=5100, browser=Firefox
Testing: csp_id=1134, page_id=5200, browser=Firefox
Testing: csp_id=1134, page_id=5300, browser=Firefox
Testing: csp_id=1134, page_id=5400, browser=Firefox
Testing: csp_id=1134, page_id=5500, browser=Firefox
Testing: csp_id=1134, page_id=5600, browser=Firefox
Testing: csp_id=1134, page_id=5700, browser=Firefox
Testing: csp_id=1134, page_id=5800, browser=Firefox
Testing: csp_id=1134, page_id=5900, browser=Firefox
Testing: csp_id=1134, page_id=6000, browser=Firefox
Testing: csp_id=1134, page_id=6100, browser=Firefox
Testing: csp_id=1134, page_id=6200, browser=Firefox
Testing: csp_id=1134, page_id=6300, browser=Firefox
Testing: csp_id=1134, page_id=6400, browser=Firefox
Testing: csp_id=1134, page_id=6500, browser=Firefox
Testing: csp_id=1134, page_id=6600, browser=Firefox
Testing: csp_id=1134, page_id=6700, browser=Firefox
Testing: csp_id=1134, page_id=6800, browser=Firefox
Testing: csp_id=1134, page_id=6900, browser=Firefox
Testing: csp_id=1134, page_id=7000, browser=Firefox
Testing: csp_id=1134, page_id=7100, browser=Firefox
Testing: csp_id=1134, page_id=7200, browser=Firefox
Testing: csp_id=1134, page_id=7300, browser=Firefox
Testing: csp_id=1134, page_id=7400, browser=Firefox
Testing: csp_id=1134, page_id=7500, browser=Firefox
Testing: csp_id=1134, page_id=7600, browser=Firefox
Testing: csp_id=1134, page_id=7700, browser=Firefox
Testing: csp_id=1134, page_id=7800, browser=Firefox
Testing: csp_id=1134, page_id=7900, browser=Firefox
Testing: csp_id=1134, page_id=8000, browser=Firefox
Testing: csp_id=1134, page_id=8100, browser=Firefox
Testing: csp_id=1134, page_id=8200, browser=Firefox
Testing: csp_id=1134, page_id=8300, browser=Firefox
Testing: csp_id=1134, page_id=8400, browser=Firefox
Testing: csp_id=1134, page_id=8500, browser=Firefox
Testing: csp_id=1134, page_id=8600, browser=Firefox
Testing: csp_id=1134, page_id=8700, browser=Firefox
Testing: csp_id=1134, page_id=8800, browser=Firefox
Testing: csp_id=1134, page_id=8900, browser=Firefox
Testing: csp_id=1134, page_id=9000, browser=Firefox
Testing: csp_id=1134, page_id=9100, browser=Firefox
Testing: csp_id=1134, page_id=9200, browser=Firefox
Testing: csp_id=1134, page_id=9300, browser=Firefox
Testing: csp_id=1134, page_id=9400, browser=Firefox
Testing: csp_id=1134, page_id=9500, browser=Firefox
Testing: csp_id=1134, page_id=9600, browser=Firefox
Testing: csp_id=1134, page_id=9700, browser=Firefox
Testing: csp_id=1134, page_id=9800, browser=Firefox
Testing: csp_id=1134, page_id=9900, browser=Firefox
Testing: csp_id=1134, page_id=10000, browser=Firefox
Testing: csp_id=1134, page_id=10100, browser=Firefox
Testing: csp_id=1134, page_id=10200, browser=Firefox
Testing: csp_id=1134, page_id=10300, browser=Firefox
Testing: csp_id=1134, page_id=10400, browser=Firefox
Testing: csp_id=1134, page_id=10500, browser=Firefox
Testing: csp_id=1134, page_id=10600, browser=Firefox
Testing: csp_id=1134, page_id=10700, browser=Firefox
Testing: csp_id=1134, page_id=10800, browser=Firefox
Testing: csp_id=1134, page_id=10900, browser=Firefox
Testing: csp_id=1134, page_id=11000, browser=Firefox
Testing: csp_id=1134, page_id=11100, browser=Firefox
Testing: csp_id=1134, page_id=11200, browser=Firefox
Testing: csp_id=1134, page_id=11300, browser=Firefox
Testing: csp_id=1134, page_id=11400, browser=Firefox
Testing: csp_id=1134, page_id=11500, browser=Firefox
Testing: csp_id=1134, page_id=11600, browser=Firefox
Testing: csp_id=1134, page_id=11700, browser=Firefox
Testing: csp_id=1134, page_id=11800, browser=Firefox
Testing: csp_id=1134, page_id=11900, browser=Firefox
Testing: csp_id=1134, page_id=12000, browser=Firefox
Testing: csp_id=1134, page_id=12100, browser=Firefox
Testing: csp_id=1134, page_id=12200, browser=Firefox
Testing: csp_id=1134, page_id=12300, browser=Firefox
Testing: csp_id=1134, page_id=12400, browser=Firefox
Testing: csp_id=1134, page_id=12500, browser=Firefox
Testing: csp_id=1134, page_id=12600, browser=Firefox
Testing: csp_id=1134, page_id=12700, browser=Firefox
Testing: csp_id=1134, page_id=12800, browser=Firefox
Testing: csp_id=1134, page_id=12900, browser=Firefox
Testing: csp_id=1134, page_id=13000, browser=Firefox
Testing: csp_id=1134, page_id=13100, browser=Firefox
Testing: csp_id=1134, page_id=13200, browser=Firefox
Testing: csp_id=1134, page_id=13300, browser=Firefox
Testing: csp_id=1134, page_id=13400, browser=Firefox
Testing: csp_id=1134, page_id=13500, browser=Firefox
Testing: csp_id=1134, page_id=13600, browser=Firefox
Testing: csp_id=1134, page_id=13700, browser=Firefox
Testing: csp_id=1134, page_id=13800, browser=Firefox
Testing: csp_id=1134, page_id=13900, browser=Firefox
Testing: csp_id=1134, page_id=14000, browser=Firefox
Testing: csp_id=1134, page_id=14100, browser=Firefox
Testing: csp_id=1134, page_id=14200, browser=Firefox
Testing: csp_id=1134, page_id=14300, browser=Firefox
Testing: csp_id=1134, page_id=14400, browser=Firefox
Testing: csp_id=1134, page_id=14500, browser=Firefox
Testing: csp_id=1134, page_id=14600, browser=Firefox
Testing: csp_id=1134, page_id=14700, browser=Firefox
Testing: csp_id=1134, page_id=14800, browser=Firefox
Testing: csp_id=1134, page_id=14900, browser=Firefox
Testing: csp_id=1134, page_id=15000, browser=Firefox
Testing: csp_id=1134, page_id=15100, browser=Firefox
Testing: csp_id=1134, page_id=15200, browser=Firefox
Testing: csp_id=1134, page_id=15300, browser=Firefox
Testing: csp_id=1134, page_id=15400, browser=Firefox
Testing: csp_id=1134, page_id=15500, browser=Firefox
Testing: csp_id=1134, page_id=15600, browser=Firefox
Testing: csp_id=1134, page_id=15700, browser=Firefox
Testing: csp_id=1134, page_id=15800, browser=Firefox
Testing: csp_id=1134, page_id=15900, browser=Firefox
Testing: csp_id=1134, page_id=16000, browser=Firefox
Testing: csp_id=1134, page_id=16100, browser=Firefox
Testing: csp_id=1134, page_id=16200, browser=Firefox
Testing: csp_id=1134, page_id=16300, browser=Firefox
Testing: csp_id=1134, page_id=16400, browser=Firefox
Testing: csp_id=1134, page_id=16500, browser=Firefox
Testing: csp_id=1134, page_id=16600, browser=Firefox
Testing: csp_id=1134, page_id=16700, browser=Firefox
Testing: csp_id=1134, page_id=16800, browser=Firefox
Testing: csp_id=1134, page_id=16900, browser=Firefox
Testing: csp_id=1134, page_id=17000, browser=Firefox
Testing: csp_id=1134, page_id=17100, browser=Firefox
Testing: csp_id=1134, page_id=17200, browser=Firefox
Testing: csp_id=1134, page_id=17300, browser=Firefox
Testing: csp_id=1134, page_id=17400, browser=Firefox
Testing: csp_id=1134, page_id=17500, browser=Firefox
Testing: csp_id=1134, page_id=17600, browser=Firefox
Testing: csp_id=1134, page_id=17700, browser=Firefox
Testing: csp_id=1134, page_id=17800, browser=Firefox
Testing: csp_id=1134, page_id=17900, browser=Firefox
Testing: csp_id=1134, page_id=18000, browser=Firefox
Testing: csp_id=1134, page_id=18100, browser=Firefox
Testing: csp_id=1134, page_id=18200, browser=Firefox
Testing: csp_id=1134, page_id=18300, browser=Firefox
Testing: csp_id=1134, page_id=18400, browser=Firefox
Testing: csp_id=1134, page_id=18500, browser=Firefox
Testing: csp_id=1134, page_id=18600, browser=Firefox
Testing: csp_id=1134, page_id=18700, browser=Firefox
Testing: csp_id=1134, page_id=18800, browser=Firefox
Testing: csp_id=1134, page_id=18900, browser=Firefox
Testing: csp_id=1134, page_id=19000, browser=Firefox
Testing: csp_id=1134, page_id=19100, browser=Firefox
Testing: csp_id=1134, page_id=19200, browser=Firefox
Testing: csp_id=1134, page_id=19300, browser=Firefox
Testing: csp_id=1134, page_id=19400, browser=Firefox
Testing: csp_id=1134, page_id=19500, browser=Firefox
Testing: csp_id=1134, page_id=19600, browser=Firefox
Testing: csp_id=1134, page_id=19700, browser=Firefox
Testing: csp_id=1134, page_id=19800, browser=Firefox
Testing: csp_id=1134, page_id=19900, browser=Firefox
Testing: csp_id=1134, page_id=20000, browser=Firefox
Testing: csp_id=1134, page_id=20100, browser=Firefox
Testing: csp_id=1134, page_id=20200, browser=Firefox
Testing: csp_id=1134, page_id=20300, browser=Firefox
Testing: csp_id=1134, page_id=20400, browser=Firefox
Testing: csp_id=1134, page_id=20500, browser=Firefox
Testing: csp_id=1134, page_id=20600, browser=Firefox
Testing: csp_id=1134, page_id=20700, browser=Firefox
Testing: csp_id=1134, page_id=20800, browser=Firefox
Testing: csp_id=1134, page_id=20900, browser=Firefox
Testing: csp_id=1134, page_id=21000, browser=Firefox
Testing: csp_id=1134, page_id=21100, browser=Firefox
Testing: csp_id=1134, page_id=21200, browser=Firefox
Testing: csp_id=1134, page_id=21300, browser=Firefox
Testing: csp_id=1134, page_id=21400, browser=Firefox
Testing: csp_id=1134, page_id=21500, browser=Firefox
Testing: csp_id=1134, page_id=21600, browser=Firefox
Testing: csp_id=1134, page_id=21700, browser=Firefox
Testing: csp_id=1134, page_id=21800, browser=Firefox
Testing: csp_id=1134, page_id=21900, browser=Firefox
Testing: csp_id=1134, page_id=22000, browser=Firefox
Testing: csp_id=1134, page_id=22100, browser=Firefox
Testing: csp_id=1134, page_id=22200, browser=Firefox
Testing: csp_id=1134, page_id=22300, browser=Firefox
Testing: csp_id=1134, page_id=22400, browser=Firefox
Testing: csp_id=1134, page_id=22500, browser=Firefox
Testing: csp_id=1134, page_id=22600, browser=Firefox
Testing: csp_id=1134, page_id=22700, browser=Firefox
Testing: csp_id=1134, page_id=22800, browser=Firefox
Testing: csp_id=1134, page_id=22900, browser=Firefox
Testing: csp_id=1134, page_id=23000, browser=Firefox
Testing: csp_id=1134, page_id=23100, browser=Firefox
Testing: csp_id=1134, page_id=23200, browser=Firefox
Testing: csp_id=1134, page_id=23300, browser=Firefox
Testing: csp_id=1134, page_id=23400, browser=Firefox
Testing: csp_id=1134, page_id=23500, browser=Firefox
Testing: csp_id=1134, page_id=23600, browser=Firefox
Testing: csp_id=1134, page_id=23700, browser=Firefox
Testing: csp_id=1134, page_id=23800, browser=Firefox
Testing: csp_id=1134, page_id=23900, browser=Firefox
Testing: csp_id=1134, page_id=24000, browser=Firefox
Testing: csp_id=1134, page_id=24100, browser=Firefox
Testing: csp_id=1134, page_id=24200, browser=Firefox
Testing: csp_id=1134, page_id=24300, browser=Firefox
Testing: csp_id=1134, page_id=24400, browser=Firefox
Testing: csp_id=1134, page_id=24500, browser=Firefox
Testing: csp_id=1134, page_id=24600, browser=Firefox
Testing: csp_id=1134, page_id=24700, browser=Firefox
Testing: csp_id=1134, page_id=24800, browser=Firefox
Testing: csp_id=1134, page_id=24900, browser=Firefox
Testing: csp_id=1134, page_id=25000, browser=Firefox
Testing: csp_id=1134, page_id=25100, browser=Firefox
Testing: csp_id=1134, page_id=25200, browser=Firefox
Testing: csp_id=1134, page_id=25300, browser=Firefox
Testing: csp_id=1134, page_id=25400, browser=Firefox
Testing: csp_id=1134, page_id=25500, browser=Firefox
Testing: csp_id=1134, page_id=25600, browser=Firefox
Testing: csp_id=1134, page_id=25700, browser=Firefox
Testing: csp_id=1134, page_id=25800, browser=Firefox
Testing: csp_id=1134, page_id=25900, browser=Firefox
Testing: csp_id=1134, page_id=26000, browser=Firefox
Testing: csp_id=1134, page_id=26100, browser=Firefox
Testing: csp_id=1134, page_id=26200, browser=Firefox
Testing: csp_id=1134, page_id=26300, browser=Firefox
Testing: csp_id=1134, page_id=26400, browser=Firefox
Testing: csp_id=1134, page_id=26500, browser=Firefox
Testing: csp_id=1134, page_id=26600, browser=Firefox
Testing: csp_id=1134, page_id=26700, browser=Firefox
Testing: csp_id=1134, page_id=26800, browser=Firefox
Testing: csp_id=1134, page_id=26900, browser=Firefox
Testing: csp_id=1134, page_id=27000, browser=Firefox
Testing: csp_id=1134, page_id=27100, browser=Firefox
Testing: csp_id=1134, page_id=27200, browser=Firefox
Testing: csp_id=1134, page_id=27300, browser=Firefox
Testing: csp_id=1134, page_id=27400, browser=Firefox
Testing: csp_id=1134, page_id=27500, browser=Firefox
Testing: csp_id=1134, page_id=27600, browser=Firefox
Testing: csp_id=1134, page_id=27700, browser=Firefox
Testing: csp_id=1134, page_id=27800, browser=Firefox
Testing: csp_id=1134, page_id=27900, browser=Firefox
Testing: csp_id=1134, page_id=28000, browser=Firefox
Testing: csp_id=1134, page_id=28100, browser=Firefox
Testing: csp_id=1134, page_id=28200, browser=Firefox
Testing: csp_id=1134, page_id=28300, browser=Firefox
Testing: csp_id=1134, page_id=28400, browser=Firefox
Testing: csp_id=1134, page_id=28500, browser=Firefox
Testing: csp_id=1134, page_id=28600, browser=Firefox
Testing: csp_id=1134, page_id=28700, browser=Firefox
Testing: csp_id=1134, page_id=28800, browser=Firefox
Testing: csp_id=1134, page_id=28900, browser=Firefox
Testing: csp_id=1134, page_id=29000, browser=Firefox
Testing: csp_id=1134, page_id=29100, browser=Firefox
Testing: csp_id=1134, page_id=29200, browser=Firefox
Testing: csp_id=1134, page_id=29300, browser=Firefox
Testing: csp_id=1134, page_id=29400, browser=Firefox
Testing: csp_id=1134, page_id=29500, browser=Firefox
Testing: csp_id=1134, page_id=29600, browser=Firefox
Testing: csp_id=1134, page_id=29700, browser=Firefox
Testing: csp_id=1134, page_id=29800, browser=Firefox
🏊 create_context_pools[first] (5x16): 28.872s
Testing: csp_id=1145, page_id=0, browser=Firefox
Testing: csp_id=1145, page_id=100, browser=Firefox
Testing: csp_id=1145, page_id=200, browser=Firefox
Testing: csp_id=1145, page_id=300, browser=Firefox
Testing: csp_id=1145, page_id=400, browser=Firefox
Testing: csp_id=1145, page_id=500, browser=Firefox
Testing: csp_id=1145, page_id=600, browser=Firefox
Testing: csp_id=1145, page_id=700, browser=Firefox
Testing: csp_id=1145, page_id=800, browser=Firefox
Testing: csp_id=1145, page_id=900, browser=Firefox
Testing: csp_id=1145, page_id=1000, browser=Firefox
Testing: csp_id=1145, page_id=1100, browser=Firefox
Testing: csp_id=1145, page_id=1200, browser=Firefox
Testing: csp_id=1145, page_id=1300, browser=Firefox
Testing: csp_id=1145, page_id=1400, browser=Firefox
Testing: csp_id=1145, page_id=1500, browser=Firefox
Testing: csp_id=1145, page_id=1600, browser=Firefox
Testing: csp_id=1145, page_id=1700, browser=Firefox
Testing: csp_id=1145, page_id=1800, browser=Firefox
Testing: csp_id=1145, page_id=1900, browser=Firefox
Testing: csp_id=1145, page_id=2000, browser=Firefox
Testing: csp_id=1145, page_id=2100, browser=Firefox
Testing: csp_id=1145, page_id=2200, browser=Firefox
Testing: csp_id=1145, page_id=2300, browser=Firefox
Testing: csp_id=1145, page_id=2400, browser=Firefox
Testing: csp_id=1145, page_id=2500, browser=Firefox
Testing: csp_id=1145, page_id=2600, browser=Firefox
Testing: csp_id=1145, page_id=2700, browser=Firefox
Testing: csp_id=1145, page_id=2800, browser=Firefox
Testing: csp_id=1145, page_id=2900, browser=Firefox
Testing: csp_id=1145, page_id=3000, browser=Firefox
Testing: csp_id=1145, page_id=3100, browser=Firefox
Testing: csp_id=1145, page_id=3200, browser=Firefox
Testing: csp_id=1145, page_id=3300, browser=Firefox
Testing: csp_id=1145, page_id=3400, browser=Firefox
Testing: csp_id=1145, page_id=3500, browser=Firefox
Testing: csp_id=1145, page_id=3600, browser=Firefox
Testing: csp_id=1145, page_id=3700, browser=Firefox
Testing: csp_id=1145, page_id=3800, browser=Firefox
Testing: csp_id=1145, page_id=3900, browser=Firefox
Testing: csp_id=1145, page_id=4000, browser=Firefox
Testing: csp_id=1145, page_id=4100, browser=Firefox
Testing: csp_id=1145, page_id=4200, browser=Firefox
Testing: csp_id=1145, page_id=4300, browser=Firefox
Testing: csp_id=1145, page_id=4400, browser=Firefox
Testing: csp_id=1145, page_id=4500, browser=Firefox
Testing: csp_id=1145, page_id=4600, browser=Firefox
Testing: csp_id=1145, page_id=4700, browser=Firefox
Testing: csp_id=1145, page_id=4800, browser=Firefox
Testing: csp_id=1145, page_id=4900, browser=Firefox
Testing: csp_id=1145, page_id=5000, browser=Firefox
Testing: csp_id=1145, page_id=5100, browser=Firefox
Testing: csp_id=1145, page_id=5200, browser=Firefox
Testing: csp_id=1145, page_id=5300, browser=Firefox
Testing: csp_id=1145, page_id=5400, browser=Firefox
Testing: csp_id=1145, page_id=5500, browser=Firefox
Testing: csp_id=1145, page_id=5600, browser=Firefox
Testing: csp_id=1145, page_id=5700, browser=Firefox
Testing: csp_id=1145, page_id=5800, browser=Firefox
Testing: csp_id=1145, page_id=5900, browser=Firefox
Testing: csp_id=1145, page_id=6000, browser=Firefox
Testing: csp_id=1145, page_id=6100, browser=Firefox
Testing: csp_id=1145, page_id=6200, browser=Firefox
Testing: csp_id=1145, page_id=6300, browser=Firefox
Testing: csp_id=1145, page_id=6400, browser=Firefox
Testing: csp_id=1145, page_id=6500, browser=Firefox
Testing: csp_id=1145, page_id=6600, browser=Firefox
Testing: csp_id=1145, page_id=6700, browser=Firefox
Testing: csp_id=1145, page_id=6800, browser=Firefox
Testing: csp_id=1145, page_id=6900, browser=Firefox
Testing: csp_id=1145, page_id=7000, browser=Firefox
Testing: csp_id=1145, page_id=7100, browser=Firefox
Testing: csp_id=1145, page_id=7200, browser=Firefox
Testing: csp_id=1145, page_id=7300, browser=Firefox
Testing: csp_id=1145, page_id=7400, browser=Firefox
Testing: csp_id=1145, page_id=7500, browser=Firefox
Testing: csp_id=1145, page_id=7600, browser=Firefox
Testing: csp_id=1145, page_id=7700, browser=Firefox
Testing: csp_id=1145, page_id=7800, browser=Firefox
Testing: csp_id=1145, page_id=7900, browser=Firefox
Testing: csp_id=1145, page_id=8000, browser=Firefox
Testing: csp_id=1145, page_id=8100, browser=Firefox
Testing: csp_id=1145, page_id=8200, browser=Firefox
Testing: csp_id=1145, page_id=8300, browser=Firefox
Testing: csp_id=1145, page_id=8400, browser=Firefox
Testing: csp_id=1145, page_id=8500, browser=Firefox
Testing: csp_id=1145, page_id=8600, browser=Firefox
Testing: csp_id=1145, page_id=8700, browser=Firefox
Testing: csp_id=1145, page_id=8800, browser=Firefox
Testing: csp_id=1145, page_id=8900, browser=Firefox
Testing: csp_id=1145, page_id=9000, browser=Firefox
Testing: csp_id=1145, page_id=9100, browser=Firefox
Testing: csp_id=1145, page_id=9200, browser=Firefox
Testing: csp_id=1145, page_id=9300, browser=Firefox
Testing: csp_id=1145, page_id=9400, browser=Firefox
Testing: csp_id=1145, page_id=9500, browser=Firefox
Testing: csp_id=1145, page_id=9600, browser=Firefox
Testing: csp_id=1145, page_id=9700, browser=Firefox
Testing: csp_id=1145, page_id=9800, browser=Firefox
Testing: csp_id=1145, page_id=9900, browser=Firefox
Testing: csp_id=1145, page_id=10000, browser=Firefox
Testing: csp_id=1145, page_id=10100, browser=Firefox
Testing: csp_id=1145, page_id=10200, browser=Firefox
Testing: csp_id=1145, page_id=10300, browser=Firefox
Testing: csp_id=1145, page_id=10400, browser=Firefox
Testing: csp_id=1145, page_id=10500, browser=Firefox
Testing: csp_id=1145, page_id=10600, browser=Firefox
Testing: csp_id=1145, page_id=10700, browser=Firefox
Testing: csp_id=1145, page_id=10800, browser=Firefox
Testing: csp_id=1145, page_id=10900, browser=Firefox
Testing: csp_id=1145, page_id=11000, browser=Firefox
Testing: csp_id=1145, page_id=11100, browser=Firefox
Testing: csp_id=1145, page_id=11200, browser=Firefox
Testing: csp_id=1145, page_id=11300, browser=Firefox
Testing: csp_id=1145, page_id=11400, browser=Firefox
Testing: csp_id=1145, page_id=11500, browser=Firefox
Testing: csp_id=1145, page_id=11600, browser=Firefox
Testing: csp_id=1145, page_id=11700, browser=Firefox
Testing: csp_id=1145, page_id=11800, browser=Firefox
Testing: csp_id=1145, page_id=11900, browser=Firefox
Testing: csp_id=1145, page_id=12000, browser=Firefox
Testing: csp_id=1145, page_id=12100, browser=Firefox
Testing: csp_id=1145, page_id=12200, browser=Firefox
Testing: csp_id=1145, page_id=12300, browser=Firefox
Testing: csp_id=1145, page_id=12400, browser=Firefox
Testing: csp_id=1145, page_id=12500, browser=Firefox
Testing: csp_id=1145, page_id=12600, browser=Firefox
Testing: csp_id=1145, page_id=12700, browser=Firefox
Testing: csp_id=1145, page_id=12800, browser=Firefox
Testing: csp_id=1145, page_id=12900, browser=Firefox
Testing: csp_id=1145, page_id=13000, browser=Firefox
Testing: csp_id=1145, page_id=13100, browser=Firefox
Testing: csp_id=1145, page_id=13200, browser=Firefox
Testing: csp_id=1145, page_id=13300, browser=Firefox
Testing: csp_id=1145, page_id=13400, browser=Firefox
Testing: csp_id=1145, page_id=13500, browser=Firefox
Testing: csp_id=1145, page_id=13600, browser=Firefox
Testing: csp_id=1145, page_id=13700, browser=Firefox
Testing: csp_id=1145, page_id=13800, browser=Firefox
Testing: csp_id=1145, page_id=13900, browser=Firefox
Testing: csp_id=1145, page_id=14000, browser=Firefox
Testing: csp_id=1145, page_id=14100, browser=Firefox
Testing: csp_id=1145, page_id=14200, browser=Firefox
Testing: csp_id=1145, page_id=14300, browser=Firefox
Testing: csp_id=1145, page_id=14400, browser=Firefox
Testing: csp_id=1145, page_id=14500, browser=Firefox
Testing: csp_id=1145, page_id=14600, browser=Firefox
Testing: csp_id=1145, page_id=14700, browser=Firefox
Testing: csp_id=1145, page_id=14800, browser=Firefox
Testing: csp_id=1145, page_id=14900, browser=Firefox
Testing: csp_id=1145, page_id=15000, browser=Firefox
Testing: csp_id=1145, page_id=15100, browser=Firefox
Testing: csp_id=1145, page_id=15200, browser=Firefox
Testing: csp_id=1145, page_id=15300, browser=Firefox
Testing: csp_id=1145, page_id=15400, browser=Firefox
Testing: csp_id=1145, page_id=15500, browser=Firefox
Testing: csp_id=1145, page_id=15600, browser=Firefox
Testing: csp_id=1145, page_id=15700, browser=Firefox
Testing: csp_id=1145, page_id=15800, browser=Firefox
Testing: csp_id=1145, page_id=15900, browser=Firefox
Testing: csp_id=1145, page_id=16000, browser=Firefox
Testing: csp_id=1145, page_id=16100, browser=Firefox
Testing: csp_id=1145, page_id=16200, browser=Firefox
Testing: csp_id=1145, page_id=16300, browser=Firefox
Testing: csp_id=1145, page_id=16400, browser=Firefox
Testing: csp_id=1145, page_id=16500, browser=Firefox
Testing: csp_id=1145, page_id=16600, browser=Firefox
Testing: csp_id=1145, page_id=16700, browser=Firefox
Testing: csp_id=1145, page_id=16800, browser=Firefox
Testing: csp_id=1145, page_id=16900, browser=Firefox
Testing: csp_id=1145, page_id=17000, browser=Firefox
Testing: csp_id=1145, page_id=17100, browser=Firefox
Testing: csp_id=1145, page_id=17200, browser=Firefox
Testing: csp_id=1145, page_id=17300, browser=Firefox
Testing: csp_id=1145, page_id=17400, browser=Firefox
Testing: csp_id=1145, page_id=17500, browser=Firefox
Testing: csp_id=1145, page_id=17600, browser=Firefox
Testing: csp_id=1145, page_id=17700, browser=Firefox
Testing: csp_id=1145, page_id=17800, browser=Firefox
Testing: csp_id=1145, page_id=17900, browser=Firefox
Testing: csp_id=1145, page_id=18000, browser=Firefox
Testing: csp_id=1145, page_id=18100, browser=Firefox
Testing: csp_id=1145, page_id=18200, browser=Firefox
Testing: csp_id=1145, page_id=18300, browser=Firefox
Testing: csp_id=1145, page_id=18400, browser=Firefox
Testing: csp_id=1145, page_id=18500, browser=Firefox
Testing: csp_id=1145, page_id=18600, browser=Firefox
Testing: csp_id=1145, page_id=18700, browser=Firefox
Testing: csp_id=1145, page_id=18800, browser=Firefox
Testing: csp_id=1145, page_id=18900, browser=Firefox
Testing: csp_id=1145, page_id=19000, browser=Firefox
Testing: csp_id=1145, page_id=19100, browser=Firefox
Testing: csp_id=1145, page_id=19200, browser=Firefox
Testing: csp_id=1145, page_id=19300, browser=Firefox
Testing: csp_id=1145, page_id=19400, browser=Firefox
Testing: csp_id=1145, page_id=19500, browser=Firefox
Testing: csp_id=1145, page_id=19600, browser=Firefox
Testing: csp_id=1145, page_id=19700, browser=Firefox
Testing: csp_id=1145, page_id=19800, browser=Firefox
Testing: csp_id=1145, page_id=19900, browser=Firefox
Testing: csp_id=1145, page_id=20000, browser=Firefox
Testing: csp_id=1145, page_id=20100, browser=Firefox
Testing: csp_id=1145, page_id=20200, browser=Firefox
Testing: csp_id=1145, page_id=20300, browser=Firefox
Testing: csp_id=1145, page_id=20400, browser=Firefox
Testing: csp_id=1145, page_id=20500, browser=Firefox
Testing: csp_id=1145, page_id=20600, browser=Firefox
Testing: csp_id=1145, page_id=20700, browser=Firefox
Testing: csp_id=1145, page_id=20800, browser=Firefox
Testing: csp_id=1145, page_id=20900, browser=Firefox
Testing: csp_id=1145, page_id=21000, browser=Firefox
Testing: csp_id=1145, page_id=21100, browser=Firefox
Testing: csp_id=1145, page_id=21200, browser=Firefox
Testing: csp_id=1145, page_id=21300, browser=Firefox
Testing: csp_id=1145, page_id=21400, browser=Firefox
Testing: csp_id=1145, page_id=21500, browser=Firefox
Testing: csp_id=1145, page_id=21600, browser=Firefox
Testing: csp_id=1145, page_id=21700, browser=Firefox
Testing: csp_id=1145, page_id=21800, browser=Firefox
Testing: csp_id=1145, page_id=21900, browser=Firefox
Testing: csp_id=1145, page_id=22000, browser=Firefox
Testing: csp_id=1145, page_id=22100, browser=Firefox
Testing: csp_id=1145, page_id=22200, browser=Firefox
Testing: csp_id=1145, page_id=22300, browser=Firefox
Testing: csp_id=1145, page_id=22400, browser=Firefox
Testing: csp_id=1145, page_id=22500, browser=Firefox
Testing: csp_id=1145, page_id=22600, browser=Firefox
Testing: csp_id=1145, page_id=22700, browser=Firefox
Testing: csp_id=1145, page_id=22800, browser=Firefox
Testing: csp_id=1145, page_id=22900, browser=Firefox
Testing: csp_id=1145, page_id=23000, browser=Firefox
Testing: csp_id=1145, page_id=23100, browser=Firefox
Testing: csp_id=1145, page_id=23200, browser=Firefox
Testing: csp_id=1145, page_id=23300, browser=Firefox
Testing: csp_id=1145, page_id=23400, browser=Firefox
Testing: csp_id=1145, page_id=23500, browser=Firefox
Testing: csp_id=1145, page_id=23600, browser=Firefox
Testing: csp_id=1145, page_id=23700, browser=Firefox
Testing: csp_id=1145, page_id=23800, browser=Firefox
Testing: csp_id=1145, page_id=23900, browser=Firefox
Testing: csp_id=1145, page_id=24000, browser=Firefox
Testing: csp_id=1145, page_id=24100, browser=Firefox
Testing: csp_id=1145, page_id=24200, browser=Firefox
Testing: csp_id=1145, page_id=24300, browser=Firefox
Testing: csp_id=1145, page_id=24400, browser=Firefox
Testing: csp_id=1145, page_id=24500, browser=Firefox
Testing: csp_id=1145, page_id=24600, browser=Firefox
Testing: csp_id=1145, page_id=24700, browser=Firefox
Testing: csp_id=1145, page_id=24800, browser=Firefox
Testing: csp_id=1145, page_id=24900, browser=Firefox
Testing: csp_id=1145, page_id=25000, browser=Firefox
Testing: csp_id=1145, page_id=25100, browser=Firefox
Testing: csp_id=1145, page_id=25200, browser=Firefox
Testing: csp_id=1145, page_id=25300, browser=Firefox
Testing: csp_id=1145, page_id=25400, browser=Firefox
Testing: csp_id=1145, page_id=25500, browser=Firefox
Testing: csp_id=1145, page_id=25600, browser=Firefox
Testing: csp_id=1145, page_id=25700, browser=Firefox
Testing: csp_id=1145, page_id=25800, browser=Firefox
Testing: csp_id=1145, page_id=25900, browser=Firefox
Testing: csp_id=1145, page_id=26000, browser=Firefox
Testing: csp_id=1145, page_id=26100, browser=Firefox
Testing: csp_id=1145, page_id=26200, browser=Firefox
Testing: csp_id=1145, page_id=26300, browser=Firefox
Testing: csp_id=1145, page_id=26400, browser=Firefox
Testing: csp_id=1145, page_id=26500, browser=Firefox
Testing: csp_id=1145, page_id=26600, browser=Firefox
Testing: csp_id=1145, page_id=26700, browser=Firefox
Testing: csp_id=1145, page_id=26800, browser=Firefox
Testing: csp_id=1145, page_id=26900, browser=Firefox
Testing: csp_id=1145, page_id=27000, browser=Firefox
Testing: csp_id=1145, page_id=27100, browser=Firefox
Testing: csp_id=1145, page_id=27200, browser=Firefox
Testing: csp_id=1145, page_id=27300, browser=Firefox
Testing: csp_id=1145, page_id=27400, browser=Firefox
Testing: csp_id=1145, page_id=27500, browser=Firefox
Testing: csp_id=1145, page_id=27600, browser=Firefox
Testing: csp_id=1145, page_id=27700, browser=Firefox
Testing: csp_id=1145, page_id=27800, browser=Firefox
Testing: csp_id=1145, page_id=27900, browser=Firefox
Testing: csp_id=1145, page_id=28000, browser=Firefox
Testing: csp_id=1145, page_id=28100, browser=Firefox
Testing: csp_id=1145, page_id=28200, browser=Firefox
Testing: csp_id=1145, page_id=28300, browser=Firefox
Testing: csp_id=1145, page_id=28400, browser=Firefox
Testing: csp_id=1145, page_id=28500, browser=Firefox
Testing: csp_id=1145, page_id=28600, browser=Firefox
Testing: csp_id=1145, page_id=28700, browser=Firefox
Testing: csp_id=1145, page_id=28800, browser=Firefox
Testing: csp_id=1145, page_id=28900, browser=Firefox
Testing: csp_id=1145, page_id=29000, browser=Firefox
Testing: csp_id=1145, page_id=29100, browser=Firefox
Testing: csp_id=1145, page_id=29200, browser=Firefox
Testing: csp_id=1145, page_id=29300, browser=Firefox
Testing: csp_id=1145, page_id=29400, browser=Firefox
Testing: csp_id=1145, page_id=29500, browser=Firefox
Testing: csp_id=1145, page_id=29600, browser=Firefox
Testing: csp_id=1145, page_id=29700, browser=Firefox
Testing: csp_id=1145, page_id=29800, browser=Firefox
🏊 create_context_pools[first] (5x16): 28.583s
Testing: csp_id=1155, page_id=0, browser=Firefox
Testing: csp_id=1155, page_id=100, browser=Firefox
Testing: csp_id=1155, page_id=200, browser=Firefox
Testing: csp_id=1155, page_id=300, browser=Firefox
Testing: csp_id=1155, page_id=400, browser=Firefox
Testing: csp_id=1155, page_id=500, browser=Firefox
Testing: csp_id=1155, page_id=600, browser=Firefox
Testing: csp_id=1155, page_id=700, browser=Firefox
Testing: csp_id=1155, page_id=800, browser=Firefox
Testing: csp_id=1155, page_id=900, browser=Firefox
Testing: csp_id=1155, page_id=1000, browser=Firefox
Testing: csp_id=1155, page_id=1100, browser=Firefox
Testing: csp_id=1155, page_id=1200, browser=Firefox
Testing: csp_id=1155, page_id=1300, browser=Firefox
Testing: csp_id=1155, page_id=1400, browser=Firefox
Testing: csp_id=1155, page_id=1500, browser=Firefox
Testing: csp_id=1155, page_id=1600, browser=Firefox
Testing: csp_id=1155, page_id=1700, browser=Firefox
Testing: csp_id=1155, page_id=1800, browser=Firefox
Testing: csp_id=1155, page_id=1900, browser=Firefox
Testing: csp_id=1155, page_id=2000, browser=Firefox
Testing: csp_id=1155, page_id=2100, browser=Firefox
Testing: csp_id=1155, page_id=2200, browser=Firefox
Testing: csp_id=1155, page_id=2300, browser=Firefox
Testing: csp_id=1155, page_id=2400, browser=Firefox
Testing: csp_id=1155, page_id=2500, browser=Firefox
Testing: csp_id=1155, page_id=2600, browser=Firefox
Testing: csp_id=1155, page_id=2700, browser=Firefox
Testing: csp_id=1155, page_id=2800, browser=Firefox
Testing: csp_id=1155, page_id=2900, browser=Firefox
Testing: csp_id=1155, page_id=3000, browser=Firefox
Testing: csp_id=1155, page_id=3100, browser=Firefox
Testing: csp_id=1155, page_id=3200, browser=Firefox
Testing: csp_id=1155, page_id=3300, browser=Firefox
Testing: csp_id=1155, page_id=3400, browser=Firefox
Testing: csp_id=1155, page_id=3500, browser=Firefox
Testing: csp_id=1155, page_id=3600, browser=Firefox
Testing: csp_id=1155, page_id=3700, browser=Firefox
Testing: csp_id=1155, page_id=3800, browser=Firefox
Testing: csp_id=1155, page_id=3900, browser=Firefox
Testing: csp_id=1155, page_id=4000, browser=Firefox
Testing: csp_id=1155, page_id=4100, browser=Firefox
Testing: csp_id=1155, page_id=4200, browser=Firefox
Testing: csp_id=1155, page_id=4300, browser=Firefox
Testing: csp_id=1155, page_id=4400, browser=Firefox
Testing: csp_id=1155, page_id=4500, browser=Firefox
Testing: csp_id=1155, page_id=4600, browser=Firefox
Testing: csp_id=1155, page_id=4700, browser=Firefox
Testing: csp_id=1155, page_id=4800, browser=Firefox
Testing: csp_id=1155, page_id=4900, browser=Firefox
Testing: csp_id=1155, page_id=5000, browser=Firefox
Testing: csp_id=1155, page_id=5100, browser=Firefox
Testing: csp_id=1155, page_id=5200, browser=Firefox
Testing: csp_id=1155, page_id=5300, browser=Firefox
Testing: csp_id=1155, page_id=5400, browser=Firefox
Testing: csp_id=1155, page_id=5500, browser=Firefox
Testing: csp_id=1155, page_id=5600, browser=Firefox
Testing: csp_id=1155, page_id=5700, browser=Firefox
Testing: csp_id=1155, page_id=5800, browser=Firefox
Testing: csp_id=1155, page_id=5900, browser=Firefox
Testing: csp_id=1155, page_id=6000, browser=Firefox
Testing: csp_id=1155, page_id=6100, browser=Firefox
Testing: csp_id=1155, page_id=6200, browser=Firefox
Testing: csp_id=1155, page_id=6300, browser=Firefox
Testing: csp_id=1155, page_id=6400, browser=Firefox
Testing: csp_id=1155, page_id=6500, browser=Firefox
Testing: csp_id=1155, page_id=6600, browser=Firefox
Testing: csp_id=1155, page_id=6700, browser=Firefox
Testing: csp_id=1155, page_id=6800, browser=Firefox
Testing: csp_id=1155, page_id=6900, browser=Firefox
Testing: csp_id=1155, page_id=7000, browser=Firefox
Testing: csp_id=1155, page_id=7100, browser=Firefox
Testing: csp_id=1155, page_id=7200, browser=Firefox
Testing: csp_id=1155, page_id=7300, browser=Firefox
Testing: csp_id=1155, page_id=7400, browser=Firefox
Testing: csp_id=1155, page_id=7500, browser=Firefox
Testing: csp_id=1155, page_id=7600, browser=Firefox
Testing: csp_id=1155, page_id=7700, browser=Firefox
Testing: csp_id=1155, page_id=7800, browser=Firefox
Testing: csp_id=1155, page_id=7900, browser=Firefox
Testing: csp_id=1155, page_id=8000, browser=Firefox
Testing: csp_id=1155, page_id=8100, browser=Firefox
Testing: csp_id=1155, page_id=8200, browser=Firefox
Testing: csp_id=1155, page_id=8300, browser=Firefox
Testing: csp_id=1155, page_id=8400, browser=Firefox
Testing: csp_id=1155, page_id=8500, browser=Firefox
Testing: csp_id=1155, page_id=8600, browser=Firefox
Testing: csp_id=1155, page_id=8700, browser=Firefox
Testing: csp_id=1155, page_id=8800, browser=Firefox
Testing: csp_id=1155, page_id=8900, browser=Firefox
Testing: csp_id=1155, page_id=9000, browser=Firefox
Testing: csp_id=1155, page_id=9100, browser=Firefox
Testing: csp_id=1155, page_id=9200, browser=Firefox
Testing: csp_id=1155, page_id=9300, browser=Firefox
Testing: csp_id=1155, page_id=9400, browser=Firefox
Testing: csp_id=1155, page_id=9500, browser=Firefox
Testing: csp_id=1155, page_id=9600, browser=Firefox
Testing: csp_id=1155, page_id=9700, browser=Firefox
Testing: csp_id=1155, page_id=9800, browser=Firefox
Testing: csp_id=1155, page_id=9900, browser=Firefox
Testing: csp_id=1155, page_id=10000, browser=Firefox
Testing: csp_id=1155, page_id=10100, browser=Firefox
Testing: csp_id=1155, page_id=10200, browser=Firefox
Testing: csp_id=1155, page_id=10300, browser=Firefox
Testing: csp_id=1155, page_id=10400, browser=Firefox
Testing: csp_id=1155, page_id=10500, browser=Firefox
Testing: csp_id=1155, page_id=10600, browser=Firefox
Testing: csp_id=1155, page_id=10700, browser=Firefox
Testing: csp_id=1155, page_id=10800, browser=Firefox
Testing: csp_id=1155, page_id=10900, browser=Firefox
Testing: csp_id=1155, page_id=11000, browser=Firefox
Testing: csp_id=1155, page_id=11100, browser=Firefox
Testing: csp_id=1155, page_id=11200, browser=Firefox
Testing: csp_id=1155, page_id=11300, browser=Firefox
Testing: csp_id=1155, page_id=11400, browser=Firefox
Testing: csp_id=1155, page_id=11500, browser=Firefox
Testing: csp_id=1155, page_id=11600, browser=Firefox
Testing: csp_id=1155, page_id=11700, browser=Firefox
Testing: csp_id=1155, page_id=11800, browser=Firefox
Testing: csp_id=1155, page_id=11900, browser=Firefox
Testing: csp_id=1155, page_id=12000, browser=Firefox
Testing: csp_id=1155, page_id=12100, browser=Firefox
Testing: csp_id=1155, page_id=12200, browser=Firefox
Testing: csp_id=1155, page_id=12300, browser=Firefox
Testing: csp_id=1155, page_id=12400, browser=Firefox
Testing: csp_id=1155, page_id=12500, browser=Firefox
Testing: csp_id=1155, page_id=12600, browser=Firefox
Testing: csp_id=1155, page_id=12700, browser=Firefox
Testing: csp_id=1155, page_id=12800, browser=Firefox
Testing: csp_id=1155, page_id=12900, browser=Firefox
Testing: csp_id=1155, page_id=13000, browser=Firefox
Testing: csp_id=1155, page_id=13100, browser=Firefox
Testing: csp_id=1155, page_id=13200, browser=Firefox
Testing: csp_id=1155, page_id=13300, browser=Firefox
Testing: csp_id=1155, page_id=13400, browser=Firefox
Testing: csp_id=1155, page_id=13500, browser=Firefox
Testing: csp_id=1155, page_id=13600, browser=Firefox
Testing: csp_id=1155, page_id=13700, browser=Firefox
Testing: csp_id=1155, page_id=13800, browser=Firefox
Testing: csp_id=1155, page_id=13900, browser=Firefox
Testing: csp_id=1155, page_id=14000, browser=Firefox
Testing: csp_id=1155, page_id=14100, browser=Firefox
Testing: csp_id=1155, page_id=14200, browser=Firefox
Testing: csp_id=1155, page_id=14300, browser=Firefox
Testing: csp_id=1155, page_id=14400, browser=Firefox
Testing: csp_id=1155, page_id=14500, browser=Firefox
Testing: csp_id=1155, page_id=14600, browser=Firefox
Testing: csp_id=1155, page_id=14700, browser=Firefox
Testing: csp_id=1155, page_id=14800, browser=Firefox
Testing: csp_id=1155, page_id=14900, browser=Firefox
Testing: csp_id=1155, page_id=15000, browser=Firefox
Testing: csp_id=1155, page_id=15100, browser=Firefox
Testing: csp_id=1155, page_id=15200, browser=Firefox
Testing: csp_id=1155, page_id=15300, browser=Firefox
Testing: csp_id=1155, page_id=15400, browser=Firefox
Testing: csp_id=1155, page_id=15500, browser=Firefox
Testing: csp_id=1155, page_id=15600, browser=Firefox
Testing: csp_id=1155, page_id=15700, browser=Firefox
Testing: csp_id=1155, page_id=15800, browser=Firefox
Testing: csp_id=1155, page_id=15900, browser=Firefox
Testing: csp_id=1155, page_id=16000, browser=Firefox
Testing: csp_id=1155, page_id=16100, browser=Firefox
Testing: csp_id=1155, page_id=16200, browser=Firefox
Testing: csp_id=1155, page_id=16300, browser=Firefox
Testing: csp_id=1155, page_id=16400, browser=Firefox
Testing: csp_id=1155, page_id=16500, browser=Firefox
Testing: csp_id=1155, page_id=16600, browser=Firefox
Testing: csp_id=1155, page_id=16700, browser=Firefox
Testing: csp_id=1155, page_id=16800, browser=Firefox
Testing: csp_id=1155, page_id=16900, browser=Firefox
Testing: csp_id=1155, page_id=17000, browser=Firefox
Testing: csp_id=1155, page_id=17100, browser=Firefox
Testing: csp_id=1155, page_id=17200, browser=Firefox
Testing: csp_id=1155, page_id=17300, browser=Firefox
Testing: csp_id=1155, page_id=17400, browser=Firefox
Testing: csp_id=1155, page_id=17500, browser=Firefox
Testing: csp_id=1155, page_id=17600, browser=Firefox
Testing: csp_id=1155, page_id=17700, browser=Firefox
Testing: csp_id=1155, page_id=17800, browser=Firefox
Testing: csp_id=1155, page_id=17900, browser=Firefox
Testing: csp_id=1155, page_id=18000, browser=Firefox
Testing: csp_id=1155, page_id=18100, browser=Firefox
Testing: csp_id=1155, page_id=18200, browser=Firefox
Testing: csp_id=1155, page_id=18300, browser=Firefox
Testing: csp_id=1155, page_id=18400, browser=Firefox
Testing: csp_id=1155, page_id=18500, browser=Firefox
Testing: csp_id=1155, page_id=18600, browser=Firefox
Testing: csp_id=1155, page_id=18700, browser=Firefox
Testing: csp_id=1155, page_id=18800, browser=Firefox
Testing: csp_id=1155, page_id=18900, browser=Firefox
Testing: csp_id=1155, page_id=19000, browser=Firefox
Testing: csp_id=1155, page_id=19100, browser=Firefox
Testing: csp_id=1155, page_id=19200, browser=Firefox
Testing: csp_id=1155, page_id=19300, browser=Firefox
Testing: csp_id=1155, page_id=19400, browser=Firefox
Testing: csp_id=1155, page_id=19500, browser=Firefox
Testing: csp_id=1155, page_id=19600, browser=Firefox
Testing: csp_id=1155, page_id=19700, browser=Firefox
Testing: csp_id=1155, page_id=19800, browser=Firefox
Testing: csp_id=1155, page_id=19900, browser=Firefox
Testing: csp_id=1155, page_id=20000, browser=Firefox
Testing: csp_id=1155, page_id=20100, browser=Firefox
Testing: csp_id=1155, page_id=20200, browser=Firefox
Testing: csp_id=1155, page_id=20300, browser=Firefox
Testing: csp_id=1155, page_id=20400, browser=Firefox
Testing: csp_id=1155, page_id=20500, browser=Firefox
Testing: csp_id=1155, page_id=20600, browser=Firefox
Testing: csp_id=1155, page_id=20700, browser=Firefox
Testing: csp_id=1155, page_id=20800, browser=Firefox
Testing: csp_id=1155, page_id=20900, browser=Firefox
Testing: csp_id=1155, page_id=21000, browser=Firefox
Testing: csp_id=1155, page_id=21100, browser=Firefox
Testing: csp_id=1155, page_id=21200, browser=Firefox
Testing: csp_id=1155, page_id=21300, browser=Firefox
Testing: csp_id=1155, page_id=21400, browser=Firefox
Testing: csp_id=1155, page_id=21500, browser=Firefox
Testing: csp_id=1155, page_id=21600, browser=Firefox
Testing: csp_id=1155, page_id=21700, browser=Firefox
Testing: csp_id=1155, page_id=21800, browser=Firefox
Testing: csp_id=1155, page_id=21900, browser=Firefox
Testing: csp_id=1155, page_id=22000, browser=Firefox
Testing: csp_id=1155, page_id=22100, browser=Firefox
Testing: csp_id=1155, page_id=22200, browser=Firefox
Testing: csp_id=1155, page_id=22300, browser=Firefox
Testing: csp_id=1155, page_id=22400, browser=Firefox
Testing: csp_id=1155, page_id=22500, browser=Firefox
Testing: csp_id=1155, page_id=22600, browser=Firefox
Testing: csp_id=1155, page_id=22700, browser=Firefox
Testing: csp_id=1155, page_id=22800, browser=Firefox
Testing: csp_id=1155, page_id=22900, browser=Firefox
Testing: csp_id=1155, page_id=23000, browser=Firefox
Testing: csp_id=1155, page_id=23100, browser=Firefox
Testing: csp_id=1155, page_id=23200, browser=Firefox
Testing: csp_id=1155, page_id=23300, browser=Firefox
Testing: csp_id=1155, page_id=23400, browser=Firefox
Testing: csp_id=1155, page_id=23500, browser=Firefox
Testing: csp_id=1155, page_id=23600, browser=Firefox
Testing: csp_id=1155, page_id=23700, browser=Firefox
Testing: csp_id=1155, page_id=23800, browser=Firefox
Testing: csp_id=1155, page_id=23900, browser=Firefox
Testing: csp_id=1155, page_id=24000, browser=Firefox
Testing: csp_id=1155, page_id=24100, browser=Firefox
Testing: csp_id=1155, page_id=24200, browser=Firefox
Testing: csp_id=1155, page_id=24300, browser=Firefox
Testing: csp_id=1155, page_id=24400, browser=Firefox
Testing: csp_id=1155, page_id=24500, browser=Firefox
Testing: csp_id=1155, page_id=24600, browser=Firefox
Testing: csp_id=1155, page_id=24700, browser=Firefox
Testing: csp_id=1155, page_id=24800, browser=Firefox
Testing: csp_id=1155, page_id=24900, browser=Firefox
Testing: csp_id=1155, page_id=25000, browser=Firefox
Testing: csp_id=1155, page_id=25100, browser=Firefox
Testing: csp_id=1155, page_id=25200, browser=Firefox
Testing: csp_id=1155, page_id=25300, browser=Firefox
Testing: csp_id=1155, page_id=25400, browser=Firefox
Testing: csp_id=1155, page_id=25500, browser=Firefox
Testing: csp_id=1155, page_id=25600, browser=Firefox
Testing: csp_id=1155, page_id=25700, browser=Firefox
Testing: csp_id=1155, page_id=25800, browser=Firefox
Testing: csp_id=1155, page_id=25900, browser=Firefox
Testing: csp_id=1155, page_id=26000, browser=Firefox
Testing: csp_id=1155, page_id=26100, browser=Firefox
Testing: csp_id=1155, page_id=26200, browser=Firefox
Testing: csp_id=1155, page_id=26300, browser=Firefox
Testing: csp_id=1155, page_id=26400, browser=Firefox
Testing: csp_id=1155, page_id=26500, browser=Firefox
Testing: csp_id=1155, page_id=26600, browser=Firefox
Testing: csp_id=1155, page_id=26700, browser=Firefox
Testing: csp_id=1155, page_id=26800, browser=Firefox
Testing: csp_id=1155, page_id=26900, browser=Firefox
Testing: csp_id=1155, page_id=27000, browser=Firefox
Testing: csp_id=1155, page_id=27100, browser=Firefox
Testing: csp_id=1155, page_id=27200, browser=Firefox
Testing: csp_id=1155, page_id=27300, browser=Firefox
Testing: csp_id=1155, page_id=27400, browser=Firefox
Testing: csp_id=1155, page_id=27500, browser=Firefox
Testing: csp_id=1155, page_id=27600, browser=Firefox
Testing: csp_id=1155, page_id=27700, browser=Firefox
Testing: csp_id=1155, page_id=27800, browser=Firefox
Testing: csp_id=1155, page_id=27900, browser=Firefox
Testing: csp_id=1155, page_id=28000, browser=Firefox
Testing: csp_id=1155, page_id=28100, browser=Firefox
Testing: csp_id=1155, page_id=28200, browser=Firefox
Testing: csp_id=1155, page_id=28300, browser=Firefox
Testing: csp_id=1155, page_id=28400, browser=Firefox
Testing: csp_id=1155, page_id=28500, browser=Firefox
Testing: csp_id=1155, page_id=28600, browser=Firefox
Testing: csp_id=1155, page_id=28700, browser=Firefox
Testing: csp_id=1155, page_id=28800, browser=Firefox
Testing: csp_id=1155, page_id=28900, browser=Firefox
Testing: csp_id=1155, page_id=29000, browser=Firefox
Testing: csp_id=1155, page_id=29100, browser=Firefox
Testing: csp_id=1155, page_id=29200, browser=Firefox
Testing: csp_id=1155, page_id=29300, browser=Firefox
Testing: csp_id=1155, page_id=29400, browser=Firefox
Testing: csp_id=1155, page_id=29500, browser=Firefox
Testing: csp_id=1155, page_id=29600, browser=Firefox
Testing: csp_id=1155, page_id=29700, browser=Firefox
Testing: csp_id=1155, page_id=29800, browser=Firefox
🏊 create_context_pools[first] (5x16): 29.898s
Testing: csp_id=1171, page_id=0, browser=Firefox
Testing: csp_id=1171, page_id=100, browser=Firefox
Testing: csp_id=1171, page_id=200, browser=Firefox
Testing: csp_id=1171, page_id=300, browser=Firefox
Testing: csp_id=1171, page_id=400, browser=Firefox
Testing: csp_id=1171, page_id=500, browser=Firefox
Testing: csp_id=1171, page_id=600, browser=Firefox
Testing: csp_id=1171, page_id=700, browser=Firefox
Testing: csp_id=1171, page_id=800, browser=Firefox
Testing: csp_id=1171, page_id=900, browser=Firefox
Testing: csp_id=1171, page_id=1000, browser=Firefox
Testing: csp_id=1171, page_id=1100, browser=Firefox
Testing: csp_id=1171, page_id=1200, browser=Firefox
Testing: csp_id=1171, page_id=1300, browser=Firefox
Testing: csp_id=1171, page_id=1400, browser=Firefox
Testing: csp_id=1171, page_id=1500, browser=Firefox
Testing: csp_id=1171, page_id=1600, browser=Firefox
Testing: csp_id=1171, page_id=1700, browser=Firefox
Testing: csp_id=1171, page_id=1800, browser=Firefox
Testing: csp_id=1171, page_id=1900, browser=Firefox
Testing: csp_id=1171, page_id=2000, browser=Firefox
Testing: csp_id=1171, page_id=2100, browser=Firefox
Testing: csp_id=1171, page_id=2200, browser=Firefox
Testing: csp_id=1171, page_id=2300, browser=Firefox
Testing: csp_id=1171, page_id=2400, browser=Firefox
Testing: csp_id=1171, page_id=2500, browser=Firefox
Testing: csp_id=1171, page_id=2600, browser=Firefox
Testing: csp_id=1171, page_id=2700, browser=Firefox
Testing: csp_id=1171, page_id=2800, browser=Firefox
Testing: csp_id=1171, page_id=2900, browser=Firefox
Testing: csp_id=1171, page_id=3000, browser=Firefox
Testing: csp_id=1171, page_id=3100, browser=Firefox
Testing: csp_id=1171, page_id=3200, browser=Firefox
Testing: csp_id=1171, page_id=3300, browser=Firefox
Testing: csp_id=1171, page_id=3400, browser=Firefox
Testing: csp_id=1171, page_id=3500, browser=Firefox
Testing: csp_id=1171, page_id=3600, browser=Firefox
Testing: csp_id=1171, page_id=3700, browser=Firefox
Testing: csp_id=1171, page_id=3800, browser=Firefox
Testing: csp_id=1171, page_id=3900, browser=Firefox
Testing: csp_id=1171, page_id=4000, browser=Firefox
Testing: csp_id=1171, page_id=4100, browser=Firefox
Testing: csp_id=1171, page_id=4200, browser=Firefox
Testing: csp_id=1171, page_id=4300, browser=Firefox
Testing: csp_id=1171, page_id=4400, browser=Firefox
Testing: csp_id=1171, page_id=4500, browser=Firefox
Testing: csp_id=1171, page_id=4600, browser=Firefox
Testing: csp_id=1171, page_id=4700, browser=Firefox
Testing: csp_id=1171, page_id=4800, browser=Firefox
Testing: csp_id=1171, page_id=4900, browser=Firefox
Testing: csp_id=1171, page_id=5000, browser=Firefox
Testing: csp_id=1171, page_id=5100, browser=Firefox
Testing: csp_id=1171, page_id=5200, browser=Firefox
Testing: csp_id=1171, page_id=5300, browser=Firefox
Testing: csp_id=1171, page_id=5400, browser=Firefox
Testing: csp_id=1171, page_id=5500, browser=Firefox
Testing: csp_id=1171, page_id=5600, browser=Firefox
Testing: csp_id=1171, page_id=5700, browser=Firefox
Testing: csp_id=1171, page_id=5800, browser=Firefox
Testing: csp_id=1171, page_id=5900, browser=Firefox
Testing: csp_id=1171, page_id=6000, browser=Firefox
Testing: csp_id=1171, page_id=6100, browser=Firefox
Testing: csp_id=1171, page_id=6200, browser=Firefox
Testing: csp_id=1171, page_id=6300, browser=Firefox
Testing: csp_id=1171, page_id=6400, browser=Firefox
Testing: csp_id=1171, page_id=6500, browser=Firefox
Testing: csp_id=1171, page_id=6600, browser=Firefox
Testing: csp_id=1171, page_id=6700, browser=Firefox
Testing: csp_id=1171, page_id=6800, browser=Firefox
Testing: csp_id=1171, page_id=6900, browser=Firefox
Testing: csp_id=1171, page_id=7000, browser=Firefox
Testing: csp_id=1171, page_id=7100, browser=Firefox
Testing: csp_id=1171, page_id=7200, browser=Firefox
Testing: csp_id=1171, page_id=7300, browser=Firefox
Testing: csp_id=1171, page_id=7400, browser=Firefox
Testing: csp_id=1171, page_id=7500, browser=Firefox
Testing: csp_id=1171, page_id=7600, browser=Firefox
Testing: csp_id=1171, page_id=7700, browser=Firefox
Testing: csp_id=1171, page_id=7800, browser=Firefox
Testing: csp_id=1171, page_id=7900, browser=Firefox
Testing: csp_id=1171, page_id=8000, browser=Firefox
Testing: csp_id=1171, page_id=8100, browser=Firefox
Testing: csp_id=1171, page_id=8200, browser=Firefox
Testing: csp_id=1171, page_id=8300, browser=Firefox
Testing: csp_id=1171, page_id=8400, browser=Firefox
Testing: csp_id=1171, page_id=8500, browser=Firefox
Testing: csp_id=1171, page_id=8600, browser=Firefox
Testing: csp_id=1171, page_id=8700, browser=Firefox
Testing: csp_id=1171, page_id=8800, browser=Firefox
Testing: csp_id=1171, page_id=8900, browser=Firefox
Testing: csp_id=1171, page_id=9000, browser=Firefox
Testing: csp_id=1171, page_id=9100, browser=Firefox
Testing: csp_id=1171, page_id=9200, browser=Firefox
Testing: csp_id=1171, page_id=9300, browser=Firefox
Testing: csp_id=1171, page_id=9400, browser=Firefox
Testing: csp_id=1171, page_id=9500, browser=Firefox
Testing: csp_id=1171, page_id=9600, browser=Firefox
Testing: csp_id=1171, page_id=9700, browser=Firefox
Testing: csp_id=1171, page_id=9800, browser=Firefox
Testing: csp_id=1171, page_id=9900, browser=Firefox
Testing: csp_id=1171, page_id=10000, browser=Firefox
Testing: csp_id=1171, page_id=10100, browser=Firefox
Testing: csp_id=1171, page_id=10200, browser=Firefox
Testing: csp_id=1171, page_id=10300, browser=Firefox
Testing: csp_id=1171, page_id=10400, browser=Firefox
Testing: csp_id=1171, page_id=10500, browser=Firefox
Testing: csp_id=1171, page_id=10600, browser=Firefox
Testing: csp_id=1171, page_id=10700, browser=Firefox
Testing: csp_id=1171, page_id=10800, browser=Firefox
Testing: csp_id=1171, page_id=10900, browser=Firefox
Testing: csp_id=1171, page_id=11000, browser=Firefox
Testing: csp_id=1171, page_id=11100, browser=Firefox
Testing: csp_id=1171, page_id=11200, browser=Firefox
Testing: csp_id=1171, page_id=11300, browser=Firefox
Testing: csp_id=1171, page_id=11400, browser=Firefox
Testing: csp_id=1171, page_id=11500, browser=Firefox
Testing: csp_id=1171, page_id=11600, browser=Firefox
Testing: csp_id=1171, page_id=11700, browser=Firefox
Testing: csp_id=1171, page_id=11800, browser=Firefox
Testing: csp_id=1171, page_id=11900, browser=Firefox
Testing: csp_id=1171, page_id=12000, browser=Firefox
Testing: csp_id=1171, page_id=12100, browser=Firefox
Testing: csp_id=1171, page_id=12200, browser=Firefox
Testing: csp_id=1171, page_id=12300, browser=Firefox
Testing: csp_id=1171, page_id=12400, browser=Firefox
Testing: csp_id=1171, page_id=12500, browser=Firefox
Testing: csp_id=1171, page_id=12600, browser=Firefox
Testing: csp_id=1171, page_id=12700, browser=Firefox
Testing: csp_id=1171, page_id=12800, browser=Firefox
Testing: csp_id=1171, page_id=12900, browser=Firefox
Testing: csp_id=1171, page_id=13000, browser=Firefox
Testing: csp_id=1171, page_id=13100, browser=Firefox
Testing: csp_id=1171, page_id=13200, browser=Firefox
Testing: csp_id=1171, page_id=13300, browser=Firefox
Testing: csp_id=1171, page_id=13400, browser=Firefox
Testing: csp_id=1171, page_id=13500, browser=Firefox
Testing: csp_id=1171, page_id=13600, browser=Firefox
Testing: csp_id=1171, page_id=13700, browser=Firefox
Testing: csp_id=1171, page_id=13800, browser=Firefox
Testing: csp_id=1171, page_id=13900, browser=Firefox
Testing: csp_id=1171, page_id=14000, browser=Firefox
Testing: csp_id=1171, page_id=14100, browser=Firefox
Testing: csp_id=1171, page_id=14200, browser=Firefox
Testing: csp_id=1171, page_id=14300, browser=Firefox
Testing: csp_id=1171, page_id=14400, browser=Firefox
Testing: csp_id=1171, page_id=14500, browser=Firefox
Testing: csp_id=1171, page_id=14600, browser=Firefox
Testing: csp_id=1171, page_id=14700, browser=Firefox
Testing: csp_id=1171, page_id=14800, browser=Firefox
Testing: csp_id=1171, page_id=14900, browser=Firefox
Testing: csp_id=1171, page_id=15000, browser=Firefox
Testing: csp_id=1171, page_id=15100, browser=Firefox
Testing: csp_id=1171, page_id=15200, browser=Firefox
Testing: csp_id=1171, page_id=15300, browser=Firefox
Testing: csp_id=1171, page_id=15400, browser=Firefox
Testing: csp_id=1171, page_id=15500, browser=Firefox
Testing: csp_id=1171, page_id=15600, browser=Firefox
Testing: csp_id=1171, page_id=15700, browser=Firefox
Testing: csp_id=1171, page_id=15800, browser=Firefox
Testing: csp_id=1171, page_id=15900, browser=Firefox
Testing: csp_id=1171, page_id=16000, browser=Firefox
Testing: csp_id=1171, page_id=16100, browser=Firefox
Testing: csp_id=1171, page_id=16200, browser=Firefox
Testing: csp_id=1171, page_id=16300, browser=Firefox
Testing: csp_id=1171, page_id=16400, browser=Firefox
Testing: csp_id=1171, page_id=16500, browser=Firefox
Testing: csp_id=1171, page_id=16600, browser=Firefox
Testing: csp_id=1171, page_id=16700, browser=Firefox
Testing: csp_id=1171, page_id=16800, browser=Firefox
Testing: csp_id=1171, page_id=16900, browser=Firefox
Testing: csp_id=1171, page_id=17000, browser=Firefox
Testing: csp_id=1171, page_id=17100, browser=Firefox
Testing: csp_id=1171, page_id=17200, browser=Firefox
Testing: csp_id=1171, page_id=17300, browser=Firefox
Testing: csp_id=1171, page_id=17400, browser=Firefox
Testing: csp_id=1171, page_id=17500, browser=Firefox
Testing: csp_id=1171, page_id=17600, browser=Firefox
Testing: csp_id=1171, page_id=17700, browser=Firefox
Testing: csp_id=1171, page_id=17800, browser=Firefox
Testing: csp_id=1171, page_id=17900, browser=Firefox
Testing: csp_id=1171, page_id=18000, browser=Firefox
Testing: csp_id=1171, page_id=18100, browser=Firefox
Testing: csp_id=1171, page_id=18200, browser=Firefox
Testing: csp_id=1171, page_id=18300, browser=Firefox
Testing: csp_id=1171, page_id=18400, browser=Firefox
Testing: csp_id=1171, page_id=18500, browser=Firefox
Testing: csp_id=1171, page_id=18600, browser=Firefox
Testing: csp_id=1171, page_id=18700, browser=Firefox
Testing: csp_id=1171, page_id=18800, browser=Firefox
Testing: csp_id=1171, page_id=18900, browser=Firefox
Testing: csp_id=1171, page_id=19000, browser=Firefox
Testing: csp_id=1171, page_id=19100, browser=Firefox
Testing: csp_id=1171, page_id=19200, browser=Firefox
Testing: csp_id=1171, page_id=19300, browser=Firefox
Testing: csp_id=1171, page_id=19400, browser=Firefox
Testing: csp_id=1171, page_id=19500, browser=Firefox
Testing: csp_id=1171, page_id=19600, browser=Firefox
Testing: csp_id=1171, page_id=19700, browser=Firefox
Testing: csp_id=1171, page_id=19800, browser=Firefox
Testing: csp_id=1171, page_id=19900, browser=Firefox
Testing: csp_id=1171, page_id=20000, browser=Firefox
Testing: csp_id=1171, page_id=20100, browser=Firefox
Testing: csp_id=1171, page_id=20200, browser=Firefox
Testing: csp_id=1171, page_id=20300, browser=Firefox
Testing: csp_id=1171, page_id=20400, browser=Firefox
Testing: csp_id=1171, page_id=20500, browser=Firefox
Testing: csp_id=1171, page_id=20600, browser=Firefox
Testing: csp_id=1171, page_id=20700, browser=Firefox
Testing: csp_id=1171, page_id=20800, browser=Firefox
Testing: csp_id=1171, page_id=20900, browser=Firefox
Testing: csp_id=1171, page_id=21000, browser=Firefox
Testing: csp_id=1171, page_id=21100, browser=Firefox
Testing: csp_id=1171, page_id=21200, browser=Firefox
Testing: csp_id=1171, page_id=21300, browser=Firefox
Testing: csp_id=1171, page_id=21400, browser=Firefox
Testing: csp_id=1171, page_id=21500, browser=Firefox
Testing: csp_id=1171, page_id=21600, browser=Firefox
Testing: csp_id=1171, page_id=21700, browser=Firefox
Testing: csp_id=1171, page_id=21800, browser=Firefox
Testing: csp_id=1171, page_id=21900, browser=Firefox
Testing: csp_id=1171, page_id=22000, browser=Firefox
Testing: csp_id=1171, page_id=22100, browser=Firefox
Testing: csp_id=1171, page_id=22200, browser=Firefox
Testing: csp_id=1171, page_id=22300, browser=Firefox
Testing: csp_id=1171, page_id=22400, browser=Firefox
Testing: csp_id=1171, page_id=22500, browser=Firefox
Testing: csp_id=1171, page_id=22600, browser=Firefox
Testing: csp_id=1171, page_id=22700, browser=Firefox
Testing: csp_id=1171, page_id=22800, browser=Firefox
Testing: csp_id=1171, page_id=22900, browser=Firefox
Testing: csp_id=1171, page_id=23000, browser=Firefox
Testing: csp_id=1171, page_id=23100, browser=Firefox
Testing: csp_id=1171, page_id=23200, browser=Firefox
Testing: csp_id=1171, page_id=23300, browser=Firefox
Testing: csp_id=1171, page_id=23400, browser=Firefox
Testing: csp_id=1171, page_id=23500, browser=Firefox
Testing: csp_id=1171, page_id=23600, browser=Firefox
Testing: csp_id=1171, page_id=23700, browser=Firefox
Testing: csp_id=1171, page_id=23800, browser=Firefox
Testing: csp_id=1171, page_id=23900, browser=Firefox
Testing: csp_id=1171, page_id=24000, browser=Firefox
Testing: csp_id=1171, page_id=24100, browser=Firefox
Testing: csp_id=1171, page_id=24200, browser=Firefox
Testing: csp_id=1171, page_id=24300, browser=Firefox
Testing: csp_id=1171, page_id=24400, browser=Firefox
Testing: csp_id=1171, page_id=24500, browser=Firefox
Testing: csp_id=1171, page_id=24600, browser=Firefox
Testing: csp_id=1171, page_id=24700, browser=Firefox
Testing: csp_id=1171, page_id=24800, browser=Firefox
Testing: csp_id=1171, page_id=24900, browser=Firefox
Testing: csp_id=1171, page_id=25000, browser=Firefox
Testing: csp_id=1171, page_id=25100, browser=Firefox
Testing: csp_id=1171, page_id=25200, browser=Firefox
Testing: csp_id=1171, page_id=25300, browser=Firefox
Testing: csp_id=1171, page_id=25400, browser=Firefox
Testing: csp_id=1171, page_id=25500, browser=Firefox
Testing: csp_id=1171, page_id=25600, browser=Firefox
Testing: csp_id=1171, page_id=25700, browser=Firefox
Testing: csp_id=1171, page_id=25800, browser=Firefox
Testing: csp_id=1171, page_id=25900, browser=Firefox
Testing: csp_id=1171, page_id=26000, browser=Firefox
Testing: csp_id=1171, page_id=26100, browser=Firefox
Testing: csp_id=1171, page_id=26200, browser=Firefox
Testing: csp_id=1171, page_id=26300, browser=Firefox
Testing: csp_id=1171, page_id=26400, browser=Firefox
Testing: csp_id=1171, page_id=26500, browser=Firefox
Testing: csp_id=1171, page_id=26600, browser=Firefox
Testing: csp_id=1171, page_id=26700, browser=Firefox
Testing: csp_id=1171, page_id=26800, browser=Firefox
Testing: csp_id=1171, page_id=26900, browser=Firefox
Testing: csp_id=1171, page_id=27000, browser=Firefox
Testing: csp_id=1171, page_id=27100, browser=Firefox
Testing: csp_id=1171, page_id=27200, browser=Firefox
Testing: csp_id=1171, page_id=27300, browser=Firefox
Testing: csp_id=1171, page_id=27400, browser=Firefox
Testing: csp_id=1171, page_id=27500, browser=Firefox
Testing: csp_id=1171, page_id=27600, browser=Firefox
Testing: csp_id=1171, page_id=27700, browser=Firefox
Testing: csp_id=1171, page_id=27800, browser=Firefox
Testing: csp_id=1171, page_id=27900, browser=Firefox
Testing: csp_id=1171, page_id=28000, browser=Firefox
Testing: csp_id=1171, page_id=28100, browser=Firefox
Testing: csp_id=1171, page_id=28200, browser=Firefox
Testing: csp_id=1171, page_id=28300, browser=Firefox
Testing: csp_id=1171, page_id=28400, browser=Firefox
Testing: csp_id=1171, page_id=28500, browser=Firefox
Testing: csp_id=1171, page_id=28600, browser=Firefox
Testing: csp_id=1171, page_id=28700, browser=Firefox
Testing: csp_id=1171, page_id=28800, browser=Firefox
Testing: csp_id=1171, page_id=28900, browser=Firefox
Testing: csp_id=1171, page_id=29000, browser=Firefox
Testing: csp_id=1171, page_id=29100, browser=Firefox
Testing: csp_id=1171, page_id=29200, browser=Firefox
Testing: csp_id=1171, page_id=29300, browser=Firefox
Testing: csp_id=1171, page_id=29400, browser=Firefox
Testing: csp_id=1171, page_id=29500, browser=Firefox
Testing: csp_id=1171, page_id=29600, browser=Firefox
Testing: csp_id=1171, page_id=29700, browser=Firefox
Testing: csp_id=1171, page_id=29800, browser=Firefox
🏊 create_context_pools[first] (5x16): 28.232s
Testing: csp_id=1185, page_id=0, browser=Firefox
Testing: csp_id=1185, page_id=100, browser=Firefox
Testing: csp_id=1185, page_id=200, browser=Firefox
Testing: csp_id=1185, page_id=300, browser=Firefox
Testing: csp_id=1185, page_id=400, browser=Firefox
Testing: csp_id=1185, page_id=500, browser=Firefox
Testing: csp_id=1185, page_id=600, browser=Firefox
Testing: csp_id=1185, page_id=700, browser=Firefox
Testing: csp_id=1185, page_id=800, browser=Firefox
Testing: csp_id=1185, page_id=900, browser=Firefox
Testing: csp_id=1185, page_id=1000, browser=Firefox
Testing: csp_id=1185, page_id=1100, browser=Firefox
Testing: csp_id=1185, page_id=1200, browser=Firefox
Testing: csp_id=1185, page_id=1300, browser=Firefox
Testing: csp_id=1185, page_id=1400, browser=Firefox
Testing: csp_id=1185, page_id=1500, browser=Firefox
Testing: csp_id=1185, page_id=1600, browser=Firefox
Testing: csp_id=1185, page_id=1700, browser=Firefox
Testing: csp_id=1185, page_id=1800, browser=Firefox
Testing: csp_id=1185, page_id=1900, browser=Firefox
Testing: csp_id=1185, page_id=2000, browser=Firefox
Testing: csp_id=1185, page_id=2100, browser=Firefox
Testing: csp_id=1185, page_id=2200, browser=Firefox
Testing: csp_id=1185, page_id=2300, browser=Firefox
Testing: csp_id=1185, page_id=2400, browser=Firefox
Testing: csp_id=1185, page_id=2500, browser=Firefox
Testing: csp_id=1185, page_id=2600, browser=Firefox
Testing: csp_id=1185, page_id=2700, browser=Firefox
Testing: csp_id=1185, page_id=2800, browser=Firefox
Testing: csp_id=1185, page_id=2900, browser=Firefox
Testing: csp_id=1185, page_id=3000, browser=Firefox
Testing: csp_id=1185, page_id=3100, browser=Firefox
Testing: csp_id=1185, page_id=3200, browser=Firefox
Testing: csp_id=1185, page_id=3300, browser=Firefox
Testing: csp_id=1185, page_id=3400, browser=Firefox
Testing: csp_id=1185, page_id=3500, browser=Firefox
Testing: csp_id=1185, page_id=3600, browser=Firefox
Testing: csp_id=1185, page_id=3700, browser=Firefox
Testing: csp_id=1185, page_id=3800, browser=Firefox
Testing: csp_id=1185, page_id=3900, browser=Firefox
Testing: csp_id=1185, page_id=4000, browser=Firefox
Testing: csp_id=1185, page_id=4100, browser=Firefox
Testing: csp_id=1185, page_id=4200, browser=Firefox
Testing: csp_id=1185, page_id=4300, browser=Firefox
Testing: csp_id=1185, page_id=4400, browser=Firefox
Testing: csp_id=1185, page_id=4500, browser=Firefox
Testing: csp_id=1185, page_id=4600, browser=Firefox
Testing: csp_id=1185, page_id=4700, browser=Firefox
Testing: csp_id=1185, page_id=4800, browser=Firefox
Testing: csp_id=1185, page_id=4900, browser=Firefox
Testing: csp_id=1185, page_id=5000, browser=Firefox
Testing: csp_id=1185, page_id=5100, browser=Firefox
Testing: csp_id=1185, page_id=5200, browser=Firefox
Testing: csp_id=1185, page_id=5300, browser=Firefox
Testing: csp_id=1185, page_id=5400, browser=Firefox
Testing: csp_id=1185, page_id=5500, browser=Firefox
Testing: csp_id=1185, page_id=5600, browser=Firefox
Testing: csp_id=1185, page_id=5700, browser=Firefox
Testing: csp_id=1185, page_id=5800, browser=Firefox
Testing: csp_id=1185, page_id=5900, browser=Firefox
Testing: csp_id=1185, page_id=6000, browser=Firefox
Testing: csp_id=1185, page_id=6100, browser=Firefox
Testing: csp_id=1185, page_id=6200, browser=Firefox
Testing: csp_id=1185, page_id=6300, browser=Firefox
Testing: csp_id=1185, page_id=6400, browser=Firefox
Testing: csp_id=1185, page_id=6500, browser=Firefox
Testing: csp_id=1185, page_id=6600, browser=Firefox
Testing: csp_id=1185, page_id=6700, browser=Firefox
Testing: csp_id=1185, page_id=6800, browser=Firefox
Testing: csp_id=1185, page_id=6900, browser=Firefox
Testing: csp_id=1185, page_id=7000, browser=Firefox
Testing: csp_id=1185, page_id=7100, browser=Firefox
Testing: csp_id=1185, page_id=7200, browser=Firefox
Testing: csp_id=1185, page_id=7300, browser=Firefox
Testing: csp_id=1185, page_id=7400, browser=Firefox
Testing: csp_id=1185, page_id=7500, browser=Firefox
Testing: csp_id=1185, page_id=7600, browser=Firefox
Testing: csp_id=1185, page_id=7700, browser=Firefox
Testing: csp_id=1185, page_id=7800, browser=Firefox
Testing: csp_id=1185, page_id=7900, browser=Firefox
Testing: csp_id=1185, page_id=8000, browser=Firefox
Testing: csp_id=1185, page_id=8100, browser=Firefox
Testing: csp_id=1185, page_id=8200, browser=Firefox
Testing: csp_id=1185, page_id=8300, browser=Firefox
Testing: csp_id=1185, page_id=8400, browser=Firefox
Testing: csp_id=1185, page_id=8500, browser=Firefox
Testing: csp_id=1185, page_id=8600, browser=Firefox
Testing: csp_id=1185, page_id=8700, browser=Firefox
Testing: csp_id=1185, page_id=8800, browser=Firefox
Testing: csp_id=1185, page_id=8900, browser=Firefox
Testing: csp_id=1185, page_id=9000, browser=Firefox
Testing: csp_id=1185, page_id=9100, browser=Firefox
Testing: csp_id=1185, page_id=9200, browser=Firefox
Testing: csp_id=1185, page_id=9300, browser=Firefox
Testing: csp_id=1185, page_id=9400, browser=Firefox
Testing: csp_id=1185, page_id=9500, browser=Firefox
Testing: csp_id=1185, page_id=9600, browser=Firefox
Testing: csp_id=1185, page_id=9700, browser=Firefox
Testing: csp_id=1185, page_id=9800, browser=Firefox
Testing: csp_id=1185, page_id=9900, browser=Firefox
Testing: csp_id=1185, page_id=10000, browser=Firefox
Testing: csp_id=1185, page_id=10100, browser=Firefox
Testing: csp_id=1185, page_id=10200, browser=Firefox
Testing: csp_id=1185, page_id=10300, browser=Firefox
Testing: csp_id=1185, page_id=10400, browser=Firefox
Testing: csp_id=1185, page_id=10500, browser=Firefox
Testing: csp_id=1185, page_id=10600, browser=Firefox
Testing: csp_id=1185, page_id=10700, browser=Firefox
Testing: csp_id=1185, page_id=10800, browser=Firefox
Testing: csp_id=1185, page_id=10900, browser=Firefox
Testing: csp_id=1185, page_id=11000, browser=Firefox
Testing: csp_id=1185, page_id=11100, browser=Firefox
Testing: csp_id=1185, page_id=11200, browser=Firefox
Testing: csp_id=1185, page_id=11300, browser=Firefox
Testing: csp_id=1185, page_id=11400, browser=Firefox
Testing: csp_id=1185, page_id=11500, browser=Firefox
Testing: csp_id=1185, page_id=11600, browser=Firefox
Testing: csp_id=1185, page_id=11700, browser=Firefox
Testing: csp_id=1185, page_id=11800, browser=Firefox
Testing: csp_id=1185, page_id=11900, browser=Firefox
Testing: csp_id=1185, page_id=12000, browser=Firefox
Testing: csp_id=1185, page_id=12100, browser=Firefox
Testing: csp_id=1185, page_id=12200, browser=Firefox
Testing: csp_id=1185, page_id=12300, browser=Firefox
Testing: csp_id=1185, page_id=12400, browser=Firefox
Testing: csp_id=1185, page_id=12500, browser=Firefox
Testing: csp_id=1185, page_id=12600, browser=Firefox
Testing: csp_id=1185, page_id=12700, browser=Firefox
Testing: csp_id=1185, page_id=12800, browser=Firefox
Testing: csp_id=1185, page_id=12900, browser=Firefox
Testing: csp_id=1185, page_id=13000, browser=Firefox
Testing: csp_id=1185, page_id=13100, browser=Firefox
Testing: csp_id=1185, page_id=13200, browser=Firefox
Testing: csp_id=1185, page_id=13300, browser=Firefox
Testing: csp_id=1185, page_id=13400, browser=Firefox
Testing: csp_id=1185, page_id=13500, browser=Firefox
Testing: csp_id=1185, page_id=13600, browser=Firefox
Testing: csp_id=1185, page_id=13700, browser=Firefox
Testing: csp_id=1185, page_id=13800, browser=Firefox
Testing: csp_id=1185, page_id=13900, browser=Firefox
Testing: csp_id=1185, page_id=14000, browser=Firefox
Testing: csp_id=1185, page_id=14100, browser=Firefox
Testing: csp_id=1185, page_id=14200, browser=Firefox
Testing: csp_id=1185, page_id=14300, browser=Firefox
Testing: csp_id=1185, page_id=14400, browser=Firefox
Testing: csp_id=1185, page_id=14500, browser=Firefox
Testing: csp_id=1185, page_id=14600, browser=Firefox
Testing: csp_id=1185, page_id=14700, browser=Firefox
Testing: csp_id=1185, page_id=14800, browser=Firefox
Testing: csp_id=1185, page_id=14900, browser=Firefox
Testing: csp_id=1185, page_id=15000, browser=Firefox
Testing: csp_id=1185, page_id=15100, browser=Firefox
Testing: csp_id=1185, page_id=15200, browser=Firefox
Testing: csp_id=1185, page_id=15300, browser=Firefox
Testing: csp_id=1185, page_id=15400, browser=Firefox
Testing: csp_id=1185, page_id=15500, browser=Firefox
Testing: csp_id=1185, page_id=15600, browser=Firefox
Testing: csp_id=1185, page_id=15700, browser=Firefox
Testing: csp_id=1185, page_id=15800, browser=Firefox
Testing: csp_id=1185, page_id=15900, browser=Firefox
Testing: csp_id=1185, page_id=16000, browser=Firefox
Testing: csp_id=1185, page_id=16100, browser=Firefox
Testing: csp_id=1185, page_id=16200, browser=Firefox
Testing: csp_id=1185, page_id=16300, browser=Firefox
Testing: csp_id=1185, page_id=16400, browser=Firefox
Testing: csp_id=1185, page_id=16500, browser=Firefox
Testing: csp_id=1185, page_id=16600, browser=Firefox
Testing: csp_id=1185, page_id=16700, browser=Firefox
Testing: csp_id=1185, page_id=16800, browser=Firefox
Testing: csp_id=1185, page_id=16900, browser=Firefox
Testing: csp_id=1185, page_id=17000, browser=Firefox
Testing: csp_id=1185, page_id=17100, browser=Firefox
Testing: csp_id=1185, page_id=17200, browser=Firefox
Testing: csp_id=1185, page_id=17300, browser=Firefox
Testing: csp_id=1185, page_id=17400, browser=Firefox
Testing: csp_id=1185, page_id=17500, browser=Firefox
Testing: csp_id=1185, page_id=17600, browser=Firefox
Testing: csp_id=1185, page_id=17700, browser=Firefox
Testing: csp_id=1185, page_id=17800, browser=Firefox
Testing: csp_id=1185, page_id=17900, browser=Firefox
Testing: csp_id=1185, page_id=18000, browser=Firefox
Testing: csp_id=1185, page_id=18100, browser=Firefox
Testing: csp_id=1185, page_id=18200, browser=Firefox
Testing: csp_id=1185, page_id=18300, browser=Firefox
Testing: csp_id=1185, page_id=18400, browser=Firefox
Testing: csp_id=1185, page_id=18500, browser=Firefox
Testing: csp_id=1185, page_id=18600, browser=Firefox
Testing: csp_id=1185, page_id=18700, browser=Firefox
Testing: csp_id=1185, page_id=18800, browser=Firefox
Testing: csp_id=1185, page_id=18900, browser=Firefox
Testing: csp_id=1185, page_id=19000, browser=Firefox
Testing: csp_id=1185, page_id=19100, browser=Firefox
Testing: csp_id=1185, page_id=19200, browser=Firefox
Testing: csp_id=1185, page_id=19300, browser=Firefox
Testing: csp_id=1185, page_id=19400, browser=Firefox
Testing: csp_id=1185, page_id=19500, browser=Firefox
Testing: csp_id=1185, page_id=19600, browser=Firefox
Testing: csp_id=1185, page_id=19700, browser=Firefox
Testing: csp_id=1185, page_id=19800, browser=Firefox
Testing: csp_id=1185, page_id=19900, browser=Firefox
Testing: csp_id=1185, page_id=20000, browser=Firefox
Testing: csp_id=1185, page_id=20100, browser=Firefox
Testing: csp_id=1185, page_id=20200, browser=Firefox
Testing: csp_id=1185, page_id=20300, browser=Firefox
Testing: csp_id=1185, page_id=20400, browser=Firefox
Testing: csp_id=1185, page_id=20500, browser=Firefox
Testing: csp_id=1185, page_id=20600, browser=Firefox
Testing: csp_id=1185, page_id=20700, browser=Firefox
Testing: csp_id=1185, page_id=20800, browser=Firefox
Testing: csp_id=1185, page_id=20900, browser=Firefox
Testing: csp_id=1185, page_id=21000, browser=Firefox
Testing: csp_id=1185, page_id=21100, browser=Firefox
Testing: csp_id=1185, page_id=21200, browser=Firefox
Testing: csp_id=1185, page_id=21300, browser=Firefox
Testing: csp_id=1185, page_id=21400, browser=Firefox
Testing: csp_id=1185, page_id=21500, browser=Firefox
Testing: csp_id=1185, page_id=21600, browser=Firefox
Testing: csp_id=1185, page_id=21700, browser=Firefox
Testing: csp_id=1185, page_id=21800, browser=Firefox
Testing: csp_id=1185, page_id=21900, browser=Firefox
Testing: csp_id=1185, page_id=22000, browser=Firefox
Testing: csp_id=1185, page_id=22100, browser=Firefox
Testing: csp_id=1185, page_id=22200, browser=Firefox
Testing: csp_id=1185, page_id=22300, browser=Firefox
Testing: csp_id=1185, page_id=22400, browser=Firefox
Testing: csp_id=1185, page_id=22500, browser=Firefox
Testing: csp_id=1185, page_id=22600, browser=Firefox
Testing: csp_id=1185, page_id=22700, browser=Firefox
Testing: csp_id=1185, page_id=22800, browser=Firefox
Testing: csp_id=1185, page_id=22900, browser=Firefox
Testing: csp_id=1185, page_id=23000, browser=Firefox
Testing: csp_id=1185, page_id=23100, browser=Firefox
Testing: csp_id=1185, page_id=23200, browser=Firefox
Testing: csp_id=1185, page_id=23300, browser=Firefox
Testing: csp_id=1185, page_id=23400, browser=Firefox
Testing: csp_id=1185, page_id=23500, browser=Firefox
Testing: csp_id=1185, page_id=23600, browser=Firefox
Testing: csp_id=1185, page_id=23700, browser=Firefox
Testing: csp_id=1185, page_id=23800, browser=Firefox
Testing: csp_id=1185, page_id=23900, browser=Firefox
Testing: csp_id=1185, page_id=24000, browser=Firefox
Testing: csp_id=1185, page_id=24100, browser=Firefox
Testing: csp_id=1185, page_id=24200, browser=Firefox
Testing: csp_id=1185, page_id=24300, browser=Firefox
Testing: csp_id=1185, page_id=24400, browser=Firefox
Testing: csp_id=1185, page_id=24500, browser=Firefox
Testing: csp_id=1185, page_id=24600, browser=Firefox
Testing: csp_id=1185, page_id=24700, browser=Firefox
Testing: csp_id=1185, page_id=24800, browser=Firefox
Testing: csp_id=1185, page_id=24900, browser=Firefox
Testing: csp_id=1185, page_id=25000, browser=Firefox
Testing: csp_id=1185, page_id=25100, browser=Firefox
Testing: csp_id=1185, page_id=25200, browser=Firefox
Testing: csp_id=1185, page_id=25300, browser=Firefox
Testing: csp_id=1185, page_id=25400, browser=Firefox
Testing: csp_id=1185, page_id=25500, browser=Firefox
Testing: csp_id=1185, page_id=25600, browser=Firefox
Testing: csp_id=1185, page_id=25700, browser=Firefox
Testing: csp_id=1185, page_id=25800, browser=Firefox
Testing: csp_id=1185, page_id=25900, browser=Firefox
Testing: csp_id=1185, page_id=26000, browser=Firefox
Testing: csp_id=1185, page_id=26100, browser=Firefox
Testing: csp_id=1185, page_id=26200, browser=Firefox
Testing: csp_id=1185, page_id=26300, browser=Firefox
Testing: csp_id=1185, page_id=26400, browser=Firefox
Testing: csp_id=1185, page_id=26500, browser=Firefox
Testing: csp_id=1185, page_id=26600, browser=Firefox
Testing: csp_id=1185, page_id=26700, browser=Firefox
Testing: csp_id=1185, page_id=26800, browser=Firefox
Testing: csp_id=1185, page_id=26900, browser=Firefox
Testing: csp_id=1185, page_id=27000, browser=Firefox
Testing: csp_id=1185, page_id=27100, browser=Firefox
Testing: csp_id=1185, page_id=27200, browser=Firefox
Testing: csp_id=1185, page_id=27300, browser=Firefox
Testing: csp_id=1185, page_id=27400, browser=Firefox
Testing: csp_id=1185, page_id=27500, browser=Firefox
Testing: csp_id=1185, page_id=27600, browser=Firefox
Testing: csp_id=1185, page_id=27700, browser=Firefox
Testing: csp_id=1185, page_id=27800, browser=Firefox
Testing: csp_id=1185, page_id=27900, browser=Firefox
Testing: csp_id=1185, page_id=28000, browser=Firefox
Testing: csp_id=1185, page_id=28100, browser=Firefox
Testing: csp_id=1185, page_id=28200, browser=Firefox
Testing: csp_id=1185, page_id=28300, browser=Firefox
Testing: csp_id=1185, page_id=28400, browser=Firefox
Testing: csp_id=1185, page_id=28500, browser=Firefox
Testing: csp_id=1185, page_id=28600, browser=Firefox
Testing: csp_id=1185, page_id=28700, browser=Firefox
Testing: csp_id=1185, page_id=28800, browser=Firefox
Testing: csp_id=1185, page_id=28900, browser=Firefox
Testing: csp_id=1185, page_id=29000, browser=Firefox
Testing: csp_id=1185, page_id=29100, browser=Firefox
Testing: csp_id=1185, page_id=29200, browser=Firefox
Testing: csp_id=1185, page_id=29300, browser=Firefox
Testing: csp_id=1185, page_id=29400, browser=Firefox
Testing: csp_id=1185, page_id=29500, browser=Firefox
Testing: csp_id=1185, page_id=29600, browser=Firefox
Testing: csp_id=1185, page_id=29700, browser=Firefox
Testing: csp_id=1185, page_id=29800, browser=Firefox
🏊 create_context_pools[first] (5x16): 28.432s
Testing: csp_id=1197, page_id=0, browser=Firefox
Testing: csp_id=1197, page_id=100, browser=Firefox
Testing: csp_id=1197, page_id=200, browser=Firefox
Testing: csp_id=1197, page_id=300, browser=Firefox
Testing: csp_id=1197, page_id=400, browser=Firefox
Testing: csp_id=1197, page_id=500, browser=Firefox
Testing: csp_id=1197, page_id=600, browser=Firefox
Testing: csp_id=1197, page_id=700, browser=Firefox
Testing: csp_id=1197, page_id=800, browser=Firefox
Testing: csp_id=1197, page_id=900, browser=Firefox
Testing: csp_id=1197, page_id=1000, browser=Firefox
Testing: csp_id=1197, page_id=1100, browser=Firefox
Testing: csp_id=1197, page_id=1200, browser=Firefox
Testing: csp_id=1197, page_id=1300, browser=Firefox
Testing: csp_id=1197, page_id=1400, browser=Firefox
Testing: csp_id=1197, page_id=1500, browser=Firefox
Testing: csp_id=1197, page_id=1600, browser=Firefox
Testing: csp_id=1197, page_id=1700, browser=Firefox
Testing: csp_id=1197, page_id=1800, browser=Firefox
Testing: csp_id=1197, page_id=1900, browser=Firefox
Testing: csp_id=1197, page_id=2000, browser=Firefox
Testing: csp_id=1197, page_id=2100, browser=Firefox
Testing: csp_id=1197, page_id=2200, browser=Firefox
Testing: csp_id=1197, page_id=2300, browser=Firefox
Testing: csp_id=1197, page_id=2400, browser=Firefox
Testing: csp_id=1197, page_id=2500, browser=Firefox
Testing: csp_id=1197, page_id=2600, browser=Firefox
Testing: csp_id=1197, page_id=2700, browser=Firefox
Testing: csp_id=1197, page_id=2800, browser=Firefox
Testing: csp_id=1197, page_id=2900, browser=Firefox
Testing: csp_id=1197, page_id=3000, browser=Firefox
Testing: csp_id=1197, page_id=3100, browser=Firefox
Testing: csp_id=1197, page_id=3200, browser=Firefox
Testing: csp_id=1197, page_id=3300, browser=Firefox
Testing: csp_id=1197, page_id=3400, browser=Firefox
Testing: csp_id=1197, page_id=3500, browser=Firefox
Testing: csp_id=1197, page_id=3600, browser=Firefox
Testing: csp_id=1197, page_id=3700, browser=Firefox
Testing: csp_id=1197, page_id=3800, browser=Firefox
Testing: csp_id=1197, page_id=3900, browser=Firefox
Testing: csp_id=1197, page_id=4000, browser=Firefox
Testing: csp_id=1197, page_id=4100, browser=Firefox
Testing: csp_id=1197, page_id=4200, browser=Firefox
Testing: csp_id=1197, page_id=4300, browser=Firefox
Testing: csp_id=1197, page_id=4400, browser=Firefox
Testing: csp_id=1197, page_id=4500, browser=Firefox
Testing: csp_id=1197, page_id=4600, browser=Firefox
Testing: csp_id=1197, page_id=4700, browser=Firefox
Testing: csp_id=1197, page_id=4800, browser=Firefox
Testing: csp_id=1197, page_id=4900, browser=Firefox
Testing: csp_id=1197, page_id=5000, browser=Firefox
Testing: csp_id=1197, page_id=5100, browser=Firefox
Testing: csp_id=1197, page_id=5200, browser=Firefox
Testing: csp_id=1197, page_id=5300, browser=Firefox
Testing: csp_id=1197, page_id=5400, browser=Firefox
Testing: csp_id=1197, page_id=5500, browser=Firefox
Testing: csp_id=1197, page_id=5600, browser=Firefox
Testing: csp_id=1197, page_id=5700, browser=Firefox
Testing: csp_id=1197, page_id=5800, browser=Firefox
Testing: csp_id=1197, page_id=5900, browser=Firefox
Testing: csp_id=1197, page_id=6000, browser=Firefox
Testing: csp_id=1197, page_id=6100, browser=Firefox
Testing: csp_id=1197, page_id=6200, browser=Firefox
Testing: csp_id=1197, page_id=6300, browser=Firefox
Testing: csp_id=1197, page_id=6400, browser=Firefox
Testing: csp_id=1197, page_id=6500, browser=Firefox
Testing: csp_id=1197, page_id=6600, browser=Firefox
Testing: csp_id=1197, page_id=6700, browser=Firefox
Testing: csp_id=1197, page_id=6800, browser=Firefox
Testing: csp_id=1197, page_id=6900, browser=Firefox
Testing: csp_id=1197, page_id=7000, browser=Firefox
Testing: csp_id=1197, page_id=7100, browser=Firefox
Testing: csp_id=1197, page_id=7200, browser=Firefox
Testing: csp_id=1197, page_id=7300, browser=Firefox
Testing: csp_id=1197, page_id=7400, browser=Firefox
Testing: csp_id=1197, page_id=7500, browser=Firefox
Testing: csp_id=1197, page_id=7600, browser=Firefox
Testing: csp_id=1197, page_id=7700, browser=Firefox
Testing: csp_id=1197, page_id=7800, browser=Firefox
Testing: csp_id=1197, page_id=7900, browser=Firefox
Testing: csp_id=1197, page_id=8000, browser=Firefox
Testing: csp_id=1197, page_id=8100, browser=Firefox
Testing: csp_id=1197, page_id=8200, browser=Firefox
Testing: csp_id=1197, page_id=8300, browser=Firefox
Testing: csp_id=1197, page_id=8400, browser=Firefox
Testing: csp_id=1197, page_id=8500, browser=Firefox
Testing: csp_id=1197, page_id=8600, browser=Firefox
Testing: csp_id=1197, page_id=8700, browser=Firefox
Testing: csp_id=1197, page_id=8800, browser=Firefox
Testing: csp_id=1197, page_id=8900, browser=Firefox
Testing: csp_id=1197, page_id=9000, browser=Firefox
Testing: csp_id=1197, page_id=9100, browser=Firefox
Testing: csp_id=1197, page_id=9200, browser=Firefox
Testing: csp_id=1197, page_id=9300, browser=Firefox
Testing: csp_id=1197, page_id=9400, browser=Firefox
Testing: csp_id=1197, page_id=9500, browser=Firefox
Testing: csp_id=1197, page_id=9600, browser=Firefox
Testing: csp_id=1197, page_id=9700, browser=Firefox
Testing: csp_id=1197, page_id=9800, browser=Firefox
Testing: csp_id=1197, page_id=9900, browser=Firefox
Testing: csp_id=1197, page_id=10000, browser=Firefox
Testing: csp_id=1197, page_id=10100, browser=Firefox
Testing: csp_id=1197, page_id=10200, browser=Firefox
Testing: csp_id=1197, page_id=10300, browser=Firefox
Testing: csp_id=1197, page_id=10400, browser=Firefox
Testing: csp_id=1197, page_id=10500, browser=Firefox
Testing: csp_id=1197, page_id=10600, browser=Firefox
Testing: csp_id=1197, page_id=10700, browser=Firefox
Testing: csp_id=1197, page_id=10800, browser=Firefox
Testing: csp_id=1197, page_id=10900, browser=Firefox
Testing: csp_id=1197, page_id=11000, browser=Firefox
Testing: csp_id=1197, page_id=11100, browser=Firefox
Testing: csp_id=1197, page_id=11200, browser=Firefox
Testing: csp_id=1197, page_id=11300, browser=Firefox
Testing: csp_id=1197, page_id=11400, browser=Firefox
Testing: csp_id=1197, page_id=11500, browser=Firefox
Testing: csp_id=1197, page_id=11600, browser=Firefox
Testing: csp_id=1197, page_id=11700, browser=Firefox
Testing: csp_id=1197, page_id=11800, browser=Firefox
Testing: csp_id=1197, page_id=11900, browser=Firefox
Testing: csp_id=1197, page_id=12000, browser=Firefox
Testing: csp_id=1197, page_id=12100, browser=Firefox
Testing: csp_id=1197, page_id=12200, browser=Firefox
Testing: csp_id=1197, page_id=12300, browser=Firefox
Testing: csp_id=1197, page_id=12400, browser=Firefox
Testing: csp_id=1197, page_id=12500, browser=Firefox
Testing: csp_id=1197, page_id=12600, browser=Firefox
Testing: csp_id=1197, page_id=12700, browser=Firefox
Testing: csp_id=1197, page_id=12800, browser=Firefox
Testing: csp_id=1197, page_id=12900, browser=Firefox
Testing: csp_id=1197, page_id=13000, browser=Firefox
Testing: csp_id=1197, page_id=13100, browser=Firefox
Testing: csp_id=1197, page_id=13200, browser=Firefox
Testing: csp_id=1197, page_id=13300, browser=Firefox
Testing: csp_id=1197, page_id=13400, browser=Firefox
Testing: csp_id=1197, page_id=13500, browser=Firefox
Testing: csp_id=1197, page_id=13600, browser=Firefox
Testing: csp_id=1197, page_id=13700, browser=Firefox
Testing: csp_id=1197, page_id=13800, browser=Firefox
Testing: csp_id=1197, page_id=13900, browser=Firefox
Testing: csp_id=1197, page_id=14000, browser=Firefox
Testing: csp_id=1197, page_id=14100, browser=Firefox
Testing: csp_id=1197, page_id=14200, browser=Firefox
Testing: csp_id=1197, page_id=14300, browser=Firefox
Testing: csp_id=1197, page_id=14400, browser=Firefox
Testing: csp_id=1197, page_id=14500, browser=Firefox
Testing: csp_id=1197, page_id=14600, browser=Firefox
Testing: csp_id=1197, page_id=14700, browser=Firefox
Testing: csp_id=1197, page_id=14800, browser=Firefox
Testing: csp_id=1197, page_id=14900, browser=Firefox
Testing: csp_id=1197, page_id=15000, browser=Firefox
Testing: csp_id=1197, page_id=15100, browser=Firefox
Testing: csp_id=1197, page_id=15200, browser=Firefox
Testing: csp_id=1197, page_id=15300, browser=Firefox
Testing: csp_id=1197, page_id=15400, browser=Firefox
Testing: csp_id=1197, page_id=15500, browser=Firefox
Testing: csp_id=1197, page_id=15600, browser=Firefox
Testing: csp_id=1197, page_id=15700, browser=Firefox
Testing: csp_id=1197, page_id=15800, browser=Firefox
Testing: csp_id=1197, page_id=15900, browser=Firefox
Testing: csp_id=1197, page_id=16000, browser=Firefox
Testing: csp_id=1197, page_id=16100, browser=Firefox
Testing: csp_id=1197, page_id=16200, browser=Firefox
Testing: csp_id=1197, page_id=16300, browser=Firefox
Testing: csp_id=1197, page_id=16400, browser=Firefox
Testing: csp_id=1197, page_id=16500, browser=Firefox
Testing: csp_id=1197, page_id=16600, browser=Firefox
Testing: csp_id=1197, page_id=16700, browser=Firefox
Testing: csp_id=1197, page_id=16800, browser=Firefox
Testing: csp_id=1197, page_id=16900, browser=Firefox
Testing: csp_id=1197, page_id=17000, browser=Firefox
Testing: csp_id=1197, page_id=17100, browser=Firefox
Testing: csp_id=1197, page_id=17200, browser=Firefox
Testing: csp_id=1197, page_id=17300, browser=Firefox
Testing: csp_id=1197, page_id=17400, browser=Firefox
Testing: csp_id=1197, page_id=17500, browser=Firefox
Testing: csp_id=1197, page_id=17600, browser=Firefox
Testing: csp_id=1197, page_id=17700, browser=Firefox
Testing: csp_id=1197, page_id=17800, browser=Firefox
Testing: csp_id=1197, page_id=17900, browser=Firefox
Testing: csp_id=1197, page_id=18000, browser=Firefox
Testing: csp_id=1197, page_id=18100, browser=Firefox
Testing: csp_id=1197, page_id=18200, browser=Firefox
Testing: csp_id=1197, page_id=18300, browser=Firefox
Testing: csp_id=1197, page_id=18400, browser=Firefox
Testing: csp_id=1197, page_id=18500, browser=Firefox
Testing: csp_id=1197, page_id=18600, browser=Firefox
Testing: csp_id=1197, page_id=18700, browser=Firefox
Testing: csp_id=1197, page_id=18800, browser=Firefox
Testing: csp_id=1197, page_id=18900, browser=Firefox
Testing: csp_id=1197, page_id=19000, browser=Firefox
Testing: csp_id=1197, page_id=19100, browser=Firefox
Testing: csp_id=1197, page_id=19200, browser=Firefox
Testing: csp_id=1197, page_id=19300, browser=Firefox
Testing: csp_id=1197, page_id=19400, browser=Firefox
Testing: csp_id=1197, page_id=19500, browser=Firefox
Testing: csp_id=1197, page_id=19600, browser=Firefox
Testing: csp_id=1197, page_id=19700, browser=Firefox
Testing: csp_id=1197, page_id=19800, browser=Firefox
Testing: csp_id=1197, page_id=19900, browser=Firefox
Testing: csp_id=1197, page_id=20000, browser=Firefox
Testing: csp_id=1197, page_id=20100, browser=Firefox
Testing: csp_id=1197, page_id=20200, browser=Firefox
Testing: csp_id=1197, page_id=20300, browser=Firefox
Testing: csp_id=1197, page_id=20400, browser=Firefox
Testing: csp_id=1197, page_id=20500, browser=Firefox
Testing: csp_id=1197, page_id=20600, browser=Firefox
Testing: csp_id=1197, page_id=20700, browser=Firefox
Testing: csp_id=1197, page_id=20800, browser=Firefox
Testing: csp_id=1197, page_id=20900, browser=Firefox
Testing: csp_id=1197, page_id=21000, browser=Firefox
Testing: csp_id=1197, page_id=21100, browser=Firefox
Testing: csp_id=1197, page_id=21200, browser=Firefox
Testing: csp_id=1197, page_id=21300, browser=Firefox
Testing: csp_id=1197, page_id=21400, browser=Firefox
Testing: csp_id=1197, page_id=21500, browser=Firefox
Testing: csp_id=1197, page_id=21600, browser=Firefox
Testing: csp_id=1197, page_id=21700, browser=Firefox
Testing: csp_id=1197, page_id=21800, browser=Firefox
Testing: csp_id=1197, page_id=21900, browser=Firefox
Testing: csp_id=1197, page_id=22000, browser=Firefox
Testing: csp_id=1197, page_id=22100, browser=Firefox
Testing: csp_id=1197, page_id=22200, browser=Firefox
Testing: csp_id=1197, page_id=22300, browser=Firefox
Testing: csp_id=1197, page_id=22400, browser=Firefox
Testing: csp_id=1197, page_id=22500, browser=Firefox
Testing: csp_id=1197, page_id=22600, browser=Firefox
Testing: csp_id=1197, page_id=22700, browser=Firefox
Testing: csp_id=1197, page_id=22800, browser=Firefox
Testing: csp_id=1197, page_id=22900, browser=Firefox
Testing: csp_id=1197, page_id=23000, browser=Firefox
Testing: csp_id=1197, page_id=23100, browser=Firefox
Testing: csp_id=1197, page_id=23200, browser=Firefox
Testing: csp_id=1197, page_id=23300, browser=Firefox
Testing: csp_id=1197, page_id=23400, browser=Firefox
Testing: csp_id=1197, page_id=23500, browser=Firefox
Testing: csp_id=1197, page_id=23600, browser=Firefox
Testing: csp_id=1197, page_id=23700, browser=Firefox
Testing: csp_id=1197, page_id=23800, browser=Firefox
Testing: csp_id=1197, page_id=23900, browser=Firefox
Testing: csp_id=1197, page_id=24000, browser=Firefox
Testing: csp_id=1197, page_id=24100, browser=Firefox
Testing: csp_id=1197, page_id=24200, browser=Firefox
Testing: csp_id=1197, page_id=24300, browser=Firefox
Testing: csp_id=1197, page_id=24400, browser=Firefox
Testing: csp_id=1197, page_id=24500, browser=Firefox
Testing: csp_id=1197, page_id=24600, browser=Firefox
Testing: csp_id=1197, page_id=24700, browser=Firefox
Testing: csp_id=1197, page_id=24800, browser=Firefox
Testing: csp_id=1197, page_id=24900, browser=Firefox
Testing: csp_id=1197, page_id=25000, browser=Firefox
Testing: csp_id=1197, page_id=25100, browser=Firefox
Testing: csp_id=1197, page_id=25200, browser=Firefox
Testing: csp_id=1197, page_id=25300, browser=Firefox
Testing: csp_id=1197, page_id=25400, browser=Firefox
Testing: csp_id=1197, page_id=25500, browser=Firefox
Testing: csp_id=1197, page_id=25600, browser=Firefox
Testing: csp_id=1197, page_id=25700, browser=Firefox
Testing: csp_id=1197, page_id=25800, browser=Firefox
Testing: csp_id=1197, page_id=25900, browser=Firefox
Testing: csp_id=1197, page_id=26000, browser=Firefox
Testing: csp_id=1197, page_id=26100, browser=Firefox
Testing: csp_id=1197, page_id=26200, browser=Firefox
Testing: csp_id=1197, page_id=26300, browser=Firefox
Testing: csp_id=1197, page_id=26400, browser=Firefox
Testing: csp_id=1197, page_id=26500, browser=Firefox
Testing: csp_id=1197, page_id=26600, browser=Firefox
Testing: csp_id=1197, page_id=26700, browser=Firefox
Testing: csp_id=1197, page_id=26800, browser=Firefox
Testing: csp_id=1197, page_id=26900, browser=Firefox
Testing: csp_id=1197, page_id=27000, browser=Firefox
Testing: csp_id=1197, page_id=27100, browser=Firefox
Testing: csp_id=1197, page_id=27200, browser=Firefox
Testing: csp_id=1197, page_id=27300, browser=Firefox
Testing: csp_id=1197, page_id=27400, browser=Firefox
Testing: csp_id=1197, page_id=27500, browser=Firefox
Testing: csp_id=1197, page_id=27600, browser=Firefox
Testing: csp_id=1197, page_id=27700, browser=Firefox
Testing: csp_id=1197, page_id=27800, browser=Firefox
Testing: csp_id=1197, page_id=27900, browser=Firefox
Testing: csp_id=1197, page_id=28000, browser=Firefox
Testing: csp_id=1197, page_id=28100, browser=Firefox
Testing: csp_id=1197, page_id=28200, browser=Firefox
Testing: csp_id=1197, page_id=28300, browser=Firefox
Testing: csp_id=1197, page_id=28400, browser=Firefox
Testing: csp_id=1197, page_id=28500, browser=Firefox
Testing: csp_id=1197, page_id=28600, browser=Firefox
Testing: csp_id=1197, page_id=28700, browser=Firefox
Testing: csp_id=1197, page_id=28800, browser=Firefox
Testing: csp_id=1197, page_id=28900, browser=Firefox
Testing: csp_id=1197, page_id=29000, browser=Firefox
Testing: csp_id=1197, page_id=29100, browser=Firefox
Testing: csp_id=1197, page_id=29200, browser=Firefox
Testing: csp_id=1197, page_id=29300, browser=Firefox
Testing: csp_id=1197, page_id=29400, browser=Firefox
Testing: csp_id=1197, page_id=29500, browser=Firefox
Testing: csp_id=1197, page_id=29600, browser=Firefox
Testing: csp_id=1197, page_id=29700, browser=Firefox
Testing: csp_id=1197, page_id=29800, browser=Firefox
🏊 create_context_pools[first] (5x16): 29.130s
Testing: csp_id=1207, page_id=0, browser=Firefox
Testing: csp_id=1207, page_id=100, browser=Firefox
Testing: csp_id=1207, page_id=200, browser=Firefox
Testing: csp_id=1207, page_id=300, browser=Firefox
Testing: csp_id=1207, page_id=400, browser=Firefox
Testing: csp_id=1207, page_id=500, browser=Firefox
Testing: csp_id=1207, page_id=600, browser=Firefox
Testing: csp_id=1207, page_id=700, browser=Firefox
Testing: csp_id=1207, page_id=800, browser=Firefox
Testing: csp_id=1207, page_id=900, browser=Firefox
Testing: csp_id=1207, page_id=1000, browser=Firefox
Testing: csp_id=1207, page_id=1100, browser=Firefox
Testing: csp_id=1207, page_id=1200, browser=Firefox
Testing: csp_id=1207, page_id=1300, browser=Firefox
Testing: csp_id=1207, page_id=1400, browser=Firefox
Testing: csp_id=1207, page_id=1500, browser=Firefox
Testing: csp_id=1207, page_id=1600, browser=Firefox
Testing: csp_id=1207, page_id=1700, browser=Firefox
Testing: csp_id=1207, page_id=1800, browser=Firefox
Testing: csp_id=1207, page_id=1900, browser=Firefox
Testing: csp_id=1207, page_id=2000, browser=Firefox
Testing: csp_id=1207, page_id=2100, browser=Firefox
Testing: csp_id=1207, page_id=2200, browser=Firefox
Testing: csp_id=1207, page_id=2300, browser=Firefox
Testing: csp_id=1207, page_id=2400, browser=Firefox
Testing: csp_id=1207, page_id=2500, browser=Firefox
Testing: csp_id=1207, page_id=2600, browser=Firefox
Testing: csp_id=1207, page_id=2700, browser=Firefox
Testing: csp_id=1207, page_id=2800, browser=Firefox
Testing: csp_id=1207, page_id=2900, browser=Firefox
Testing: csp_id=1207, page_id=3000, browser=Firefox
Testing: csp_id=1207, page_id=3100, browser=Firefox
Testing: csp_id=1207, page_id=3200, browser=Firefox
Testing: csp_id=1207, page_id=3300, browser=Firefox
Testing: csp_id=1207, page_id=3400, browser=Firefox
Testing: csp_id=1207, page_id=3500, browser=Firefox
Testing: csp_id=1207, page_id=3600, browser=Firefox
Testing: csp_id=1207, page_id=3700, browser=Firefox
Testing: csp_id=1207, page_id=3800, browser=Firefox
Testing: csp_id=1207, page_id=3900, browser=Firefox
Testing: csp_id=1207, page_id=4000, browser=Firefox
Testing: csp_id=1207, page_id=4100, browser=Firefox
Testing: csp_id=1207, page_id=4200, browser=Firefox
Testing: csp_id=1207, page_id=4300, browser=Firefox
Testing: csp_id=1207, page_id=4400, browser=Firefox
Testing: csp_id=1207, page_id=4500, browser=Firefox
Testing: csp_id=1207, page_id=4600, browser=Firefox
Testing: csp_id=1207, page_id=4700, browser=Firefox
Testing: csp_id=1207, page_id=4800, browser=Firefox
Testing: csp_id=1207, page_id=4900, browser=Firefox
Testing: csp_id=1207, page_id=5000, browser=Firefox
Testing: csp_id=1207, page_id=5100, browser=Firefox
Testing: csp_id=1207, page_id=5200, browser=Firefox
Testing: csp_id=1207, page_id=5300, browser=Firefox
Testing: csp_id=1207, page_id=5400, browser=Firefox
Testing: csp_id=1207, page_id=5500, browser=Firefox
Testing: csp_id=1207, page_id=5600, browser=Firefox
Testing: csp_id=1207, page_id=5700, browser=Firefox
Testing: csp_id=1207, page_id=5800, browser=Firefox
Testing: csp_id=1207, page_id=5900, browser=Firefox
Testing: csp_id=1207, page_id=6000, browser=Firefox
Testing: csp_id=1207, page_id=6100, browser=Firefox
Testing: csp_id=1207, page_id=6200, browser=Firefox
Testing: csp_id=1207, page_id=6300, browser=Firefox
Testing: csp_id=1207, page_id=6400, browser=Firefox
Testing: csp_id=1207, page_id=6500, browser=Firefox
Testing: csp_id=1207, page_id=6600, browser=Firefox
Testing: csp_id=1207, page_id=6700, browser=Firefox
Testing: csp_id=1207, page_id=6800, browser=Firefox
Testing: csp_id=1207, page_id=6900, browser=Firefox
Testing: csp_id=1207, page_id=7000, browser=Firefox
Testing: csp_id=1207, page_id=7100, browser=Firefox
Testing: csp_id=1207, page_id=7200, browser=Firefox
Testing: csp_id=1207, page_id=7300, browser=Firefox
Testing: csp_id=1207, page_id=7400, browser=Firefox
Testing: csp_id=1207, page_id=7500, browser=Firefox
Testing: csp_id=1207, page_id=7600, browser=Firefox
Testing: csp_id=1207, page_id=7700, browser=Firefox
Testing: csp_id=1207, page_id=7800, browser=Firefox
Testing: csp_id=1207, page_id=7900, browser=Firefox
Testing: csp_id=1207, page_id=8000, browser=Firefox
Testing: csp_id=1207, page_id=8100, browser=Firefox
Testing: csp_id=1207, page_id=8200, browser=Firefox
Testing: csp_id=1207, page_id=8300, browser=Firefox
Testing: csp_id=1207, page_id=8400, browser=Firefox
Testing: csp_id=1207, page_id=8500, browser=Firefox
Testing: csp_id=1207, page_id=8600, browser=Firefox
Testing: csp_id=1207, page_id=8700, browser=Firefox
Testing: csp_id=1207, page_id=8800, browser=Firefox
Testing: csp_id=1207, page_id=8900, browser=Firefox
Testing: csp_id=1207, page_id=9000, browser=Firefox
Testing: csp_id=1207, page_id=9100, browser=Firefox
Testing: csp_id=1207, page_id=9200, browser=Firefox
Testing: csp_id=1207, page_id=9300, browser=Firefox
Testing: csp_id=1207, page_id=9400, browser=Firefox
Testing: csp_id=1207, page_id=9500, browser=Firefox
Testing: csp_id=1207, page_id=9600, browser=Firefox
Testing: csp_id=1207, page_id=9700, browser=Firefox
Testing: csp_id=1207, page_id=9800, browser=Firefox
Testing: csp_id=1207, page_id=9900, browser=Firefox
Testing: csp_id=1207, page_id=10000, browser=Firefox
Testing: csp_id=1207, page_id=10100, browser=Firefox
Testing: csp_id=1207, page_id=10200, browser=Firefox
Testing: csp_id=1207, page_id=10300, browser=Firefox
Testing: csp_id=1207, page_id=10400, browser=Firefox
Testing: csp_id=1207, page_id=10500, browser=Firefox
Testing: csp_id=1207, page_id=10600, browser=Firefox
Testing: csp_id=1207, page_id=10700, browser=Firefox
Testing: csp_id=1207, page_id=10800, browser=Firefox
Testing: csp_id=1207, page_id=10900, browser=Firefox
Testing: csp_id=1207, page_id=11000, browser=Firefox
Testing: csp_id=1207, page_id=11100, browser=Firefox
Testing: csp_id=1207, page_id=11200, browser=Firefox
Testing: csp_id=1207, page_id=11300, browser=Firefox
Testing: csp_id=1207, page_id=11400, browser=Firefox
Testing: csp_id=1207, page_id=11500, browser=Firefox
Testing: csp_id=1207, page_id=11600, browser=Firefox
Testing: csp_id=1207, page_id=11700, browser=Firefox
Testing: csp_id=1207, page_id=11800, browser=Firefox
Testing: csp_id=1207, page_id=11900, browser=Firefox
Testing: csp_id=1207, page_id=12000, browser=Firefox
Testing: csp_id=1207, page_id=12100, browser=Firefox
Testing: csp_id=1207, page_id=12200, browser=Firefox
Testing: csp_id=1207, page_id=12300, browser=Firefox
Testing: csp_id=1207, page_id=12400, browser=Firefox
Testing: csp_id=1207, page_id=12500, browser=Firefox
Testing: csp_id=1207, page_id=12600, browser=Firefox
Testing: csp_id=1207, page_id=12700, browser=Firefox
Testing: csp_id=1207, page_id=12800, browser=Firefox
Testing: csp_id=1207, page_id=12900, browser=Firefox
Testing: csp_id=1207, page_id=13000, browser=Firefox
Testing: csp_id=1207, page_id=13100, browser=Firefox
Testing: csp_id=1207, page_id=13200, browser=Firefox
Testing: csp_id=1207, page_id=13300, browser=Firefox
Testing: csp_id=1207, page_id=13400, browser=Firefox
Testing: csp_id=1207, page_id=13500, browser=Firefox
Testing: csp_id=1207, page_id=13600, browser=Firefox
Testing: csp_id=1207, page_id=13700, browser=Firefox
Testing: csp_id=1207, page_id=13800, browser=Firefox
Testing: csp_id=1207, page_id=13900, browser=Firefox
Testing: csp_id=1207, page_id=14000, browser=Firefox
Testing: csp_id=1207, page_id=14100, browser=Firefox
Testing: csp_id=1207, page_id=14200, browser=Firefox
Testing: csp_id=1207, page_id=14300, browser=Firefox
Testing: csp_id=1207, page_id=14400, browser=Firefox
Testing: csp_id=1207, page_id=14500, browser=Firefox
Testing: csp_id=1207, page_id=14600, browser=Firefox
Testing: csp_id=1207, page_id=14700, browser=Firefox
Testing: csp_id=1207, page_id=14800, browser=Firefox
Testing: csp_id=1207, page_id=14900, browser=Firefox
Testing: csp_id=1207, page_id=15000, browser=Firefox
Testing: csp_id=1207, page_id=15100, browser=Firefox
Testing: csp_id=1207, page_id=15200, browser=Firefox
Testing: csp_id=1207, page_id=15300, browser=Firefox
Testing: csp_id=1207, page_id=15400, browser=Firefox
Testing: csp_id=1207, page_id=15500, browser=Firefox
Testing: csp_id=1207, page_id=15600, browser=Firefox
Testing: csp_id=1207, page_id=15700, browser=Firefox
Testing: csp_id=1207, page_id=15800, browser=Firefox
Testing: csp_id=1207, page_id=15900, browser=Firefox
Testing: csp_id=1207, page_id=16000, browser=Firefox
Testing: csp_id=1207, page_id=16100, browser=Firefox
Testing: csp_id=1207, page_id=16200, browser=Firefox
Testing: csp_id=1207, page_id=16300, browser=Firefox
Testing: csp_id=1207, page_id=16400, browser=Firefox
Testing: csp_id=1207, page_id=16500, browser=Firefox
Testing: csp_id=1207, page_id=16600, browser=Firefox
Testing: csp_id=1207, page_id=16700, browser=Firefox
Testing: csp_id=1207, page_id=16800, browser=Firefox
Testing: csp_id=1207, page_id=16900, browser=Firefox
Testing: csp_id=1207, page_id=17000, browser=Firefox
Testing: csp_id=1207, page_id=17100, browser=Firefox
Testing: csp_id=1207, page_id=17200, browser=Firefox
Testing: csp_id=1207, page_id=17300, browser=Firefox
Testing: csp_id=1207, page_id=17400, browser=Firefox
Testing: csp_id=1207, page_id=17500, browser=Firefox
Testing: csp_id=1207, page_id=17600, browser=Firefox
Testing: csp_id=1207, page_id=17700, browser=Firefox
Testing: csp_id=1207, page_id=17800, browser=Firefox
Testing: csp_id=1207, page_id=17900, browser=Firefox
Testing: csp_id=1207, page_id=18000, browser=Firefox
Testing: csp_id=1207, page_id=18100, browser=Firefox
Testing: csp_id=1207, page_id=18200, browser=Firefox
Testing: csp_id=1207, page_id=18300, browser=Firefox
Testing: csp_id=1207, page_id=18400, browser=Firefox
Testing: csp_id=1207, page_id=18500, browser=Firefox
Testing: csp_id=1207, page_id=18600, browser=Firefox
Testing: csp_id=1207, page_id=18700, browser=Firefox
Testing: csp_id=1207, page_id=18800, browser=Firefox
Testing: csp_id=1207, page_id=18900, browser=Firefox
Testing: csp_id=1207, page_id=19000, browser=Firefox
Testing: csp_id=1207, page_id=19100, browser=Firefox
Testing: csp_id=1207, page_id=19200, browser=Firefox
Testing: csp_id=1207, page_id=19300, browser=Firefox
Testing: csp_id=1207, page_id=19400, browser=Firefox
Testing: csp_id=1207, page_id=19500, browser=Firefox
Testing: csp_id=1207, page_id=19600, browser=Firefox
Testing: csp_id=1207, page_id=19700, browser=Firefox
Testing: csp_id=1207, page_id=19800, browser=Firefox
Testing: csp_id=1207, page_id=19900, browser=Firefox
Testing: csp_id=1207, page_id=20000, browser=Firefox
Testing: csp_id=1207, page_id=20100, browser=Firefox
Testing: csp_id=1207, page_id=20200, browser=Firefox
Testing: csp_id=1207, page_id=20300, browser=Firefox
Testing: csp_id=1207, page_id=20400, browser=Firefox
Testing: csp_id=1207, page_id=20500, browser=Firefox
Testing: csp_id=1207, page_id=20600, browser=Firefox
Testing: csp_id=1207, page_id=20700, browser=Firefox
Testing: csp_id=1207, page_id=20800, browser=Firefox
Testing: csp_id=1207, page_id=20900, browser=Firefox
Testing: csp_id=1207, page_id=21000, browser=Firefox
Testing: csp_id=1207, page_id=21100, browser=Firefox
Testing: csp_id=1207, page_id=21200, browser=Firefox
Testing: csp_id=1207, page_id=21300, browser=Firefox
Testing: csp_id=1207, page_id=21400, browser=Firefox
Testing: csp_id=1207, page_id=21500, browser=Firefox
Testing: csp_id=1207, page_id=21600, browser=Firefox
Testing: csp_id=1207, page_id=21700, browser=Firefox
Testing: csp_id=1207, page_id=21800, browser=Firefox
Testing: csp_id=1207, page_id=21900, browser=Firefox
Testing: csp_id=1207, page_id=22000, browser=Firefox
Testing: csp_id=1207, page_id=22100, browser=Firefox
Testing: csp_id=1207, page_id=22200, browser=Firefox
Testing: csp_id=1207, page_id=22300, browser=Firefox
Testing: csp_id=1207, page_id=22400, browser=Firefox
Testing: csp_id=1207, page_id=22500, browser=Firefox
Testing: csp_id=1207, page_id=22600, browser=Firefox
Testing: csp_id=1207, page_id=22700, browser=Firefox
Testing: csp_id=1207, page_id=22800, browser=Firefox
Testing: csp_id=1207, page_id=22900, browser=Firefox
Testing: csp_id=1207, page_id=23000, browser=Firefox
Testing: csp_id=1207, page_id=23100, browser=Firefox
Testing: csp_id=1207, page_id=23200, browser=Firefox
Testing: csp_id=1207, page_id=23300, browser=Firefox
Testing: csp_id=1207, page_id=23400, browser=Firefox
Testing: csp_id=1207, page_id=23500, browser=Firefox
Testing: csp_id=1207, page_id=23600, browser=Firefox
Testing: csp_id=1207, page_id=23700, browser=Firefox
Testing: csp_id=1207, page_id=23800, browser=Firefox
Testing: csp_id=1207, page_id=23900, browser=Firefox
Testing: csp_id=1207, page_id=24000, browser=Firefox
Testing: csp_id=1207, page_id=24100, browser=Firefox
Testing: csp_id=1207, page_id=24200, browser=Firefox
Testing: csp_id=1207, page_id=24300, browser=Firefox
Testing: csp_id=1207, page_id=24400, browser=Firefox
Testing: csp_id=1207, page_id=24500, browser=Firefox
Testing: csp_id=1207, page_id=24600, browser=Firefox
Testing: csp_id=1207, page_id=24700, browser=Firefox
Testing: csp_id=1207, page_id=24800, browser=Firefox
Testing: csp_id=1207, page_id=24900, browser=Firefox
Testing: csp_id=1207, page_id=25000, browser=Firefox
Testing: csp_id=1207, page_id=25100, browser=Firefox
Testing: csp_id=1207, page_id=25200, browser=Firefox
Testing: csp_id=1207, page_id=25300, browser=Firefox
Testing: csp_id=1207, page_id=25400, browser=Firefox
Testing: csp_id=1207, page_id=25500, browser=Firefox
Testing: csp_id=1207, page_id=25600, browser=Firefox
Testing: csp_id=1207, page_id=25700, browser=Firefox
Testing: csp_id=1207, page_id=25800, browser=Firefox
Testing: csp_id=1207, page_id=25900, browser=Firefox
Testing: csp_id=1207, page_id=26000, browser=Firefox
Testing: csp_id=1207, page_id=26100, browser=Firefox
Testing: csp_id=1207, page_id=26200, browser=Firefox
Testing: csp_id=1207, page_id=26300, browser=Firefox
Testing: csp_id=1207, page_id=26400, browser=Firefox
Testing: csp_id=1207, page_id=26500, browser=Firefox
Testing: csp_id=1207, page_id=26600, browser=Firefox
Testing: csp_id=1207, page_id=26700, browser=Firefox
Testing: csp_id=1207, page_id=26800, browser=Firefox
Testing: csp_id=1207, page_id=26900, browser=Firefox
Testing: csp_id=1207, page_id=27000, browser=Firefox
Testing: csp_id=1207, page_id=27100, browser=Firefox
Testing: csp_id=1207, page_id=27200, browser=Firefox
Testing: csp_id=1207, page_id=27300, browser=Firefox
Testing: csp_id=1207, page_id=27400, browser=Firefox
Testing: csp_id=1207, page_id=27500, browser=Firefox
Testing: csp_id=1207, page_id=27600, browser=Firefox
Testing: csp_id=1207, page_id=27700, browser=Firefox
Testing: csp_id=1207, page_id=27800, browser=Firefox
Testing: csp_id=1207, page_id=27900, browser=Firefox
Testing: csp_id=1207, page_id=28000, browser=Firefox
Testing: csp_id=1207, page_id=28100, browser=Firefox
Testing: csp_id=1207, page_id=28200, browser=Firefox
Testing: csp_id=1207, page_id=28300, browser=Firefox
Testing: csp_id=1207, page_id=28400, browser=Firefox
Testing: csp_id=1207, page_id=28500, browser=Firefox
Testing: csp_id=1207, page_id=28600, browser=Firefox
Testing: csp_id=1207, page_id=28700, browser=Firefox
Testing: csp_id=1207, page_id=28800, browser=Firefox
Testing: csp_id=1207, page_id=28900, browser=Firefox
Testing: csp_id=1207, page_id=29000, browser=Firefox
Testing: csp_id=1207, page_id=29100, browser=Firefox
Testing: csp_id=1207, page_id=29200, browser=Firefox
Testing: csp_id=1207, page_id=29300, browser=Firefox
Testing: csp_id=1207, page_id=29400, browser=Firefox
Testing: csp_id=1207, page_id=29500, browser=Firefox
Testing: csp_id=1207, page_id=29600, browser=Firefox
Testing: csp_id=1207, page_id=29700, browser=Firefox
Testing: csp_id=1207, page_id=29800, browser=Firefox
🏊 create_context_pools[first] (5x16): 27.572s
Testing: csp_id=1219, page_id=0, browser=Firefox
Testing: csp_id=1219, page_id=100, browser=Firefox
Testing: csp_id=1219, page_id=200, browser=Firefox
Testing: csp_id=1219, page_id=300, browser=Firefox
Testing: csp_id=1219, page_id=400, browser=Firefox
Testing: csp_id=1219, page_id=500, browser=Firefox
Testing: csp_id=1219, page_id=600, browser=Firefox
Testing: csp_id=1219, page_id=700, browser=Firefox
Testing: csp_id=1219, page_id=800, browser=Firefox
Testing: csp_id=1219, page_id=900, browser=Firefox
Testing: csp_id=1219, page_id=1000, browser=Firefox
Testing: csp_id=1219, page_id=1100, browser=Firefox
Testing: csp_id=1219, page_id=1200, browser=Firefox
Testing: csp_id=1219, page_id=1300, browser=Firefox
Testing: csp_id=1219, page_id=1400, browser=Firefox
Testing: csp_id=1219, page_id=1500, browser=Firefox
Testing: csp_id=1219, page_id=1600, browser=Firefox
Testing: csp_id=1219, page_id=1700, browser=Firefox
Testing: csp_id=1219, page_id=1800, browser=Firefox
Testing: csp_id=1219, page_id=1900, browser=Firefox
Testing: csp_id=1219, page_id=2000, browser=Firefox
Testing: csp_id=1219, page_id=2100, browser=Firefox
Testing: csp_id=1219, page_id=2200, browser=Firefox
Testing: csp_id=1219, page_id=2300, browser=Firefox
Testing: csp_id=1219, page_id=2400, browser=Firefox
Testing: csp_id=1219, page_id=2500, browser=Firefox
Testing: csp_id=1219, page_id=2600, browser=Firefox
Testing: csp_id=1219, page_id=2700, browser=Firefox
Testing: csp_id=1219, page_id=2800, browser=Firefox
Testing: csp_id=1219, page_id=2900, browser=Firefox
Testing: csp_id=1219, page_id=3000, browser=Firefox
Testing: csp_id=1219, page_id=3100, browser=Firefox
Testing: csp_id=1219, page_id=3200, browser=Firefox
Testing: csp_id=1219, page_id=3300, browser=Firefox
Testing: csp_id=1219, page_id=3400, browser=Firefox
Testing: csp_id=1219, page_id=3500, browser=Firefox
Testing: csp_id=1219, page_id=3600, browser=Firefox
Testing: csp_id=1219, page_id=3700, browser=Firefox
Testing: csp_id=1219, page_id=3800, browser=Firefox
Testing: csp_id=1219, page_id=3900, browser=Firefox
Testing: csp_id=1219, page_id=4000, browser=Firefox
Testing: csp_id=1219, page_id=4100, browser=Firefox
Testing: csp_id=1219, page_id=4200, browser=Firefox
Testing: csp_id=1219, page_id=4300, browser=Firefox
Testing: csp_id=1219, page_id=4400, browser=Firefox
Testing: csp_id=1219, page_id=4500, browser=Firefox
Testing: csp_id=1219, page_id=4600, browser=Firefox
Testing: csp_id=1219, page_id=4700, browser=Firefox
Testing: csp_id=1219, page_id=4800, browser=Firefox
Testing: csp_id=1219, page_id=4900, browser=Firefox
Testing: csp_id=1219, page_id=5000, browser=Firefox
Testing: csp_id=1219, page_id=5100, browser=Firefox
Testing: csp_id=1219, page_id=5200, browser=Firefox
Testing: csp_id=1219, page_id=5300, browser=Firefox
Testing: csp_id=1219, page_id=5400, browser=Firefox
Testing: csp_id=1219, page_id=5500, browser=Firefox
Testing: csp_id=1219, page_id=5600, browser=Firefox
Testing: csp_id=1219, page_id=5700, browser=Firefox
Testing: csp_id=1219, page_id=5800, browser=Firefox
Testing: csp_id=1219, page_id=5900, browser=Firefox
Testing: csp_id=1219, page_id=6000, browser=Firefox
Testing: csp_id=1219, page_id=6100, browser=Firefox
Testing: csp_id=1219, page_id=6200, browser=Firefox
Testing: csp_id=1219, page_id=6300, browser=Firefox
Testing: csp_id=1219, page_id=6400, browser=Firefox
Testing: csp_id=1219, page_id=6500, browser=Firefox
Testing: csp_id=1219, page_id=6600, browser=Firefox
Testing: csp_id=1219, page_id=6700, browser=Firefox
Testing: csp_id=1219, page_id=6800, browser=Firefox
Testing: csp_id=1219, page_id=6900, browser=Firefox
Testing: csp_id=1219, page_id=7000, browser=Firefox
Testing: csp_id=1219, page_id=7100, browser=Firefox
Testing: csp_id=1219, page_id=7200, browser=Firefox
Testing: csp_id=1219, page_id=7300, browser=Firefox
Testing: csp_id=1219, page_id=7400, browser=Firefox
Testing: csp_id=1219, page_id=7500, browser=Firefox
Testing: csp_id=1219, page_id=7600, browser=Firefox
Testing: csp_id=1219, page_id=7700, browser=Firefox
Testing: csp_id=1219, page_id=7800, browser=Firefox
Testing: csp_id=1219, page_id=7900, browser=Firefox
Testing: csp_id=1219, page_id=8000, browser=Firefox
Testing: csp_id=1219, page_id=8100, browser=Firefox
Testing: csp_id=1219, page_id=8200, browser=Firefox
Testing: csp_id=1219, page_id=8300, browser=Firefox
Testing: csp_id=1219, page_id=8400, browser=Firefox
Testing: csp_id=1219, page_id=8500, browser=Firefox
Testing: csp_id=1219, page_id=8600, browser=Firefox
Testing: csp_id=1219, page_id=8700, browser=Firefox
Testing: csp_id=1219, page_id=8800, browser=Firefox
Testing: csp_id=1219, page_id=8900, browser=Firefox
Testing: csp_id=1219, page_id=9000, browser=Firefox
Testing: csp_id=1219, page_id=9100, browser=Firefox
Testing: csp_id=1219, page_id=9200, browser=Firefox
Testing: csp_id=1219, page_id=9300, browser=Firefox
Testing: csp_id=1219, page_id=9400, browser=Firefox
Testing: csp_id=1219, page_id=9500, browser=Firefox
Testing: csp_id=1219, page_id=9600, browser=Firefox
Testing: csp_id=1219, page_id=9700, browser=Firefox
Testing: csp_id=1219, page_id=9800, browser=Firefox
Testing: csp_id=1219, page_id=9900, browser=Firefox
Testing: csp_id=1219, page_id=10000, browser=Firefox
Testing: csp_id=1219, page_id=10100, browser=Firefox
Testing: csp_id=1219, page_id=10200, browser=Firefox
Testing: csp_id=1219, page_id=10300, browser=Firefox
Testing: csp_id=1219, page_id=10400, browser=Firefox
Testing: csp_id=1219, page_id=10500, browser=Firefox
Testing: csp_id=1219, page_id=10600, browser=Firefox
Testing: csp_id=1219, page_id=10700, browser=Firefox
Testing: csp_id=1219, page_id=10800, browser=Firefox
Testing: csp_id=1219, page_id=10900, browser=Firefox
Testing: csp_id=1219, page_id=11000, browser=Firefox
Testing: csp_id=1219, page_id=11100, browser=Firefox
Testing: csp_id=1219, page_id=11200, browser=Firefox
Testing: csp_id=1219, page_id=11300, browser=Firefox
Testing: csp_id=1219, page_id=11400, browser=Firefox
Testing: csp_id=1219, page_id=11500, browser=Firefox
Testing: csp_id=1219, page_id=11600, browser=Firefox
Testing: csp_id=1219, page_id=11700, browser=Firefox
Testing: csp_id=1219, page_id=11800, browser=Firefox
Testing: csp_id=1219, page_id=11900, browser=Firefox
Testing: csp_id=1219, page_id=12000, browser=Firefox
Testing: csp_id=1219, page_id=12100, browser=Firefox
Testing: csp_id=1219, page_id=12200, browser=Firefox
Testing: csp_id=1219, page_id=12300, browser=Firefox
Testing: csp_id=1219, page_id=12400, browser=Firefox
Testing: csp_id=1219, page_id=12500, browser=Firefox
Testing: csp_id=1219, page_id=12600, browser=Firefox
Testing: csp_id=1219, page_id=12700, browser=Firefox
Testing: csp_id=1219, page_id=12800, browser=Firefox
Testing: csp_id=1219, page_id=12900, browser=Firefox
Testing: csp_id=1219, page_id=13000, browser=Firefox
Testing: csp_id=1219, page_id=13100, browser=Firefox
Testing: csp_id=1219, page_id=13200, browser=Firefox
Testing: csp_id=1219, page_id=13300, browser=Firefox
Testing: csp_id=1219, page_id=13400, browser=Firefox
Testing: csp_id=1219, page_id=13500, browser=Firefox
Testing: csp_id=1219, page_id=13600, browser=Firefox
Testing: csp_id=1219, page_id=13700, browser=Firefox
Testing: csp_id=1219, page_id=13800, browser=Firefox
Testing: csp_id=1219, page_id=13900, browser=Firefox
Testing: csp_id=1219, page_id=14000, browser=Firefox
Testing: csp_id=1219, page_id=14100, browser=Firefox
Testing: csp_id=1219, page_id=14200, browser=Firefox
Testing: csp_id=1219, page_id=14300, browser=Firefox
Testing: csp_id=1219, page_id=14400, browser=Firefox
Testing: csp_id=1219, page_id=14500, browser=Firefox
Testing: csp_id=1219, page_id=14600, browser=Firefox
Testing: csp_id=1219, page_id=14700, browser=Firefox
Testing: csp_id=1219, page_id=14800, browser=Firefox
Testing: csp_id=1219, page_id=14900, browser=Firefox
Testing: csp_id=1219, page_id=15000, browser=Firefox
Testing: csp_id=1219, page_id=15100, browser=Firefox
Testing: csp_id=1219, page_id=15200, browser=Firefox
Testing: csp_id=1219, page_id=15300, browser=Firefox
Testing: csp_id=1219, page_id=15400, browser=Firefox
Testing: csp_id=1219, page_id=15500, browser=Firefox
Testing: csp_id=1219, page_id=15600, browser=Firefox
Testing: csp_id=1219, page_id=15700, browser=Firefox
Testing: csp_id=1219, page_id=15800, browser=Firefox
Testing: csp_id=1219, page_id=15900, browser=Firefox
Testing: csp_id=1219, page_id=16000, browser=Firefox
Testing: csp_id=1219, page_id=16100, browser=Firefox
Testing: csp_id=1219, page_id=16200, browser=Firefox
Testing: csp_id=1219, page_id=16300, browser=Firefox
Testing: csp_id=1219, page_id=16400, browser=Firefox
Testing: csp_id=1219, page_id=16500, browser=Firefox
Testing: csp_id=1219, page_id=16600, browser=Firefox
Testing: csp_id=1219, page_id=16700, browser=Firefox
Testing: csp_id=1219, page_id=16800, browser=Firefox
Testing: csp_id=1219, page_id=16900, browser=Firefox
Testing: csp_id=1219, page_id=17000, browser=Firefox
Testing: csp_id=1219, page_id=17100, browser=Firefox
Testing: csp_id=1219, page_id=17200, browser=Firefox
Testing: csp_id=1219, page_id=17300, browser=Firefox
Testing: csp_id=1219, page_id=17400, browser=Firefox
Testing: csp_id=1219, page_id=17500, browser=Firefox
Testing: csp_id=1219, page_id=17600, browser=Firefox
Testing: csp_id=1219, page_id=17700, browser=Firefox
Testing: csp_id=1219, page_id=17800, browser=Firefox
Testing: csp_id=1219, page_id=17900, browser=Firefox
Testing: csp_id=1219, page_id=18000, browser=Firefox
Testing: csp_id=1219, page_id=18100, browser=Firefox
Testing: csp_id=1219, page_id=18200, browser=Firefox
Testing: csp_id=1219, page_id=18300, browser=Firefox
Testing: csp_id=1219, page_id=18400, browser=Firefox
Testing: csp_id=1219, page_id=18500, browser=Firefox
Testing: csp_id=1219, page_id=18600, browser=Firefox
Testing: csp_id=1219, page_id=18700, browser=Firefox
Testing: csp_id=1219, page_id=18800, browser=Firefox
Testing: csp_id=1219, page_id=18900, browser=Firefox
Testing: csp_id=1219, page_id=19000, browser=Firefox
Testing: csp_id=1219, page_id=19100, browser=Firefox
Testing: csp_id=1219, page_id=19200, browser=Firefox
Testing: csp_id=1219, page_id=19300, browser=Firefox
Testing: csp_id=1219, page_id=19400, browser=Firefox
Testing: csp_id=1219, page_id=19500, browser=Firefox
Testing: csp_id=1219, page_id=19600, browser=Firefox
Testing: csp_id=1219, page_id=19700, browser=Firefox
Testing: csp_id=1219, page_id=19800, browser=Firefox
Testing: csp_id=1219, page_id=19900, browser=Firefox
Testing: csp_id=1219, page_id=20000, browser=Firefox
Testing: csp_id=1219, page_id=20100, browser=Firefox
Testing: csp_id=1219, page_id=20200, browser=Firefox
Testing: csp_id=1219, page_id=20300, browser=Firefox
Testing: csp_id=1219, page_id=20400, browser=Firefox
Testing: csp_id=1219, page_id=20500, browser=Firefox
Testing: csp_id=1219, page_id=20600, browser=Firefox
Testing: csp_id=1219, page_id=20700, browser=Firefox
Testing: csp_id=1219, page_id=20800, browser=Firefox
Testing: csp_id=1219, page_id=20900, browser=Firefox
Testing: csp_id=1219, page_id=21000, browser=Firefox
Testing: csp_id=1219, page_id=21100, browser=Firefox
Testing: csp_id=1219, page_id=21200, browser=Firefox
Testing: csp_id=1219, page_id=21300, browser=Firefox
Testing: csp_id=1219, page_id=21400, browser=Firefox
Testing: csp_id=1219, page_id=21500, browser=Firefox
Testing: csp_id=1219, page_id=21600, browser=Firefox
Testing: csp_id=1219, page_id=21700, browser=Firefox
Testing: csp_id=1219, page_id=21800, browser=Firefox
Testing: csp_id=1219, page_id=21900, browser=Firefox
Testing: csp_id=1219, page_id=22000, browser=Firefox
Testing: csp_id=1219, page_id=22100, browser=Firefox
Testing: csp_id=1219, page_id=22200, browser=Firefox
Testing: csp_id=1219, page_id=22300, browser=Firefox
Testing: csp_id=1219, page_id=22400, browser=Firefox
Testing: csp_id=1219, page_id=22500, browser=Firefox
Testing: csp_id=1219, page_id=22600, browser=Firefox
Testing: csp_id=1219, page_id=22700, browser=Firefox
Testing: csp_id=1219, page_id=22800, browser=Firefox
Testing: csp_id=1219, page_id=22900, browser=Firefox
Testing: csp_id=1219, page_id=23000, browser=Firefox
Testing: csp_id=1219, page_id=23100, browser=Firefox
Testing: csp_id=1219, page_id=23200, browser=Firefox
Testing: csp_id=1219, page_id=23300, browser=Firefox
Testing: csp_id=1219, page_id=23400, browser=Firefox
Testing: csp_id=1219, page_id=23500, browser=Firefox
Testing: csp_id=1219, page_id=23600, browser=Firefox
Testing: csp_id=1219, page_id=23700, browser=Firefox
Testing: csp_id=1219, page_id=23800, browser=Firefox
Testing: csp_id=1219, page_id=23900, browser=Firefox
Testing: csp_id=1219, page_id=24000, browser=Firefox
Testing: csp_id=1219, page_id=24100, browser=Firefox
Testing: csp_id=1219, page_id=24200, browser=Firefox
Testing: csp_id=1219, page_id=24300, browser=Firefox
Testing: csp_id=1219, page_id=24400, browser=Firefox
Testing: csp_id=1219, page_id=24500, browser=Firefox
Testing: csp_id=1219, page_id=24600, browser=Firefox
Testing: csp_id=1219, page_id=24700, browser=Firefox
Testing: csp_id=1219, page_id=24800, browser=Firefox
Testing: csp_id=1219, page_id=24900, browser=Firefox
Testing: csp_id=1219, page_id=25000, browser=Firefox
Testing: csp_id=1219, page_id=25100, browser=Firefox
Testing: csp_id=1219, page_id=25200, browser=Firefox
Testing: csp_id=1219, page_id=25300, browser=Firefox
Testing: csp_id=1219, page_id=25400, browser=Firefox
Testing: csp_id=1219, page_id=25500, browser=Firefox
Testing: csp_id=1219, page_id=25600, browser=Firefox
Testing: csp_id=1219, page_id=25700, browser=Firefox
Testing: csp_id=1219, page_id=25800, browser=Firefox
Testing: csp_id=1219, page_id=25900, browser=Firefox
Testing: csp_id=1219, page_id=26000, browser=Firefox
Testing: csp_id=1219, page_id=26100, browser=Firefox
Testing: csp_id=1219, page_id=26200, browser=Firefox
Testing: csp_id=1219, page_id=26300, browser=Firefox
Testing: csp_id=1219, page_id=26400, browser=Firefox
Testing: csp_id=1219, page_id=26500, browser=Firefox
Testing: csp_id=1219, page_id=26600, browser=Firefox
Testing: csp_id=1219, page_id=26700, browser=Firefox
Testing: csp_id=1219, page_id=26800, browser=Firefox
Testing: csp_id=1219, page_id=26900, browser=Firefox
Testing: csp_id=1219, page_id=27000, browser=Firefox
Testing: csp_id=1219, page_id=27100, browser=Firefox
Testing: csp_id=1219, page_id=27200, browser=Firefox
Testing: csp_id=1219, page_id=27300, browser=Firefox
Testing: csp_id=1219, page_id=27400, browser=Firefox
Testing: csp_id=1219, page_id=27500, browser=Firefox
Testing: csp_id=1219, page_id=27600, browser=Firefox
Testing: csp_id=1219, page_id=27700, browser=Firefox
Testing: csp_id=1219, page_id=27800, browser=Firefox
Testing: csp_id=1219, page_id=27900, browser=Firefox
Testing: csp_id=1219, page_id=28000, browser=Firefox
Testing: csp_id=1219, page_id=28100, browser=Firefox
Testing: csp_id=1219, page_id=28200, browser=Firefox
Testing: csp_id=1219, page_id=28300, browser=Firefox
Testing: csp_id=1219, page_id=28400, browser=Firefox
Testing: csp_id=1219, page_id=28500, browser=Firefox
Testing: csp_id=1219, page_id=28600, browser=Firefox
Testing: csp_id=1219, page_id=28700, browser=Firefox
Testing: csp_id=1219, page_id=28800, browser=Firefox
Testing: csp_id=1219, page_id=28900, browser=Firefox
Testing: csp_id=1219, page_id=29000, browser=Firefox
Testing: csp_id=1219, page_id=29100, browser=Firefox
Testing: csp_id=1219, page_id=29200, browser=Firefox
Testing: csp_id=1219, page_id=29300, browser=Firefox
Testing: csp_id=1219, page_id=29400, browser=Firefox
Testing: csp_id=1219, page_id=29500, browser=Firefox
Testing: csp_id=1219, page_id=29600, browser=Firefox
Testing: csp_id=1219, page_id=29700, browser=Firefox
Testing: csp_id=1219, page_id=29800, browser=Firefox
🏊 create_context_pools[first] (5x16): 23.336s
Testing: csp_id=1230, page_id=0, browser=Firefox
Testing: csp_id=1230, page_id=100, browser=Firefox
Testing: csp_id=1230, page_id=200, browser=Firefox
Testing: csp_id=1230, page_id=300, browser=Firefox
Testing: csp_id=1230, page_id=400, browser=Firefox
Testing: csp_id=1230, page_id=500, browser=Firefox
Testing: csp_id=1230, page_id=600, browser=Firefox
Testing: csp_id=1230, page_id=700, browser=Firefox
Testing: csp_id=1230, page_id=800, browser=Firefox
Testing: csp_id=1230, page_id=900, browser=Firefox
Testing: csp_id=1230, page_id=1000, browser=Firefox
Testing: csp_id=1230, page_id=1100, browser=Firefox
Testing: csp_id=1230, page_id=1200, browser=Firefox
Testing: csp_id=1230, page_id=1300, browser=Firefox
Testing: csp_id=1230, page_id=1400, browser=Firefox
Testing: csp_id=1230, page_id=1500, browser=Firefox
Testing: csp_id=1230, page_id=1600, browser=Firefox
Testing: csp_id=1230, page_id=1700, browser=Firefox
Testing: csp_id=1230, page_id=1800, browser=Firefox
Testing: csp_id=1230, page_id=1900, browser=Firefox
Testing: csp_id=1230, page_id=2000, browser=Firefox
Testing: csp_id=1230, page_id=2100, browser=Firefox
Testing: csp_id=1230, page_id=2200, browser=Firefox
Testing: csp_id=1230, page_id=2300, browser=Firefox
Testing: csp_id=1230, page_id=2400, browser=Firefox
Testing: csp_id=1230, page_id=2500, browser=Firefox
Testing: csp_id=1230, page_id=2600, browser=Firefox
Testing: csp_id=1230, page_id=2700, browser=Firefox
Testing: csp_id=1230, page_id=2800, browser=Firefox
Testing: csp_id=1230, page_id=2900, browser=Firefox
Testing: csp_id=1230, page_id=3000, browser=Firefox
Testing: csp_id=1230, page_id=3100, browser=Firefox
Testing: csp_id=1230, page_id=3200, browser=Firefox
Testing: csp_id=1230, page_id=3300, browser=Firefox
Testing: csp_id=1230, page_id=3400, browser=Firefox
Testing: csp_id=1230, page_id=3500, browser=Firefox
Testing: csp_id=1230, page_id=3600, browser=Firefox
Testing: csp_id=1230, page_id=3700, browser=Firefox
Testing: csp_id=1230, page_id=3800, browser=Firefox
Testing: csp_id=1230, page_id=3900, browser=Firefox
Testing: csp_id=1230, page_id=4000, browser=Firefox
Testing: csp_id=1230, page_id=4100, browser=Firefox
Testing: csp_id=1230, page_id=4200, browser=Firefox
Testing: csp_id=1230, page_id=4300, browser=Firefox
Testing: csp_id=1230, page_id=4400, browser=Firefox
Testing: csp_id=1230, page_id=4500, browser=Firefox
Testing: csp_id=1230, page_id=4600, browser=Firefox
Testing: csp_id=1230, page_id=4700, browser=Firefox
Testing: csp_id=1230, page_id=4800, browser=Firefox
Testing: csp_id=1230, page_id=4900, browser=Firefox
Testing: csp_id=1230, page_id=5000, browser=Firefox
Testing: csp_id=1230, page_id=5100, browser=Firefox
Testing: csp_id=1230, page_id=5200, browser=Firefox
Testing: csp_id=1230, page_id=5300, browser=Firefox
Testing: csp_id=1230, page_id=5400, browser=Firefox
Testing: csp_id=1230, page_id=5500, browser=Firefox
Testing: csp_id=1230, page_id=5600, browser=Firefox
Testing: csp_id=1230, page_id=5700, browser=Firefox
Testing: csp_id=1230, page_id=5800, browser=Firefox
Testing: csp_id=1230, page_id=5900, browser=Firefox
Testing: csp_id=1230, page_id=6000, browser=Firefox
Testing: csp_id=1230, page_id=6100, browser=Firefox
Testing: csp_id=1230, page_id=6200, browser=Firefox
Testing: csp_id=1230, page_id=6300, browser=Firefox
Testing: csp_id=1230, page_id=6400, browser=Firefox
Testing: csp_id=1230, page_id=6500, browser=Firefox
Testing: csp_id=1230, page_id=6600, browser=Firefox
Testing: csp_id=1230, page_id=6700, browser=Firefox
Testing: csp_id=1230, page_id=6800, browser=Firefox
Testing: csp_id=1230, page_id=6900, browser=Firefox
Testing: csp_id=1230, page_id=7000, browser=Firefox
Testing: csp_id=1230, page_id=7100, browser=Firefox
Testing: csp_id=1230, page_id=7200, browser=Firefox
Testing: csp_id=1230, page_id=7300, browser=Firefox
Testing: csp_id=1230, page_id=7400, browser=Firefox
Testing: csp_id=1230, page_id=7500, browser=Firefox
Testing: csp_id=1230, page_id=7600, browser=Firefox
Testing: csp_id=1230, page_id=7700, browser=Firefox
Testing: csp_id=1230, page_id=7800, browser=Firefox
Testing: csp_id=1230, page_id=7900, browser=Firefox
Testing: csp_id=1230, page_id=8000, browser=Firefox
Testing: csp_id=1230, page_id=8100, browser=Firefox
Testing: csp_id=1230, page_id=8200, browser=Firefox
Testing: csp_id=1230, page_id=8300, browser=Firefox
Testing: csp_id=1230, page_id=8400, browser=Firefox
Testing: csp_id=1230, page_id=8500, browser=Firefox
Testing: csp_id=1230, page_id=8600, browser=Firefox
Testing: csp_id=1230, page_id=8700, browser=Firefox
Testing: csp_id=1230, page_id=8800, browser=Firefox
Testing: csp_id=1230, page_id=8900, browser=Firefox
Testing: csp_id=1230, page_id=9000, browser=Firefox
Testing: csp_id=1230, page_id=9100, browser=Firefox
Testing: csp_id=1230, page_id=9200, browser=Firefox
Testing: csp_id=1230, page_id=9300, browser=Firefox
Testing: csp_id=1230, page_id=9400, browser=Firefox
Testing: csp_id=1230, page_id=9500, browser=Firefox
Testing: csp_id=1230, page_id=9600, browser=Firefox
Testing: csp_id=1230, page_id=9700, browser=Firefox
Testing: csp_id=1230, page_id=9800, browser=Firefox
Testing: csp_id=1230, page_id=9900, browser=Firefox
Testing: csp_id=1230, page_id=10000, browser=Firefox
Testing: csp_id=1230, page_id=10100, browser=Firefox
Testing: csp_id=1230, page_id=10200, browser=Firefox
Testing: csp_id=1230, page_id=10300, browser=Firefox
Testing: csp_id=1230, page_id=10400, browser=Firefox
Testing: csp_id=1230, page_id=10500, browser=Firefox
Testing: csp_id=1230, page_id=10600, browser=Firefox
Testing: csp_id=1230, page_id=10700, browser=Firefox
Testing: csp_id=1230, page_id=10800, browser=Firefox
Testing: csp_id=1230, page_id=10900, browser=Firefox
Testing: csp_id=1230, page_id=11000, browser=Firefox
Testing: csp_id=1230, page_id=11100, browser=Firefox
Testing: csp_id=1230, page_id=11200, browser=Firefox
Testing: csp_id=1230, page_id=11300, browser=Firefox
Testing: csp_id=1230, page_id=11400, browser=Firefox
Testing: csp_id=1230, page_id=11500, browser=Firefox
Testing: csp_id=1230, page_id=11600, browser=Firefox
Testing: csp_id=1230, page_id=11700, browser=Firefox
Testing: csp_id=1230, page_id=11800, browser=Firefox
Testing: csp_id=1230, page_id=11900, browser=Firefox
Testing: csp_id=1230, page_id=12000, browser=Firefox
Testing: csp_id=1230, page_id=12100, browser=Firefox
Testing: csp_id=1230, page_id=12200, browser=Firefox
Testing: csp_id=1230, page_id=12300, browser=Firefox
Testing: csp_id=1230, page_id=12400, browser=Firefox
Testing: csp_id=1230, page_id=12500, browser=Firefox
Testing: csp_id=1230, page_id=12600, browser=Firefox
Testing: csp_id=1230, page_id=12700, browser=Firefox
Testing: csp_id=1230, page_id=12800, browser=Firefox
Testing: csp_id=1230, page_id=12900, browser=Firefox
Testing: csp_id=1230, page_id=13000, browser=Firefox
Testing: csp_id=1230, page_id=13100, browser=Firefox
Testing: csp_id=1230, page_id=13200, browser=Firefox
Testing: csp_id=1230, page_id=13300, browser=Firefox
Testing: csp_id=1230, page_id=13400, browser=Firefox
Testing: csp_id=1230, page_id=13500, browser=Firefox
Testing: csp_id=1230, page_id=13600, browser=Firefox
Testing: csp_id=1230, page_id=13700, browser=Firefox
Testing: csp_id=1230, page_id=13800, browser=Firefox
Testing: csp_id=1230, page_id=13900, browser=Firefox
Testing: csp_id=1230, page_id=14000, browser=Firefox
Testing: csp_id=1230, page_id=14100, browser=Firefox
Testing: csp_id=1230, page_id=14200, browser=Firefox
Testing: csp_id=1230, page_id=14300, browser=Firefox
Testing: csp_id=1230, page_id=14400, browser=Firefox
Testing: csp_id=1230, page_id=14500, browser=Firefox
Testing: csp_id=1230, page_id=14600, browser=Firefox
Testing: csp_id=1230, page_id=14700, browser=Firefox
Testing: csp_id=1230, page_id=14800, browser=Firefox
Testing: csp_id=1230, page_id=14900, browser=Firefox
Testing: csp_id=1230, page_id=15000, browser=Firefox
Testing: csp_id=1230, page_id=15100, browser=Firefox
Testing: csp_id=1230, page_id=15200, browser=Firefox
Testing: csp_id=1230, page_id=15300, browser=Firefox
Testing: csp_id=1230, page_id=15400, browser=Firefox
Testing: csp_id=1230, page_id=15500, browser=Firefox
Testing: csp_id=1230, page_id=15600, browser=Firefox
Testing: csp_id=1230, page_id=15700, browser=Firefox
Testing: csp_id=1230, page_id=15800, browser=Firefox
Testing: csp_id=1230, page_id=15900, browser=Firefox
Testing: csp_id=1230, page_id=16000, browser=Firefox
Testing: csp_id=1230, page_id=16100, browser=Firefox
Testing: csp_id=1230, page_id=16200, browser=Firefox
Testing: csp_id=1230, page_id=16300, browser=Firefox
Testing: csp_id=1230, page_id=16400, browser=Firefox
Testing: csp_id=1230, page_id=16500, browser=Firefox
Testing: csp_id=1230, page_id=16600, browser=Firefox
Testing: csp_id=1230, page_id=16700, browser=Firefox
Testing: csp_id=1230, page_id=16800, browser=Firefox
Testing: csp_id=1230, page_id=16900, browser=Firefox
Testing: csp_id=1230, page_id=17000, browser=Firefox
Testing: csp_id=1230, page_id=17100, browser=Firefox
Testing: csp_id=1230, page_id=17200, browser=Firefox
Testing: csp_id=1230, page_id=17300, browser=Firefox
Testing: csp_id=1230, page_id=17400, browser=Firefox
Testing: csp_id=1230, page_id=17500, browser=Firefox
Testing: csp_id=1230, page_id=17600, browser=Firefox
Testing: csp_id=1230, page_id=17700, browser=Firefox
Testing: csp_id=1230, page_id=17800, browser=Firefox
Testing: csp_id=1230, page_id=17900, browser=Firefox
Testing: csp_id=1230, page_id=18000, browser=Firefox
Testing: csp_id=1230, page_id=18100, browser=Firefox
Testing: csp_id=1230, page_id=18200, browser=Firefox
Testing: csp_id=1230, page_id=18300, browser=Firefox
Testing: csp_id=1230, page_id=18400, browser=Firefox
Testing: csp_id=1230, page_id=18500, browser=Firefox
Testing: csp_id=1230, page_id=18600, browser=Firefox
Testing: csp_id=1230, page_id=18700, browser=Firefox
Testing: csp_id=1230, page_id=18800, browser=Firefox
Testing: csp_id=1230, page_id=18900, browser=Firefox
Testing: csp_id=1230, page_id=19000, browser=Firefox
Testing: csp_id=1230, page_id=19100, browser=Firefox
Testing: csp_id=1230, page_id=19200, browser=Firefox
Testing: csp_id=1230, page_id=19300, browser=Firefox
Testing: csp_id=1230, page_id=19400, browser=Firefox
Testing: csp_id=1230, page_id=19500, browser=Firefox
Testing: csp_id=1230, page_id=19600, browser=Firefox
Testing: csp_id=1230, page_id=19700, browser=Firefox
Testing: csp_id=1230, page_id=19800, browser=Firefox
Testing: csp_id=1230, page_id=19900, browser=Firefox
Testing: csp_id=1230, page_id=20000, browser=Firefox
Testing: csp_id=1230, page_id=20100, browser=Firefox
Testing: csp_id=1230, page_id=20200, browser=Firefox
Testing: csp_id=1230, page_id=20300, browser=Firefox
Testing: csp_id=1230, page_id=20400, browser=Firefox
Testing: csp_id=1230, page_id=20500, browser=Firefox
Testing: csp_id=1230, page_id=20600, browser=Firefox
Testing: csp_id=1230, page_id=20700, browser=Firefox
Testing: csp_id=1230, page_id=20800, browser=Firefox
Testing: csp_id=1230, page_id=20900, browser=Firefox
Testing: csp_id=1230, page_id=21000, browser=Firefox
Testing: csp_id=1230, page_id=21100, browser=Firefox
Testing: csp_id=1230, page_id=21200, browser=Firefox
Testing: csp_id=1230, page_id=21300, browser=Firefox
Testing: csp_id=1230, page_id=21400, browser=Firefox
Testing: csp_id=1230, page_id=21500, browser=Firefox
Testing: csp_id=1230, page_id=21600, browser=Firefox
Testing: csp_id=1230, page_id=21700, browser=Firefox
Testing: csp_id=1230, page_id=21800, browser=Firefox
Testing: csp_id=1230, page_id=21900, browser=Firefox
Testing: csp_id=1230, page_id=22000, browser=Firefox
Testing: csp_id=1230, page_id=22100, browser=Firefox
Testing: csp_id=1230, page_id=22200, browser=Firefox
Testing: csp_id=1230, page_id=22300, browser=Firefox
Testing: csp_id=1230, page_id=22400, browser=Firefox
Testing: csp_id=1230, page_id=22500, browser=Firefox
Testing: csp_id=1230, page_id=22600, browser=Firefox
Testing: csp_id=1230, page_id=22700, browser=Firefox
Testing: csp_id=1230, page_id=22800, browser=Firefox
Testing: csp_id=1230, page_id=22900, browser=Firefox
Testing: csp_id=1230, page_id=23000, browser=Firefox
Testing: csp_id=1230, page_id=23100, browser=Firefox
Testing: csp_id=1230, page_id=23200, browser=Firefox
Testing: csp_id=1230, page_id=23300, browser=Firefox
Testing: csp_id=1230, page_id=23400, browser=Firefox
Testing: csp_id=1230, page_id=23500, browser=Firefox
Testing: csp_id=1230, page_id=23600, browser=Firefox
Testing: csp_id=1230, page_id=23700, browser=Firefox
Testing: csp_id=1230, page_id=23800, browser=Firefox
Testing: csp_id=1230, page_id=23900, browser=Firefox
Testing: csp_id=1230, page_id=24000, browser=Firefox
Testing: csp_id=1230, page_id=24100, browser=Firefox
Testing: csp_id=1230, page_id=24200, browser=Firefox
Testing: csp_id=1230, page_id=24300, browser=Firefox
Testing: csp_id=1230, page_id=24400, browser=Firefox
Testing: csp_id=1230, page_id=24500, browser=Firefox
Testing: csp_id=1230, page_id=24600, browser=Firefox
Testing: csp_id=1230, page_id=24700, browser=Firefox
Testing: csp_id=1230, page_id=24800, browser=Firefox
Testing: csp_id=1230, page_id=24900, browser=Firefox
Testing: csp_id=1230, page_id=25000, browser=Firefox
Testing: csp_id=1230, page_id=25100, browser=Firefox
Testing: csp_id=1230, page_id=25200, browser=Firefox
Testing: csp_id=1230, page_id=25300, browser=Firefox
Testing: csp_id=1230, page_id=25400, browser=Firefox
Testing: csp_id=1230, page_id=25500, browser=Firefox
Testing: csp_id=1230, page_id=25600, browser=Firefox
Testing: csp_id=1230, page_id=25700, browser=Firefox
Testing: csp_id=1230, page_id=25800, browser=Firefox
Testing: csp_id=1230, page_id=25900, browser=Firefox
Testing: csp_id=1230, page_id=26000, browser=Firefox
Testing: csp_id=1230, page_id=26100, browser=Firefox
Testing: csp_id=1230, page_id=26200, browser=Firefox
Testing: csp_id=1230, page_id=26300, browser=Firefox
Testing: csp_id=1230, page_id=26400, browser=Firefox
Testing: csp_id=1230, page_id=26500, browser=Firefox
Testing: csp_id=1230, page_id=26600, browser=Firefox
Testing: csp_id=1230, page_id=26700, browser=Firefox
Testing: csp_id=1230, page_id=26800, browser=Firefox
Testing: csp_id=1230, page_id=26900, browser=Firefox
Testing: csp_id=1230, page_id=27000, browser=Firefox
Testing: csp_id=1230, page_id=27100, browser=Firefox
Testing: csp_id=1230, page_id=27200, browser=Firefox
Testing: csp_id=1230, page_id=27300, browser=Firefox
Testing: csp_id=1230, page_id=27400, browser=Firefox
Testing: csp_id=1230, page_id=27500, browser=Firefox
Testing: csp_id=1230, page_id=27600, browser=Firefox
Testing: csp_id=1230, page_id=27700, browser=Firefox
Testing: csp_id=1230, page_id=27800, browser=Firefox
Testing: csp_id=1230, page_id=27900, browser=Firefox
Testing: csp_id=1230, page_id=28000, browser=Firefox
Testing: csp_id=1230, page_id=28100, browser=Firefox
Testing: csp_id=1230, page_id=28200, browser=Firefox
Testing: csp_id=1230, page_id=28300, browser=Firefox
Testing: csp_id=1230, page_id=28400, browser=Firefox
Testing: csp_id=1230, page_id=28500, browser=Firefox
Testing: csp_id=1230, page_id=28600, browser=Firefox
Testing: csp_id=1230, page_id=28700, browser=Firefox
Testing: csp_id=1230, page_id=28800, browser=Firefox
Testing: csp_id=1230, page_id=28900, browser=Firefox
Testing: csp_id=1230, page_id=29000, browser=Firefox
Testing: csp_id=1230, page_id=29100, browser=Firefox
Testing: csp_id=1230, page_id=29200, browser=Firefox
Testing: csp_id=1230, page_id=29300, browser=Firefox
Testing: csp_id=1230, page_id=29400, browser=Firefox
Testing: csp_id=1230, page_id=29500, browser=Firefox
Testing: csp_id=1230, page_id=29600, browser=Firefox
Testing: csp_id=1230, page_id=29700, browser=Firefox
Testing: csp_id=1230, page_id=29800, browser=Firefox
🏊 create_context_pools[first] (5x16): 27.249s
Testing: csp_id=1241, page_id=0, browser=Firefox
Testing: csp_id=1241, page_id=100, browser=Firefox
Testing: csp_id=1241, page_id=200, browser=Firefox
Testing: csp_id=1241, page_id=300, browser=Firefox
Testing: csp_id=1241, page_id=400, browser=Firefox
Testing: csp_id=1241, page_id=500, browser=Firefox
Testing: csp_id=1241, page_id=600, browser=Firefox
Testing: csp_id=1241, page_id=700, browser=Firefox
Testing: csp_id=1241, page_id=800, browser=Firefox
Testing: csp_id=1241, page_id=900, browser=Firefox
Testing: csp_id=1241, page_id=1000, browser=Firefox
Testing: csp_id=1241, page_id=1100, browser=Firefox
Testing: csp_id=1241, page_id=1200, browser=Firefox
Testing: csp_id=1241, page_id=1300, browser=Firefox
Testing: csp_id=1241, page_id=1400, browser=Firefox
Testing: csp_id=1241, page_id=1500, browser=Firefox
Testing: csp_id=1241, page_id=1600, browser=Firefox
Testing: csp_id=1241, page_id=1700, browser=Firefox
Testing: csp_id=1241, page_id=1800, browser=Firefox
Testing: csp_id=1241, page_id=1900, browser=Firefox
Testing: csp_id=1241, page_id=2000, browser=Firefox
Testing: csp_id=1241, page_id=2100, browser=Firefox
Testing: csp_id=1241, page_id=2200, browser=Firefox
Testing: csp_id=1241, page_id=2300, browser=Firefox
Testing: csp_id=1241, page_id=2400, browser=Firefox
Testing: csp_id=1241, page_id=2500, browser=Firefox
Testing: csp_id=1241, page_id=2600, browser=Firefox
Testing: csp_id=1241, page_id=2700, browser=Firefox
Testing: csp_id=1241, page_id=2800, browser=Firefox
Testing: csp_id=1241, page_id=2900, browser=Firefox
Testing: csp_id=1241, page_id=3000, browser=Firefox
Testing: csp_id=1241, page_id=3100, browser=Firefox
Testing: csp_id=1241, page_id=3200, browser=Firefox
Testing: csp_id=1241, page_id=3300, browser=Firefox
Testing: csp_id=1241, page_id=3400, browser=Firefox
Testing: csp_id=1241, page_id=3500, browser=Firefox
Testing: csp_id=1241, page_id=3600, browser=Firefox
Testing: csp_id=1241, page_id=3700, browser=Firefox
Testing: csp_id=1241, page_id=3800, browser=Firefox
Testing: csp_id=1241, page_id=3900, browser=Firefox
Testing: csp_id=1241, page_id=4000, browser=Firefox
Testing: csp_id=1241, page_id=4100, browser=Firefox
Testing: csp_id=1241, page_id=4200, browser=Firefox
Testing: csp_id=1241, page_id=4300, browser=Firefox
Testing: csp_id=1241, page_id=4400, browser=Firefox
Testing: csp_id=1241, page_id=4500, browser=Firefox
Testing: csp_id=1241, page_id=4600, browser=Firefox
Testing: csp_id=1241, page_id=4700, browser=Firefox
Testing: csp_id=1241, page_id=4800, browser=Firefox
Testing: csp_id=1241, page_id=4900, browser=Firefox
Testing: csp_id=1241, page_id=5000, browser=Firefox
Testing: csp_id=1241, page_id=5100, browser=Firefox
Testing: csp_id=1241, page_id=5200, browser=Firefox
Testing: csp_id=1241, page_id=5300, browser=Firefox
Testing: csp_id=1241, page_id=5400, browser=Firefox
Testing: csp_id=1241, page_id=5500, browser=Firefox
Testing: csp_id=1241, page_id=5600, browser=Firefox
Testing: csp_id=1241, page_id=5700, browser=Firefox
Testing: csp_id=1241, page_id=5800, browser=Firefox
Testing: csp_id=1241, page_id=5900, browser=Firefox
Testing: csp_id=1241, page_id=6000, browser=Firefox
Testing: csp_id=1241, page_id=6100, browser=Firefox
Testing: csp_id=1241, page_id=6200, browser=Firefox
Testing: csp_id=1241, page_id=6300, browser=Firefox
Testing: csp_id=1241, page_id=6400, browser=Firefox
Testing: csp_id=1241, page_id=6500, browser=Firefox
Testing: csp_id=1241, page_id=6600, browser=Firefox
Testing: csp_id=1241, page_id=6700, browser=Firefox
Testing: csp_id=1241, page_id=6800, browser=Firefox
Testing: csp_id=1241, page_id=6900, browser=Firefox
Testing: csp_id=1241, page_id=7000, browser=Firefox
Testing: csp_id=1241, page_id=7100, browser=Firefox
Testing: csp_id=1241, page_id=7200, browser=Firefox
Testing: csp_id=1241, page_id=7300, browser=Firefox
Testing: csp_id=1241, page_id=7400, browser=Firefox
Testing: csp_id=1241, page_id=7500, browser=Firefox
Testing: csp_id=1241, page_id=7600, browser=Firefox
Testing: csp_id=1241, page_id=7700, browser=Firefox
Testing: csp_id=1241, page_id=7800, browser=Firefox
Testing: csp_id=1241, page_id=7900, browser=Firefox
Testing: csp_id=1241, page_id=8000, browser=Firefox
Testing: csp_id=1241, page_id=8100, browser=Firefox
Testing: csp_id=1241, page_id=8200, browser=Firefox
Testing: csp_id=1241, page_id=8300, browser=Firefox
Testing: csp_id=1241, page_id=8400, browser=Firefox
Testing: csp_id=1241, page_id=8500, browser=Firefox
Testing: csp_id=1241, page_id=8600, browser=Firefox
Testing: csp_id=1241, page_id=8700, browser=Firefox
Testing: csp_id=1241, page_id=8800, browser=Firefox
Testing: csp_id=1241, page_id=8900, browser=Firefox
Testing: csp_id=1241, page_id=9000, browser=Firefox
Testing: csp_id=1241, page_id=9100, browser=Firefox
Testing: csp_id=1241, page_id=9200, browser=Firefox
Testing: csp_id=1241, page_id=9300, browser=Firefox
Testing: csp_id=1241, page_id=9400, browser=Firefox
Testing: csp_id=1241, page_id=9500, browser=Firefox
Testing: csp_id=1241, page_id=9600, browser=Firefox
Testing: csp_id=1241, page_id=9700, browser=Firefox
Testing: csp_id=1241, page_id=9800, browser=Firefox
Testing: csp_id=1241, page_id=9900, browser=Firefox
Testing: csp_id=1241, page_id=10000, browser=Firefox
Testing: csp_id=1241, page_id=10100, browser=Firefox
Testing: csp_id=1241, page_id=10200, browser=Firefox
Testing: csp_id=1241, page_id=10300, browser=Firefox
Testing: csp_id=1241, page_id=10400, browser=Firefox
Testing: csp_id=1241, page_id=10500, browser=Firefox
Testing: csp_id=1241, page_id=10600, browser=Firefox
Testing: csp_id=1241, page_id=10700, browser=Firefox
Testing: csp_id=1241, page_id=10800, browser=Firefox
Testing: csp_id=1241, page_id=10900, browser=Firefox
Testing: csp_id=1241, page_id=11000, browser=Firefox
Testing: csp_id=1241, page_id=11100, browser=Firefox
Testing: csp_id=1241, page_id=11200, browser=Firefox
Testing: csp_id=1241, page_id=11300, browser=Firefox
Testing: csp_id=1241, page_id=11400, browser=Firefox
Testing: csp_id=1241, page_id=11500, browser=Firefox
Testing: csp_id=1241, page_id=11600, browser=Firefox
Testing: csp_id=1241, page_id=11700, browser=Firefox
Testing: csp_id=1241, page_id=11800, browser=Firefox
Testing: csp_id=1241, page_id=11900, browser=Firefox
Testing: csp_id=1241, page_id=12000, browser=Firefox
Testing: csp_id=1241, page_id=12100, browser=Firefox
Testing: csp_id=1241, page_id=12200, browser=Firefox
Testing: csp_id=1241, page_id=12300, browser=Firefox
Testing: csp_id=1241, page_id=12400, browser=Firefox
Testing: csp_id=1241, page_id=12500, browser=Firefox
Testing: csp_id=1241, page_id=12600, browser=Firefox
Testing: csp_id=1241, page_id=12700, browser=Firefox
Testing: csp_id=1241, page_id=12800, browser=Firefox
Testing: csp_id=1241, page_id=12900, browser=Firefox
Testing: csp_id=1241, page_id=13000, browser=Firefox
Testing: csp_id=1241, page_id=13100, browser=Firefox
Testing: csp_id=1241, page_id=13200, browser=Firefox
Testing: csp_id=1241, page_id=13300, browser=Firefox
Testing: csp_id=1241, page_id=13400, browser=Firefox
Testing: csp_id=1241, page_id=13500, browser=Firefox
Testing: csp_id=1241, page_id=13600, browser=Firefox
Testing: csp_id=1241, page_id=13700, browser=Firefox
Testing: csp_id=1241, page_id=13800, browser=Firefox
Testing: csp_id=1241, page_id=13900, browser=Firefox
Testing: csp_id=1241, page_id=14000, browser=Firefox
Testing: csp_id=1241, page_id=14100, browser=Firefox
Testing: csp_id=1241, page_id=14200, browser=Firefox
Testing: csp_id=1241, page_id=14300, browser=Firefox
Testing: csp_id=1241, page_id=14400, browser=Firefox
Testing: csp_id=1241, page_id=14500, browser=Firefox
Testing: csp_id=1241, page_id=14600, browser=Firefox
Testing: csp_id=1241, page_id=14700, browser=Firefox
Testing: csp_id=1241, page_id=14800, browser=Firefox
Testing: csp_id=1241, page_id=14900, browser=Firefox
Testing: csp_id=1241, page_id=15000, browser=Firefox
Testing: csp_id=1241, page_id=15100, browser=Firefox
Testing: csp_id=1241, page_id=15200, browser=Firefox
Testing: csp_id=1241, page_id=15300, browser=Firefox
Testing: csp_id=1241, page_id=15400, browser=Firefox
Testing: csp_id=1241, page_id=15500, browser=Firefox
Testing: csp_id=1241, page_id=15600, browser=Firefox
Testing: csp_id=1241, page_id=15700, browser=Firefox
Testing: csp_id=1241, page_id=15800, browser=Firefox
Testing: csp_id=1241, page_id=15900, browser=Firefox
Testing: csp_id=1241, page_id=16000, browser=Firefox
Testing: csp_id=1241, page_id=16100, browser=Firefox
Testing: csp_id=1241, page_id=16200, browser=Firefox
Testing: csp_id=1241, page_id=16300, browser=Firefox
Testing: csp_id=1241, page_id=16400, browser=Firefox
Testing: csp_id=1241, page_id=16500, browser=Firefox
Testing: csp_id=1241, page_id=16600, browser=Firefox
Testing: csp_id=1241, page_id=16700, browser=Firefox
Testing: csp_id=1241, page_id=16800, browser=Firefox
Testing: csp_id=1241, page_id=16900, browser=Firefox
Testing: csp_id=1241, page_id=17000, browser=Firefox
Testing: csp_id=1241, page_id=17100, browser=Firefox
Testing: csp_id=1241, page_id=17200, browser=Firefox
Testing: csp_id=1241, page_id=17300, browser=Firefox
Testing: csp_id=1241, page_id=17400, browser=Firefox
Testing: csp_id=1241, page_id=17500, browser=Firefox
Testing: csp_id=1241, page_id=17600, browser=Firefox
Testing: csp_id=1241, page_id=17700, browser=Firefox
Testing: csp_id=1241, page_id=17800, browser=Firefox
Testing: csp_id=1241, page_id=17900, browser=Firefox
Testing: csp_id=1241, page_id=18000, browser=Firefox
Testing: csp_id=1241, page_id=18100, browser=Firefox
Testing: csp_id=1241, page_id=18200, browser=Firefox
Testing: csp_id=1241, page_id=18300, browser=Firefox
Testing: csp_id=1241, page_id=18400, browser=Firefox
Testing: csp_id=1241, page_id=18500, browser=Firefox
Testing: csp_id=1241, page_id=18600, browser=Firefox
Testing: csp_id=1241, page_id=18700, browser=Firefox
Testing: csp_id=1241, page_id=18800, browser=Firefox
Testing: csp_id=1241, page_id=18900, browser=Firefox
Testing: csp_id=1241, page_id=19000, browser=Firefox
Testing: csp_id=1241, page_id=19100, browser=Firefox
Testing: csp_id=1241, page_id=19200, browser=Firefox
Testing: csp_id=1241, page_id=19300, browser=Firefox
Testing: csp_id=1241, page_id=19400, browser=Firefox
Testing: csp_id=1241, page_id=19500, browser=Firefox
Testing: csp_id=1241, page_id=19600, browser=Firefox
Testing: csp_id=1241, page_id=19700, browser=Firefox
Testing: csp_id=1241, page_id=19800, browser=Firefox
Testing: csp_id=1241, page_id=19900, browser=Firefox
Testing: csp_id=1241, page_id=20000, browser=Firefox
Testing: csp_id=1241, page_id=20100, browser=Firefox
Testing: csp_id=1241, page_id=20200, browser=Firefox
Testing: csp_id=1241, page_id=20300, browser=Firefox
Testing: csp_id=1241, page_id=20400, browser=Firefox
Testing: csp_id=1241, page_id=20500, browser=Firefox
Testing: csp_id=1241, page_id=20600, browser=Firefox
Testing: csp_id=1241, page_id=20700, browser=Firefox
Testing: csp_id=1241, page_id=20800, browser=Firefox
Testing: csp_id=1241, page_id=20900, browser=Firefox
Testing: csp_id=1241, page_id=21000, browser=Firefox
Testing: csp_id=1241, page_id=21100, browser=Firefox
Testing: csp_id=1241, page_id=21200, browser=Firefox
Testing: csp_id=1241, page_id=21300, browser=Firefox
Testing: csp_id=1241, page_id=21400, browser=Firefox
Testing: csp_id=1241, page_id=21500, browser=Firefox
Testing: csp_id=1241, page_id=21600, browser=Firefox
Testing: csp_id=1241, page_id=21700, browser=Firefox
Testing: csp_id=1241, page_id=21800, browser=Firefox
Testing: csp_id=1241, page_id=21900, browser=Firefox
Testing: csp_id=1241, page_id=22000, browser=Firefox
Testing: csp_id=1241, page_id=22100, browser=Firefox
Testing: csp_id=1241, page_id=22200, browser=Firefox
Testing: csp_id=1241, page_id=22300, browser=Firefox
Testing: csp_id=1241, page_id=22400, browser=Firefox
Testing: csp_id=1241, page_id=22500, browser=Firefox
Testing: csp_id=1241, page_id=22600, browser=Firefox
Testing: csp_id=1241, page_id=22700, browser=Firefox
Testing: csp_id=1241, page_id=22800, browser=Firefox
Testing: csp_id=1241, page_id=22900, browser=Firefox
Testing: csp_id=1241, page_id=23000, browser=Firefox
Testing: csp_id=1241, page_id=23100, browser=Firefox
Testing: csp_id=1241, page_id=23200, browser=Firefox
Testing: csp_id=1241, page_id=23300, browser=Firefox
Testing: csp_id=1241, page_id=23400, browser=Firefox
Testing: csp_id=1241, page_id=23500, browser=Firefox
Testing: csp_id=1241, page_id=23600, browser=Firefox
Testing: csp_id=1241, page_id=23700, browser=Firefox
Testing: csp_id=1241, page_id=23800, browser=Firefox
Testing: csp_id=1241, page_id=23900, browser=Firefox
Testing: csp_id=1241, page_id=24000, browser=Firefox
Testing: csp_id=1241, page_id=24100, browser=Firefox
Testing: csp_id=1241, page_id=24200, browser=Firefox
Testing: csp_id=1241, page_id=24300, browser=Firefox
Testing: csp_id=1241, page_id=24400, browser=Firefox
Testing: csp_id=1241, page_id=24500, browser=Firefox
Testing: csp_id=1241, page_id=24600, browser=Firefox
Testing: csp_id=1241, page_id=24700, browser=Firefox
Testing: csp_id=1241, page_id=24800, browser=Firefox
Testing: csp_id=1241, page_id=24900, browser=Firefox
Testing: csp_id=1241, page_id=25000, browser=Firefox
Testing: csp_id=1241, page_id=25100, browser=Firefox
Testing: csp_id=1241, page_id=25200, browser=Firefox
Testing: csp_id=1241, page_id=25300, browser=Firefox
Testing: csp_id=1241, page_id=25400, browser=Firefox
Testing: csp_id=1241, page_id=25500, browser=Firefox
Testing: csp_id=1241, page_id=25600, browser=Firefox
Testing: csp_id=1241, page_id=25700, browser=Firefox
Testing: csp_id=1241, page_id=25800, browser=Firefox
Testing: csp_id=1241, page_id=25900, browser=Firefox
Testing: csp_id=1241, page_id=26000, browser=Firefox
Testing: csp_id=1241, page_id=26100, browser=Firefox
Testing: csp_id=1241, page_id=26200, browser=Firefox
Testing: csp_id=1241, page_id=26300, browser=Firefox
Testing: csp_id=1241, page_id=26400, browser=Firefox
Testing: csp_id=1241, page_id=26500, browser=Firefox
Testing: csp_id=1241, page_id=26600, browser=Firefox
Testing: csp_id=1241, page_id=26700, browser=Firefox
Testing: csp_id=1241, page_id=26800, browser=Firefox
Testing: csp_id=1241, page_id=26900, browser=Firefox
Testing: csp_id=1241, page_id=27000, browser=Firefox
Testing: csp_id=1241, page_id=27100, browser=Firefox
Testing: csp_id=1241, page_id=27200, browser=Firefox
Testing: csp_id=1241, page_id=27300, browser=Firefox
Testing: csp_id=1241, page_id=27400, browser=Firefox
Testing: csp_id=1241, page_id=27500, browser=Firefox
Testing: csp_id=1241, page_id=27600, browser=Firefox
Testing: csp_id=1241, page_id=27700, browser=Firefox
Testing: csp_id=1241, page_id=27800, browser=Firefox
Testing: csp_id=1241, page_id=27900, browser=Firefox
Testing: csp_id=1241, page_id=28000, browser=Firefox
Testing: csp_id=1241, page_id=28100, browser=Firefox
Testing: csp_id=1241, page_id=28200, browser=Firefox
Testing: csp_id=1241, page_id=28300, browser=Firefox
Testing: csp_id=1241, page_id=28400, browser=Firefox
Testing: csp_id=1241, page_id=28500, browser=Firefox
Testing: csp_id=1241, page_id=28600, browser=Firefox
Testing: csp_id=1241, page_id=28700, browser=Firefox
Testing: csp_id=1241, page_id=28800, browser=Firefox
Testing: csp_id=1241, page_id=28900, browser=Firefox
Testing: csp_id=1241, page_id=29000, browser=Firefox
Testing: csp_id=1241, page_id=29100, browser=Firefox
Testing: csp_id=1241, page_id=29200, browser=Firefox
Testing: csp_id=1241, page_id=29300, browser=Firefox
Testing: csp_id=1241, page_id=29400, browser=Firefox
Testing: csp_id=1241, page_id=29500, browser=Firefox
Testing: csp_id=1241, page_id=29600, browser=Firefox
Testing: csp_id=1241, page_id=29700, browser=Firefox
Testing: csp_id=1241, page_id=29800, browser=Firefox
🏊 create_context_pools[first] (5x16): 28.808s
Testing: csp_id=1253, page_id=0, browser=Firefox
Testing: csp_id=1253, page_id=100, browser=Firefox
Testing: csp_id=1253, page_id=200, browser=Firefox
Testing: csp_id=1253, page_id=300, browser=Firefox
Testing: csp_id=1253, page_id=400, browser=Firefox
Testing: csp_id=1253, page_id=500, browser=Firefox
Testing: csp_id=1253, page_id=600, browser=Firefox
Testing: csp_id=1253, page_id=700, browser=Firefox
Testing: csp_id=1253, page_id=800, browser=Firefox
Testing: csp_id=1253, page_id=900, browser=Firefox
Testing: csp_id=1253, page_id=1000, browser=Firefox
Testing: csp_id=1253, page_id=1100, browser=Firefox
Testing: csp_id=1253, page_id=1200, browser=Firefox
Testing: csp_id=1253, page_id=1300, browser=Firefox
Testing: csp_id=1253, page_id=1400, browser=Firefox
Testing: csp_id=1253, page_id=1500, browser=Firefox
Testing: csp_id=1253, page_id=1600, browser=Firefox
Testing: csp_id=1253, page_id=1700, browser=Firefox
Testing: csp_id=1253, page_id=1800, browser=Firefox
Testing: csp_id=1253, page_id=1900, browser=Firefox
Testing: csp_id=1253, page_id=2000, browser=Firefox
Testing: csp_id=1253, page_id=2100, browser=Firefox
Testing: csp_id=1253, page_id=2200, browser=Firefox
Testing: csp_id=1253, page_id=2300, browser=Firefox
Testing: csp_id=1253, page_id=2400, browser=Firefox
Testing: csp_id=1253, page_id=2500, browser=Firefox
Testing: csp_id=1253, page_id=2600, browser=Firefox
Testing: csp_id=1253, page_id=2700, browser=Firefox
Testing: csp_id=1253, page_id=2800, browser=Firefox
Testing: csp_id=1253, page_id=2900, browser=Firefox
Testing: csp_id=1253, page_id=3000, browser=Firefox
Testing: csp_id=1253, page_id=3100, browser=Firefox
Testing: csp_id=1253, page_id=3200, browser=Firefox
Testing: csp_id=1253, page_id=3300, browser=Firefox
Testing: csp_id=1253, page_id=3400, browser=Firefox
Testing: csp_id=1253, page_id=3500, browser=Firefox
Testing: csp_id=1253, page_id=3600, browser=Firefox
Testing: csp_id=1253, page_id=3700, browser=Firefox
Testing: csp_id=1253, page_id=3800, browser=Firefox
Testing: csp_id=1253, page_id=3900, browser=Firefox
Testing: csp_id=1253, page_id=4000, browser=Firefox
Testing: csp_id=1253, page_id=4100, browser=Firefox
Testing: csp_id=1253, page_id=4200, browser=Firefox
Testing: csp_id=1253, page_id=4300, browser=Firefox
Testing: csp_id=1253, page_id=4400, browser=Firefox
Testing: csp_id=1253, page_id=4500, browser=Firefox
Testing: csp_id=1253, page_id=4600, browser=Firefox
Testing: csp_id=1253, page_id=4700, browser=Firefox
Testing: csp_id=1253, page_id=4800, browser=Firefox
Testing: csp_id=1253, page_id=4900, browser=Firefox
Testing: csp_id=1253, page_id=5000, browser=Firefox
Testing: csp_id=1253, page_id=5100, browser=Firefox
Testing: csp_id=1253, page_id=5200, browser=Firefox
Testing: csp_id=1253, page_id=5300, browser=Firefox
Testing: csp_id=1253, page_id=5400, browser=Firefox
Testing: csp_id=1253, page_id=5500, browser=Firefox
Testing: csp_id=1253, page_id=5600, browser=Firefox
Testing: csp_id=1253, page_id=5700, browser=Firefox
Testing: csp_id=1253, page_id=5800, browser=Firefox
Testing: csp_id=1253, page_id=5900, browser=Firefox
Testing: csp_id=1253, page_id=6000, browser=Firefox
Testing: csp_id=1253, page_id=6100, browser=Firefox
Testing: csp_id=1253, page_id=6200, browser=Firefox
Testing: csp_id=1253, page_id=6300, browser=Firefox
Testing: csp_id=1253, page_id=6400, browser=Firefox
Testing: csp_id=1253, page_id=6500, browser=Firefox
Testing: csp_id=1253, page_id=6600, browser=Firefox
Testing: csp_id=1253, page_id=6700, browser=Firefox
Testing: csp_id=1253, page_id=6800, browser=Firefox
Testing: csp_id=1253, page_id=6900, browser=Firefox
Testing: csp_id=1253, page_id=7000, browser=Firefox
Testing: csp_id=1253, page_id=7100, browser=Firefox
Testing: csp_id=1253, page_id=7200, browser=Firefox
Testing: csp_id=1253, page_id=7300, browser=Firefox
Testing: csp_id=1253, page_id=7400, browser=Firefox
Testing: csp_id=1253, page_id=7500, browser=Firefox
Testing: csp_id=1253, page_id=7600, browser=Firefox
Testing: csp_id=1253, page_id=7700, browser=Firefox
Testing: csp_id=1253, page_id=7800, browser=Firefox
Testing: csp_id=1253, page_id=7900, browser=Firefox
Testing: csp_id=1253, page_id=8000, browser=Firefox
Testing: csp_id=1253, page_id=8100, browser=Firefox
Testing: csp_id=1253, page_id=8200, browser=Firefox
Testing: csp_id=1253, page_id=8300, browser=Firefox
Testing: csp_id=1253, page_id=8400, browser=Firefox
Testing: csp_id=1253, page_id=8500, browser=Firefox
Testing: csp_id=1253, page_id=8600, browser=Firefox
Testing: csp_id=1253, page_id=8700, browser=Firefox
Testing: csp_id=1253, page_id=8800, browser=Firefox
Testing: csp_id=1253, page_id=8900, browser=Firefox
Testing: csp_id=1253, page_id=9000, browser=Firefox
Testing: csp_id=1253, page_id=9100, browser=Firefox
Testing: csp_id=1253, page_id=9200, browser=Firefox
Testing: csp_id=1253, page_id=9300, browser=Firefox
Testing: csp_id=1253, page_id=9400, browser=Firefox
Testing: csp_id=1253, page_id=9500, browser=Firefox
Testing: csp_id=1253, page_id=9600, browser=Firefox
Testing: csp_id=1253, page_id=9700, browser=Firefox
Testing: csp_id=1253, page_id=9800, browser=Firefox
Testing: csp_id=1253, page_id=9900, browser=Firefox
Testing: csp_id=1253, page_id=10000, browser=Firefox
Testing: csp_id=1253, page_id=10100, browser=Firefox
Testing: csp_id=1253, page_id=10200, browser=Firefox
Testing: csp_id=1253, page_id=10300, browser=Firefox
Testing: csp_id=1253, page_id=10400, browser=Firefox
Testing: csp_id=1253, page_id=10500, browser=Firefox
Testing: csp_id=1253, page_id=10600, browser=Firefox
Testing: csp_id=1253, page_id=10700, browser=Firefox
Testing: csp_id=1253, page_id=10800, browser=Firefox
Testing: csp_id=1253, page_id=10900, browser=Firefox
Testing: csp_id=1253, page_id=11000, browser=Firefox
Testing: csp_id=1253, page_id=11100, browser=Firefox
Testing: csp_id=1253, page_id=11200, browser=Firefox
Testing: csp_id=1253, page_id=11300, browser=Firefox
Testing: csp_id=1253, page_id=11400, browser=Firefox
Testing: csp_id=1253, page_id=11500, browser=Firefox
Testing: csp_id=1253, page_id=11600, browser=Firefox
Testing: csp_id=1253, page_id=11700, browser=Firefox
Testing: csp_id=1253, page_id=11800, browser=Firefox
Testing: csp_id=1253, page_id=11900, browser=Firefox
Testing: csp_id=1253, page_id=12000, browser=Firefox
Testing: csp_id=1253, page_id=12100, browser=Firefox
Testing: csp_id=1253, page_id=12200, browser=Firefox
Testing: csp_id=1253, page_id=12300, browser=Firefox
Testing: csp_id=1253, page_id=12400, browser=Firefox
Testing: csp_id=1253, page_id=12500, browser=Firefox
Testing: csp_id=1253, page_id=12600, browser=Firefox
Testing: csp_id=1253, page_id=12700, browser=Firefox
Testing: csp_id=1253, page_id=12800, browser=Firefox
Testing: csp_id=1253, page_id=12900, browser=Firefox
Testing: csp_id=1253, page_id=13000, browser=Firefox
Testing: csp_id=1253, page_id=13100, browser=Firefox
Testing: csp_id=1253, page_id=13200, browser=Firefox
Testing: csp_id=1253, page_id=13300, browser=Firefox
Testing: csp_id=1253, page_id=13400, browser=Firefox
Testing: csp_id=1253, page_id=13500, browser=Firefox
Testing: csp_id=1253, page_id=13600, browser=Firefox
Testing: csp_id=1253, page_id=13700, browser=Firefox
Testing: csp_id=1253, page_id=13800, browser=Firefox
Testing: csp_id=1253, page_id=13900, browser=Firefox
Testing: csp_id=1253, page_id=14000, browser=Firefox
Testing: csp_id=1253, page_id=14100, browser=Firefox
Testing: csp_id=1253, page_id=14200, browser=Firefox
Testing: csp_id=1253, page_id=14300, browser=Firefox
Testing: csp_id=1253, page_id=14400, browser=Firefox
Testing: csp_id=1253, page_id=14500, browser=Firefox
Testing: csp_id=1253, page_id=14600, browser=Firefox
Testing: csp_id=1253, page_id=14700, browser=Firefox
Testing: csp_id=1253, page_id=14800, browser=Firefox
Testing: csp_id=1253, page_id=14900, browser=Firefox
Testing: csp_id=1253, page_id=15000, browser=Firefox
Testing: csp_id=1253, page_id=15100, browser=Firefox
Testing: csp_id=1253, page_id=15200, browser=Firefox
Testing: csp_id=1253, page_id=15300, browser=Firefox
Testing: csp_id=1253, page_id=15400, browser=Firefox
Testing: csp_id=1253, page_id=15500, browser=Firefox
Testing: csp_id=1253, page_id=15600, browser=Firefox
Testing: csp_id=1253, page_id=15700, browser=Firefox
Testing: csp_id=1253, page_id=15800, browser=Firefox
Testing: csp_id=1253, page_id=15900, browser=Firefox
Testing: csp_id=1253, page_id=16000, browser=Firefox
Testing: csp_id=1253, page_id=16100, browser=Firefox
Testing: csp_id=1253, page_id=16200, browser=Firefox
Testing: csp_id=1253, page_id=16300, browser=Firefox
Testing: csp_id=1253, page_id=16400, browser=Firefox
Testing: csp_id=1253, page_id=16500, browser=Firefox
Testing: csp_id=1253, page_id=16600, browser=Firefox
Testing: csp_id=1253, page_id=16700, browser=Firefox
Testing: csp_id=1253, page_id=16800, browser=Firefox
Testing: csp_id=1253, page_id=16900, browser=Firefox
Testing: csp_id=1253, page_id=17000, browser=Firefox
Testing: csp_id=1253, page_id=17100, browser=Firefox
Testing: csp_id=1253, page_id=17200, browser=Firefox
Testing: csp_id=1253, page_id=17300, browser=Firefox
Testing: csp_id=1253, page_id=17400, browser=Firefox
Testing: csp_id=1253, page_id=17500, browser=Firefox
Testing: csp_id=1253, page_id=17600, browser=Firefox
Testing: csp_id=1253, page_id=17700, browser=Firefox
Testing: csp_id=1253, page_id=17800, browser=Firefox
Testing: csp_id=1253, page_id=17900, browser=Firefox
Testing: csp_id=1253, page_id=18000, browser=Firefox
Testing: csp_id=1253, page_id=18100, browser=Firefox
Testing: csp_id=1253, page_id=18200, browser=Firefox
Testing: csp_id=1253, page_id=18300, browser=Firefox
Testing: csp_id=1253, page_id=18400, browser=Firefox
Testing: csp_id=1253, page_id=18500, browser=Firefox
Testing: csp_id=1253, page_id=18600, browser=Firefox
Testing: csp_id=1253, page_id=18700, browser=Firefox
Testing: csp_id=1253, page_id=18800, browser=Firefox
Testing: csp_id=1253, page_id=18900, browser=Firefox
Testing: csp_id=1253, page_id=19000, browser=Firefox
Testing: csp_id=1253, page_id=19100, browser=Firefox
Testing: csp_id=1253, page_id=19200, browser=Firefox
Testing: csp_id=1253, page_id=19300, browser=Firefox
Testing: csp_id=1253, page_id=19400, browser=Firefox
Testing: csp_id=1253, page_id=19500, browser=Firefox
Testing: csp_id=1253, page_id=19600, browser=Firefox
Testing: csp_id=1253, page_id=19700, browser=Firefox
Testing: csp_id=1253, page_id=19800, browser=Firefox
Testing: csp_id=1253, page_id=19900, browser=Firefox
Testing: csp_id=1253, page_id=20000, browser=Firefox
Testing: csp_id=1253, page_id=20100, browser=Firefox
Testing: csp_id=1253, page_id=20200, browser=Firefox
Testing: csp_id=1253, page_id=20300, browser=Firefox
Testing: csp_id=1253, page_id=20400, browser=Firefox
Testing: csp_id=1253, page_id=20500, browser=Firefox
Testing: csp_id=1253, page_id=20600, browser=Firefox
Testing: csp_id=1253, page_id=20700, browser=Firefox
Testing: csp_id=1253, page_id=20800, browser=Firefox
Testing: csp_id=1253, page_id=20900, browser=Firefox
Testing: csp_id=1253, page_id=21000, browser=Firefox
Testing: csp_id=1253, page_id=21100, browser=Firefox
Testing: csp_id=1253, page_id=21200, browser=Firefox
Testing: csp_id=1253, page_id=21300, browser=Firefox
Testing: csp_id=1253, page_id=21400, browser=Firefox
Testing: csp_id=1253, page_id=21500, browser=Firefox
Testing: csp_id=1253, page_id=21600, browser=Firefox
Testing: csp_id=1253, page_id=21700, browser=Firefox
Testing: csp_id=1253, page_id=21800, browser=Firefox
Testing: csp_id=1253, page_id=21900, browser=Firefox
Testing: csp_id=1253, page_id=22000, browser=Firefox
Testing: csp_id=1253, page_id=22100, browser=Firefox
Testing: csp_id=1253, page_id=22200, browser=Firefox
Testing: csp_id=1253, page_id=22300, browser=Firefox
Testing: csp_id=1253, page_id=22400, browser=Firefox
Testing: csp_id=1253, page_id=22500, browser=Firefox
Testing: csp_id=1253, page_id=22600, browser=Firefox
Testing: csp_id=1253, page_id=22700, browser=Firefox
Testing: csp_id=1253, page_id=22800, browser=Firefox
Testing: csp_id=1253, page_id=22900, browser=Firefox
Testing: csp_id=1253, page_id=23000, browser=Firefox
Testing: csp_id=1253, page_id=23100, browser=Firefox
Testing: csp_id=1253, page_id=23200, browser=Firefox
Testing: csp_id=1253, page_id=23300, browser=Firefox
Testing: csp_id=1253, page_id=23400, browser=Firefox
Testing: csp_id=1253, page_id=23500, browser=Firefox
Testing: csp_id=1253, page_id=23600, browser=Firefox
Testing: csp_id=1253, page_id=23700, browser=Firefox
Testing: csp_id=1253, page_id=23800, browser=Firefox
Testing: csp_id=1253, page_id=23900, browser=Firefox
Testing: csp_id=1253, page_id=24000, browser=Firefox
Testing: csp_id=1253, page_id=24100, browser=Firefox
Testing: csp_id=1253, page_id=24200, browser=Firefox
Testing: csp_id=1253, page_id=24300, browser=Firefox
Testing: csp_id=1253, page_id=24400, browser=Firefox
Testing: csp_id=1253, page_id=24500, browser=Firefox
Testing: csp_id=1253, page_id=24600, browser=Firefox
Testing: csp_id=1253, page_id=24700, browser=Firefox
Testing: csp_id=1253, page_id=24800, browser=Firefox
Testing: csp_id=1253, page_id=24900, browser=Firefox
Testing: csp_id=1253, page_id=25000, browser=Firefox
Testing: csp_id=1253, page_id=25100, browser=Firefox
Testing: csp_id=1253, page_id=25200, browser=Firefox
Testing: csp_id=1253, page_id=25300, browser=Firefox
Testing: csp_id=1253, page_id=25400, browser=Firefox
Testing: csp_id=1253, page_id=25500, browser=Firefox
Testing: csp_id=1253, page_id=25600, browser=Firefox
Testing: csp_id=1253, page_id=25700, browser=Firefox
Testing: csp_id=1253, page_id=25800, browser=Firefox
Testing: csp_id=1253, page_id=25900, browser=Firefox
Testing: csp_id=1253, page_id=26000, browser=Firefox
Testing: csp_id=1253, page_id=26100, browser=Firefox
Testing: csp_id=1253, page_id=26200, browser=Firefox
Testing: csp_id=1253, page_id=26300, browser=Firefox
Testing: csp_id=1253, page_id=26400, browser=Firefox
Testing: csp_id=1253, page_id=26500, browser=Firefox
Testing: csp_id=1253, page_id=26600, browser=Firefox
Testing: csp_id=1253, page_id=26700, browser=Firefox
Testing: csp_id=1253, page_id=26800, browser=Firefox
Testing: csp_id=1253, page_id=26900, browser=Firefox
Testing: csp_id=1253, page_id=27000, browser=Firefox
Testing: csp_id=1253, page_id=27100, browser=Firefox
Testing: csp_id=1253, page_id=27200, browser=Firefox
Testing: csp_id=1253, page_id=27300, browser=Firefox
Testing: csp_id=1253, page_id=27400, browser=Firefox
Testing: csp_id=1253, page_id=27500, browser=Firefox
Testing: csp_id=1253, page_id=27600, browser=Firefox
Testing: csp_id=1253, page_id=27700, browser=Firefox
Testing: csp_id=1253, page_id=27800, browser=Firefox
Testing: csp_id=1253, page_id=27900, browser=Firefox
Testing: csp_id=1253, page_id=28000, browser=Firefox
Testing: csp_id=1253, page_id=28100, browser=Firefox
Testing: csp_id=1253, page_id=28200, browser=Firefox
Testing: csp_id=1253, page_id=28300, browser=Firefox
Testing: csp_id=1253, page_id=28400, browser=Firefox
Testing: csp_id=1253, page_id=28500, browser=Firefox
Testing: csp_id=1253, page_id=28600, browser=Firefox
Testing: csp_id=1253, page_id=28700, browser=Firefox
Testing: csp_id=1253, page_id=28800, browser=Firefox
Testing: csp_id=1253, page_id=28900, browser=Firefox
Testing: csp_id=1253, page_id=29000, browser=Firefox
Testing: csp_id=1253, page_id=29100, browser=Firefox
Testing: csp_id=1253, page_id=29200, browser=Firefox
Testing: csp_id=1253, page_id=29300, browser=Firefox
Testing: csp_id=1253, page_id=29400, browser=Firefox
Testing: csp_id=1253, page_id=29500, browser=Firefox
Testing: csp_id=1253, page_id=29600, browser=Firefox
Testing: csp_id=1253, page_id=29700, browser=Firefox
Testing: csp_id=1253, page_id=29800, browser=Firefox
🏊 create_context_pools[first] (5x16): 28.331s
Testing: csp_id=1265, page_id=0, browser=Firefox
Testing: csp_id=1265, page_id=100, browser=Firefox
Testing: csp_id=1265, page_id=200, browser=Firefox
Testing: csp_id=1265, page_id=300, browser=Firefox
Testing: csp_id=1265, page_id=400, browser=Firefox
Testing: csp_id=1265, page_id=500, browser=Firefox
Testing: csp_id=1265, page_id=600, browser=Firefox
Testing: csp_id=1265, page_id=700, browser=Firefox
Testing: csp_id=1265, page_id=800, browser=Firefox
Testing: csp_id=1265, page_id=900, browser=Firefox
Testing: csp_id=1265, page_id=1000, browser=Firefox
Testing: csp_id=1265, page_id=1100, browser=Firefox
Testing: csp_id=1265, page_id=1200, browser=Firefox
Testing: csp_id=1265, page_id=1300, browser=Firefox
Testing: csp_id=1265, page_id=1400, browser=Firefox
Testing: csp_id=1265, page_id=1500, browser=Firefox
Testing: csp_id=1265, page_id=1600, browser=Firefox
Testing: csp_id=1265, page_id=1700, browser=Firefox
Testing: csp_id=1265, page_id=1800, browser=Firefox
Testing: csp_id=1265, page_id=1900, browser=Firefox
Testing: csp_id=1265, page_id=2000, browser=Firefox
Testing: csp_id=1265, page_id=2100, browser=Firefox
Testing: csp_id=1265, page_id=2200, browser=Firefox
Testing: csp_id=1265, page_id=2300, browser=Firefox
Testing: csp_id=1265, page_id=2400, browser=Firefox
Testing: csp_id=1265, page_id=2500, browser=Firefox
Testing: csp_id=1265, page_id=2600, browser=Firefox
Testing: csp_id=1265, page_id=2700, browser=Firefox
Testing: csp_id=1265, page_id=2800, browser=Firefox
Testing: csp_id=1265, page_id=2900, browser=Firefox
Testing: csp_id=1265, page_id=3000, browser=Firefox
Testing: csp_id=1265, page_id=3100, browser=Firefox
Testing: csp_id=1265, page_id=3200, browser=Firefox
Testing: csp_id=1265, page_id=3300, browser=Firefox
Testing: csp_id=1265, page_id=3400, browser=Firefox
Testing: csp_id=1265, page_id=3500, browser=Firefox
Testing: csp_id=1265, page_id=3600, browser=Firefox
Testing: csp_id=1265, page_id=3700, browser=Firefox
Testing: csp_id=1265, page_id=3800, browser=Firefox
Testing: csp_id=1265, page_id=3900, browser=Firefox
Testing: csp_id=1265, page_id=4000, browser=Firefox
Testing: csp_id=1265, page_id=4100, browser=Firefox
Testing: csp_id=1265, page_id=4200, browser=Firefox
Testing: csp_id=1265, page_id=4300, browser=Firefox
Testing: csp_id=1265, page_id=4400, browser=Firefox
Testing: csp_id=1265, page_id=4500, browser=Firefox
Testing: csp_id=1265, page_id=4600, browser=Firefox
Testing: csp_id=1265, page_id=4700, browser=Firefox
Testing: csp_id=1265, page_id=4800, browser=Firefox
Testing: csp_id=1265, page_id=4900, browser=Firefox
Testing: csp_id=1265, page_id=5000, browser=Firefox
Testing: csp_id=1265, page_id=5100, browser=Firefox
Testing: csp_id=1265, page_id=5200, browser=Firefox
Testing: csp_id=1265, page_id=5300, browser=Firefox
Testing: csp_id=1265, page_id=5400, browser=Firefox
Testing: csp_id=1265, page_id=5500, browser=Firefox
Testing: csp_id=1265, page_id=5600, browser=Firefox
Testing: csp_id=1265, page_id=5700, browser=Firefox
Testing: csp_id=1265, page_id=5800, browser=Firefox
Testing: csp_id=1265, page_id=5900, browser=Firefox
Testing: csp_id=1265, page_id=6000, browser=Firefox
Testing: csp_id=1265, page_id=6100, browser=Firefox
Testing: csp_id=1265, page_id=6200, browser=Firefox
Testing: csp_id=1265, page_id=6300, browser=Firefox
Testing: csp_id=1265, page_id=6400, browser=Firefox
Testing: csp_id=1265, page_id=6500, browser=Firefox
Testing: csp_id=1265, page_id=6600, browser=Firefox
Testing: csp_id=1265, page_id=6700, browser=Firefox
Testing: csp_id=1265, page_id=6800, browser=Firefox
Testing: csp_id=1265, page_id=6900, browser=Firefox
Testing: csp_id=1265, page_id=7000, browser=Firefox
Testing: csp_id=1265, page_id=7100, browser=Firefox
Testing: csp_id=1265, page_id=7200, browser=Firefox
Testing: csp_id=1265, page_id=7300, browser=Firefox
Testing: csp_id=1265, page_id=7400, browser=Firefox
Testing: csp_id=1265, page_id=7500, browser=Firefox
Testing: csp_id=1265, page_id=7600, browser=Firefox
Testing: csp_id=1265, page_id=7700, browser=Firefox
Testing: csp_id=1265, page_id=7800, browser=Firefox
Testing: csp_id=1265, page_id=7900, browser=Firefox
Testing: csp_id=1265, page_id=8000, browser=Firefox
Testing: csp_id=1265, page_id=8100, browser=Firefox
Testing: csp_id=1265, page_id=8200, browser=Firefox
Testing: csp_id=1265, page_id=8300, browser=Firefox
Testing: csp_id=1265, page_id=8400, browser=Firefox
Testing: csp_id=1265, page_id=8500, browser=Firefox
Testing: csp_id=1265, page_id=8600, browser=Firefox
Testing: csp_id=1265, page_id=8700, browser=Firefox
Testing: csp_id=1265, page_id=8800, browser=Firefox
Testing: csp_id=1265, page_id=8900, browser=Firefox
Testing: csp_id=1265, page_id=9000, browser=Firefox
Testing: csp_id=1265, page_id=9100, browser=Firefox
Testing: csp_id=1265, page_id=9200, browser=Firefox
Testing: csp_id=1265, page_id=9300, browser=Firefox
Testing: csp_id=1265, page_id=9400, browser=Firefox
Testing: csp_id=1265, page_id=9500, browser=Firefox
Testing: csp_id=1265, page_id=9600, browser=Firefox
Testing: csp_id=1265, page_id=9700, browser=Firefox
Testing: csp_id=1265, page_id=9800, browser=Firefox
Testing: csp_id=1265, page_id=9900, browser=Firefox
Testing: csp_id=1265, page_id=10000, browser=Firefox
Testing: csp_id=1265, page_id=10100, browser=Firefox
Testing: csp_id=1265, page_id=10200, browser=Firefox
Testing: csp_id=1265, page_id=10300, browser=Firefox
Testing: csp_id=1265, page_id=10400, browser=Firefox
Testing: csp_id=1265, page_id=10500, browser=Firefox
Testing: csp_id=1265, page_id=10600, browser=Firefox
Testing: csp_id=1265, page_id=10700, browser=Firefox
Testing: csp_id=1265, page_id=10800, browser=Firefox
Testing: csp_id=1265, page_id=10900, browser=Firefox
Testing: csp_id=1265, page_id=11000, browser=Firefox
Testing: csp_id=1265, page_id=11100, browser=Firefox
Testing: csp_id=1265, page_id=11200, browser=Firefox
Testing: csp_id=1265, page_id=11300, browser=Firefox
Testing: csp_id=1265, page_id=11400, browser=Firefox
Testing: csp_id=1265, page_id=11500, browser=Firefox
Testing: csp_id=1265, page_id=11600, browser=Firefox
Testing: csp_id=1265, page_id=11700, browser=Firefox
Testing: csp_id=1265, page_id=11800, browser=Firefox
Testing: csp_id=1265, page_id=11900, browser=Firefox
Testing: csp_id=1265, page_id=12000, browser=Firefox
Testing: csp_id=1265, page_id=12100, browser=Firefox
Testing: csp_id=1265, page_id=12200, browser=Firefox
Testing: csp_id=1265, page_id=12300, browser=Firefox
Testing: csp_id=1265, page_id=12400, browser=Firefox
Testing: csp_id=1265, page_id=12500, browser=Firefox
Testing: csp_id=1265, page_id=12600, browser=Firefox
Testing: csp_id=1265, page_id=12700, browser=Firefox
Testing: csp_id=1265, page_id=12800, browser=Firefox
Testing: csp_id=1265, page_id=12900, browser=Firefox
Testing: csp_id=1265, page_id=13000, browser=Firefox
Testing: csp_id=1265, page_id=13100, browser=Firefox
Testing: csp_id=1265, page_id=13200, browser=Firefox
Testing: csp_id=1265, page_id=13300, browser=Firefox
Testing: csp_id=1265, page_id=13400, browser=Firefox
Testing: csp_id=1265, page_id=13500, browser=Firefox
Testing: csp_id=1265, page_id=13600, browser=Firefox
Testing: csp_id=1265, page_id=13700, browser=Firefox
Testing: csp_id=1265, page_id=13800, browser=Firefox
Testing: csp_id=1265, page_id=13900, browser=Firefox
Testing: csp_id=1265, page_id=14000, browser=Firefox
Testing: csp_id=1265, page_id=14100, browser=Firefox
Testing: csp_id=1265, page_id=14200, browser=Firefox
Testing: csp_id=1265, page_id=14300, browser=Firefox
Testing: csp_id=1265, page_id=14400, browser=Firefox
Testing: csp_id=1265, page_id=14500, browser=Firefox
Testing: csp_id=1265, page_id=14600, browser=Firefox
Testing: csp_id=1265, page_id=14700, browser=Firefox
Testing: csp_id=1265, page_id=14800, browser=Firefox
Testing: csp_id=1265, page_id=14900, browser=Firefox
Testing: csp_id=1265, page_id=15000, browser=Firefox
Testing: csp_id=1265, page_id=15100, browser=Firefox
Testing: csp_id=1265, page_id=15200, browser=Firefox
Testing: csp_id=1265, page_id=15300, browser=Firefox
Testing: csp_id=1265, page_id=15400, browser=Firefox
Testing: csp_id=1265, page_id=15500, browser=Firefox
Testing: csp_id=1265, page_id=15600, browser=Firefox
Testing: csp_id=1265, page_id=15700, browser=Firefox
Testing: csp_id=1265, page_id=15800, browser=Firefox
Testing: csp_id=1265, page_id=15900, browser=Firefox
Testing: csp_id=1265, page_id=16000, browser=Firefox
Testing: csp_id=1265, page_id=16100, browser=Firefox
Testing: csp_id=1265, page_id=16200, browser=Firefox
Testing: csp_id=1265, page_id=16300, browser=Firefox
Testing: csp_id=1265, page_id=16400, browser=Firefox
Testing: csp_id=1265, page_id=16500, browser=Firefox
Testing: csp_id=1265, page_id=16600, browser=Firefox
Testing: csp_id=1265, page_id=16700, browser=Firefox
Testing: csp_id=1265, page_id=16800, browser=Firefox
Testing: csp_id=1265, page_id=16900, browser=Firefox
Testing: csp_id=1265, page_id=17000, browser=Firefox
Testing: csp_id=1265, page_id=17100, browser=Firefox
Testing: csp_id=1265, page_id=17200, browser=Firefox
Testing: csp_id=1265, page_id=17300, browser=Firefox
Testing: csp_id=1265, page_id=17400, browser=Firefox
Testing: csp_id=1265, page_id=17500, browser=Firefox
Testing: csp_id=1265, page_id=17600, browser=Firefox
Testing: csp_id=1265, page_id=17700, browser=Firefox
Testing: csp_id=1265, page_id=17800, browser=Firefox
Testing: csp_id=1265, page_id=17900, browser=Firefox
Testing: csp_id=1265, page_id=18000, browser=Firefox
Testing: csp_id=1265, page_id=18100, browser=Firefox
Testing: csp_id=1265, page_id=18200, browser=Firefox
Testing: csp_id=1265, page_id=18300, browser=Firefox
Testing: csp_id=1265, page_id=18400, browser=Firefox
Testing: csp_id=1265, page_id=18500, browser=Firefox
Testing: csp_id=1265, page_id=18600, browser=Firefox
Testing: csp_id=1265, page_id=18700, browser=Firefox
Testing: csp_id=1265, page_id=18800, browser=Firefox
Testing: csp_id=1265, page_id=18900, browser=Firefox
Testing: csp_id=1265, page_id=19000, browser=Firefox
Testing: csp_id=1265, page_id=19100, browser=Firefox
Testing: csp_id=1265, page_id=19200, browser=Firefox
Testing: csp_id=1265, page_id=19300, browser=Firefox
Testing: csp_id=1265, page_id=19400, browser=Firefox
Testing: csp_id=1265, page_id=19500, browser=Firefox
Testing: csp_id=1265, page_id=19600, browser=Firefox
Testing: csp_id=1265, page_id=19700, browser=Firefox
Testing: csp_id=1265, page_id=19800, browser=Firefox
Testing: csp_id=1265, page_id=19900, browser=Firefox
Testing: csp_id=1265, page_id=20000, browser=Firefox
Testing: csp_id=1265, page_id=20100, browser=Firefox
Testing: csp_id=1265, page_id=20200, browser=Firefox
Testing: csp_id=1265, page_id=20300, browser=Firefox
Testing: csp_id=1265, page_id=20400, browser=Firefox
Testing: csp_id=1265, page_id=20500, browser=Firefox
Testing: csp_id=1265, page_id=20600, browser=Firefox
Testing: csp_id=1265, page_id=20700, browser=Firefox
Testing: csp_id=1265, page_id=20800, browser=Firefox
Testing: csp_id=1265, page_id=20900, browser=Firefox
Testing: csp_id=1265, page_id=21000, browser=Firefox
Testing: csp_id=1265, page_id=21100, browser=Firefox
Testing: csp_id=1265, page_id=21200, browser=Firefox
Testing: csp_id=1265, page_id=21300, browser=Firefox
Testing: csp_id=1265, page_id=21400, browser=Firefox
Testing: csp_id=1265, page_id=21500, browser=Firefox
Testing: csp_id=1265, page_id=21600, browser=Firefox
Testing: csp_id=1265, page_id=21700, browser=Firefox
Testing: csp_id=1265, page_id=21800, browser=Firefox
Testing: csp_id=1265, page_id=21900, browser=Firefox
Testing: csp_id=1265, page_id=22000, browser=Firefox
Testing: csp_id=1265, page_id=22100, browser=Firefox
Testing: csp_id=1265, page_id=22200, browser=Firefox
Testing: csp_id=1265, page_id=22300, browser=Firefox
Testing: csp_id=1265, page_id=22400, browser=Firefox
Testing: csp_id=1265, page_id=22500, browser=Firefox
Testing: csp_id=1265, page_id=22600, browser=Firefox
Testing: csp_id=1265, page_id=22700, browser=Firefox
Testing: csp_id=1265, page_id=22800, browser=Firefox
Testing: csp_id=1265, page_id=22900, browser=Firefox
Testing: csp_id=1265, page_id=23000, browser=Firefox
Testing: csp_id=1265, page_id=23100, browser=Firefox
Testing: csp_id=1265, page_id=23200, browser=Firefox
Testing: csp_id=1265, page_id=23300, browser=Firefox
Testing: csp_id=1265, page_id=23400, browser=Firefox
Testing: csp_id=1265, page_id=23500, browser=Firefox
Testing: csp_id=1265, page_id=23600, browser=Firefox
Testing: csp_id=1265, page_id=23700, browser=Firefox
Testing: csp_id=1265, page_id=23800, browser=Firefox
Testing: csp_id=1265, page_id=23900, browser=Firefox
Testing: csp_id=1265, page_id=24000, browser=Firefox
Testing: csp_id=1265, page_id=24100, browser=Firefox
Testing: csp_id=1265, page_id=24200, browser=Firefox
Testing: csp_id=1265, page_id=24300, browser=Firefox
Testing: csp_id=1265, page_id=24400, browser=Firefox
Testing: csp_id=1265, page_id=24500, browser=Firefox
Testing: csp_id=1265, page_id=24600, browser=Firefox
Testing: csp_id=1265, page_id=24700, browser=Firefox
Testing: csp_id=1265, page_id=24800, browser=Firefox
Testing: csp_id=1265, page_id=24900, browser=Firefox
Testing: csp_id=1265, page_id=25000, browser=Firefox
Testing: csp_id=1265, page_id=25100, browser=Firefox
Testing: csp_id=1265, page_id=25200, browser=Firefox
Testing: csp_id=1265, page_id=25300, browser=Firefox
Testing: csp_id=1265, page_id=25400, browser=Firefox
Testing: csp_id=1265, page_id=25500, browser=Firefox
Testing: csp_id=1265, page_id=25600, browser=Firefox
Testing: csp_id=1265, page_id=25700, browser=Firefox
Testing: csp_id=1265, page_id=25800, browser=Firefox
Testing: csp_id=1265, page_id=25900, browser=Firefox
Testing: csp_id=1265, page_id=26000, browser=Firefox
Testing: csp_id=1265, page_id=26100, browser=Firefox
Testing: csp_id=1265, page_id=26200, browser=Firefox
Testing: csp_id=1265, page_id=26300, browser=Firefox
Testing: csp_id=1265, page_id=26400, browser=Firefox
Testing: csp_id=1265, page_id=26500, browser=Firefox
Testing: csp_id=1265, page_id=26600, browser=Firefox
Testing: csp_id=1265, page_id=26700, browser=Firefox
Testing: csp_id=1265, page_id=26800, browser=Firefox
Testing: csp_id=1265, page_id=26900, browser=Firefox
Testing: csp_id=1265, page_id=27000, browser=Firefox
Testing: csp_id=1265, page_id=27100, browser=Firefox
Testing: csp_id=1265, page_id=27200, browser=Firefox
Testing: csp_id=1265, page_id=27300, browser=Firefox
Testing: csp_id=1265, page_id=27400, browser=Firefox
Testing: csp_id=1265, page_id=27500, browser=Firefox
Testing: csp_id=1265, page_id=27600, browser=Firefox
Testing: csp_id=1265, page_id=27700, browser=Firefox
Testing: csp_id=1265, page_id=27800, browser=Firefox
Testing: csp_id=1265, page_id=27900, browser=Firefox
Testing: csp_id=1265, page_id=28000, browser=Firefox
Testing: csp_id=1265, page_id=28100, browser=Firefox
Testing: csp_id=1265, page_id=28200, browser=Firefox
Testing: csp_id=1265, page_id=28300, browser=Firefox
Testing: csp_id=1265, page_id=28400, browser=Firefox
Testing: csp_id=1265, page_id=28500, browser=Firefox
Testing: csp_id=1265, page_id=28600, browser=Firefox
Testing: csp_id=1265, page_id=28700, browser=Firefox
Testing: csp_id=1265, page_id=28800, browser=Firefox
Testing: csp_id=1265, page_id=28900, browser=Firefox
Testing: csp_id=1265, page_id=29000, browser=Firefox
Testing: csp_id=1265, page_id=29100, browser=Firefox
Testing: csp_id=1265, page_id=29200, browser=Firefox
Testing: csp_id=1265, page_id=29300, browser=Firefox
Testing: csp_id=1265, page_id=29400, browser=Firefox
Testing: csp_id=1265, page_id=29500, browser=Firefox
Testing: csp_id=1265, page_id=29600, browser=Firefox
Testing: csp_id=1265, page_id=29700, browser=Firefox
Testing: csp_id=1265, page_id=29800, browser=Firefox
🏊 create_context_pools[first] (5x16): 28.571s
Testing: csp_id=1276, page_id=0, browser=Firefox
Testing: csp_id=1276, page_id=100, browser=Firefox
Testing: csp_id=1276, page_id=200, browser=Firefox
Testing: csp_id=1276, page_id=300, browser=Firefox
Testing: csp_id=1276, page_id=400, browser=Firefox
Testing: csp_id=1276, page_id=500, browser=Firefox
Testing: csp_id=1276, page_id=600, browser=Firefox
Testing: csp_id=1276, page_id=700, browser=Firefox
Testing: csp_id=1276, page_id=800, browser=Firefox
Testing: csp_id=1276, page_id=900, browser=Firefox
Testing: csp_id=1276, page_id=1000, browser=Firefox
Testing: csp_id=1276, page_id=1100, browser=Firefox
Testing: csp_id=1276, page_id=1200, browser=Firefox
Testing: csp_id=1276, page_id=1300, browser=Firefox
Testing: csp_id=1276, page_id=1400, browser=Firefox
Testing: csp_id=1276, page_id=1500, browser=Firefox
Testing: csp_id=1276, page_id=1600, browser=Firefox
Testing: csp_id=1276, page_id=1700, browser=Firefox
Testing: csp_id=1276, page_id=1800, browser=Firefox
Testing: csp_id=1276, page_id=1900, browser=Firefox
Testing: csp_id=1276, page_id=2000, browser=Firefox
Testing: csp_id=1276, page_id=2100, browser=Firefox
Testing: csp_id=1276, page_id=2200, browser=Firefox
Testing: csp_id=1276, page_id=2300, browser=Firefox
Testing: csp_id=1276, page_id=2400, browser=Firefox
Testing: csp_id=1276, page_id=2500, browser=Firefox
Testing: csp_id=1276, page_id=2600, browser=Firefox
Testing: csp_id=1276, page_id=2700, browser=Firefox
Testing: csp_id=1276, page_id=2800, browser=Firefox
Testing: csp_id=1276, page_id=2900, browser=Firefox
Testing: csp_id=1276, page_id=3000, browser=Firefox
Testing: csp_id=1276, page_id=3100, browser=Firefox
Testing: csp_id=1276, page_id=3200, browser=Firefox
Testing: csp_id=1276, page_id=3300, browser=Firefox
Testing: csp_id=1276, page_id=3400, browser=Firefox
Testing: csp_id=1276, page_id=3500, browser=Firefox
Testing: csp_id=1276, page_id=3600, browser=Firefox
Testing: csp_id=1276, page_id=3700, browser=Firefox
Testing: csp_id=1276, page_id=3800, browser=Firefox
Testing: csp_id=1276, page_id=3900, browser=Firefox
Testing: csp_id=1276, page_id=4000, browser=Firefox
Testing: csp_id=1276, page_id=4100, browser=Firefox
Testing: csp_id=1276, page_id=4200, browser=Firefox
Testing: csp_id=1276, page_id=4300, browser=Firefox
Testing: csp_id=1276, page_id=4400, browser=Firefox
Testing: csp_id=1276, page_id=4500, browser=Firefox
Testing: csp_id=1276, page_id=4600, browser=Firefox
Testing: csp_id=1276, page_id=4700, browser=Firefox
Testing: csp_id=1276, page_id=4800, browser=Firefox
Testing: csp_id=1276, page_id=4900, browser=Firefox
Testing: csp_id=1276, page_id=5000, browser=Firefox
Testing: csp_id=1276, page_id=5100, browser=Firefox
Testing: csp_id=1276, page_id=5200, browser=Firefox
Testing: csp_id=1276, page_id=5300, browser=Firefox
Testing: csp_id=1276, page_id=5400, browser=Firefox
Testing: csp_id=1276, page_id=5500, browser=Firefox
Testing: csp_id=1276, page_id=5600, browser=Firefox
Testing: csp_id=1276, page_id=5700, browser=Firefox
Testing: csp_id=1276, page_id=5800, browser=Firefox
Testing: csp_id=1276, page_id=5900, browser=Firefox
Testing: csp_id=1276, page_id=6000, browser=Firefox
Testing: csp_id=1276, page_id=6100, browser=Firefox
Testing: csp_id=1276, page_id=6200, browser=Firefox
Testing: csp_id=1276, page_id=6300, browser=Firefox
Testing: csp_id=1276, page_id=6400, browser=Firefox
Testing: csp_id=1276, page_id=6500, browser=Firefox
Testing: csp_id=1276, page_id=6600, browser=Firefox
Testing: csp_id=1276, page_id=6700, browser=Firefox
Testing: csp_id=1276, page_id=6800, browser=Firefox
Testing: csp_id=1276, page_id=6900, browser=Firefox
Testing: csp_id=1276, page_id=7000, browser=Firefox
Testing: csp_id=1276, page_id=7100, browser=Firefox
Testing: csp_id=1276, page_id=7200, browser=Firefox
Testing: csp_id=1276, page_id=7300, browser=Firefox
Testing: csp_id=1276, page_id=7400, browser=Firefox
Testing: csp_id=1276, page_id=7500, browser=Firefox
Testing: csp_id=1276, page_id=7600, browser=Firefox
Testing: csp_id=1276, page_id=7700, browser=Firefox
Testing: csp_id=1276, page_id=7800, browser=Firefox
Testing: csp_id=1276, page_id=7900, browser=Firefox
Testing: csp_id=1276, page_id=8000, browser=Firefox
Testing: csp_id=1276, page_id=8100, browser=Firefox
Testing: csp_id=1276, page_id=8200, browser=Firefox
Testing: csp_id=1276, page_id=8300, browser=Firefox
Testing: csp_id=1276, page_id=8400, browser=Firefox
Testing: csp_id=1276, page_id=8500, browser=Firefox
Testing: csp_id=1276, page_id=8600, browser=Firefox
Testing: csp_id=1276, page_id=8700, browser=Firefox
Testing: csp_id=1276, page_id=8800, browser=Firefox
Testing: csp_id=1276, page_id=8900, browser=Firefox
Testing: csp_id=1276, page_id=9000, browser=Firefox
Testing: csp_id=1276, page_id=9100, browser=Firefox
Testing: csp_id=1276, page_id=9200, browser=Firefox
Testing: csp_id=1276, page_id=9300, browser=Firefox
Testing: csp_id=1276, page_id=9400, browser=Firefox
Testing: csp_id=1276, page_id=9500, browser=Firefox
Testing: csp_id=1276, page_id=9600, browser=Firefox
Testing: csp_id=1276, page_id=9700, browser=Firefox
Testing: csp_id=1276, page_id=9800, browser=Firefox
Testing: csp_id=1276, page_id=9900, browser=Firefox
Testing: csp_id=1276, page_id=10000, browser=Firefox
Testing: csp_id=1276, page_id=10100, browser=Firefox
Testing: csp_id=1276, page_id=10200, browser=Firefox
Testing: csp_id=1276, page_id=10300, browser=Firefox
Testing: csp_id=1276, page_id=10400, browser=Firefox
Testing: csp_id=1276, page_id=10500, browser=Firefox
Testing: csp_id=1276, page_id=10600, browser=Firefox
Testing: csp_id=1276, page_id=10700, browser=Firefox
Testing: csp_id=1276, page_id=10800, browser=Firefox
Testing: csp_id=1276, page_id=10900, browser=Firefox
Testing: csp_id=1276, page_id=11000, browser=Firefox
Testing: csp_id=1276, page_id=11100, browser=Firefox
Testing: csp_id=1276, page_id=11200, browser=Firefox
Testing: csp_id=1276, page_id=11300, browser=Firefox
Testing: csp_id=1276, page_id=11400, browser=Firefox
Testing: csp_id=1276, page_id=11500, browser=Firefox
Testing: csp_id=1276, page_id=11600, browser=Firefox
Testing: csp_id=1276, page_id=11700, browser=Firefox
Testing: csp_id=1276, page_id=11800, browser=Firefox
Testing: csp_id=1276, page_id=11900, browser=Firefox
Testing: csp_id=1276, page_id=12000, browser=Firefox
Testing: csp_id=1276, page_id=12100, browser=Firefox
Testing: csp_id=1276, page_id=12200, browser=Firefox
Testing: csp_id=1276, page_id=12300, browser=Firefox
Testing: csp_id=1276, page_id=12400, browser=Firefox
Testing: csp_id=1276, page_id=12500, browser=Firefox
Testing: csp_id=1276, page_id=12600, browser=Firefox
Testing: csp_id=1276, page_id=12700, browser=Firefox
Testing: csp_id=1276, page_id=12800, browser=Firefox
Testing: csp_id=1276, page_id=12900, browser=Firefox
Testing: csp_id=1276, page_id=13000, browser=Firefox
Testing: csp_id=1276, page_id=13100, browser=Firefox
Testing: csp_id=1276, page_id=13200, browser=Firefox
Testing: csp_id=1276, page_id=13300, browser=Firefox
Testing: csp_id=1276, page_id=13400, browser=Firefox
Testing: csp_id=1276, page_id=13500, browser=Firefox
Testing: csp_id=1276, page_id=13600, browser=Firefox
Testing: csp_id=1276, page_id=13700, browser=Firefox
Testing: csp_id=1276, page_id=13800, browser=Firefox
Testing: csp_id=1276, page_id=13900, browser=Firefox
Testing: csp_id=1276, page_id=14000, browser=Firefox
Testing: csp_id=1276, page_id=14100, browser=Firefox
Testing: csp_id=1276, page_id=14200, browser=Firefox
Testing: csp_id=1276, page_id=14300, browser=Firefox
Testing: csp_id=1276, page_id=14400, browser=Firefox
Testing: csp_id=1276, page_id=14500, browser=Firefox
Testing: csp_id=1276, page_id=14600, browser=Firefox
Testing: csp_id=1276, page_id=14700, browser=Firefox
Testing: csp_id=1276, page_id=14800, browser=Firefox
Testing: csp_id=1276, page_id=14900, browser=Firefox
Testing: csp_id=1276, page_id=15000, browser=Firefox
Testing: csp_id=1276, page_id=15100, browser=Firefox
Testing: csp_id=1276, page_id=15200, browser=Firefox
Testing: csp_id=1276, page_id=15300, browser=Firefox
Testing: csp_id=1276, page_id=15400, browser=Firefox
Testing: csp_id=1276, page_id=15500, browser=Firefox
Testing: csp_id=1276, page_id=15600, browser=Firefox
Testing: csp_id=1276, page_id=15700, browser=Firefox
Testing: csp_id=1276, page_id=15800, browser=Firefox
Testing: csp_id=1276, page_id=15900, browser=Firefox
Testing: csp_id=1276, page_id=16000, browser=Firefox
Testing: csp_id=1276, page_id=16100, browser=Firefox
Testing: csp_id=1276, page_id=16200, browser=Firefox
Testing: csp_id=1276, page_id=16300, browser=Firefox
Testing: csp_id=1276, page_id=16400, browser=Firefox
Testing: csp_id=1276, page_id=16500, browser=Firefox
Testing: csp_id=1276, page_id=16600, browser=Firefox
Testing: csp_id=1276, page_id=16700, browser=Firefox
Testing: csp_id=1276, page_id=16800, browser=Firefox
Testing: csp_id=1276, page_id=16900, browser=Firefox
Testing: csp_id=1276, page_id=17000, browser=Firefox
Testing: csp_id=1276, page_id=17100, browser=Firefox
Testing: csp_id=1276, page_id=17200, browser=Firefox
Testing: csp_id=1276, page_id=17300, browser=Firefox
Testing: csp_id=1276, page_id=17400, browser=Firefox
Testing: csp_id=1276, page_id=17500, browser=Firefox
Testing: csp_id=1276, page_id=17600, browser=Firefox
Testing: csp_id=1276, page_id=17700, browser=Firefox
Testing: csp_id=1276, page_id=17800, browser=Firefox
Testing: csp_id=1276, page_id=17900, browser=Firefox
Testing: csp_id=1276, page_id=18000, browser=Firefox
Testing: csp_id=1276, page_id=18100, browser=Firefox
Testing: csp_id=1276, page_id=18200, browser=Firefox
Testing: csp_id=1276, page_id=18300, browser=Firefox
Testing: csp_id=1276, page_id=18400, browser=Firefox
Testing: csp_id=1276, page_id=18500, browser=Firefox
Testing: csp_id=1276, page_id=18600, browser=Firefox
Testing: csp_id=1276, page_id=18700, browser=Firefox
Testing: csp_id=1276, page_id=18800, browser=Firefox
Testing: csp_id=1276, page_id=18900, browser=Firefox
Testing: csp_id=1276, page_id=19000, browser=Firefox
Testing: csp_id=1276, page_id=19100, browser=Firefox
Testing: csp_id=1276, page_id=19200, browser=Firefox
Testing: csp_id=1276, page_id=19300, browser=Firefox
Testing: csp_id=1276, page_id=19400, browser=Firefox
Testing: csp_id=1276, page_id=19500, browser=Firefox
Testing: csp_id=1276, page_id=19600, browser=Firefox
Testing: csp_id=1276, page_id=19700, browser=Firefox
Testing: csp_id=1276, page_id=19800, browser=Firefox
Testing: csp_id=1276, page_id=19900, browser=Firefox
Testing: csp_id=1276, page_id=20000, browser=Firefox
Testing: csp_id=1276, page_id=20100, browser=Firefox
Testing: csp_id=1276, page_id=20200, browser=Firefox
Testing: csp_id=1276, page_id=20300, browser=Firefox
Testing: csp_id=1276, page_id=20400, browser=Firefox
Testing: csp_id=1276, page_id=20500, browser=Firefox
Testing: csp_id=1276, page_id=20600, browser=Firefox
Testing: csp_id=1276, page_id=20700, browser=Firefox
Testing: csp_id=1276, page_id=20800, browser=Firefox
Testing: csp_id=1276, page_id=20900, browser=Firefox
Testing: csp_id=1276, page_id=21000, browser=Firefox
Testing: csp_id=1276, page_id=21100, browser=Firefox
Testing: csp_id=1276, page_id=21200, browser=Firefox
Testing: csp_id=1276, page_id=21300, browser=Firefox
Testing: csp_id=1276, page_id=21400, browser=Firefox
Testing: csp_id=1276, page_id=21500, browser=Firefox
Testing: csp_id=1276, page_id=21600, browser=Firefox
Testing: csp_id=1276, page_id=21700, browser=Firefox
Testing: csp_id=1276, page_id=21800, browser=Firefox
Testing: csp_id=1276, page_id=21900, browser=Firefox
Testing: csp_id=1276, page_id=22000, browser=Firefox
Testing: csp_id=1276, page_id=22100, browser=Firefox
Testing: csp_id=1276, page_id=22200, browser=Firefox
Testing: csp_id=1276, page_id=22300, browser=Firefox
Testing: csp_id=1276, page_id=22400, browser=Firefox
Testing: csp_id=1276, page_id=22500, browser=Firefox
Testing: csp_id=1276, page_id=22600, browser=Firefox
Testing: csp_id=1276, page_id=22700, browser=Firefox
Testing: csp_id=1276, page_id=22800, browser=Firefox
Testing: csp_id=1276, page_id=22900, browser=Firefox
Testing: csp_id=1276, page_id=23000, browser=Firefox
Testing: csp_id=1276, page_id=23100, browser=Firefox
Testing: csp_id=1276, page_id=23200, browser=Firefox
Testing: csp_id=1276, page_id=23300, browser=Firefox
Testing: csp_id=1276, page_id=23400, browser=Firefox
Testing: csp_id=1276, page_id=23500, browser=Firefox
Testing: csp_id=1276, page_id=23600, browser=Firefox
Testing: csp_id=1276, page_id=23700, browser=Firefox
Testing: csp_id=1276, page_id=23800, browser=Firefox
Testing: csp_id=1276, page_id=23900, browser=Firefox
Testing: csp_id=1276, page_id=24000, browser=Firefox
Testing: csp_id=1276, page_id=24100, browser=Firefox
Testing: csp_id=1276, page_id=24200, browser=Firefox
Testing: csp_id=1276, page_id=24300, browser=Firefox
Testing: csp_id=1276, page_id=24400, browser=Firefox
Testing: csp_id=1276, page_id=24500, browser=Firefox
Testing: csp_id=1276, page_id=24600, browser=Firefox
Testing: csp_id=1276, page_id=24700, browser=Firefox
Testing: csp_id=1276, page_id=24800, browser=Firefox
Testing: csp_id=1276, page_id=24900, browser=Firefox
Testing: csp_id=1276, page_id=25000, browser=Firefox
Testing: csp_id=1276, page_id=25100, browser=Firefox
Testing: csp_id=1276, page_id=25200, browser=Firefox
Testing: csp_id=1276, page_id=25300, browser=Firefox
Testing: csp_id=1276, page_id=25400, browser=Firefox
Testing: csp_id=1276, page_id=25500, browser=Firefox
Testing: csp_id=1276, page_id=25600, browser=Firefox
Testing: csp_id=1276, page_id=25700, browser=Firefox
Testing: csp_id=1276, page_id=25800, browser=Firefox
Testing: csp_id=1276, page_id=25900, browser=Firefox
Testing: csp_id=1276, page_id=26000, browser=Firefox
Testing: csp_id=1276, page_id=26100, browser=Firefox
Testing: csp_id=1276, page_id=26200, browser=Firefox
Testing: csp_id=1276, page_id=26300, browser=Firefox
Testing: csp_id=1276, page_id=26400, browser=Firefox
Testing: csp_id=1276, page_id=26500, browser=Firefox
Testing: csp_id=1276, page_id=26600, browser=Firefox
Testing: csp_id=1276, page_id=26700, browser=Firefox
Testing: csp_id=1276, page_id=26800, browser=Firefox
Testing: csp_id=1276, page_id=26900, browser=Firefox
Testing: csp_id=1276, page_id=27000, browser=Firefox
Testing: csp_id=1276, page_id=27100, browser=Firefox
Testing: csp_id=1276, page_id=27200, browser=Firefox
Testing: csp_id=1276, page_id=27300, browser=Firefox
Testing: csp_id=1276, page_id=27400, browser=Firefox
Testing: csp_id=1276, page_id=27500, browser=Firefox
Testing: csp_id=1276, page_id=27600, browser=Firefox
Testing: csp_id=1276, page_id=27700, browser=Firefox
Testing: csp_id=1276, page_id=27800, browser=Firefox
Testing: csp_id=1276, page_id=27900, browser=Firefox
Testing: csp_id=1276, page_id=28000, browser=Firefox
Testing: csp_id=1276, page_id=28100, browser=Firefox
Testing: csp_id=1276, page_id=28200, browser=Firefox
Testing: csp_id=1276, page_id=28300, browser=Firefox
Testing: csp_id=1276, page_id=28400, browser=Firefox
Testing: csp_id=1276, page_id=28500, browser=Firefox
Testing: csp_id=1276, page_id=28600, browser=Firefox
Testing: csp_id=1276, page_id=28700, browser=Firefox
Testing: csp_id=1276, page_id=28800, browser=Firefox
Testing: csp_id=1276, page_id=28900, browser=Firefox
Testing: csp_id=1276, page_id=29000, browser=Firefox
Testing: csp_id=1276, page_id=29100, browser=Firefox
Testing: csp_id=1276, page_id=29200, browser=Firefox
Testing: csp_id=1276, page_id=29300, browser=Firefox
Testing: csp_id=1276, page_id=29400, browser=Firefox
Testing: csp_id=1276, page_id=29500, browser=Firefox
Testing: csp_id=1276, page_id=29600, browser=Firefox
Testing: csp_id=1276, page_id=29700, browser=Firefox
Testing: csp_id=1276, page_id=29800, browser=Firefox
🏊 create_context_pools[first] (5x16): 26.301s
Testing: csp_id=1286, page_id=0, browser=Firefox
Testing: csp_id=1286, page_id=100, browser=Firefox
Testing: csp_id=1286, page_id=200, browser=Firefox
Testing: csp_id=1286, page_id=300, browser=Firefox
Testing: csp_id=1286, page_id=400, browser=Firefox
Testing: csp_id=1286, page_id=500, browser=Firefox
Testing: csp_id=1286, page_id=600, browser=Firefox
Testing: csp_id=1286, page_id=700, browser=Firefox
Testing: csp_id=1286, page_id=800, browser=Firefox
Testing: csp_id=1286, page_id=900, browser=Firefox
Testing: csp_id=1286, page_id=1000, browser=Firefox
Testing: csp_id=1286, page_id=1100, browser=Firefox
Testing: csp_id=1286, page_id=1200, browser=Firefox
Testing: csp_id=1286, page_id=1300, browser=Firefox
Testing: csp_id=1286, page_id=1400, browser=Firefox
Testing: csp_id=1286, page_id=1500, browser=Firefox
Testing: csp_id=1286, page_id=1600, browser=Firefox
Testing: csp_id=1286, page_id=1700, browser=Firefox
Testing: csp_id=1286, page_id=1800, browser=Firefox
Testing: csp_id=1286, page_id=1900, browser=Firefox
Testing: csp_id=1286, page_id=2000, browser=Firefox
Testing: csp_id=1286, page_id=2100, browser=Firefox
Testing: csp_id=1286, page_id=2200, browser=Firefox
Testing: csp_id=1286, page_id=2300, browser=Firefox
Testing: csp_id=1286, page_id=2400, browser=Firefox
Testing: csp_id=1286, page_id=2500, browser=Firefox
Testing: csp_id=1286, page_id=2600, browser=Firefox
Testing: csp_id=1286, page_id=2700, browser=Firefox
Testing: csp_id=1286, page_id=2800, browser=Firefox
Testing: csp_id=1286, page_id=2900, browser=Firefox
Testing: csp_id=1286, page_id=3000, browser=Firefox
Testing: csp_id=1286, page_id=3100, browser=Firefox
Testing: csp_id=1286, page_id=3200, browser=Firefox
Testing: csp_id=1286, page_id=3300, browser=Firefox
Testing: csp_id=1286, page_id=3400, browser=Firefox
Testing: csp_id=1286, page_id=3500, browser=Firefox
Testing: csp_id=1286, page_id=3600, browser=Firefox
Testing: csp_id=1286, page_id=3700, browser=Firefox
Testing: csp_id=1286, page_id=3800, browser=Firefox
Testing: csp_id=1286, page_id=3900, browser=Firefox
Testing: csp_id=1286, page_id=4000, browser=Firefox
Testing: csp_id=1286, page_id=4100, browser=Firefox
Testing: csp_id=1286, page_id=4200, browser=Firefox
Testing: csp_id=1286, page_id=4300, browser=Firefox
Testing: csp_id=1286, page_id=4400, browser=Firefox
Testing: csp_id=1286, page_id=4500, browser=Firefox
Testing: csp_id=1286, page_id=4600, browser=Firefox
Testing: csp_id=1286, page_id=4700, browser=Firefox
Testing: csp_id=1286, page_id=4800, browser=Firefox
Testing: csp_id=1286, page_id=4900, browser=Firefox
Testing: csp_id=1286, page_id=5000, browser=Firefox
Testing: csp_id=1286, page_id=5100, browser=Firefox
Testing: csp_id=1286, page_id=5200, browser=Firefox
Testing: csp_id=1286, page_id=5300, browser=Firefox
Testing: csp_id=1286, page_id=5400, browser=Firefox
Testing: csp_id=1286, page_id=5500, browser=Firefox
Testing: csp_id=1286, page_id=5600, browser=Firefox
Testing: csp_id=1286, page_id=5700, browser=Firefox
Testing: csp_id=1286, page_id=5800, browser=Firefox
Testing: csp_id=1286, page_id=5900, browser=Firefox
Testing: csp_id=1286, page_id=6000, browser=Firefox
Testing: csp_id=1286, page_id=6100, browser=Firefox
Testing: csp_id=1286, page_id=6200, browser=Firefox
Testing: csp_id=1286, page_id=6300, browser=Firefox
Testing: csp_id=1286, page_id=6400, browser=Firefox
Testing: csp_id=1286, page_id=6500, browser=Firefox
Testing: csp_id=1286, page_id=6600, browser=Firefox
Testing: csp_id=1286, page_id=6700, browser=Firefox
Testing: csp_id=1286, page_id=6800, browser=Firefox
Testing: csp_id=1286, page_id=6900, browser=Firefox
Testing: csp_id=1286, page_id=7000, browser=Firefox
Testing: csp_id=1286, page_id=7100, browser=Firefox
Testing: csp_id=1286, page_id=7200, browser=Firefox
Testing: csp_id=1286, page_id=7300, browser=Firefox
Testing: csp_id=1286, page_id=7400, browser=Firefox
Testing: csp_id=1286, page_id=7500, browser=Firefox
Testing: csp_id=1286, page_id=7600, browser=Firefox
Testing: csp_id=1286, page_id=7700, browser=Firefox
Testing: csp_id=1286, page_id=7800, browser=Firefox
Testing: csp_id=1286, page_id=7900, browser=Firefox
Testing: csp_id=1286, page_id=8000, browser=Firefox
Testing: csp_id=1286, page_id=8100, browser=Firefox
Testing: csp_id=1286, page_id=8200, browser=Firefox
Testing: csp_id=1286, page_id=8300, browser=Firefox
Testing: csp_id=1286, page_id=8400, browser=Firefox
Testing: csp_id=1286, page_id=8500, browser=Firefox
Testing: csp_id=1286, page_id=8600, browser=Firefox
Testing: csp_id=1286, page_id=8700, browser=Firefox
Testing: csp_id=1286, page_id=8800, browser=Firefox
Testing: csp_id=1286, page_id=8900, browser=Firefox
Testing: csp_id=1286, page_id=9000, browser=Firefox
Testing: csp_id=1286, page_id=9100, browser=Firefox
Testing: csp_id=1286, page_id=9200, browser=Firefox
Testing: csp_id=1286, page_id=9300, browser=Firefox
Testing: csp_id=1286, page_id=9400, browser=Firefox
Testing: csp_id=1286, page_id=9500, browser=Firefox
Testing: csp_id=1286, page_id=9600, browser=Firefox
Testing: csp_id=1286, page_id=9700, browser=Firefox
Testing: csp_id=1286, page_id=9800, browser=Firefox
Testing: csp_id=1286, page_id=9900, browser=Firefox
Testing: csp_id=1286, page_id=10000, browser=Firefox
Testing: csp_id=1286, page_id=10100, browser=Firefox
Testing: csp_id=1286, page_id=10200, browser=Firefox
Testing: csp_id=1286, page_id=10300, browser=Firefox
Testing: csp_id=1286, page_id=10400, browser=Firefox
Testing: csp_id=1286, page_id=10500, browser=Firefox
Testing: csp_id=1286, page_id=10600, browser=Firefox
Testing: csp_id=1286, page_id=10700, browser=Firefox
Testing: csp_id=1286, page_id=10800, browser=Firefox
Testing: csp_id=1286, page_id=10900, browser=Firefox
Testing: csp_id=1286, page_id=11000, browser=Firefox
Testing: csp_id=1286, page_id=11100, browser=Firefox
Testing: csp_id=1286, page_id=11200, browser=Firefox
Testing: csp_id=1286, page_id=11300, browser=Firefox
Testing: csp_id=1286, page_id=11400, browser=Firefox
Testing: csp_id=1286, page_id=11500, browser=Firefox
Testing: csp_id=1286, page_id=11600, browser=Firefox
Testing: csp_id=1286, page_id=11700, browser=Firefox
Testing: csp_id=1286, page_id=11800, browser=Firefox
Testing: csp_id=1286, page_id=11900, browser=Firefox
Testing: csp_id=1286, page_id=12000, browser=Firefox
Testing: csp_id=1286, page_id=12100, browser=Firefox
Testing: csp_id=1286, page_id=12200, browser=Firefox
Testing: csp_id=1286, page_id=12300, browser=Firefox
Testing: csp_id=1286, page_id=12400, browser=Firefox
Testing: csp_id=1286, page_id=12500, browser=Firefox
Testing: csp_id=1286, page_id=12600, browser=Firefox
Testing: csp_id=1286, page_id=12700, browser=Firefox
Testing: csp_id=1286, page_id=12800, browser=Firefox
Testing: csp_id=1286, page_id=12900, browser=Firefox
Testing: csp_id=1286, page_id=13000, browser=Firefox
Testing: csp_id=1286, page_id=13100, browser=Firefox
Testing: csp_id=1286, page_id=13200, browser=Firefox
Testing: csp_id=1286, page_id=13300, browser=Firefox
Testing: csp_id=1286, page_id=13400, browser=Firefox
Testing: csp_id=1286, page_id=13500, browser=Firefox
Testing: csp_id=1286, page_id=13600, browser=Firefox
Testing: csp_id=1286, page_id=13700, browser=Firefox
Testing: csp_id=1286, page_id=13800, browser=Firefox
Testing: csp_id=1286, page_id=13900, browser=Firefox
Testing: csp_id=1286, page_id=14000, browser=Firefox
Testing: csp_id=1286, page_id=14100, browser=Firefox
Testing: csp_id=1286, page_id=14200, browser=Firefox
Testing: csp_id=1286, page_id=14300, browser=Firefox
Testing: csp_id=1286, page_id=14400, browser=Firefox
Testing: csp_id=1286, page_id=14500, browser=Firefox
Testing: csp_id=1286, page_id=14600, browser=Firefox
Testing: csp_id=1286, page_id=14700, browser=Firefox
Testing: csp_id=1286, page_id=14800, browser=Firefox
Testing: csp_id=1286, page_id=14900, browser=Firefox
Testing: csp_id=1286, page_id=15000, browser=Firefox
Testing: csp_id=1286, page_id=15100, browser=Firefox
Testing: csp_id=1286, page_id=15200, browser=Firefox
Testing: csp_id=1286, page_id=15300, browser=Firefox
Testing: csp_id=1286, page_id=15400, browser=Firefox
Testing: csp_id=1286, page_id=15500, browser=Firefox
Testing: csp_id=1286, page_id=15600, browser=Firefox
Testing: csp_id=1286, page_id=15700, browser=Firefox
Testing: csp_id=1286, page_id=15800, browser=Firefox
Testing: csp_id=1286, page_id=15900, browser=Firefox
Testing: csp_id=1286, page_id=16000, browser=Firefox
Testing: csp_id=1286, page_id=16100, browser=Firefox
Testing: csp_id=1286, page_id=16200, browser=Firefox
Testing: csp_id=1286, page_id=16300, browser=Firefox
Testing: csp_id=1286, page_id=16400, browser=Firefox
Testing: csp_id=1286, page_id=16500, browser=Firefox
Testing: csp_id=1286, page_id=16600, browser=Firefox
Testing: csp_id=1286, page_id=16700, browser=Firefox
Testing: csp_id=1286, page_id=16800, browser=Firefox
Testing: csp_id=1286, page_id=16900, browser=Firefox
Testing: csp_id=1286, page_id=17000, browser=Firefox
Testing: csp_id=1286, page_id=17100, browser=Firefox
Testing: csp_id=1286, page_id=17200, browser=Firefox
Testing: csp_id=1286, page_id=17300, browser=Firefox
Testing: csp_id=1286, page_id=17400, browser=Firefox
Testing: csp_id=1286, page_id=17500, browser=Firefox
Testing: csp_id=1286, page_id=17600, browser=Firefox
Testing: csp_id=1286, page_id=17700, browser=Firefox
Testing: csp_id=1286, page_id=17800, browser=Firefox
Testing: csp_id=1286, page_id=17900, browser=Firefox
Testing: csp_id=1286, page_id=18000, browser=Firefox
Testing: csp_id=1286, page_id=18100, browser=Firefox
Testing: csp_id=1286, page_id=18200, browser=Firefox
Testing: csp_id=1286, page_id=18300, browser=Firefox
Testing: csp_id=1286, page_id=18400, browser=Firefox
Testing: csp_id=1286, page_id=18500, browser=Firefox
Testing: csp_id=1286, page_id=18600, browser=Firefox
Testing: csp_id=1286, page_id=18700, browser=Firefox
Testing: csp_id=1286, page_id=18800, browser=Firefox
Testing: csp_id=1286, page_id=18900, browser=Firefox
Testing: csp_id=1286, page_id=19000, browser=Firefox
Testing: csp_id=1286, page_id=19100, browser=Firefox
Testing: csp_id=1286, page_id=19200, browser=Firefox
Testing: csp_id=1286, page_id=19300, browser=Firefox
Testing: csp_id=1286, page_id=19400, browser=Firefox
Testing: csp_id=1286, page_id=19500, browser=Firefox
Testing: csp_id=1286, page_id=19600, browser=Firefox
Testing: csp_id=1286, page_id=19700, browser=Firefox
Testing: csp_id=1286, page_id=19800, browser=Firefox
Testing: csp_id=1286, page_id=19900, browser=Firefox
Testing: csp_id=1286, page_id=20000, browser=Firefox
Testing: csp_id=1286, page_id=20100, browser=Firefox
Testing: csp_id=1286, page_id=20200, browser=Firefox
Testing: csp_id=1286, page_id=20300, browser=Firefox
Testing: csp_id=1286, page_id=20400, browser=Firefox
Testing: csp_id=1286, page_id=20500, browser=Firefox
Testing: csp_id=1286, page_id=20600, browser=Firefox
Testing: csp_id=1286, page_id=20700, browser=Firefox
Testing: csp_id=1286, page_id=20800, browser=Firefox
Testing: csp_id=1286, page_id=20900, browser=Firefox
Testing: csp_id=1286, page_id=21000, browser=Firefox
Testing: csp_id=1286, page_id=21100, browser=Firefox
Testing: csp_id=1286, page_id=21200, browser=Firefox
Testing: csp_id=1286, page_id=21300, browser=Firefox
Testing: csp_id=1286, page_id=21400, browser=Firefox
Testing: csp_id=1286, page_id=21500, browser=Firefox
Testing: csp_id=1286, page_id=21600, browser=Firefox
Testing: csp_id=1286, page_id=21700, browser=Firefox
Testing: csp_id=1286, page_id=21800, browser=Firefox
Testing: csp_id=1286, page_id=21900, browser=Firefox
Testing: csp_id=1286, page_id=22000, browser=Firefox
Testing: csp_id=1286, page_id=22100, browser=Firefox
Testing: csp_id=1286, page_id=22200, browser=Firefox
Testing: csp_id=1286, page_id=22300, browser=Firefox
Testing: csp_id=1286, page_id=22400, browser=Firefox
Testing: csp_id=1286, page_id=22500, browser=Firefox
Testing: csp_id=1286, page_id=22600, browser=Firefox
Testing: csp_id=1286, page_id=22700, browser=Firefox
Testing: csp_id=1286, page_id=22800, browser=Firefox
Testing: csp_id=1286, page_id=22900, browser=Firefox
Testing: csp_id=1286, page_id=23000, browser=Firefox
Testing: csp_id=1286, page_id=23100, browser=Firefox
Testing: csp_id=1286, page_id=23200, browser=Firefox
Testing: csp_id=1286, page_id=23300, browser=Firefox
Testing: csp_id=1286, page_id=23400, browser=Firefox
Testing: csp_id=1286, page_id=23500, browser=Firefox
Testing: csp_id=1286, page_id=23600, browser=Firefox
Testing: csp_id=1286, page_id=23700, browser=Firefox
Testing: csp_id=1286, page_id=23800, browser=Firefox
Testing: csp_id=1286, page_id=23900, browser=Firefox
Testing: csp_id=1286, page_id=24000, browser=Firefox
Testing: csp_id=1286, page_id=24100, browser=Firefox
Testing: csp_id=1286, page_id=24200, browser=Firefox
Testing: csp_id=1286, page_id=24300, browser=Firefox
Testing: csp_id=1286, page_id=24400, browser=Firefox
Testing: csp_id=1286, page_id=24500, browser=Firefox
Testing: csp_id=1286, page_id=24600, browser=Firefox
Testing: csp_id=1286, page_id=24700, browser=Firefox
Testing: csp_id=1286, page_id=24800, browser=Firefox
Testing: csp_id=1286, page_id=24900, browser=Firefox
Testing: csp_id=1286, page_id=25000, browser=Firefox
Testing: csp_id=1286, page_id=25100, browser=Firefox
Testing: csp_id=1286, page_id=25200, browser=Firefox
Testing: csp_id=1286, page_id=25300, browser=Firefox
Testing: csp_id=1286, page_id=25400, browser=Firefox
Testing: csp_id=1286, page_id=25500, browser=Firefox
Testing: csp_id=1286, page_id=25600, browser=Firefox
Testing: csp_id=1286, page_id=25700, browser=Firefox
Testing: csp_id=1286, page_id=25800, browser=Firefox
Testing: csp_id=1286, page_id=25900, browser=Firefox
Testing: csp_id=1286, page_id=26000, browser=Firefox
Testing: csp_id=1286, page_id=26100, browser=Firefox
Testing: csp_id=1286, page_id=26200, browser=Firefox
Testing: csp_id=1286, page_id=26300, browser=Firefox
Testing: csp_id=1286, page_id=26400, browser=Firefox
Testing: csp_id=1286, page_id=26500, browser=Firefox
Testing: csp_id=1286, page_id=26600, browser=Firefox
Testing: csp_id=1286, page_id=26700, browser=Firefox
Testing: csp_id=1286, page_id=26800, browser=Firefox
Testing: csp_id=1286, page_id=26900, browser=Firefox
Testing: csp_id=1286, page_id=27000, browser=Firefox
Testing: csp_id=1286, page_id=27100, browser=Firefox
Testing: csp_id=1286, page_id=27200, browser=Firefox
Testing: csp_id=1286, page_id=27300, browser=Firefox
Testing: csp_id=1286, page_id=27400, browser=Firefox
Testing: csp_id=1286, page_id=27500, browser=Firefox
Testing: csp_id=1286, page_id=27600, browser=Firefox
Testing: csp_id=1286, page_id=27700, browser=Firefox
Testing: csp_id=1286, page_id=27800, browser=Firefox
Testing: csp_id=1286, page_id=27900, browser=Firefox
Testing: csp_id=1286, page_id=28000, browser=Firefox
Testing: csp_id=1286, page_id=28100, browser=Firefox
Testing: csp_id=1286, page_id=28200, browser=Firefox
Testing: csp_id=1286, page_id=28300, browser=Firefox
Testing: csp_id=1286, page_id=28400, browser=Firefox
Testing: csp_id=1286, page_id=28500, browser=Firefox
Testing: csp_id=1286, page_id=28600, browser=Firefox
Testing: csp_id=1286, page_id=28700, browser=Firefox
Testing: csp_id=1286, page_id=28800, browser=Firefox
Testing: csp_id=1286, page_id=28900, browser=Firefox
Testing: csp_id=1286, page_id=29000, browser=Firefox
Testing: csp_id=1286, page_id=29100, browser=Firefox
Testing: csp_id=1286, page_id=29200, browser=Firefox
Testing: csp_id=1286, page_id=29300, browser=Firefox
Testing: csp_id=1286, page_id=29400, browser=Firefox
Testing: csp_id=1286, page_id=29500, browser=Firefox
Testing: csp_id=1286, page_id=29600, browser=Firefox
Testing: csp_id=1286, page_id=29700, browser=Firefox
Testing: csp_id=1286, page_id=29800, browser=Firefox
🏊 create_context_pools[first] (5x16): 27.453s
Testing: csp_id=1301, page_id=0, browser=Firefox
Testing: csp_id=1301, page_id=100, browser=Firefox
Testing: csp_id=1301, page_id=200, browser=Firefox
Testing: csp_id=1301, page_id=300, browser=Firefox
Testing: csp_id=1301, page_id=400, browser=Firefox
Testing: csp_id=1301, page_id=500, browser=Firefox
Testing: csp_id=1301, page_id=600, browser=Firefox
Testing: csp_id=1301, page_id=700, browser=Firefox
Testing: csp_id=1301, page_id=800, browser=Firefox
Testing: csp_id=1301, page_id=900, browser=Firefox
Testing: csp_id=1301, page_id=1000, browser=Firefox
Testing: csp_id=1301, page_id=1100, browser=Firefox
Testing: csp_id=1301, page_id=1200, browser=Firefox
Testing: csp_id=1301, page_id=1300, browser=Firefox
Testing: csp_id=1301, page_id=1400, browser=Firefox
Testing: csp_id=1301, page_id=1500, browser=Firefox
Testing: csp_id=1301, page_id=1600, browser=Firefox
Testing: csp_id=1301, page_id=1700, browser=Firefox
Testing: csp_id=1301, page_id=1800, browser=Firefox
Testing: csp_id=1301, page_id=1900, browser=Firefox
Testing: csp_id=1301, page_id=2000, browser=Firefox
Testing: csp_id=1301, page_id=2100, browser=Firefox
Testing: csp_id=1301, page_id=2200, browser=Firefox
Testing: csp_id=1301, page_id=2300, browser=Firefox
Testing: csp_id=1301, page_id=2400, browser=Firefox
Testing: csp_id=1301, page_id=2500, browser=Firefox
Testing: csp_id=1301, page_id=2600, browser=Firefox
Testing: csp_id=1301, page_id=2700, browser=Firefox
Testing: csp_id=1301, page_id=2800, browser=Firefox
Testing: csp_id=1301, page_id=2900, browser=Firefox
Testing: csp_id=1301, page_id=3000, browser=Firefox
Testing: csp_id=1301, page_id=3100, browser=Firefox
Testing: csp_id=1301, page_id=3200, browser=Firefox
Testing: csp_id=1301, page_id=3300, browser=Firefox
Testing: csp_id=1301, page_id=3400, browser=Firefox
Testing: csp_id=1301, page_id=3500, browser=Firefox
Testing: csp_id=1301, page_id=3600, browser=Firefox
Testing: csp_id=1301, page_id=3700, browser=Firefox
Testing: csp_id=1301, page_id=3800, browser=Firefox
Testing: csp_id=1301, page_id=3900, browser=Firefox
Testing: csp_id=1301, page_id=4000, browser=Firefox
Testing: csp_id=1301, page_id=4100, browser=Firefox
Testing: csp_id=1301, page_id=4200, browser=Firefox
Testing: csp_id=1301, page_id=4300, browser=Firefox
Testing: csp_id=1301, page_id=4400, browser=Firefox
Testing: csp_id=1301, page_id=4500, browser=Firefox
Testing: csp_id=1301, page_id=4600, browser=Firefox
Testing: csp_id=1301, page_id=4700, browser=Firefox
Testing: csp_id=1301, page_id=4800, browser=Firefox
Testing: csp_id=1301, page_id=4900, browser=Firefox
Testing: csp_id=1301, page_id=5000, browser=Firefox
Testing: csp_id=1301, page_id=5100, browser=Firefox
Testing: csp_id=1301, page_id=5200, browser=Firefox
Testing: csp_id=1301, page_id=5300, browser=Firefox
Testing: csp_id=1301, page_id=5400, browser=Firefox
Testing: csp_id=1301, page_id=5500, browser=Firefox
Testing: csp_id=1301, page_id=5600, browser=Firefox
Testing: csp_id=1301, page_id=5700, browser=Firefox
Testing: csp_id=1301, page_id=5800, browser=Firefox
Testing: csp_id=1301, page_id=5900, browser=Firefox
Testing: csp_id=1301, page_id=6000, browser=Firefox
Testing: csp_id=1301, page_id=6100, browser=Firefox
Testing: csp_id=1301, page_id=6200, browser=Firefox
Testing: csp_id=1301, page_id=6300, browser=Firefox
Testing: csp_id=1301, page_id=6400, browser=Firefox
Testing: csp_id=1301, page_id=6500, browser=Firefox
Testing: csp_id=1301, page_id=6600, browser=Firefox
Testing: csp_id=1301, page_id=6700, browser=Firefox
Testing: csp_id=1301, page_id=6800, browser=Firefox
Testing: csp_id=1301, page_id=6900, browser=Firefox
Testing: csp_id=1301, page_id=7000, browser=Firefox
Testing: csp_id=1301, page_id=7100, browser=Firefox
Testing: csp_id=1301, page_id=7200, browser=Firefox
Testing: csp_id=1301, page_id=7300, browser=Firefox
Testing: csp_id=1301, page_id=7400, browser=Firefox
Testing: csp_id=1301, page_id=7500, browser=Firefox
Testing: csp_id=1301, page_id=7600, browser=Firefox
Testing: csp_id=1301, page_id=7700, browser=Firefox
Testing: csp_id=1301, page_id=7800, browser=Firefox
Testing: csp_id=1301, page_id=7900, browser=Firefox
Testing: csp_id=1301, page_id=8000, browser=Firefox
Testing: csp_id=1301, page_id=8100, browser=Firefox
Testing: csp_id=1301, page_id=8200, browser=Firefox
Testing: csp_id=1301, page_id=8300, browser=Firefox
Testing: csp_id=1301, page_id=8400, browser=Firefox
Testing: csp_id=1301, page_id=8500, browser=Firefox
Testing: csp_id=1301, page_id=8600, browser=Firefox
Testing: csp_id=1301, page_id=8700, browser=Firefox
Testing: csp_id=1301, page_id=8800, browser=Firefox
Testing: csp_id=1301, page_id=8900, browser=Firefox
Testing: csp_id=1301, page_id=9000, browser=Firefox
Testing: csp_id=1301, page_id=9100, browser=Firefox
Testing: csp_id=1301, page_id=9200, browser=Firefox
Testing: csp_id=1301, page_id=9300, browser=Firefox
Testing: csp_id=1301, page_id=9400, browser=Firefox
Testing: csp_id=1301, page_id=9500, browser=Firefox
Testing: csp_id=1301, page_id=9600, browser=Firefox
Testing: csp_id=1301, page_id=9700, browser=Firefox
Testing: csp_id=1301, page_id=9800, browser=Firefox
Testing: csp_id=1301, page_id=9900, browser=Firefox
Testing: csp_id=1301, page_id=10000, browser=Firefox
Testing: csp_id=1301, page_id=10100, browser=Firefox
Testing: csp_id=1301, page_id=10200, browser=Firefox
Testing: csp_id=1301, page_id=10300, browser=Firefox
Testing: csp_id=1301, page_id=10400, browser=Firefox
Testing: csp_id=1301, page_id=10500, browser=Firefox
Testing: csp_id=1301, page_id=10600, browser=Firefox
Testing: csp_id=1301, page_id=10700, browser=Firefox
Testing: csp_id=1301, page_id=10800, browser=Firefox
Testing: csp_id=1301, page_id=10900, browser=Firefox
Testing: csp_id=1301, page_id=11000, browser=Firefox
Testing: csp_id=1301, page_id=11100, browser=Firefox
Testing: csp_id=1301, page_id=11200, browser=Firefox
Testing: csp_id=1301, page_id=11300, browser=Firefox
Testing: csp_id=1301, page_id=11400, browser=Firefox
Testing: csp_id=1301, page_id=11500, browser=Firefox
Testing: csp_id=1301, page_id=11600, browser=Firefox
Testing: csp_id=1301, page_id=11700, browser=Firefox
Testing: csp_id=1301, page_id=11800, browser=Firefox
Testing: csp_id=1301, page_id=11900, browser=Firefox
Testing: csp_id=1301, page_id=12000, browser=Firefox
Testing: csp_id=1301, page_id=12100, browser=Firefox
Testing: csp_id=1301, page_id=12200, browser=Firefox
Testing: csp_id=1301, page_id=12300, browser=Firefox
Testing: csp_id=1301, page_id=12400, browser=Firefox
Testing: csp_id=1301, page_id=12500, browser=Firefox
Testing: csp_id=1301, page_id=12600, browser=Firefox
Testing: csp_id=1301, page_id=12700, browser=Firefox
Testing: csp_id=1301, page_id=12800, browser=Firefox
Testing: csp_id=1301, page_id=12900, browser=Firefox
Testing: csp_id=1301, page_id=13000, browser=Firefox
Testing: csp_id=1301, page_id=13100, browser=Firefox
Testing: csp_id=1301, page_id=13200, browser=Firefox
Testing: csp_id=1301, page_id=13300, browser=Firefox
Testing: csp_id=1301, page_id=13400, browser=Firefox
Testing: csp_id=1301, page_id=13500, browser=Firefox
Testing: csp_id=1301, page_id=13600, browser=Firefox
Testing: csp_id=1301, page_id=13700, browser=Firefox
Testing: csp_id=1301, page_id=13800, browser=Firefox
Testing: csp_id=1301, page_id=13900, browser=Firefox
Testing: csp_id=1301, page_id=14000, browser=Firefox
Testing: csp_id=1301, page_id=14100, browser=Firefox
Testing: csp_id=1301, page_id=14200, browser=Firefox
Testing: csp_id=1301, page_id=14300, browser=Firefox
Testing: csp_id=1301, page_id=14400, browser=Firefox
Testing: csp_id=1301, page_id=14500, browser=Firefox
Testing: csp_id=1301, page_id=14600, browser=Firefox
Testing: csp_id=1301, page_id=14700, browser=Firefox
Testing: csp_id=1301, page_id=14800, browser=Firefox
Testing: csp_id=1301, page_id=14900, browser=Firefox
Testing: csp_id=1301, page_id=15000, browser=Firefox
Testing: csp_id=1301, page_id=15100, browser=Firefox
Testing: csp_id=1301, page_id=15200, browser=Firefox
Testing: csp_id=1301, page_id=15300, browser=Firefox
Testing: csp_id=1301, page_id=15400, browser=Firefox
Testing: csp_id=1301, page_id=15500, browser=Firefox
Testing: csp_id=1301, page_id=15600, browser=Firefox
Testing: csp_id=1301, page_id=15700, browser=Firefox
Testing: csp_id=1301, page_id=15800, browser=Firefox
Testing: csp_id=1301, page_id=15900, browser=Firefox
Testing: csp_id=1301, page_id=16000, browser=Firefox
Testing: csp_id=1301, page_id=16100, browser=Firefox
Testing: csp_id=1301, page_id=16200, browser=Firefox
Testing: csp_id=1301, page_id=16300, browser=Firefox
Testing: csp_id=1301, page_id=16400, browser=Firefox
Testing: csp_id=1301, page_id=16500, browser=Firefox
Testing: csp_id=1301, page_id=16600, browser=Firefox
Testing: csp_id=1301, page_id=16700, browser=Firefox
Testing: csp_id=1301, page_id=16800, browser=Firefox
Testing: csp_id=1301, page_id=16900, browser=Firefox
Testing: csp_id=1301, page_id=17000, browser=Firefox
Testing: csp_id=1301, page_id=17100, browser=Firefox
Testing: csp_id=1301, page_id=17200, browser=Firefox
Testing: csp_id=1301, page_id=17300, browser=Firefox
Testing: csp_id=1301, page_id=17400, browser=Firefox
Testing: csp_id=1301, page_id=17500, browser=Firefox
Testing: csp_id=1301, page_id=17600, browser=Firefox
Testing: csp_id=1301, page_id=17700, browser=Firefox
Testing: csp_id=1301, page_id=17800, browser=Firefox
Testing: csp_id=1301, page_id=17900, browser=Firefox
Testing: csp_id=1301, page_id=18000, browser=Firefox
Testing: csp_id=1301, page_id=18100, browser=Firefox
Testing: csp_id=1301, page_id=18200, browser=Firefox
Testing: csp_id=1301, page_id=18300, browser=Firefox
Testing: csp_id=1301, page_id=18400, browser=Firefox
Testing: csp_id=1301, page_id=18500, browser=Firefox
Testing: csp_id=1301, page_id=18600, browser=Firefox
Testing: csp_id=1301, page_id=18700, browser=Firefox
Testing: csp_id=1301, page_id=18800, browser=Firefox
Testing: csp_id=1301, page_id=18900, browser=Firefox
Testing: csp_id=1301, page_id=19000, browser=Firefox
Testing: csp_id=1301, page_id=19100, browser=Firefox
Testing: csp_id=1301, page_id=19200, browser=Firefox
Testing: csp_id=1301, page_id=19300, browser=Firefox
Testing: csp_id=1301, page_id=19400, browser=Firefox
Testing: csp_id=1301, page_id=19500, browser=Firefox
Testing: csp_id=1301, page_id=19600, browser=Firefox
Testing: csp_id=1301, page_id=19700, browser=Firefox
Testing: csp_id=1301, page_id=19800, browser=Firefox
Testing: csp_id=1301, page_id=19900, browser=Firefox
Testing: csp_id=1301, page_id=20000, browser=Firefox
Testing: csp_id=1301, page_id=20100, browser=Firefox
Testing: csp_id=1301, page_id=20200, browser=Firefox
Testing: csp_id=1301, page_id=20300, browser=Firefox
Testing: csp_id=1301, page_id=20400, browser=Firefox
Testing: csp_id=1301, page_id=20500, browser=Firefox
Testing: csp_id=1301, page_id=20600, browser=Firefox
Testing: csp_id=1301, page_id=20700, browser=Firefox
Testing: csp_id=1301, page_id=20800, browser=Firefox
Testing: csp_id=1301, page_id=20900, browser=Firefox
Testing: csp_id=1301, page_id=21000, browser=Firefox
Testing: csp_id=1301, page_id=21100, browser=Firefox
Testing: csp_id=1301, page_id=21200, browser=Firefox
Testing: csp_id=1301, page_id=21300, browser=Firefox
Testing: csp_id=1301, page_id=21400, browser=Firefox
Testing: csp_id=1301, page_id=21500, browser=Firefox
Testing: csp_id=1301, page_id=21600, browser=Firefox
Testing: csp_id=1301, page_id=21700, browser=Firefox
Testing: csp_id=1301, page_id=21800, browser=Firefox
Testing: csp_id=1301, page_id=21900, browser=Firefox
Testing: csp_id=1301, page_id=22000, browser=Firefox
Testing: csp_id=1301, page_id=22100, browser=Firefox
Testing: csp_id=1301, page_id=22200, browser=Firefox
Testing: csp_id=1301, page_id=22300, browser=Firefox
Testing: csp_id=1301, page_id=22400, browser=Firefox
Testing: csp_id=1301, page_id=22500, browser=Firefox
Testing: csp_id=1301, page_id=22600, browser=Firefox
Testing: csp_id=1301, page_id=22700, browser=Firefox
Testing: csp_id=1301, page_id=22800, browser=Firefox
Testing: csp_id=1301, page_id=22900, browser=Firefox
Testing: csp_id=1301, page_id=23000, browser=Firefox
Testing: csp_id=1301, page_id=23100, browser=Firefox
Testing: csp_id=1301, page_id=23200, browser=Firefox
Testing: csp_id=1301, page_id=23300, browser=Firefox
Testing: csp_id=1301, page_id=23400, browser=Firefox
Testing: csp_id=1301, page_id=23500, browser=Firefox
Testing: csp_id=1301, page_id=23600, browser=Firefox
Testing: csp_id=1301, page_id=23700, browser=Firefox
Testing: csp_id=1301, page_id=23800, browser=Firefox
Testing: csp_id=1301, page_id=23900, browser=Firefox
Testing: csp_id=1301, page_id=24000, browser=Firefox
Testing: csp_id=1301, page_id=24100, browser=Firefox
Testing: csp_id=1301, page_id=24200, browser=Firefox
Testing: csp_id=1301, page_id=24300, browser=Firefox
Testing: csp_id=1301, page_id=24400, browser=Firefox
Testing: csp_id=1301, page_id=24500, browser=Firefox
Testing: csp_id=1301, page_id=24600, browser=Firefox
Testing: csp_id=1301, page_id=24700, browser=Firefox
Testing: csp_id=1301, page_id=24800, browser=Firefox
Testing: csp_id=1301, page_id=24900, browser=Firefox
Testing: csp_id=1301, page_id=25000, browser=Firefox
Testing: csp_id=1301, page_id=25100, browser=Firefox
Testing: csp_id=1301, page_id=25200, browser=Firefox
Testing: csp_id=1301, page_id=25300, browser=Firefox
Testing: csp_id=1301, page_id=25400, browser=Firefox
Testing: csp_id=1301, page_id=25500, browser=Firefox
Testing: csp_id=1301, page_id=25600, browser=Firefox
Testing: csp_id=1301, page_id=25700, browser=Firefox
Testing: csp_id=1301, page_id=25800, browser=Firefox
Testing: csp_id=1301, page_id=25900, browser=Firefox
Testing: csp_id=1301, page_id=26000, browser=Firefox
Testing: csp_id=1301, page_id=26100, browser=Firefox
Testing: csp_id=1301, page_id=26200, browser=Firefox
Testing: csp_id=1301, page_id=26300, browser=Firefox
Testing: csp_id=1301, page_id=26400, browser=Firefox
Testing: csp_id=1301, page_id=26500, browser=Firefox
Testing: csp_id=1301, page_id=26600, browser=Firefox
Testing: csp_id=1301, page_id=26700, browser=Firefox
Testing: csp_id=1301, page_id=26800, browser=Firefox
Testing: csp_id=1301, page_id=26900, browser=Firefox
Testing: csp_id=1301, page_id=27000, browser=Firefox
Testing: csp_id=1301, page_id=27100, browser=Firefox
Testing: csp_id=1301, page_id=27200, browser=Firefox
Testing: csp_id=1301, page_id=27300, browser=Firefox
Testing: csp_id=1301, page_id=27400, browser=Firefox
Testing: csp_id=1301, page_id=27500, browser=Firefox
Testing: csp_id=1301, page_id=27600, browser=Firefox
Testing: csp_id=1301, page_id=27700, browser=Firefox
Testing: csp_id=1301, page_id=27800, browser=Firefox
Testing: csp_id=1301, page_id=27900, browser=Firefox
Testing: csp_id=1301, page_id=28000, browser=Firefox
Testing: csp_id=1301, page_id=28100, browser=Firefox
Testing: csp_id=1301, page_id=28200, browser=Firefox
Testing: csp_id=1301, page_id=28300, browser=Firefox
Testing: csp_id=1301, page_id=28400, browser=Firefox
Testing: csp_id=1301, page_id=28500, browser=Firefox
Testing: csp_id=1301, page_id=28600, browser=Firefox
Testing: csp_id=1301, page_id=28700, browser=Firefox
Testing: csp_id=1301, page_id=28800, browser=Firefox
Testing: csp_id=1301, page_id=28900, browser=Firefox
Testing: csp_id=1301, page_id=29000, browser=Firefox
Testing: csp_id=1301, page_id=29100, browser=Firefox
Testing: csp_id=1301, page_id=29200, browser=Firefox
Testing: csp_id=1301, page_id=29300, browser=Firefox
Testing: csp_id=1301, page_id=29400, browser=Firefox
Testing: csp_id=1301, page_id=29500, browser=Firefox
Testing: csp_id=1301, page_id=29600, browser=Firefox
Testing: csp_id=1301, page_id=29700, browser=Firefox
Testing: csp_id=1301, page_id=29800, browser=Firefox
🏊 create_context_pools[first] (5x16): 26.973s
Testing: csp_id=1310, page_id=0, browser=Firefox
Testing: csp_id=1310, page_id=100, browser=Firefox
Testing: csp_id=1310, page_id=200, browser=Firefox
Testing: csp_id=1310, page_id=300, browser=Firefox
Testing: csp_id=1310, page_id=400, browser=Firefox
Testing: csp_id=1310, page_id=500, browser=Firefox
Testing: csp_id=1310, page_id=600, browser=Firefox
Testing: csp_id=1310, page_id=700, browser=Firefox
Testing: csp_id=1310, page_id=800, browser=Firefox
Testing: csp_id=1310, page_id=900, browser=Firefox
Testing: csp_id=1310, page_id=1000, browser=Firefox
Testing: csp_id=1310, page_id=1100, browser=Firefox
Testing: csp_id=1310, page_id=1200, browser=Firefox
Testing: csp_id=1310, page_id=1300, browser=Firefox
Testing: csp_id=1310, page_id=1400, browser=Firefox
Testing: csp_id=1310, page_id=1500, browser=Firefox
Testing: csp_id=1310, page_id=1600, browser=Firefox
Testing: csp_id=1310, page_id=1700, browser=Firefox
Testing: csp_id=1310, page_id=1800, browser=Firefox
Testing: csp_id=1310, page_id=1900, browser=Firefox
Testing: csp_id=1310, page_id=2000, browser=Firefox
Testing: csp_id=1310, page_id=2100, browser=Firefox
Testing: csp_id=1310, page_id=2200, browser=Firefox
Testing: csp_id=1310, page_id=2300, browser=Firefox
Testing: csp_id=1310, page_id=2400, browser=Firefox
Testing: csp_id=1310, page_id=2500, browser=Firefox
Testing: csp_id=1310, page_id=2600, browser=Firefox
Testing: csp_id=1310, page_id=2700, browser=Firefox
Testing: csp_id=1310, page_id=2800, browser=Firefox
Testing: csp_id=1310, page_id=2900, browser=Firefox
Testing: csp_id=1310, page_id=3000, browser=Firefox
Testing: csp_id=1310, page_id=3100, browser=Firefox
Testing: csp_id=1310, page_id=3200, browser=Firefox
Testing: csp_id=1310, page_id=3300, browser=Firefox
Testing: csp_id=1310, page_id=3400, browser=Firefox
Testing: csp_id=1310, page_id=3500, browser=Firefox
Testing: csp_id=1310, page_id=3600, browser=Firefox
Testing: csp_id=1310, page_id=3700, browser=Firefox
Testing: csp_id=1310, page_id=3800, browser=Firefox
Testing: csp_id=1310, page_id=3900, browser=Firefox
Testing: csp_id=1310, page_id=4000, browser=Firefox
Testing: csp_id=1310, page_id=4100, browser=Firefox
Testing: csp_id=1310, page_id=4200, browser=Firefox
Testing: csp_id=1310, page_id=4300, browser=Firefox
Testing: csp_id=1310, page_id=4400, browser=Firefox
Testing: csp_id=1310, page_id=4500, browser=Firefox
Testing: csp_id=1310, page_id=4600, browser=Firefox
Testing: csp_id=1310, page_id=4700, browser=Firefox
Testing: csp_id=1310, page_id=4800, browser=Firefox
Testing: csp_id=1310, page_id=4900, browser=Firefox
Testing: csp_id=1310, page_id=5000, browser=Firefox
Testing: csp_id=1310, page_id=5100, browser=Firefox
Testing: csp_id=1310, page_id=5200, browser=Firefox
Testing: csp_id=1310, page_id=5300, browser=Firefox
Testing: csp_id=1310, page_id=5400, browser=Firefox
Testing: csp_id=1310, page_id=5500, browser=Firefox
Testing: csp_id=1310, page_id=5600, browser=Firefox
Testing: csp_id=1310, page_id=5700, browser=Firefox
Testing: csp_id=1310, page_id=5800, browser=Firefox
Testing: csp_id=1310, page_id=5900, browser=Firefox
Testing: csp_id=1310, page_id=6000, browser=Firefox
Testing: csp_id=1310, page_id=6100, browser=Firefox
Testing: csp_id=1310, page_id=6200, browser=Firefox
Testing: csp_id=1310, page_id=6300, browser=Firefox
Testing: csp_id=1310, page_id=6400, browser=Firefox
Testing: csp_id=1310, page_id=6500, browser=Firefox
Testing: csp_id=1310, page_id=6600, browser=Firefox
Testing: csp_id=1310, page_id=6700, browser=Firefox
Testing: csp_id=1310, page_id=6800, browser=Firefox
Testing: csp_id=1310, page_id=6900, browser=Firefox
Testing: csp_id=1310, page_id=7000, browser=Firefox
Testing: csp_id=1310, page_id=7100, browser=Firefox
Testing: csp_id=1310, page_id=7200, browser=Firefox
Testing: csp_id=1310, page_id=7300, browser=Firefox
Testing: csp_id=1310, page_id=7400, browser=Firefox
Testing: csp_id=1310, page_id=7500, browser=Firefox
Testing: csp_id=1310, page_id=7600, browser=Firefox
Testing: csp_id=1310, page_id=7700, browser=Firefox
Testing: csp_id=1310, page_id=7800, browser=Firefox
Testing: csp_id=1310, page_id=7900, browser=Firefox
Testing: csp_id=1310, page_id=8000, browser=Firefox
Testing: csp_id=1310, page_id=8100, browser=Firefox
Testing: csp_id=1310, page_id=8200, browser=Firefox
Testing: csp_id=1310, page_id=8300, browser=Firefox
Testing: csp_id=1310, page_id=8400, browser=Firefox
Testing: csp_id=1310, page_id=8500, browser=Firefox
Testing: csp_id=1310, page_id=8600, browser=Firefox
Testing: csp_id=1310, page_id=8700, browser=Firefox
Testing: csp_id=1310, page_id=8800, browser=Firefox
Testing: csp_id=1310, page_id=8900, browser=Firefox
Testing: csp_id=1310, page_id=9000, browser=Firefox
Testing: csp_id=1310, page_id=9100, browser=Firefox
Testing: csp_id=1310, page_id=9200, browser=Firefox
Testing: csp_id=1310, page_id=9300, browser=Firefox
Testing: csp_id=1310, page_id=9400, browser=Firefox
Testing: csp_id=1310, page_id=9500, browser=Firefox
Testing: csp_id=1310, page_id=9600, browser=Firefox
Testing: csp_id=1310, page_id=9700, browser=Firefox
Testing: csp_id=1310, page_id=9800, browser=Firefox
Testing: csp_id=1310, page_id=9900, browser=Firefox
Testing: csp_id=1310, page_id=10000, browser=Firefox
Testing: csp_id=1310, page_id=10100, browser=Firefox
Testing: csp_id=1310, page_id=10200, browser=Firefox
Testing: csp_id=1310, page_id=10300, browser=Firefox
Testing: csp_id=1310, page_id=10400, browser=Firefox
Testing: csp_id=1310, page_id=10500, browser=Firefox
Testing: csp_id=1310, page_id=10600, browser=Firefox
Testing: csp_id=1310, page_id=10700, browser=Firefox
Testing: csp_id=1310, page_id=10800, browser=Firefox
Testing: csp_id=1310, page_id=10900, browser=Firefox
Testing: csp_id=1310, page_id=11000, browser=Firefox
Testing: csp_id=1310, page_id=11100, browser=Firefox
Testing: csp_id=1310, page_id=11200, browser=Firefox
Testing: csp_id=1310, page_id=11300, browser=Firefox
Testing: csp_id=1310, page_id=11400, browser=Firefox
Testing: csp_id=1310, page_id=11500, browser=Firefox
Testing: csp_id=1310, page_id=11600, browser=Firefox
Testing: csp_id=1310, page_id=11700, browser=Firefox
Testing: csp_id=1310, page_id=11800, browser=Firefox
Testing: csp_id=1310, page_id=11900, browser=Firefox
Testing: csp_id=1310, page_id=12000, browser=Firefox
Testing: csp_id=1310, page_id=12100, browser=Firefox
Testing: csp_id=1310, page_id=12200, browser=Firefox
Testing: csp_id=1310, page_id=12300, browser=Firefox
Testing: csp_id=1310, page_id=12400, browser=Firefox
Testing: csp_id=1310, page_id=12500, browser=Firefox
Testing: csp_id=1310, page_id=12600, browser=Firefox
Testing: csp_id=1310, page_id=12700, browser=Firefox
Testing: csp_id=1310, page_id=12800, browser=Firefox
Testing: csp_id=1310, page_id=12900, browser=Firefox
Testing: csp_id=1310, page_id=13000, browser=Firefox
Testing: csp_id=1310, page_id=13100, browser=Firefox
Testing: csp_id=1310, page_id=13200, browser=Firefox
Testing: csp_id=1310, page_id=13300, browser=Firefox
Testing: csp_id=1310, page_id=13400, browser=Firefox
Testing: csp_id=1310, page_id=13500, browser=Firefox
Testing: csp_id=1310, page_id=13600, browser=Firefox
Testing: csp_id=1310, page_id=13700, browser=Firefox
Testing: csp_id=1310, page_id=13800, browser=Firefox
Testing: csp_id=1310, page_id=13900, browser=Firefox
Testing: csp_id=1310, page_id=14000, browser=Firefox
Testing: csp_id=1310, page_id=14100, browser=Firefox
Testing: csp_id=1310, page_id=14200, browser=Firefox
Testing: csp_id=1310, page_id=14300, browser=Firefox
Testing: csp_id=1310, page_id=14400, browser=Firefox
Testing: csp_id=1310, page_id=14500, browser=Firefox
Testing: csp_id=1310, page_id=14600, browser=Firefox
Testing: csp_id=1310, page_id=14700, browser=Firefox
Testing: csp_id=1310, page_id=14800, browser=Firefox
Testing: csp_id=1310, page_id=14900, browser=Firefox
Testing: csp_id=1310, page_id=15000, browser=Firefox
Testing: csp_id=1310, page_id=15100, browser=Firefox
Testing: csp_id=1310, page_id=15200, browser=Firefox
Testing: csp_id=1310, page_id=15300, browser=Firefox
Testing: csp_id=1310, page_id=15400, browser=Firefox
Testing: csp_id=1310, page_id=15500, browser=Firefox
Testing: csp_id=1310, page_id=15600, browser=Firefox
Testing: csp_id=1310, page_id=15700, browser=Firefox
Testing: csp_id=1310, page_id=15800, browser=Firefox
Testing: csp_id=1310, page_id=15900, browser=Firefox
Testing: csp_id=1310, page_id=16000, browser=Firefox
Testing: csp_id=1310, page_id=16100, browser=Firefox
Testing: csp_id=1310, page_id=16200, browser=Firefox
Testing: csp_id=1310, page_id=16300, browser=Firefox
Testing: csp_id=1310, page_id=16400, browser=Firefox
Testing: csp_id=1310, page_id=16500, browser=Firefox
Testing: csp_id=1310, page_id=16600, browser=Firefox
Testing: csp_id=1310, page_id=16700, browser=Firefox
Testing: csp_id=1310, page_id=16800, browser=Firefox
Testing: csp_id=1310, page_id=16900, browser=Firefox
Testing: csp_id=1310, page_id=17000, browser=Firefox
Testing: csp_id=1310, page_id=17100, browser=Firefox
Testing: csp_id=1310, page_id=17200, browser=Firefox
Testing: csp_id=1310, page_id=17300, browser=Firefox
Testing: csp_id=1310, page_id=17400, browser=Firefox
Testing: csp_id=1310, page_id=17500, browser=Firefox
Testing: csp_id=1310, page_id=17600, browser=Firefox
Testing: csp_id=1310, page_id=17700, browser=Firefox
Testing: csp_id=1310, page_id=17800, browser=Firefox
Testing: csp_id=1310, page_id=17900, browser=Firefox
Testing: csp_id=1310, page_id=18000, browser=Firefox
Testing: csp_id=1310, page_id=18100, browser=Firefox
Testing: csp_id=1310, page_id=18200, browser=Firefox
Testing: csp_id=1310, page_id=18300, browser=Firefox
Testing: csp_id=1310, page_id=18400, browser=Firefox
Testing: csp_id=1310, page_id=18500, browser=Firefox
Testing: csp_id=1310, page_id=18600, browser=Firefox
Testing: csp_id=1310, page_id=18700, browser=Firefox
Testing: csp_id=1310, page_id=18800, browser=Firefox
Testing: csp_id=1310, page_id=18900, browser=Firefox
Testing: csp_id=1310, page_id=19000, browser=Firefox
Testing: csp_id=1310, page_id=19100, browser=Firefox
Testing: csp_id=1310, page_id=19200, browser=Firefox
Testing: csp_id=1310, page_id=19300, browser=Firefox
Testing: csp_id=1310, page_id=19400, browser=Firefox
Testing: csp_id=1310, page_id=19500, browser=Firefox
Testing: csp_id=1310, page_id=19600, browser=Firefox
Testing: csp_id=1310, page_id=19700, browser=Firefox
Testing: csp_id=1310, page_id=19800, browser=Firefox
Testing: csp_id=1310, page_id=19900, browser=Firefox
Testing: csp_id=1310, page_id=20000, browser=Firefox
Testing: csp_id=1310, page_id=20100, browser=Firefox
Testing: csp_id=1310, page_id=20200, browser=Firefox
Testing: csp_id=1310, page_id=20300, browser=Firefox
Testing: csp_id=1310, page_id=20400, browser=Firefox
Testing: csp_id=1310, page_id=20500, browser=Firefox
Testing: csp_id=1310, page_id=20600, browser=Firefox
Testing: csp_id=1310, page_id=20700, browser=Firefox
Testing: csp_id=1310, page_id=20800, browser=Firefox
Testing: csp_id=1310, page_id=20900, browser=Firefox
Testing: csp_id=1310, page_id=21000, browser=Firefox
Testing: csp_id=1310, page_id=21100, browser=Firefox
Testing: csp_id=1310, page_id=21200, browser=Firefox
Testing: csp_id=1310, page_id=21300, browser=Firefox
Testing: csp_id=1310, page_id=21400, browser=Firefox
Testing: csp_id=1310, page_id=21500, browser=Firefox
Testing: csp_id=1310, page_id=21600, browser=Firefox
Testing: csp_id=1310, page_id=21700, browser=Firefox
Testing: csp_id=1310, page_id=21800, browser=Firefox
Testing: csp_id=1310, page_id=21900, browser=Firefox
Testing: csp_id=1310, page_id=22000, browser=Firefox
Testing: csp_id=1310, page_id=22100, browser=Firefox
Testing: csp_id=1310, page_id=22200, browser=Firefox
Testing: csp_id=1310, page_id=22300, browser=Firefox
Testing: csp_id=1310, page_id=22400, browser=Firefox
Testing: csp_id=1310, page_id=22500, browser=Firefox
Testing: csp_id=1310, page_id=22600, browser=Firefox
Testing: csp_id=1310, page_id=22700, browser=Firefox
Testing: csp_id=1310, page_id=22800, browser=Firefox
Testing: csp_id=1310, page_id=22900, browser=Firefox
Testing: csp_id=1310, page_id=23000, browser=Firefox
Testing: csp_id=1310, page_id=23100, browser=Firefox
Testing: csp_id=1310, page_id=23200, browser=Firefox
Testing: csp_id=1310, page_id=23300, browser=Firefox
Testing: csp_id=1310, page_id=23400, browser=Firefox
Testing: csp_id=1310, page_id=23500, browser=Firefox
Testing: csp_id=1310, page_id=23600, browser=Firefox
Testing: csp_id=1310, page_id=23700, browser=Firefox
Testing: csp_id=1310, page_id=23800, browser=Firefox
Testing: csp_id=1310, page_id=23900, browser=Firefox
Testing: csp_id=1310, page_id=24000, browser=Firefox
Testing: csp_id=1310, page_id=24100, browser=Firefox
Testing: csp_id=1310, page_id=24200, browser=Firefox
Testing: csp_id=1310, page_id=24300, browser=Firefox
Testing: csp_id=1310, page_id=24400, browser=Firefox
Testing: csp_id=1310, page_id=24500, browser=Firefox
Testing: csp_id=1310, page_id=24600, browser=Firefox
Testing: csp_id=1310, page_id=24700, browser=Firefox
Testing: csp_id=1310, page_id=24800, browser=Firefox
Testing: csp_id=1310, page_id=24900, browser=Firefox
Testing: csp_id=1310, page_id=25000, browser=Firefox
Testing: csp_id=1310, page_id=25100, browser=Firefox
Testing: csp_id=1310, page_id=25200, browser=Firefox
Testing: csp_id=1310, page_id=25300, browser=Firefox
Testing: csp_id=1310, page_id=25400, browser=Firefox
Testing: csp_id=1310, page_id=25500, browser=Firefox
Testing: csp_id=1310, page_id=25600, browser=Firefox
Testing: csp_id=1310, page_id=25700, browser=Firefox
Testing: csp_id=1310, page_id=25800, browser=Firefox
Testing: csp_id=1310, page_id=25900, browser=Firefox
Testing: csp_id=1310, page_id=26000, browser=Firefox
Testing: csp_id=1310, page_id=26100, browser=Firefox
Testing: csp_id=1310, page_id=26200, browser=Firefox
Testing: csp_id=1310, page_id=26300, browser=Firefox
Testing: csp_id=1310, page_id=26400, browser=Firefox
Testing: csp_id=1310, page_id=26500, browser=Firefox
Testing: csp_id=1310, page_id=26600, browser=Firefox
Testing: csp_id=1310, page_id=26700, browser=Firefox
Testing: csp_id=1310, page_id=26800, browser=Firefox
Testing: csp_id=1310, page_id=26900, browser=Firefox
Testing: csp_id=1310, page_id=27000, browser=Firefox
Testing: csp_id=1310, page_id=27100, browser=Firefox
Testing: csp_id=1310, page_id=27200, browser=Firefox
Testing: csp_id=1310, page_id=27300, browser=Firefox
Testing: csp_id=1310, page_id=27400, browser=Firefox
Testing: csp_id=1310, page_id=27500, browser=Firefox
Testing: csp_id=1310, page_id=27600, browser=Firefox
Testing: csp_id=1310, page_id=27700, browser=Firefox
Testing: csp_id=1310, page_id=27800, browser=Firefox
Testing: csp_id=1310, page_id=27900, browser=Firefox
Testing: csp_id=1310, page_id=28000, browser=Firefox
Testing: csp_id=1310, page_id=28100, browser=Firefox
Testing: csp_id=1310, page_id=28200, browser=Firefox
Testing: csp_id=1310, page_id=28300, browser=Firefox
Testing: csp_id=1310, page_id=28400, browser=Firefox
Testing: csp_id=1310, page_id=28500, browser=Firefox
Testing: csp_id=1310, page_id=28600, browser=Firefox
Testing: csp_id=1310, page_id=28700, browser=Firefox
Testing: csp_id=1310, page_id=28800, browser=Firefox
Testing: csp_id=1310, page_id=28900, browser=Firefox
Testing: csp_id=1310, page_id=29000, browser=Firefox
Testing: csp_id=1310, page_id=29100, browser=Firefox
Testing: csp_id=1310, page_id=29200, browser=Firefox
Testing: csp_id=1310, page_id=29300, browser=Firefox
Testing: csp_id=1310, page_id=29400, browser=Firefox
Testing: csp_id=1310, page_id=29500, browser=Firefox
Testing: csp_id=1310, page_id=29600, browser=Firefox
Testing: csp_id=1310, page_id=29700, browser=Firefox
Testing: csp_id=1310, page_id=29800, browser=Firefox
🏊 create_context_pools[first] (5x16): 28.232s
Testing: csp_id=1321, page_id=0, browser=Firefox
Testing: csp_id=1321, page_id=100, browser=Firefox
Testing: csp_id=1321, page_id=200, browser=Firefox
Testing: csp_id=1321, page_id=300, browser=Firefox
Testing: csp_id=1321, page_id=400, browser=Firefox
Testing: csp_id=1321, page_id=500, browser=Firefox
Testing: csp_id=1321, page_id=600, browser=Firefox
Testing: csp_id=1321, page_id=700, browser=Firefox
Testing: csp_id=1321, page_id=800, browser=Firefox
Testing: csp_id=1321, page_id=900, browser=Firefox
Testing: csp_id=1321, page_id=1000, browser=Firefox
Testing: csp_id=1321, page_id=1100, browser=Firefox
Testing: csp_id=1321, page_id=1200, browser=Firefox
Testing: csp_id=1321, page_id=1300, browser=Firefox
Testing: csp_id=1321, page_id=1400, browser=Firefox
Testing: csp_id=1321, page_id=1500, browser=Firefox
Testing: csp_id=1321, page_id=1600, browser=Firefox
Testing: csp_id=1321, page_id=1700, browser=Firefox
Testing: csp_id=1321, page_id=1800, browser=Firefox
Testing: csp_id=1321, page_id=1900, browser=Firefox
Testing: csp_id=1321, page_id=2000, browser=Firefox
Testing: csp_id=1321, page_id=2100, browser=Firefox
Testing: csp_id=1321, page_id=2200, browser=Firefox
Testing: csp_id=1321, page_id=2300, browser=Firefox
Testing: csp_id=1321, page_id=2400, browser=Firefox
Testing: csp_id=1321, page_id=2500, browser=Firefox
Testing: csp_id=1321, page_id=2600, browser=Firefox
Testing: csp_id=1321, page_id=2700, browser=Firefox
Testing: csp_id=1321, page_id=2800, browser=Firefox
Testing: csp_id=1321, page_id=2900, browser=Firefox
Testing: csp_id=1321, page_id=3000, browser=Firefox
Testing: csp_id=1321, page_id=3100, browser=Firefox
Testing: csp_id=1321, page_id=3200, browser=Firefox
Testing: csp_id=1321, page_id=3300, browser=Firefox
Testing: csp_id=1321, page_id=3400, browser=Firefox
Testing: csp_id=1321, page_id=3500, browser=Firefox
Testing: csp_id=1321, page_id=3600, browser=Firefox
Testing: csp_id=1321, page_id=3700, browser=Firefox
Testing: csp_id=1321, page_id=3800, browser=Firefox
Testing: csp_id=1321, page_id=3900, browser=Firefox
Testing: csp_id=1321, page_id=4000, browser=Firefox
Testing: csp_id=1321, page_id=4100, browser=Firefox
Testing: csp_id=1321, page_id=4200, browser=Firefox
Testing: csp_id=1321, page_id=4300, browser=Firefox
Testing: csp_id=1321, page_id=4400, browser=Firefox
Testing: csp_id=1321, page_id=4500, browser=Firefox
Testing: csp_id=1321, page_id=4600, browser=Firefox
Testing: csp_id=1321, page_id=4700, browser=Firefox
Testing: csp_id=1321, page_id=4800, browser=Firefox
Testing: csp_id=1321, page_id=4900, browser=Firefox
Testing: csp_id=1321, page_id=5000, browser=Firefox
Testing: csp_id=1321, page_id=5100, browser=Firefox
Testing: csp_id=1321, page_id=5200, browser=Firefox
Testing: csp_id=1321, page_id=5300, browser=Firefox
Testing: csp_id=1321, page_id=5400, browser=Firefox
Testing: csp_id=1321, page_id=5500, browser=Firefox
Testing: csp_id=1321, page_id=5600, browser=Firefox
Testing: csp_id=1321, page_id=5700, browser=Firefox
Testing: csp_id=1321, page_id=5800, browser=Firefox
Testing: csp_id=1321, page_id=5900, browser=Firefox
Testing: csp_id=1321, page_id=6000, browser=Firefox
Testing: csp_id=1321, page_id=6100, browser=Firefox
Testing: csp_id=1321, page_id=6200, browser=Firefox
Testing: csp_id=1321, page_id=6300, browser=Firefox
Testing: csp_id=1321, page_id=6400, browser=Firefox
Testing: csp_id=1321, page_id=6500, browser=Firefox
Testing: csp_id=1321, page_id=6600, browser=Firefox
Testing: csp_id=1321, page_id=6700, browser=Firefox
Testing: csp_id=1321, page_id=6800, browser=Firefox
Testing: csp_id=1321, page_id=6900, browser=Firefox
Testing: csp_id=1321, page_id=7000, browser=Firefox
Testing: csp_id=1321, page_id=7100, browser=Firefox
Testing: csp_id=1321, page_id=7200, browser=Firefox
Testing: csp_id=1321, page_id=7300, browser=Firefox
Testing: csp_id=1321, page_id=7400, browser=Firefox
Testing: csp_id=1321, page_id=7500, browser=Firefox
Testing: csp_id=1321, page_id=7600, browser=Firefox
Testing: csp_id=1321, page_id=7700, browser=Firefox
Testing: csp_id=1321, page_id=7800, browser=Firefox
Testing: csp_id=1321, page_id=7900, browser=Firefox
Testing: csp_id=1321, page_id=8000, browser=Firefox
Testing: csp_id=1321, page_id=8100, browser=Firefox
Testing: csp_id=1321, page_id=8200, browser=Firefox
Testing: csp_id=1321, page_id=8300, browser=Firefox
Testing: csp_id=1321, page_id=8400, browser=Firefox
Testing: csp_id=1321, page_id=8500, browser=Firefox
Testing: csp_id=1321, page_id=8600, browser=Firefox
Testing: csp_id=1321, page_id=8700, browser=Firefox
Testing: csp_id=1321, page_id=8800, browser=Firefox
Testing: csp_id=1321, page_id=8900, browser=Firefox
Testing: csp_id=1321, page_id=9000, browser=Firefox
Testing: csp_id=1321, page_id=9100, browser=Firefox
Testing: csp_id=1321, page_id=9200, browser=Firefox
Testing: csp_id=1321, page_id=9300, browser=Firefox
Testing: csp_id=1321, page_id=9400, browser=Firefox
Testing: csp_id=1321, page_id=9500, browser=Firefox
Testing: csp_id=1321, page_id=9600, browser=Firefox
Testing: csp_id=1321, page_id=9700, browser=Firefox
Testing: csp_id=1321, page_id=9800, browser=Firefox
Testing: csp_id=1321, page_id=9900, browser=Firefox
Testing: csp_id=1321, page_id=10000, browser=Firefox
Testing: csp_id=1321, page_id=10100, browser=Firefox
Testing: csp_id=1321, page_id=10200, browser=Firefox
Testing: csp_id=1321, page_id=10300, browser=Firefox
Testing: csp_id=1321, page_id=10400, browser=Firefox
Testing: csp_id=1321, page_id=10500, browser=Firefox
Testing: csp_id=1321, page_id=10600, browser=Firefox
Testing: csp_id=1321, page_id=10700, browser=Firefox
Testing: csp_id=1321, page_id=10800, browser=Firefox
Testing: csp_id=1321, page_id=10900, browser=Firefox
Testing: csp_id=1321, page_id=11000, browser=Firefox
Testing: csp_id=1321, page_id=11100, browser=Firefox
Testing: csp_id=1321, page_id=11200, browser=Firefox
Testing: csp_id=1321, page_id=11300, browser=Firefox
Testing: csp_id=1321, page_id=11400, browser=Firefox
Testing: csp_id=1321, page_id=11500, browser=Firefox
Testing: csp_id=1321, page_id=11600, browser=Firefox
Testing: csp_id=1321, page_id=11700, browser=Firefox
Testing: csp_id=1321, page_id=11800, browser=Firefox
Testing: csp_id=1321, page_id=11900, browser=Firefox
Testing: csp_id=1321, page_id=12000, browser=Firefox
Testing: csp_id=1321, page_id=12100, browser=Firefox
Testing: csp_id=1321, page_id=12200, browser=Firefox
Testing: csp_id=1321, page_id=12300, browser=Firefox
Testing: csp_id=1321, page_id=12400, browser=Firefox
Testing: csp_id=1321, page_id=12500, browser=Firefox
Testing: csp_id=1321, page_id=12600, browser=Firefox
Testing: csp_id=1321, page_id=12700, browser=Firefox
Testing: csp_id=1321, page_id=12800, browser=Firefox
Testing: csp_id=1321, page_id=12900, browser=Firefox
Testing: csp_id=1321, page_id=13000, browser=Firefox
Testing: csp_id=1321, page_id=13100, browser=Firefox
Testing: csp_id=1321, page_id=13200, browser=Firefox
Testing: csp_id=1321, page_id=13300, browser=Firefox
Testing: csp_id=1321, page_id=13400, browser=Firefox
Testing: csp_id=1321, page_id=13500, browser=Firefox
Testing: csp_id=1321, page_id=13600, browser=Firefox
Testing: csp_id=1321, page_id=13700, browser=Firefox
Testing: csp_id=1321, page_id=13800, browser=Firefox
Testing: csp_id=1321, page_id=13900, browser=Firefox
Testing: csp_id=1321, page_id=14000, browser=Firefox
Testing: csp_id=1321, page_id=14100, browser=Firefox
Testing: csp_id=1321, page_id=14200, browser=Firefox
Testing: csp_id=1321, page_id=14300, browser=Firefox
Testing: csp_id=1321, page_id=14400, browser=Firefox
Testing: csp_id=1321, page_id=14500, browser=Firefox
Testing: csp_id=1321, page_id=14600, browser=Firefox
Testing: csp_id=1321, page_id=14700, browser=Firefox
Testing: csp_id=1321, page_id=14800, browser=Firefox
Testing: csp_id=1321, page_id=14900, browser=Firefox
Testing: csp_id=1321, page_id=15000, browser=Firefox
Testing: csp_id=1321, page_id=15100, browser=Firefox
Testing: csp_id=1321, page_id=15200, browser=Firefox
Testing: csp_id=1321, page_id=15300, browser=Firefox
Testing: csp_id=1321, page_id=15400, browser=Firefox
Testing: csp_id=1321, page_id=15500, browser=Firefox
Testing: csp_id=1321, page_id=15600, browser=Firefox
Testing: csp_id=1321, page_id=15700, browser=Firefox
Testing: csp_id=1321, page_id=15800, browser=Firefox
Testing: csp_id=1321, page_id=15900, browser=Firefox
Testing: csp_id=1321, page_id=16000, browser=Firefox
Testing: csp_id=1321, page_id=16100, browser=Firefox
Testing: csp_id=1321, page_id=16200, browser=Firefox
Testing: csp_id=1321, page_id=16300, browser=Firefox
Testing: csp_id=1321, page_id=16400, browser=Firefox
Testing: csp_id=1321, page_id=16500, browser=Firefox
Testing: csp_id=1321, page_id=16600, browser=Firefox
Testing: csp_id=1321, page_id=16700, browser=Firefox
Testing: csp_id=1321, page_id=16800, browser=Firefox
Testing: csp_id=1321, page_id=16900, browser=Firefox
Testing: csp_id=1321, page_id=17000, browser=Firefox
Testing: csp_id=1321, page_id=17100, browser=Firefox
Testing: csp_id=1321, page_id=17200, browser=Firefox
Testing: csp_id=1321, page_id=17300, browser=Firefox
Testing: csp_id=1321, page_id=17400, browser=Firefox
Testing: csp_id=1321, page_id=17500, browser=Firefox
Testing: csp_id=1321, page_id=17600, browser=Firefox
Testing: csp_id=1321, page_id=17700, browser=Firefox
Testing: csp_id=1321, page_id=17800, browser=Firefox
Testing: csp_id=1321, page_id=17900, browser=Firefox
Testing: csp_id=1321, page_id=18000, browser=Firefox
Testing: csp_id=1321, page_id=18100, browser=Firefox
Testing: csp_id=1321, page_id=18200, browser=Firefox
Testing: csp_id=1321, page_id=18300, browser=Firefox
Testing: csp_id=1321, page_id=18400, browser=Firefox
Testing: csp_id=1321, page_id=18500, browser=Firefox
Testing: csp_id=1321, page_id=18600, browser=Firefox
Testing: csp_id=1321, page_id=18700, browser=Firefox
Testing: csp_id=1321, page_id=18800, browser=Firefox
Testing: csp_id=1321, page_id=18900, browser=Firefox
Testing: csp_id=1321, page_id=19000, browser=Firefox
Testing: csp_id=1321, page_id=19100, browser=Firefox
Testing: csp_id=1321, page_id=19200, browser=Firefox
Testing: csp_id=1321, page_id=19300, browser=Firefox
Testing: csp_id=1321, page_id=19400, browser=Firefox
Testing: csp_id=1321, page_id=19500, browser=Firefox
Testing: csp_id=1321, page_id=19600, browser=Firefox
Testing: csp_id=1321, page_id=19700, browser=Firefox
Testing: csp_id=1321, page_id=19800, browser=Firefox
Testing: csp_id=1321, page_id=19900, browser=Firefox
Testing: csp_id=1321, page_id=20000, browser=Firefox
Testing: csp_id=1321, page_id=20100, browser=Firefox
Testing: csp_id=1321, page_id=20200, browser=Firefox
Testing: csp_id=1321, page_id=20300, browser=Firefox
Testing: csp_id=1321, page_id=20400, browser=Firefox
Testing: csp_id=1321, page_id=20500, browser=Firefox
Testing: csp_id=1321, page_id=20600, browser=Firefox
Testing: csp_id=1321, page_id=20700, browser=Firefox
Testing: csp_id=1321, page_id=20800, browser=Firefox
Testing: csp_id=1321, page_id=20900, browser=Firefox
Testing: csp_id=1321, page_id=21000, browser=Firefox
Testing: csp_id=1321, page_id=21100, browser=Firefox
Testing: csp_id=1321, page_id=21200, browser=Firefox
Testing: csp_id=1321, page_id=21300, browser=Firefox
Testing: csp_id=1321, page_id=21400, browser=Firefox
Testing: csp_id=1321, page_id=21500, browser=Firefox
Testing: csp_id=1321, page_id=21600, browser=Firefox
Testing: csp_id=1321, page_id=21700, browser=Firefox
Testing: csp_id=1321, page_id=21800, browser=Firefox
Testing: csp_id=1321, page_id=21900, browser=Firefox
Testing: csp_id=1321, page_id=22000, browser=Firefox
Testing: csp_id=1321, page_id=22100, browser=Firefox
Testing: csp_id=1321, page_id=22200, browser=Firefox
Testing: csp_id=1321, page_id=22300, browser=Firefox
Testing: csp_id=1321, page_id=22400, browser=Firefox
Testing: csp_id=1321, page_id=22500, browser=Firefox
Testing: csp_id=1321, page_id=22600, browser=Firefox
Testing: csp_id=1321, page_id=22700, browser=Firefox
Testing: csp_id=1321, page_id=22800, browser=Firefox
Testing: csp_id=1321, page_id=22900, browser=Firefox
Testing: csp_id=1321, page_id=23000, browser=Firefox
Testing: csp_id=1321, page_id=23100, browser=Firefox
Testing: csp_id=1321, page_id=23200, browser=Firefox
Testing: csp_id=1321, page_id=23300, browser=Firefox
Testing: csp_id=1321, page_id=23400, browser=Firefox
Testing: csp_id=1321, page_id=23500, browser=Firefox
Testing: csp_id=1321, page_id=23600, browser=Firefox
Testing: csp_id=1321, page_id=23700, browser=Firefox
Testing: csp_id=1321, page_id=23800, browser=Firefox
Testing: csp_id=1321, page_id=23900, browser=Firefox
Testing: csp_id=1321, page_id=24000, browser=Firefox
Testing: csp_id=1321, page_id=24100, browser=Firefox
Testing: csp_id=1321, page_id=24200, browser=Firefox
Testing: csp_id=1321, page_id=24300, browser=Firefox
Testing: csp_id=1321, page_id=24400, browser=Firefox
Testing: csp_id=1321, page_id=24500, browser=Firefox
Testing: csp_id=1321, page_id=24600, browser=Firefox
Testing: csp_id=1321, page_id=24700, browser=Firefox
Testing: csp_id=1321, page_id=24800, browser=Firefox
Testing: csp_id=1321, page_id=24900, browser=Firefox
Testing: csp_id=1321, page_id=25000, browser=Firefox
Testing: csp_id=1321, page_id=25100, browser=Firefox
Testing: csp_id=1321, page_id=25200, browser=Firefox
Testing: csp_id=1321, page_id=25300, browser=Firefox
Testing: csp_id=1321, page_id=25400, browser=Firefox
Testing: csp_id=1321, page_id=25500, browser=Firefox
Testing: csp_id=1321, page_id=25600, browser=Firefox
Testing: csp_id=1321, page_id=25700, browser=Firefox
Testing: csp_id=1321, page_id=25800, browser=Firefox
Testing: csp_id=1321, page_id=25900, browser=Firefox
Testing: csp_id=1321, page_id=26000, browser=Firefox
[ERROR] page_id=26016 csp_id=1321, Page.goto: Connection closed while reading from the driver
[ERROR] page_id=26017 csp_id=1321, Page.goto: Connection closed while reading from the driver
[ERROR] page_id=26018 csp_id=1321, Page.goto: Connection closed while reading from the driver
[ERROR] page_id=26019 csp_id=1321, Page.goto: Connection closed while reading from the driver
[ERROR] page_id=26020 csp_id=1321, Page.goto: Connection closed while reading from the driver
[ERROR] page_id=26021 csp_id=1321, Page.goto: Connection closed while reading from the driver
[ERROR] page_id=26022 csp_id=1321, Page.goto: Connection closed while reading from the driver
[ERROR] page_id=26023 csp_id=1321, Page.goto: Connection closed while reading from the driver
[ERROR] page_id=26024 csp_id=1321, Page.goto: Connection closed while reading from the driver
[ERROR] page_id=26025 csp_id=1321, Page.goto: Connection closed while reading from the driver
[ERROR] page_id=26026 csp_id=1321, Page.goto: Connection closed while reading from the driver
[ERROR] page_id=26027 csp_id=1321, Page.goto: Connection closed while reading from the driver
[ERROR] page_id=26028 csp_id=1321, Page.goto: Connection closed while reading from the driver
[ERROR] page_id=26029 csp_id=1321, Page.goto: Connection closed while reading from the driver
[ERROR] page_id=26030 csp_id=1321, Page.goto: Connection closed while reading from the driver
[ERROR] page_id=26031 csp_id=1321, Page.goto: Connection closed while reading from the driver
pipe closed by peer or os.write(pipe, data) raised exception.
pipe closed by peer or os.write(pipe, data) raised exception.
pipe closed by peer or os.write(pipe, data) raised exception.
pipe closed by peer or os.write(pipe, data) raised exception.
pipe closed by peer or os.write(pipe, data) raised exception.
pipe closed by peer or os.write(pipe, data) raised exception.
pipe closed by peer or os.write(pipe, data) raised exception.
pipe closed by peer or os.write(pipe, data) raised exception.
pipe closed by peer or os.write(pipe, data) raised exception.
pipe closed by peer or os.write(pipe, data) raised exception.
pipe closed by peer or os.write(pipe, data) raised exception.
[ERROR] page_id=26032 csp_id=1321, Page.goto: Connection closed while reading from the driver
[ERROR] page_id=26033 csp_id=1321, Page.goto: Connection closed while reading from the driver
[ERROR] page_id=26034 csp_id=1321, Page.goto: Connection closed while reading from the driver
[ERROR] page_id=26035 csp_id=1321, Page.goto: Connection closed while reading from the driver
[ERROR] page_id=26036 csp_id=1321, Page.goto: Connection closed while reading from the driver
[ERROR] page_id=26037 csp_id=1321, Page.goto: Connection closed while reading from the driver
[ERROR] page_id=26038 csp_id=1321, Page.goto: Connection closed while reading from the driver
[ERROR] page_id=26039 csp_id=1321, Page.goto: Connection closed while reading from the driver
[ERROR] page_id=26040 csp_id=1321, Page.goto: Connection closed while reading from the driver
[ERROR] page_id=26041 csp_id=1321, Page.goto: Connection closed while reading from the driver
[ERROR] page_id=26042 csp_id=1321, Page.goto: Connection closed while reading from the driver
[ERROR] page_id=26043 csp_id=1321, Page.goto: Connection closed while reading from the driver
[ERROR] page_id=26044 csp_id=1321, Page.goto: Connection closed while reading from the driver
[ERROR] page_id=26045 csp_id=1321, Page.goto: Connection closed while reading from the driver
[ERROR] page_id=26046 csp_id=1321, Page.goto: Connection closed while reading from the driver
[ERROR] page_id=26047 csp_id=1321, Page.goto: Connection closed while reading from the driver
pipe closed by peer or os.write(pipe, data) raised exception.
pipe closed by peer or os.write(pipe, data) raised exception.
pipe closed by peer or os.write(pipe, data) raised exception.
pipe closed by peer or os.write(pipe, data) raised exception.
pipe closed by peer or os.write(pipe, data) raised exception.
pipe closed by peer or os.write(pipe, data) raised exception.
pipe closed by peer or os.write(pipe, data) raised exception.
pipe closed by peer or os.write(pipe, data) raised exception.
pipe closed by peer or os.write(pipe, data) raised exception.
pipe closed by peer or os.write(pipe, data) raised exception.
pipe closed by peer or os.write(pipe, data) raised exception.
pipe closed by peer or os.write(pipe, data) raised exception.
pipe closed by peer or os.write(pipe, data) raised exception.
pipe closed by peer or os.write(pipe, data) raised exception.
pipe closed by peer or os.write(pipe, data) raised exception.
pipe closed by peer or os.write(pipe, data) raised exception.
[ERROR] page_id=26048 csp_id=1321, Page.goto: Connection closed while reading from the driver
[ERROR] page_id=26049 csp_id=1321, Page.goto: Connection closed while reading from the driver
[ERROR] page_id=26050 csp_id=1321, Page.goto: Connection closed while reading from the driver
[ERROR] page_id=26051 csp_id=1321, Page.goto: Connection closed while reading from the driver
[ERROR] page_id=26052 csp_id=1321, Page.goto: Connection closed while reading from the driver
[ERROR] page_id=26053 csp_id=1321, Page.goto: Connection closed while reading from the driver
[ERROR] page_id=26054 csp_id=1321, Page.goto: Connection closed while reading from the driver
[ERROR] page_id=26055 csp_id=1321, Page.goto: Connection closed while reading from the driver
[ERROR] page_id=26056 csp_id=1321, Page.goto: Connection closed while reading from the driver
[ERROR] page_id=26057 csp_id=1321, Page.goto: Connection closed while reading from the driver
[ERROR] page_id=26058 csp_id=1321, Page.goto: Connection closed while reading from the driver
[ERROR] page_id=26059 csp_id=1321, Page.goto: Connection closed while reading from the driver
[ERROR] page_id=26060 csp_id=1321, Page.goto: Connection closed while reading from the driver
[ERROR] page_id=26061 csp_id=1321, Page.goto: Connection closed while reading from the driver
[ERROR] page_id=26062 csp_id=1321, Page.goto: Connection closed while reading from the driver
[ERROR] page_id=26063 csp_id=1321, Page.goto: Connection closed while reading from the driver
pipe closed by peer or os.write(pipe, data) raised exception.
pipe closed by peer or os.write(pipe, data) raised exception.
pipe closed by peer or os.write(pipe, data) raised exception.
pipe closed by peer or os.write(pipe, data) raised exception.
pipe closed by peer or os.write(pipe, data) raised exception.
pipe closed by peer or os.write(pipe, data) raised exception.
pipe closed by peer or os.write(pipe, data) raised exception.
pipe closed by peer or os.write(pipe, data) raised exception.
pipe closed by peer or os.write(pipe, data) raised exception.
pipe closed by peer or os.write(pipe, data) raised exception.
pipe closed by peer or os.write(pipe, data) raised exception.
pipe closed by peer or os.write(pipe, data) raised exception.
pipe closed by peer or os.write(pipe, data) raised exception.
pipe closed by peer or os.write(pipe, data) raised exception.
pipe closed by peer or os.write(pipe, data) raised exception.
pipe closed by peer or os.write(pipe, data) raised exception.
[ERROR] page_id=26064 csp_id=1321, Page.goto: Connection closed while reading from the driver
[ERROR] page_id=26065 csp_id=1321, Page.goto: Connection closed while reading from the driver
[ERROR] page_id=26066 csp_id=1321, Page.goto: Connection closed while reading from the driver
[ERROR] page_id=26067 csp_id=1321, Page.goto: Connection closed while reading from the driver
[ERROR] page_id=26068 csp_id=1321, Page.goto: Connection closed while reading from the driver
[ERROR] page_id=26069 csp_id=1321, Page.goto: Connection closed while reading from the driver
[ERROR] page_id=26070 csp_id=1321, Page.goto: Connection closed while reading from the driver
[ERROR] page_id=26071 csp_id=1321, Page.goto: Connection closed while reading from the driver
[ERROR] page_id=26072 csp_id=1321, Page.goto: Connection closed while reading from the driver
[ERROR] page_id=26073 csp_id=1321, Page.goto: Connection closed while reading from the driver
[ERROR] page_id=26074 csp_id=1321, Page.goto: Connection closed while reading from the driver
[ERROR] page_id=26075 csp_id=1321, Page.goto: Connection closed while reading from the driver
[ERROR] page_id=26076 csp_id=1321, Page.goto: Connection closed while reading from the driver
[ERROR] page_id=26077 csp_id=1321, Page.goto: Connection closed while reading from the driver
[ERROR] page_id=26078 csp_id=1321, Page.goto: Connection closed while reading from the driver
[ERROR] page_id=26079 csp_id=1321, Page.goto: Connection closed while reading from the driver
pipe closed by peer or os.write(pipe, data) raised exception.
pipe closed by peer or os.write(pipe, data) raised exception.
pipe closed by peer or os.write(pipe, data) raised exception.
pipe closed by peer or os.write(pipe, data) raised exception.
pipe closed by peer or os.write(pipe, data) raised exception.
pipe closed by peer or os.write(pipe, data) raised exception.
pipe closed by peer or os.write(pipe, data) raised exception.
pipe closed by peer or os.write(pipe, data) raised exception.
pipe closed by peer or os.write(pipe, data) raised exception.
pipe closed by peer or os.write(pipe, data) raised exception.
pipe closed by peer or os.write(pipe, data) raised exception.
pipe closed by peer or os.write(pipe, data) raised exception.
pipe closed by peer or os.write(pipe, data) raised exception.
pipe closed by peer or os.write(pipe, data) raised exception.
pipe closed by peer or os.write(pipe, data) raised exception.
pipe closed by peer or os.write(pipe, data) raised exception.
[ERROR] page_id=26080 csp_id=1321, Page.goto: Connection closed while reading from the driver
[ERROR] page_id=26081 csp_id=1321, Page.goto: Connection closed while reading from the driver
[ERROR] page_id=26082 csp_id=1321, Page.goto: Connection closed while reading from the driver
[ERROR] page_id=26083 csp_id=1321, Page.goto: Connection closed while reading from the driver
[ERROR] page_id=26084 csp_id=1321, Page.goto: Connection closed while reading from the driver
[ERROR] page_id=26085 csp_id=1321, Page.goto: Connection closed while reading from the driver
[ERROR] page_id=26086 csp_id=1321, Page.goto: Connection closed while reading from the driver
[ERROR] page_id=26087 csp_id=1321, Page.goto: Connection closed while reading from the driver
[ERROR] page_id=26088 csp_id=1321, Page.goto: Connection closed while reading from the driver
[ERROR] page_id=26089 csp_id=1321, Page.goto: Connection closed while reading from the driver
[ERROR] page_id=26090 csp_id=1321, Page.goto: Connection closed while reading from the driver
[ERROR] page_id=26091 csp_id=1321, Page.goto: Connection closed while reading from the driver
[ERROR] page_id=26092 csp_id=1321, Page.goto: Connection closed while reading from the driver
[ERROR] page_id=26093 csp_id=1321, Page.goto: Connection closed while reading from the driver
[ERROR] page_id=26094 csp_id=1321, Page.goto: Connection closed while reading from the driver
[ERROR] page_id=26095 csp_id=1321, Page.goto: Connection closed while reading from the driver
Testing: csp_id=1321, page_id=26100, browser=Firefox
pipe closed by peer or os.write(pipe, data) raised exception.
pipe closed by peer or os.write(pipe, data) raised exception.
pipe closed by peer or os.write(pipe, data) raised exception.
pipe closed by peer or os.write(pipe, data) raised exception.
pipe closed by peer or os.write(pipe, data) raised exception.
pipe closed by peer or os.write(pipe, data) raised exception.
pipe closed by peer or os.write(pipe, data) raised exception.
pipe closed by peer or os.write(pipe, data) raised exception.
pipe closed by peer or os.write(pipe, data) raised exception.
pipe closed by peer or os.write(pipe, data) raised exception.
pipe closed by peer or os.write(pipe, data) raised exception.
pipe closed by peer or os.write(pipe, data) raised exception.
pipe closed by peer or os.write(pipe, data) raised exception.
pipe closed by peer or os.write(pipe, data) raised exception.
pipe closed by peer or os.write(pipe, data) raised exception.
pipe closed by peer or os.write(pipe, data) raised exception.
[ERROR] page_id=26096 csp_id=1321, Page.goto: Connection closed while reading from the driver
[ERROR] page_id=26097 csp_id=1321, Page.goto: Connection closed while reading from the driver
[ERROR] page_id=26098 csp_id=1321, Page.goto: Connection closed while reading from the driver
[ERROR] page_id=26099 csp_id=1321, Page.goto: Connection closed while reading from the driver
[ERROR] page_id=26100 csp_id=1321, Page.goto: Connection closed while reading from the driver
[ERROR] page_id=26101 csp_id=1321, Page.goto: Connection closed while reading from the driver
[ERROR] page_id=26102 csp_id=1321, Page.goto: Connection closed while reading from the driver
[ERROR] page_id=26103 csp_id=1321, Page.goto: Connection closed while reading from the driver
[ERROR] page_id=26104 csp_id=1321, Page.goto: Connection closed while reading from the driver
[ERROR] page_id=26105 csp_id=1321, Page.goto: Connection closed while reading from the driver
[ERROR] page_id=26106 csp_id=1321, Page.goto: Connection closed while reading from the driver
[ERROR] page_id=26107 csp_id=1321, Page.goto: Connection closed while reading from the driver
[ERROR] page_id=26108 csp_id=1321, Page.goto: Connection closed while reading from the driver
[ERROR] page_id=26109 csp_id=1321, Page.goto: Connection closed while reading from the driver
[ERROR] page_id=26110 csp_id=1321, Page.goto: Connection closed while reading from the driver
[ERROR] page_id=26111 csp_id=1321, Page.goto: Connection closed while reading from the driver
pipe closed by peer or os.write(pipe, data) raised exception.
pipe closed by peer or os.write(pipe, data) raised exception.
pipe closed by peer or os.write(pipe, data) raised exception.
pipe closed by peer or os.write(pipe, data) raised exception.
pipe closed by peer or os.write(pipe, data) raised exception.
pipe closed by peer or os.write(pipe, data) raised exception.
pipe closed by peer or os.write(pipe, data) raised exception.
pipe closed by peer or os.write(pipe, data) raised exception.
pipe closed by peer or os.write(pipe, data) raised exception.
pipe closed by peer or os.write(pipe, data) raised exception.
pipe closed by peer or os.write(pipe, data) raised exception.
pipe closed by peer or os.write(pipe, data) raised exception.
pipe closed by peer or os.write(pipe, data) raised exception.
pipe closed by peer or os.write(pipe, data) raised exception.
pipe closed by peer or os.write(pipe, data) raised exception.
pipe closed by peer or os.write(pipe, data) raised exception.
[ERROR] page_id=26112 csp_id=1321, Page.goto: Connection closed while reading from the driver
[ERROR] page_id=26113 csp_id=1321, Page.goto: Connection closed while reading from the driver
[ERROR] page_id=26114 csp_id=1321, Page.goto: Connection closed while reading from the driver
[ERROR] page_id=26115 csp_id=1321, Page.goto: Connection closed while reading from the driver
[ERROR] page_id=26116 csp_id=1321, Page.goto: Connection closed while reading from the driver
[ERROR] page_id=26117 csp_id=1321, Page.goto: Connection closed while reading from the driver
[ERROR] page_id=26118 csp_id=1321, Page.goto: Connection closed while reading from the driver
[ERROR] page_id=26119 csp_id=1321, Page.goto: Connection closed while reading from the driver
[ERROR] page_id=26120 csp_id=1321, Page.goto: Connection closed while reading from the driver
[ERROR] page_id=26121 csp_id=1321, Page.goto: Connection closed while reading from the driver
[ERROR] page_id=26122 csp_id=1321, Page.goto: Connection closed while reading from the driver
[ERROR] page_id=26123 csp_id=1321, Page.goto: Connection closed while reading from the driver
[ERROR] page_id=26124 csp_id=1321, Page.goto: Connection closed while reading from the driver
[ERROR] page_id=26125 csp_id=1321, Page.goto: Connection closed while reading from the driver
[ERROR] page_id=26126 csp_id=1321, Page.goto: Connection closed while reading from the driver
[ERROR] page_id=26127 csp_id=1321, Page.goto: Connection closed while reading from the driver
pipe closed by peer or os.write(pipe, data) raised exception.
pipe closed by peer or os.write(pipe, data) raised exception.
pipe closed by peer or os.write(pipe, data) raised exception.
pipe closed by peer or os.write(pipe, data) raised exception.
pipe closed by peer or os.write(pipe, data) raised exception.
pipe closed by peer or os.write(pipe, data) raised exception.
pipe closed by peer or os.write(pipe, data) raised exception.
pipe closed by peer or os.write(pipe, data) raised exception.
pipe closed by peer or os.write(pipe, data) raised exception.
pipe closed by peer or os.write(pipe, data) raised exception.
pipe closed by peer or os.write(pipe, data) raised exception.
pipe closed by peer or os.write(pipe, data) raised exception.
pipe closed by peer or os.write(pipe, data) raised exception.
pipe closed by peer or os.write(pipe, data) raised exception.
pipe closed by peer or os.write(pipe, data) raised exception.
pipe closed by peer or os.write(pipe, data) raised exception.
[ERROR] page_id=26128 csp_id=1321, Page.goto: Connection closed while reading from the driver
[ERROR] page_id=26129 csp_id=1321, Page.goto: Connection closed while reading from the driver
[ERROR] page_id=26130 csp_id=1321, Page.goto: Connection closed while reading from the driver
[ERROR] page_id=26131 csp_id=1321, Page.goto: Connection closed while reading from the driver
[ERROR] page_id=26132 csp_id=1321, Page.goto: Connection closed while reading from the driver
[ERROR] page_id=26133 csp_id=1321, Page.goto: Connection closed while reading from the driver
[ERROR] page_id=26134 csp_id=1321, Page.goto: Connection closed while reading from the driver
[ERROR] page_id=26135 csp_id=1321, Page.goto: Connection closed while reading from the driver
[ERROR] page_id=26136 csp_id=1321, Page.goto: Connection closed while reading from the driver
[ERROR] page_id=26137 csp_id=1321, Page.goto: Connection closed while reading from the driver
[ERROR] page_id=26138 csp_id=1321, Page.goto: Connection closed while reading from the driver
[ERROR] page_id=26139 csp_id=1321, Page.goto: Connection closed while reading from the driver
[ERROR] page_id=26140 csp_id=1321, Page.goto: Connection closed while reading from the driver
[ERROR] page_id=26141 csp_id=1321, Page.goto: Connection closed while reading from the driver
[ERROR] page_id=26142 csp_id=1321, Page.goto: Connection closed while reading from the driver
[ERROR] page_id=26143 csp_id=1321, Page.goto: Connection closed while reading from the driver
pipe closed by peer or os.write(pipe, data) raised exception.
pipe closed by peer or os.write(pipe, data) raised exception.
pipe closed by peer or os.write(pipe, data) raised exception.
pipe closed by peer or os.write(pipe, data) raised exception.
pipe closed by peer or os.write(pipe, data) raised exception.
pipe closed by peer or os.write(pipe, data) raised exception.
pipe closed by peer or os.write(pipe, data) raised exception.
pipe closed by peer or os.write(pipe, data) raised exception.
pipe closed by peer or os.write(pipe, data) raised exception.
pipe closed by peer or os.write(pipe, data) raised exception.
pipe closed by peer or os.write(pipe, data) raised exception.
pipe closed by peer or os.write(pipe, data) raised exception.
pipe closed by peer or os.write(pipe, data) raised exception.
pipe closed by peer or os.write(pipe, data) raised exception.
pipe closed by peer or os.write(pipe, data) raised exception.
pipe closed by peer or os.write(pipe, data) raised exception.
[ERROR] page_id=26144 csp_id=1321, Page.goto: Connection closed while reading from the driver
[ERROR] page_id=26145 csp_id=1321, Page.goto: Connection closed while reading from the driver
[ERROR] page_id=26146 csp_id=1321, Page.goto: Connection closed while reading from the driver
[ERROR] page_id=26147 csp_id=1321, Page.goto: Connection closed while reading from the driver
[ERROR] page_id=26148 csp_id=1321, Page.goto: Connection closed while reading from the driver
[ERROR] page_id=26149 csp_id=1321, Page.goto: Connection closed while reading from the driver
[ERROR] page_id=26150 csp_id=1321, Page.goto: Connection closed while reading from the driver
[ERROR] page_id=26151 csp_id=1321, Page.goto: Connection closed while reading from the driver
[ERROR] page_id=26152 csp_id=1321, Page.goto: Connection closed while reading from the driver
[ERROR] page_id=26153 csp_id=1321, Page.goto: Connection closed while reading from the driver
[ERROR] page_id=26154 csp_id=1321, Page.goto: Connection closed while reading from the driver
[ERROR] page_id=26155 csp_id=1321, Page.goto: Connection closed while reading from the driver
[ERROR] page_id=26156 csp_id=1321, Page.goto: Connection closed while reading from the driver
[ERROR] page_id=26157 csp_id=1321, Page.goto: Connection closed while reading from the driver
[ERROR] page_id=26158 csp_id=1321, Page.goto: Connection closed while reading from the driver
[ERROR] page_id=26159 csp_id=1321, Page.goto: Connection closed while reading from the driver
pipe closed by peer or os.write(pipe, data) raised exception.
pipe closed by peer or os.write(pipe, data) raised exception.
pipe closed by peer or os.write(pipe, data) raised exception.
pipe closed by peer or os.write(pipe, data) raised exception.
pipe closed by peer or os.write(pipe, data) raised exception.
pipe closed by peer or os.write(pipe, data) raised exception.
pipe closed by peer or os.write(pipe, data) raised exception.
pipe closed by peer or os.write(pipe, data) raised exception.
pipe closed by peer or os.write(pipe, data) raised exception.
pipe closed by peer or os.write(pipe, data) raised exception.
pipe closed by peer or os.write(pipe, data) raised exception.
pipe closed by peer or os.write(pipe, data) raised exception.
pipe closed by peer or os.write(pipe, data) raised exception.
pipe closed by peer or os.write(pipe, data) raised exception.
pipe closed by peer or os.write(pipe, data) raised exception.
pipe closed by peer or os.write(pipe, data) raised exception.
[ERROR] page_id=26160 csp_id=1321, Page.goto: Connection closed while reading from the driver
[ERROR] page_id=26161 csp_id=1321, Page.goto: Connection closed while reading from the driver
[ERROR] page_id=26162 csp_id=1321, Page.goto: Connection closed while reading from the driver
[ERROR] page_id=26163 csp_id=1321, Page.goto: Connection closed while reading from the driver
[ERROR] page_id=26164 csp_id=1321, Page.goto: Connection closed while reading from the driver
[ERROR] page_id=26165 csp_id=1321, Page.goto: Connection closed while reading from the driver
[ERROR] page_id=26166 csp_id=1321, Page.goto: Connection closed while reading from the driver
[ERROR] page_id=26167 csp_id=1321, Page.goto: Connection closed while reading from the driver
[ERROR] page_id=26168 csp_id=1321, Page.goto: Connection closed while reading from the driver
[ERROR] page_id=26169 csp_id=1321, Page.goto: Connection closed while reading from the driver
[ERROR] page_id=26170 csp_id=1321, Page.goto: Connection closed while reading from the driver
[ERROR] page_id=26171 csp_id=1321, Page.goto: Connection closed while reading from the driver
[ERROR] page_id=26172 csp_id=1321, Page.goto: Connection closed while reading from the driver
[ERROR] page_id=26173 csp_id=1321, Page.goto: Connection closed while reading from the driver
[ERROR] page_id=26174 csp_id=1321, Page.goto: Connection closed while reading from the driver
[ERROR] page_id=26175 csp_id=1321, Page.goto: Connection closed while reading from the driver
pipe closed by peer or os.write(pipe, data) raised exception.
pipe closed by peer or os.write(pipe, data) raised exception.
pipe closed by peer or os.write(pipe, data) raised exception.
pipe closed by peer or os.write(pipe, data) raised exception.
pipe closed by peer or os.write(pipe, data) raised exception.
pipe closed by peer or os.write(pipe, data) raised exception.
pipe closed by peer or os.write(pipe, data) raised exception.
pipe closed by peer or os.write(pipe, data) raised exception.
pipe closed by peer or os.write(pipe, data) raised exception.
pipe closed by peer or os.write(pipe, data) raised exception.
pipe closed by peer or os.write(pipe, data) raised exception.
pipe closed by peer or os.write(pipe, data) raised exception.
pipe closed by peer or os.write(pipe, data) raised exception.
pipe closed by peer or os.write(pipe, data) raised exception.
pipe closed by peer or os.write(pipe, data) raised exception.
pipe closed by peer or os.write(pipe, data) raised exception.
[ERROR] page_id=26176 csp_id=1321, Page.goto: Connection closed while reading from the driver
[ERROR] page_id=26177 csp_id=1321, Page.goto: Connection closed while reading from the driver
[ERROR] page_id=26178 csp_id=1321, Page.goto: Connection closed while reading from the driver
[ERROR] page_id=26179 csp_id=1321, Page.goto: Connection closed while reading from the driver
[ERROR] page_id=26180 csp_id=1321, Page.goto: Connection closed while reading from the driver
[ERROR] page_id=26181 csp_id=1321, Page.goto: Connection closed while reading from the driver
[ERROR] page_id=26182 csp_id=1321, Page.goto: Connection closed while reading from the driver
[ERROR] page_id=26183 csp_id=1321, Page.goto: Connection closed while reading from the driver
[ERROR] page_id=26184 csp_id=1321, Page.goto: Connection closed while reading from the driver
[ERROR] page_id=26185 csp_id=1321, Page.goto: Connection closed while reading from the driver
[ERROR] page_id=26186 csp_id=1321, Page.goto: Connection closed while reading from the driver
[ERROR] page_id=26187 csp_id=1321, Page.goto: Connection closed while reading from the driver
[ERROR] page_id=26188 csp_id=1321, Page.goto: Connection closed while reading from the driver
[ERROR] page_id=26189 csp_id=1321, Page.goto: Connection closed while reading from the driver
[ERROR] page_id=26190 csp_id=1321, Page.goto: Connection closed while reading from the driver
[ERROR] page_id=26191 csp_id=1321, Page.goto: Connection closed while reading from the driver
Testing: csp_id=1321, page_id=26200, browser=Firefox
pipe closed by peer or os.write(pipe, data) raised exception.
pipe closed by peer or os.write(pipe, data) raised exception.
