=========Notice: Full run mode=========
current_playwright_page_split_num is 1
=======================================
🏊 create_context_pools[first] (5x16): 14.691s
Testing: csp_id=990, page_id=0, browser=Firefox
Testing: csp_id=990, page_id=100, browser=Firefox
Testing: csp_id=990, page_id=200, browser=Firefox
Testing: csp_id=990, page_id=300, browser=Firefox
Testing: csp_id=990, page_id=400, browser=Firefox
Testing: csp_id=990, page_id=500, browser=Firefox
Testing: csp_id=990, page_id=600, browser=Firefox
Testing: csp_id=990, page_id=700, browser=Firefox
Testing: csp_id=990, page_id=800, browser=Firefox
Testing: csp_id=990, page_id=900, browser=Firefox
Testing: csp_id=990, page_id=1000, browser=Firefox
Testing: csp_id=990, page_id=1100, browser=Firefox
Testing: csp_id=990, page_id=1200, browser=Firefox
Testing: csp_id=990, page_id=1300, browser=Firefox
Testing: csp_id=990, page_id=1400, browser=Firefox
Testing: csp_id=990, page_id=1500, browser=Firefox
Testing: csp_id=990, page_id=1600, browser=Firefox
Testing: csp_id=990, page_id=1700, browser=Firefox
Testing: csp_id=990, page_id=1800, browser=Firefox
Testing: csp_id=990, page_id=1900, browser=Firefox
Testing: csp_id=990, page_id=2000, browser=Firefox
Testing: csp_id=990, page_id=2100, browser=Firefox
Testing: csp_id=990, page_id=2200, browser=Firefox
Testing: csp_id=990, page_id=2300, browser=Firefox
Testing: csp_id=990, page_id=2400, browser=Firefox
Testing: csp_id=990, page_id=2500, browser=Firefox
Testing: csp_id=990, page_id=2600, browser=Firefox
Testing: csp_id=990, page_id=2700, browser=Firefox
Testing: csp_id=990, page_id=2800, browser=Firefox
Testing: csp_id=990, page_id=2900, browser=Firefox
Testing: csp_id=990, page_id=3000, browser=Firefox
Testing: csp_id=990, page_id=3100, browser=Firefox
Testing: csp_id=990, page_id=3200, browser=Firefox
Testing: csp_id=990, page_id=3300, browser=Firefox
Testing: csp_id=990, page_id=3400, browser=Firefox
Testing: csp_id=990, page_id=3500, browser=Firefox
Testing: csp_id=990, page_id=3600, browser=Firefox
Testing: csp_id=990, page_id=3700, browser=Firefox
Testing: csp_id=990, page_id=3800, browser=Firefox
Testing: csp_id=990, page_id=3900, browser=Firefox
Testing: csp_id=990, page_id=4000, browser=Firefox
Testing: csp_id=990, page_id=4100, browser=Firefox
Testing: csp_id=990, page_id=4200, browser=Firefox
Testing: csp_id=990, page_id=4300, browser=Firefox
Testing: csp_id=990, page_id=4400, browser=Firefox
Testing: csp_id=990, page_id=4500, browser=Firefox
Testing: csp_id=990, page_id=4600, browser=Firefox
Testing: csp_id=990, page_id=4700, browser=Firefox
Testing: csp_id=990, page_id=4800, browser=Firefox
Testing: csp_id=990, page_id=4900, browser=Firefox
Testing: csp_id=990, page_id=5000, browser=Firefox
Testing: csp_id=990, page_id=5100, browser=Firefox
Testing: csp_id=990, page_id=5200, browser=Firefox
Testing: csp_id=990, page_id=5300, browser=Firefox
Testing: csp_id=990, page_id=5400, browser=Firefox
Testing: csp_id=990, page_id=5500, browser=Firefox
Testing: csp_id=990, page_id=5600, browser=Firefox
Testing: csp_id=990, page_id=5700, browser=Firefox
Testing: csp_id=990, page_id=5800, browser=Firefox
Testing: csp_id=990, page_id=5900, browser=Firefox
Testing: csp_id=990, page_id=6000, browser=Firefox
Testing: csp_id=990, page_id=6100, browser=Firefox
Testing: csp_id=990, page_id=6200, browser=Firefox
Testing: csp_id=990, page_id=6300, browser=Firefox
Testing: csp_id=990, page_id=6400, browser=Firefox
Testing: csp_id=990, page_id=6500, browser=Firefox
Testing: csp_id=990, page_id=6600, browser=Firefox
Testing: csp_id=990, page_id=6700, browser=Firefox
Testing: csp_id=990, page_id=6800, browser=Firefox
Testing: csp_id=990, page_id=6900, browser=Firefox
Testing: csp_id=990, page_id=7000, browser=Firefox
Testing: csp_id=990, page_id=7100, browser=Firefox
Testing: csp_id=990, page_id=7200, browser=Firefox
Testing: csp_id=990, page_id=7300, browser=Firefox
Testing: csp_id=990, page_id=7400, browser=Firefox
Testing: csp_id=990, page_id=7500, browser=Firefox
Testing: csp_id=990, page_id=7600, browser=Firefox
Testing: csp_id=990, page_id=7700, browser=Firefox
Testing: csp_id=990, page_id=7800, browser=Firefox
Testing: csp_id=990, page_id=7900, browser=Firefox
Testing: csp_id=990, page_id=8000, browser=Firefox
Testing: csp_id=990, page_id=8100, browser=Firefox
Testing: csp_id=990, page_id=8200, browser=Firefox
Testing: csp_id=990, page_id=8300, browser=Firefox
Testing: csp_id=990, page_id=8400, browser=Firefox
Testing: csp_id=990, page_id=8500, browser=Firefox
Testing: csp_id=990, page_id=8600, browser=Firefox
Testing: csp_id=990, page_id=8700, browser=Firefox
Testing: csp_id=990, page_id=8800, browser=Firefox
Testing: csp_id=990, page_id=8900, browser=Firefox
Testing: csp_id=990, page_id=9000, browser=Firefox
Testing: csp_id=990, page_id=9100, browser=Firefox
Testing: csp_id=990, page_id=9200, browser=Firefox
Testing: csp_id=990, page_id=9300, browser=Firefox
Testing: csp_id=990, page_id=9400, browser=Firefox
Testing: csp_id=990, page_id=9500, browser=Firefox
Testing: csp_id=990, page_id=9600, browser=Firefox
Testing: csp_id=990, page_id=9700, browser=Firefox
Testing: csp_id=990, page_id=9800, browser=Firefox
Testing: csp_id=990, page_id=9900, browser=Firefox
Testing: csp_id=990, page_id=10000, browser=Firefox
Testing: csp_id=990, page_id=10100, browser=Firefox
Testing: csp_id=990, page_id=10200, browser=Firefox
Testing: csp_id=990, page_id=10300, browser=Firefox
Testing: csp_id=990, page_id=10400, browser=Firefox
Testing: csp_id=990, page_id=10500, browser=Firefox
Testing: csp_id=990, page_id=10600, browser=Firefox
Testing: csp_id=990, page_id=10700, browser=Firefox
Testing: csp_id=990, page_id=10800, browser=Firefox
Testing: csp_id=990, page_id=10900, browser=Firefox
Testing: csp_id=990, page_id=11000, browser=Firefox
Testing: csp_id=990, page_id=11100, browser=Firefox
Testing: csp_id=990, page_id=11200, browser=Firefox
Testing: csp_id=990, page_id=11300, browser=Firefox
Testing: csp_id=990, page_id=11400, browser=Firefox
Testing: csp_id=990, page_id=11500, browser=Firefox
Testing: csp_id=990, page_id=11600, browser=Firefox
Testing: csp_id=990, page_id=11700, browser=Firefox
Testing: csp_id=990, page_id=11800, browser=Firefox
Testing: csp_id=990, page_id=11900, browser=Firefox
Testing: csp_id=990, page_id=12000, browser=Firefox
Testing: csp_id=990, page_id=12100, browser=Firefox
Testing: csp_id=990, page_id=12200, browser=Firefox
Testing: csp_id=990, page_id=12300, browser=Firefox
Testing: csp_id=990, page_id=12400, browser=Firefox
Testing: csp_id=990, page_id=12500, browser=Firefox
Testing: csp_id=990, page_id=12600, browser=Firefox
Testing: csp_id=990, page_id=12700, browser=Firefox
Testing: csp_id=990, page_id=12800, browser=Firefox
Testing: csp_id=990, page_id=12900, browser=Firefox
Testing: csp_id=990, page_id=13000, browser=Firefox
Testing: csp_id=990, page_id=13100, browser=Firefox
Testing: csp_id=990, page_id=13200, browser=Firefox
Testing: csp_id=990, page_id=13300, browser=Firefox
Testing: csp_id=990, page_id=13400, browser=Firefox
Testing: csp_id=990, page_id=13500, browser=Firefox
Testing: csp_id=990, page_id=13600, browser=Firefox
Testing: csp_id=990, page_id=13700, browser=Firefox
Testing: csp_id=990, page_id=13800, browser=Firefox
Testing: csp_id=990, page_id=13900, browser=Firefox
Testing: csp_id=990, page_id=14000, browser=Firefox
Testing: csp_id=990, page_id=14100, browser=Firefox
Testing: csp_id=990, page_id=14200, browser=Firefox
Testing: csp_id=990, page_id=14300, browser=Firefox
Testing: csp_id=990, page_id=14400, browser=Firefox
Testing: csp_id=990, page_id=14500, browser=Firefox
Testing: csp_id=990, page_id=14600, browser=Firefox
Testing: csp_id=990, page_id=14700, browser=Firefox
Testing: csp_id=990, page_id=14800, browser=Firefox
Testing: csp_id=990, page_id=14900, browser=Firefox
Testing: csp_id=990, page_id=15000, browser=Firefox
Testing: csp_id=990, page_id=15100, browser=Firefox
Testing: csp_id=990, page_id=15200, browser=Firefox
Testing: csp_id=990, page_id=15300, browser=Firefox
Testing: csp_id=990, page_id=15400, browser=Firefox
Testing: csp_id=990, page_id=15500, browser=Firefox
Testing: csp_id=990, page_id=15600, browser=Firefox
Testing: csp_id=990, page_id=15700, browser=Firefox
Testing: csp_id=990, page_id=15800, browser=Firefox
Testing: csp_id=990, page_id=15900, browser=Firefox
Testing: csp_id=990, page_id=16000, browser=Firefox
Testing: csp_id=990, page_id=16100, browser=Firefox
Testing: csp_id=990, page_id=16200, browser=Firefox
Testing: csp_id=990, page_id=16300, browser=Firefox
Testing: csp_id=990, page_id=16400, browser=Firefox
Testing: csp_id=990, page_id=16500, browser=Firefox
Testing: csp_id=990, page_id=16600, browser=Firefox
Testing: csp_id=990, page_id=16700, browser=Firefox
Testing: csp_id=990, page_id=16800, browser=Firefox
Testing: csp_id=990, page_id=16900, browser=Firefox
Testing: csp_id=990, page_id=17000, browser=Firefox
Testing: csp_id=990, page_id=17100, browser=Firefox
Testing: csp_id=990, page_id=17200, browser=Firefox
Testing: csp_id=990, page_id=17300, browser=Firefox
Testing: csp_id=990, page_id=17400, browser=Firefox
Testing: csp_id=990, page_id=17500, browser=Firefox
Testing: csp_id=990, page_id=17600, browser=Firefox
Testing: csp_id=990, page_id=17700, browser=Firefox
Testing: csp_id=990, page_id=17800, browser=Firefox
Testing: csp_id=990, page_id=17900, browser=Firefox
Testing: csp_id=990, page_id=18000, browser=Firefox
Testing: csp_id=990, page_id=18100, browser=Firefox
Testing: csp_id=990, page_id=18200, browser=Firefox
Testing: csp_id=990, page_id=18300, browser=Firefox
Testing: csp_id=990, page_id=18400, browser=Firefox
Testing: csp_id=990, page_id=18500, browser=Firefox
Testing: csp_id=990, page_id=18600, browser=Firefox
Testing: csp_id=990, page_id=18700, browser=Firefox
Testing: csp_id=990, page_id=18800, browser=Firefox
Testing: csp_id=990, page_id=18900, browser=Firefox
Testing: csp_id=990, page_id=19000, browser=Firefox
Testing: csp_id=990, page_id=19100, browser=Firefox
Testing: csp_id=990, page_id=19200, browser=Firefox
Testing: csp_id=990, page_id=19300, browser=Firefox
Testing: csp_id=990, page_id=19400, browser=Firefox
Testing: csp_id=990, page_id=19500, browser=Firefox
Testing: csp_id=990, page_id=19600, browser=Firefox
Testing: csp_id=990, page_id=19700, browser=Firefox
Testing: csp_id=990, page_id=19800, browser=Firefox
Testing: csp_id=990, page_id=19900, browser=Firefox
Testing: csp_id=990, page_id=20000, browser=Firefox
Testing: csp_id=990, page_id=20100, browser=Firefox
Testing: csp_id=990, page_id=20200, browser=Firefox
Testing: csp_id=990, page_id=20300, browser=Firefox
Testing: csp_id=990, page_id=20400, browser=Firefox
Testing: csp_id=990, page_id=20500, browser=Firefox
Testing: csp_id=990, page_id=20600, browser=Firefox
Testing: csp_id=990, page_id=20700, browser=Firefox
Testing: csp_id=990, page_id=20800, browser=Firefox
Testing: csp_id=990, page_id=20900, browser=Firefox
Testing: csp_id=990, page_id=21000, browser=Firefox
Testing: csp_id=990, page_id=21100, browser=Firefox
Testing: csp_id=990, page_id=21200, browser=Firefox
Testing: csp_id=990, page_id=21300, browser=Firefox
Testing: csp_id=990, page_id=21400, browser=Firefox
Testing: csp_id=990, page_id=21500, browser=Firefox
Testing: csp_id=990, page_id=21600, browser=Firefox
Testing: csp_id=990, page_id=21700, browser=Firefox
Testing: csp_id=990, page_id=21800, browser=Firefox
Testing: csp_id=990, page_id=21900, browser=Firefox
Testing: csp_id=990, page_id=22000, browser=Firefox
Testing: csp_id=990, page_id=22100, browser=Firefox
Testing: csp_id=990, page_id=22200, browser=Firefox
Testing: csp_id=990, page_id=22300, browser=Firefox
Testing: csp_id=990, page_id=22400, browser=Firefox
Testing: csp_id=990, page_id=22500, browser=Firefox
Testing: csp_id=990, page_id=22600, browser=Firefox
Testing: csp_id=990, page_id=22700, browser=Firefox
Testing: csp_id=990, page_id=22800, browser=Firefox
Testing: csp_id=990, page_id=22900, browser=Firefox
Testing: csp_id=990, page_id=23000, browser=Firefox
Testing: csp_id=990, page_id=23100, browser=Firefox
Testing: csp_id=990, page_id=23200, browser=Firefox
Testing: csp_id=990, page_id=23300, browser=Firefox
Testing: csp_id=990, page_id=23400, browser=Firefox
Testing: csp_id=990, page_id=23500, browser=Firefox
Testing: csp_id=990, page_id=23600, browser=Firefox
Testing: csp_id=990, page_id=23700, browser=Firefox
Testing: csp_id=990, page_id=23800, browser=Firefox
Testing: csp_id=990, page_id=23900, browser=Firefox
Testing: csp_id=990, page_id=24000, browser=Firefox
Testing: csp_id=990, page_id=24100, browser=Firefox
Testing: csp_id=990, page_id=24200, browser=Firefox
Testing: csp_id=990, page_id=24300, browser=Firefox
Testing: csp_id=990, page_id=24400, browser=Firefox
Testing: csp_id=990, page_id=24500, browser=Firefox
Testing: csp_id=990, page_id=24600, browser=Firefox
Testing: csp_id=990, page_id=24700, browser=Firefox
Testing: csp_id=990, page_id=24800, browser=Firefox
Testing: csp_id=990, page_id=24900, browser=Firefox
Testing: csp_id=990, page_id=25000, browser=Firefox
Testing: csp_id=990, page_id=25100, browser=Firefox
Testing: csp_id=990, page_id=25200, browser=Firefox
Testing: csp_id=990, page_id=25300, browser=Firefox
Testing: csp_id=990, page_id=25400, browser=Firefox
Testing: csp_id=990, page_id=25500, browser=Firefox
Testing: csp_id=990, page_id=25600, browser=Firefox
Testing: csp_id=990, page_id=25700, browser=Firefox
Testing: csp_id=990, page_id=25800, browser=Firefox
Testing: csp_id=990, page_id=25900, browser=Firefox
Testing: csp_id=990, page_id=26000, browser=Firefox
Testing: csp_id=990, page_id=26100, browser=Firefox
Testing: csp_id=990, page_id=26200, browser=Firefox
Testing: csp_id=990, page_id=26300, browser=Firefox
Testing: csp_id=990, page_id=26400, browser=Firefox
Testing: csp_id=990, page_id=26500, browser=Firefox
Testing: csp_id=990, page_id=26600, browser=Firefox
Testing: csp_id=990, page_id=26700, browser=Firefox
Testing: csp_id=990, page_id=26800, browser=Firefox
Testing: csp_id=990, page_id=26900, browser=Firefox
Testing: csp_id=990, page_id=27000, browser=Firefox
Testing: csp_id=990, page_id=27100, browser=Firefox
Testing: csp_id=990, page_id=27200, browser=Firefox
Testing: csp_id=990, page_id=27300, browser=Firefox
Testing: csp_id=990, page_id=27400, browser=Firefox
Testing: csp_id=990, page_id=27500, browser=Firefox
Testing: csp_id=990, page_id=27600, browser=Firefox
Testing: csp_id=990, page_id=27700, browser=Firefox
Testing: csp_id=990, page_id=27800, browser=Firefox
Testing: csp_id=990, page_id=27900, browser=Firefox
Testing: csp_id=990, page_id=28000, browser=Firefox
Testing: csp_id=990, page_id=28100, browser=Firefox
Testing: csp_id=990, page_id=28200, browser=Firefox
Testing: csp_id=990, page_id=28300, browser=Firefox
Testing: csp_id=990, page_id=28400, browser=Firefox
Testing: csp_id=990, page_id=28500, browser=Firefox
Testing: csp_id=990, page_id=28600, browser=Firefox
Testing: csp_id=990, page_id=28700, browser=Firefox
Testing: csp_id=990, page_id=28800, browser=Firefox
Testing: csp_id=990, page_id=28900, browser=Firefox
Testing: csp_id=990, page_id=29000, browser=Firefox
Testing: csp_id=990, page_id=29100, browser=Firefox
Testing: csp_id=990, page_id=29200, browser=Firefox
Testing: csp_id=990, page_id=29300, browser=Firefox
Testing: csp_id=990, page_id=29400, browser=Firefox
Testing: csp_id=990, page_id=29500, browser=Firefox
Testing: csp_id=990, page_id=29600, browser=Firefox
Testing: csp_id=990, page_id=29700, browser=Firefox
Testing: csp_id=990, page_id=29800, browser=Firefox
🏊 create_context_pools[first] (5x16): 17.997s
Testing: csp_id=1008, page_id=0, browser=Firefox
Testing: csp_id=1008, page_id=100, browser=Firefox
Testing: csp_id=1008, page_id=200, browser=Firefox
Testing: csp_id=1008, page_id=300, browser=Firefox
Testing: csp_id=1008, page_id=400, browser=Firefox
Testing: csp_id=1008, page_id=500, browser=Firefox
Testing: csp_id=1008, page_id=600, browser=Firefox
Testing: csp_id=1008, page_id=700, browser=Firefox
Testing: csp_id=1008, page_id=800, browser=Firefox
Testing: csp_id=1008, page_id=900, browser=Firefox
Testing: csp_id=1008, page_id=1000, browser=Firefox
Testing: csp_id=1008, page_id=1100, browser=Firefox
Testing: csp_id=1008, page_id=1200, browser=Firefox
Testing: csp_id=1008, page_id=1300, browser=Firefox
Testing: csp_id=1008, page_id=1400, browser=Firefox
Testing: csp_id=1008, page_id=1500, browser=Firefox
Testing: csp_id=1008, page_id=1600, browser=Firefox
Testing: csp_id=1008, page_id=1700, browser=Firefox
Testing: csp_id=1008, page_id=1800, browser=Firefox
Testing: csp_id=1008, page_id=1900, browser=Firefox
Testing: csp_id=1008, page_id=2000, browser=Firefox
Testing: csp_id=1008, page_id=2100, browser=Firefox
Testing: csp_id=1008, page_id=2200, browser=Firefox
Testing: csp_id=1008, page_id=2300, browser=Firefox
Testing: csp_id=1008, page_id=2400, browser=Firefox
Testing: csp_id=1008, page_id=2500, browser=Firefox
Testing: csp_id=1008, page_id=2600, browser=Firefox
Testing: csp_id=1008, page_id=2700, browser=Firefox
Testing: csp_id=1008, page_id=2800, browser=Firefox
Testing: csp_id=1008, page_id=2900, browser=Firefox
Testing: csp_id=1008, page_id=3000, browser=Firefox
Testing: csp_id=1008, page_id=3100, browser=Firefox
Testing: csp_id=1008, page_id=3200, browser=Firefox
Testing: csp_id=1008, page_id=3300, browser=Firefox
Testing: csp_id=1008, page_id=3400, browser=Firefox
Testing: csp_id=1008, page_id=3500, browser=Firefox
Testing: csp_id=1008, page_id=3600, browser=Firefox
Testing: csp_id=1008, page_id=3700, browser=Firefox
Testing: csp_id=1008, page_id=3800, browser=Firefox
Testing: csp_id=1008, page_id=3900, browser=Firefox
Testing: csp_id=1008, page_id=4000, browser=Firefox
Testing: csp_id=1008, page_id=4100, browser=Firefox
Testing: csp_id=1008, page_id=4200, browser=Firefox
Testing: csp_id=1008, page_id=4300, browser=Firefox
Testing: csp_id=1008, page_id=4400, browser=Firefox
Testing: csp_id=1008, page_id=4500, browser=Firefox
Testing: csp_id=1008, page_id=4600, browser=Firefox
Testing: csp_id=1008, page_id=4700, browser=Firefox
Testing: csp_id=1008, page_id=4800, browser=Firefox
Testing: csp_id=1008, page_id=4900, browser=Firefox
Testing: csp_id=1008, page_id=5000, browser=Firefox
Testing: csp_id=1008, page_id=5100, browser=Firefox
Testing: csp_id=1008, page_id=5200, browser=Firefox
Testing: csp_id=1008, page_id=5300, browser=Firefox
Testing: csp_id=1008, page_id=5400, browser=Firefox
Testing: csp_id=1008, page_id=5500, browser=Firefox
Testing: csp_id=1008, page_id=5600, browser=Firefox
Testing: csp_id=1008, page_id=5700, browser=Firefox
Testing: csp_id=1008, page_id=5800, browser=Firefox
Testing: csp_id=1008, page_id=5900, browser=Firefox
Testing: csp_id=1008, page_id=6000, browser=Firefox
Testing: csp_id=1008, page_id=6100, browser=Firefox
Testing: csp_id=1008, page_id=6200, browser=Firefox
Testing: csp_id=1008, page_id=6300, browser=Firefox
Testing: csp_id=1008, page_id=6400, browser=Firefox
Testing: csp_id=1008, page_id=6500, browser=Firefox
Testing: csp_id=1008, page_id=6600, browser=Firefox
Testing: csp_id=1008, page_id=6700, browser=Firefox
Testing: csp_id=1008, page_id=6800, browser=Firefox
Testing: csp_id=1008, page_id=6900, browser=Firefox
Testing: csp_id=1008, page_id=7000, browser=Firefox
Testing: csp_id=1008, page_id=7100, browser=Firefox
Testing: csp_id=1008, page_id=7200, browser=Firefox
Testing: csp_id=1008, page_id=7300, browser=Firefox
Testing: csp_id=1008, page_id=7400, browser=Firefox
Testing: csp_id=1008, page_id=7500, browser=Firefox
Testing: csp_id=1008, page_id=7600, browser=Firefox
Testing: csp_id=1008, page_id=7700, browser=Firefox
Testing: csp_id=1008, page_id=7800, browser=Firefox
Testing: csp_id=1008, page_id=7900, browser=Firefox
Testing: csp_id=1008, page_id=8000, browser=Firefox
Testing: csp_id=1008, page_id=8100, browser=Firefox
Testing: csp_id=1008, page_id=8200, browser=Firefox
Testing: csp_id=1008, page_id=8300, browser=Firefox
Testing: csp_id=1008, page_id=8400, browser=Firefox
Testing: csp_id=1008, page_id=8500, browser=Firefox
Testing: csp_id=1008, page_id=8600, browser=Firefox
Testing: csp_id=1008, page_id=8700, browser=Firefox
Testing: csp_id=1008, page_id=8800, browser=Firefox
Testing: csp_id=1008, page_id=8900, browser=Firefox
Testing: csp_id=1008, page_id=9000, browser=Firefox
Testing: csp_id=1008, page_id=9100, browser=Firefox
Testing: csp_id=1008, page_id=9200, browser=Firefox
Testing: csp_id=1008, page_id=9300, browser=Firefox
Testing: csp_id=1008, page_id=9400, browser=Firefox
Testing: csp_id=1008, page_id=9500, browser=Firefox
Testing: csp_id=1008, page_id=9600, browser=Firefox
Testing: csp_id=1008, page_id=9700, browser=Firefox
Testing: csp_id=1008, page_id=9800, browser=Firefox
Testing: csp_id=1008, page_id=9900, browser=Firefox
Testing: csp_id=1008, page_id=10000, browser=Firefox
Testing: csp_id=1008, page_id=10100, browser=Firefox
Testing: csp_id=1008, page_id=10200, browser=Firefox
Testing: csp_id=1008, page_id=10300, browser=Firefox
Testing: csp_id=1008, page_id=10400, browser=Firefox
Testing: csp_id=1008, page_id=10500, browser=Firefox
Testing: csp_id=1008, page_id=10600, browser=Firefox
Testing: csp_id=1008, page_id=10700, browser=Firefox
Testing: csp_id=1008, page_id=10800, browser=Firefox
Testing: csp_id=1008, page_id=10900, browser=Firefox
Testing: csp_id=1008, page_id=11000, browser=Firefox
Testing: csp_id=1008, page_id=11100, browser=Firefox
Testing: csp_id=1008, page_id=11200, browser=Firefox
Testing: csp_id=1008, page_id=11300, browser=Firefox
Testing: csp_id=1008, page_id=11400, browser=Firefox
Testing: csp_id=1008, page_id=11500, browser=Firefox
Testing: csp_id=1008, page_id=11600, browser=Firefox
Testing: csp_id=1008, page_id=11700, browser=Firefox
Testing: csp_id=1008, page_id=11800, browser=Firefox
Testing: csp_id=1008, page_id=11900, browser=Firefox
Testing: csp_id=1008, page_id=12000, browser=Firefox
Testing: csp_id=1008, page_id=12100, browser=Firefox
Testing: csp_id=1008, page_id=12200, browser=Firefox
Testing: csp_id=1008, page_id=12300, browser=Firefox
Testing: csp_id=1008, page_id=12400, browser=Firefox
Testing: csp_id=1008, page_id=12500, browser=Firefox
Testing: csp_id=1008, page_id=12600, browser=Firefox
Testing: csp_id=1008, page_id=12700, browser=Firefox
Testing: csp_id=1008, page_id=12800, browser=Firefox
Testing: csp_id=1008, page_id=12900, browser=Firefox
Testing: csp_id=1008, page_id=13000, browser=Firefox
Testing: csp_id=1008, page_id=13100, browser=Firefox
Testing: csp_id=1008, page_id=13200, browser=Firefox
Testing: csp_id=1008, page_id=13300, browser=Firefox
Testing: csp_id=1008, page_id=13400, browser=Firefox
Testing: csp_id=1008, page_id=13500, browser=Firefox
Testing: csp_id=1008, page_id=13600, browser=Firefox
Testing: csp_id=1008, page_id=13700, browser=Firefox
Testing: csp_id=1008, page_id=13800, browser=Firefox
Testing: csp_id=1008, page_id=13900, browser=Firefox
Testing: csp_id=1008, page_id=14000, browser=Firefox
Testing: csp_id=1008, page_id=14100, browser=Firefox
Testing: csp_id=1008, page_id=14200, browser=Firefox
Testing: csp_id=1008, page_id=14300, browser=Firefox
Testing: csp_id=1008, page_id=14400, browser=Firefox
Testing: csp_id=1008, page_id=14500, browser=Firefox
Testing: csp_id=1008, page_id=14600, browser=Firefox
Testing: csp_id=1008, page_id=14700, browser=Firefox
Testing: csp_id=1008, page_id=14800, browser=Firefox
Testing: csp_id=1008, page_id=14900, browser=Firefox
Testing: csp_id=1008, page_id=15000, browser=Firefox
Testing: csp_id=1008, page_id=15100, browser=Firefox
Testing: csp_id=1008, page_id=15200, browser=Firefox
Testing: csp_id=1008, page_id=15300, browser=Firefox
Testing: csp_id=1008, page_id=15400, browser=Firefox
Testing: csp_id=1008, page_id=15500, browser=Firefox
Testing: csp_id=1008, page_id=15600, browser=Firefox
Testing: csp_id=1008, page_id=15700, browser=Firefox
Testing: csp_id=1008, page_id=15800, browser=Firefox
Testing: csp_id=1008, page_id=15900, browser=Firefox
Testing: csp_id=1008, page_id=16000, browser=Firefox
Testing: csp_id=1008, page_id=16100, browser=Firefox
Testing: csp_id=1008, page_id=16200, browser=Firefox
Testing: csp_id=1008, page_id=16300, browser=Firefox
Testing: csp_id=1008, page_id=16400, browser=Firefox
Testing: csp_id=1008, page_id=16500, browser=Firefox
Testing: csp_id=1008, page_id=16600, browser=Firefox
Testing: csp_id=1008, page_id=16700, browser=Firefox
Testing: csp_id=1008, page_id=16800, browser=Firefox
Testing: csp_id=1008, page_id=16900, browser=Firefox
Testing: csp_id=1008, page_id=17000, browser=Firefox
Testing: csp_id=1008, page_id=17100, browser=Firefox
Testing: csp_id=1008, page_id=17200, browser=Firefox
Testing: csp_id=1008, page_id=17300, browser=Firefox
Testing: csp_id=1008, page_id=17400, browser=Firefox
Testing: csp_id=1008, page_id=17500, browser=Firefox
Testing: csp_id=1008, page_id=17600, browser=Firefox
Testing: csp_id=1008, page_id=17700, browser=Firefox
Testing: csp_id=1008, page_id=17800, browser=Firefox
Testing: csp_id=1008, page_id=17900, browser=Firefox
Testing: csp_id=1008, page_id=18000, browser=Firefox
Testing: csp_id=1008, page_id=18100, browser=Firefox
Testing: csp_id=1008, page_id=18200, browser=Firefox
Testing: csp_id=1008, page_id=18300, browser=Firefox
Testing: csp_id=1008, page_id=18400, browser=Firefox
Testing: csp_id=1008, page_id=18500, browser=Firefox
Testing: csp_id=1008, page_id=18600, browser=Firefox
Testing: csp_id=1008, page_id=18700, browser=Firefox
Testing: csp_id=1008, page_id=18800, browser=Firefox
Testing: csp_id=1008, page_id=18900, browser=Firefox
Testing: csp_id=1008, page_id=19000, browser=Firefox
Testing: csp_id=1008, page_id=19100, browser=Firefox
Testing: csp_id=1008, page_id=19200, browser=Firefox
Testing: csp_id=1008, page_id=19300, browser=Firefox
Testing: csp_id=1008, page_id=19400, browser=Firefox
Testing: csp_id=1008, page_id=19500, browser=Firefox
Testing: csp_id=1008, page_id=19600, browser=Firefox
Testing: csp_id=1008, page_id=19700, browser=Firefox
Testing: csp_id=1008, page_id=19800, browser=Firefox
Testing: csp_id=1008, page_id=19900, browser=Firefox
Testing: csp_id=1008, page_id=20000, browser=Firefox
Testing: csp_id=1008, page_id=20100, browser=Firefox
Testing: csp_id=1008, page_id=20200, browser=Firefox
Testing: csp_id=1008, page_id=20300, browser=Firefox
Testing: csp_id=1008, page_id=20400, browser=Firefox
Testing: csp_id=1008, page_id=20500, browser=Firefox
Testing: csp_id=1008, page_id=20600, browser=Firefox
Testing: csp_id=1008, page_id=20700, browser=Firefox
Testing: csp_id=1008, page_id=20800, browser=Firefox
Testing: csp_id=1008, page_id=20900, browser=Firefox
Testing: csp_id=1008, page_id=21000, browser=Firefox
Testing: csp_id=1008, page_id=21100, browser=Firefox
Testing: csp_id=1008, page_id=21200, browser=Firefox
Testing: csp_id=1008, page_id=21300, browser=Firefox
Testing: csp_id=1008, page_id=21400, browser=Firefox
Testing: csp_id=1008, page_id=21500, browser=Firefox
Testing: csp_id=1008, page_id=21600, browser=Firefox
Testing: csp_id=1008, page_id=21700, browser=Firefox
Testing: csp_id=1008, page_id=21800, browser=Firefox
Testing: csp_id=1008, page_id=21900, browser=Firefox
Testing: csp_id=1008, page_id=22000, browser=Firefox
Testing: csp_id=1008, page_id=22100, browser=Firefox
Testing: csp_id=1008, page_id=22200, browser=Firefox
Testing: csp_id=1008, page_id=22300, browser=Firefox
Testing: csp_id=1008, page_id=22400, browser=Firefox
Testing: csp_id=1008, page_id=22500, browser=Firefox
Testing: csp_id=1008, page_id=22600, browser=Firefox
Testing: csp_id=1008, page_id=22700, browser=Firefox
Testing: csp_id=1008, page_id=22800, browser=Firefox
Testing: csp_id=1008, page_id=22900, browser=Firefox
Testing: csp_id=1008, page_id=23000, browser=Firefox
Testing: csp_id=1008, page_id=23100, browser=Firefox
Testing: csp_id=1008, page_id=23200, browser=Firefox
Testing: csp_id=1008, page_id=23300, browser=Firefox
Testing: csp_id=1008, page_id=23400, browser=Firefox
Testing: csp_id=1008, page_id=23500, browser=Firefox
Testing: csp_id=1008, page_id=23600, browser=Firefox
Testing: csp_id=1008, page_id=23700, browser=Firefox
Testing: csp_id=1008, page_id=23800, browser=Firefox
Testing: csp_id=1008, page_id=23900, browser=Firefox
Testing: csp_id=1008, page_id=24000, browser=Firefox
Testing: csp_id=1008, page_id=24100, browser=Firefox
Testing: csp_id=1008, page_id=24200, browser=Firefox
Testing: csp_id=1008, page_id=24300, browser=Firefox
Testing: csp_id=1008, page_id=24400, browser=Firefox
Testing: csp_id=1008, page_id=24500, browser=Firefox
Testing: csp_id=1008, page_id=24600, browser=Firefox
Testing: csp_id=1008, page_id=24700, browser=Firefox
Testing: csp_id=1008, page_id=24800, browser=Firefox
Testing: csp_id=1008, page_id=24900, browser=Firefox
Testing: csp_id=1008, page_id=25000, browser=Firefox
Testing: csp_id=1008, page_id=25100, browser=Firefox
Testing: csp_id=1008, page_id=25200, browser=Firefox
Testing: csp_id=1008, page_id=25300, browser=Firefox
Testing: csp_id=1008, page_id=25400, browser=Firefox
Testing: csp_id=1008, page_id=25500, browser=Firefox
Testing: csp_id=1008, page_id=25600, browser=Firefox
Testing: csp_id=1008, page_id=25700, browser=Firefox
Testing: csp_id=1008, page_id=25800, browser=Firefox
Testing: csp_id=1008, page_id=25900, browser=Firefox
Testing: csp_id=1008, page_id=26000, browser=Firefox
Testing: csp_id=1008, page_id=26100, browser=Firefox
Testing: csp_id=1008, page_id=26200, browser=Firefox
Testing: csp_id=1008, page_id=26300, browser=Firefox
Testing: csp_id=1008, page_id=26400, browser=Firefox
Testing: csp_id=1008, page_id=26500, browser=Firefox
Testing: csp_id=1008, page_id=26600, browser=Firefox
Testing: csp_id=1008, page_id=26700, browser=Firefox
Testing: csp_id=1008, page_id=26800, browser=Firefox
Testing: csp_id=1008, page_id=26900, browser=Firefox
Testing: csp_id=1008, page_id=27000, browser=Firefox
Testing: csp_id=1008, page_id=27100, browser=Firefox
Testing: csp_id=1008, page_id=27200, browser=Firefox
Testing: csp_id=1008, page_id=27300, browser=Firefox
Testing: csp_id=1008, page_id=27400, browser=Firefox
Testing: csp_id=1008, page_id=27500, browser=Firefox
Testing: csp_id=1008, page_id=27600, browser=Firefox
Testing: csp_id=1008, page_id=27700, browser=Firefox
Testing: csp_id=1008, page_id=27800, browser=Firefox
Testing: csp_id=1008, page_id=27900, browser=Firefox
Testing: csp_id=1008, page_id=28000, browser=Firefox
Testing: csp_id=1008, page_id=28100, browser=Firefox
Testing: csp_id=1008, page_id=28200, browser=Firefox
Testing: csp_id=1008, page_id=28300, browser=Firefox
Testing: csp_id=1008, page_id=28400, browser=Firefox
Testing: csp_id=1008, page_id=28500, browser=Firefox
Testing: csp_id=1008, page_id=28600, browser=Firefox
Testing: csp_id=1008, page_id=28700, browser=Firefox
Testing: csp_id=1008, page_id=28800, browser=Firefox
Testing: csp_id=1008, page_id=28900, browser=Firefox
Testing: csp_id=1008, page_id=29000, browser=Firefox
Testing: csp_id=1008, page_id=29100, browser=Firefox
Testing: csp_id=1008, page_id=29200, browser=Firefox
Testing: csp_id=1008, page_id=29300, browser=Firefox
Testing: csp_id=1008, page_id=29400, browser=Firefox
Testing: csp_id=1008, page_id=29500, browser=Firefox
Testing: csp_id=1008, page_id=29600, browser=Firefox
Testing: csp_id=1008, page_id=29700, browser=Firefox
Testing: csp_id=1008, page_id=29800, browser=Firefox
🏊 create_context_pools[first] (5x16): 17.910s
Testing: csp_id=1021, page_id=0, browser=Firefox
Testing: csp_id=1021, page_id=100, browser=Firefox
Testing: csp_id=1021, page_id=200, browser=Firefox
Testing: csp_id=1021, page_id=300, browser=Firefox
Testing: csp_id=1021, page_id=400, browser=Firefox
Testing: csp_id=1021, page_id=500, browser=Firefox
Testing: csp_id=1021, page_id=600, browser=Firefox
Testing: csp_id=1021, page_id=700, browser=Firefox
Testing: csp_id=1021, page_id=800, browser=Firefox
Testing: csp_id=1021, page_id=900, browser=Firefox
Testing: csp_id=1021, page_id=1000, browser=Firefox
Testing: csp_id=1021, page_id=1100, browser=Firefox
Testing: csp_id=1021, page_id=1200, browser=Firefox
Testing: csp_id=1021, page_id=1300, browser=Firefox
Testing: csp_id=1021, page_id=1400, browser=Firefox
Testing: csp_id=1021, page_id=1500, browser=Firefox
Testing: csp_id=1021, page_id=1600, browser=Firefox
Testing: csp_id=1021, page_id=1700, browser=Firefox
Testing: csp_id=1021, page_id=1800, browser=Firefox
Testing: csp_id=1021, page_id=1900, browser=Firefox
Testing: csp_id=1021, page_id=2000, browser=Firefox
Testing: csp_id=1021, page_id=2100, browser=Firefox
Testing: csp_id=1021, page_id=2200, browser=Firefox
Testing: csp_id=1021, page_id=2300, browser=Firefox
Testing: csp_id=1021, page_id=2400, browser=Firefox
Testing: csp_id=1021, page_id=2500, browser=Firefox
Testing: csp_id=1021, page_id=2600, browser=Firefox
Testing: csp_id=1021, page_id=2700, browser=Firefox
Testing: csp_id=1021, page_id=2800, browser=Firefox
Testing: csp_id=1021, page_id=2900, browser=Firefox
Testing: csp_id=1021, page_id=3000, browser=Firefox
Testing: csp_id=1021, page_id=3100, browser=Firefox
Testing: csp_id=1021, page_id=3200, browser=Firefox
Testing: csp_id=1021, page_id=3300, browser=Firefox
Testing: csp_id=1021, page_id=3400, browser=Firefox
Testing: csp_id=1021, page_id=3500, browser=Firefox
Testing: csp_id=1021, page_id=3600, browser=Firefox
Testing: csp_id=1021, page_id=3700, browser=Firefox
Testing: csp_id=1021, page_id=3800, browser=Firefox
Testing: csp_id=1021, page_id=3900, browser=Firefox
Testing: csp_id=1021, page_id=4000, browser=Firefox
Testing: csp_id=1021, page_id=4100, browser=Firefox
Testing: csp_id=1021, page_id=4200, browser=Firefox
Testing: csp_id=1021, page_id=4300, browser=Firefox
Testing: csp_id=1021, page_id=4400, browser=Firefox
Testing: csp_id=1021, page_id=4500, browser=Firefox
Testing: csp_id=1021, page_id=4600, browser=Firefox
Testing: csp_id=1021, page_id=4700, browser=Firefox
Testing: csp_id=1021, page_id=4800, browser=Firefox
Testing: csp_id=1021, page_id=4900, browser=Firefox
Testing: csp_id=1021, page_id=5000, browser=Firefox
Testing: csp_id=1021, page_id=5100, browser=Firefox
Testing: csp_id=1021, page_id=5200, browser=Firefox
Testing: csp_id=1021, page_id=5300, browser=Firefox
Testing: csp_id=1021, page_id=5400, browser=Firefox
Testing: csp_id=1021, page_id=5500, browser=Firefox
Testing: csp_id=1021, page_id=5600, browser=Firefox
Testing: csp_id=1021, page_id=5700, browser=Firefox
Testing: csp_id=1021, page_id=5800, browser=Firefox
Testing: csp_id=1021, page_id=5900, browser=Firefox
Testing: csp_id=1021, page_id=6000, browser=Firefox
Testing: csp_id=1021, page_id=6100, browser=Firefox
Testing: csp_id=1021, page_id=6200, browser=Firefox
Testing: csp_id=1021, page_id=6300, browser=Firefox
Testing: csp_id=1021, page_id=6400, browser=Firefox
Testing: csp_id=1021, page_id=6500, browser=Firefox
Testing: csp_id=1021, page_id=6600, browser=Firefox
Testing: csp_id=1021, page_id=6700, browser=Firefox
Testing: csp_id=1021, page_id=6800, browser=Firefox
Testing: csp_id=1021, page_id=6900, browser=Firefox
Testing: csp_id=1021, page_id=7000, browser=Firefox
Testing: csp_id=1021, page_id=7100, browser=Firefox
Testing: csp_id=1021, page_id=7200, browser=Firefox
Testing: csp_id=1021, page_id=7300, browser=Firefox
Testing: csp_id=1021, page_id=7400, browser=Firefox
Testing: csp_id=1021, page_id=7500, browser=Firefox
Testing: csp_id=1021, page_id=7600, browser=Firefox
Testing: csp_id=1021, page_id=7700, browser=Firefox
Testing: csp_id=1021, page_id=7800, browser=Firefox
Testing: csp_id=1021, page_id=7900, browser=Firefox
Testing: csp_id=1021, page_id=8000, browser=Firefox
Testing: csp_id=1021, page_id=8100, browser=Firefox
Testing: csp_id=1021, page_id=8200, browser=Firefox
Testing: csp_id=1021, page_id=8300, browser=Firefox
Testing: csp_id=1021, page_id=8400, browser=Firefox
Testing: csp_id=1021, page_id=8500, browser=Firefox
Testing: csp_id=1021, page_id=8600, browser=Firefox
Testing: csp_id=1021, page_id=8700, browser=Firefox
Testing: csp_id=1021, page_id=8800, browser=Firefox
Testing: csp_id=1021, page_id=8900, browser=Firefox
Testing: csp_id=1021, page_id=9000, browser=Firefox
Testing: csp_id=1021, page_id=9100, browser=Firefox
Testing: csp_id=1021, page_id=9200, browser=Firefox
Testing: csp_id=1021, page_id=9300, browser=Firefox
Testing: csp_id=1021, page_id=9400, browser=Firefox
Testing: csp_id=1021, page_id=9500, browser=Firefox
Testing: csp_id=1021, page_id=9600, browser=Firefox
Testing: csp_id=1021, page_id=9700, browser=Firefox
Testing: csp_id=1021, page_id=9800, browser=Firefox
Testing: csp_id=1021, page_id=9900, browser=Firefox
Testing: csp_id=1021, page_id=10000, browser=Firefox
Testing: csp_id=1021, page_id=10100, browser=Firefox
Testing: csp_id=1021, page_id=10200, browser=Firefox
Testing: csp_id=1021, page_id=10300, browser=Firefox
Testing: csp_id=1021, page_id=10400, browser=Firefox
Testing: csp_id=1021, page_id=10500, browser=Firefox
Testing: csp_id=1021, page_id=10600, browser=Firefox
Testing: csp_id=1021, page_id=10700, browser=Firefox
Testing: csp_id=1021, page_id=10800, browser=Firefox
Testing: csp_id=1021, page_id=10900, browser=Firefox
Testing: csp_id=1021, page_id=11000, browser=Firefox
Testing: csp_id=1021, page_id=11100, browser=Firefox
Testing: csp_id=1021, page_id=11200, browser=Firefox
Testing: csp_id=1021, page_id=11300, browser=Firefox
Testing: csp_id=1021, page_id=11400, browser=Firefox
Testing: csp_id=1021, page_id=11500, browser=Firefox
Testing: csp_id=1021, page_id=11600, browser=Firefox
Testing: csp_id=1021, page_id=11700, browser=Firefox
Testing: csp_id=1021, page_id=11800, browser=Firefox
Testing: csp_id=1021, page_id=11900, browser=Firefox
Testing: csp_id=1021, page_id=12000, browser=Firefox
Testing: csp_id=1021, page_id=12100, browser=Firefox
Testing: csp_id=1021, page_id=12200, browser=Firefox
Testing: csp_id=1021, page_id=12300, browser=Firefox
Testing: csp_id=1021, page_id=12400, browser=Firefox
Testing: csp_id=1021, page_id=12500, browser=Firefox
Testing: csp_id=1021, page_id=12600, browser=Firefox
Testing: csp_id=1021, page_id=12700, browser=Firefox
Testing: csp_id=1021, page_id=12800, browser=Firefox
Testing: csp_id=1021, page_id=12900, browser=Firefox
Testing: csp_id=1021, page_id=13000, browser=Firefox
Testing: csp_id=1021, page_id=13100, browser=Firefox
Testing: csp_id=1021, page_id=13200, browser=Firefox
Testing: csp_id=1021, page_id=13300, browser=Firefox
Testing: csp_id=1021, page_id=13400, browser=Firefox
Testing: csp_id=1021, page_id=13500, browser=Firefox
Testing: csp_id=1021, page_id=13600, browser=Firefox
Testing: csp_id=1021, page_id=13700, browser=Firefox
Testing: csp_id=1021, page_id=13800, browser=Firefox
Testing: csp_id=1021, page_id=13900, browser=Firefox
Testing: csp_id=1021, page_id=14000, browser=Firefox
Testing: csp_id=1021, page_id=14100, browser=Firefox
Testing: csp_id=1021, page_id=14200, browser=Firefox
Testing: csp_id=1021, page_id=14300, browser=Firefox
Testing: csp_id=1021, page_id=14400, browser=Firefox
Testing: csp_id=1021, page_id=14500, browser=Firefox
Testing: csp_id=1021, page_id=14600, browser=Firefox
Testing: csp_id=1021, page_id=14700, browser=Firefox
Testing: csp_id=1021, page_id=14800, browser=Firefox
Testing: csp_id=1021, page_id=14900, browser=Firefox
Testing: csp_id=1021, page_id=15000, browser=Firefox
Testing: csp_id=1021, page_id=15100, browser=Firefox
Testing: csp_id=1021, page_id=15200, browser=Firefox
Testing: csp_id=1021, page_id=15300, browser=Firefox
Testing: csp_id=1021, page_id=15400, browser=Firefox
Testing: csp_id=1021, page_id=15500, browser=Firefox
Testing: csp_id=1021, page_id=15600, browser=Firefox
Testing: csp_id=1021, page_id=15700, browser=Firefox
Testing: csp_id=1021, page_id=15800, browser=Firefox
Testing: csp_id=1021, page_id=15900, browser=Firefox
Testing: csp_id=1021, page_id=16000, browser=Firefox
Testing: csp_id=1021, page_id=16100, browser=Firefox
Testing: csp_id=1021, page_id=16200, browser=Firefox
Testing: csp_id=1021, page_id=16300, browser=Firefox
Testing: csp_id=1021, page_id=16400, browser=Firefox
Testing: csp_id=1021, page_id=16500, browser=Firefox
Testing: csp_id=1021, page_id=16600, browser=Firefox
Testing: csp_id=1021, page_id=16700, browser=Firefox
Testing: csp_id=1021, page_id=16800, browser=Firefox
Testing: csp_id=1021, page_id=16900, browser=Firefox
Testing: csp_id=1021, page_id=17000, browser=Firefox
Testing: csp_id=1021, page_id=17100, browser=Firefox
Testing: csp_id=1021, page_id=17200, browser=Firefox
Testing: csp_id=1021, page_id=17300, browser=Firefox
Testing: csp_id=1021, page_id=17400, browser=Firefox
Testing: csp_id=1021, page_id=17500, browser=Firefox
Testing: csp_id=1021, page_id=17600, browser=Firefox
Testing: csp_id=1021, page_id=17700, browser=Firefox
Testing: csp_id=1021, page_id=17800, browser=Firefox
Testing: csp_id=1021, page_id=17900, browser=Firefox
Testing: csp_id=1021, page_id=18000, browser=Firefox
Testing: csp_id=1021, page_id=18100, browser=Firefox
Testing: csp_id=1021, page_id=18200, browser=Firefox
Testing: csp_id=1021, page_id=18300, browser=Firefox
Testing: csp_id=1021, page_id=18400, browser=Firefox
Testing: csp_id=1021, page_id=18500, browser=Firefox
Testing: csp_id=1021, page_id=18600, browser=Firefox
Testing: csp_id=1021, page_id=18700, browser=Firefox
Testing: csp_id=1021, page_id=18800, browser=Firefox
Testing: csp_id=1021, page_id=18900, browser=Firefox
Testing: csp_id=1021, page_id=19000, browser=Firefox
Testing: csp_id=1021, page_id=19100, browser=Firefox
Testing: csp_id=1021, page_id=19200, browser=Firefox
Testing: csp_id=1021, page_id=19300, browser=Firefox
Testing: csp_id=1021, page_id=19400, browser=Firefox
Testing: csp_id=1021, page_id=19500, browser=Firefox
Testing: csp_id=1021, page_id=19600, browser=Firefox
Testing: csp_id=1021, page_id=19700, browser=Firefox
Testing: csp_id=1021, page_id=19800, browser=Firefox
Testing: csp_id=1021, page_id=19900, browser=Firefox
Testing: csp_id=1021, page_id=20000, browser=Firefox
Testing: csp_id=1021, page_id=20100, browser=Firefox
Testing: csp_id=1021, page_id=20200, browser=Firefox
Testing: csp_id=1021, page_id=20300, browser=Firefox
Testing: csp_id=1021, page_id=20400, browser=Firefox
Testing: csp_id=1021, page_id=20500, browser=Firefox
Testing: csp_id=1021, page_id=20600, browser=Firefox
Testing: csp_id=1021, page_id=20700, browser=Firefox
Testing: csp_id=1021, page_id=20800, browser=Firefox
Testing: csp_id=1021, page_id=20900, browser=Firefox
Testing: csp_id=1021, page_id=21000, browser=Firefox
Testing: csp_id=1021, page_id=21100, browser=Firefox
Testing: csp_id=1021, page_id=21200, browser=Firefox
Testing: csp_id=1021, page_id=21300, browser=Firefox
Testing: csp_id=1021, page_id=21400, browser=Firefox
Testing: csp_id=1021, page_id=21500, browser=Firefox
Testing: csp_id=1021, page_id=21600, browser=Firefox
Testing: csp_id=1021, page_id=21700, browser=Firefox
Testing: csp_id=1021, page_id=21800, browser=Firefox
Testing: csp_id=1021, page_id=21900, browser=Firefox
Testing: csp_id=1021, page_id=22000, browser=Firefox
Testing: csp_id=1021, page_id=22100, browser=Firefox
Testing: csp_id=1021, page_id=22200, browser=Firefox
Testing: csp_id=1021, page_id=22300, browser=Firefox
Testing: csp_id=1021, page_id=22400, browser=Firefox
Testing: csp_id=1021, page_id=22500, browser=Firefox
Testing: csp_id=1021, page_id=22600, browser=Firefox
Testing: csp_id=1021, page_id=22700, browser=Firefox
Testing: csp_id=1021, page_id=22800, browser=Firefox
Testing: csp_id=1021, page_id=22900, browser=Firefox
Testing: csp_id=1021, page_id=23000, browser=Firefox
Testing: csp_id=1021, page_id=23100, browser=Firefox
Testing: csp_id=1021, page_id=23200, browser=Firefox
Testing: csp_id=1021, page_id=23300, browser=Firefox
Testing: csp_id=1021, page_id=23400, browser=Firefox
Testing: csp_id=1021, page_id=23500, browser=Firefox
Testing: csp_id=1021, page_id=23600, browser=Firefox
Testing: csp_id=1021, page_id=23700, browser=Firefox
Testing: csp_id=1021, page_id=23800, browser=Firefox
Testing: csp_id=1021, page_id=23900, browser=Firefox
Testing: csp_id=1021, page_id=24000, browser=Firefox
Testing: csp_id=1021, page_id=24100, browser=Firefox
Testing: csp_id=1021, page_id=24200, browser=Firefox
Testing: csp_id=1021, page_id=24300, browser=Firefox
Testing: csp_id=1021, page_id=24400, browser=Firefox
Testing: csp_id=1021, page_id=24500, browser=Firefox
Testing: csp_id=1021, page_id=24600, browser=Firefox
Testing: csp_id=1021, page_id=24700, browser=Firefox
Testing: csp_id=1021, page_id=24800, browser=Firefox
Testing: csp_id=1021, page_id=24900, browser=Firefox
Testing: csp_id=1021, page_id=25000, browser=Firefox
Testing: csp_id=1021, page_id=25100, browser=Firefox
Testing: csp_id=1021, page_id=25200, browser=Firefox
Testing: csp_id=1021, page_id=25300, browser=Firefox
Testing: csp_id=1021, page_id=25400, browser=Firefox
Testing: csp_id=1021, page_id=25500, browser=Firefox
Testing: csp_id=1021, page_id=25600, browser=Firefox
Testing: csp_id=1021, page_id=25700, browser=Firefox
Testing: csp_id=1021, page_id=25800, browser=Firefox
Testing: csp_id=1021, page_id=25900, browser=Firefox
Testing: csp_id=1021, page_id=26000, browser=Firefox
Testing: csp_id=1021, page_id=26100, browser=Firefox
Testing: csp_id=1021, page_id=26200, browser=Firefox
Testing: csp_id=1021, page_id=26300, browser=Firefox
Testing: csp_id=1021, page_id=26400, browser=Firefox
Testing: csp_id=1021, page_id=26500, browser=Firefox
Testing: csp_id=1021, page_id=26600, browser=Firefox
Testing: csp_id=1021, page_id=26700, browser=Firefox
Testing: csp_id=1021, page_id=26800, browser=Firefox
Testing: csp_id=1021, page_id=26900, browser=Firefox
Testing: csp_id=1021, page_id=27000, browser=Firefox
Testing: csp_id=1021, page_id=27100, browser=Firefox
Testing: csp_id=1021, page_id=27200, browser=Firefox
Testing: csp_id=1021, page_id=27300, browser=Firefox
Testing: csp_id=1021, page_id=27400, browser=Firefox
Testing: csp_id=1021, page_id=27500, browser=Firefox
Testing: csp_id=1021, page_id=27600, browser=Firefox
Testing: csp_id=1021, page_id=27700, browser=Firefox
Testing: csp_id=1021, page_id=27800, browser=Firefox
Testing: csp_id=1021, page_id=27900, browser=Firefox
Testing: csp_id=1021, page_id=28000, browser=Firefox
Testing: csp_id=1021, page_id=28100, browser=Firefox
Testing: csp_id=1021, page_id=28200, browser=Firefox
Testing: csp_id=1021, page_id=28300, browser=Firefox
Testing: csp_id=1021, page_id=28400, browser=Firefox
Testing: csp_id=1021, page_id=28500, browser=Firefox
Testing: csp_id=1021, page_id=28600, browser=Firefox
Testing: csp_id=1021, page_id=28700, browser=Firefox
Testing: csp_id=1021, page_id=28800, browser=Firefox
Testing: csp_id=1021, page_id=28900, browser=Firefox
Testing: csp_id=1021, page_id=29000, browser=Firefox
Testing: csp_id=1021, page_id=29100, browser=Firefox
Testing: csp_id=1021, page_id=29200, browser=Firefox
Testing: csp_id=1021, page_id=29300, browser=Firefox
Testing: csp_id=1021, page_id=29400, browser=Firefox
Testing: csp_id=1021, page_id=29500, browser=Firefox
Testing: csp_id=1021, page_id=29600, browser=Firefox
Testing: csp_id=1021, page_id=29700, browser=Firefox
Testing: csp_id=1021, page_id=29800, browser=Firefox
🏊 create_context_pools[first] (5x16): 17.377s
Testing: csp_id=1035, page_id=0, browser=Firefox
Testing: csp_id=1035, page_id=100, browser=Firefox
Testing: csp_id=1035, page_id=200, browser=Firefox
Testing: csp_id=1035, page_id=300, browser=Firefox
Testing: csp_id=1035, page_id=400, browser=Firefox
Testing: csp_id=1035, page_id=500, browser=Firefox
Testing: csp_id=1035, page_id=600, browser=Firefox
Testing: csp_id=1035, page_id=700, browser=Firefox
Testing: csp_id=1035, page_id=800, browser=Firefox
Testing: csp_id=1035, page_id=900, browser=Firefox
Testing: csp_id=1035, page_id=1000, browser=Firefox
Testing: csp_id=1035, page_id=1100, browser=Firefox
Testing: csp_id=1035, page_id=1200, browser=Firefox
Testing: csp_id=1035, page_id=1300, browser=Firefox
Testing: csp_id=1035, page_id=1400, browser=Firefox
Testing: csp_id=1035, page_id=1500, browser=Firefox
Testing: csp_id=1035, page_id=1600, browser=Firefox
Testing: csp_id=1035, page_id=1700, browser=Firefox
Testing: csp_id=1035, page_id=1800, browser=Firefox
Testing: csp_id=1035, page_id=1900, browser=Firefox
Testing: csp_id=1035, page_id=2000, browser=Firefox
Testing: csp_id=1035, page_id=2100, browser=Firefox
Testing: csp_id=1035, page_id=2200, browser=Firefox
Testing: csp_id=1035, page_id=2300, browser=Firefox
Testing: csp_id=1035, page_id=2400, browser=Firefox
Testing: csp_id=1035, page_id=2500, browser=Firefox
Testing: csp_id=1035, page_id=2600, browser=Firefox
Testing: csp_id=1035, page_id=2700, browser=Firefox
Testing: csp_id=1035, page_id=2800, browser=Firefox
Testing: csp_id=1035, page_id=2900, browser=Firefox
Testing: csp_id=1035, page_id=3000, browser=Firefox
Testing: csp_id=1035, page_id=3100, browser=Firefox
Testing: csp_id=1035, page_id=3200, browser=Firefox
Testing: csp_id=1035, page_id=3300, browser=Firefox
Testing: csp_id=1035, page_id=3400, browser=Firefox
Testing: csp_id=1035, page_id=3500, browser=Firefox
Testing: csp_id=1035, page_id=3600, browser=Firefox
Testing: csp_id=1035, page_id=3700, browser=Firefox
Testing: csp_id=1035, page_id=3800, browser=Firefox
Testing: csp_id=1035, page_id=3900, browser=Firefox
Testing: csp_id=1035, page_id=4000, browser=Firefox
Testing: csp_id=1035, page_id=4100, browser=Firefox
Testing: csp_id=1035, page_id=4200, browser=Firefox
Testing: csp_id=1035, page_id=4300, browser=Firefox
Testing: csp_id=1035, page_id=4400, browser=Firefox
Testing: csp_id=1035, page_id=4500, browser=Firefox
Testing: csp_id=1035, page_id=4600, browser=Firefox
Testing: csp_id=1035, page_id=4700, browser=Firefox
Testing: csp_id=1035, page_id=4800, browser=Firefox
Testing: csp_id=1035, page_id=4900, browser=Firefox
Testing: csp_id=1035, page_id=5000, browser=Firefox
Testing: csp_id=1035, page_id=5100, browser=Firefox
Testing: csp_id=1035, page_id=5200, browser=Firefox
Testing: csp_id=1035, page_id=5300, browser=Firefox
Testing: csp_id=1035, page_id=5400, browser=Firefox
Testing: csp_id=1035, page_id=5500, browser=Firefox
Testing: csp_id=1035, page_id=5600, browser=Firefox
Testing: csp_id=1035, page_id=5700, browser=Firefox
Testing: csp_id=1035, page_id=5800, browser=Firefox
Testing: csp_id=1035, page_id=5900, browser=Firefox
Testing: csp_id=1035, page_id=6000, browser=Firefox
Testing: csp_id=1035, page_id=6100, browser=Firefox
Testing: csp_id=1035, page_id=6200, browser=Firefox
Testing: csp_id=1035, page_id=6300, browser=Firefox
Testing: csp_id=1035, page_id=6400, browser=Firefox
Testing: csp_id=1035, page_id=6500, browser=Firefox
Testing: csp_id=1035, page_id=6600, browser=Firefox
Testing: csp_id=1035, page_id=6700, browser=Firefox
Testing: csp_id=1035, page_id=6800, browser=Firefox
Testing: csp_id=1035, page_id=6900, browser=Firefox
Testing: csp_id=1035, page_id=7000, browser=Firefox
Testing: csp_id=1035, page_id=7100, browser=Firefox
Testing: csp_id=1035, page_id=7200, browser=Firefox
Testing: csp_id=1035, page_id=7300, browser=Firefox
Testing: csp_id=1035, page_id=7400, browser=Firefox
Testing: csp_id=1035, page_id=7500, browser=Firefox
Testing: csp_id=1035, page_id=7600, browser=Firefox
Testing: csp_id=1035, page_id=7700, browser=Firefox
Testing: csp_id=1035, page_id=7800, browser=Firefox
Testing: csp_id=1035, page_id=7900, browser=Firefox
Testing: csp_id=1035, page_id=8000, browser=Firefox
Testing: csp_id=1035, page_id=8100, browser=Firefox
Testing: csp_id=1035, page_id=8200, browser=Firefox
Testing: csp_id=1035, page_id=8300, browser=Firefox
Testing: csp_id=1035, page_id=8400, browser=Firefox
Testing: csp_id=1035, page_id=8500, browser=Firefox
Testing: csp_id=1035, page_id=8600, browser=Firefox
Testing: csp_id=1035, page_id=8700, browser=Firefox
Testing: csp_id=1035, page_id=8800, browser=Firefox
Testing: csp_id=1035, page_id=8900, browser=Firefox
Testing: csp_id=1035, page_id=9000, browser=Firefox
Testing: csp_id=1035, page_id=9100, browser=Firefox
Testing: csp_id=1035, page_id=9200, browser=Firefox
Testing: csp_id=1035, page_id=9300, browser=Firefox
Testing: csp_id=1035, page_id=9400, browser=Firefox
Testing: csp_id=1035, page_id=9500, browser=Firefox
Testing: csp_id=1035, page_id=9600, browser=Firefox
Testing: csp_id=1035, page_id=9700, browser=Firefox
Testing: csp_id=1035, page_id=9800, browser=Firefox
Testing: csp_id=1035, page_id=9900, browser=Firefox
Testing: csp_id=1035, page_id=10000, browser=Firefox
Testing: csp_id=1035, page_id=10100, browser=Firefox
Testing: csp_id=1035, page_id=10200, browser=Firefox
Testing: csp_id=1035, page_id=10300, browser=Firefox
Testing: csp_id=1035, page_id=10400, browser=Firefox
Testing: csp_id=1035, page_id=10500, browser=Firefox
Testing: csp_id=1035, page_id=10600, browser=Firefox
Testing: csp_id=1035, page_id=10700, browser=Firefox
Testing: csp_id=1035, page_id=10800, browser=Firefox
Testing: csp_id=1035, page_id=10900, browser=Firefox
Testing: csp_id=1035, page_id=11000, browser=Firefox
Testing: csp_id=1035, page_id=11100, browser=Firefox
Testing: csp_id=1035, page_id=11200, browser=Firefox
Testing: csp_id=1035, page_id=11300, browser=Firefox
Testing: csp_id=1035, page_id=11400, browser=Firefox
Testing: csp_id=1035, page_id=11500, browser=Firefox
Testing: csp_id=1035, page_id=11600, browser=Firefox
Testing: csp_id=1035, page_id=11700, browser=Firefox
Testing: csp_id=1035, page_id=11800, browser=Firefox
Testing: csp_id=1035, page_id=11900, browser=Firefox
Testing: csp_id=1035, page_id=12000, browser=Firefox
Testing: csp_id=1035, page_id=12100, browser=Firefox
Testing: csp_id=1035, page_id=12200, browser=Firefox
Testing: csp_id=1035, page_id=12300, browser=Firefox
Testing: csp_id=1035, page_id=12400, browser=Firefox
Testing: csp_id=1035, page_id=12500, browser=Firefox
Testing: csp_id=1035, page_id=12600, browser=Firefox
Testing: csp_id=1035, page_id=12700, browser=Firefox
Testing: csp_id=1035, page_id=12800, browser=Firefox
Testing: csp_id=1035, page_id=12900, browser=Firefox
Testing: csp_id=1035, page_id=13000, browser=Firefox
Testing: csp_id=1035, page_id=13100, browser=Firefox
Testing: csp_id=1035, page_id=13200, browser=Firefox
Testing: csp_id=1035, page_id=13300, browser=Firefox
Testing: csp_id=1035, page_id=13400, browser=Firefox
Testing: csp_id=1035, page_id=13500, browser=Firefox
Testing: csp_id=1035, page_id=13600, browser=Firefox
Testing: csp_id=1035, page_id=13700, browser=Firefox
Testing: csp_id=1035, page_id=13800, browser=Firefox
Testing: csp_id=1035, page_id=13900, browser=Firefox
Testing: csp_id=1035, page_id=14000, browser=Firefox
Testing: csp_id=1035, page_id=14100, browser=Firefox
Testing: csp_id=1035, page_id=14200, browser=Firefox
Testing: csp_id=1035, page_id=14300, browser=Firefox
Testing: csp_id=1035, page_id=14400, browser=Firefox
Testing: csp_id=1035, page_id=14500, browser=Firefox
Testing: csp_id=1035, page_id=14600, browser=Firefox
Testing: csp_id=1035, page_id=14700, browser=Firefox
Testing: csp_id=1035, page_id=14800, browser=Firefox
Testing: csp_id=1035, page_id=14900, browser=Firefox
Testing: csp_id=1035, page_id=15000, browser=Firefox
Testing: csp_id=1035, page_id=15100, browser=Firefox
Testing: csp_id=1035, page_id=15200, browser=Firefox
Testing: csp_id=1035, page_id=15300, browser=Firefox
Testing: csp_id=1035, page_id=15400, browser=Firefox
Testing: csp_id=1035, page_id=15500, browser=Firefox
Testing: csp_id=1035, page_id=15600, browser=Firefox
Testing: csp_id=1035, page_id=15700, browser=Firefox
Testing: csp_id=1035, page_id=15800, browser=Firefox
Testing: csp_id=1035, page_id=15900, browser=Firefox
Testing: csp_id=1035, page_id=16000, browser=Firefox
Testing: csp_id=1035, page_id=16100, browser=Firefox
Testing: csp_id=1035, page_id=16200, browser=Firefox
Testing: csp_id=1035, page_id=16300, browser=Firefox
Testing: csp_id=1035, page_id=16400, browser=Firefox
Testing: csp_id=1035, page_id=16500, browser=Firefox
Testing: csp_id=1035, page_id=16600, browser=Firefox
Testing: csp_id=1035, page_id=16700, browser=Firefox
Testing: csp_id=1035, page_id=16800, browser=Firefox
Testing: csp_id=1035, page_id=16900, browser=Firefox
Testing: csp_id=1035, page_id=17000, browser=Firefox
Testing: csp_id=1035, page_id=17100, browser=Firefox
Testing: csp_id=1035, page_id=17200, browser=Firefox
Testing: csp_id=1035, page_id=17300, browser=Firefox
Testing: csp_id=1035, page_id=17400, browser=Firefox
Testing: csp_id=1035, page_id=17500, browser=Firefox
Testing: csp_id=1035, page_id=17600, browser=Firefox
Testing: csp_id=1035, page_id=17700, browser=Firefox
Testing: csp_id=1035, page_id=17800, browser=Firefox
Testing: csp_id=1035, page_id=17900, browser=Firefox
Testing: csp_id=1035, page_id=18000, browser=Firefox
Testing: csp_id=1035, page_id=18100, browser=Firefox
Testing: csp_id=1035, page_id=18200, browser=Firefox
Testing: csp_id=1035, page_id=18300, browser=Firefox
Testing: csp_id=1035, page_id=18400, browser=Firefox
Testing: csp_id=1035, page_id=18500, browser=Firefox
Testing: csp_id=1035, page_id=18600, browser=Firefox
Testing: csp_id=1035, page_id=18700, browser=Firefox
Testing: csp_id=1035, page_id=18800, browser=Firefox
Testing: csp_id=1035, page_id=18900, browser=Firefox
Testing: csp_id=1035, page_id=19000, browser=Firefox
Testing: csp_id=1035, page_id=19100, browser=Firefox
Testing: csp_id=1035, page_id=19200, browser=Firefox
Testing: csp_id=1035, page_id=19300, browser=Firefox
Testing: csp_id=1035, page_id=19400, browser=Firefox
Testing: csp_id=1035, page_id=19500, browser=Firefox
Testing: csp_id=1035, page_id=19600, browser=Firefox
Testing: csp_id=1035, page_id=19700, browser=Firefox
Testing: csp_id=1035, page_id=19800, browser=Firefox
Testing: csp_id=1035, page_id=19900, browser=Firefox
Testing: csp_id=1035, page_id=20000, browser=Firefox
Testing: csp_id=1035, page_id=20100, browser=Firefox
Testing: csp_id=1035, page_id=20200, browser=Firefox
Testing: csp_id=1035, page_id=20300, browser=Firefox
Testing: csp_id=1035, page_id=20400, browser=Firefox
Testing: csp_id=1035, page_id=20500, browser=Firefox
Testing: csp_id=1035, page_id=20600, browser=Firefox
Testing: csp_id=1035, page_id=20700, browser=Firefox
Testing: csp_id=1035, page_id=20800, browser=Firefox
Testing: csp_id=1035, page_id=20900, browser=Firefox
Testing: csp_id=1035, page_id=21000, browser=Firefox
Testing: csp_id=1035, page_id=21100, browser=Firefox
Testing: csp_id=1035, page_id=21200, browser=Firefox
Testing: csp_id=1035, page_id=21300, browser=Firefox
Testing: csp_id=1035, page_id=21400, browser=Firefox
Testing: csp_id=1035, page_id=21500, browser=Firefox
Testing: csp_id=1035, page_id=21600, browser=Firefox
Testing: csp_id=1035, page_id=21700, browser=Firefox
Testing: csp_id=1035, page_id=21800, browser=Firefox
Testing: csp_id=1035, page_id=21900, browser=Firefox
Testing: csp_id=1035, page_id=22000, browser=Firefox
Testing: csp_id=1035, page_id=22100, browser=Firefox
Testing: csp_id=1035, page_id=22200, browser=Firefox
Testing: csp_id=1035, page_id=22300, browser=Firefox
Testing: csp_id=1035, page_id=22400, browser=Firefox
Testing: csp_id=1035, page_id=22500, browser=Firefox
Testing: csp_id=1035, page_id=22600, browser=Firefox
Testing: csp_id=1035, page_id=22700, browser=Firefox
Testing: csp_id=1035, page_id=22800, browser=Firefox
Testing: csp_id=1035, page_id=22900, browser=Firefox
Testing: csp_id=1035, page_id=23000, browser=Firefox
Testing: csp_id=1035, page_id=23100, browser=Firefox
Testing: csp_id=1035, page_id=23200, browser=Firefox
Testing: csp_id=1035, page_id=23300, browser=Firefox
Testing: csp_id=1035, page_id=23400, browser=Firefox
Testing: csp_id=1035, page_id=23500, browser=Firefox
Testing: csp_id=1035, page_id=23600, browser=Firefox
Testing: csp_id=1035, page_id=23700, browser=Firefox
Testing: csp_id=1035, page_id=23800, browser=Firefox
Testing: csp_id=1035, page_id=23900, browser=Firefox
Testing: csp_id=1035, page_id=24000, browser=Firefox
Testing: csp_id=1035, page_id=24100, browser=Firefox
Testing: csp_id=1035, page_id=24200, browser=Firefox
Testing: csp_id=1035, page_id=24300, browser=Firefox
Testing: csp_id=1035, page_id=24400, browser=Firefox
Testing: csp_id=1035, page_id=24500, browser=Firefox
Testing: csp_id=1035, page_id=24600, browser=Firefox
Testing: csp_id=1035, page_id=24700, browser=Firefox
Testing: csp_id=1035, page_id=24800, browser=Firefox
Testing: csp_id=1035, page_id=24900, browser=Firefox
Testing: csp_id=1035, page_id=25000, browser=Firefox
Testing: csp_id=1035, page_id=25100, browser=Firefox
Testing: csp_id=1035, page_id=25200, browser=Firefox
Testing: csp_id=1035, page_id=25300, browser=Firefox
Testing: csp_id=1035, page_id=25400, browser=Firefox
Testing: csp_id=1035, page_id=25500, browser=Firefox
Testing: csp_id=1035, page_id=25600, browser=Firefox
Testing: csp_id=1035, page_id=25700, browser=Firefox
Testing: csp_id=1035, page_id=25800, browser=Firefox
Testing: csp_id=1035, page_id=25900, browser=Firefox
Testing: csp_id=1035, page_id=26000, browser=Firefox
Testing: csp_id=1035, page_id=26100, browser=Firefox
Testing: csp_id=1035, page_id=26200, browser=Firefox
Testing: csp_id=1035, page_id=26300, browser=Firefox
Testing: csp_id=1035, page_id=26400, browser=Firefox
Testing: csp_id=1035, page_id=26500, browser=Firefox
Testing: csp_id=1035, page_id=26600, browser=Firefox
Testing: csp_id=1035, page_id=26700, browser=Firefox
Testing: csp_id=1035, page_id=26800, browser=Firefox
Testing: csp_id=1035, page_id=26900, browser=Firefox
Testing: csp_id=1035, page_id=27000, browser=Firefox
Testing: csp_id=1035, page_id=27100, browser=Firefox
Testing: csp_id=1035, page_id=27200, browser=Firefox
Testing: csp_id=1035, page_id=27300, browser=Firefox
Testing: csp_id=1035, page_id=27400, browser=Firefox
Testing: csp_id=1035, page_id=27500, browser=Firefox
Testing: csp_id=1035, page_id=27600, browser=Firefox
Testing: csp_id=1035, page_id=27700, browser=Firefox
Testing: csp_id=1035, page_id=27800, browser=Firefox
Testing: csp_id=1035, page_id=27900, browser=Firefox
Testing: csp_id=1035, page_id=28000, browser=Firefox
Testing: csp_id=1035, page_id=28100, browser=Firefox
Testing: csp_id=1035, page_id=28200, browser=Firefox
Testing: csp_id=1035, page_id=28300, browser=Firefox
Testing: csp_id=1035, page_id=28400, browser=Firefox
Testing: csp_id=1035, page_id=28500, browser=Firefox
Testing: csp_id=1035, page_id=28600, browser=Firefox
Testing: csp_id=1035, page_id=28700, browser=Firefox
Testing: csp_id=1035, page_id=28800, browser=Firefox
Testing: csp_id=1035, page_id=28900, browser=Firefox
Testing: csp_id=1035, page_id=29000, browser=Firefox
Testing: csp_id=1035, page_id=29100, browser=Firefox
Testing: csp_id=1035, page_id=29200, browser=Firefox
Testing: csp_id=1035, page_id=29300, browser=Firefox
Testing: csp_id=1035, page_id=29400, browser=Firefox
Testing: csp_id=1035, page_id=29500, browser=Firefox
Testing: csp_id=1035, page_id=29600, browser=Firefox
Testing: csp_id=1035, page_id=29700, browser=Firefox
Testing: csp_id=1035, page_id=29800, browser=Firefox
🏊 create_context_pools[first] (5x16): 17.388s
Testing: csp_id=1047, page_id=0, browser=Firefox
Testing: csp_id=1047, page_id=100, browser=Firefox
Testing: csp_id=1047, page_id=200, browser=Firefox
Testing: csp_id=1047, page_id=300, browser=Firefox
Testing: csp_id=1047, page_id=400, browser=Firefox
Testing: csp_id=1047, page_id=500, browser=Firefox
Testing: csp_id=1047, page_id=600, browser=Firefox
Testing: csp_id=1047, page_id=700, browser=Firefox
Testing: csp_id=1047, page_id=800, browser=Firefox
Testing: csp_id=1047, page_id=900, browser=Firefox
Testing: csp_id=1047, page_id=1000, browser=Firefox
Testing: csp_id=1047, page_id=1100, browser=Firefox
Testing: csp_id=1047, page_id=1200, browser=Firefox
Testing: csp_id=1047, page_id=1300, browser=Firefox
Testing: csp_id=1047, page_id=1400, browser=Firefox
Testing: csp_id=1047, page_id=1500, browser=Firefox
Testing: csp_id=1047, page_id=1600, browser=Firefox
Testing: csp_id=1047, page_id=1700, browser=Firefox
Testing: csp_id=1047, page_id=1800, browser=Firefox
Testing: csp_id=1047, page_id=1900, browser=Firefox
Testing: csp_id=1047, page_id=2000, browser=Firefox
Testing: csp_id=1047, page_id=2100, browser=Firefox
Testing: csp_id=1047, page_id=2200, browser=Firefox
Testing: csp_id=1047, page_id=2300, browser=Firefox
Testing: csp_id=1047, page_id=2400, browser=Firefox
Testing: csp_id=1047, page_id=2500, browser=Firefox
Testing: csp_id=1047, page_id=2600, browser=Firefox
Testing: csp_id=1047, page_id=2700, browser=Firefox
Testing: csp_id=1047, page_id=2800, browser=Firefox
Testing: csp_id=1047, page_id=2900, browser=Firefox
Testing: csp_id=1047, page_id=3000, browser=Firefox
Testing: csp_id=1047, page_id=3100, browser=Firefox
Testing: csp_id=1047, page_id=3200, browser=Firefox
Testing: csp_id=1047, page_id=3300, browser=Firefox
Testing: csp_id=1047, page_id=3400, browser=Firefox
Testing: csp_id=1047, page_id=3500, browser=Firefox
Testing: csp_id=1047, page_id=3600, browser=Firefox
Testing: csp_id=1047, page_id=3700, browser=Firefox
Testing: csp_id=1047, page_id=3800, browser=Firefox
Testing: csp_id=1047, page_id=3900, browser=Firefox
Testing: csp_id=1047, page_id=4000, browser=Firefox
Testing: csp_id=1047, page_id=4100, browser=Firefox
Testing: csp_id=1047, page_id=4200, browser=Firefox
Testing: csp_id=1047, page_id=4300, browser=Firefox
Testing: csp_id=1047, page_id=4400, browser=Firefox
Testing: csp_id=1047, page_id=4500, browser=Firefox
Testing: csp_id=1047, page_id=4600, browser=Firefox
Testing: csp_id=1047, page_id=4700, browser=Firefox
Testing: csp_id=1047, page_id=4800, browser=Firefox
Testing: csp_id=1047, page_id=4900, browser=Firefox
Testing: csp_id=1047, page_id=5000, browser=Firefox
Testing: csp_id=1047, page_id=5100, browser=Firefox
Testing: csp_id=1047, page_id=5200, browser=Firefox
Testing: csp_id=1047, page_id=5300, browser=Firefox
Testing: csp_id=1047, page_id=5400, browser=Firefox
Testing: csp_id=1047, page_id=5500, browser=Firefox
Testing: csp_id=1047, page_id=5600, browser=Firefox
Testing: csp_id=1047, page_id=5700, browser=Firefox
Testing: csp_id=1047, page_id=5800, browser=Firefox
Testing: csp_id=1047, page_id=5900, browser=Firefox
Testing: csp_id=1047, page_id=6000, browser=Firefox
Testing: csp_id=1047, page_id=6100, browser=Firefox
Testing: csp_id=1047, page_id=6200, browser=Firefox
Testing: csp_id=1047, page_id=6300, browser=Firefox
Testing: csp_id=1047, page_id=6400, browser=Firefox
Testing: csp_id=1047, page_id=6500, browser=Firefox
Testing: csp_id=1047, page_id=6600, browser=Firefox
Testing: csp_id=1047, page_id=6700, browser=Firefox
Testing: csp_id=1047, page_id=6800, browser=Firefox
Testing: csp_id=1047, page_id=6900, browser=Firefox
Testing: csp_id=1047, page_id=7000, browser=Firefox
Testing: csp_id=1047, page_id=7100, browser=Firefox
Testing: csp_id=1047, page_id=7200, browser=Firefox
Testing: csp_id=1047, page_id=7300, browser=Firefox
Testing: csp_id=1047, page_id=7400, browser=Firefox
Testing: csp_id=1047, page_id=7500, browser=Firefox
Testing: csp_id=1047, page_id=7600, browser=Firefox
Testing: csp_id=1047, page_id=7700, browser=Firefox
Testing: csp_id=1047, page_id=7800, browser=Firefox
Testing: csp_id=1047, page_id=7900, browser=Firefox
Testing: csp_id=1047, page_id=8000, browser=Firefox
Testing: csp_id=1047, page_id=8100, browser=Firefox
Testing: csp_id=1047, page_id=8200, browser=Firefox
Testing: csp_id=1047, page_id=8300, browser=Firefox
Testing: csp_id=1047, page_id=8400, browser=Firefox
Testing: csp_id=1047, page_id=8500, browser=Firefox
Testing: csp_id=1047, page_id=8600, browser=Firefox
Testing: csp_id=1047, page_id=8700, browser=Firefox
Testing: csp_id=1047, page_id=8800, browser=Firefox
Testing: csp_id=1047, page_id=8900, browser=Firefox
Testing: csp_id=1047, page_id=9000, browser=Firefox
Testing: csp_id=1047, page_id=9100, browser=Firefox
Testing: csp_id=1047, page_id=9200, browser=Firefox
Testing: csp_id=1047, page_id=9300, browser=Firefox
Testing: csp_id=1047, page_id=9400, browser=Firefox
Testing: csp_id=1047, page_id=9500, browser=Firefox
Testing: csp_id=1047, page_id=9600, browser=Firefox
Testing: csp_id=1047, page_id=9700, browser=Firefox
Testing: csp_id=1047, page_id=9800, browser=Firefox
Testing: csp_id=1047, page_id=9900, browser=Firefox
Testing: csp_id=1047, page_id=10000, browser=Firefox
Testing: csp_id=1047, page_id=10100, browser=Firefox
Testing: csp_id=1047, page_id=10200, browser=Firefox
Testing: csp_id=1047, page_id=10300, browser=Firefox
Testing: csp_id=1047, page_id=10400, browser=Firefox
Testing: csp_id=1047, page_id=10500, browser=Firefox
Testing: csp_id=1047, page_id=10600, browser=Firefox
Testing: csp_id=1047, page_id=10700, browser=Firefox
Testing: csp_id=1047, page_id=10800, browser=Firefox
Testing: csp_id=1047, page_id=10900, browser=Firefox
Testing: csp_id=1047, page_id=11000, browser=Firefox
Testing: csp_id=1047, page_id=11100, browser=Firefox
Testing: csp_id=1047, page_id=11200, browser=Firefox
Testing: csp_id=1047, page_id=11300, browser=Firefox
Testing: csp_id=1047, page_id=11400, browser=Firefox
Testing: csp_id=1047, page_id=11500, browser=Firefox
Testing: csp_id=1047, page_id=11600, browser=Firefox
Testing: csp_id=1047, page_id=11700, browser=Firefox
Testing: csp_id=1047, page_id=11800, browser=Firefox
Testing: csp_id=1047, page_id=11900, browser=Firefox
Testing: csp_id=1047, page_id=12000, browser=Firefox
Testing: csp_id=1047, page_id=12100, browser=Firefox
Testing: csp_id=1047, page_id=12200, browser=Firefox
Testing: csp_id=1047, page_id=12300, browser=Firefox
Testing: csp_id=1047, page_id=12400, browser=Firefox
Testing: csp_id=1047, page_id=12500, browser=Firefox
Testing: csp_id=1047, page_id=12600, browser=Firefox
Testing: csp_id=1047, page_id=12700, browser=Firefox
Testing: csp_id=1047, page_id=12800, browser=Firefox
Testing: csp_id=1047, page_id=12900, browser=Firefox
Testing: csp_id=1047, page_id=13000, browser=Firefox
Testing: csp_id=1047, page_id=13100, browser=Firefox
Testing: csp_id=1047, page_id=13200, browser=Firefox
Testing: csp_id=1047, page_id=13300, browser=Firefox
Testing: csp_id=1047, page_id=13400, browser=Firefox
Testing: csp_id=1047, page_id=13500, browser=Firefox
Testing: csp_id=1047, page_id=13600, browser=Firefox
Testing: csp_id=1047, page_id=13700, browser=Firefox
Testing: csp_id=1047, page_id=13800, browser=Firefox
Testing: csp_id=1047, page_id=13900, browser=Firefox
Testing: csp_id=1047, page_id=14000, browser=Firefox
Testing: csp_id=1047, page_id=14100, browser=Firefox
Testing: csp_id=1047, page_id=14200, browser=Firefox
Testing: csp_id=1047, page_id=14300, browser=Firefox
Testing: csp_id=1047, page_id=14400, browser=Firefox
Testing: csp_id=1047, page_id=14500, browser=Firefox
Testing: csp_id=1047, page_id=14600, browser=Firefox
Testing: csp_id=1047, page_id=14700, browser=Firefox
Testing: csp_id=1047, page_id=14800, browser=Firefox
Testing: csp_id=1047, page_id=14900, browser=Firefox
Testing: csp_id=1047, page_id=15000, browser=Firefox
Testing: csp_id=1047, page_id=15100, browser=Firefox
Testing: csp_id=1047, page_id=15200, browser=Firefox
Testing: csp_id=1047, page_id=15300, browser=Firefox
Testing: csp_id=1047, page_id=15400, browser=Firefox
Testing: csp_id=1047, page_id=15500, browser=Firefox
Testing: csp_id=1047, page_id=15600, browser=Firefox
Testing: csp_id=1047, page_id=15700, browser=Firefox
Testing: csp_id=1047, page_id=15800, browser=Firefox
Testing: csp_id=1047, page_id=15900, browser=Firefox
Testing: csp_id=1047, page_id=16000, browser=Firefox
Testing: csp_id=1047, page_id=16100, browser=Firefox
Testing: csp_id=1047, page_id=16200, browser=Firefox
Testing: csp_id=1047, page_id=16300, browser=Firefox
Testing: csp_id=1047, page_id=16400, browser=Firefox
Testing: csp_id=1047, page_id=16500, browser=Firefox
Testing: csp_id=1047, page_id=16600, browser=Firefox
Testing: csp_id=1047, page_id=16700, browser=Firefox
Testing: csp_id=1047, page_id=16800, browser=Firefox
Testing: csp_id=1047, page_id=16900, browser=Firefox
Testing: csp_id=1047, page_id=17000, browser=Firefox
Testing: csp_id=1047, page_id=17100, browser=Firefox
Testing: csp_id=1047, page_id=17200, browser=Firefox
Testing: csp_id=1047, page_id=17300, browser=Firefox
Testing: csp_id=1047, page_id=17400, browser=Firefox
Testing: csp_id=1047, page_id=17500, browser=Firefox
Testing: csp_id=1047, page_id=17600, browser=Firefox
Testing: csp_id=1047, page_id=17700, browser=Firefox
Testing: csp_id=1047, page_id=17800, browser=Firefox
Testing: csp_id=1047, page_id=17900, browser=Firefox
Testing: csp_id=1047, page_id=18000, browser=Firefox
Testing: csp_id=1047, page_id=18100, browser=Firefox
Testing: csp_id=1047, page_id=18200, browser=Firefox
Testing: csp_id=1047, page_id=18300, browser=Firefox
Testing: csp_id=1047, page_id=18400, browser=Firefox
Testing: csp_id=1047, page_id=18500, browser=Firefox
Testing: csp_id=1047, page_id=18600, browser=Firefox
Testing: csp_id=1047, page_id=18700, browser=Firefox
Testing: csp_id=1047, page_id=18800, browser=Firefox
Testing: csp_id=1047, page_id=18900, browser=Firefox
Testing: csp_id=1047, page_id=19000, browser=Firefox
Testing: csp_id=1047, page_id=19100, browser=Firefox
Testing: csp_id=1047, page_id=19200, browser=Firefox
Testing: csp_id=1047, page_id=19300, browser=Firefox
Testing: csp_id=1047, page_id=19400, browser=Firefox
Testing: csp_id=1047, page_id=19500, browser=Firefox
Testing: csp_id=1047, page_id=19600, browser=Firefox
Testing: csp_id=1047, page_id=19700, browser=Firefox
Testing: csp_id=1047, page_id=19800, browser=Firefox
Testing: csp_id=1047, page_id=19900, browser=Firefox
Testing: csp_id=1047, page_id=20000, browser=Firefox
Testing: csp_id=1047, page_id=20100, browser=Firefox
Testing: csp_id=1047, page_id=20200, browser=Firefox
Testing: csp_id=1047, page_id=20300, browser=Firefox
Testing: csp_id=1047, page_id=20400, browser=Firefox
Testing: csp_id=1047, page_id=20500, browser=Firefox
Testing: csp_id=1047, page_id=20600, browser=Firefox
Testing: csp_id=1047, page_id=20700, browser=Firefox
Testing: csp_id=1047, page_id=20800, browser=Firefox
Testing: csp_id=1047, page_id=20900, browser=Firefox
Testing: csp_id=1047, page_id=21000, browser=Firefox
Testing: csp_id=1047, page_id=21100, browser=Firefox
Testing: csp_id=1047, page_id=21200, browser=Firefox
Testing: csp_id=1047, page_id=21300, browser=Firefox
Testing: csp_id=1047, page_id=21400, browser=Firefox
Testing: csp_id=1047, page_id=21500, browser=Firefox
Testing: csp_id=1047, page_id=21600, browser=Firefox
Testing: csp_id=1047, page_id=21700, browser=Firefox
Testing: csp_id=1047, page_id=21800, browser=Firefox
Testing: csp_id=1047, page_id=21900, browser=Firefox
Testing: csp_id=1047, page_id=22000, browser=Firefox
Testing: csp_id=1047, page_id=22100, browser=Firefox
Testing: csp_id=1047, page_id=22200, browser=Firefox
Testing: csp_id=1047, page_id=22300, browser=Firefox
Testing: csp_id=1047, page_id=22400, browser=Firefox
Testing: csp_id=1047, page_id=22500, browser=Firefox
Testing: csp_id=1047, page_id=22600, browser=Firefox
Testing: csp_id=1047, page_id=22700, browser=Firefox
Testing: csp_id=1047, page_id=22800, browser=Firefox
Testing: csp_id=1047, page_id=22900, browser=Firefox
Testing: csp_id=1047, page_id=23000, browser=Firefox
Testing: csp_id=1047, page_id=23100, browser=Firefox
Testing: csp_id=1047, page_id=23200, browser=Firefox
Testing: csp_id=1047, page_id=23300, browser=Firefox
Testing: csp_id=1047, page_id=23400, browser=Firefox
Testing: csp_id=1047, page_id=23500, browser=Firefox
Testing: csp_id=1047, page_id=23600, browser=Firefox
Testing: csp_id=1047, page_id=23700, browser=Firefox
Testing: csp_id=1047, page_id=23800, browser=Firefox
Testing: csp_id=1047, page_id=23900, browser=Firefox
Testing: csp_id=1047, page_id=24000, browser=Firefox
Testing: csp_id=1047, page_id=24100, browser=Firefox
Testing: csp_id=1047, page_id=24200, browser=Firefox
Testing: csp_id=1047, page_id=24300, browser=Firefox
Testing: csp_id=1047, page_id=24400, browser=Firefox
Testing: csp_id=1047, page_id=24500, browser=Firefox
Testing: csp_id=1047, page_id=24600, browser=Firefox
Testing: csp_id=1047, page_id=24700, browser=Firefox
Testing: csp_id=1047, page_id=24800, browser=Firefox
Testing: csp_id=1047, page_id=24900, browser=Firefox
Testing: csp_id=1047, page_id=25000, browser=Firefox
Testing: csp_id=1047, page_id=25100, browser=Firefox
Testing: csp_id=1047, page_id=25200, browser=Firefox
Testing: csp_id=1047, page_id=25300, browser=Firefox
Testing: csp_id=1047, page_id=25400, browser=Firefox
Testing: csp_id=1047, page_id=25500, browser=Firefox
Testing: csp_id=1047, page_id=25600, browser=Firefox
Testing: csp_id=1047, page_id=25700, browser=Firefox
Testing: csp_id=1047, page_id=25800, browser=Firefox
Testing: csp_id=1047, page_id=25900, browser=Firefox
Testing: csp_id=1047, page_id=26000, browser=Firefox
Testing: csp_id=1047, page_id=26100, browser=Firefox
Testing: csp_id=1047, page_id=26200, browser=Firefox
Testing: csp_id=1047, page_id=26300, browser=Firefox
Testing: csp_id=1047, page_id=26400, browser=Firefox
Testing: csp_id=1047, page_id=26500, browser=Firefox
Testing: csp_id=1047, page_id=26600, browser=Firefox
Testing: csp_id=1047, page_id=26700, browser=Firefox
Testing: csp_id=1047, page_id=26800, browser=Firefox
Testing: csp_id=1047, page_id=26900, browser=Firefox
Testing: csp_id=1047, page_id=27000, browser=Firefox
Testing: csp_id=1047, page_id=27100, browser=Firefox
Testing: csp_id=1047, page_id=27200, browser=Firefox
Testing: csp_id=1047, page_id=27300, browser=Firefox
Testing: csp_id=1047, page_id=27400, browser=Firefox
Testing: csp_id=1047, page_id=27500, browser=Firefox
Testing: csp_id=1047, page_id=27600, browser=Firefox
Testing: csp_id=1047, page_id=27700, browser=Firefox
Testing: csp_id=1047, page_id=27800, browser=Firefox
Testing: csp_id=1047, page_id=27900, browser=Firefox
Testing: csp_id=1047, page_id=28000, browser=Firefox
Testing: csp_id=1047, page_id=28100, browser=Firefox
Testing: csp_id=1047, page_id=28200, browser=Firefox
Testing: csp_id=1047, page_id=28300, browser=Firefox
Testing: csp_id=1047, page_id=28400, browser=Firefox
Testing: csp_id=1047, page_id=28500, browser=Firefox
Testing: csp_id=1047, page_id=28600, browser=Firefox
Testing: csp_id=1047, page_id=28700, browser=Firefox
Testing: csp_id=1047, page_id=28800, browser=Firefox
Testing: csp_id=1047, page_id=28900, browser=Firefox
Testing: csp_id=1047, page_id=29000, browser=Firefox
Testing: csp_id=1047, page_id=29100, browser=Firefox
Testing: csp_id=1047, page_id=29200, browser=Firefox
Testing: csp_id=1047, page_id=29300, browser=Firefox
Testing: csp_id=1047, page_id=29400, browser=Firefox
Testing: csp_id=1047, page_id=29500, browser=Firefox
Testing: csp_id=1047, page_id=29600, browser=Firefox
Testing: csp_id=1047, page_id=29700, browser=Firefox
Testing: csp_id=1047, page_id=29800, browser=Firefox
🏊 create_context_pools[first] (5x16): 16.930s
Testing: csp_id=1058, page_id=0, browser=Firefox
Testing: csp_id=1058, page_id=100, browser=Firefox
Testing: csp_id=1058, page_id=200, browser=Firefox
Testing: csp_id=1058, page_id=300, browser=Firefox
Testing: csp_id=1058, page_id=400, browser=Firefox
Testing: csp_id=1058, page_id=500, browser=Firefox
Testing: csp_id=1058, page_id=600, browser=Firefox
Testing: csp_id=1058, page_id=700, browser=Firefox
Testing: csp_id=1058, page_id=800, browser=Firefox
Testing: csp_id=1058, page_id=900, browser=Firefox
Testing: csp_id=1058, page_id=1000, browser=Firefox
Testing: csp_id=1058, page_id=1100, browser=Firefox
Testing: csp_id=1058, page_id=1200, browser=Firefox
Testing: csp_id=1058, page_id=1300, browser=Firefox
Testing: csp_id=1058, page_id=1400, browser=Firefox
Testing: csp_id=1058, page_id=1500, browser=Firefox
Testing: csp_id=1058, page_id=1600, browser=Firefox
Testing: csp_id=1058, page_id=1700, browser=Firefox
Testing: csp_id=1058, page_id=1800, browser=Firefox
Testing: csp_id=1058, page_id=1900, browser=Firefox
Testing: csp_id=1058, page_id=2000, browser=Firefox
Testing: csp_id=1058, page_id=2100, browser=Firefox
Testing: csp_id=1058, page_id=2200, browser=Firefox
Testing: csp_id=1058, page_id=2300, browser=Firefox
Testing: csp_id=1058, page_id=2400, browser=Firefox
Testing: csp_id=1058, page_id=2500, browser=Firefox
Testing: csp_id=1058, page_id=2600, browser=Firefox
Testing: csp_id=1058, page_id=2700, browser=Firefox
Testing: csp_id=1058, page_id=2800, browser=Firefox
Testing: csp_id=1058, page_id=2900, browser=Firefox
Testing: csp_id=1058, page_id=3000, browser=Firefox
Testing: csp_id=1058, page_id=3100, browser=Firefox
Testing: csp_id=1058, page_id=3200, browser=Firefox
Testing: csp_id=1058, page_id=3300, browser=Firefox
Testing: csp_id=1058, page_id=3400, browser=Firefox
Testing: csp_id=1058, page_id=3500, browser=Firefox
Testing: csp_id=1058, page_id=3600, browser=Firefox
Testing: csp_id=1058, page_id=3700, browser=Firefox
Testing: csp_id=1058, page_id=3800, browser=Firefox
Testing: csp_id=1058, page_id=3900, browser=Firefox
Testing: csp_id=1058, page_id=4000, browser=Firefox
Testing: csp_id=1058, page_id=4100, browser=Firefox
Testing: csp_id=1058, page_id=4200, browser=Firefox
Testing: csp_id=1058, page_id=4300, browser=Firefox
Testing: csp_id=1058, page_id=4400, browser=Firefox
Testing: csp_id=1058, page_id=4500, browser=Firefox
Testing: csp_id=1058, page_id=4600, browser=Firefox
Testing: csp_id=1058, page_id=4700, browser=Firefox
Testing: csp_id=1058, page_id=4800, browser=Firefox
Testing: csp_id=1058, page_id=4900, browser=Firefox
Testing: csp_id=1058, page_id=5000, browser=Firefox
Testing: csp_id=1058, page_id=5100, browser=Firefox
Testing: csp_id=1058, page_id=5200, browser=Firefox
Testing: csp_id=1058, page_id=5300, browser=Firefox
Testing: csp_id=1058, page_id=5400, browser=Firefox
Testing: csp_id=1058, page_id=5500, browser=Firefox
Testing: csp_id=1058, page_id=5600, browser=Firefox
Testing: csp_id=1058, page_id=5700, browser=Firefox
Testing: csp_id=1058, page_id=5800, browser=Firefox
Testing: csp_id=1058, page_id=5900, browser=Firefox
Testing: csp_id=1058, page_id=6000, browser=Firefox
Testing: csp_id=1058, page_id=6100, browser=Firefox
Testing: csp_id=1058, page_id=6200, browser=Firefox
Testing: csp_id=1058, page_id=6300, browser=Firefox
Testing: csp_id=1058, page_id=6400, browser=Firefox
Testing: csp_id=1058, page_id=6500, browser=Firefox
Testing: csp_id=1058, page_id=6600, browser=Firefox
Testing: csp_id=1058, page_id=6700, browser=Firefox
Testing: csp_id=1058, page_id=6800, browser=Firefox
Testing: csp_id=1058, page_id=6900, browser=Firefox
Testing: csp_id=1058, page_id=7000, browser=Firefox
Testing: csp_id=1058, page_id=7100, browser=Firefox
Testing: csp_id=1058, page_id=7200, browser=Firefox
Testing: csp_id=1058, page_id=7300, browser=Firefox
Testing: csp_id=1058, page_id=7400, browser=Firefox
Testing: csp_id=1058, page_id=7500, browser=Firefox
Testing: csp_id=1058, page_id=7600, browser=Firefox
Testing: csp_id=1058, page_id=7700, browser=Firefox
Testing: csp_id=1058, page_id=7800, browser=Firefox
Testing: csp_id=1058, page_id=7900, browser=Firefox
Testing: csp_id=1058, page_id=8000, browser=Firefox
Testing: csp_id=1058, page_id=8100, browser=Firefox
Testing: csp_id=1058, page_id=8200, browser=Firefox
Testing: csp_id=1058, page_id=8300, browser=Firefox
Testing: csp_id=1058, page_id=8400, browser=Firefox
Testing: csp_id=1058, page_id=8500, browser=Firefox
Testing: csp_id=1058, page_id=8600, browser=Firefox
Testing: csp_id=1058, page_id=8700, browser=Firefox
Testing: csp_id=1058, page_id=8800, browser=Firefox
Testing: csp_id=1058, page_id=8900, browser=Firefox
Testing: csp_id=1058, page_id=9000, browser=Firefox
Testing: csp_id=1058, page_id=9100, browser=Firefox
Testing: csp_id=1058, page_id=9200, browser=Firefox
Testing: csp_id=1058, page_id=9300, browser=Firefox
Testing: csp_id=1058, page_id=9400, browser=Firefox
Testing: csp_id=1058, page_id=9500, browser=Firefox
Testing: csp_id=1058, page_id=9600, browser=Firefox
Testing: csp_id=1058, page_id=9700, browser=Firefox
Testing: csp_id=1058, page_id=9800, browser=Firefox
Testing: csp_id=1058, page_id=9900, browser=Firefox
Testing: csp_id=1058, page_id=10000, browser=Firefox
Testing: csp_id=1058, page_id=10100, browser=Firefox
Testing: csp_id=1058, page_id=10200, browser=Firefox
Testing: csp_id=1058, page_id=10300, browser=Firefox
Testing: csp_id=1058, page_id=10400, browser=Firefox
Testing: csp_id=1058, page_id=10500, browser=Firefox
Testing: csp_id=1058, page_id=10600, browser=Firefox
Testing: csp_id=1058, page_id=10700, browser=Firefox
Testing: csp_id=1058, page_id=10800, browser=Firefox
Testing: csp_id=1058, page_id=10900, browser=Firefox
Testing: csp_id=1058, page_id=11000, browser=Firefox
Testing: csp_id=1058, page_id=11100, browser=Firefox
Testing: csp_id=1058, page_id=11200, browser=Firefox
Testing: csp_id=1058, page_id=11300, browser=Firefox
Testing: csp_id=1058, page_id=11400, browser=Firefox
Testing: csp_id=1058, page_id=11500, browser=Firefox
Testing: csp_id=1058, page_id=11600, browser=Firefox
Testing: csp_id=1058, page_id=11700, browser=Firefox
Testing: csp_id=1058, page_id=11800, browser=Firefox
Testing: csp_id=1058, page_id=11900, browser=Firefox
Testing: csp_id=1058, page_id=12000, browser=Firefox
Testing: csp_id=1058, page_id=12100, browser=Firefox
Testing: csp_id=1058, page_id=12200, browser=Firefox
Testing: csp_id=1058, page_id=12300, browser=Firefox
Testing: csp_id=1058, page_id=12400, browser=Firefox
Testing: csp_id=1058, page_id=12500, browser=Firefox
Testing: csp_id=1058, page_id=12600, browser=Firefox
Testing: csp_id=1058, page_id=12700, browser=Firefox
Testing: csp_id=1058, page_id=12800, browser=Firefox
Testing: csp_id=1058, page_id=12900, browser=Firefox
Testing: csp_id=1058, page_id=13000, browser=Firefox
Testing: csp_id=1058, page_id=13100, browser=Firefox
Testing: csp_id=1058, page_id=13200, browser=Firefox
Testing: csp_id=1058, page_id=13300, browser=Firefox
Testing: csp_id=1058, page_id=13400, browser=Firefox
Testing: csp_id=1058, page_id=13500, browser=Firefox
Testing: csp_id=1058, page_id=13600, browser=Firefox
Testing: csp_id=1058, page_id=13700, browser=Firefox
Testing: csp_id=1058, page_id=13800, browser=Firefox
Testing: csp_id=1058, page_id=13900, browser=Firefox
Testing: csp_id=1058, page_id=14000, browser=Firefox
Testing: csp_id=1058, page_id=14100, browser=Firefox
Testing: csp_id=1058, page_id=14200, browser=Firefox
Testing: csp_id=1058, page_id=14300, browser=Firefox
Testing: csp_id=1058, page_id=14400, browser=Firefox
Testing: csp_id=1058, page_id=14500, browser=Firefox
Testing: csp_id=1058, page_id=14600, browser=Firefox
Testing: csp_id=1058, page_id=14700, browser=Firefox
Testing: csp_id=1058, page_id=14800, browser=Firefox
Testing: csp_id=1058, page_id=14900, browser=Firefox
Testing: csp_id=1058, page_id=15000, browser=Firefox
Testing: csp_id=1058, page_id=15100, browser=Firefox
Testing: csp_id=1058, page_id=15200, browser=Firefox
Testing: csp_id=1058, page_id=15300, browser=Firefox
Testing: csp_id=1058, page_id=15400, browser=Firefox
Testing: csp_id=1058, page_id=15500, browser=Firefox
Testing: csp_id=1058, page_id=15600, browser=Firefox
Testing: csp_id=1058, page_id=15700, browser=Firefox
Testing: csp_id=1058, page_id=15800, browser=Firefox
Testing: csp_id=1058, page_id=15900, browser=Firefox
Testing: csp_id=1058, page_id=16000, browser=Firefox
Testing: csp_id=1058, page_id=16100, browser=Firefox
Testing: csp_id=1058, page_id=16200, browser=Firefox
Testing: csp_id=1058, page_id=16300, browser=Firefox
Testing: csp_id=1058, page_id=16400, browser=Firefox
Testing: csp_id=1058, page_id=16500, browser=Firefox
Testing: csp_id=1058, page_id=16600, browser=Firefox
Testing: csp_id=1058, page_id=16700, browser=Firefox
Testing: csp_id=1058, page_id=16800, browser=Firefox
Testing: csp_id=1058, page_id=16900, browser=Firefox
Testing: csp_id=1058, page_id=17000, browser=Firefox
Testing: csp_id=1058, page_id=17100, browser=Firefox
Testing: csp_id=1058, page_id=17200, browser=Firefox
Testing: csp_id=1058, page_id=17300, browser=Firefox
Testing: csp_id=1058, page_id=17400, browser=Firefox
Testing: csp_id=1058, page_id=17500, browser=Firefox
Testing: csp_id=1058, page_id=17600, browser=Firefox
Testing: csp_id=1058, page_id=17700, browser=Firefox
Testing: csp_id=1058, page_id=17800, browser=Firefox
Testing: csp_id=1058, page_id=17900, browser=Firefox
Testing: csp_id=1058, page_id=18000, browser=Firefox
Testing: csp_id=1058, page_id=18100, browser=Firefox
Testing: csp_id=1058, page_id=18200, browser=Firefox
Testing: csp_id=1058, page_id=18300, browser=Firefox
Testing: csp_id=1058, page_id=18400, browser=Firefox
Testing: csp_id=1058, page_id=18500, browser=Firefox
Testing: csp_id=1058, page_id=18600, browser=Firefox
Testing: csp_id=1058, page_id=18700, browser=Firefox
Testing: csp_id=1058, page_id=18800, browser=Firefox
Testing: csp_id=1058, page_id=18900, browser=Firefox
Testing: csp_id=1058, page_id=19000, browser=Firefox
Testing: csp_id=1058, page_id=19100, browser=Firefox
Testing: csp_id=1058, page_id=19200, browser=Firefox
Testing: csp_id=1058, page_id=19300, browser=Firefox
Testing: csp_id=1058, page_id=19400, browser=Firefox
Testing: csp_id=1058, page_id=19500, browser=Firefox
Testing: csp_id=1058, page_id=19600, browser=Firefox
Testing: csp_id=1058, page_id=19700, browser=Firefox
Testing: csp_id=1058, page_id=19800, browser=Firefox
Testing: csp_id=1058, page_id=19900, browser=Firefox
Testing: csp_id=1058, page_id=20000, browser=Firefox
Testing: csp_id=1058, page_id=20100, browser=Firefox
Testing: csp_id=1058, page_id=20200, browser=Firefox
Testing: csp_id=1058, page_id=20300, browser=Firefox
Testing: csp_id=1058, page_id=20400, browser=Firefox
Testing: csp_id=1058, page_id=20500, browser=Firefox
Testing: csp_id=1058, page_id=20600, browser=Firefox
Testing: csp_id=1058, page_id=20700, browser=Firefox
Testing: csp_id=1058, page_id=20800, browser=Firefox
Testing: csp_id=1058, page_id=20900, browser=Firefox
Testing: csp_id=1058, page_id=21000, browser=Firefox
Testing: csp_id=1058, page_id=21100, browser=Firefox
Testing: csp_id=1058, page_id=21200, browser=Firefox
Testing: csp_id=1058, page_id=21300, browser=Firefox
Testing: csp_id=1058, page_id=21400, browser=Firefox
Testing: csp_id=1058, page_id=21500, browser=Firefox
Testing: csp_id=1058, page_id=21600, browser=Firefox
Testing: csp_id=1058, page_id=21700, browser=Firefox
Testing: csp_id=1058, page_id=21800, browser=Firefox
Testing: csp_id=1058, page_id=21900, browser=Firefox
Testing: csp_id=1058, page_id=22000, browser=Firefox
Testing: csp_id=1058, page_id=22100, browser=Firefox
Testing: csp_id=1058, page_id=22200, browser=Firefox
Testing: csp_id=1058, page_id=22300, browser=Firefox
Testing: csp_id=1058, page_id=22400, browser=Firefox
Testing: csp_id=1058, page_id=22500, browser=Firefox
Testing: csp_id=1058, page_id=22600, browser=Firefox
Testing: csp_id=1058, page_id=22700, browser=Firefox
Testing: csp_id=1058, page_id=22800, browser=Firefox
Testing: csp_id=1058, page_id=22900, browser=Firefox
Testing: csp_id=1058, page_id=23000, browser=Firefox
Testing: csp_id=1058, page_id=23100, browser=Firefox
Testing: csp_id=1058, page_id=23200, browser=Firefox
Testing: csp_id=1058, page_id=23300, browser=Firefox
Testing: csp_id=1058, page_id=23400, browser=Firefox
Testing: csp_id=1058, page_id=23500, browser=Firefox
Testing: csp_id=1058, page_id=23600, browser=Firefox
Testing: csp_id=1058, page_id=23700, browser=Firefox
Testing: csp_id=1058, page_id=23800, browser=Firefox
Testing: csp_id=1058, page_id=23900, browser=Firefox
Testing: csp_id=1058, page_id=24000, browser=Firefox
Testing: csp_id=1058, page_id=24100, browser=Firefox
Testing: csp_id=1058, page_id=24200, browser=Firefox
Testing: csp_id=1058, page_id=24300, browser=Firefox
Testing: csp_id=1058, page_id=24400, browser=Firefox
Testing: csp_id=1058, page_id=24500, browser=Firefox
Testing: csp_id=1058, page_id=24600, browser=Firefox
Testing: csp_id=1058, page_id=24700, browser=Firefox
Testing: csp_id=1058, page_id=24800, browser=Firefox
Testing: csp_id=1058, page_id=24900, browser=Firefox
Testing: csp_id=1058, page_id=25000, browser=Firefox
Testing: csp_id=1058, page_id=25100, browser=Firefox
Testing: csp_id=1058, page_id=25200, browser=Firefox
Testing: csp_id=1058, page_id=25300, browser=Firefox
Testing: csp_id=1058, page_id=25400, browser=Firefox
Testing: csp_id=1058, page_id=25500, browser=Firefox
Testing: csp_id=1058, page_id=25600, browser=Firefox
Testing: csp_id=1058, page_id=25700, browser=Firefox
Testing: csp_id=1058, page_id=25800, browser=Firefox
Testing: csp_id=1058, page_id=25900, browser=Firefox
Testing: csp_id=1058, page_id=26000, browser=Firefox
Testing: csp_id=1058, page_id=26100, browser=Firefox
Testing: csp_id=1058, page_id=26200, browser=Firefox
Testing: csp_id=1058, page_id=26300, browser=Firefox
Testing: csp_id=1058, page_id=26400, browser=Firefox
Testing: csp_id=1058, page_id=26500, browser=Firefox
Testing: csp_id=1058, page_id=26600, browser=Firefox
Testing: csp_id=1058, page_id=26700, browser=Firefox
Testing: csp_id=1058, page_id=26800, browser=Firefox
Testing: csp_id=1058, page_id=26900, browser=Firefox
Testing: csp_id=1058, page_id=27000, browser=Firefox
Testing: csp_id=1058, page_id=27100, browser=Firefox
Testing: csp_id=1058, page_id=27200, browser=Firefox
Testing: csp_id=1058, page_id=27300, browser=Firefox
Testing: csp_id=1058, page_id=27400, browser=Firefox
Testing: csp_id=1058, page_id=27500, browser=Firefox
Testing: csp_id=1058, page_id=27600, browser=Firefox
Testing: csp_id=1058, page_id=27700, browser=Firefox
Testing: csp_id=1058, page_id=27800, browser=Firefox
Testing: csp_id=1058, page_id=27900, browser=Firefox
Testing: csp_id=1058, page_id=28000, browser=Firefox
Testing: csp_id=1058, page_id=28100, browser=Firefox
Testing: csp_id=1058, page_id=28200, browser=Firefox
Testing: csp_id=1058, page_id=28300, browser=Firefox
Testing: csp_id=1058, page_id=28400, browser=Firefox
Testing: csp_id=1058, page_id=28500, browser=Firefox
Testing: csp_id=1058, page_id=28600, browser=Firefox
Testing: csp_id=1058, page_id=28700, browser=Firefox
Testing: csp_id=1058, page_id=28800, browser=Firefox
Testing: csp_id=1058, page_id=28900, browser=Firefox
Testing: csp_id=1058, page_id=29000, browser=Firefox
Testing: csp_id=1058, page_id=29100, browser=Firefox
Testing: csp_id=1058, page_id=29200, browser=Firefox
Testing: csp_id=1058, page_id=29300, browser=Firefox
Testing: csp_id=1058, page_id=29400, browser=Firefox
Testing: csp_id=1058, page_id=29500, browser=Firefox
Testing: csp_id=1058, page_id=29600, browser=Firefox
Testing: csp_id=1058, page_id=29700, browser=Firefox
Testing: csp_id=1058, page_id=29800, browser=Firefox
🏊 create_context_pools[first] (5x16): 16.915s
Testing: csp_id=1069, page_id=0, browser=Firefox
Testing: csp_id=1069, page_id=100, browser=Firefox
Testing: csp_id=1069, page_id=200, browser=Firefox
Testing: csp_id=1069, page_id=300, browser=Firefox
Testing: csp_id=1069, page_id=400, browser=Firefox
Testing: csp_id=1069, page_id=500, browser=Firefox
Testing: csp_id=1069, page_id=600, browser=Firefox
Testing: csp_id=1069, page_id=700, browser=Firefox
Testing: csp_id=1069, page_id=800, browser=Firefox
Testing: csp_id=1069, page_id=900, browser=Firefox
Testing: csp_id=1069, page_id=1000, browser=Firefox
Testing: csp_id=1069, page_id=1100, browser=Firefox
Testing: csp_id=1069, page_id=1200, browser=Firefox
Testing: csp_id=1069, page_id=1300, browser=Firefox
Testing: csp_id=1069, page_id=1400, browser=Firefox
Testing: csp_id=1069, page_id=1500, browser=Firefox
Testing: csp_id=1069, page_id=1600, browser=Firefox
Testing: csp_id=1069, page_id=1700, browser=Firefox
Testing: csp_id=1069, page_id=1800, browser=Firefox
Testing: csp_id=1069, page_id=1900, browser=Firefox
Testing: csp_id=1069, page_id=2000, browser=Firefox
Testing: csp_id=1069, page_id=2100, browser=Firefox
Testing: csp_id=1069, page_id=2200, browser=Firefox
Testing: csp_id=1069, page_id=2300, browser=Firefox
Testing: csp_id=1069, page_id=2400, browser=Firefox
Testing: csp_id=1069, page_id=2500, browser=Firefox
Testing: csp_id=1069, page_id=2600, browser=Firefox
Testing: csp_id=1069, page_id=2700, browser=Firefox
Testing: csp_id=1069, page_id=2800, browser=Firefox
Testing: csp_id=1069, page_id=2900, browser=Firefox
Testing: csp_id=1069, page_id=3000, browser=Firefox
Testing: csp_id=1069, page_id=3100, browser=Firefox
Testing: csp_id=1069, page_id=3200, browser=Firefox
Testing: csp_id=1069, page_id=3300, browser=Firefox
Testing: csp_id=1069, page_id=3400, browser=Firefox
Testing: csp_id=1069, page_id=3500, browser=Firefox
Testing: csp_id=1069, page_id=3600, browser=Firefox
Testing: csp_id=1069, page_id=3700, browser=Firefox
Testing: csp_id=1069, page_id=3800, browser=Firefox
Testing: csp_id=1069, page_id=3900, browser=Firefox
Testing: csp_id=1069, page_id=4000, browser=Firefox
Testing: csp_id=1069, page_id=4100, browser=Firefox
Testing: csp_id=1069, page_id=4200, browser=Firefox
Testing: csp_id=1069, page_id=4300, browser=Firefox
Testing: csp_id=1069, page_id=4400, browser=Firefox
Testing: csp_id=1069, page_id=4500, browser=Firefox
Testing: csp_id=1069, page_id=4600, browser=Firefox
Testing: csp_id=1069, page_id=4700, browser=Firefox
Testing: csp_id=1069, page_id=4800, browser=Firefox
Testing: csp_id=1069, page_id=4900, browser=Firefox
Testing: csp_id=1069, page_id=5000, browser=Firefox
Testing: csp_id=1069, page_id=5100, browser=Firefox
Testing: csp_id=1069, page_id=5200, browser=Firefox
Testing: csp_id=1069, page_id=5300, browser=Firefox
Testing: csp_id=1069, page_id=5400, browser=Firefox
Testing: csp_id=1069, page_id=5500, browser=Firefox
Testing: csp_id=1069, page_id=5600, browser=Firefox
Testing: csp_id=1069, page_id=5700, browser=Firefox
Testing: csp_id=1069, page_id=5800, browser=Firefox
Testing: csp_id=1069, page_id=5900, browser=Firefox
Testing: csp_id=1069, page_id=6000, browser=Firefox
Testing: csp_id=1069, page_id=6100, browser=Firefox
Testing: csp_id=1069, page_id=6200, browser=Firefox
Testing: csp_id=1069, page_id=6300, browser=Firefox
Testing: csp_id=1069, page_id=6400, browser=Firefox
Testing: csp_id=1069, page_id=6500, browser=Firefox
Testing: csp_id=1069, page_id=6600, browser=Firefox
Testing: csp_id=1069, page_id=6700, browser=Firefox
Testing: csp_id=1069, page_id=6800, browser=Firefox
Testing: csp_id=1069, page_id=6900, browser=Firefox
Testing: csp_id=1069, page_id=7000, browser=Firefox
Testing: csp_id=1069, page_id=7100, browser=Firefox
Testing: csp_id=1069, page_id=7200, browser=Firefox
Testing: csp_id=1069, page_id=7300, browser=Firefox
Testing: csp_id=1069, page_id=7400, browser=Firefox
Testing: csp_id=1069, page_id=7500, browser=Firefox
Testing: csp_id=1069, page_id=7600, browser=Firefox
Testing: csp_id=1069, page_id=7700, browser=Firefox
Testing: csp_id=1069, page_id=7800, browser=Firefox
Testing: csp_id=1069, page_id=7900, browser=Firefox
Testing: csp_id=1069, page_id=8000, browser=Firefox
Testing: csp_id=1069, page_id=8100, browser=Firefox
Testing: csp_id=1069, page_id=8200, browser=Firefox
Testing: csp_id=1069, page_id=8300, browser=Firefox
Testing: csp_id=1069, page_id=8400, browser=Firefox
Testing: csp_id=1069, page_id=8500, browser=Firefox
Testing: csp_id=1069, page_id=8600, browser=Firefox
Testing: csp_id=1069, page_id=8700, browser=Firefox
Testing: csp_id=1069, page_id=8800, browser=Firefox
Testing: csp_id=1069, page_id=8900, browser=Firefox
Testing: csp_id=1069, page_id=9000, browser=Firefox
Testing: csp_id=1069, page_id=9100, browser=Firefox
Testing: csp_id=1069, page_id=9200, browser=Firefox
Testing: csp_id=1069, page_id=9300, browser=Firefox
Testing: csp_id=1069, page_id=9400, browser=Firefox
Testing: csp_id=1069, page_id=9500, browser=Firefox
Testing: csp_id=1069, page_id=9600, browser=Firefox
Testing: csp_id=1069, page_id=9700, browser=Firefox
Testing: csp_id=1069, page_id=9800, browser=Firefox
Testing: csp_id=1069, page_id=9900, browser=Firefox
Testing: csp_id=1069, page_id=10000, browser=Firefox
Testing: csp_id=1069, page_id=10100, browser=Firefox
Testing: csp_id=1069, page_id=10200, browser=Firefox
Testing: csp_id=1069, page_id=10300, browser=Firefox
Testing: csp_id=1069, page_id=10400, browser=Firefox
Testing: csp_id=1069, page_id=10500, browser=Firefox
Testing: csp_id=1069, page_id=10600, browser=Firefox
Testing: csp_id=1069, page_id=10700, browser=Firefox
Testing: csp_id=1069, page_id=10800, browser=Firefox
Testing: csp_id=1069, page_id=10900, browser=Firefox
Testing: csp_id=1069, page_id=11000, browser=Firefox
Testing: csp_id=1069, page_id=11100, browser=Firefox
Testing: csp_id=1069, page_id=11200, browser=Firefox
Testing: csp_id=1069, page_id=11300, browser=Firefox
Testing: csp_id=1069, page_id=11400, browser=Firefox
Testing: csp_id=1069, page_id=11500, browser=Firefox
Testing: csp_id=1069, page_id=11600, browser=Firefox
Testing: csp_id=1069, page_id=11700, browser=Firefox
Testing: csp_id=1069, page_id=11800, browser=Firefox
Testing: csp_id=1069, page_id=11900, browser=Firefox
Testing: csp_id=1069, page_id=12000, browser=Firefox
Testing: csp_id=1069, page_id=12100, browser=Firefox
Testing: csp_id=1069, page_id=12200, browser=Firefox
Testing: csp_id=1069, page_id=12300, browser=Firefox
Testing: csp_id=1069, page_id=12400, browser=Firefox
Testing: csp_id=1069, page_id=12500, browser=Firefox
Testing: csp_id=1069, page_id=12600, browser=Firefox
Testing: csp_id=1069, page_id=12700, browser=Firefox
Testing: csp_id=1069, page_id=12800, browser=Firefox
Testing: csp_id=1069, page_id=12900, browser=Firefox
Testing: csp_id=1069, page_id=13000, browser=Firefox
Testing: csp_id=1069, page_id=13100, browser=Firefox
Testing: csp_id=1069, page_id=13200, browser=Firefox
Testing: csp_id=1069, page_id=13300, browser=Firefox
Testing: csp_id=1069, page_id=13400, browser=Firefox
Testing: csp_id=1069, page_id=13500, browser=Firefox
Testing: csp_id=1069, page_id=13600, browser=Firefox
Testing: csp_id=1069, page_id=13700, browser=Firefox
Testing: csp_id=1069, page_id=13800, browser=Firefox
Testing: csp_id=1069, page_id=13900, browser=Firefox
Testing: csp_id=1069, page_id=14000, browser=Firefox
Testing: csp_id=1069, page_id=14100, browser=Firefox
Testing: csp_id=1069, page_id=14200, browser=Firefox
Testing: csp_id=1069, page_id=14300, browser=Firefox
Testing: csp_id=1069, page_id=14400, browser=Firefox
Testing: csp_id=1069, page_id=14500, browser=Firefox
Testing: csp_id=1069, page_id=14600, browser=Firefox
Testing: csp_id=1069, page_id=14700, browser=Firefox
Testing: csp_id=1069, page_id=14800, browser=Firefox
Testing: csp_id=1069, page_id=14900, browser=Firefox
Testing: csp_id=1069, page_id=15000, browser=Firefox
Testing: csp_id=1069, page_id=15100, browser=Firefox
Testing: csp_id=1069, page_id=15200, browser=Firefox
Testing: csp_id=1069, page_id=15300, browser=Firefox
Testing: csp_id=1069, page_id=15400, browser=Firefox
Testing: csp_id=1069, page_id=15500, browser=Firefox
Testing: csp_id=1069, page_id=15600, browser=Firefox
Testing: csp_id=1069, page_id=15700, browser=Firefox
Testing: csp_id=1069, page_id=15800, browser=Firefox
Testing: csp_id=1069, page_id=15900, browser=Firefox
Testing: csp_id=1069, page_id=16000, browser=Firefox
Testing: csp_id=1069, page_id=16100, browser=Firefox
Testing: csp_id=1069, page_id=16200, browser=Firefox
Testing: csp_id=1069, page_id=16300, browser=Firefox
Testing: csp_id=1069, page_id=16400, browser=Firefox
Testing: csp_id=1069, page_id=16500, browser=Firefox
Testing: csp_id=1069, page_id=16600, browser=Firefox
Testing: csp_id=1069, page_id=16700, browser=Firefox
Testing: csp_id=1069, page_id=16800, browser=Firefox
Testing: csp_id=1069, page_id=16900, browser=Firefox
Testing: csp_id=1069, page_id=17000, browser=Firefox
Testing: csp_id=1069, page_id=17100, browser=Firefox
Testing: csp_id=1069, page_id=17200, browser=Firefox
Testing: csp_id=1069, page_id=17300, browser=Firefox
Testing: csp_id=1069, page_id=17400, browser=Firefox
Testing: csp_id=1069, page_id=17500, browser=Firefox
Testing: csp_id=1069, page_id=17600, browser=Firefox
Testing: csp_id=1069, page_id=17700, browser=Firefox
Testing: csp_id=1069, page_id=17800, browser=Firefox
Testing: csp_id=1069, page_id=17900, browser=Firefox
Testing: csp_id=1069, page_id=18000, browser=Firefox
Testing: csp_id=1069, page_id=18100, browser=Firefox
Testing: csp_id=1069, page_id=18200, browser=Firefox
Testing: csp_id=1069, page_id=18300, browser=Firefox
Testing: csp_id=1069, page_id=18400, browser=Firefox
Testing: csp_id=1069, page_id=18500, browser=Firefox
Testing: csp_id=1069, page_id=18600, browser=Firefox
Testing: csp_id=1069, page_id=18700, browser=Firefox
Testing: csp_id=1069, page_id=18800, browser=Firefox
Testing: csp_id=1069, page_id=18900, browser=Firefox
Testing: csp_id=1069, page_id=19000, browser=Firefox
Testing: csp_id=1069, page_id=19100, browser=Firefox
Testing: csp_id=1069, page_id=19200, browser=Firefox
Testing: csp_id=1069, page_id=19300, browser=Firefox
Testing: csp_id=1069, page_id=19400, browser=Firefox
Testing: csp_id=1069, page_id=19500, browser=Firefox
Testing: csp_id=1069, page_id=19600, browser=Firefox
Testing: csp_id=1069, page_id=19700, browser=Firefox
Testing: csp_id=1069, page_id=19800, browser=Firefox
Testing: csp_id=1069, page_id=19900, browser=Firefox
Testing: csp_id=1069, page_id=20000, browser=Firefox
Testing: csp_id=1069, page_id=20100, browser=Firefox
Testing: csp_id=1069, page_id=20200, browser=Firefox
Testing: csp_id=1069, page_id=20300, browser=Firefox
Testing: csp_id=1069, page_id=20400, browser=Firefox
Testing: csp_id=1069, page_id=20500, browser=Firefox
Testing: csp_id=1069, page_id=20600, browser=Firefox
Testing: csp_id=1069, page_id=20700, browser=Firefox
Testing: csp_id=1069, page_id=20800, browser=Firefox
Testing: csp_id=1069, page_id=20900, browser=Firefox
Testing: csp_id=1069, page_id=21000, browser=Firefox
Testing: csp_id=1069, page_id=21100, browser=Firefox
Testing: csp_id=1069, page_id=21200, browser=Firefox
Testing: csp_id=1069, page_id=21300, browser=Firefox
Testing: csp_id=1069, page_id=21400, browser=Firefox
Testing: csp_id=1069, page_id=21500, browser=Firefox
Testing: csp_id=1069, page_id=21600, browser=Firefox
Testing: csp_id=1069, page_id=21700, browser=Firefox
Testing: csp_id=1069, page_id=21800, browser=Firefox
Testing: csp_id=1069, page_id=21900, browser=Firefox
Testing: csp_id=1069, page_id=22000, browser=Firefox
Testing: csp_id=1069, page_id=22100, browser=Firefox
Testing: csp_id=1069, page_id=22200, browser=Firefox
Testing: csp_id=1069, page_id=22300, browser=Firefox
Testing: csp_id=1069, page_id=22400, browser=Firefox
Testing: csp_id=1069, page_id=22500, browser=Firefox
Testing: csp_id=1069, page_id=22600, browser=Firefox
Testing: csp_id=1069, page_id=22700, browser=Firefox
Testing: csp_id=1069, page_id=22800, browser=Firefox
Testing: csp_id=1069, page_id=22900, browser=Firefox
Testing: csp_id=1069, page_id=23000, browser=Firefox
Testing: csp_id=1069, page_id=23100, browser=Firefox
Testing: csp_id=1069, page_id=23200, browser=Firefox
Testing: csp_id=1069, page_id=23300, browser=Firefox
Testing: csp_id=1069, page_id=23400, browser=Firefox
Testing: csp_id=1069, page_id=23500, browser=Firefox
Testing: csp_id=1069, page_id=23600, browser=Firefox
Testing: csp_id=1069, page_id=23700, browser=Firefox
Testing: csp_id=1069, page_id=23800, browser=Firefox
Testing: csp_id=1069, page_id=23900, browser=Firefox
Testing: csp_id=1069, page_id=24000, browser=Firefox
Testing: csp_id=1069, page_id=24100, browser=Firefox
Testing: csp_id=1069, page_id=24200, browser=Firefox
Testing: csp_id=1069, page_id=24300, browser=Firefox
Testing: csp_id=1069, page_id=24400, browser=Firefox
Testing: csp_id=1069, page_id=24500, browser=Firefox
Testing: csp_id=1069, page_id=24600, browser=Firefox
Testing: csp_id=1069, page_id=24700, browser=Firefox
Testing: csp_id=1069, page_id=24800, browser=Firefox
Testing: csp_id=1069, page_id=24900, browser=Firefox
Testing: csp_id=1069, page_id=25000, browser=Firefox
Testing: csp_id=1069, page_id=25100, browser=Firefox
Testing: csp_id=1069, page_id=25200, browser=Firefox
Testing: csp_id=1069, page_id=25300, browser=Firefox
Testing: csp_id=1069, page_id=25400, browser=Firefox
Testing: csp_id=1069, page_id=25500, browser=Firefox
Testing: csp_id=1069, page_id=25600, browser=Firefox
Testing: csp_id=1069, page_id=25700, browser=Firefox
Testing: csp_id=1069, page_id=25800, browser=Firefox
Testing: csp_id=1069, page_id=25900, browser=Firefox
Testing: csp_id=1069, page_id=26000, browser=Firefox
Testing: csp_id=1069, page_id=26100, browser=Firefox
Testing: csp_id=1069, page_id=26200, browser=Firefox
Testing: csp_id=1069, page_id=26300, browser=Firefox
Testing: csp_id=1069, page_id=26400, browser=Firefox
Testing: csp_id=1069, page_id=26500, browser=Firefox
Testing: csp_id=1069, page_id=26600, browser=Firefox
Testing: csp_id=1069, page_id=26700, browser=Firefox
Testing: csp_id=1069, page_id=26800, browser=Firefox
Testing: csp_id=1069, page_id=26900, browser=Firefox
Testing: csp_id=1069, page_id=27000, browser=Firefox
Testing: csp_id=1069, page_id=27100, browser=Firefox
Testing: csp_id=1069, page_id=27200, browser=Firefox
Testing: csp_id=1069, page_id=27300, browser=Firefox
Testing: csp_id=1069, page_id=27400, browser=Firefox
Testing: csp_id=1069, page_id=27500, browser=Firefox
Testing: csp_id=1069, page_id=27600, browser=Firefox
Testing: csp_id=1069, page_id=27700, browser=Firefox
Testing: csp_id=1069, page_id=27800, browser=Firefox
Testing: csp_id=1069, page_id=27900, browser=Firefox
Testing: csp_id=1069, page_id=28000, browser=Firefox
Testing: csp_id=1069, page_id=28100, browser=Firefox
Testing: csp_id=1069, page_id=28200, browser=Firefox
Testing: csp_id=1069, page_id=28300, browser=Firefox
Testing: csp_id=1069, page_id=28400, browser=Firefox
Testing: csp_id=1069, page_id=28500, browser=Firefox
Testing: csp_id=1069, page_id=28600, browser=Firefox
Testing: csp_id=1069, page_id=28700, browser=Firefox
Testing: csp_id=1069, page_id=28800, browser=Firefox
Testing: csp_id=1069, page_id=28900, browser=Firefox
Testing: csp_id=1069, page_id=29000, browser=Firefox
Testing: csp_id=1069, page_id=29100, browser=Firefox
Testing: csp_id=1069, page_id=29200, browser=Firefox
Testing: csp_id=1069, page_id=29300, browser=Firefox
Testing: csp_id=1069, page_id=29400, browser=Firefox
Testing: csp_id=1069, page_id=29500, browser=Firefox
Testing: csp_id=1069, page_id=29600, browser=Firefox
Testing: csp_id=1069, page_id=29700, browser=Firefox
Testing: csp_id=1069, page_id=29800, browser=Firefox
🏊 create_context_pools[first] (5x16): 16.162s
Testing: csp_id=1083, page_id=0, browser=Firefox
Testing: csp_id=1083, page_id=100, browser=Firefox
Testing: csp_id=1083, page_id=200, browser=Firefox
Testing: csp_id=1083, page_id=300, browser=Firefox
Testing: csp_id=1083, page_id=400, browser=Firefox
Testing: csp_id=1083, page_id=500, browser=Firefox
Testing: csp_id=1083, page_id=600, browser=Firefox
Testing: csp_id=1083, page_id=700, browser=Firefox
Testing: csp_id=1083, page_id=800, browser=Firefox
Testing: csp_id=1083, page_id=900, browser=Firefox
Testing: csp_id=1083, page_id=1000, browser=Firefox
Testing: csp_id=1083, page_id=1100, browser=Firefox
Testing: csp_id=1083, page_id=1200, browser=Firefox
Testing: csp_id=1083, page_id=1300, browser=Firefox
Testing: csp_id=1083, page_id=1400, browser=Firefox
Testing: csp_id=1083, page_id=1500, browser=Firefox
Testing: csp_id=1083, page_id=1600, browser=Firefox
Testing: csp_id=1083, page_id=1700, browser=Firefox
Testing: csp_id=1083, page_id=1800, browser=Firefox
Testing: csp_id=1083, page_id=1900, browser=Firefox
Testing: csp_id=1083, page_id=2000, browser=Firefox
Testing: csp_id=1083, page_id=2100, browser=Firefox
Testing: csp_id=1083, page_id=2200, browser=Firefox
Testing: csp_id=1083, page_id=2300, browser=Firefox
Testing: csp_id=1083, page_id=2400, browser=Firefox
Testing: csp_id=1083, page_id=2500, browser=Firefox
Testing: csp_id=1083, page_id=2600, browser=Firefox
Testing: csp_id=1083, page_id=2700, browser=Firefox
Testing: csp_id=1083, page_id=2800, browser=Firefox
Testing: csp_id=1083, page_id=2900, browser=Firefox
Testing: csp_id=1083, page_id=3000, browser=Firefox
Testing: csp_id=1083, page_id=3100, browser=Firefox
Testing: csp_id=1083, page_id=3200, browser=Firefox
Testing: csp_id=1083, page_id=3300, browser=Firefox
Testing: csp_id=1083, page_id=3400, browser=Firefox
Testing: csp_id=1083, page_id=3500, browser=Firefox
Testing: csp_id=1083, page_id=3600, browser=Firefox
Testing: csp_id=1083, page_id=3700, browser=Firefox
Testing: csp_id=1083, page_id=3800, browser=Firefox
Testing: csp_id=1083, page_id=3900, browser=Firefox
Testing: csp_id=1083, page_id=4000, browser=Firefox
Testing: csp_id=1083, page_id=4100, browser=Firefox
Testing: csp_id=1083, page_id=4200, browser=Firefox
Testing: csp_id=1083, page_id=4300, browser=Firefox
Testing: csp_id=1083, page_id=4400, browser=Firefox
Testing: csp_id=1083, page_id=4500, browser=Firefox
Testing: csp_id=1083, page_id=4600, browser=Firefox
Testing: csp_id=1083, page_id=4700, browser=Firefox
Testing: csp_id=1083, page_id=4800, browser=Firefox
Testing: csp_id=1083, page_id=4900, browser=Firefox
Testing: csp_id=1083, page_id=5000, browser=Firefox
Testing: csp_id=1083, page_id=5100, browser=Firefox
Testing: csp_id=1083, page_id=5200, browser=Firefox
Testing: csp_id=1083, page_id=5300, browser=Firefox
Testing: csp_id=1083, page_id=5400, browser=Firefox
Testing: csp_id=1083, page_id=5500, browser=Firefox
Testing: csp_id=1083, page_id=5600, browser=Firefox
Testing: csp_id=1083, page_id=5700, browser=Firefox
Testing: csp_id=1083, page_id=5800, browser=Firefox
Testing: csp_id=1083, page_id=5900, browser=Firefox
Testing: csp_id=1083, page_id=6000, browser=Firefox
Testing: csp_id=1083, page_id=6100, browser=Firefox
Testing: csp_id=1083, page_id=6200, browser=Firefox
Testing: csp_id=1083, page_id=6300, browser=Firefox
Testing: csp_id=1083, page_id=6400, browser=Firefox
Testing: csp_id=1083, page_id=6500, browser=Firefox
Testing: csp_id=1083, page_id=6600, browser=Firefox
Testing: csp_id=1083, page_id=6700, browser=Firefox
Testing: csp_id=1083, page_id=6800, browser=Firefox
Testing: csp_id=1083, page_id=6900, browser=Firefox
Testing: csp_id=1083, page_id=7000, browser=Firefox
Testing: csp_id=1083, page_id=7100, browser=Firefox
Testing: csp_id=1083, page_id=7200, browser=Firefox
Testing: csp_id=1083, page_id=7300, browser=Firefox
Testing: csp_id=1083, page_id=7400, browser=Firefox
Testing: csp_id=1083, page_id=7500, browser=Firefox
Testing: csp_id=1083, page_id=7600, browser=Firefox
Testing: csp_id=1083, page_id=7700, browser=Firefox
Testing: csp_id=1083, page_id=7800, browser=Firefox
Testing: csp_id=1083, page_id=7900, browser=Firefox
Testing: csp_id=1083, page_id=8000, browser=Firefox
Testing: csp_id=1083, page_id=8100, browser=Firefox
Testing: csp_id=1083, page_id=8200, browser=Firefox
Testing: csp_id=1083, page_id=8300, browser=Firefox
Testing: csp_id=1083, page_id=8400, browser=Firefox
Testing: csp_id=1083, page_id=8500, browser=Firefox
Testing: csp_id=1083, page_id=8600, browser=Firefox
Testing: csp_id=1083, page_id=8700, browser=Firefox
Testing: csp_id=1083, page_id=8800, browser=Firefox
Testing: csp_id=1083, page_id=8900, browser=Firefox
Testing: csp_id=1083, page_id=9000, browser=Firefox
Testing: csp_id=1083, page_id=9100, browser=Firefox
Testing: csp_id=1083, page_id=9200, browser=Firefox
Testing: csp_id=1083, page_id=9300, browser=Firefox
Testing: csp_id=1083, page_id=9400, browser=Firefox
Testing: csp_id=1083, page_id=9500, browser=Firefox
Testing: csp_id=1083, page_id=9600, browser=Firefox
Testing: csp_id=1083, page_id=9700, browser=Firefox
Testing: csp_id=1083, page_id=9800, browser=Firefox
Testing: csp_id=1083, page_id=9900, browser=Firefox
Testing: csp_id=1083, page_id=10000, browser=Firefox
Testing: csp_id=1083, page_id=10100, browser=Firefox
Testing: csp_id=1083, page_id=10200, browser=Firefox
Testing: csp_id=1083, page_id=10300, browser=Firefox
Testing: csp_id=1083, page_id=10400, browser=Firefox
Testing: csp_id=1083, page_id=10500, browser=Firefox
Testing: csp_id=1083, page_id=10600, browser=Firefox
Testing: csp_id=1083, page_id=10700, browser=Firefox
Testing: csp_id=1083, page_id=10800, browser=Firefox
Testing: csp_id=1083, page_id=10900, browser=Firefox
Testing: csp_id=1083, page_id=11000, browser=Firefox
Testing: csp_id=1083, page_id=11100, browser=Firefox
Testing: csp_id=1083, page_id=11200, browser=Firefox
Testing: csp_id=1083, page_id=11300, browser=Firefox
Testing: csp_id=1083, page_id=11400, browser=Firefox
Testing: csp_id=1083, page_id=11500, browser=Firefox
Testing: csp_id=1083, page_id=11600, browser=Firefox
Testing: csp_id=1083, page_id=11700, browser=Firefox
Testing: csp_id=1083, page_id=11800, browser=Firefox
Testing: csp_id=1083, page_id=11900, browser=Firefox
Testing: csp_id=1083, page_id=12000, browser=Firefox
Testing: csp_id=1083, page_id=12100, browser=Firefox
Testing: csp_id=1083, page_id=12200, browser=Firefox
Testing: csp_id=1083, page_id=12300, browser=Firefox
Testing: csp_id=1083, page_id=12400, browser=Firefox
Testing: csp_id=1083, page_id=12500, browser=Firefox
Testing: csp_id=1083, page_id=12600, browser=Firefox
Testing: csp_id=1083, page_id=12700, browser=Firefox
Testing: csp_id=1083, page_id=12800, browser=Firefox
Testing: csp_id=1083, page_id=12900, browser=Firefox
Testing: csp_id=1083, page_id=13000, browser=Firefox
Testing: csp_id=1083, page_id=13100, browser=Firefox
Testing: csp_id=1083, page_id=13200, browser=Firefox
Testing: csp_id=1083, page_id=13300, browser=Firefox
Testing: csp_id=1083, page_id=13400, browser=Firefox
Testing: csp_id=1083, page_id=13500, browser=Firefox
Testing: csp_id=1083, page_id=13600, browser=Firefox
Testing: csp_id=1083, page_id=13700, browser=Firefox
Testing: csp_id=1083, page_id=13800, browser=Firefox
Testing: csp_id=1083, page_id=13900, browser=Firefox
Testing: csp_id=1083, page_id=14000, browser=Firefox
Testing: csp_id=1083, page_id=14100, browser=Firefox
Testing: csp_id=1083, page_id=14200, browser=Firefox
Testing: csp_id=1083, page_id=14300, browser=Firefox
Testing: csp_id=1083, page_id=14400, browser=Firefox
Testing: csp_id=1083, page_id=14500, browser=Firefox
Testing: csp_id=1083, page_id=14600, browser=Firefox
Testing: csp_id=1083, page_id=14700, browser=Firefox
Testing: csp_id=1083, page_id=14800, browser=Firefox
Testing: csp_id=1083, page_id=14900, browser=Firefox
Testing: csp_id=1083, page_id=15000, browser=Firefox
Testing: csp_id=1083, page_id=15100, browser=Firefox
Testing: csp_id=1083, page_id=15200, browser=Firefox
Testing: csp_id=1083, page_id=15300, browser=Firefox
Testing: csp_id=1083, page_id=15400, browser=Firefox
Testing: csp_id=1083, page_id=15500, browser=Firefox
Testing: csp_id=1083, page_id=15600, browser=Firefox
Testing: csp_id=1083, page_id=15700, browser=Firefox
Testing: csp_id=1083, page_id=15800, browser=Firefox
Testing: csp_id=1083, page_id=15900, browser=Firefox
Testing: csp_id=1083, page_id=16000, browser=Firefox
Testing: csp_id=1083, page_id=16100, browser=Firefox
Testing: csp_id=1083, page_id=16200, browser=Firefox
Testing: csp_id=1083, page_id=16300, browser=Firefox
Testing: csp_id=1083, page_id=16400, browser=Firefox
Testing: csp_id=1083, page_id=16500, browser=Firefox
Testing: csp_id=1083, page_id=16600, browser=Firefox
Testing: csp_id=1083, page_id=16700, browser=Firefox
Testing: csp_id=1083, page_id=16800, browser=Firefox
Testing: csp_id=1083, page_id=16900, browser=Firefox
Testing: csp_id=1083, page_id=17000, browser=Firefox
Testing: csp_id=1083, page_id=17100, browser=Firefox
Testing: csp_id=1083, page_id=17200, browser=Firefox
Testing: csp_id=1083, page_id=17300, browser=Firefox
Testing: csp_id=1083, page_id=17400, browser=Firefox
Testing: csp_id=1083, page_id=17500, browser=Firefox
Testing: csp_id=1083, page_id=17600, browser=Firefox
Testing: csp_id=1083, page_id=17700, browser=Firefox
Testing: csp_id=1083, page_id=17800, browser=Firefox
Testing: csp_id=1083, page_id=17900, browser=Firefox
Testing: csp_id=1083, page_id=18000, browser=Firefox
Testing: csp_id=1083, page_id=18100, browser=Firefox
Testing: csp_id=1083, page_id=18200, browser=Firefox
Testing: csp_id=1083, page_id=18300, browser=Firefox
Testing: csp_id=1083, page_id=18400, browser=Firefox
Testing: csp_id=1083, page_id=18500, browser=Firefox
Testing: csp_id=1083, page_id=18600, browser=Firefox
Testing: csp_id=1083, page_id=18700, browser=Firefox
Testing: csp_id=1083, page_id=18800, browser=Firefox
Testing: csp_id=1083, page_id=18900, browser=Firefox
Testing: csp_id=1083, page_id=19000, browser=Firefox
Testing: csp_id=1083, page_id=19100, browser=Firefox
Testing: csp_id=1083, page_id=19200, browser=Firefox
Testing: csp_id=1083, page_id=19300, browser=Firefox
Testing: csp_id=1083, page_id=19400, browser=Firefox
Testing: csp_id=1083, page_id=19500, browser=Firefox
Testing: csp_id=1083, page_id=19600, browser=Firefox
Testing: csp_id=1083, page_id=19700, browser=Firefox
Testing: csp_id=1083, page_id=19800, browser=Firefox
Testing: csp_id=1083, page_id=19900, browser=Firefox
Testing: csp_id=1083, page_id=20000, browser=Firefox
Testing: csp_id=1083, page_id=20100, browser=Firefox
Testing: csp_id=1083, page_id=20200, browser=Firefox
Testing: csp_id=1083, page_id=20300, browser=Firefox
Testing: csp_id=1083, page_id=20400, browser=Firefox
Testing: csp_id=1083, page_id=20500, browser=Firefox
Testing: csp_id=1083, page_id=20600, browser=Firefox
Testing: csp_id=1083, page_id=20700, browser=Firefox
Testing: csp_id=1083, page_id=20800, browser=Firefox
Testing: csp_id=1083, page_id=20900, browser=Firefox
Testing: csp_id=1083, page_id=21000, browser=Firefox
Testing: csp_id=1083, page_id=21100, browser=Firefox
Testing: csp_id=1083, page_id=21200, browser=Firefox
Testing: csp_id=1083, page_id=21300, browser=Firefox
Testing: csp_id=1083, page_id=21400, browser=Firefox
Testing: csp_id=1083, page_id=21500, browser=Firefox
Testing: csp_id=1083, page_id=21600, browser=Firefox
Testing: csp_id=1083, page_id=21700, browser=Firefox
Testing: csp_id=1083, page_id=21800, browser=Firefox
Testing: csp_id=1083, page_id=21900, browser=Firefox
Testing: csp_id=1083, page_id=22000, browser=Firefox
Testing: csp_id=1083, page_id=22100, browser=Firefox
Testing: csp_id=1083, page_id=22200, browser=Firefox
Testing: csp_id=1083, page_id=22300, browser=Firefox
Testing: csp_id=1083, page_id=22400, browser=Firefox
Testing: csp_id=1083, page_id=22500, browser=Firefox
Testing: csp_id=1083, page_id=22600, browser=Firefox
Testing: csp_id=1083, page_id=22700, browser=Firefox
Testing: csp_id=1083, page_id=22800, browser=Firefox
Testing: csp_id=1083, page_id=22900, browser=Firefox
Testing: csp_id=1083, page_id=23000, browser=Firefox
Testing: csp_id=1083, page_id=23100, browser=Firefox
Testing: csp_id=1083, page_id=23200, browser=Firefox
Testing: csp_id=1083, page_id=23300, browser=Firefox
Testing: csp_id=1083, page_id=23400, browser=Firefox
Testing: csp_id=1083, page_id=23500, browser=Firefox
Testing: csp_id=1083, page_id=23600, browser=Firefox
Testing: csp_id=1083, page_id=23700, browser=Firefox
Testing: csp_id=1083, page_id=23800, browser=Firefox
Testing: csp_id=1083, page_id=23900, browser=Firefox
Testing: csp_id=1083, page_id=24000, browser=Firefox
Testing: csp_id=1083, page_id=24100, browser=Firefox
Testing: csp_id=1083, page_id=24200, browser=Firefox
Testing: csp_id=1083, page_id=24300, browser=Firefox
Testing: csp_id=1083, page_id=24400, browser=Firefox
Testing: csp_id=1083, page_id=24500, browser=Firefox
Testing: csp_id=1083, page_id=24600, browser=Firefox
Testing: csp_id=1083, page_id=24700, browser=Firefox
Testing: csp_id=1083, page_id=24800, browser=Firefox
Testing: csp_id=1083, page_id=24900, browser=Firefox
Testing: csp_id=1083, page_id=25000, browser=Firefox
Testing: csp_id=1083, page_id=25100, browser=Firefox
Testing: csp_id=1083, page_id=25200, browser=Firefox
Testing: csp_id=1083, page_id=25300, browser=Firefox
Testing: csp_id=1083, page_id=25400, browser=Firefox
Testing: csp_id=1083, page_id=25500, browser=Firefox
Testing: csp_id=1083, page_id=25600, browser=Firefox
Testing: csp_id=1083, page_id=25700, browser=Firefox
Testing: csp_id=1083, page_id=25800, browser=Firefox
Testing: csp_id=1083, page_id=25900, browser=Firefox
Testing: csp_id=1083, page_id=26000, browser=Firefox
Testing: csp_id=1083, page_id=26100, browser=Firefox
Testing: csp_id=1083, page_id=26200, browser=Firefox
Testing: csp_id=1083, page_id=26300, browser=Firefox
Testing: csp_id=1083, page_id=26400, browser=Firefox
Testing: csp_id=1083, page_id=26500, browser=Firefox
Testing: csp_id=1083, page_id=26600, browser=Firefox
Testing: csp_id=1083, page_id=26700, browser=Firefox
Testing: csp_id=1083, page_id=26800, browser=Firefox
Testing: csp_id=1083, page_id=26900, browser=Firefox
Testing: csp_id=1083, page_id=27000, browser=Firefox
Testing: csp_id=1083, page_id=27100, browser=Firefox
Testing: csp_id=1083, page_id=27200, browser=Firefox
Testing: csp_id=1083, page_id=27300, browser=Firefox
Testing: csp_id=1083, page_id=27400, browser=Firefox
Testing: csp_id=1083, page_id=27500, browser=Firefox
Testing: csp_id=1083, page_id=27600, browser=Firefox
Testing: csp_id=1083, page_id=27700, browser=Firefox
Testing: csp_id=1083, page_id=27800, browser=Firefox
Testing: csp_id=1083, page_id=27900, browser=Firefox
Testing: csp_id=1083, page_id=28000, browser=Firefox
Testing: csp_id=1083, page_id=28100, browser=Firefox
Testing: csp_id=1083, page_id=28200, browser=Firefox
Testing: csp_id=1083, page_id=28300, browser=Firefox
Testing: csp_id=1083, page_id=28400, browser=Firefox
Testing: csp_id=1083, page_id=28500, browser=Firefox
Testing: csp_id=1083, page_id=28600, browser=Firefox
Testing: csp_id=1083, page_id=28700, browser=Firefox
Testing: csp_id=1083, page_id=28800, browser=Firefox
Testing: csp_id=1083, page_id=28900, browser=Firefox
Testing: csp_id=1083, page_id=29000, browser=Firefox
Testing: csp_id=1083, page_id=29100, browser=Firefox
Testing: csp_id=1083, page_id=29200, browser=Firefox
Testing: csp_id=1083, page_id=29300, browser=Firefox
Testing: csp_id=1083, page_id=29400, browser=Firefox
Testing: csp_id=1083, page_id=29500, browser=Firefox
Testing: csp_id=1083, page_id=29600, browser=Firefox
Testing: csp_id=1083, page_id=29700, browser=Firefox
Testing: csp_id=1083, page_id=29800, browser=Firefox
🏊 create_context_pools[first] (5x16): 16.529s
Testing: csp_id=1095, page_id=0, browser=Firefox
Testing: csp_id=1095, page_id=100, browser=Firefox
Testing: csp_id=1095, page_id=200, browser=Firefox
Testing: csp_id=1095, page_id=300, browser=Firefox
Testing: csp_id=1095, page_id=400, browser=Firefox
Testing: csp_id=1095, page_id=500, browser=Firefox
Testing: csp_id=1095, page_id=600, browser=Firefox
Testing: csp_id=1095, page_id=700, browser=Firefox
Testing: csp_id=1095, page_id=800, browser=Firefox
Testing: csp_id=1095, page_id=900, browser=Firefox
Testing: csp_id=1095, page_id=1000, browser=Firefox
Testing: csp_id=1095, page_id=1100, browser=Firefox
Testing: csp_id=1095, page_id=1200, browser=Firefox
Testing: csp_id=1095, page_id=1300, browser=Firefox
Testing: csp_id=1095, page_id=1400, browser=Firefox
Testing: csp_id=1095, page_id=1500, browser=Firefox
Testing: csp_id=1095, page_id=1600, browser=Firefox
Testing: csp_id=1095, page_id=1700, browser=Firefox
Testing: csp_id=1095, page_id=1800, browser=Firefox
Testing: csp_id=1095, page_id=1900, browser=Firefox
Testing: csp_id=1095, page_id=2000, browser=Firefox
Testing: csp_id=1095, page_id=2100, browser=Firefox
Testing: csp_id=1095, page_id=2200, browser=Firefox
Testing: csp_id=1095, page_id=2300, browser=Firefox
Testing: csp_id=1095, page_id=2400, browser=Firefox
Testing: csp_id=1095, page_id=2500, browser=Firefox
Testing: csp_id=1095, page_id=2600, browser=Firefox
Testing: csp_id=1095, page_id=2700, browser=Firefox
Testing: csp_id=1095, page_id=2800, browser=Firefox
Testing: csp_id=1095, page_id=2900, browser=Firefox
Testing: csp_id=1095, page_id=3000, browser=Firefox
Testing: csp_id=1095, page_id=3100, browser=Firefox
Testing: csp_id=1095, page_id=3200, browser=Firefox
Testing: csp_id=1095, page_id=3300, browser=Firefox
Testing: csp_id=1095, page_id=3400, browser=Firefox
Testing: csp_id=1095, page_id=3500, browser=Firefox
Testing: csp_id=1095, page_id=3600, browser=Firefox
Testing: csp_id=1095, page_id=3700, browser=Firefox
Testing: csp_id=1095, page_id=3800, browser=Firefox
Testing: csp_id=1095, page_id=3900, browser=Firefox
Testing: csp_id=1095, page_id=4000, browser=Firefox
Testing: csp_id=1095, page_id=4100, browser=Firefox
Testing: csp_id=1095, page_id=4200, browser=Firefox
Testing: csp_id=1095, page_id=4300, browser=Firefox
Testing: csp_id=1095, page_id=4400, browser=Firefox
Testing: csp_id=1095, page_id=4500, browser=Firefox
Testing: csp_id=1095, page_id=4600, browser=Firefox
Testing: csp_id=1095, page_id=4700, browser=Firefox
Testing: csp_id=1095, page_id=4800, browser=Firefox
Testing: csp_id=1095, page_id=4900, browser=Firefox
Testing: csp_id=1095, page_id=5000, browser=Firefox
Testing: csp_id=1095, page_id=5100, browser=Firefox
Testing: csp_id=1095, page_id=5200, browser=Firefox
Testing: csp_id=1095, page_id=5300, browser=Firefox
Testing: csp_id=1095, page_id=5400, browser=Firefox
Testing: csp_id=1095, page_id=5500, browser=Firefox
Testing: csp_id=1095, page_id=5600, browser=Firefox
Testing: csp_id=1095, page_id=5700, browser=Firefox
Testing: csp_id=1095, page_id=5800, browser=Firefox
Testing: csp_id=1095, page_id=5900, browser=Firefox
Testing: csp_id=1095, page_id=6000, browser=Firefox
Testing: csp_id=1095, page_id=6100, browser=Firefox
Testing: csp_id=1095, page_id=6200, browser=Firefox
Testing: csp_id=1095, page_id=6300, browser=Firefox
Testing: csp_id=1095, page_id=6400, browser=Firefox
Testing: csp_id=1095, page_id=6500, browser=Firefox
Testing: csp_id=1095, page_id=6600, browser=Firefox
Testing: csp_id=1095, page_id=6700, browser=Firefox
Testing: csp_id=1095, page_id=6800, browser=Firefox
Testing: csp_id=1095, page_id=6900, browser=Firefox
Testing: csp_id=1095, page_id=7000, browser=Firefox
Testing: csp_id=1095, page_id=7100, browser=Firefox
Testing: csp_id=1095, page_id=7200, browser=Firefox
Testing: csp_id=1095, page_id=7300, browser=Firefox
Testing: csp_id=1095, page_id=7400, browser=Firefox
Testing: csp_id=1095, page_id=7500, browser=Firefox
Testing: csp_id=1095, page_id=7600, browser=Firefox
Testing: csp_id=1095, page_id=7700, browser=Firefox
Testing: csp_id=1095, page_id=7800, browser=Firefox
Testing: csp_id=1095, page_id=7900, browser=Firefox
Testing: csp_id=1095, page_id=8000, browser=Firefox
Testing: csp_id=1095, page_id=8100, browser=Firefox
Testing: csp_id=1095, page_id=8200, browser=Firefox
Testing: csp_id=1095, page_id=8300, browser=Firefox
Testing: csp_id=1095, page_id=8400, browser=Firefox
Testing: csp_id=1095, page_id=8500, browser=Firefox
Testing: csp_id=1095, page_id=8600, browser=Firefox
Testing: csp_id=1095, page_id=8700, browser=Firefox
Testing: csp_id=1095, page_id=8800, browser=Firefox
Testing: csp_id=1095, page_id=8900, browser=Firefox
Testing: csp_id=1095, page_id=9000, browser=Firefox
Testing: csp_id=1095, page_id=9100, browser=Firefox
Testing: csp_id=1095, page_id=9200, browser=Firefox
Testing: csp_id=1095, page_id=9300, browser=Firefox
Testing: csp_id=1095, page_id=9400, browser=Firefox
Testing: csp_id=1095, page_id=9500, browser=Firefox
Testing: csp_id=1095, page_id=9600, browser=Firefox
Testing: csp_id=1095, page_id=9700, browser=Firefox
Testing: csp_id=1095, page_id=9800, browser=Firefox
Testing: csp_id=1095, page_id=9900, browser=Firefox
Testing: csp_id=1095, page_id=10000, browser=Firefox
Testing: csp_id=1095, page_id=10100, browser=Firefox
Testing: csp_id=1095, page_id=10200, browser=Firefox
Testing: csp_id=1095, page_id=10300, browser=Firefox
Testing: csp_id=1095, page_id=10400, browser=Firefox
Testing: csp_id=1095, page_id=10500, browser=Firefox
Testing: csp_id=1095, page_id=10600, browser=Firefox
Testing: csp_id=1095, page_id=10700, browser=Firefox
Testing: csp_id=1095, page_id=10800, browser=Firefox
Testing: csp_id=1095, page_id=10900, browser=Firefox
Testing: csp_id=1095, page_id=11000, browser=Firefox
Testing: csp_id=1095, page_id=11100, browser=Firefox
Testing: csp_id=1095, page_id=11200, browser=Firefox
Testing: csp_id=1095, page_id=11300, browser=Firefox
Testing: csp_id=1095, page_id=11400, browser=Firefox
Testing: csp_id=1095, page_id=11500, browser=Firefox
Testing: csp_id=1095, page_id=11600, browser=Firefox
Testing: csp_id=1095, page_id=11700, browser=Firefox
Testing: csp_id=1095, page_id=11800, browser=Firefox
Testing: csp_id=1095, page_id=11900, browser=Firefox
Testing: csp_id=1095, page_id=12000, browser=Firefox
Testing: csp_id=1095, page_id=12100, browser=Firefox
Testing: csp_id=1095, page_id=12200, browser=Firefox
Testing: csp_id=1095, page_id=12300, browser=Firefox
Testing: csp_id=1095, page_id=12400, browser=Firefox
Testing: csp_id=1095, page_id=12500, browser=Firefox
Testing: csp_id=1095, page_id=12600, browser=Firefox
Testing: csp_id=1095, page_id=12700, browser=Firefox
Testing: csp_id=1095, page_id=12800, browser=Firefox
Testing: csp_id=1095, page_id=12900, browser=Firefox
Testing: csp_id=1095, page_id=13000, browser=Firefox
Testing: csp_id=1095, page_id=13100, browser=Firefox
Testing: csp_id=1095, page_id=13200, browser=Firefox
Testing: csp_id=1095, page_id=13300, browser=Firefox
Testing: csp_id=1095, page_id=13400, browser=Firefox
Testing: csp_id=1095, page_id=13500, browser=Firefox
Testing: csp_id=1095, page_id=13600, browser=Firefox
Testing: csp_id=1095, page_id=13700, browser=Firefox
Testing: csp_id=1095, page_id=13800, browser=Firefox
Testing: csp_id=1095, page_id=13900, browser=Firefox
Testing: csp_id=1095, page_id=14000, browser=Firefox
Testing: csp_id=1095, page_id=14100, browser=Firefox
Testing: csp_id=1095, page_id=14200, browser=Firefox
Testing: csp_id=1095, page_id=14300, browser=Firefox
Testing: csp_id=1095, page_id=14400, browser=Firefox
Testing: csp_id=1095, page_id=14500, browser=Firefox
Testing: csp_id=1095, page_id=14600, browser=Firefox
Testing: csp_id=1095, page_id=14700, browser=Firefox
Testing: csp_id=1095, page_id=14800, browser=Firefox
Testing: csp_id=1095, page_id=14900, browser=Firefox
Testing: csp_id=1095, page_id=15000, browser=Firefox
Testing: csp_id=1095, page_id=15100, browser=Firefox
Testing: csp_id=1095, page_id=15200, browser=Firefox
Testing: csp_id=1095, page_id=15300, browser=Firefox
Testing: csp_id=1095, page_id=15400, browser=Firefox
Testing: csp_id=1095, page_id=15500, browser=Firefox
Testing: csp_id=1095, page_id=15600, browser=Firefox
Testing: csp_id=1095, page_id=15700, browser=Firefox
Testing: csp_id=1095, page_id=15800, browser=Firefox
Testing: csp_id=1095, page_id=15900, browser=Firefox
Testing: csp_id=1095, page_id=16000, browser=Firefox
Testing: csp_id=1095, page_id=16100, browser=Firefox
Testing: csp_id=1095, page_id=16200, browser=Firefox
Testing: csp_id=1095, page_id=16300, browser=Firefox
Testing: csp_id=1095, page_id=16400, browser=Firefox
Testing: csp_id=1095, page_id=16500, browser=Firefox
Testing: csp_id=1095, page_id=16600, browser=Firefox
Testing: csp_id=1095, page_id=16700, browser=Firefox
Testing: csp_id=1095, page_id=16800, browser=Firefox
Testing: csp_id=1095, page_id=16900, browser=Firefox
Testing: csp_id=1095, page_id=17000, browser=Firefox
Testing: csp_id=1095, page_id=17100, browser=Firefox
Testing: csp_id=1095, page_id=17200, browser=Firefox
Testing: csp_id=1095, page_id=17300, browser=Firefox
Testing: csp_id=1095, page_id=17400, browser=Firefox
Testing: csp_id=1095, page_id=17500, browser=Firefox
Testing: csp_id=1095, page_id=17600, browser=Firefox
Testing: csp_id=1095, page_id=17700, browser=Firefox
Testing: csp_id=1095, page_id=17800, browser=Firefox
Testing: csp_id=1095, page_id=17900, browser=Firefox
Testing: csp_id=1095, page_id=18000, browser=Firefox
Testing: csp_id=1095, page_id=18100, browser=Firefox
Testing: csp_id=1095, page_id=18200, browser=Firefox
Testing: csp_id=1095, page_id=18300, browser=Firefox
Testing: csp_id=1095, page_id=18400, browser=Firefox
Testing: csp_id=1095, page_id=18500, browser=Firefox
Testing: csp_id=1095, page_id=18600, browser=Firefox
Testing: csp_id=1095, page_id=18700, browser=Firefox
Testing: csp_id=1095, page_id=18800, browser=Firefox
Testing: csp_id=1095, page_id=18900, browser=Firefox
Testing: csp_id=1095, page_id=19000, browser=Firefox
Testing: csp_id=1095, page_id=19100, browser=Firefox
Testing: csp_id=1095, page_id=19200, browser=Firefox
Testing: csp_id=1095, page_id=19300, browser=Firefox
Testing: csp_id=1095, page_id=19400, browser=Firefox
Testing: csp_id=1095, page_id=19500, browser=Firefox
Testing: csp_id=1095, page_id=19600, browser=Firefox
Testing: csp_id=1095, page_id=19700, browser=Firefox
Testing: csp_id=1095, page_id=19800, browser=Firefox
Testing: csp_id=1095, page_id=19900, browser=Firefox
Testing: csp_id=1095, page_id=20000, browser=Firefox
Testing: csp_id=1095, page_id=20100, browser=Firefox
Testing: csp_id=1095, page_id=20200, browser=Firefox
Testing: csp_id=1095, page_id=20300, browser=Firefox
Testing: csp_id=1095, page_id=20400, browser=Firefox
Testing: csp_id=1095, page_id=20500, browser=Firefox
Testing: csp_id=1095, page_id=20600, browser=Firefox
Testing: csp_id=1095, page_id=20700, browser=Firefox
Testing: csp_id=1095, page_id=20800, browser=Firefox
Testing: csp_id=1095, page_id=20900, browser=Firefox
Testing: csp_id=1095, page_id=21000, browser=Firefox
Testing: csp_id=1095, page_id=21100, browser=Firefox
Testing: csp_id=1095, page_id=21200, browser=Firefox
Testing: csp_id=1095, page_id=21300, browser=Firefox
Testing: csp_id=1095, page_id=21400, browser=Firefox
Testing: csp_id=1095, page_id=21500, browser=Firefox
Testing: csp_id=1095, page_id=21600, browser=Firefox
Testing: csp_id=1095, page_id=21700, browser=Firefox
Testing: csp_id=1095, page_id=21800, browser=Firefox
Testing: csp_id=1095, page_id=21900, browser=Firefox
Testing: csp_id=1095, page_id=22000, browser=Firefox
Testing: csp_id=1095, page_id=22100, browser=Firefox
Testing: csp_id=1095, page_id=22200, browser=Firefox
Testing: csp_id=1095, page_id=22300, browser=Firefox
Testing: csp_id=1095, page_id=22400, browser=Firefox
Testing: csp_id=1095, page_id=22500, browser=Firefox
Testing: csp_id=1095, page_id=22600, browser=Firefox
Testing: csp_id=1095, page_id=22700, browser=Firefox
Testing: csp_id=1095, page_id=22800, browser=Firefox
Testing: csp_id=1095, page_id=22900, browser=Firefox
Testing: csp_id=1095, page_id=23000, browser=Firefox
Testing: csp_id=1095, page_id=23100, browser=Firefox
Testing: csp_id=1095, page_id=23200, browser=Firefox
Testing: csp_id=1095, page_id=23300, browser=Firefox
Testing: csp_id=1095, page_id=23400, browser=Firefox
Testing: csp_id=1095, page_id=23500, browser=Firefox
Testing: csp_id=1095, page_id=23600, browser=Firefox
Testing: csp_id=1095, page_id=23700, browser=Firefox
Testing: csp_id=1095, page_id=23800, browser=Firefox
Testing: csp_id=1095, page_id=23900, browser=Firefox
Testing: csp_id=1095, page_id=24000, browser=Firefox
Testing: csp_id=1095, page_id=24100, browser=Firefox
Testing: csp_id=1095, page_id=24200, browser=Firefox
Testing: csp_id=1095, page_id=24300, browser=Firefox
Testing: csp_id=1095, page_id=24400, browser=Firefox
Testing: csp_id=1095, page_id=24500, browser=Firefox
Testing: csp_id=1095, page_id=24600, browser=Firefox
Testing: csp_id=1095, page_id=24700, browser=Firefox
Testing: csp_id=1095, page_id=24800, browser=Firefox
Testing: csp_id=1095, page_id=24900, browser=Firefox
Testing: csp_id=1095, page_id=25000, browser=Firefox
Testing: csp_id=1095, page_id=25100, browser=Firefox
Testing: csp_id=1095, page_id=25200, browser=Firefox
Testing: csp_id=1095, page_id=25300, browser=Firefox
Testing: csp_id=1095, page_id=25400, browser=Firefox
Testing: csp_id=1095, page_id=25500, browser=Firefox
Testing: csp_id=1095, page_id=25600, browser=Firefox
Testing: csp_id=1095, page_id=25700, browser=Firefox
Testing: csp_id=1095, page_id=25800, browser=Firefox
Testing: csp_id=1095, page_id=25900, browser=Firefox
Testing: csp_id=1095, page_id=26000, browser=Firefox
Testing: csp_id=1095, page_id=26100, browser=Firefox
Testing: csp_id=1095, page_id=26200, browser=Firefox
Testing: csp_id=1095, page_id=26300, browser=Firefox
Testing: csp_id=1095, page_id=26400, browser=Firefox
Testing: csp_id=1095, page_id=26500, browser=Firefox
Testing: csp_id=1095, page_id=26600, browser=Firefox
Testing: csp_id=1095, page_id=26700, browser=Firefox
Testing: csp_id=1095, page_id=26800, browser=Firefox
Testing: csp_id=1095, page_id=26900, browser=Firefox
Testing: csp_id=1095, page_id=27000, browser=Firefox
Testing: csp_id=1095, page_id=27100, browser=Firefox
Testing: csp_id=1095, page_id=27200, browser=Firefox
Testing: csp_id=1095, page_id=27300, browser=Firefox
Testing: csp_id=1095, page_id=27400, browser=Firefox
Testing: csp_id=1095, page_id=27500, browser=Firefox
Testing: csp_id=1095, page_id=27600, browser=Firefox
Testing: csp_id=1095, page_id=27700, browser=Firefox
Testing: csp_id=1095, page_id=27800, browser=Firefox
Testing: csp_id=1095, page_id=27900, browser=Firefox
Testing: csp_id=1095, page_id=28000, browser=Firefox
Testing: csp_id=1095, page_id=28100, browser=Firefox
Testing: csp_id=1095, page_id=28200, browser=Firefox
Testing: csp_id=1095, page_id=28300, browser=Firefox
Testing: csp_id=1095, page_id=28400, browser=Firefox
Testing: csp_id=1095, page_id=28500, browser=Firefox
Testing: csp_id=1095, page_id=28600, browser=Firefox
Testing: csp_id=1095, page_id=28700, browser=Firefox
Testing: csp_id=1095, page_id=28800, browser=Firefox
Testing: csp_id=1095, page_id=28900, browser=Firefox
Testing: csp_id=1095, page_id=29000, browser=Firefox
Testing: csp_id=1095, page_id=29100, browser=Firefox
Testing: csp_id=1095, page_id=29200, browser=Firefox
Testing: csp_id=1095, page_id=29300, browser=Firefox
Testing: csp_id=1095, page_id=29400, browser=Firefox
Testing: csp_id=1095, page_id=29500, browser=Firefox
Testing: csp_id=1095, page_id=29600, browser=Firefox
Testing: csp_id=1095, page_id=29700, browser=Firefox
Testing: csp_id=1095, page_id=29800, browser=Firefox
🏊 create_context_pools[first] (5x16): 18.190s
Testing: csp_id=1107, page_id=0, browser=Firefox
Testing: csp_id=1107, page_id=100, browser=Firefox
Testing: csp_id=1107, page_id=200, browser=Firefox
Testing: csp_id=1107, page_id=300, browser=Firefox
Testing: csp_id=1107, page_id=400, browser=Firefox
Testing: csp_id=1107, page_id=500, browser=Firefox
Testing: csp_id=1107, page_id=600, browser=Firefox
Testing: csp_id=1107, page_id=700, browser=Firefox
Testing: csp_id=1107, page_id=800, browser=Firefox
Testing: csp_id=1107, page_id=900, browser=Firefox
Testing: csp_id=1107, page_id=1000, browser=Firefox
Testing: csp_id=1107, page_id=1100, browser=Firefox
Testing: csp_id=1107, page_id=1200, browser=Firefox
Testing: csp_id=1107, page_id=1300, browser=Firefox
Testing: csp_id=1107, page_id=1400, browser=Firefox
Testing: csp_id=1107, page_id=1500, browser=Firefox
Testing: csp_id=1107, page_id=1600, browser=Firefox
Testing: csp_id=1107, page_id=1700, browser=Firefox
Testing: csp_id=1107, page_id=1800, browser=Firefox
Testing: csp_id=1107, page_id=1900, browser=Firefox
Testing: csp_id=1107, page_id=2000, browser=Firefox
Testing: csp_id=1107, page_id=2100, browser=Firefox
Testing: csp_id=1107, page_id=2200, browser=Firefox
Testing: csp_id=1107, page_id=2300, browser=Firefox
Testing: csp_id=1107, page_id=2400, browser=Firefox
Testing: csp_id=1107, page_id=2500, browser=Firefox
Testing: csp_id=1107, page_id=2600, browser=Firefox
Testing: csp_id=1107, page_id=2700, browser=Firefox
Testing: csp_id=1107, page_id=2800, browser=Firefox
Testing: csp_id=1107, page_id=2900, browser=Firefox
Testing: csp_id=1107, page_id=3000, browser=Firefox
Testing: csp_id=1107, page_id=3100, browser=Firefox
Testing: csp_id=1107, page_id=3200, browser=Firefox
Testing: csp_id=1107, page_id=3300, browser=Firefox
Testing: csp_id=1107, page_id=3400, browser=Firefox
Testing: csp_id=1107, page_id=3500, browser=Firefox
Testing: csp_id=1107, page_id=3600, browser=Firefox
Testing: csp_id=1107, page_id=3700, browser=Firefox
Testing: csp_id=1107, page_id=3800, browser=Firefox
Testing: csp_id=1107, page_id=3900, browser=Firefox
Testing: csp_id=1107, page_id=4000, browser=Firefox
Testing: csp_id=1107, page_id=4100, browser=Firefox
Testing: csp_id=1107, page_id=4200, browser=Firefox
Testing: csp_id=1107, page_id=4300, browser=Firefox
Testing: csp_id=1107, page_id=4400, browser=Firefox
Testing: csp_id=1107, page_id=4500, browser=Firefox
Testing: csp_id=1107, page_id=4600, browser=Firefox
Testing: csp_id=1107, page_id=4700, browser=Firefox
Testing: csp_id=1107, page_id=4800, browser=Firefox
Testing: csp_id=1107, page_id=4900, browser=Firefox
Testing: csp_id=1107, page_id=5000, browser=Firefox
Testing: csp_id=1107, page_id=5100, browser=Firefox
Testing: csp_id=1107, page_id=5200, browser=Firefox
Testing: csp_id=1107, page_id=5300, browser=Firefox
Testing: csp_id=1107, page_id=5400, browser=Firefox
Testing: csp_id=1107, page_id=5500, browser=Firefox
Testing: csp_id=1107, page_id=5600, browser=Firefox
Testing: csp_id=1107, page_id=5700, browser=Firefox
Testing: csp_id=1107, page_id=5800, browser=Firefox
Testing: csp_id=1107, page_id=5900, browser=Firefox
Testing: csp_id=1107, page_id=6000, browser=Firefox
Testing: csp_id=1107, page_id=6100, browser=Firefox
Testing: csp_id=1107, page_id=6200, browser=Firefox
Testing: csp_id=1107, page_id=6300, browser=Firefox
Testing: csp_id=1107, page_id=6400, browser=Firefox
Testing: csp_id=1107, page_id=6500, browser=Firefox
Testing: csp_id=1107, page_id=6600, browser=Firefox
Testing: csp_id=1107, page_id=6700, browser=Firefox
Testing: csp_id=1107, page_id=6800, browser=Firefox
Testing: csp_id=1107, page_id=6900, browser=Firefox
Testing: csp_id=1107, page_id=7000, browser=Firefox
Testing: csp_id=1107, page_id=7100, browser=Firefox
Testing: csp_id=1107, page_id=7200, browser=Firefox
Testing: csp_id=1107, page_id=7300, browser=Firefox
Testing: csp_id=1107, page_id=7400, browser=Firefox
Testing: csp_id=1107, page_id=7500, browser=Firefox
Testing: csp_id=1107, page_id=7600, browser=Firefox
Testing: csp_id=1107, page_id=7700, browser=Firefox
Testing: csp_id=1107, page_id=7800, browser=Firefox
Testing: csp_id=1107, page_id=7900, browser=Firefox
Testing: csp_id=1107, page_id=8000, browser=Firefox
Testing: csp_id=1107, page_id=8100, browser=Firefox
Testing: csp_id=1107, page_id=8200, browser=Firefox
Testing: csp_id=1107, page_id=8300, browser=Firefox
Testing: csp_id=1107, page_id=8400, browser=Firefox
Testing: csp_id=1107, page_id=8500, browser=Firefox
Testing: csp_id=1107, page_id=8600, browser=Firefox
Testing: csp_id=1107, page_id=8700, browser=Firefox
Testing: csp_id=1107, page_id=8800, browser=Firefox
Testing: csp_id=1107, page_id=8900, browser=Firefox
Testing: csp_id=1107, page_id=9000, browser=Firefox
Testing: csp_id=1107, page_id=9100, browser=Firefox
Testing: csp_id=1107, page_id=9200, browser=Firefox
Testing: csp_id=1107, page_id=9300, browser=Firefox
Testing: csp_id=1107, page_id=9400, browser=Firefox
Testing: csp_id=1107, page_id=9500, browser=Firefox
Testing: csp_id=1107, page_id=9600, browser=Firefox
Testing: csp_id=1107, page_id=9700, browser=Firefox
Testing: csp_id=1107, page_id=9800, browser=Firefox
Testing: csp_id=1107, page_id=9900, browser=Firefox
Testing: csp_id=1107, page_id=10000, browser=Firefox
Testing: csp_id=1107, page_id=10100, browser=Firefox
Testing: csp_id=1107, page_id=10200, browser=Firefox
Testing: csp_id=1107, page_id=10300, browser=Firefox
Testing: csp_id=1107, page_id=10400, browser=Firefox
Testing: csp_id=1107, page_id=10500, browser=Firefox
Testing: csp_id=1107, page_id=10600, browser=Firefox
Testing: csp_id=1107, page_id=10700, browser=Firefox
Testing: csp_id=1107, page_id=10800, browser=Firefox
Testing: csp_id=1107, page_id=10900, browser=Firefox
Testing: csp_id=1107, page_id=11000, browser=Firefox
Testing: csp_id=1107, page_id=11100, browser=Firefox
Testing: csp_id=1107, page_id=11200, browser=Firefox
Testing: csp_id=1107, page_id=11300, browser=Firefox
Testing: csp_id=1107, page_id=11400, browser=Firefox
Testing: csp_id=1107, page_id=11500, browser=Firefox
Testing: csp_id=1107, page_id=11600, browser=Firefox
Testing: csp_id=1107, page_id=11700, browser=Firefox
Testing: csp_id=1107, page_id=11800, browser=Firefox
Testing: csp_id=1107, page_id=11900, browser=Firefox
Testing: csp_id=1107, page_id=12000, browser=Firefox
Testing: csp_id=1107, page_id=12100, browser=Firefox
Testing: csp_id=1107, page_id=12200, browser=Firefox
Testing: csp_id=1107, page_id=12300, browser=Firefox
Testing: csp_id=1107, page_id=12400, browser=Firefox
Testing: csp_id=1107, page_id=12500, browser=Firefox
Testing: csp_id=1107, page_id=12600, browser=Firefox
Testing: csp_id=1107, page_id=12700, browser=Firefox
Testing: csp_id=1107, page_id=12800, browser=Firefox
Testing: csp_id=1107, page_id=12900, browser=Firefox
Testing: csp_id=1107, page_id=13000, browser=Firefox
Testing: csp_id=1107, page_id=13100, browser=Firefox
Testing: csp_id=1107, page_id=13200, browser=Firefox
Testing: csp_id=1107, page_id=13300, browser=Firefox
Testing: csp_id=1107, page_id=13400, browser=Firefox
Testing: csp_id=1107, page_id=13500, browser=Firefox
Testing: csp_id=1107, page_id=13600, browser=Firefox
Testing: csp_id=1107, page_id=13700, browser=Firefox
Testing: csp_id=1107, page_id=13800, browser=Firefox
Testing: csp_id=1107, page_id=13900, browser=Firefox
Testing: csp_id=1107, page_id=14000, browser=Firefox
Testing: csp_id=1107, page_id=14100, browser=Firefox
Testing: csp_id=1107, page_id=14200, browser=Firefox
Testing: csp_id=1107, page_id=14300, browser=Firefox
Testing: csp_id=1107, page_id=14400, browser=Firefox
Testing: csp_id=1107, page_id=14500, browser=Firefox
Testing: csp_id=1107, page_id=14600, browser=Firefox
Testing: csp_id=1107, page_id=14700, browser=Firefox
Testing: csp_id=1107, page_id=14800, browser=Firefox
Testing: csp_id=1107, page_id=14900, browser=Firefox
Testing: csp_id=1107, page_id=15000, browser=Firefox
Testing: csp_id=1107, page_id=15100, browser=Firefox
Testing: csp_id=1107, page_id=15200, browser=Firefox
Testing: csp_id=1107, page_id=15300, browser=Firefox
Testing: csp_id=1107, page_id=15400, browser=Firefox
Testing: csp_id=1107, page_id=15500, browser=Firefox
Testing: csp_id=1107, page_id=15600, browser=Firefox
Testing: csp_id=1107, page_id=15700, browser=Firefox
Testing: csp_id=1107, page_id=15800, browser=Firefox
Testing: csp_id=1107, page_id=15900, browser=Firefox
Testing: csp_id=1107, page_id=16000, browser=Firefox
Testing: csp_id=1107, page_id=16100, browser=Firefox
Testing: csp_id=1107, page_id=16200, browser=Firefox
Testing: csp_id=1107, page_id=16300, browser=Firefox
Testing: csp_id=1107, page_id=16400, browser=Firefox
Testing: csp_id=1107, page_id=16500, browser=Firefox
Testing: csp_id=1107, page_id=16600, browser=Firefox
Testing: csp_id=1107, page_id=16700, browser=Firefox
Testing: csp_id=1107, page_id=16800, browser=Firefox
Testing: csp_id=1107, page_id=16900, browser=Firefox
Testing: csp_id=1107, page_id=17000, browser=Firefox
Testing: csp_id=1107, page_id=17100, browser=Firefox
Testing: csp_id=1107, page_id=17200, browser=Firefox
Testing: csp_id=1107, page_id=17300, browser=Firefox
Testing: csp_id=1107, page_id=17400, browser=Firefox
Testing: csp_id=1107, page_id=17500, browser=Firefox
Testing: csp_id=1107, page_id=17600, browser=Firefox
Testing: csp_id=1107, page_id=17700, browser=Firefox
Testing: csp_id=1107, page_id=17800, browser=Firefox
Testing: csp_id=1107, page_id=17900, browser=Firefox
Testing: csp_id=1107, page_id=18000, browser=Firefox
Testing: csp_id=1107, page_id=18100, browser=Firefox
Testing: csp_id=1107, page_id=18200, browser=Firefox
Testing: csp_id=1107, page_id=18300, browser=Firefox
Testing: csp_id=1107, page_id=18400, browser=Firefox
Testing: csp_id=1107, page_id=18500, browser=Firefox
Testing: csp_id=1107, page_id=18600, browser=Firefox
Testing: csp_id=1107, page_id=18700, browser=Firefox
Testing: csp_id=1107, page_id=18800, browser=Firefox
Testing: csp_id=1107, page_id=18900, browser=Firefox
Testing: csp_id=1107, page_id=19000, browser=Firefox
Testing: csp_id=1107, page_id=19100, browser=Firefox
Testing: csp_id=1107, page_id=19200, browser=Firefox
Testing: csp_id=1107, page_id=19300, browser=Firefox
Testing: csp_id=1107, page_id=19400, browser=Firefox
Testing: csp_id=1107, page_id=19500, browser=Firefox
Testing: csp_id=1107, page_id=19600, browser=Firefox
Testing: csp_id=1107, page_id=19700, browser=Firefox
Testing: csp_id=1107, page_id=19800, browser=Firefox
Testing: csp_id=1107, page_id=19900, browser=Firefox
Testing: csp_id=1107, page_id=20000, browser=Firefox
Testing: csp_id=1107, page_id=20100, browser=Firefox
Testing: csp_id=1107, page_id=20200, browser=Firefox
Testing: csp_id=1107, page_id=20300, browser=Firefox
Testing: csp_id=1107, page_id=20400, browser=Firefox
Testing: csp_id=1107, page_id=20500, browser=Firefox
Testing: csp_id=1107, page_id=20600, browser=Firefox
Testing: csp_id=1107, page_id=20700, browser=Firefox
Testing: csp_id=1107, page_id=20800, browser=Firefox
Testing: csp_id=1107, page_id=20900, browser=Firefox
Testing: csp_id=1107, page_id=21000, browser=Firefox
Testing: csp_id=1107, page_id=21100, browser=Firefox
Testing: csp_id=1107, page_id=21200, browser=Firefox
Testing: csp_id=1107, page_id=21300, browser=Firefox
Testing: csp_id=1107, page_id=21400, browser=Firefox
Testing: csp_id=1107, page_id=21500, browser=Firefox
Testing: csp_id=1107, page_id=21600, browser=Firefox
Testing: csp_id=1107, page_id=21700, browser=Firefox
Testing: csp_id=1107, page_id=21800, browser=Firefox
Testing: csp_id=1107, page_id=21900, browser=Firefox
Testing: csp_id=1107, page_id=22000, browser=Firefox
Testing: csp_id=1107, page_id=22100, browser=Firefox
Testing: csp_id=1107, page_id=22200, browser=Firefox
Testing: csp_id=1107, page_id=22300, browser=Firefox
Testing: csp_id=1107, page_id=22400, browser=Firefox
Testing: csp_id=1107, page_id=22500, browser=Firefox
Testing: csp_id=1107, page_id=22600, browser=Firefox
Testing: csp_id=1107, page_id=22700, browser=Firefox
Testing: csp_id=1107, page_id=22800, browser=Firefox
Testing: csp_id=1107, page_id=22900, browser=Firefox
Testing: csp_id=1107, page_id=23000, browser=Firefox
Testing: csp_id=1107, page_id=23100, browser=Firefox
Testing: csp_id=1107, page_id=23200, browser=Firefox
Testing: csp_id=1107, page_id=23300, browser=Firefox
Testing: csp_id=1107, page_id=23400, browser=Firefox
Testing: csp_id=1107, page_id=23500, browser=Firefox
Testing: csp_id=1107, page_id=23600, browser=Firefox
Testing: csp_id=1107, page_id=23700, browser=Firefox
Testing: csp_id=1107, page_id=23800, browser=Firefox
Testing: csp_id=1107, page_id=23900, browser=Firefox
Testing: csp_id=1107, page_id=24000, browser=Firefox
Testing: csp_id=1107, page_id=24100, browser=Firefox
Testing: csp_id=1107, page_id=24200, browser=Firefox
Testing: csp_id=1107, page_id=24300, browser=Firefox
Testing: csp_id=1107, page_id=24400, browser=Firefox
Testing: csp_id=1107, page_id=24500, browser=Firefox
Testing: csp_id=1107, page_id=24600, browser=Firefox
Testing: csp_id=1107, page_id=24700, browser=Firefox
Testing: csp_id=1107, page_id=24800, browser=Firefox
Testing: csp_id=1107, page_id=24900, browser=Firefox
Testing: csp_id=1107, page_id=25000, browser=Firefox
Testing: csp_id=1107, page_id=25100, browser=Firefox
Testing: csp_id=1107, page_id=25200, browser=Firefox
Testing: csp_id=1107, page_id=25300, browser=Firefox
Testing: csp_id=1107, page_id=25400, browser=Firefox
Testing: csp_id=1107, page_id=25500, browser=Firefox
Testing: csp_id=1107, page_id=25600, browser=Firefox
Testing: csp_id=1107, page_id=25700, browser=Firefox
Testing: csp_id=1107, page_id=25800, browser=Firefox
Testing: csp_id=1107, page_id=25900, browser=Firefox
Testing: csp_id=1107, page_id=26000, browser=Firefox
Testing: csp_id=1107, page_id=26100, browser=Firefox
Testing: csp_id=1107, page_id=26200, browser=Firefox
Testing: csp_id=1107, page_id=26300, browser=Firefox
Testing: csp_id=1107, page_id=26400, browser=Firefox
Testing: csp_id=1107, page_id=26500, browser=Firefox
Testing: csp_id=1107, page_id=26600, browser=Firefox
Testing: csp_id=1107, page_id=26700, browser=Firefox
Testing: csp_id=1107, page_id=26800, browser=Firefox
Testing: csp_id=1107, page_id=26900, browser=Firefox
Testing: csp_id=1107, page_id=27000, browser=Firefox
Testing: csp_id=1107, page_id=27100, browser=Firefox
Testing: csp_id=1107, page_id=27200, browser=Firefox
Testing: csp_id=1107, page_id=27300, browser=Firefox
Testing: csp_id=1107, page_id=27400, browser=Firefox
Testing: csp_id=1107, page_id=27500, browser=Firefox
Testing: csp_id=1107, page_id=27600, browser=Firefox
Testing: csp_id=1107, page_id=27700, browser=Firefox
Testing: csp_id=1107, page_id=27800, browser=Firefox
Testing: csp_id=1107, page_id=27900, browser=Firefox
Testing: csp_id=1107, page_id=28000, browser=Firefox
Testing: csp_id=1107, page_id=28100, browser=Firefox
Testing: csp_id=1107, page_id=28200, browser=Firefox
Testing: csp_id=1107, page_id=28300, browser=Firefox
Testing: csp_id=1107, page_id=28400, browser=Firefox
Testing: csp_id=1107, page_id=28500, browser=Firefox
Testing: csp_id=1107, page_id=28600, browser=Firefox
Testing: csp_id=1107, page_id=28700, browser=Firefox
Testing: csp_id=1107, page_id=28800, browser=Firefox
Testing: csp_id=1107, page_id=28900, browser=Firefox
Testing: csp_id=1107, page_id=29000, browser=Firefox
Testing: csp_id=1107, page_id=29100, browser=Firefox
Testing: csp_id=1107, page_id=29200, browser=Firefox
Testing: csp_id=1107, page_id=29300, browser=Firefox
Testing: csp_id=1107, page_id=29400, browser=Firefox
Testing: csp_id=1107, page_id=29500, browser=Firefox
Testing: csp_id=1107, page_id=29600, browser=Firefox
Testing: csp_id=1107, page_id=29700, browser=Firefox
Testing: csp_id=1107, page_id=29800, browser=Firefox
🏊 create_context_pools[first] (5x16): 16.684s
Testing: csp_id=1119, page_id=0, browser=Firefox
Testing: csp_id=1119, page_id=100, browser=Firefox
Testing: csp_id=1119, page_id=200, browser=Firefox
Testing: csp_id=1119, page_id=300, browser=Firefox
Testing: csp_id=1119, page_id=400, browser=Firefox
Testing: csp_id=1119, page_id=500, browser=Firefox
Testing: csp_id=1119, page_id=600, browser=Firefox
Testing: csp_id=1119, page_id=700, browser=Firefox
Testing: csp_id=1119, page_id=800, browser=Firefox
Testing: csp_id=1119, page_id=900, browser=Firefox
Testing: csp_id=1119, page_id=1000, browser=Firefox
Testing: csp_id=1119, page_id=1100, browser=Firefox
Testing: csp_id=1119, page_id=1200, browser=Firefox
Testing: csp_id=1119, page_id=1300, browser=Firefox
Testing: csp_id=1119, page_id=1400, browser=Firefox
Testing: csp_id=1119, page_id=1500, browser=Firefox
Testing: csp_id=1119, page_id=1600, browser=Firefox
Testing: csp_id=1119, page_id=1700, browser=Firefox
Testing: csp_id=1119, page_id=1800, browser=Firefox
Testing: csp_id=1119, page_id=1900, browser=Firefox
Testing: csp_id=1119, page_id=2000, browser=Firefox
Testing: csp_id=1119, page_id=2100, browser=Firefox
Testing: csp_id=1119, page_id=2200, browser=Firefox
Testing: csp_id=1119, page_id=2300, browser=Firefox
Testing: csp_id=1119, page_id=2400, browser=Firefox
Testing: csp_id=1119, page_id=2500, browser=Firefox
Testing: csp_id=1119, page_id=2600, browser=Firefox
Testing: csp_id=1119, page_id=2700, browser=Firefox
Testing: csp_id=1119, page_id=2800, browser=Firefox
Testing: csp_id=1119, page_id=2900, browser=Firefox
Testing: csp_id=1119, page_id=3000, browser=Firefox
Testing: csp_id=1119, page_id=3100, browser=Firefox
Testing: csp_id=1119, page_id=3200, browser=Firefox
Testing: csp_id=1119, page_id=3300, browser=Firefox
Testing: csp_id=1119, page_id=3400, browser=Firefox
Testing: csp_id=1119, page_id=3500, browser=Firefox
Testing: csp_id=1119, page_id=3600, browser=Firefox
Testing: csp_id=1119, page_id=3700, browser=Firefox
Testing: csp_id=1119, page_id=3800, browser=Firefox
Testing: csp_id=1119, page_id=3900, browser=Firefox
Testing: csp_id=1119, page_id=4000, browser=Firefox
Testing: csp_id=1119, page_id=4100, browser=Firefox
Testing: csp_id=1119, page_id=4200, browser=Firefox
Testing: csp_id=1119, page_id=4300, browser=Firefox
Testing: csp_id=1119, page_id=4400, browser=Firefox
Testing: csp_id=1119, page_id=4500, browser=Firefox
Testing: csp_id=1119, page_id=4600, browser=Firefox
Testing: csp_id=1119, page_id=4700, browser=Firefox
Testing: csp_id=1119, page_id=4800, browser=Firefox
Testing: csp_id=1119, page_id=4900, browser=Firefox
Testing: csp_id=1119, page_id=5000, browser=Firefox
Testing: csp_id=1119, page_id=5100, browser=Firefox
Testing: csp_id=1119, page_id=5200, browser=Firefox
Testing: csp_id=1119, page_id=5300, browser=Firefox
Testing: csp_id=1119, page_id=5400, browser=Firefox
Testing: csp_id=1119, page_id=5500, browser=Firefox
Testing: csp_id=1119, page_id=5600, browser=Firefox
Testing: csp_id=1119, page_id=5700, browser=Firefox
Testing: csp_id=1119, page_id=5800, browser=Firefox
Testing: csp_id=1119, page_id=5900, browser=Firefox
Testing: csp_id=1119, page_id=6000, browser=Firefox
Testing: csp_id=1119, page_id=6100, browser=Firefox
Testing: csp_id=1119, page_id=6200, browser=Firefox
Testing: csp_id=1119, page_id=6300, browser=Firefox
Testing: csp_id=1119, page_id=6400, browser=Firefox
Testing: csp_id=1119, page_id=6500, browser=Firefox
Testing: csp_id=1119, page_id=6600, browser=Firefox
Testing: csp_id=1119, page_id=6700, browser=Firefox
Testing: csp_id=1119, page_id=6800, browser=Firefox
Testing: csp_id=1119, page_id=6900, browser=Firefox
Testing: csp_id=1119, page_id=7000, browser=Firefox
Testing: csp_id=1119, page_id=7100, browser=Firefox
Testing: csp_id=1119, page_id=7200, browser=Firefox
Testing: csp_id=1119, page_id=7300, browser=Firefox
Testing: csp_id=1119, page_id=7400, browser=Firefox
Testing: csp_id=1119, page_id=7500, browser=Firefox
Testing: csp_id=1119, page_id=7600, browser=Firefox
Testing: csp_id=1119, page_id=7700, browser=Firefox
Testing: csp_id=1119, page_id=7800, browser=Firefox
Testing: csp_id=1119, page_id=7900, browser=Firefox
Testing: csp_id=1119, page_id=8000, browser=Firefox
Testing: csp_id=1119, page_id=8100, browser=Firefox
Testing: csp_id=1119, page_id=8200, browser=Firefox
Testing: csp_id=1119, page_id=8300, browser=Firefox
Testing: csp_id=1119, page_id=8400, browser=Firefox
Testing: csp_id=1119, page_id=8500, browser=Firefox
Testing: csp_id=1119, page_id=8600, browser=Firefox
Testing: csp_id=1119, page_id=8700, browser=Firefox
Testing: csp_id=1119, page_id=8800, browser=Firefox
Testing: csp_id=1119, page_id=8900, browser=Firefox
Testing: csp_id=1119, page_id=9000, browser=Firefox
Testing: csp_id=1119, page_id=9100, browser=Firefox
Testing: csp_id=1119, page_id=9200, browser=Firefox
Testing: csp_id=1119, page_id=9300, browser=Firefox
Testing: csp_id=1119, page_id=9400, browser=Firefox
Testing: csp_id=1119, page_id=9500, browser=Firefox
Testing: csp_id=1119, page_id=9600, browser=Firefox
Testing: csp_id=1119, page_id=9700, browser=Firefox
Testing: csp_id=1119, page_id=9800, browser=Firefox
Testing: csp_id=1119, page_id=9900, browser=Firefox
Testing: csp_id=1119, page_id=10000, browser=Firefox
Testing: csp_id=1119, page_id=10100, browser=Firefox
Testing: csp_id=1119, page_id=10200, browser=Firefox
Testing: csp_id=1119, page_id=10300, browser=Firefox
Testing: csp_id=1119, page_id=10400, browser=Firefox
Testing: csp_id=1119, page_id=10500, browser=Firefox
Testing: csp_id=1119, page_id=10600, browser=Firefox
Testing: csp_id=1119, page_id=10700, browser=Firefox
Testing: csp_id=1119, page_id=10800, browser=Firefox
Testing: csp_id=1119, page_id=10900, browser=Firefox
Testing: csp_id=1119, page_id=11000, browser=Firefox
Testing: csp_id=1119, page_id=11100, browser=Firefox
Testing: csp_id=1119, page_id=11200, browser=Firefox
Testing: csp_id=1119, page_id=11300, browser=Firefox
Testing: csp_id=1119, page_id=11400, browser=Firefox
Testing: csp_id=1119, page_id=11500, browser=Firefox
Testing: csp_id=1119, page_id=11600, browser=Firefox
Testing: csp_id=1119, page_id=11700, browser=Firefox
Testing: csp_id=1119, page_id=11800, browser=Firefox
Testing: csp_id=1119, page_id=11900, browser=Firefox
Testing: csp_id=1119, page_id=12000, browser=Firefox
Testing: csp_id=1119, page_id=12100, browser=Firefox
Testing: csp_id=1119, page_id=12200, browser=Firefox
Testing: csp_id=1119, page_id=12300, browser=Firefox
Testing: csp_id=1119, page_id=12400, browser=Firefox
Testing: csp_id=1119, page_id=12500, browser=Firefox
Testing: csp_id=1119, page_id=12600, browser=Firefox
Testing: csp_id=1119, page_id=12700, browser=Firefox
Testing: csp_id=1119, page_id=12800, browser=Firefox
Testing: csp_id=1119, page_id=12900, browser=Firefox
Testing: csp_id=1119, page_id=13000, browser=Firefox
Testing: csp_id=1119, page_id=13100, browser=Firefox
Testing: csp_id=1119, page_id=13200, browser=Firefox
Testing: csp_id=1119, page_id=13300, browser=Firefox
Testing: csp_id=1119, page_id=13400, browser=Firefox
Testing: csp_id=1119, page_id=13500, browser=Firefox
Testing: csp_id=1119, page_id=13600, browser=Firefox
Testing: csp_id=1119, page_id=13700, browser=Firefox
Testing: csp_id=1119, page_id=13800, browser=Firefox
Testing: csp_id=1119, page_id=13900, browser=Firefox
Testing: csp_id=1119, page_id=14000, browser=Firefox
Testing: csp_id=1119, page_id=14100, browser=Firefox
Testing: csp_id=1119, page_id=14200, browser=Firefox
Testing: csp_id=1119, page_id=14300, browser=Firefox
Testing: csp_id=1119, page_id=14400, browser=Firefox
Testing: csp_id=1119, page_id=14500, browser=Firefox
Testing: csp_id=1119, page_id=14600, browser=Firefox
Testing: csp_id=1119, page_id=14700, browser=Firefox
Testing: csp_id=1119, page_id=14800, browser=Firefox
Testing: csp_id=1119, page_id=14900, browser=Firefox
Testing: csp_id=1119, page_id=15000, browser=Firefox
Testing: csp_id=1119, page_id=15100, browser=Firefox
Testing: csp_id=1119, page_id=15200, browser=Firefox
Testing: csp_id=1119, page_id=15300, browser=Firefox
Testing: csp_id=1119, page_id=15400, browser=Firefox
Testing: csp_id=1119, page_id=15500, browser=Firefox
Testing: csp_id=1119, page_id=15600, browser=Firefox
Testing: csp_id=1119, page_id=15700, browser=Firefox
Testing: csp_id=1119, page_id=15800, browser=Firefox
Testing: csp_id=1119, page_id=15900, browser=Firefox
Testing: csp_id=1119, page_id=16000, browser=Firefox
Testing: csp_id=1119, page_id=16100, browser=Firefox
Testing: csp_id=1119, page_id=16200, browser=Firefox
Testing: csp_id=1119, page_id=16300, browser=Firefox
Testing: csp_id=1119, page_id=16400, browser=Firefox
Testing: csp_id=1119, page_id=16500, browser=Firefox
Testing: csp_id=1119, page_id=16600, browser=Firefox
Testing: csp_id=1119, page_id=16700, browser=Firefox
Testing: csp_id=1119, page_id=16800, browser=Firefox
Testing: csp_id=1119, page_id=16900, browser=Firefox
Testing: csp_id=1119, page_id=17000, browser=Firefox
Testing: csp_id=1119, page_id=17100, browser=Firefox
Testing: csp_id=1119, page_id=17200, browser=Firefox
Testing: csp_id=1119, page_id=17300, browser=Firefox
Testing: csp_id=1119, page_id=17400, browser=Firefox
Testing: csp_id=1119, page_id=17500, browser=Firefox
Testing: csp_id=1119, page_id=17600, browser=Firefox
Testing: csp_id=1119, page_id=17700, browser=Firefox
Testing: csp_id=1119, page_id=17800, browser=Firefox
Testing: csp_id=1119, page_id=17900, browser=Firefox
Testing: csp_id=1119, page_id=18000, browser=Firefox
Testing: csp_id=1119, page_id=18100, browser=Firefox
Testing: csp_id=1119, page_id=18200, browser=Firefox
Testing: csp_id=1119, page_id=18300, browser=Firefox
Testing: csp_id=1119, page_id=18400, browser=Firefox
Testing: csp_id=1119, page_id=18500, browser=Firefox
Testing: csp_id=1119, page_id=18600, browser=Firefox
Testing: csp_id=1119, page_id=18700, browser=Firefox
Testing: csp_id=1119, page_id=18800, browser=Firefox
Testing: csp_id=1119, page_id=18900, browser=Firefox
Testing: csp_id=1119, page_id=19000, browser=Firefox
Testing: csp_id=1119, page_id=19100, browser=Firefox
Testing: csp_id=1119, page_id=19200, browser=Firefox
Testing: csp_id=1119, page_id=19300, browser=Firefox
Testing: csp_id=1119, page_id=19400, browser=Firefox
Testing: csp_id=1119, page_id=19500, browser=Firefox
Testing: csp_id=1119, page_id=19600, browser=Firefox
Testing: csp_id=1119, page_id=19700, browser=Firefox
Testing: csp_id=1119, page_id=19800, browser=Firefox
Testing: csp_id=1119, page_id=19900, browser=Firefox
Testing: csp_id=1119, page_id=20000, browser=Firefox
Testing: csp_id=1119, page_id=20100, browser=Firefox
Testing: csp_id=1119, page_id=20200, browser=Firefox
Testing: csp_id=1119, page_id=20300, browser=Firefox
Testing: csp_id=1119, page_id=20400, browser=Firefox
Testing: csp_id=1119, page_id=20500, browser=Firefox
Testing: csp_id=1119, page_id=20600, browser=Firefox
Testing: csp_id=1119, page_id=20700, browser=Firefox
Testing: csp_id=1119, page_id=20800, browser=Firefox
Testing: csp_id=1119, page_id=20900, browser=Firefox
Testing: csp_id=1119, page_id=21000, browser=Firefox
Testing: csp_id=1119, page_id=21100, browser=Firefox
Testing: csp_id=1119, page_id=21200, browser=Firefox
Testing: csp_id=1119, page_id=21300, browser=Firefox
Testing: csp_id=1119, page_id=21400, browser=Firefox
Testing: csp_id=1119, page_id=21500, browser=Firefox
Testing: csp_id=1119, page_id=21600, browser=Firefox
Testing: csp_id=1119, page_id=21700, browser=Firefox
Testing: csp_id=1119, page_id=21800, browser=Firefox
Testing: csp_id=1119, page_id=21900, browser=Firefox
Testing: csp_id=1119, page_id=22000, browser=Firefox
Testing: csp_id=1119, page_id=22100, browser=Firefox
Testing: csp_id=1119, page_id=22200, browser=Firefox
Testing: csp_id=1119, page_id=22300, browser=Firefox
Testing: csp_id=1119, page_id=22400, browser=Firefox
Testing: csp_id=1119, page_id=22500, browser=Firefox
Testing: csp_id=1119, page_id=22600, browser=Firefox
Testing: csp_id=1119, page_id=22700, browser=Firefox
Testing: csp_id=1119, page_id=22800, browser=Firefox
Testing: csp_id=1119, page_id=22900, browser=Firefox
Testing: csp_id=1119, page_id=23000, browser=Firefox
Testing: csp_id=1119, page_id=23100, browser=Firefox
Testing: csp_id=1119, page_id=23200, browser=Firefox
Testing: csp_id=1119, page_id=23300, browser=Firefox
Testing: csp_id=1119, page_id=23400, browser=Firefox
Testing: csp_id=1119, page_id=23500, browser=Firefox
Testing: csp_id=1119, page_id=23600, browser=Firefox
Testing: csp_id=1119, page_id=23700, browser=Firefox
Testing: csp_id=1119, page_id=23800, browser=Firefox
Testing: csp_id=1119, page_id=23900, browser=Firefox
Testing: csp_id=1119, page_id=24000, browser=Firefox
Testing: csp_id=1119, page_id=24100, browser=Firefox
Testing: csp_id=1119, page_id=24200, browser=Firefox
Testing: csp_id=1119, page_id=24300, browser=Firefox
Testing: csp_id=1119, page_id=24400, browser=Firefox
Testing: csp_id=1119, page_id=24500, browser=Firefox
Testing: csp_id=1119, page_id=24600, browser=Firefox
Testing: csp_id=1119, page_id=24700, browser=Firefox
Testing: csp_id=1119, page_id=24800, browser=Firefox
Testing: csp_id=1119, page_id=24900, browser=Firefox
Testing: csp_id=1119, page_id=25000, browser=Firefox
Testing: csp_id=1119, page_id=25100, browser=Firefox
Testing: csp_id=1119, page_id=25200, browser=Firefox
Testing: csp_id=1119, page_id=25300, browser=Firefox
Testing: csp_id=1119, page_id=25400, browser=Firefox
Testing: csp_id=1119, page_id=25500, browser=Firefox
Testing: csp_id=1119, page_id=25600, browser=Firefox
Testing: csp_id=1119, page_id=25700, browser=Firefox
Testing: csp_id=1119, page_id=25800, browser=Firefox
Testing: csp_id=1119, page_id=25900, browser=Firefox
Testing: csp_id=1119, page_id=26000, browser=Firefox
Testing: csp_id=1119, page_id=26100, browser=Firefox
Testing: csp_id=1119, page_id=26200, browser=Firefox
Testing: csp_id=1119, page_id=26300, browser=Firefox
Testing: csp_id=1119, page_id=26400, browser=Firefox
Testing: csp_id=1119, page_id=26500, browser=Firefox
Testing: csp_id=1119, page_id=26600, browser=Firefox
Testing: csp_id=1119, page_id=26700, browser=Firefox
Testing: csp_id=1119, page_id=26800, browser=Firefox
Testing: csp_id=1119, page_id=26900, browser=Firefox
Testing: csp_id=1119, page_id=27000, browser=Firefox
Testing: csp_id=1119, page_id=27100, browser=Firefox
Testing: csp_id=1119, page_id=27200, browser=Firefox
Testing: csp_id=1119, page_id=27300, browser=Firefox
Testing: csp_id=1119, page_id=27400, browser=Firefox
Testing: csp_id=1119, page_id=27500, browser=Firefox
Testing: csp_id=1119, page_id=27600, browser=Firefox
Testing: csp_id=1119, page_id=27700, browser=Firefox
Testing: csp_id=1119, page_id=27800, browser=Firefox
Testing: csp_id=1119, page_id=27900, browser=Firefox
Testing: csp_id=1119, page_id=28000, browser=Firefox
Testing: csp_id=1119, page_id=28100, browser=Firefox
Testing: csp_id=1119, page_id=28200, browser=Firefox
Testing: csp_id=1119, page_id=28300, browser=Firefox
Testing: csp_id=1119, page_id=28400, browser=Firefox
Testing: csp_id=1119, page_id=28500, browser=Firefox
Testing: csp_id=1119, page_id=28600, browser=Firefox
Testing: csp_id=1119, page_id=28700, browser=Firefox
Testing: csp_id=1119, page_id=28800, browser=Firefox
Testing: csp_id=1119, page_id=28900, browser=Firefox
Testing: csp_id=1119, page_id=29000, browser=Firefox
Testing: csp_id=1119, page_id=29100, browser=Firefox
Testing: csp_id=1119, page_id=29200, browser=Firefox
Testing: csp_id=1119, page_id=29300, browser=Firefox
Testing: csp_id=1119, page_id=29400, browser=Firefox
Testing: csp_id=1119, page_id=29500, browser=Firefox
Testing: csp_id=1119, page_id=29600, browser=Firefox
Testing: csp_id=1119, page_id=29700, browser=Firefox
Testing: csp_id=1119, page_id=29800, browser=Firefox
🏊 create_context_pools[first] (5x16): 17.162s
Testing: csp_id=1135, page_id=0, browser=Firefox
Testing: csp_id=1135, page_id=100, browser=Firefox
Testing: csp_id=1135, page_id=200, browser=Firefox
Testing: csp_id=1135, page_id=300, browser=Firefox
Testing: csp_id=1135, page_id=400, browser=Firefox
Testing: csp_id=1135, page_id=500, browser=Firefox
Testing: csp_id=1135, page_id=600, browser=Firefox
Testing: csp_id=1135, page_id=700, browser=Firefox
Testing: csp_id=1135, page_id=800, browser=Firefox
Testing: csp_id=1135, page_id=900, browser=Firefox
Testing: csp_id=1135, page_id=1000, browser=Firefox
Testing: csp_id=1135, page_id=1100, browser=Firefox
Testing: csp_id=1135, page_id=1200, browser=Firefox
Testing: csp_id=1135, page_id=1300, browser=Firefox
Testing: csp_id=1135, page_id=1400, browser=Firefox
Testing: csp_id=1135, page_id=1500, browser=Firefox
Testing: csp_id=1135, page_id=1600, browser=Firefox
Testing: csp_id=1135, page_id=1700, browser=Firefox
Testing: csp_id=1135, page_id=1800, browser=Firefox
Testing: csp_id=1135, page_id=1900, browser=Firefox
Testing: csp_id=1135, page_id=2000, browser=Firefox
Testing: csp_id=1135, page_id=2100, browser=Firefox
Testing: csp_id=1135, page_id=2200, browser=Firefox
Testing: csp_id=1135, page_id=2300, browser=Firefox
Testing: csp_id=1135, page_id=2400, browser=Firefox
Testing: csp_id=1135, page_id=2500, browser=Firefox
Testing: csp_id=1135, page_id=2600, browser=Firefox
Testing: csp_id=1135, page_id=2700, browser=Firefox
Testing: csp_id=1135, page_id=2800, browser=Firefox
Testing: csp_id=1135, page_id=2900, browser=Firefox
Testing: csp_id=1135, page_id=3000, browser=Firefox
Testing: csp_id=1135, page_id=3100, browser=Firefox
Testing: csp_id=1135, page_id=3200, browser=Firefox
Testing: csp_id=1135, page_id=3300, browser=Firefox
Testing: csp_id=1135, page_id=3400, browser=Firefox
Testing: csp_id=1135, page_id=3500, browser=Firefox
Testing: csp_id=1135, page_id=3600, browser=Firefox
Testing: csp_id=1135, page_id=3700, browser=Firefox
Testing: csp_id=1135, page_id=3800, browser=Firefox
Testing: csp_id=1135, page_id=3900, browser=Firefox
Testing: csp_id=1135, page_id=4000, browser=Firefox
Testing: csp_id=1135, page_id=4100, browser=Firefox
Testing: csp_id=1135, page_id=4200, browser=Firefox
Testing: csp_id=1135, page_id=4300, browser=Firefox
Testing: csp_id=1135, page_id=4400, browser=Firefox
Testing: csp_id=1135, page_id=4500, browser=Firefox
Testing: csp_id=1135, page_id=4600, browser=Firefox
Testing: csp_id=1135, page_id=4700, browser=Firefox
Testing: csp_id=1135, page_id=4800, browser=Firefox
Testing: csp_id=1135, page_id=4900, browser=Firefox
Testing: csp_id=1135, page_id=5000, browser=Firefox
Testing: csp_id=1135, page_id=5100, browser=Firefox
Testing: csp_id=1135, page_id=5200, browser=Firefox
Testing: csp_id=1135, page_id=5300, browser=Firefox
Testing: csp_id=1135, page_id=5400, browser=Firefox
Testing: csp_id=1135, page_id=5500, browser=Firefox
Testing: csp_id=1135, page_id=5600, browser=Firefox
Testing: csp_id=1135, page_id=5700, browser=Firefox
Testing: csp_id=1135, page_id=5800, browser=Firefox
Testing: csp_id=1135, page_id=5900, browser=Firefox
Testing: csp_id=1135, page_id=6000, browser=Firefox
Testing: csp_id=1135, page_id=6100, browser=Firefox
Testing: csp_id=1135, page_id=6200, browser=Firefox
Testing: csp_id=1135, page_id=6300, browser=Firefox
Testing: csp_id=1135, page_id=6400, browser=Firefox
Testing: csp_id=1135, page_id=6500, browser=Firefox
Testing: csp_id=1135, page_id=6600, browser=Firefox
Testing: csp_id=1135, page_id=6700, browser=Firefox
Testing: csp_id=1135, page_id=6800, browser=Firefox
Testing: csp_id=1135, page_id=6900, browser=Firefox
Testing: csp_id=1135, page_id=7000, browser=Firefox
Testing: csp_id=1135, page_id=7100, browser=Firefox
Testing: csp_id=1135, page_id=7200, browser=Firefox
Testing: csp_id=1135, page_id=7300, browser=Firefox
Testing: csp_id=1135, page_id=7400, browser=Firefox
Testing: csp_id=1135, page_id=7500, browser=Firefox
Testing: csp_id=1135, page_id=7600, browser=Firefox
Testing: csp_id=1135, page_id=7700, browser=Firefox
Testing: csp_id=1135, page_id=7800, browser=Firefox
Testing: csp_id=1135, page_id=7900, browser=Firefox
Testing: csp_id=1135, page_id=8000, browser=Firefox
Testing: csp_id=1135, page_id=8100, browser=Firefox
Testing: csp_id=1135, page_id=8200, browser=Firefox
Testing: csp_id=1135, page_id=8300, browser=Firefox
Testing: csp_id=1135, page_id=8400, browser=Firefox
Testing: csp_id=1135, page_id=8500, browser=Firefox
Testing: csp_id=1135, page_id=8600, browser=Firefox
Testing: csp_id=1135, page_id=8700, browser=Firefox
Testing: csp_id=1135, page_id=8800, browser=Firefox
Testing: csp_id=1135, page_id=8900, browser=Firefox
Testing: csp_id=1135, page_id=9000, browser=Firefox
Testing: csp_id=1135, page_id=9100, browser=Firefox
Testing: csp_id=1135, page_id=9200, browser=Firefox
Testing: csp_id=1135, page_id=9300, browser=Firefox
Testing: csp_id=1135, page_id=9400, browser=Firefox
Testing: csp_id=1135, page_id=9500, browser=Firefox
Testing: csp_id=1135, page_id=9600, browser=Firefox
Testing: csp_id=1135, page_id=9700, browser=Firefox
Testing: csp_id=1135, page_id=9800, browser=Firefox
Testing: csp_id=1135, page_id=9900, browser=Firefox
Testing: csp_id=1135, page_id=10000, browser=Firefox
Testing: csp_id=1135, page_id=10100, browser=Firefox
Testing: csp_id=1135, page_id=10200, browser=Firefox
Testing: csp_id=1135, page_id=10300, browser=Firefox
Testing: csp_id=1135, page_id=10400, browser=Firefox
Testing: csp_id=1135, page_id=10500, browser=Firefox
Testing: csp_id=1135, page_id=10600, browser=Firefox
Testing: csp_id=1135, page_id=10700, browser=Firefox
Testing: csp_id=1135, page_id=10800, browser=Firefox
Testing: csp_id=1135, page_id=10900, browser=Firefox
Testing: csp_id=1135, page_id=11000, browser=Firefox
Testing: csp_id=1135, page_id=11100, browser=Firefox
Testing: csp_id=1135, page_id=11200, browser=Firefox
Testing: csp_id=1135, page_id=11300, browser=Firefox
Testing: csp_id=1135, page_id=11400, browser=Firefox
Testing: csp_id=1135, page_id=11500, browser=Firefox
Testing: csp_id=1135, page_id=11600, browser=Firefox
Testing: csp_id=1135, page_id=11700, browser=Firefox
Testing: csp_id=1135, page_id=11800, browser=Firefox
Testing: csp_id=1135, page_id=11900, browser=Firefox
Testing: csp_id=1135, page_id=12000, browser=Firefox
Testing: csp_id=1135, page_id=12100, browser=Firefox
Testing: csp_id=1135, page_id=12200, browser=Firefox
Testing: csp_id=1135, page_id=12300, browser=Firefox
Testing: csp_id=1135, page_id=12400, browser=Firefox
Testing: csp_id=1135, page_id=12500, browser=Firefox
Testing: csp_id=1135, page_id=12600, browser=Firefox
Testing: csp_id=1135, page_id=12700, browser=Firefox
Testing: csp_id=1135, page_id=12800, browser=Firefox
Testing: csp_id=1135, page_id=12900, browser=Firefox
Testing: csp_id=1135, page_id=13000, browser=Firefox
Testing: csp_id=1135, page_id=13100, browser=Firefox
Testing: csp_id=1135, page_id=13200, browser=Firefox
Testing: csp_id=1135, page_id=13300, browser=Firefox
Testing: csp_id=1135, page_id=13400, browser=Firefox
Testing: csp_id=1135, page_id=13500, browser=Firefox
Testing: csp_id=1135, page_id=13600, browser=Firefox
Testing: csp_id=1135, page_id=13700, browser=Firefox
Testing: csp_id=1135, page_id=13800, browser=Firefox
Testing: csp_id=1135, page_id=13900, browser=Firefox
Testing: csp_id=1135, page_id=14000, browser=Firefox
Testing: csp_id=1135, page_id=14100, browser=Firefox
Testing: csp_id=1135, page_id=14200, browser=Firefox
Testing: csp_id=1135, page_id=14300, browser=Firefox
Testing: csp_id=1135, page_id=14400, browser=Firefox
Testing: csp_id=1135, page_id=14500, browser=Firefox
Testing: csp_id=1135, page_id=14600, browser=Firefox
Testing: csp_id=1135, page_id=14700, browser=Firefox
Testing: csp_id=1135, page_id=14800, browser=Firefox
Testing: csp_id=1135, page_id=14900, browser=Firefox
Testing: csp_id=1135, page_id=15000, browser=Firefox
Testing: csp_id=1135, page_id=15100, browser=Firefox
Testing: csp_id=1135, page_id=15200, browser=Firefox
Testing: csp_id=1135, page_id=15300, browser=Firefox
Testing: csp_id=1135, page_id=15400, browser=Firefox
Testing: csp_id=1135, page_id=15500, browser=Firefox
Testing: csp_id=1135, page_id=15600, browser=Firefox
Testing: csp_id=1135, page_id=15700, browser=Firefox
Testing: csp_id=1135, page_id=15800, browser=Firefox
Testing: csp_id=1135, page_id=15900, browser=Firefox
Testing: csp_id=1135, page_id=16000, browser=Firefox
Testing: csp_id=1135, page_id=16100, browser=Firefox
Testing: csp_id=1135, page_id=16200, browser=Firefox
Testing: csp_id=1135, page_id=16300, browser=Firefox
Testing: csp_id=1135, page_id=16400, browser=Firefox
Testing: csp_id=1135, page_id=16500, browser=Firefox
Testing: csp_id=1135, page_id=16600, browser=Firefox
Testing: csp_id=1135, page_id=16700, browser=Firefox
Testing: csp_id=1135, page_id=16800, browser=Firefox
Testing: csp_id=1135, page_id=16900, browser=Firefox
Testing: csp_id=1135, page_id=17000, browser=Firefox
Testing: csp_id=1135, page_id=17100, browser=Firefox
Testing: csp_id=1135, page_id=17200, browser=Firefox
Testing: csp_id=1135, page_id=17300, browser=Firefox
Testing: csp_id=1135, page_id=17400, browser=Firefox
Testing: csp_id=1135, page_id=17500, browser=Firefox
Testing: csp_id=1135, page_id=17600, browser=Firefox
Testing: csp_id=1135, page_id=17700, browser=Firefox
Testing: csp_id=1135, page_id=17800, browser=Firefox
Testing: csp_id=1135, page_id=17900, browser=Firefox
Testing: csp_id=1135, page_id=18000, browser=Firefox
Testing: csp_id=1135, page_id=18100, browser=Firefox
Testing: csp_id=1135, page_id=18200, browser=Firefox
Testing: csp_id=1135, page_id=18300, browser=Firefox
Testing: csp_id=1135, page_id=18400, browser=Firefox
Testing: csp_id=1135, page_id=18500, browser=Firefox
Testing: csp_id=1135, page_id=18600, browser=Firefox
Testing: csp_id=1135, page_id=18700, browser=Firefox
Testing: csp_id=1135, page_id=18800, browser=Firefox
Testing: csp_id=1135, page_id=18900, browser=Firefox
Testing: csp_id=1135, page_id=19000, browser=Firefox
Testing: csp_id=1135, page_id=19100, browser=Firefox
Testing: csp_id=1135, page_id=19200, browser=Firefox
Testing: csp_id=1135, page_id=19300, browser=Firefox
Testing: csp_id=1135, page_id=19400, browser=Firefox
Testing: csp_id=1135, page_id=19500, browser=Firefox
Testing: csp_id=1135, page_id=19600, browser=Firefox
Testing: csp_id=1135, page_id=19700, browser=Firefox
Testing: csp_id=1135, page_id=19800, browser=Firefox
Testing: csp_id=1135, page_id=19900, browser=Firefox
Testing: csp_id=1135, page_id=20000, browser=Firefox
Testing: csp_id=1135, page_id=20100, browser=Firefox
Testing: csp_id=1135, page_id=20200, browser=Firefox
Testing: csp_id=1135, page_id=20300, browser=Firefox
Testing: csp_id=1135, page_id=20400, browser=Firefox
Testing: csp_id=1135, page_id=20500, browser=Firefox
Testing: csp_id=1135, page_id=20600, browser=Firefox
Testing: csp_id=1135, page_id=20700, browser=Firefox
Testing: csp_id=1135, page_id=20800, browser=Firefox
Testing: csp_id=1135, page_id=20900, browser=Firefox
Testing: csp_id=1135, page_id=21000, browser=Firefox
Testing: csp_id=1135, page_id=21100, browser=Firefox
Testing: csp_id=1135, page_id=21200, browser=Firefox
Testing: csp_id=1135, page_id=21300, browser=Firefox
Testing: csp_id=1135, page_id=21400, browser=Firefox
Testing: csp_id=1135, page_id=21500, browser=Firefox
Testing: csp_id=1135, page_id=21600, browser=Firefox
Testing: csp_id=1135, page_id=21700, browser=Firefox
Testing: csp_id=1135, page_id=21800, browser=Firefox
Testing: csp_id=1135, page_id=21900, browser=Firefox
Testing: csp_id=1135, page_id=22000, browser=Firefox
Testing: csp_id=1135, page_id=22100, browser=Firefox
Testing: csp_id=1135, page_id=22200, browser=Firefox
Testing: csp_id=1135, page_id=22300, browser=Firefox
Testing: csp_id=1135, page_id=22400, browser=Firefox
Testing: csp_id=1135, page_id=22500, browser=Firefox
Testing: csp_id=1135, page_id=22600, browser=Firefox
Testing: csp_id=1135, page_id=22700, browser=Firefox
Testing: csp_id=1135, page_id=22800, browser=Firefox
Testing: csp_id=1135, page_id=22900, browser=Firefox
Testing: csp_id=1135, page_id=23000, browser=Firefox
Testing: csp_id=1135, page_id=23100, browser=Firefox
Testing: csp_id=1135, page_id=23200, browser=Firefox
Testing: csp_id=1135, page_id=23300, browser=Firefox
Testing: csp_id=1135, page_id=23400, browser=Firefox
Testing: csp_id=1135, page_id=23500, browser=Firefox
Testing: csp_id=1135, page_id=23600, browser=Firefox
Testing: csp_id=1135, page_id=23700, browser=Firefox
Testing: csp_id=1135, page_id=23800, browser=Firefox
Testing: csp_id=1135, page_id=23900, browser=Firefox
Testing: csp_id=1135, page_id=24000, browser=Firefox
Testing: csp_id=1135, page_id=24100, browser=Firefox
Testing: csp_id=1135, page_id=24200, browser=Firefox
Testing: csp_id=1135, page_id=24300, browser=Firefox
Testing: csp_id=1135, page_id=24400, browser=Firefox
Testing: csp_id=1135, page_id=24500, browser=Firefox
Testing: csp_id=1135, page_id=24600, browser=Firefox
Testing: csp_id=1135, page_id=24700, browser=Firefox
Testing: csp_id=1135, page_id=24800, browser=Firefox
Testing: csp_id=1135, page_id=24900, browser=Firefox
Testing: csp_id=1135, page_id=25000, browser=Firefox
Testing: csp_id=1135, page_id=25100, browser=Firefox
Testing: csp_id=1135, page_id=25200, browser=Firefox
Testing: csp_id=1135, page_id=25300, browser=Firefox
Testing: csp_id=1135, page_id=25400, browser=Firefox
Testing: csp_id=1135, page_id=25500, browser=Firefox
Testing: csp_id=1135, page_id=25600, browser=Firefox
Testing: csp_id=1135, page_id=25700, browser=Firefox
Testing: csp_id=1135, page_id=25800, browser=Firefox
Testing: csp_id=1135, page_id=25900, browser=Firefox
Testing: csp_id=1135, page_id=26000, browser=Firefox
Testing: csp_id=1135, page_id=26100, browser=Firefox
Testing: csp_id=1135, page_id=26200, browser=Firefox
Testing: csp_id=1135, page_id=26300, browser=Firefox
Testing: csp_id=1135, page_id=26400, browser=Firefox
Testing: csp_id=1135, page_id=26500, browser=Firefox
Testing: csp_id=1135, page_id=26600, browser=Firefox
Testing: csp_id=1135, page_id=26700, browser=Firefox
Testing: csp_id=1135, page_id=26800, browser=Firefox
Testing: csp_id=1135, page_id=26900, browser=Firefox
Testing: csp_id=1135, page_id=27000, browser=Firefox
Testing: csp_id=1135, page_id=27100, browser=Firefox
Testing: csp_id=1135, page_id=27200, browser=Firefox
Testing: csp_id=1135, page_id=27300, browser=Firefox
Testing: csp_id=1135, page_id=27400, browser=Firefox
Testing: csp_id=1135, page_id=27500, browser=Firefox
Testing: csp_id=1135, page_id=27600, browser=Firefox
Testing: csp_id=1135, page_id=27700, browser=Firefox
Testing: csp_id=1135, page_id=27800, browser=Firefox
Testing: csp_id=1135, page_id=27900, browser=Firefox
Testing: csp_id=1135, page_id=28000, browser=Firefox
Testing: csp_id=1135, page_id=28100, browser=Firefox
Testing: csp_id=1135, page_id=28200, browser=Firefox
Testing: csp_id=1135, page_id=28300, browser=Firefox
Testing: csp_id=1135, page_id=28400, browser=Firefox
Testing: csp_id=1135, page_id=28500, browser=Firefox
Testing: csp_id=1135, page_id=28600, browser=Firefox
Testing: csp_id=1135, page_id=28700, browser=Firefox
Testing: csp_id=1135, page_id=28800, browser=Firefox
Testing: csp_id=1135, page_id=28900, browser=Firefox
Testing: csp_id=1135, page_id=29000, browser=Firefox
Testing: csp_id=1135, page_id=29100, browser=Firefox
Testing: csp_id=1135, page_id=29200, browser=Firefox
Testing: csp_id=1135, page_id=29300, browser=Firefox
Testing: csp_id=1135, page_id=29400, browser=Firefox
Testing: csp_id=1135, page_id=29500, browser=Firefox
Testing: csp_id=1135, page_id=29600, browser=Firefox
Testing: csp_id=1135, page_id=29700, browser=Firefox
Testing: csp_id=1135, page_id=29800, browser=Firefox
🏊 create_context_pools[first] (5x16): 16.985s
Testing: csp_id=1145, page_id=0, browser=Firefox
Testing: csp_id=1145, page_id=100, browser=Firefox
Testing: csp_id=1145, page_id=200, browser=Firefox
Testing: csp_id=1145, page_id=300, browser=Firefox
Testing: csp_id=1145, page_id=400, browser=Firefox
Testing: csp_id=1145, page_id=500, browser=Firefox
Testing: csp_id=1145, page_id=600, browser=Firefox
Testing: csp_id=1145, page_id=700, browser=Firefox
Testing: csp_id=1145, page_id=800, browser=Firefox
Testing: csp_id=1145, page_id=900, browser=Firefox
Testing: csp_id=1145, page_id=1000, browser=Firefox
Testing: csp_id=1145, page_id=1100, browser=Firefox
Testing: csp_id=1145, page_id=1200, browser=Firefox
Testing: csp_id=1145, page_id=1300, browser=Firefox
Testing: csp_id=1145, page_id=1400, browser=Firefox
Testing: csp_id=1145, page_id=1500, browser=Firefox
Testing: csp_id=1145, page_id=1600, browser=Firefox
Testing: csp_id=1145, page_id=1700, browser=Firefox
Testing: csp_id=1145, page_id=1800, browser=Firefox
Testing: csp_id=1145, page_id=1900, browser=Firefox
Testing: csp_id=1145, page_id=2000, browser=Firefox
Testing: csp_id=1145, page_id=2100, browser=Firefox
Testing: csp_id=1145, page_id=2200, browser=Firefox
Testing: csp_id=1145, page_id=2300, browser=Firefox
Testing: csp_id=1145, page_id=2400, browser=Firefox
Testing: csp_id=1145, page_id=2500, browser=Firefox
Testing: csp_id=1145, page_id=2600, browser=Firefox
Testing: csp_id=1145, page_id=2700, browser=Firefox
Testing: csp_id=1145, page_id=2800, browser=Firefox
Testing: csp_id=1145, page_id=2900, browser=Firefox
Testing: csp_id=1145, page_id=3000, browser=Firefox
Testing: csp_id=1145, page_id=3100, browser=Firefox
Testing: csp_id=1145, page_id=3200, browser=Firefox
Testing: csp_id=1145, page_id=3300, browser=Firefox
Testing: csp_id=1145, page_id=3400, browser=Firefox
Testing: csp_id=1145, page_id=3500, browser=Firefox
Testing: csp_id=1145, page_id=3600, browser=Firefox
Testing: csp_id=1145, page_id=3700, browser=Firefox
Testing: csp_id=1145, page_id=3800, browser=Firefox
Testing: csp_id=1145, page_id=3900, browser=Firefox
Testing: csp_id=1145, page_id=4000, browser=Firefox
Testing: csp_id=1145, page_id=4100, browser=Firefox
Testing: csp_id=1145, page_id=4200, browser=Firefox
Testing: csp_id=1145, page_id=4300, browser=Firefox
Testing: csp_id=1145, page_id=4400, browser=Firefox
Testing: csp_id=1145, page_id=4500, browser=Firefox
Testing: csp_id=1145, page_id=4600, browser=Firefox
Testing: csp_id=1145, page_id=4700, browser=Firefox
Testing: csp_id=1145, page_id=4800, browser=Firefox
Testing: csp_id=1145, page_id=4900, browser=Firefox
Testing: csp_id=1145, page_id=5000, browser=Firefox
Testing: csp_id=1145, page_id=5100, browser=Firefox
Testing: csp_id=1145, page_id=5200, browser=Firefox
Testing: csp_id=1145, page_id=5300, browser=Firefox
Testing: csp_id=1145, page_id=5400, browser=Firefox
Testing: csp_id=1145, page_id=5500, browser=Firefox
Testing: csp_id=1145, page_id=5600, browser=Firefox
Testing: csp_id=1145, page_id=5700, browser=Firefox
Testing: csp_id=1145, page_id=5800, browser=Firefox
Testing: csp_id=1145, page_id=5900, browser=Firefox
Testing: csp_id=1145, page_id=6000, browser=Firefox
Testing: csp_id=1145, page_id=6100, browser=Firefox
Testing: csp_id=1145, page_id=6200, browser=Firefox
Testing: csp_id=1145, page_id=6300, browser=Firefox
Testing: csp_id=1145, page_id=6400, browser=Firefox
Testing: csp_id=1145, page_id=6500, browser=Firefox
Testing: csp_id=1145, page_id=6600, browser=Firefox
Testing: csp_id=1145, page_id=6700, browser=Firefox
Testing: csp_id=1145, page_id=6800, browser=Firefox
Testing: csp_id=1145, page_id=6900, browser=Firefox
Testing: csp_id=1145, page_id=7000, browser=Firefox
Testing: csp_id=1145, page_id=7100, browser=Firefox
Testing: csp_id=1145, page_id=7200, browser=Firefox
Testing: csp_id=1145, page_id=7300, browser=Firefox
Testing: csp_id=1145, page_id=7400, browser=Firefox
Testing: csp_id=1145, page_id=7500, browser=Firefox
Testing: csp_id=1145, page_id=7600, browser=Firefox
Testing: csp_id=1145, page_id=7700, browser=Firefox
Testing: csp_id=1145, page_id=7800, browser=Firefox
Testing: csp_id=1145, page_id=7900, browser=Firefox
Testing: csp_id=1145, page_id=8000, browser=Firefox
Testing: csp_id=1145, page_id=8100, browser=Firefox
Testing: csp_id=1145, page_id=8200, browser=Firefox
Testing: csp_id=1145, page_id=8300, browser=Firefox
Testing: csp_id=1145, page_id=8400, browser=Firefox
Testing: csp_id=1145, page_id=8500, browser=Firefox
Testing: csp_id=1145, page_id=8600, browser=Firefox
Testing: csp_id=1145, page_id=8700, browser=Firefox
Testing: csp_id=1145, page_id=8800, browser=Firefox
Testing: csp_id=1145, page_id=8900, browser=Firefox
Testing: csp_id=1145, page_id=9000, browser=Firefox
Testing: csp_id=1145, page_id=9100, browser=Firefox
Testing: csp_id=1145, page_id=9200, browser=Firefox
Testing: csp_id=1145, page_id=9300, browser=Firefox
Testing: csp_id=1145, page_id=9400, browser=Firefox
Testing: csp_id=1145, page_id=9500, browser=Firefox
Testing: csp_id=1145, page_id=9600, browser=Firefox
Testing: csp_id=1145, page_id=9700, browser=Firefox
Testing: csp_id=1145, page_id=9800, browser=Firefox
Testing: csp_id=1145, page_id=9900, browser=Firefox
Testing: csp_id=1145, page_id=10000, browser=Firefox
Testing: csp_id=1145, page_id=10100, browser=Firefox
Testing: csp_id=1145, page_id=10200, browser=Firefox
Testing: csp_id=1145, page_id=10300, browser=Firefox
Testing: csp_id=1145, page_id=10400, browser=Firefox
Testing: csp_id=1145, page_id=10500, browser=Firefox
Testing: csp_id=1145, page_id=10600, browser=Firefox
Testing: csp_id=1145, page_id=10700, browser=Firefox
Testing: csp_id=1145, page_id=10800, browser=Firefox
Testing: csp_id=1145, page_id=10900, browser=Firefox
Testing: csp_id=1145, page_id=11000, browser=Firefox
Testing: csp_id=1145, page_id=11100, browser=Firefox
Testing: csp_id=1145, page_id=11200, browser=Firefox
Testing: csp_id=1145, page_id=11300, browser=Firefox
Testing: csp_id=1145, page_id=11400, browser=Firefox
Testing: csp_id=1145, page_id=11500, browser=Firefox
Testing: csp_id=1145, page_id=11600, browser=Firefox
Testing: csp_id=1145, page_id=11700, browser=Firefox
Testing: csp_id=1145, page_id=11800, browser=Firefox
Testing: csp_id=1145, page_id=11900, browser=Firefox
Testing: csp_id=1145, page_id=12000, browser=Firefox
Testing: csp_id=1145, page_id=12100, browser=Firefox
Testing: csp_id=1145, page_id=12200, browser=Firefox
Testing: csp_id=1145, page_id=12300, browser=Firefox
Testing: csp_id=1145, page_id=12400, browser=Firefox
Testing: csp_id=1145, page_id=12500, browser=Firefox
Testing: csp_id=1145, page_id=12600, browser=Firefox
Testing: csp_id=1145, page_id=12700, browser=Firefox
Testing: csp_id=1145, page_id=12800, browser=Firefox
Testing: csp_id=1145, page_id=12900, browser=Firefox
Testing: csp_id=1145, page_id=13000, browser=Firefox
Testing: csp_id=1145, page_id=13100, browser=Firefox
Testing: csp_id=1145, page_id=13200, browser=Firefox
Testing: csp_id=1145, page_id=13300, browser=Firefox
Testing: csp_id=1145, page_id=13400, browser=Firefox
Testing: csp_id=1145, page_id=13500, browser=Firefox
Testing: csp_id=1145, page_id=13600, browser=Firefox
Testing: csp_id=1145, page_id=13700, browser=Firefox
Testing: csp_id=1145, page_id=13800, browser=Firefox
Testing: csp_id=1145, page_id=13900, browser=Firefox
Testing: csp_id=1145, page_id=14000, browser=Firefox
Testing: csp_id=1145, page_id=14100, browser=Firefox
Testing: csp_id=1145, page_id=14200, browser=Firefox
Testing: csp_id=1145, page_id=14300, browser=Firefox
Testing: csp_id=1145, page_id=14400, browser=Firefox
Testing: csp_id=1145, page_id=14500, browser=Firefox
Testing: csp_id=1145, page_id=14600, browser=Firefox
Testing: csp_id=1145, page_id=14700, browser=Firefox
Testing: csp_id=1145, page_id=14800, browser=Firefox
Testing: csp_id=1145, page_id=14900, browser=Firefox
Testing: csp_id=1145, page_id=15000, browser=Firefox
Testing: csp_id=1145, page_id=15100, browser=Firefox
Testing: csp_id=1145, page_id=15200, browser=Firefox
Testing: csp_id=1145, page_id=15300, browser=Firefox
Testing: csp_id=1145, page_id=15400, browser=Firefox
Testing: csp_id=1145, page_id=15500, browser=Firefox
Testing: csp_id=1145, page_id=15600, browser=Firefox
Testing: csp_id=1145, page_id=15700, browser=Firefox
Testing: csp_id=1145, page_id=15800, browser=Firefox
Testing: csp_id=1145, page_id=15900, browser=Firefox
Testing: csp_id=1145, page_id=16000, browser=Firefox
Testing: csp_id=1145, page_id=16100, browser=Firefox
Testing: csp_id=1145, page_id=16200, browser=Firefox
Testing: csp_id=1145, page_id=16300, browser=Firefox
Testing: csp_id=1145, page_id=16400, browser=Firefox
Testing: csp_id=1145, page_id=16500, browser=Firefox
Testing: csp_id=1145, page_id=16600, browser=Firefox
Testing: csp_id=1145, page_id=16700, browser=Firefox
Testing: csp_id=1145, page_id=16800, browser=Firefox
Testing: csp_id=1145, page_id=16900, browser=Firefox
Testing: csp_id=1145, page_id=17000, browser=Firefox
Testing: csp_id=1145, page_id=17100, browser=Firefox
Testing: csp_id=1145, page_id=17200, browser=Firefox
Testing: csp_id=1145, page_id=17300, browser=Firefox
Testing: csp_id=1145, page_id=17400, browser=Firefox
Testing: csp_id=1145, page_id=17500, browser=Firefox
Testing: csp_id=1145, page_id=17600, browser=Firefox
Testing: csp_id=1145, page_id=17700, browser=Firefox
Testing: csp_id=1145, page_id=17800, browser=Firefox
Testing: csp_id=1145, page_id=17900, browser=Firefox
Testing: csp_id=1145, page_id=18000, browser=Firefox
Testing: csp_id=1145, page_id=18100, browser=Firefox
Testing: csp_id=1145, page_id=18200, browser=Firefox
Testing: csp_id=1145, page_id=18300, browser=Firefox
Testing: csp_id=1145, page_id=18400, browser=Firefox
Testing: csp_id=1145, page_id=18500, browser=Firefox
Testing: csp_id=1145, page_id=18600, browser=Firefox
Testing: csp_id=1145, page_id=18700, browser=Firefox
Testing: csp_id=1145, page_id=18800, browser=Firefox
Testing: csp_id=1145, page_id=18900, browser=Firefox
Testing: csp_id=1145, page_id=19000, browser=Firefox
Testing: csp_id=1145, page_id=19100, browser=Firefox
Testing: csp_id=1145, page_id=19200, browser=Firefox
Testing: csp_id=1145, page_id=19300, browser=Firefox
Testing: csp_id=1145, page_id=19400, browser=Firefox
Testing: csp_id=1145, page_id=19500, browser=Firefox
Testing: csp_id=1145, page_id=19600, browser=Firefox
Testing: csp_id=1145, page_id=19700, browser=Firefox
Testing: csp_id=1145, page_id=19800, browser=Firefox
Testing: csp_id=1145, page_id=19900, browser=Firefox
Testing: csp_id=1145, page_id=20000, browser=Firefox
Testing: csp_id=1145, page_id=20100, browser=Firefox
Testing: csp_id=1145, page_id=20200, browser=Firefox
Testing: csp_id=1145, page_id=20300, browser=Firefox
Testing: csp_id=1145, page_id=20400, browser=Firefox
Testing: csp_id=1145, page_id=20500, browser=Firefox
Testing: csp_id=1145, page_id=20600, browser=Firefox
Testing: csp_id=1145, page_id=20700, browser=Firefox
Testing: csp_id=1145, page_id=20800, browser=Firefox
Testing: csp_id=1145, page_id=20900, browser=Firefox
Testing: csp_id=1145, page_id=21000, browser=Firefox
Testing: csp_id=1145, page_id=21100, browser=Firefox
Testing: csp_id=1145, page_id=21200, browser=Firefox
Testing: csp_id=1145, page_id=21300, browser=Firefox
Testing: csp_id=1145, page_id=21400, browser=Firefox
Testing: csp_id=1145, page_id=21500, browser=Firefox
Testing: csp_id=1145, page_id=21600, browser=Firefox
Testing: csp_id=1145, page_id=21700, browser=Firefox
Testing: csp_id=1145, page_id=21800, browser=Firefox
Testing: csp_id=1145, page_id=21900, browser=Firefox
Testing: csp_id=1145, page_id=22000, browser=Firefox
Testing: csp_id=1145, page_id=22100, browser=Firefox
Testing: csp_id=1145, page_id=22200, browser=Firefox
Testing: csp_id=1145, page_id=22300, browser=Firefox
Testing: csp_id=1145, page_id=22400, browser=Firefox
Testing: csp_id=1145, page_id=22500, browser=Firefox
Testing: csp_id=1145, page_id=22600, browser=Firefox
Testing: csp_id=1145, page_id=22700, browser=Firefox
Testing: csp_id=1145, page_id=22800, browser=Firefox
Testing: csp_id=1145, page_id=22900, browser=Firefox
Testing: csp_id=1145, page_id=23000, browser=Firefox
Testing: csp_id=1145, page_id=23100, browser=Firefox
Testing: csp_id=1145, page_id=23200, browser=Firefox
Testing: csp_id=1145, page_id=23300, browser=Firefox
Testing: csp_id=1145, page_id=23400, browser=Firefox
Testing: csp_id=1145, page_id=23500, browser=Firefox
Testing: csp_id=1145, page_id=23600, browser=Firefox
Testing: csp_id=1145, page_id=23700, browser=Firefox
Testing: csp_id=1145, page_id=23800, browser=Firefox
Testing: csp_id=1145, page_id=23900, browser=Firefox
Testing: csp_id=1145, page_id=24000, browser=Firefox
Testing: csp_id=1145, page_id=24100, browser=Firefox
Testing: csp_id=1145, page_id=24200, browser=Firefox
Testing: csp_id=1145, page_id=24300, browser=Firefox
Testing: csp_id=1145, page_id=24400, browser=Firefox
Testing: csp_id=1145, page_id=24500, browser=Firefox
Testing: csp_id=1145, page_id=24600, browser=Firefox
Testing: csp_id=1145, page_id=24700, browser=Firefox
Testing: csp_id=1145, page_id=24800, browser=Firefox
Testing: csp_id=1145, page_id=24900, browser=Firefox
Testing: csp_id=1145, page_id=25000, browser=Firefox
Testing: csp_id=1145, page_id=25100, browser=Firefox
Testing: csp_id=1145, page_id=25200, browser=Firefox
Testing: csp_id=1145, page_id=25300, browser=Firefox
Testing: csp_id=1145, page_id=25400, browser=Firefox
Testing: csp_id=1145, page_id=25500, browser=Firefox
Testing: csp_id=1145, page_id=25600, browser=Firefox
Testing: csp_id=1145, page_id=25700, browser=Firefox
Testing: csp_id=1145, page_id=25800, browser=Firefox
Testing: csp_id=1145, page_id=25900, browser=Firefox
Testing: csp_id=1145, page_id=26000, browser=Firefox
Testing: csp_id=1145, page_id=26100, browser=Firefox
Testing: csp_id=1145, page_id=26200, browser=Firefox
Testing: csp_id=1145, page_id=26300, browser=Firefox
Testing: csp_id=1145, page_id=26400, browser=Firefox
Testing: csp_id=1145, page_id=26500, browser=Firefox
Testing: csp_id=1145, page_id=26600, browser=Firefox
Testing: csp_id=1145, page_id=26700, browser=Firefox
Testing: csp_id=1145, page_id=26800, browser=Firefox
Testing: csp_id=1145, page_id=26900, browser=Firefox
Testing: csp_id=1145, page_id=27000, browser=Firefox
Testing: csp_id=1145, page_id=27100, browser=Firefox
Testing: csp_id=1145, page_id=27200, browser=Firefox
Testing: csp_id=1145, page_id=27300, browser=Firefox
Testing: csp_id=1145, page_id=27400, browser=Firefox
Testing: csp_id=1145, page_id=27500, browser=Firefox
Testing: csp_id=1145, page_id=27600, browser=Firefox
Testing: csp_id=1145, page_id=27700, browser=Firefox
Testing: csp_id=1145, page_id=27800, browser=Firefox
Testing: csp_id=1145, page_id=27900, browser=Firefox
Testing: csp_id=1145, page_id=28000, browser=Firefox
Testing: csp_id=1145, page_id=28100, browser=Firefox
Testing: csp_id=1145, page_id=28200, browser=Firefox
Testing: csp_id=1145, page_id=28300, browser=Firefox
Testing: csp_id=1145, page_id=28400, browser=Firefox
Testing: csp_id=1145, page_id=28500, browser=Firefox
Testing: csp_id=1145, page_id=28600, browser=Firefox
Testing: csp_id=1145, page_id=28700, browser=Firefox
Testing: csp_id=1145, page_id=28800, browser=Firefox
Testing: csp_id=1145, page_id=28900, browser=Firefox
Testing: csp_id=1145, page_id=29000, browser=Firefox
Testing: csp_id=1145, page_id=29100, browser=Firefox
Testing: csp_id=1145, page_id=29200, browser=Firefox
Testing: csp_id=1145, page_id=29300, browser=Firefox
Testing: csp_id=1145, page_id=29400, browser=Firefox
Testing: csp_id=1145, page_id=29500, browser=Firefox
Testing: csp_id=1145, page_id=29600, browser=Firefox
Testing: csp_id=1145, page_id=29700, browser=Firefox
Testing: csp_id=1145, page_id=29800, browser=Firefox
🏊 create_context_pools[first] (5x16): 16.861s
Testing: csp_id=1155, page_id=0, browser=Firefox
Testing: csp_id=1155, page_id=100, browser=Firefox
Testing: csp_id=1155, page_id=200, browser=Firefox
Testing: csp_id=1155, page_id=300, browser=Firefox
Testing: csp_id=1155, page_id=400, browser=Firefox
Testing: csp_id=1155, page_id=500, browser=Firefox
Testing: csp_id=1155, page_id=600, browser=Firefox
Testing: csp_id=1155, page_id=700, browser=Firefox
Testing: csp_id=1155, page_id=800, browser=Firefox
Testing: csp_id=1155, page_id=900, browser=Firefox
Testing: csp_id=1155, page_id=1000, browser=Firefox
Testing: csp_id=1155, page_id=1100, browser=Firefox
Testing: csp_id=1155, page_id=1200, browser=Firefox
Testing: csp_id=1155, page_id=1300, browser=Firefox
Testing: csp_id=1155, page_id=1400, browser=Firefox
Testing: csp_id=1155, page_id=1500, browser=Firefox
Testing: csp_id=1155, page_id=1600, browser=Firefox
Testing: csp_id=1155, page_id=1700, browser=Firefox
Testing: csp_id=1155, page_id=1800, browser=Firefox
Testing: csp_id=1155, page_id=1900, browser=Firefox
Testing: csp_id=1155, page_id=2000, browser=Firefox
Testing: csp_id=1155, page_id=2100, browser=Firefox
Testing: csp_id=1155, page_id=2200, browser=Firefox
Testing: csp_id=1155, page_id=2300, browser=Firefox
Testing: csp_id=1155, page_id=2400, browser=Firefox
Testing: csp_id=1155, page_id=2500, browser=Firefox
Testing: csp_id=1155, page_id=2600, browser=Firefox
Testing: csp_id=1155, page_id=2700, browser=Firefox
Testing: csp_id=1155, page_id=2800, browser=Firefox
Testing: csp_id=1155, page_id=2900, browser=Firefox
Testing: csp_id=1155, page_id=3000, browser=Firefox
Testing: csp_id=1155, page_id=3100, browser=Firefox
Testing: csp_id=1155, page_id=3200, browser=Firefox
Testing: csp_id=1155, page_id=3300, browser=Firefox
Testing: csp_id=1155, page_id=3400, browser=Firefox
Testing: csp_id=1155, page_id=3500, browser=Firefox
Testing: csp_id=1155, page_id=3600, browser=Firefox
Testing: csp_id=1155, page_id=3700, browser=Firefox
Testing: csp_id=1155, page_id=3800, browser=Firefox
Testing: csp_id=1155, page_id=3900, browser=Firefox
Testing: csp_id=1155, page_id=4000, browser=Firefox
Testing: csp_id=1155, page_id=4100, browser=Firefox
Testing: csp_id=1155, page_id=4200, browser=Firefox
Testing: csp_id=1155, page_id=4300, browser=Firefox
Testing: csp_id=1155, page_id=4400, browser=Firefox
Testing: csp_id=1155, page_id=4500, browser=Firefox
Testing: csp_id=1155, page_id=4600, browser=Firefox
Testing: csp_id=1155, page_id=4700, browser=Firefox
Testing: csp_id=1155, page_id=4800, browser=Firefox
Testing: csp_id=1155, page_id=4900, browser=Firefox
Testing: csp_id=1155, page_id=5000, browser=Firefox
Testing: csp_id=1155, page_id=5100, browser=Firefox
Testing: csp_id=1155, page_id=5200, browser=Firefox
Testing: csp_id=1155, page_id=5300, browser=Firefox
Testing: csp_id=1155, page_id=5400, browser=Firefox
Testing: csp_id=1155, page_id=5500, browser=Firefox
Testing: csp_id=1155, page_id=5600, browser=Firefox
Testing: csp_id=1155, page_id=5700, browser=Firefox
Testing: csp_id=1155, page_id=5800, browser=Firefox
Testing: csp_id=1155, page_id=5900, browser=Firefox
Testing: csp_id=1155, page_id=6000, browser=Firefox
Testing: csp_id=1155, page_id=6100, browser=Firefox
Testing: csp_id=1155, page_id=6200, browser=Firefox
Testing: csp_id=1155, page_id=6300, browser=Firefox
Testing: csp_id=1155, page_id=6400, browser=Firefox
Testing: csp_id=1155, page_id=6500, browser=Firefox
Testing: csp_id=1155, page_id=6600, browser=Firefox
Testing: csp_id=1155, page_id=6700, browser=Firefox
Testing: csp_id=1155, page_id=6800, browser=Firefox
Testing: csp_id=1155, page_id=6900, browser=Firefox
Testing: csp_id=1155, page_id=7000, browser=Firefox
Testing: csp_id=1155, page_id=7100, browser=Firefox
Testing: csp_id=1155, page_id=7200, browser=Firefox
Testing: csp_id=1155, page_id=7300, browser=Firefox
Testing: csp_id=1155, page_id=7400, browser=Firefox
Testing: csp_id=1155, page_id=7500, browser=Firefox
Testing: csp_id=1155, page_id=7600, browser=Firefox
Testing: csp_id=1155, page_id=7700, browser=Firefox
Testing: csp_id=1155, page_id=7800, browser=Firefox
Testing: csp_id=1155, page_id=7900, browser=Firefox
Testing: csp_id=1155, page_id=8000, browser=Firefox
Testing: csp_id=1155, page_id=8100, browser=Firefox
Testing: csp_id=1155, page_id=8200, browser=Firefox
Testing: csp_id=1155, page_id=8300, browser=Firefox
Testing: csp_id=1155, page_id=8400, browser=Firefox
Testing: csp_id=1155, page_id=8500, browser=Firefox
Testing: csp_id=1155, page_id=8600, browser=Firefox
Testing: csp_id=1155, page_id=8700, browser=Firefox
Testing: csp_id=1155, page_id=8800, browser=Firefox
Testing: csp_id=1155, page_id=8900, browser=Firefox
Testing: csp_id=1155, page_id=9000, browser=Firefox
Testing: csp_id=1155, page_id=9100, browser=Firefox
Testing: csp_id=1155, page_id=9200, browser=Firefox
Testing: csp_id=1155, page_id=9300, browser=Firefox
Testing: csp_id=1155, page_id=9400, browser=Firefox
Testing: csp_id=1155, page_id=9500, browser=Firefox
Testing: csp_id=1155, page_id=9600, browser=Firefox
Testing: csp_id=1155, page_id=9700, browser=Firefox
Testing: csp_id=1155, page_id=9800, browser=Firefox
Testing: csp_id=1155, page_id=9900, browser=Firefox
Testing: csp_id=1155, page_id=10000, browser=Firefox
Testing: csp_id=1155, page_id=10100, browser=Firefox
Testing: csp_id=1155, page_id=10200, browser=Firefox
Testing: csp_id=1155, page_id=10300, browser=Firefox
Testing: csp_id=1155, page_id=10400, browser=Firefox
Testing: csp_id=1155, page_id=10500, browser=Firefox
Testing: csp_id=1155, page_id=10600, browser=Firefox
Testing: csp_id=1155, page_id=10700, browser=Firefox
Testing: csp_id=1155, page_id=10800, browser=Firefox
Testing: csp_id=1155, page_id=10900, browser=Firefox
Testing: csp_id=1155, page_id=11000, browser=Firefox
Testing: csp_id=1155, page_id=11100, browser=Firefox
Testing: csp_id=1155, page_id=11200, browser=Firefox
Testing: csp_id=1155, page_id=11300, browser=Firefox
Testing: csp_id=1155, page_id=11400, browser=Firefox
Testing: csp_id=1155, page_id=11500, browser=Firefox
Testing: csp_id=1155, page_id=11600, browser=Firefox
Testing: csp_id=1155, page_id=11700, browser=Firefox
Testing: csp_id=1155, page_id=11800, browser=Firefox
Testing: csp_id=1155, page_id=11900, browser=Firefox
Testing: csp_id=1155, page_id=12000, browser=Firefox
Testing: csp_id=1155, page_id=12100, browser=Firefox
Testing: csp_id=1155, page_id=12200, browser=Firefox
Testing: csp_id=1155, page_id=12300, browser=Firefox
Testing: csp_id=1155, page_id=12400, browser=Firefox
Testing: csp_id=1155, page_id=12500, browser=Firefox
Testing: csp_id=1155, page_id=12600, browser=Firefox
Testing: csp_id=1155, page_id=12700, browser=Firefox
Testing: csp_id=1155, page_id=12800, browser=Firefox
Testing: csp_id=1155, page_id=12900, browser=Firefox
Testing: csp_id=1155, page_id=13000, browser=Firefox
Testing: csp_id=1155, page_id=13100, browser=Firefox
Testing: csp_id=1155, page_id=13200, browser=Firefox
Testing: csp_id=1155, page_id=13300, browser=Firefox
Testing: csp_id=1155, page_id=13400, browser=Firefox
Testing: csp_id=1155, page_id=13500, browser=Firefox
Testing: csp_id=1155, page_id=13600, browser=Firefox
Testing: csp_id=1155, page_id=13700, browser=Firefox
Testing: csp_id=1155, page_id=13800, browser=Firefox
Testing: csp_id=1155, page_id=13900, browser=Firefox
Testing: csp_id=1155, page_id=14000, browser=Firefox
Testing: csp_id=1155, page_id=14100, browser=Firefox
Testing: csp_id=1155, page_id=14200, browser=Firefox
Testing: csp_id=1155, page_id=14300, browser=Firefox
Testing: csp_id=1155, page_id=14400, browser=Firefox
Testing: csp_id=1155, page_id=14500, browser=Firefox
Testing: csp_id=1155, page_id=14600, browser=Firefox
Testing: csp_id=1155, page_id=14700, browser=Firefox
Testing: csp_id=1155, page_id=14800, browser=Firefox
Testing: csp_id=1155, page_id=14900, browser=Firefox
Testing: csp_id=1155, page_id=15000, browser=Firefox
Testing: csp_id=1155, page_id=15100, browser=Firefox
Testing: csp_id=1155, page_id=15200, browser=Firefox
Testing: csp_id=1155, page_id=15300, browser=Firefox
Testing: csp_id=1155, page_id=15400, browser=Firefox
Testing: csp_id=1155, page_id=15500, browser=Firefox
Testing: csp_id=1155, page_id=15600, browser=Firefox
Testing: csp_id=1155, page_id=15700, browser=Firefox
Testing: csp_id=1155, page_id=15800, browser=Firefox
Testing: csp_id=1155, page_id=15900, browser=Firefox
Testing: csp_id=1155, page_id=16000, browser=Firefox
Testing: csp_id=1155, page_id=16100, browser=Firefox
Testing: csp_id=1155, page_id=16200, browser=Firefox
Testing: csp_id=1155, page_id=16300, browser=Firefox
Testing: csp_id=1155, page_id=16400, browser=Firefox
Testing: csp_id=1155, page_id=16500, browser=Firefox
Testing: csp_id=1155, page_id=16600, browser=Firefox
Testing: csp_id=1155, page_id=16700, browser=Firefox
Testing: csp_id=1155, page_id=16800, browser=Firefox
Testing: csp_id=1155, page_id=16900, browser=Firefox
Testing: csp_id=1155, page_id=17000, browser=Firefox
Testing: csp_id=1155, page_id=17100, browser=Firefox
Testing: csp_id=1155, page_id=17200, browser=Firefox
Testing: csp_id=1155, page_id=17300, browser=Firefox
Testing: csp_id=1155, page_id=17400, browser=Firefox
Testing: csp_id=1155, page_id=17500, browser=Firefox
Testing: csp_id=1155, page_id=17600, browser=Firefox
Testing: csp_id=1155, page_id=17700, browser=Firefox
Testing: csp_id=1155, page_id=17800, browser=Firefox
Testing: csp_id=1155, page_id=17900, browser=Firefox
Testing: csp_id=1155, page_id=18000, browser=Firefox
Testing: csp_id=1155, page_id=18100, browser=Firefox
Testing: csp_id=1155, page_id=18200, browser=Firefox
Testing: csp_id=1155, page_id=18300, browser=Firefox
Testing: csp_id=1155, page_id=18400, browser=Firefox
Testing: csp_id=1155, page_id=18500, browser=Firefox
Testing: csp_id=1155, page_id=18600, browser=Firefox
Testing: csp_id=1155, page_id=18700, browser=Firefox
Testing: csp_id=1155, page_id=18800, browser=Firefox
Testing: csp_id=1155, page_id=18900, browser=Firefox
Testing: csp_id=1155, page_id=19000, browser=Firefox
Testing: csp_id=1155, page_id=19100, browser=Firefox
Testing: csp_id=1155, page_id=19200, browser=Firefox
Testing: csp_id=1155, page_id=19300, browser=Firefox
Testing: csp_id=1155, page_id=19400, browser=Firefox
Testing: csp_id=1155, page_id=19500, browser=Firefox
Testing: csp_id=1155, page_id=19600, browser=Firefox
Testing: csp_id=1155, page_id=19700, browser=Firefox
Testing: csp_id=1155, page_id=19800, browser=Firefox
Testing: csp_id=1155, page_id=19900, browser=Firefox
Testing: csp_id=1155, page_id=20000, browser=Firefox
Testing: csp_id=1155, page_id=20100, browser=Firefox
Testing: csp_id=1155, page_id=20200, browser=Firefox
Testing: csp_id=1155, page_id=20300, browser=Firefox
Testing: csp_id=1155, page_id=20400, browser=Firefox
Testing: csp_id=1155, page_id=20500, browser=Firefox
Testing: csp_id=1155, page_id=20600, browser=Firefox
Testing: csp_id=1155, page_id=20700, browser=Firefox
Testing: csp_id=1155, page_id=20800, browser=Firefox
Testing: csp_id=1155, page_id=20900, browser=Firefox
Testing: csp_id=1155, page_id=21000, browser=Firefox
Testing: csp_id=1155, page_id=21100, browser=Firefox
Testing: csp_id=1155, page_id=21200, browser=Firefox
Testing: csp_id=1155, page_id=21300, browser=Firefox
Testing: csp_id=1155, page_id=21400, browser=Firefox
Testing: csp_id=1155, page_id=21500, browser=Firefox
Testing: csp_id=1155, page_id=21600, browser=Firefox
Testing: csp_id=1155, page_id=21700, browser=Firefox
Testing: csp_id=1155, page_id=21800, browser=Firefox
Testing: csp_id=1155, page_id=21900, browser=Firefox
Testing: csp_id=1155, page_id=22000, browser=Firefox
Testing: csp_id=1155, page_id=22100, browser=Firefox
Testing: csp_id=1155, page_id=22200, browser=Firefox
Testing: csp_id=1155, page_id=22300, browser=Firefox
Testing: csp_id=1155, page_id=22400, browser=Firefox
Testing: csp_id=1155, page_id=22500, browser=Firefox
Testing: csp_id=1155, page_id=22600, browser=Firefox
Testing: csp_id=1155, page_id=22700, browser=Firefox
Testing: csp_id=1155, page_id=22800, browser=Firefox
Testing: csp_id=1155, page_id=22900, browser=Firefox
Testing: csp_id=1155, page_id=23000, browser=Firefox
Testing: csp_id=1155, page_id=23100, browser=Firefox
Testing: csp_id=1155, page_id=23200, browser=Firefox
Testing: csp_id=1155, page_id=23300, browser=Firefox
Testing: csp_id=1155, page_id=23400, browser=Firefox
Testing: csp_id=1155, page_id=23500, browser=Firefox
Testing: csp_id=1155, page_id=23600, browser=Firefox
Testing: csp_id=1155, page_id=23700, browser=Firefox
Testing: csp_id=1155, page_id=23800, browser=Firefox
Testing: csp_id=1155, page_id=23900, browser=Firefox
Testing: csp_id=1155, page_id=24000, browser=Firefox
Testing: csp_id=1155, page_id=24100, browser=Firefox
Testing: csp_id=1155, page_id=24200, browser=Firefox
Testing: csp_id=1155, page_id=24300, browser=Firefox
Testing: csp_id=1155, page_id=24400, browser=Firefox
Testing: csp_id=1155, page_id=24500, browser=Firefox
Testing: csp_id=1155, page_id=24600, browser=Firefox
Testing: csp_id=1155, page_id=24700, browser=Firefox
Testing: csp_id=1155, page_id=24800, browser=Firefox
Testing: csp_id=1155, page_id=24900, browser=Firefox
Testing: csp_id=1155, page_id=25000, browser=Firefox
Testing: csp_id=1155, page_id=25100, browser=Firefox
Testing: csp_id=1155, page_id=25200, browser=Firefox
Testing: csp_id=1155, page_id=25300, browser=Firefox
Testing: csp_id=1155, page_id=25400, browser=Firefox
Testing: csp_id=1155, page_id=25500, browser=Firefox
Testing: csp_id=1155, page_id=25600, browser=Firefox
Testing: csp_id=1155, page_id=25700, browser=Firefox
Testing: csp_id=1155, page_id=25800, browser=Firefox
Testing: csp_id=1155, page_id=25900, browser=Firefox
Testing: csp_id=1155, page_id=26000, browser=Firefox
Testing: csp_id=1155, page_id=26100, browser=Firefox
Testing: csp_id=1155, page_id=26200, browser=Firefox
Testing: csp_id=1155, page_id=26300, browser=Firefox
Testing: csp_id=1155, page_id=26400, browser=Firefox
Testing: csp_id=1155, page_id=26500, browser=Firefox
Testing: csp_id=1155, page_id=26600, browser=Firefox
Testing: csp_id=1155, page_id=26700, browser=Firefox
Testing: csp_id=1155, page_id=26800, browser=Firefox
Testing: csp_id=1155, page_id=26900, browser=Firefox
Testing: csp_id=1155, page_id=27000, browser=Firefox
Testing: csp_id=1155, page_id=27100, browser=Firefox
Testing: csp_id=1155, page_id=27200, browser=Firefox
Testing: csp_id=1155, page_id=27300, browser=Firefox
Testing: csp_id=1155, page_id=27400, browser=Firefox
Testing: csp_id=1155, page_id=27500, browser=Firefox
Testing: csp_id=1155, page_id=27600, browser=Firefox
Testing: csp_id=1155, page_id=27700, browser=Firefox
Testing: csp_id=1155, page_id=27800, browser=Firefox
Testing: csp_id=1155, page_id=27900, browser=Firefox
Testing: csp_id=1155, page_id=28000, browser=Firefox
Testing: csp_id=1155, page_id=28100, browser=Firefox
Testing: csp_id=1155, page_id=28200, browser=Firefox
Testing: csp_id=1155, page_id=28300, browser=Firefox
Testing: csp_id=1155, page_id=28400, browser=Firefox
Testing: csp_id=1155, page_id=28500, browser=Firefox
Testing: csp_id=1155, page_id=28600, browser=Firefox
Testing: csp_id=1155, page_id=28700, browser=Firefox
Testing: csp_id=1155, page_id=28800, browser=Firefox
Testing: csp_id=1155, page_id=28900, browser=Firefox
Testing: csp_id=1155, page_id=29000, browser=Firefox
Testing: csp_id=1155, page_id=29100, browser=Firefox
Testing: csp_id=1155, page_id=29200, browser=Firefox
Testing: csp_id=1155, page_id=29300, browser=Firefox
Testing: csp_id=1155, page_id=29400, browser=Firefox
Testing: csp_id=1155, page_id=29500, browser=Firefox
Testing: csp_id=1155, page_id=29600, browser=Firefox
Testing: csp_id=1155, page_id=29700, browser=Firefox
Testing: csp_id=1155, page_id=29800, browser=Firefox
🏊 create_context_pools[first] (5x16): 17.030s
Testing: csp_id=1170, page_id=0, browser=Firefox
Testing: csp_id=1170, page_id=100, browser=Firefox
Testing: csp_id=1170, page_id=200, browser=Firefox
[ERROR] page_id=256 csp_id=1170, Page.goto: Connection closed while reading from the driver
[ERROR] page_id=257 csp_id=1170, Page.goto: Connection closed while reading from the driver
[ERROR] page_id=258 csp_id=1170, Page.goto: Connection closed while reading from the driver
[ERROR] page_id=259 csp_id=1170, Page.goto: Connection closed while reading from the driver
[ERROR] page_id=260 csp_id=1170, Page.goto: Connection closed while reading from the driver
[ERROR] page_id=262 csp_id=1170, Page.goto: Connection closed while reading from the driver
[ERROR] page_id=263 csp_id=1170, Page.goto: Connection closed while reading from the driver
[ERROR] page_id=264 csp_id=1170, Page.goto: Connection closed while reading from the driver
[ERROR] page_id=265 csp_id=1170, Page.goto: Connection closed while reading from the driver
[ERROR] page_id=266 csp_id=1170, Page.goto: Connection closed while reading from the driver
[ERROR] page_id=267 csp_id=1170, Page.goto: Connection closed while reading from the driver
[ERROR] page_id=268 csp_id=1170, Page.goto: Connection closed while reading from the driver
[ERROR] page_id=269 csp_id=1170, Page.goto: Connection closed while reading from the driver
[ERROR] page_id=270 csp_id=1170, Page.goto: Connection closed while reading from the driver
[ERROR] page_id=271 csp_id=1170, Page.goto: Connection closed while reading from the driver
pipe closed by peer or os.write(pipe, data) raised exception.
pipe closed by peer or os.write(pipe, data) raised exception.
pipe closed by peer or os.write(pipe, data) raised exception.
pipe closed by peer or os.write(pipe, data) raised exception.
pipe closed by peer or os.write(pipe, data) raised exception.
pipe closed by peer or os.write(pipe, data) raised exception.
pipe closed by peer or os.write(pipe, data) raised exception.
pipe closed by peer or os.write(pipe, data) raised exception.
pipe closed by peer or os.write(pipe, data) raised exception.
pipe closed by peer or os.write(pipe, data) raised exception.
pipe closed by peer or os.write(pipe, data) raised exception.
[ERROR] page_id=272 csp_id=1170, Page.goto: Connection closed while reading from the driver
[ERROR] page_id=273 csp_id=1170, Page.goto: Connection closed while reading from the driver
[ERROR] page_id=274 csp_id=1170, Page.goto: Connection closed while reading from the driver
[ERROR] page_id=275 csp_id=1170, Page.goto: Connection closed while reading from the driver
[ERROR] page_id=276 csp_id=1170, Page.goto: Connection closed while reading from the driver
[ERROR] page_id=277 csp_id=1170, Page.goto: Connection closed while reading from the driver
[ERROR] page_id=278 csp_id=1170, Page.goto: Connection closed while reading from the driver
[ERROR] page_id=279 csp_id=1170, Page.goto: Connection closed while reading from the driver
[ERROR] page_id=280 csp_id=1170, Page.goto: Connection closed while reading from the driver
[ERROR] page_id=281 csp_id=1170, Page.goto: Connection closed while reading from the driver
[ERROR] page_id=282 csp_id=1170, Page.goto: Connection closed while reading from the driver
[ERROR] page_id=283 csp_id=1170, Page.goto: Connection closed while reading from the driver
[ERROR] page_id=284 csp_id=1170, Page.goto: Connection closed while reading from the driver
[ERROR] page_id=285 csp_id=1170, Page.goto: Connection closed while reading from the driver
[ERROR] page_id=286 csp_id=1170, Page.goto: Connection closed while reading from the driver
[ERROR] page_id=287 csp_id=1170, Page.goto: Connection closed while reading from the driver
Testing: csp_id=1170, page_id=300, browser=Firefox
pipe closed by peer or os.write(pipe, data) raised exception.
pipe closed by peer or os.write(pipe, data) raised exception.
pipe closed by peer or os.write(pipe, data) raised exception.
pipe closed by peer or os.write(pipe, data) raised exception.
pipe closed by peer or os.write(pipe, data) raised exception.
pipe closed by peer or os.write(pipe, data) raised exception.
pipe closed by peer or os.write(pipe, data) raised exception.
pipe closed by peer or os.write(pipe, data) raised exception.
pipe closed by peer or os.write(pipe, data) raised exception.
pipe closed by peer or os.write(pipe, data) raised exception.
pipe closed by peer or os.write(pipe, data) raised exception.
pipe closed by peer or os.write(pipe, data) raised exception.
pipe closed by peer or os.write(pipe, data) raised exception.
pipe closed by peer or os.write(pipe, data) raised exception.
pipe closed by peer or os.write(pipe, data) raised exception.
pipe closed by peer or os.write(pipe, data) raised exception.
[ERROR] page_id=288 csp_id=1170, Page.goto: Connection closed while reading from the driver
[ERROR] page_id=289 csp_id=1170, Page.goto: Connection closed while reading from the driver
[ERROR] page_id=290 csp_id=1170, Page.goto: Connection closed while reading from the driver
[ERROR] page_id=291 csp_id=1170, Page.goto: Connection closed while reading from the driver
[ERROR] page_id=292 csp_id=1170, Page.goto: Connection closed while reading from the driver
[ERROR] page_id=293 csp_id=1170, Page.goto: Connection closed while reading from the driver
[ERROR] page_id=294 csp_id=1170, Page.goto: Connection closed while reading from the driver
[ERROR] page_id=295 csp_id=1170, Page.goto: Connection closed while reading from the driver
[ERROR] page_id=296 csp_id=1170, Page.goto: Connection closed while reading from the driver
[ERROR] page_id=297 csp_id=1170, Page.goto: Connection closed while reading from the driver
[ERROR] page_id=298 csp_id=1170, Page.goto: Connection closed while reading from the driver
[ERROR] page_id=299 csp_id=1170, Page.goto: Connection closed while reading from the driver
[ERROR] page_id=300 csp_id=1170, Page.goto: Connection closed while reading from the driver
[ERROR] page_id=301 csp_id=1170, Page.goto: Connection closed while reading from the driver
[ERROR] page_id=302 csp_id=1170, Page.goto: Connection closed while reading from the driver
[ERROR] page_id=303 csp_id=1170, Page.goto: Connection closed while reading from the driver
pipe closed by peer or os.write(pipe, data) raised exception.
pipe closed by peer or os.write(pipe, data) raised exception.
pipe closed by peer or os.write(pipe, data) raised exception.
pipe closed by peer or os.write(pipe, data) raised exception.
pipe closed by peer or os.write(pipe, data) raised exception.
pipe closed by peer or os.write(pipe, data) raised exception.
pipe closed by peer or os.write(pipe, data) raised exception.
pipe closed by peer or os.write(pipe, data) raised exception.
pipe closed by peer or os.write(pipe, data) raised exception.
pipe closed by peer or os.write(pipe, data) raised exception.
pipe closed by peer or os.write(pipe, data) raised exception.
pipe closed by peer or os.write(pipe, data) raised exception.
pipe closed by peer or os.write(pipe, data) raised exception.
pipe closed by peer or os.write(pipe, data) raised exception.
pipe closed by peer or os.write(pipe, data) raised exception.
pipe closed by peer or os.write(pipe, data) raised exception.
[ERROR] page_id=304 csp_id=1170, Page.goto: Connection closed while reading from the driver
[ERROR] page_id=305 csp_id=1170, Page.goto: Connection closed while reading from the driver
[ERROR] page_id=306 csp_id=1170, Page.goto: Connection closed while reading from the driver
[ERROR] page_id=307 csp_id=1170, Page.goto: Connection closed while reading from the driver
[ERROR] page_id=308 csp_id=1170, Page.goto: Connection closed while reading from the driver
[ERROR] page_id=309 csp_id=1170, Page.goto: Connection closed while reading from the driver
[ERROR] page_id=310 csp_id=1170, Page.goto: Connection closed while reading from the driver
[ERROR] page_id=311 csp_id=1170, Page.goto: Connection closed while reading from the driver
[ERROR] page_id=312 csp_id=1170, Page.goto: Connection closed while reading from the driver
[ERROR] page_id=313 csp_id=1170, Page.goto: Connection closed while reading from the driver
[ERROR] page_id=314 csp_id=1170, Page.goto: Connection closed while reading from the driver
[ERROR] page_id=315 csp_id=1170, Page.goto: Connection closed while reading from the driver
[ERROR] page_id=316 csp_id=1170, Page.goto: Connection closed while reading from the driver
[ERROR] page_id=317 csp_id=1170, Page.goto: Connection closed while reading from the driver
[ERROR] page_id=318 csp_id=1170, Page.goto: Connection closed while reading from the driver
[ERROR] page_id=319 csp_id=1170, Page.goto: Connection closed while reading from the driver
pipe closed by peer or os.write(pipe, data) raised exception.
pipe closed by peer or os.write(pipe, data) raised exception.
pipe closed by peer or os.write(pipe, data) raised exception.
pipe closed by peer or os.write(pipe, data) raised exception.
pipe closed by peer or os.write(pipe, data) raised exception.
pipe closed by peer or os.write(pipe, data) raised exception.
pipe closed by peer or os.write(pipe, data) raised exception.
pipe closed by peer or os.write(pipe, data) raised exception.
pipe closed by peer or os.write(pipe, data) raised exception.
pipe closed by peer or os.write(pipe, data) raised exception.
pipe closed by peer or os.write(pipe, data) raised exception.
pipe closed by peer or os.write(pipe, data) raised exception.
pipe closed by peer or os.write(pipe, data) raised exception.
pipe closed by peer or os.write(pipe, data) raised exception.
pipe closed by peer or os.write(pipe, data) raised exception.
pipe closed by peer or os.write(pipe, data) raised exception.
[ERROR] page_id=320 csp_id=1170, Page.goto: Connection closed while reading from the driver
[ERROR] page_id=321 csp_id=1170, Page.goto: Connection closed while reading from the driver
[ERROR] page_id=322 csp_id=1170, Page.goto: Connection closed while reading from the driver
[ERROR] page_id=323 csp_id=1170, Page.goto: Connection closed while reading from the driver
[ERROR] page_id=324 csp_id=1170, Page.goto: Connection closed while reading from the driver
[ERROR] page_id=325 csp_id=1170, Page.goto: Connection closed while reading from the driver
[ERROR] page_id=326 csp_id=1170, Page.goto: Connection closed while reading from the driver
[ERROR] page_id=327 csp_id=1170, Page.goto: Connection closed while reading from the driver
[ERROR] page_id=328 csp_id=1170, Page.goto: Connection closed while reading from the driver
[ERROR] page_id=329 csp_id=1170, Page.goto: Connection closed while reading from the driver
[ERROR] page_id=330 csp_id=1170, Page.goto: Connection closed while reading from the driver
[ERROR] page_id=331 csp_id=1170, Page.goto: Connection closed while reading from the driver
[ERROR] page_id=332 csp_id=1170, Page.goto: Connection closed while reading from the driver
[ERROR] page_id=333 csp_id=1170, Page.goto: Connection closed while reading from the driver
[ERROR] page_id=334 csp_id=1170, Page.goto: Connection closed while reading from the driver
[ERROR] page_id=335 csp_id=1170, Page.goto: Connection closed while reading from the driver
pipe closed by peer or os.write(pipe, data) raised exception.
pipe closed by peer or os.write(pipe, data) raised exception.
pipe closed by peer or os.write(pipe, data) raised exception.
pipe closed by peer or os.write(pipe, data) raised exception.
pipe closed by peer or os.write(pipe, data) raised exception.
pipe closed by peer or os.write(pipe, data) raised exception.
pipe closed by peer or os.write(pipe, data) raised exception.
pipe closed by peer or os.write(pipe, data) raised exception.
pipe closed by peer or os.write(pipe, data) raised exception.
pipe closed by peer or os.write(pipe, data) raised exception.
pipe closed by peer or os.write(pipe, data) raised exception.
pipe closed by peer or os.write(pipe, data) raised exception.
pipe closed by peer or os.write(pipe, data) raised exception.
pipe closed by peer or os.write(pipe, data) raised exception.
pipe closed by peer or os.write(pipe, data) raised exception.
pipe closed by peer or os.write(pipe, data) raised exception.
[ERROR] page_id=336 csp_id=1170, Page.goto: Connection closed while reading from the driver
[ERROR] page_id=337 csp_id=1170, Page.goto: Connection closed while reading from the driver
[ERROR] page_id=338 csp_id=1170, Page.goto: Connection closed while reading from the driver
[ERROR] page_id=339 csp_id=1170, Page.goto: Connection closed while reading from the driver
[ERROR] page_id=340 csp_id=1170, Page.goto: Connection closed while reading from the driver
[ERROR] page_id=341 csp_id=1170, Page.goto: Connection closed while reading from the driver
[ERROR] page_id=342 csp_id=1170, Page.goto: Connection closed while reading from the driver
[ERROR] page_id=343 csp_id=1170, Page.goto: Connection closed while reading from the driver
[ERROR] page_id=344 csp_id=1170, Page.goto: Connection closed while reading from the driver
[ERROR] page_id=345 csp_id=1170, Page.goto: Connection closed while reading from the driver
[ERROR] page_id=346 csp_id=1170, Page.goto: Connection closed while reading from the driver
[ERROR] page_id=347 csp_id=1170, Page.goto: Connection closed while reading from the driver
[ERROR] page_id=348 csp_id=1170, Page.goto: Connection closed while reading from the driver
[ERROR] page_id=349 csp_id=1170, Page.goto: Connection closed while reading from the driver
[ERROR] page_id=350 csp_id=1170, Page.goto: Connection closed while reading from the driver
[ERROR] page_id=351 csp_id=1170, Page.goto: Connection closed while reading from the driver
pipe closed by peer or os.write(pipe, data) raised exception.
pipe closed by peer or os.write(pipe, data) raised exception.
pipe closed by peer or os.write(pipe, data) raised exception.
pipe closed by peer or os.write(pipe, data) raised exception.
pipe closed by peer or os.write(pipe, data) raised exception.
pipe closed by peer or os.write(pipe, data) raised exception.
pipe closed by peer or os.write(pipe, data) raised exception.
pipe closed by peer or os.write(pipe, data) raised exception.
pipe closed by peer or os.write(pipe, data) raised exception.
pipe closed by peer or os.write(pipe, data) raised exception.
pipe closed by peer or os.write(pipe, data) raised exception.
pipe closed by peer or os.write(pipe, data) raised exception.
pipe closed by peer or os.write(pipe, data) raised exception.
pipe closed by peer or os.write(pipe, data) raised exception.
pipe closed by peer or os.write(pipe, data) raised exception.
pipe closed by peer or os.write(pipe, data) raised exception.
[ERROR] page_id=352 csp_id=1170, Page.goto: Connection closed while reading from the driver
[ERROR] page_id=353 csp_id=1170, Page.goto: Connection closed while reading from the driver
[ERROR] page_id=354 csp_id=1170, Page.goto: Connection closed while reading from the driver
[ERROR] page_id=355 csp_id=1170, Page.goto: Connection closed while reading from the driver
[ERROR] page_id=356 csp_id=1170, Page.goto: Connection closed while reading from the driver
[ERROR] page_id=357 csp_id=1170, Page.goto: Connection closed while reading from the driver
[ERROR] page_id=358 csp_id=1170, Page.goto: Connection closed while reading from the driver
[ERROR] page_id=359 csp_id=1170, Page.goto: Connection closed while reading from the driver
[ERROR] page_id=360 csp_id=1170, Page.goto: Connection closed while reading from the driver
[ERROR] page_id=361 csp_id=1170, Page.goto: Connection closed while reading from the driver
[ERROR] page_id=362 csp_id=1170, Page.goto: Connection closed while reading from the driver
[ERROR] page_id=363 csp_id=1170, Page.goto: Connection closed while reading from the driver
[ERROR] page_id=364 csp_id=1170, Page.goto: Connection closed while reading from the driver
[ERROR] page_id=365 csp_id=1170, Page.goto: Connection closed while reading from the driver
[ERROR] page_id=366 csp_id=1170, Page.goto: Connection closed while reading from the driver
[ERROR] page_id=367 csp_id=1170, Page.goto: Connection closed while reading from the driver
pipe closed by peer or os.write(pipe, data) raised exception.
pipe closed by peer or os.write(pipe, data) raised exception.
pipe closed by peer or os.write(pipe, data) raised exception.
pipe closed by peer or os.write(pipe, data) raised exception.
pipe closed by peer or os.write(pipe, data) raised exception.
pipe closed by peer or os.write(pipe, data) raised exception.
pipe closed by peer or os.write(pipe, data) raised exception.
pipe closed by peer or os.write(pipe, data) raised exception.
pipe closed by peer or os.write(pipe, data) raised exception.
pipe closed by peer or os.write(pipe, data) raised exception.
pipe closed by peer or os.write(pipe, data) raised exception.
pipe closed by peer or os.write(pipe, data) raised exception.
pipe closed by peer or os.write(pipe, data) raised exception.
pipe closed by peer or os.write(pipe, data) raised exception.
pipe closed by peer or os.write(pipe, data) raised exception.
pipe closed by peer or os.write(pipe, data) raised exception.
[ERROR] page_id=368 csp_id=1170, Page.goto: Connection closed while reading from the driver
[ERROR] page_id=369 csp_id=1170, Page.goto: Connection closed while reading from the driver
[ERROR] page_id=370 csp_id=1170, Page.goto: Connection closed while reading from the driver
[ERROR] page_id=371 csp_id=1170, Page.goto: Connection closed while reading from the driver
[ERROR] page_id=372 csp_id=1170, Page.goto: Connection closed while reading from the driver
[ERROR] page_id=373 csp_id=1170, Page.goto: Connection closed while reading from the driver
[ERROR] page_id=374 csp_id=1170, Page.goto: Connection closed while reading from the driver
[ERROR] page_id=375 csp_id=1170, Page.goto: Connection closed while reading from the driver
[ERROR] page_id=376 csp_id=1170, Page.goto: Connection closed while reading from the driver
[ERROR] page_id=377 csp_id=1170, Page.goto: Connection closed while reading from the driver
[ERROR] page_id=378 csp_id=1170, Page.goto: Connection closed while reading from the driver
[ERROR] page_id=379 csp_id=1170, Page.goto: Connection closed while reading from the driver
[ERROR] page_id=380 csp_id=1170, Page.goto: Connection closed while reading from the driver
[ERROR] page_id=381 csp_id=1170, Page.goto: Connection closed while reading from the driver
[ERROR] page_id=382 csp_id=1170, Page.goto: Connection closed while reading from the driver
[ERROR] page_id=383 csp_id=1170, Page.goto: Connection closed while reading from the driver
pipe closed by peer or os.write(pipe, data) raised exception.
pipe closed by peer or os.write(pipe, data) raised exception.
pipe closed by peer or os.write(pipe, data) raised exception.
pipe closed by peer or os.write(pipe, data) raised exception.
pipe closed by peer or os.write(pipe, data) raised exception.
pipe closed by peer or os.write(pipe, data) raised exception.
pipe closed by peer or os.write(pipe, data) raised exception.
pipe closed by peer or os.write(pipe, data) raised exception.
pipe closed by peer or os.write(pipe, data) raised exception.
pipe closed by peer or os.write(pipe, data) raised exception.
pipe closed by peer or os.write(pipe, data) raised exception.
pipe closed by peer or os.write(pipe, data) raised exception.
pipe closed by peer or os.write(pipe, data) raised exception.
pipe closed by peer or os.write(pipe, data) raised exception.
pipe closed by peer or os.write(pipe, data) raised exception.
pipe closed by peer or os.write(pipe, data) raised exception.
[ERROR] page_id=384 csp_id=1170, Page.goto: Connection closed while reading from the driver
[ERROR] page_id=385 csp_id=1170, Page.goto: Connection closed while reading from the driver
[ERROR] page_id=386 csp_id=1170, Page.goto: Connection closed while reading from the driver
[ERROR] page_id=387 csp_id=1170, Page.goto: Connection closed while reading from the driver
[ERROR] page_id=388 csp_id=1170, Page.goto: Connection closed while reading from the driver
[ERROR] page_id=389 csp_id=1170, Page.goto: Connection closed while reading from the driver
[ERROR] page_id=390 csp_id=1170, Page.goto: Connection closed while reading from the driver
[ERROR] page_id=391 csp_id=1170, Page.goto: Connection closed while reading from the driver
[ERROR] page_id=392 csp_id=1170, Page.goto: Connection closed while reading from the driver
[ERROR] page_id=393 csp_id=1170, Page.goto: Connection closed while reading from the driver
[ERROR] page_id=394 csp_id=1170, Page.goto: Connection closed while reading from the driver
[ERROR] page_id=395 csp_id=1170, Page.goto: Connection closed while reading from the driver
[ERROR] page_id=396 csp_id=1170, Page.goto: Connection closed while reading from the driver
[ERROR] page_id=397 csp_id=1170, Page.goto: Connection closed while reading from the driver
[ERROR] page_id=398 csp_id=1170, Page.goto: Connection closed while reading from the driver
[ERROR] page_id=399 csp_id=1170, Page.goto: Connection closed while reading from the driver
